[2026-04-26T23:08:15.831+0000] {processor.py:161} INFO - Started process (PID=86) to work on /home/airflow/.local/lib/python3.12/site-packages/airflow/example_dags/example_xcomargs.py
[2026-04-26T23:08:15.832+0000] {processor.py:830} INFO - Processing file /home/airflow/.local/lib/python3.12/site-packages/airflow/example_dags/example_xcomargs.py for tasks to queue
[2026-04-26T23:08:15.833+0000] {logging_mixin.py:188} INFO - [2026-04-26T23:08:15.832+0000] {dagbag.py:545} INFO - Filling up the DagBag from /home/airflow/.local/lib/python3.12/site-packages/airflow/example_dags/example_xcomargs.py
[2026-04-26T23:08:15.838+0000] {processor.py:840} INFO - DAG(s) 'example_xcom_args_with_operators', 'example_xcom_args' retrieved from /home/airflow/.local/lib/python3.12/site-packages/airflow/example_dags/example_xcomargs.py
[2026-04-26T23:08:15.845+0000] {logging_mixin.py:188} INFO - [2026-04-26T23:08:15.845+0000] {dag.py:3096} INFO - Sync 2 DAGs
[2026-04-26T23:08:15.854+0000] {logging_mixin.py:188} INFO - [2026-04-26T23:08:15.853+0000] {dag.py:3954} INFO - Setting next_dagrun for example_xcom_args to None, run_after=None
[2026-04-26T23:08:15.856+0000] {logging_mixin.py:188} INFO - [2026-04-26T23:08:15.856+0000] {dag.py:3954} INFO - Setting next_dagrun for example_xcom_args_with_operators to None, run_after=None
[2026-04-26T23:08:15.867+0000] {processor.py:183} INFO - Processing /home/airflow/.local/lib/python3.12/site-packages/airflow/example_dags/example_xcomargs.py took 0.040 seconds
[2026-04-26T23:08:47.223+0000] {processor.py:161} INFO - Started process (PID=144) to work on /home/airflow/.local/lib/python3.12/site-packages/airflow/example_dags/example_xcomargs.py
[2026-04-26T23:08:47.223+0000] {processor.py:830} INFO - Processing file /home/airflow/.local/lib/python3.12/site-packages/airflow/example_dags/example_xcomargs.py for tasks to queue
[2026-04-26T23:08:47.225+0000] {logging_mixin.py:188} INFO - [2026-04-26T23:08:47.224+0000] {dagbag.py:545} INFO - Filling up the DagBag from /home/airflow/.local/lib/python3.12/site-packages/airflow/example_dags/example_xcomargs.py
[2026-04-26T23:08:47.230+0000] {processor.py:840} INFO - DAG(s) 'example_xcom_args', 'example_xcom_args_with_operators' retrieved from /home/airflow/.local/lib/python3.12/site-packages/airflow/example_dags/example_xcomargs.py
[2026-04-26T23:08:47.295+0000] {logging_mixin.py:188} INFO - [2026-04-26T23:08:47.295+0000] {dag.py:3096} INFO - Sync 2 DAGs
[2026-04-26T23:08:47.302+0000] {logging_mixin.py:188} INFO - [2026-04-26T23:08:47.301+0000] {dag.py:3954} INFO - Setting next_dagrun for example_xcom_args to None, run_after=None
[2026-04-26T23:08:47.304+0000] {logging_mixin.py:188} INFO - [2026-04-26T23:08:47.303+0000] {dag.py:3954} INFO - Setting next_dagrun for example_xcom_args_with_operators to None, run_after=None
[2026-04-26T23:08:47.328+0000] {processor.py:183} INFO - Processing /home/airflow/.local/lib/python3.12/site-packages/airflow/example_dags/example_xcomargs.py took 0.109 seconds
[2026-04-26T23:09:17.382+0000] {processor.py:161} INFO - Started process (PID=202) to work on /home/airflow/.local/lib/python3.12/site-packages/airflow/example_dags/example_xcomargs.py
[2026-04-26T23:09:17.383+0000] {processor.py:830} INFO - Processing file /home/airflow/.local/lib/python3.12/site-packages/airflow/example_dags/example_xcomargs.py for tasks to queue
[2026-04-26T23:09:17.384+0000] {logging_mixin.py:188} INFO - [2026-04-26T23:09:17.384+0000] {dagbag.py:545} INFO - Filling up the DagBag from /home/airflow/.local/lib/python3.12/site-packages/airflow/example_dags/example_xcomargs.py
[2026-04-26T23:09:17.388+0000] {processor.py:840} INFO - DAG(s) 'example_xcom_args_with_operators', 'example_xcom_args' retrieved from /home/airflow/.local/lib/python3.12/site-packages/airflow/example_dags/example_xcomargs.py
[2026-04-26T23:09:17.401+0000] {logging_mixin.py:188} INFO - [2026-04-26T23:09:17.401+0000] {dag.py:3096} INFO - Sync 2 DAGs
[2026-04-26T23:09:17.408+0000] {logging_mixin.py:188} INFO - [2026-04-26T23:09:17.407+0000] {dag.py:3954} INFO - Setting next_dagrun for example_xcom_args to None, run_after=None
[2026-04-26T23:09:17.409+0000] {logging_mixin.py:188} INFO - [2026-04-26T23:09:17.409+0000] {dag.py:3954} INFO - Setting next_dagrun for example_xcom_args_with_operators to None, run_after=None
[2026-04-26T23:09:17.417+0000] {processor.py:183} INFO - Processing /home/airflow/.local/lib/python3.12/site-packages/airflow/example_dags/example_xcomargs.py took 0.038 seconds
[2026-04-26T23:09:48.185+0000] {processor.py:161} INFO - Started process (PID=266) to work on /home/airflow/.local/lib/python3.12/site-packages/airflow/example_dags/example_xcomargs.py
[2026-04-26T23:09:48.185+0000] {processor.py:830} INFO - Processing file /home/airflow/.local/lib/python3.12/site-packages/airflow/example_dags/example_xcomargs.py for tasks to queue
[2026-04-26T23:09:48.186+0000] {logging_mixin.py:188} INFO - [2026-04-26T23:09:48.186+0000] {dagbag.py:545} INFO - Filling up the DagBag from /home/airflow/.local/lib/python3.12/site-packages/airflow/example_dags/example_xcomargs.py
[2026-04-26T23:09:48.192+0000] {processor.py:840} INFO - DAG(s) 'example_xcom_args_with_operators', 'example_xcom_args' retrieved from /home/airflow/.local/lib/python3.12/site-packages/airflow/example_dags/example_xcomargs.py
[2026-04-26T23:09:48.208+0000] {logging_mixin.py:188} INFO - [2026-04-26T23:09:48.208+0000] {dag.py:3096} INFO - Sync 2 DAGs
[2026-04-26T23:09:48.217+0000] {logging_mixin.py:188} INFO - [2026-04-26T23:09:48.217+0000] {dag.py:3954} INFO - Setting next_dagrun for example_xcom_args to None, run_after=None
[2026-04-26T23:09:48.220+0000] {logging_mixin.py:188} INFO - [2026-04-26T23:09:48.219+0000] {dag.py:3954} INFO - Setting next_dagrun for example_xcom_args_with_operators to None, run_after=None
[2026-04-26T23:09:48.229+0000] {processor.py:183} INFO - Processing /home/airflow/.local/lib/python3.12/site-packages/airflow/example_dags/example_xcomargs.py took 0.049 seconds
[2026-04-26T23:10:19.040+0000] {processor.py:161} INFO - Started process (PID=324) to work on /home/airflow/.local/lib/python3.12/site-packages/airflow/example_dags/example_xcomargs.py
[2026-04-26T23:10:19.040+0000] {processor.py:830} INFO - Processing file /home/airflow/.local/lib/python3.12/site-packages/airflow/example_dags/example_xcomargs.py for tasks to queue
[2026-04-26T23:10:19.041+0000] {logging_mixin.py:188} INFO - [2026-04-26T23:10:19.041+0000] {dagbag.py:545} INFO - Filling up the DagBag from /home/airflow/.local/lib/python3.12/site-packages/airflow/example_dags/example_xcomargs.py
[2026-04-26T23:10:19.046+0000] {processor.py:840} INFO - DAG(s) 'example_xcom_args', 'example_xcom_args_with_operators' retrieved from /home/airflow/.local/lib/python3.12/site-packages/airflow/example_dags/example_xcomargs.py
[2026-04-26T23:10:19.059+0000] {logging_mixin.py:188} INFO - [2026-04-26T23:10:19.058+0000] {dag.py:3096} INFO - Sync 2 DAGs
[2026-04-26T23:10:19.065+0000] {logging_mixin.py:188} INFO - [2026-04-26T23:10:19.065+0000] {dag.py:3954} INFO - Setting next_dagrun for example_xcom_args to None, run_after=None
[2026-04-26T23:10:19.068+0000] {logging_mixin.py:188} INFO - [2026-04-26T23:10:19.067+0000] {dag.py:3954} INFO - Setting next_dagrun for example_xcom_args_with_operators to None, run_after=None
[2026-04-26T23:10:19.076+0000] {processor.py:183} INFO - Processing /home/airflow/.local/lib/python3.12/site-packages/airflow/example_dags/example_xcomargs.py took 0.039 seconds
[2026-04-26T23:10:49.145+0000] {processor.py:161} INFO - Started process (PID=382) to work on /home/airflow/.local/lib/python3.12/site-packages/airflow/example_dags/example_xcomargs.py
[2026-04-26T23:10:49.146+0000] {processor.py:830} INFO - Processing file /home/airflow/.local/lib/python3.12/site-packages/airflow/example_dags/example_xcomargs.py for tasks to queue
[2026-04-26T23:10:49.147+0000] {logging_mixin.py:188} INFO - [2026-04-26T23:10:49.147+0000] {dagbag.py:545} INFO - Filling up the DagBag from /home/airflow/.local/lib/python3.12/site-packages/airflow/example_dags/example_xcomargs.py
[2026-04-26T23:10:49.152+0000] {processor.py:840} INFO - DAG(s) 'example_xcom_args_with_operators', 'example_xcom_args' retrieved from /home/airflow/.local/lib/python3.12/site-packages/airflow/example_dags/example_xcomargs.py
[2026-04-26T23:10:49.164+0000] {logging_mixin.py:188} INFO - [2026-04-26T23:10:49.164+0000] {dag.py:3096} INFO - Sync 2 DAGs
[2026-04-26T23:10:49.171+0000] {logging_mixin.py:188} INFO - [2026-04-26T23:10:49.171+0000] {dag.py:3954} INFO - Setting next_dagrun for example_xcom_args to None, run_after=None
[2026-04-26T23:10:49.172+0000] {logging_mixin.py:188} INFO - [2026-04-26T23:10:49.172+0000] {dag.py:3954} INFO - Setting next_dagrun for example_xcom_args_with_operators to None, run_after=None
[2026-04-26T23:10:49.180+0000] {processor.py:183} INFO - Processing /home/airflow/.local/lib/python3.12/site-packages/airflow/example_dags/example_xcomargs.py took 0.038 seconds
[2026-04-26T23:11:19.930+0000] {processor.py:161} INFO - Started process (PID=440) to work on /home/airflow/.local/lib/python3.12/site-packages/airflow/example_dags/example_xcomargs.py
[2026-04-26T23:11:19.930+0000] {processor.py:830} INFO - Processing file /home/airflow/.local/lib/python3.12/site-packages/airflow/example_dags/example_xcomargs.py for tasks to queue
[2026-04-26T23:11:19.931+0000] {logging_mixin.py:188} INFO - [2026-04-26T23:11:19.931+0000] {dagbag.py:545} INFO - Filling up the DagBag from /home/airflow/.local/lib/python3.12/site-packages/airflow/example_dags/example_xcomargs.py
[2026-04-26T23:11:19.936+0000] {processor.py:840} INFO - DAG(s) 'example_xcom_args_with_operators', 'example_xcom_args' retrieved from /home/airflow/.local/lib/python3.12/site-packages/airflow/example_dags/example_xcomargs.py
[2026-04-26T23:11:19.950+0000] {logging_mixin.py:188} INFO - [2026-04-26T23:11:19.950+0000] {dag.py:3096} INFO - Sync 2 DAGs
[2026-04-26T23:11:19.957+0000] {logging_mixin.py:188} INFO - [2026-04-26T23:11:19.957+0000] {dag.py:3954} INFO - Setting next_dagrun for example_xcom_args to None, run_after=None
[2026-04-26T23:11:19.959+0000] {logging_mixin.py:188} INFO - [2026-04-26T23:11:19.959+0000] {dag.py:3954} INFO - Setting next_dagrun for example_xcom_args_with_operators to None, run_after=None
[2026-04-26T23:11:19.967+0000] {processor.py:183} INFO - Processing /home/airflow/.local/lib/python3.12/site-packages/airflow/example_dags/example_xcomargs.py took 0.041 seconds
[2026-04-26T23:11:50.747+0000] {processor.py:161} INFO - Started process (PID=498) to work on /home/airflow/.local/lib/python3.12/site-packages/airflow/example_dags/example_xcomargs.py
[2026-04-26T23:11:50.747+0000] {processor.py:830} INFO - Processing file /home/airflow/.local/lib/python3.12/site-packages/airflow/example_dags/example_xcomargs.py for tasks to queue
[2026-04-26T23:11:50.748+0000] {logging_mixin.py:188} INFO - [2026-04-26T23:11:50.748+0000] {dagbag.py:545} INFO - Filling up the DagBag from /home/airflow/.local/lib/python3.12/site-packages/airflow/example_dags/example_xcomargs.py
[2026-04-26T23:11:50.754+0000] {processor.py:840} INFO - DAG(s) 'example_xcom_args', 'example_xcom_args_with_operators' retrieved from /home/airflow/.local/lib/python3.12/site-packages/airflow/example_dags/example_xcomargs.py
[2026-04-26T23:11:50.767+0000] {logging_mixin.py:188} INFO - [2026-04-26T23:11:50.767+0000] {dag.py:3096} INFO - Sync 2 DAGs
[2026-04-26T23:11:50.776+0000] {logging_mixin.py:188} INFO - [2026-04-26T23:11:50.776+0000] {dag.py:3954} INFO - Setting next_dagrun for example_xcom_args to None, run_after=None
[2026-04-26T23:11:50.779+0000] {logging_mixin.py:188} INFO - [2026-04-26T23:11:50.778+0000] {dag.py:3954} INFO - Setting next_dagrun for example_xcom_args_with_operators to None, run_after=None
[2026-04-26T23:11:50.790+0000] {processor.py:183} INFO - Processing /home/airflow/.local/lib/python3.12/site-packages/airflow/example_dags/example_xcomargs.py took 0.047 seconds
[2026-04-26T23:12:21.539+0000] {processor.py:161} INFO - Started process (PID=556) to work on /home/airflow/.local/lib/python3.12/site-packages/airflow/example_dags/example_xcomargs.py
[2026-04-26T23:12:21.539+0000] {processor.py:830} INFO - Processing file /home/airflow/.local/lib/python3.12/site-packages/airflow/example_dags/example_xcomargs.py for tasks to queue
[2026-04-26T23:12:21.540+0000] {logging_mixin.py:188} INFO - [2026-04-26T23:12:21.540+0000] {dagbag.py:545} INFO - Filling up the DagBag from /home/airflow/.local/lib/python3.12/site-packages/airflow/example_dags/example_xcomargs.py
[2026-04-26T23:12:21.546+0000] {processor.py:840} INFO - DAG(s) 'example_xcom_args_with_operators', 'example_xcom_args' retrieved from /home/airflow/.local/lib/python3.12/site-packages/airflow/example_dags/example_xcomargs.py
[2026-04-26T23:12:21.558+0000] {logging_mixin.py:188} INFO - [2026-04-26T23:12:21.558+0000] {dag.py:3096} INFO - Sync 2 DAGs
[2026-04-26T23:12:21.566+0000] {logging_mixin.py:188} INFO - [2026-04-26T23:12:21.566+0000] {dag.py:3954} INFO - Setting next_dagrun for example_xcom_args to None, run_after=None
[2026-04-26T23:12:21.568+0000] {logging_mixin.py:188} INFO - [2026-04-26T23:12:21.568+0000] {dag.py:3954} INFO - Setting next_dagrun for example_xcom_args_with_operators to None, run_after=None
[2026-04-26T23:12:21.576+0000] {processor.py:183} INFO - Processing /home/airflow/.local/lib/python3.12/site-packages/airflow/example_dags/example_xcomargs.py took 0.041 seconds
[2026-04-26T23:12:52.473+0000] {processor.py:161} INFO - Started process (PID=614) to work on /home/airflow/.local/lib/python3.12/site-packages/airflow/example_dags/example_xcomargs.py
[2026-04-26T23:12:52.473+0000] {processor.py:830} INFO - Processing file /home/airflow/.local/lib/python3.12/site-packages/airflow/example_dags/example_xcomargs.py for tasks to queue
[2026-04-26T23:12:52.474+0000] {logging_mixin.py:188} INFO - [2026-04-26T23:12:52.474+0000] {dagbag.py:545} INFO - Filling up the DagBag from /home/airflow/.local/lib/python3.12/site-packages/airflow/example_dags/example_xcomargs.py
[2026-04-26T23:12:52.480+0000] {processor.py:840} INFO - DAG(s) 'example_xcom_args_with_operators', 'example_xcom_args' retrieved from /home/airflow/.local/lib/python3.12/site-packages/airflow/example_dags/example_xcomargs.py
[2026-04-26T23:12:52.494+0000] {logging_mixin.py:188} INFO - [2026-04-26T23:12:52.494+0000] {dag.py:3096} INFO - Sync 2 DAGs
[2026-04-26T23:12:52.503+0000] {logging_mixin.py:188} INFO - [2026-04-26T23:12:52.502+0000] {dag.py:3954} INFO - Setting next_dagrun for example_xcom_args to None, run_after=None
[2026-04-26T23:12:52.505+0000] {logging_mixin.py:188} INFO - [2026-04-26T23:12:52.505+0000] {dag.py:3954} INFO - Setting next_dagrun for example_xcom_args_with_operators to None, run_after=None
[2026-04-26T23:12:52.516+0000] {processor.py:183} INFO - Processing /home/airflow/.local/lib/python3.12/site-packages/airflow/example_dags/example_xcomargs.py took 0.047 seconds
[2026-04-26T23:13:22.641+0000] {processor.py:161} INFO - Started process (PID=672) to work on /home/airflow/.local/lib/python3.12/site-packages/airflow/example_dags/example_xcomargs.py
[2026-04-26T23:13:22.642+0000] {processor.py:830} INFO - Processing file /home/airflow/.local/lib/python3.12/site-packages/airflow/example_dags/example_xcomargs.py for tasks to queue
[2026-04-26T23:13:22.643+0000] {logging_mixin.py:188} INFO - [2026-04-26T23:13:22.643+0000] {dagbag.py:545} INFO - Filling up the DagBag from /home/airflow/.local/lib/python3.12/site-packages/airflow/example_dags/example_xcomargs.py
[2026-04-26T23:13:22.647+0000] {processor.py:840} INFO - DAG(s) 'example_xcom_args_with_operators', 'example_xcom_args' retrieved from /home/airflow/.local/lib/python3.12/site-packages/airflow/example_dags/example_xcomargs.py
[2026-04-26T23:13:22.660+0000] {logging_mixin.py:188} INFO - [2026-04-26T23:13:22.660+0000] {dag.py:3096} INFO - Sync 2 DAGs
[2026-04-26T23:13:22.668+0000] {logging_mixin.py:188} INFO - [2026-04-26T23:13:22.668+0000] {dag.py:3954} INFO - Setting next_dagrun for example_xcom_args to None, run_after=None
[2026-04-26T23:13:22.670+0000] {logging_mixin.py:188} INFO - [2026-04-26T23:13:22.670+0000] {dag.py:3954} INFO - Setting next_dagrun for example_xcom_args_with_operators to None, run_after=None
[2026-04-26T23:13:22.679+0000] {processor.py:183} INFO - Processing /home/airflow/.local/lib/python3.12/site-packages/airflow/example_dags/example_xcomargs.py took 0.041 seconds
[2026-04-26T23:13:52.717+0000] {processor.py:161} INFO - Started process (PID=730) to work on /home/airflow/.local/lib/python3.12/site-packages/airflow/example_dags/example_xcomargs.py
[2026-04-26T23:13:52.718+0000] {processor.py:830} INFO - Processing file /home/airflow/.local/lib/python3.12/site-packages/airflow/example_dags/example_xcomargs.py for tasks to queue
[2026-04-26T23:13:52.719+0000] {logging_mixin.py:188} INFO - [2026-04-26T23:13:52.718+0000] {dagbag.py:545} INFO - Filling up the DagBag from /home/airflow/.local/lib/python3.12/site-packages/airflow/example_dags/example_xcomargs.py
[2026-04-26T23:13:52.723+0000] {processor.py:840} INFO - DAG(s) 'example_xcom_args', 'example_xcom_args_with_operators' retrieved from /home/airflow/.local/lib/python3.12/site-packages/airflow/example_dags/example_xcomargs.py
[2026-04-26T23:13:52.736+0000] {logging_mixin.py:188} INFO - [2026-04-26T23:13:52.736+0000] {dag.py:3096} INFO - Sync 2 DAGs
[2026-04-26T23:13:52.743+0000] {logging_mixin.py:188} INFO - [2026-04-26T23:13:52.743+0000] {dag.py:3954} INFO - Setting next_dagrun for example_xcom_args to None, run_after=None
[2026-04-26T23:13:52.745+0000] {logging_mixin.py:188} INFO - [2026-04-26T23:13:52.745+0000] {dag.py:3954} INFO - Setting next_dagrun for example_xcom_args_with_operators to None, run_after=None
[2026-04-26T23:13:52.754+0000] {processor.py:183} INFO - Processing /home/airflow/.local/lib/python3.12/site-packages/airflow/example_dags/example_xcomargs.py took 0.040 seconds
[2026-04-26T23:14:23.339+0000] {processor.py:161} INFO - Started process (PID=788) to work on /home/airflow/.local/lib/python3.12/site-packages/airflow/example_dags/example_xcomargs.py
[2026-04-26T23:14:23.340+0000] {processor.py:830} INFO - Processing file /home/airflow/.local/lib/python3.12/site-packages/airflow/example_dags/example_xcomargs.py for tasks to queue
[2026-04-26T23:14:23.341+0000] {logging_mixin.py:188} INFO - [2026-04-26T23:14:23.341+0000] {dagbag.py:545} INFO - Filling up the DagBag from /home/airflow/.local/lib/python3.12/site-packages/airflow/example_dags/example_xcomargs.py
[2026-04-26T23:14:23.346+0000] {processor.py:840} INFO - DAG(s) 'example_xcom_args', 'example_xcom_args_with_operators' retrieved from /home/airflow/.local/lib/python3.12/site-packages/airflow/example_dags/example_xcomargs.py
[2026-04-26T23:14:23.360+0000] {logging_mixin.py:188} INFO - [2026-04-26T23:14:23.360+0000] {dag.py:3096} INFO - Sync 2 DAGs
[2026-04-26T23:14:23.367+0000] {logging_mixin.py:188} INFO - [2026-04-26T23:14:23.367+0000] {dag.py:3954} INFO - Setting next_dagrun for example_xcom_args to None, run_after=None
[2026-04-26T23:14:23.369+0000] {logging_mixin.py:188} INFO - [2026-04-26T23:14:23.369+0000] {dag.py:3954} INFO - Setting next_dagrun for example_xcom_args_with_operators to None, run_after=None
[2026-04-26T23:14:23.379+0000] {processor.py:183} INFO - Processing /home/airflow/.local/lib/python3.12/site-packages/airflow/example_dags/example_xcomargs.py took 0.043 seconds
[2026-04-26T23:14:54.154+0000] {processor.py:161} INFO - Started process (PID=846) to work on /home/airflow/.local/lib/python3.12/site-packages/airflow/example_dags/example_xcomargs.py
[2026-04-26T23:14:54.155+0000] {processor.py:830} INFO - Processing file /home/airflow/.local/lib/python3.12/site-packages/airflow/example_dags/example_xcomargs.py for tasks to queue
[2026-04-26T23:14:54.156+0000] {logging_mixin.py:188} INFO - [2026-04-26T23:14:54.156+0000] {dagbag.py:545} INFO - Filling up the DagBag from /home/airflow/.local/lib/python3.12/site-packages/airflow/example_dags/example_xcomargs.py
[2026-04-26T23:14:54.161+0000] {processor.py:840} INFO - DAG(s) 'example_xcom_args_with_operators', 'example_xcom_args' retrieved from /home/airflow/.local/lib/python3.12/site-packages/airflow/example_dags/example_xcomargs.py
[2026-04-26T23:14:54.173+0000] {logging_mixin.py:188} INFO - [2026-04-26T23:14:54.173+0000] {dag.py:3096} INFO - Sync 2 DAGs
[2026-04-26T23:14:54.180+0000] {logging_mixin.py:188} INFO - [2026-04-26T23:14:54.180+0000] {dag.py:3954} INFO - Setting next_dagrun for example_xcom_args to None, run_after=None
[2026-04-26T23:14:54.182+0000] {logging_mixin.py:188} INFO - [2026-04-26T23:14:54.182+0000] {dag.py:3954} INFO - Setting next_dagrun for example_xcom_args_with_operators to None, run_after=None
[2026-04-26T23:14:54.189+0000] {processor.py:183} INFO - Processing /home/airflow/.local/lib/python3.12/site-packages/airflow/example_dags/example_xcomargs.py took 0.038 seconds
[2026-04-26T23:15:24.456+0000] {processor.py:161} INFO - Started process (PID=904) to work on /home/airflow/.local/lib/python3.12/site-packages/airflow/example_dags/example_xcomargs.py
[2026-04-26T23:15:24.457+0000] {processor.py:830} INFO - Processing file /home/airflow/.local/lib/python3.12/site-packages/airflow/example_dags/example_xcomargs.py for tasks to queue
[2026-04-26T23:15:24.458+0000] {logging_mixin.py:188} INFO - [2026-04-26T23:15:24.458+0000] {dagbag.py:545} INFO - Filling up the DagBag from /home/airflow/.local/lib/python3.12/site-packages/airflow/example_dags/example_xcomargs.py
[2026-04-26T23:15:24.463+0000] {processor.py:840} INFO - DAG(s) 'example_xcom_args_with_operators', 'example_xcom_args' retrieved from /home/airflow/.local/lib/python3.12/site-packages/airflow/example_dags/example_xcomargs.py
[2026-04-26T23:15:24.476+0000] {logging_mixin.py:188} INFO - [2026-04-26T23:15:24.476+0000] {dag.py:3096} INFO - Sync 2 DAGs
[2026-04-26T23:15:24.483+0000] {logging_mixin.py:188} INFO - [2026-04-26T23:15:24.483+0000] {dag.py:3954} INFO - Setting next_dagrun for example_xcom_args to None, run_after=None
[2026-04-26T23:15:24.485+0000] {logging_mixin.py:188} INFO - [2026-04-26T23:15:24.485+0000] {dag.py:3954} INFO - Setting next_dagrun for example_xcom_args_with_operators to None, run_after=None
[2026-04-26T23:15:24.493+0000] {processor.py:183} INFO - Processing /home/airflow/.local/lib/python3.12/site-packages/airflow/example_dags/example_xcomargs.py took 0.041 seconds
[2026-04-26T23:15:55.512+0000] {processor.py:161} INFO - Started process (PID=962) to work on /home/airflow/.local/lib/python3.12/site-packages/airflow/example_dags/example_xcomargs.py
[2026-04-26T23:15:55.512+0000] {processor.py:830} INFO - Processing file /home/airflow/.local/lib/python3.12/site-packages/airflow/example_dags/example_xcomargs.py for tasks to queue
[2026-04-26T23:15:55.513+0000] {logging_mixin.py:188} INFO - [2026-04-26T23:15:55.513+0000] {dagbag.py:545} INFO - Filling up the DagBag from /home/airflow/.local/lib/python3.12/site-packages/airflow/example_dags/example_xcomargs.py
[2026-04-26T23:15:55.519+0000] {processor.py:840} INFO - DAG(s) 'example_xcom_args_with_operators', 'example_xcom_args' retrieved from /home/airflow/.local/lib/python3.12/site-packages/airflow/example_dags/example_xcomargs.py
[2026-04-26T23:15:55.533+0000] {logging_mixin.py:188} INFO - [2026-04-26T23:15:55.533+0000] {dag.py:3096} INFO - Sync 2 DAGs
[2026-04-26T23:15:55.540+0000] {logging_mixin.py:188} INFO - [2026-04-26T23:15:55.540+0000] {dag.py:3954} INFO - Setting next_dagrun for example_xcom_args to None, run_after=None
[2026-04-26T23:15:55.542+0000] {logging_mixin.py:188} INFO - [2026-04-26T23:15:55.542+0000] {dag.py:3954} INFO - Setting next_dagrun for example_xcom_args_with_operators to None, run_after=None
[2026-04-26T23:15:55.550+0000] {processor.py:183} INFO - Processing /home/airflow/.local/lib/python3.12/site-packages/airflow/example_dags/example_xcomargs.py took 0.042 seconds
[2026-04-26T23:16:25.750+0000] {processor.py:161} INFO - Started process (PID=1020) to work on /home/airflow/.local/lib/python3.12/site-packages/airflow/example_dags/example_xcomargs.py
[2026-04-26T23:16:25.751+0000] {processor.py:830} INFO - Processing file /home/airflow/.local/lib/python3.12/site-packages/airflow/example_dags/example_xcomargs.py for tasks to queue
[2026-04-26T23:16:25.752+0000] {logging_mixin.py:188} INFO - [2026-04-26T23:16:25.752+0000] {dagbag.py:545} INFO - Filling up the DagBag from /home/airflow/.local/lib/python3.12/site-packages/airflow/example_dags/example_xcomargs.py
[2026-04-26T23:16:25.756+0000] {processor.py:840} INFO - DAG(s) 'example_xcom_args_with_operators', 'example_xcom_args' retrieved from /home/airflow/.local/lib/python3.12/site-packages/airflow/example_dags/example_xcomargs.py
[2026-04-26T23:16:25.768+0000] {logging_mixin.py:188} INFO - [2026-04-26T23:16:25.768+0000] {dag.py:3096} INFO - Sync 2 DAGs
[2026-04-26T23:16:25.776+0000] {logging_mixin.py:188} INFO - [2026-04-26T23:16:25.775+0000] {dag.py:3954} INFO - Setting next_dagrun for example_xcom_args to None, run_after=None
[2026-04-26T23:16:25.777+0000] {logging_mixin.py:188} INFO - [2026-04-26T23:16:25.777+0000] {dag.py:3954} INFO - Setting next_dagrun for example_xcom_args_with_operators to None, run_after=None
[2026-04-26T23:16:25.785+0000] {processor.py:183} INFO - Processing /home/airflow/.local/lib/python3.12/site-packages/airflow/example_dags/example_xcomargs.py took 0.037 seconds
[2026-04-26T23:16:55.998+0000] {processor.py:161} INFO - Started process (PID=1078) to work on /home/airflow/.local/lib/python3.12/site-packages/airflow/example_dags/example_xcomargs.py
[2026-04-26T23:16:55.998+0000] {processor.py:830} INFO - Processing file /home/airflow/.local/lib/python3.12/site-packages/airflow/example_dags/example_xcomargs.py for tasks to queue
[2026-04-26T23:16:55.999+0000] {logging_mixin.py:188} INFO - [2026-04-26T23:16:55.999+0000] {dagbag.py:545} INFO - Filling up the DagBag from /home/airflow/.local/lib/python3.12/site-packages/airflow/example_dags/example_xcomargs.py
[2026-04-26T23:16:56.004+0000] {processor.py:840} INFO - DAG(s) 'example_xcom_args', 'example_xcom_args_with_operators' retrieved from /home/airflow/.local/lib/python3.12/site-packages/airflow/example_dags/example_xcomargs.py
[2026-04-26T23:16:56.016+0000] {logging_mixin.py:188} INFO - [2026-04-26T23:16:56.016+0000] {dag.py:3096} INFO - Sync 2 DAGs
[2026-04-26T23:16:56.023+0000] {logging_mixin.py:188} INFO - [2026-04-26T23:16:56.023+0000] {dag.py:3954} INFO - Setting next_dagrun for example_xcom_args to None, run_after=None
[2026-04-26T23:16:56.025+0000] {logging_mixin.py:188} INFO - [2026-04-26T23:16:56.025+0000] {dag.py:3954} INFO - Setting next_dagrun for example_xcom_args_with_operators to None, run_after=None
[2026-04-26T23:16:56.032+0000] {processor.py:183} INFO - Processing /home/airflow/.local/lib/python3.12/site-packages/airflow/example_dags/example_xcomargs.py took 0.038 seconds
[2026-04-26T23:17:26.328+0000] {processor.py:161} INFO - Started process (PID=1136) to work on /home/airflow/.local/lib/python3.12/site-packages/airflow/example_dags/example_xcomargs.py
[2026-04-26T23:17:26.329+0000] {processor.py:830} INFO - Processing file /home/airflow/.local/lib/python3.12/site-packages/airflow/example_dags/example_xcomargs.py for tasks to queue
[2026-04-26T23:17:26.330+0000] {logging_mixin.py:188} INFO - [2026-04-26T23:17:26.330+0000] {dagbag.py:545} INFO - Filling up the DagBag from /home/airflow/.local/lib/python3.12/site-packages/airflow/example_dags/example_xcomargs.py
[2026-04-26T23:17:26.336+0000] {processor.py:840} INFO - DAG(s) 'example_xcom_args_with_operators', 'example_xcom_args' retrieved from /home/airflow/.local/lib/python3.12/site-packages/airflow/example_dags/example_xcomargs.py
[2026-04-26T23:17:26.351+0000] {logging_mixin.py:188} INFO - [2026-04-26T23:17:26.351+0000] {dag.py:3096} INFO - Sync 2 DAGs
[2026-04-26T23:17:26.360+0000] {logging_mixin.py:188} INFO - [2026-04-26T23:17:26.360+0000] {dag.py:3954} INFO - Setting next_dagrun for example_xcom_args to None, run_after=None
[2026-04-26T23:17:26.362+0000] {logging_mixin.py:188} INFO - [2026-04-26T23:17:26.362+0000] {dag.py:3954} INFO - Setting next_dagrun for example_xcom_args_with_operators to None, run_after=None
[2026-04-26T23:17:26.372+0000] {processor.py:183} INFO - Processing /home/airflow/.local/lib/python3.12/site-packages/airflow/example_dags/example_xcomargs.py took 0.048 seconds
[2026-04-26T23:17:56.635+0000] {processor.py:161} INFO - Started process (PID=1194) to work on /home/airflow/.local/lib/python3.12/site-packages/airflow/example_dags/example_xcomargs.py
[2026-04-26T23:17:56.636+0000] {processor.py:830} INFO - Processing file /home/airflow/.local/lib/python3.12/site-packages/airflow/example_dags/example_xcomargs.py for tasks to queue
[2026-04-26T23:17:56.637+0000] {logging_mixin.py:188} INFO - [2026-04-26T23:17:56.637+0000] {dagbag.py:545} INFO - Filling up the DagBag from /home/airflow/.local/lib/python3.12/site-packages/airflow/example_dags/example_xcomargs.py
[2026-04-26T23:17:56.642+0000] {processor.py:840} INFO - DAG(s) 'example_xcom_args_with_operators', 'example_xcom_args' retrieved from /home/airflow/.local/lib/python3.12/site-packages/airflow/example_dags/example_xcomargs.py
[2026-04-26T23:17:56.655+0000] {logging_mixin.py:188} INFO - [2026-04-26T23:17:56.655+0000] {dag.py:3096} INFO - Sync 2 DAGs
[2026-04-26T23:17:56.662+0000] {logging_mixin.py:188} INFO - [2026-04-26T23:17:56.662+0000] {dag.py:3954} INFO - Setting next_dagrun for example_xcom_args to None, run_after=None
[2026-04-26T23:17:56.665+0000] {logging_mixin.py:188} INFO - [2026-04-26T23:17:56.664+0000] {dag.py:3954} INFO - Setting next_dagrun for example_xcom_args_with_operators to None, run_after=None
[2026-04-26T23:17:56.673+0000] {processor.py:183} INFO - Processing /home/airflow/.local/lib/python3.12/site-packages/airflow/example_dags/example_xcomargs.py took 0.041 seconds
[2026-04-26T23:18:26.705+0000] {processor.py:161} INFO - Started process (PID=1253) to work on /home/airflow/.local/lib/python3.12/site-packages/airflow/example_dags/example_xcomargs.py
[2026-04-26T23:18:26.706+0000] {processor.py:830} INFO - Processing file /home/airflow/.local/lib/python3.12/site-packages/airflow/example_dags/example_xcomargs.py for tasks to queue
[2026-04-26T23:18:26.707+0000] {logging_mixin.py:188} INFO - [2026-04-26T23:18:26.706+0000] {dagbag.py:545} INFO - Filling up the DagBag from /home/airflow/.local/lib/python3.12/site-packages/airflow/example_dags/example_xcomargs.py
[2026-04-26T23:18:26.711+0000] {processor.py:840} INFO - DAG(s) 'example_xcom_args_with_operators', 'example_xcom_args' retrieved from /home/airflow/.local/lib/python3.12/site-packages/airflow/example_dags/example_xcomargs.py
[2026-04-26T23:18:26.724+0000] {logging_mixin.py:188} INFO - [2026-04-26T23:18:26.724+0000] {dag.py:3096} INFO - Sync 2 DAGs
[2026-04-26T23:18:26.731+0000] {logging_mixin.py:188} INFO - [2026-04-26T23:18:26.731+0000] {dag.py:3954} INFO - Setting next_dagrun for example_xcom_args to None, run_after=None
[2026-04-26T23:18:26.733+0000] {logging_mixin.py:188} INFO - [2026-04-26T23:18:26.733+0000] {dag.py:3954} INFO - Setting next_dagrun for example_xcom_args_with_operators to None, run_after=None
[2026-04-26T23:18:26.741+0000] {processor.py:183} INFO - Processing /home/airflow/.local/lib/python3.12/site-packages/airflow/example_dags/example_xcomargs.py took 0.039 seconds
[2026-04-26T23:18:56.941+0000] {processor.py:161} INFO - Started process (PID=1311) to work on /home/airflow/.local/lib/python3.12/site-packages/airflow/example_dags/example_xcomargs.py
[2026-04-26T23:18:56.942+0000] {processor.py:830} INFO - Processing file /home/airflow/.local/lib/python3.12/site-packages/airflow/example_dags/example_xcomargs.py for tasks to queue
[2026-04-26T23:18:56.943+0000] {logging_mixin.py:188} INFO - [2026-04-26T23:18:56.943+0000] {dagbag.py:545} INFO - Filling up the DagBag from /home/airflow/.local/lib/python3.12/site-packages/airflow/example_dags/example_xcomargs.py
[2026-04-26T23:18:56.947+0000] {processor.py:840} INFO - DAG(s) 'example_xcom_args', 'example_xcom_args_with_operators' retrieved from /home/airflow/.local/lib/python3.12/site-packages/airflow/example_dags/example_xcomargs.py
[2026-04-26T23:18:56.959+0000] {logging_mixin.py:188} INFO - [2026-04-26T23:18:56.959+0000] {dag.py:3096} INFO - Sync 2 DAGs
[2026-04-26T23:18:56.966+0000] {logging_mixin.py:188} INFO - [2026-04-26T23:18:56.966+0000] {dag.py:3954} INFO - Setting next_dagrun for example_xcom_args to None, run_after=None
[2026-04-26T23:18:56.968+0000] {logging_mixin.py:188} INFO - [2026-04-26T23:18:56.968+0000] {dag.py:3954} INFO - Setting next_dagrun for example_xcom_args_with_operators to None, run_after=None
[2026-04-26T23:18:56.975+0000] {processor.py:183} INFO - Processing /home/airflow/.local/lib/python3.12/site-packages/airflow/example_dags/example_xcomargs.py took 0.037 seconds
[2026-04-26T23:19:27.197+0000] {processor.py:161} INFO - Started process (PID=1370) to work on /home/airflow/.local/lib/python3.12/site-packages/airflow/example_dags/example_xcomargs.py
[2026-04-26T23:19:27.197+0000] {processor.py:830} INFO - Processing file /home/airflow/.local/lib/python3.12/site-packages/airflow/example_dags/example_xcomargs.py for tasks to queue
[2026-04-26T23:19:27.198+0000] {logging_mixin.py:188} INFO - [2026-04-26T23:19:27.198+0000] {dagbag.py:545} INFO - Filling up the DagBag from /home/airflow/.local/lib/python3.12/site-packages/airflow/example_dags/example_xcomargs.py
[2026-04-26T23:19:27.203+0000] {processor.py:840} INFO - DAG(s) 'example_xcom_args_with_operators', 'example_xcom_args' retrieved from /home/airflow/.local/lib/python3.12/site-packages/airflow/example_dags/example_xcomargs.py
[2026-04-26T23:19:27.217+0000] {logging_mixin.py:188} INFO - [2026-04-26T23:19:27.216+0000] {dag.py:3096} INFO - Sync 2 DAGs
[2026-04-26T23:19:27.224+0000] {logging_mixin.py:188} INFO - [2026-04-26T23:19:27.224+0000] {dag.py:3954} INFO - Setting next_dagrun for example_xcom_args to None, run_after=None
[2026-04-26T23:19:27.225+0000] {logging_mixin.py:188} INFO - [2026-04-26T23:19:27.225+0000] {dag.py:3954} INFO - Setting next_dagrun for example_xcom_args_with_operators to None, run_after=None
[2026-04-26T23:19:27.233+0000] {processor.py:183} INFO - Processing /home/airflow/.local/lib/python3.12/site-packages/airflow/example_dags/example_xcomargs.py took 0.040 seconds
[2026-04-26T23:19:57.577+0000] {processor.py:161} INFO - Started process (PID=1429) to work on /home/airflow/.local/lib/python3.12/site-packages/airflow/example_dags/example_xcomargs.py
[2026-04-26T23:19:57.577+0000] {processor.py:830} INFO - Processing file /home/airflow/.local/lib/python3.12/site-packages/airflow/example_dags/example_xcomargs.py for tasks to queue
[2026-04-26T23:19:57.578+0000] {logging_mixin.py:188} INFO - [2026-04-26T23:19:57.578+0000] {dagbag.py:545} INFO - Filling up the DagBag from /home/airflow/.local/lib/python3.12/site-packages/airflow/example_dags/example_xcomargs.py
[2026-04-26T23:19:57.583+0000] {processor.py:840} INFO - DAG(s) 'example_xcom_args_with_operators', 'example_xcom_args' retrieved from /home/airflow/.local/lib/python3.12/site-packages/airflow/example_dags/example_xcomargs.py
[2026-04-26T23:19:57.595+0000] {logging_mixin.py:188} INFO - [2026-04-26T23:19:57.595+0000] {dag.py:3096} INFO - Sync 2 DAGs
[2026-04-26T23:19:57.601+0000] {logging_mixin.py:188} INFO - [2026-04-26T23:19:57.601+0000] {dag.py:3954} INFO - Setting next_dagrun for example_xcom_args to None, run_after=None
[2026-04-26T23:19:57.603+0000] {logging_mixin.py:188} INFO - [2026-04-26T23:19:57.603+0000] {dag.py:3954} INFO - Setting next_dagrun for example_xcom_args_with_operators to None, run_after=None
[2026-04-26T23:19:57.610+0000] {processor.py:183} INFO - Processing /home/airflow/.local/lib/python3.12/site-packages/airflow/example_dags/example_xcomargs.py took 0.037 seconds
[2026-04-26T23:20:27.797+0000] {processor.py:161} INFO - Started process (PID=1488) to work on /home/airflow/.local/lib/python3.12/site-packages/airflow/example_dags/example_xcomargs.py
[2026-04-26T23:20:27.797+0000] {processor.py:830} INFO - Processing file /home/airflow/.local/lib/python3.12/site-packages/airflow/example_dags/example_xcomargs.py for tasks to queue
[2026-04-26T23:20:27.798+0000] {logging_mixin.py:188} INFO - [2026-04-26T23:20:27.798+0000] {dagbag.py:545} INFO - Filling up the DagBag from /home/airflow/.local/lib/python3.12/site-packages/airflow/example_dags/example_xcomargs.py
[2026-04-26T23:20:27.802+0000] {processor.py:840} INFO - DAG(s) 'example_xcom_args_with_operators', 'example_xcom_args' retrieved from /home/airflow/.local/lib/python3.12/site-packages/airflow/example_dags/example_xcomargs.py
[2026-04-26T23:20:27.814+0000] {logging_mixin.py:188} INFO - [2026-04-26T23:20:27.814+0000] {dag.py:3096} INFO - Sync 2 DAGs
[2026-04-26T23:20:27.821+0000] {logging_mixin.py:188} INFO - [2026-04-26T23:20:27.821+0000] {dag.py:3954} INFO - Setting next_dagrun for example_xcom_args to None, run_after=None
[2026-04-26T23:20:27.823+0000] {logging_mixin.py:188} INFO - [2026-04-26T23:20:27.823+0000] {dag.py:3954} INFO - Setting next_dagrun for example_xcom_args_with_operators to None, run_after=None
[2026-04-26T23:20:27.831+0000] {processor.py:183} INFO - Processing /home/airflow/.local/lib/python3.12/site-packages/airflow/example_dags/example_xcomargs.py took 0.037 seconds
[2026-04-26T23:20:58.149+0000] {processor.py:161} INFO - Started process (PID=1547) to work on /home/airflow/.local/lib/python3.12/site-packages/airflow/example_dags/example_xcomargs.py
[2026-04-26T23:20:58.150+0000] {processor.py:830} INFO - Processing file /home/airflow/.local/lib/python3.12/site-packages/airflow/example_dags/example_xcomargs.py for tasks to queue
[2026-04-26T23:20:58.152+0000] {logging_mixin.py:188} INFO - [2026-04-26T23:20:58.151+0000] {dagbag.py:545} INFO - Filling up the DagBag from /home/airflow/.local/lib/python3.12/site-packages/airflow/example_dags/example_xcomargs.py
[2026-04-26T23:20:58.157+0000] {processor.py:840} INFO - DAG(s) 'example_xcom_args_with_operators', 'example_xcom_args' retrieved from /home/airflow/.local/lib/python3.12/site-packages/airflow/example_dags/example_xcomargs.py
[2026-04-26T23:20:58.172+0000] {logging_mixin.py:188} INFO - [2026-04-26T23:20:58.172+0000] {dag.py:3096} INFO - Sync 2 DAGs
[2026-04-26T23:20:58.179+0000] {logging_mixin.py:188} INFO - [2026-04-26T23:20:58.179+0000] {dag.py:3954} INFO - Setting next_dagrun for example_xcom_args to None, run_after=None
[2026-04-26T23:20:58.182+0000] {logging_mixin.py:188} INFO - [2026-04-26T23:20:58.182+0000] {dag.py:3954} INFO - Setting next_dagrun for example_xcom_args_with_operators to None, run_after=None
[2026-04-26T23:20:58.192+0000] {processor.py:183} INFO - Processing /home/airflow/.local/lib/python3.12/site-packages/airflow/example_dags/example_xcomargs.py took 0.048 seconds
[2026-04-26T23:21:28.264+0000] {processor.py:161} INFO - Started process (PID=1606) to work on /home/airflow/.local/lib/python3.12/site-packages/airflow/example_dags/example_xcomargs.py
[2026-04-26T23:21:28.264+0000] {processor.py:830} INFO - Processing file /home/airflow/.local/lib/python3.12/site-packages/airflow/example_dags/example_xcomargs.py for tasks to queue
[2026-04-26T23:21:28.265+0000] {logging_mixin.py:188} INFO - [2026-04-26T23:21:28.265+0000] {dagbag.py:545} INFO - Filling up the DagBag from /home/airflow/.local/lib/python3.12/site-packages/airflow/example_dags/example_xcomargs.py
[2026-04-26T23:21:28.270+0000] {processor.py:840} INFO - DAG(s) 'example_xcom_args', 'example_xcom_args_with_operators' retrieved from /home/airflow/.local/lib/python3.12/site-packages/airflow/example_dags/example_xcomargs.py
[2026-04-26T23:21:28.284+0000] {logging_mixin.py:188} INFO - [2026-04-26T23:21:28.284+0000] {dag.py:3096} INFO - Sync 2 DAGs
[2026-04-26T23:21:28.291+0000] {logging_mixin.py:188} INFO - [2026-04-26T23:21:28.291+0000] {dag.py:3954} INFO - Setting next_dagrun for example_xcom_args to None, run_after=None
[2026-04-26T23:21:28.293+0000] {logging_mixin.py:188} INFO - [2026-04-26T23:21:28.293+0000] {dag.py:3954} INFO - Setting next_dagrun for example_xcom_args_with_operators to None, run_after=None
[2026-04-26T23:21:28.302+0000] {processor.py:183} INFO - Processing /home/airflow/.local/lib/python3.12/site-packages/airflow/example_dags/example_xcomargs.py took 0.042 seconds
[2026-04-26T23:21:59.356+0000] {processor.py:161} INFO - Started process (PID=1666) to work on /home/airflow/.local/lib/python3.12/site-packages/airflow/example_dags/example_xcomargs.py
[2026-04-26T23:21:59.357+0000] {processor.py:830} INFO - Processing file /home/airflow/.local/lib/python3.12/site-packages/airflow/example_dags/example_xcomargs.py for tasks to queue
[2026-04-26T23:21:59.358+0000] {logging_mixin.py:188} INFO - [2026-04-26T23:21:59.358+0000] {dagbag.py:545} INFO - Filling up the DagBag from /home/airflow/.local/lib/python3.12/site-packages/airflow/example_dags/example_xcomargs.py
[2026-04-26T23:21:59.362+0000] {processor.py:840} INFO - DAG(s) 'example_xcom_args_with_operators', 'example_xcom_args' retrieved from /home/airflow/.local/lib/python3.12/site-packages/airflow/example_dags/example_xcomargs.py
[2026-04-26T23:21:59.374+0000] {logging_mixin.py:188} INFO - [2026-04-26T23:21:59.374+0000] {dag.py:3096} INFO - Sync 2 DAGs
[2026-04-26T23:21:59.381+0000] {logging_mixin.py:188} INFO - [2026-04-26T23:21:59.381+0000] {dag.py:3954} INFO - Setting next_dagrun for example_xcom_args to None, run_after=None
[2026-04-26T23:21:59.383+0000] {logging_mixin.py:188} INFO - [2026-04-26T23:21:59.383+0000] {dag.py:3954} INFO - Setting next_dagrun for example_xcom_args_with_operators to None, run_after=None
[2026-04-26T23:21:59.390+0000] {processor.py:183} INFO - Processing /home/airflow/.local/lib/python3.12/site-packages/airflow/example_dags/example_xcomargs.py took 0.038 seconds
[2026-04-26T23:22:29.716+0000] {processor.py:161} INFO - Started process (PID=1725) to work on /home/airflow/.local/lib/python3.12/site-packages/airflow/example_dags/example_xcomargs.py
[2026-04-26T23:22:29.717+0000] {processor.py:830} INFO - Processing file /home/airflow/.local/lib/python3.12/site-packages/airflow/example_dags/example_xcomargs.py for tasks to queue
[2026-04-26T23:22:29.718+0000] {logging_mixin.py:188} INFO - [2026-04-26T23:22:29.717+0000] {dagbag.py:545} INFO - Filling up the DagBag from /home/airflow/.local/lib/python3.12/site-packages/airflow/example_dags/example_xcomargs.py
[2026-04-26T23:22:29.722+0000] {processor.py:840} INFO - DAG(s) 'example_xcom_args_with_operators', 'example_xcom_args' retrieved from /home/airflow/.local/lib/python3.12/site-packages/airflow/example_dags/example_xcomargs.py
[2026-04-26T23:22:29.734+0000] {logging_mixin.py:188} INFO - [2026-04-26T23:22:29.734+0000] {dag.py:3096} INFO - Sync 2 DAGs
[2026-04-26T23:22:29.742+0000] {logging_mixin.py:188} INFO - [2026-04-26T23:22:29.741+0000] {dag.py:3954} INFO - Setting next_dagrun for example_xcom_args to None, run_after=None
[2026-04-26T23:22:29.744+0000] {logging_mixin.py:188} INFO - [2026-04-26T23:22:29.744+0000] {dag.py:3954} INFO - Setting next_dagrun for example_xcom_args_with_operators to None, run_after=None
[2026-04-26T23:22:29.754+0000] {processor.py:183} INFO - Processing /home/airflow/.local/lib/python3.12/site-packages/airflow/example_dags/example_xcomargs.py took 0.041 seconds
[2026-04-26T23:22:59.924+0000] {processor.py:161} INFO - Started process (PID=1784) to work on /home/airflow/.local/lib/python3.12/site-packages/airflow/example_dags/example_xcomargs.py
[2026-04-26T23:22:59.925+0000] {processor.py:830} INFO - Processing file /home/airflow/.local/lib/python3.12/site-packages/airflow/example_dags/example_xcomargs.py for tasks to queue
[2026-04-26T23:22:59.926+0000] {logging_mixin.py:188} INFO - [2026-04-26T23:22:59.926+0000] {dagbag.py:545} INFO - Filling up the DagBag from /home/airflow/.local/lib/python3.12/site-packages/airflow/example_dags/example_xcomargs.py
[2026-04-26T23:22:59.930+0000] {processor.py:840} INFO - DAG(s) 'example_xcom_args_with_operators', 'example_xcom_args' retrieved from /home/airflow/.local/lib/python3.12/site-packages/airflow/example_dags/example_xcomargs.py
[2026-04-26T23:22:59.942+0000] {logging_mixin.py:188} INFO - [2026-04-26T23:22:59.942+0000] {dag.py:3096} INFO - Sync 2 DAGs
[2026-04-26T23:22:59.948+0000] {logging_mixin.py:188} INFO - [2026-04-26T23:22:59.948+0000] {dag.py:3954} INFO - Setting next_dagrun for example_xcom_args to None, run_after=None
[2026-04-26T23:22:59.950+0000] {logging_mixin.py:188} INFO - [2026-04-26T23:22:59.950+0000] {dag.py:3954} INFO - Setting next_dagrun for example_xcom_args_with_operators to None, run_after=None
[2026-04-26T23:22:59.958+0000] {processor.py:183} INFO - Processing /home/airflow/.local/lib/python3.12/site-packages/airflow/example_dags/example_xcomargs.py took 0.037 seconds
[2026-04-26T23:23:30.725+0000] {processor.py:161} INFO - Started process (PID=1844) to work on /home/airflow/.local/lib/python3.12/site-packages/airflow/example_dags/example_xcomargs.py
[2026-04-26T23:23:30.725+0000] {processor.py:830} INFO - Processing file /home/airflow/.local/lib/python3.12/site-packages/airflow/example_dags/example_xcomargs.py for tasks to queue
[2026-04-26T23:23:30.726+0000] {logging_mixin.py:188} INFO - [2026-04-26T23:23:30.726+0000] {dagbag.py:545} INFO - Filling up the DagBag from /home/airflow/.local/lib/python3.12/site-packages/airflow/example_dags/example_xcomargs.py
[2026-04-26T23:23:30.731+0000] {processor.py:840} INFO - DAG(s) 'example_xcom_args_with_operators', 'example_xcom_args' retrieved from /home/airflow/.local/lib/python3.12/site-packages/airflow/example_dags/example_xcomargs.py
[2026-04-26T23:23:30.744+0000] {logging_mixin.py:188} INFO - [2026-04-26T23:23:30.744+0000] {dag.py:3096} INFO - Sync 2 DAGs
[2026-04-26T23:23:30.751+0000] {logging_mixin.py:188} INFO - [2026-04-26T23:23:30.751+0000] {dag.py:3954} INFO - Setting next_dagrun for example_xcom_args to None, run_after=None
[2026-04-26T23:23:30.752+0000] {logging_mixin.py:188} INFO - [2026-04-26T23:23:30.752+0000] {dag.py:3954} INFO - Setting next_dagrun for example_xcom_args_with_operators to None, run_after=None
[2026-04-26T23:23:30.761+0000] {processor.py:183} INFO - Processing /home/airflow/.local/lib/python3.12/site-packages/airflow/example_dags/example_xcomargs.py took 0.040 seconds
[2026-04-26T23:24:02.244+0000] {processor.py:161} INFO - Started process (PID=1903) to work on /home/airflow/.local/lib/python3.12/site-packages/airflow/example_dags/example_xcomargs.py
[2026-04-26T23:24:02.244+0000] {processor.py:830} INFO - Processing file /home/airflow/.local/lib/python3.12/site-packages/airflow/example_dags/example_xcomargs.py for tasks to queue
[2026-04-26T23:24:02.246+0000] {logging_mixin.py:188} INFO - [2026-04-26T23:24:02.245+0000] {dagbag.py:545} INFO - Filling up the DagBag from /home/airflow/.local/lib/python3.12/site-packages/airflow/example_dags/example_xcomargs.py
[2026-04-26T23:24:02.251+0000] {processor.py:840} INFO - DAG(s) 'example_xcom_args_with_operators', 'example_xcom_args' retrieved from /home/airflow/.local/lib/python3.12/site-packages/airflow/example_dags/example_xcomargs.py
[2026-04-26T23:24:02.264+0000] {logging_mixin.py:188} INFO - [2026-04-26T23:24:02.264+0000] {dag.py:3096} INFO - Sync 2 DAGs
[2026-04-26T23:24:02.271+0000] {logging_mixin.py:188} INFO - [2026-04-26T23:24:02.271+0000] {dag.py:3954} INFO - Setting next_dagrun for example_xcom_args to None, run_after=None
[2026-04-26T23:24:02.273+0000] {logging_mixin.py:188} INFO - [2026-04-26T23:24:02.273+0000] {dag.py:3954} INFO - Setting next_dagrun for example_xcom_args_with_operators to None, run_after=None
[2026-04-26T23:24:02.282+0000] {processor.py:183} INFO - Processing /home/airflow/.local/lib/python3.12/site-packages/airflow/example_dags/example_xcomargs.py took 0.041 seconds
[2026-04-26T23:24:34.102+0000] {processor.py:161} INFO - Started process (PID=1963) to work on /home/airflow/.local/lib/python3.12/site-packages/airflow/example_dags/example_xcomargs.py
[2026-04-26T23:24:34.102+0000] {processor.py:830} INFO - Processing file /home/airflow/.local/lib/python3.12/site-packages/airflow/example_dags/example_xcomargs.py for tasks to queue
[2026-04-26T23:24:34.103+0000] {logging_mixin.py:188} INFO - [2026-04-26T23:24:34.103+0000] {dagbag.py:545} INFO - Filling up the DagBag from /home/airflow/.local/lib/python3.12/site-packages/airflow/example_dags/example_xcomargs.py
[2026-04-26T23:24:34.108+0000] {processor.py:840} INFO - DAG(s) 'example_xcom_args_with_operators', 'example_xcom_args' retrieved from /home/airflow/.local/lib/python3.12/site-packages/airflow/example_dags/example_xcomargs.py
[2026-04-26T23:24:34.219+0000] {logging_mixin.py:188} INFO - [2026-04-26T23:24:34.219+0000] {dag.py:3096} INFO - Sync 2 DAGs
[2026-04-26T23:24:34.225+0000] {logging_mixin.py:188} INFO - [2026-04-26T23:24:34.225+0000] {dag.py:3954} INFO - Setting next_dagrun for example_xcom_args to None, run_after=None
[2026-04-26T23:24:34.226+0000] {logging_mixin.py:188} INFO - [2026-04-26T23:24:34.226+0000] {dag.py:3954} INFO - Setting next_dagrun for example_xcom_args_with_operators to None, run_after=None
[2026-04-26T23:24:34.245+0000] {processor.py:183} INFO - Processing /home/airflow/.local/lib/python3.12/site-packages/airflow/example_dags/example_xcomargs.py took 0.147 seconds
[2026-04-26T23:25:04.511+0000] {processor.py:161} INFO - Started process (PID=2023) to work on /home/airflow/.local/lib/python3.12/site-packages/airflow/example_dags/example_xcomargs.py
[2026-04-26T23:25:04.511+0000] {processor.py:830} INFO - Processing file /home/airflow/.local/lib/python3.12/site-packages/airflow/example_dags/example_xcomargs.py for tasks to queue
[2026-04-26T23:25:04.512+0000] {logging_mixin.py:188} INFO - [2026-04-26T23:25:04.512+0000] {dagbag.py:545} INFO - Filling up the DagBag from /home/airflow/.local/lib/python3.12/site-packages/airflow/example_dags/example_xcomargs.py
[2026-04-26T23:25:04.516+0000] {processor.py:840} INFO - DAG(s) 'example_xcom_args', 'example_xcom_args_with_operators' retrieved from /home/airflow/.local/lib/python3.12/site-packages/airflow/example_dags/example_xcomargs.py
[2026-04-26T23:25:04.527+0000] {logging_mixin.py:188} INFO - [2026-04-26T23:25:04.527+0000] {dag.py:3096} INFO - Sync 2 DAGs
[2026-04-26T23:25:04.534+0000] {logging_mixin.py:188} INFO - [2026-04-26T23:25:04.534+0000] {dag.py:3954} INFO - Setting next_dagrun for example_xcom_args to None, run_after=None
[2026-04-26T23:25:04.536+0000] {logging_mixin.py:188} INFO - [2026-04-26T23:25:04.536+0000] {dag.py:3954} INFO - Setting next_dagrun for example_xcom_args_with_operators to None, run_after=None
[2026-04-26T23:25:04.544+0000] {processor.py:183} INFO - Processing /home/airflow/.local/lib/python3.12/site-packages/airflow/example_dags/example_xcomargs.py took 0.036 seconds
[2026-04-26T23:25:35.238+0000] {processor.py:161} INFO - Started process (PID=2082) to work on /home/airflow/.local/lib/python3.12/site-packages/airflow/example_dags/example_xcomargs.py
[2026-04-26T23:25:35.238+0000] {processor.py:830} INFO - Processing file /home/airflow/.local/lib/python3.12/site-packages/airflow/example_dags/example_xcomargs.py for tasks to queue
[2026-04-26T23:25:35.240+0000] {logging_mixin.py:188} INFO - [2026-04-26T23:25:35.240+0000] {dagbag.py:545} INFO - Filling up the DagBag from /home/airflow/.local/lib/python3.12/site-packages/airflow/example_dags/example_xcomargs.py
[2026-04-26T23:25:35.245+0000] {processor.py:840} INFO - DAG(s) 'example_xcom_args', 'example_xcom_args_with_operators' retrieved from /home/airflow/.local/lib/python3.12/site-packages/airflow/example_dags/example_xcomargs.py
[2026-04-26T23:25:35.259+0000] {logging_mixin.py:188} INFO - [2026-04-26T23:25:35.259+0000] {dag.py:3096} INFO - Sync 2 DAGs
[2026-04-26T23:25:35.266+0000] {logging_mixin.py:188} INFO - [2026-04-26T23:25:35.266+0000] {dag.py:3954} INFO - Setting next_dagrun for example_xcom_args to None, run_after=None
[2026-04-26T23:25:35.268+0000] {logging_mixin.py:188} INFO - [2026-04-26T23:25:35.268+0000] {dag.py:3954} INFO - Setting next_dagrun for example_xcom_args_with_operators to None, run_after=None
[2026-04-26T23:25:35.276+0000] {processor.py:183} INFO - Processing /home/airflow/.local/lib/python3.12/site-packages/airflow/example_dags/example_xcomargs.py took 0.042 seconds
[2026-04-26T23:26:05.983+0000] {processor.py:161} INFO - Started process (PID=2141) to work on /home/airflow/.local/lib/python3.12/site-packages/airflow/example_dags/example_xcomargs.py
[2026-04-26T23:26:05.983+0000] {processor.py:830} INFO - Processing file /home/airflow/.local/lib/python3.12/site-packages/airflow/example_dags/example_xcomargs.py for tasks to queue
[2026-04-26T23:26:05.985+0000] {logging_mixin.py:188} INFO - [2026-04-26T23:26:05.985+0000] {dagbag.py:545} INFO - Filling up the DagBag from /home/airflow/.local/lib/python3.12/site-packages/airflow/example_dags/example_xcomargs.py
[2026-04-26T23:26:05.991+0000] {processor.py:840} INFO - DAG(s) 'example_xcom_args_with_operators', 'example_xcom_args' retrieved from /home/airflow/.local/lib/python3.12/site-packages/airflow/example_dags/example_xcomargs.py
[2026-04-26T23:26:06.005+0000] {logging_mixin.py:188} INFO - [2026-04-26T23:26:06.005+0000] {dag.py:3096} INFO - Sync 2 DAGs
[2026-04-26T23:26:06.013+0000] {logging_mixin.py:188} INFO - [2026-04-26T23:26:06.013+0000] {dag.py:3954} INFO - Setting next_dagrun for example_xcom_args to None, run_after=None
[2026-04-26T23:26:06.016+0000] {logging_mixin.py:188} INFO - [2026-04-26T23:26:06.015+0000] {dag.py:3954} INFO - Setting next_dagrun for example_xcom_args_with_operators to None, run_after=None
[2026-04-26T23:26:06.024+0000] {processor.py:183} INFO - Processing /home/airflow/.local/lib/python3.12/site-packages/airflow/example_dags/example_xcomargs.py took 0.045 seconds
[2026-04-26T23:26:36.755+0000] {processor.py:161} INFO - Started process (PID=2200) to work on /home/airflow/.local/lib/python3.12/site-packages/airflow/example_dags/example_xcomargs.py
[2026-04-26T23:26:36.755+0000] {processor.py:830} INFO - Processing file /home/airflow/.local/lib/python3.12/site-packages/airflow/example_dags/example_xcomargs.py for tasks to queue
[2026-04-26T23:26:36.756+0000] {logging_mixin.py:188} INFO - [2026-04-26T23:26:36.756+0000] {dagbag.py:545} INFO - Filling up the DagBag from /home/airflow/.local/lib/python3.12/site-packages/airflow/example_dags/example_xcomargs.py
[2026-04-26T23:26:36.761+0000] {processor.py:840} INFO - DAG(s) 'example_xcom_args', 'example_xcom_args_with_operators' retrieved from /home/airflow/.local/lib/python3.12/site-packages/airflow/example_dags/example_xcomargs.py
[2026-04-26T23:26:36.775+0000] {logging_mixin.py:188} INFO - [2026-04-26T23:26:36.774+0000] {dag.py:3096} INFO - Sync 2 DAGs
[2026-04-26T23:26:36.782+0000] {logging_mixin.py:188} INFO - [2026-04-26T23:26:36.782+0000] {dag.py:3954} INFO - Setting next_dagrun for example_xcom_args to None, run_after=None
[2026-04-26T23:26:36.784+0000] {logging_mixin.py:188} INFO - [2026-04-26T23:26:36.784+0000] {dag.py:3954} INFO - Setting next_dagrun for example_xcom_args_with_operators to None, run_after=None
[2026-04-26T23:26:36.793+0000] {processor.py:183} INFO - Processing /home/airflow/.local/lib/python3.12/site-packages/airflow/example_dags/example_xcomargs.py took 0.042 seconds
[2026-04-26T23:27:07.559+0000] {processor.py:161} INFO - Started process (PID=2259) to work on /home/airflow/.local/lib/python3.12/site-packages/airflow/example_dags/example_xcomargs.py
[2026-04-26T23:27:07.560+0000] {processor.py:830} INFO - Processing file /home/airflow/.local/lib/python3.12/site-packages/airflow/example_dags/example_xcomargs.py for tasks to queue
[2026-04-26T23:27:07.561+0000] {logging_mixin.py:188} INFO - [2026-04-26T23:27:07.561+0000] {dagbag.py:545} INFO - Filling up the DagBag from /home/airflow/.local/lib/python3.12/site-packages/airflow/example_dags/example_xcomargs.py
[2026-04-26T23:27:07.566+0000] {processor.py:840} INFO - DAG(s) 'example_xcom_args', 'example_xcom_args_with_operators' retrieved from /home/airflow/.local/lib/python3.12/site-packages/airflow/example_dags/example_xcomargs.py
[2026-04-26T23:27:07.581+0000] {logging_mixin.py:188} INFO - [2026-04-26T23:27:07.581+0000] {dag.py:3096} INFO - Sync 2 DAGs
[2026-04-26T23:27:07.589+0000] {logging_mixin.py:188} INFO - [2026-04-26T23:27:07.589+0000] {dag.py:3954} INFO - Setting next_dagrun for example_xcom_args to None, run_after=None
[2026-04-26T23:27:07.591+0000] {logging_mixin.py:188} INFO - [2026-04-26T23:27:07.591+0000] {dag.py:3954} INFO - Setting next_dagrun for example_xcom_args_with_operators to None, run_after=None
[2026-04-26T23:27:07.600+0000] {processor.py:183} INFO - Processing /home/airflow/.local/lib/python3.12/site-packages/airflow/example_dags/example_xcomargs.py took 0.045 seconds
[2026-04-26T23:27:38.275+0000] {processor.py:161} INFO - Started process (PID=2318) to work on /home/airflow/.local/lib/python3.12/site-packages/airflow/example_dags/example_xcomargs.py
[2026-04-26T23:27:38.275+0000] {processor.py:830} INFO - Processing file /home/airflow/.local/lib/python3.12/site-packages/airflow/example_dags/example_xcomargs.py for tasks to queue
[2026-04-26T23:27:38.276+0000] {logging_mixin.py:188} INFO - [2026-04-26T23:27:38.276+0000] {dagbag.py:545} INFO - Filling up the DagBag from /home/airflow/.local/lib/python3.12/site-packages/airflow/example_dags/example_xcomargs.py
[2026-04-26T23:27:38.281+0000] {processor.py:840} INFO - DAG(s) 'example_xcom_args', 'example_xcom_args_with_operators' retrieved from /home/airflow/.local/lib/python3.12/site-packages/airflow/example_dags/example_xcomargs.py
[2026-04-26T23:27:38.294+0000] {logging_mixin.py:188} INFO - [2026-04-26T23:27:38.294+0000] {dag.py:3096} INFO - Sync 2 DAGs
[2026-04-26T23:27:38.302+0000] {logging_mixin.py:188} INFO - [2026-04-26T23:27:38.302+0000] {dag.py:3954} INFO - Setting next_dagrun for example_xcom_args to None, run_after=None
[2026-04-26T23:27:38.304+0000] {logging_mixin.py:188} INFO - [2026-04-26T23:27:38.303+0000] {dag.py:3954} INFO - Setting next_dagrun for example_xcom_args_with_operators to None, run_after=None
[2026-04-26T23:27:38.311+0000] {processor.py:183} INFO - Processing /home/airflow/.local/lib/python3.12/site-packages/airflow/example_dags/example_xcomargs.py took 0.040 seconds
[2026-04-26T23:28:09.024+0000] {processor.py:161} INFO - Started process (PID=2377) to work on /home/airflow/.local/lib/python3.12/site-packages/airflow/example_dags/example_xcomargs.py
[2026-04-26T23:28:09.024+0000] {processor.py:830} INFO - Processing file /home/airflow/.local/lib/python3.12/site-packages/airflow/example_dags/example_xcomargs.py for tasks to queue
[2026-04-26T23:28:09.025+0000] {logging_mixin.py:188} INFO - [2026-04-26T23:28:09.025+0000] {dagbag.py:545} INFO - Filling up the DagBag from /home/airflow/.local/lib/python3.12/site-packages/airflow/example_dags/example_xcomargs.py
[2026-04-26T23:28:09.031+0000] {processor.py:840} INFO - DAG(s) 'example_xcom_args', 'example_xcom_args_with_operators' retrieved from /home/airflow/.local/lib/python3.12/site-packages/airflow/example_dags/example_xcomargs.py
[2026-04-26T23:28:09.044+0000] {logging_mixin.py:188} INFO - [2026-04-26T23:28:09.043+0000] {dag.py:3096} INFO - Sync 2 DAGs
[2026-04-26T23:28:09.051+0000] {logging_mixin.py:188} INFO - [2026-04-26T23:28:09.051+0000] {dag.py:3954} INFO - Setting next_dagrun for example_xcom_args to None, run_after=None
[2026-04-26T23:28:09.053+0000] {logging_mixin.py:188} INFO - [2026-04-26T23:28:09.053+0000] {dag.py:3954} INFO - Setting next_dagrun for example_xcom_args_with_operators to None, run_after=None
[2026-04-26T23:28:09.062+0000] {processor.py:183} INFO - Processing /home/airflow/.local/lib/python3.12/site-packages/airflow/example_dags/example_xcomargs.py took 0.043 seconds
[2026-04-26T23:28:39.903+0000] {processor.py:161} INFO - Started process (PID=2436) to work on /home/airflow/.local/lib/python3.12/site-packages/airflow/example_dags/example_xcomargs.py
[2026-04-26T23:28:39.904+0000] {processor.py:830} INFO - Processing file /home/airflow/.local/lib/python3.12/site-packages/airflow/example_dags/example_xcomargs.py for tasks to queue
[2026-04-26T23:28:39.906+0000] {logging_mixin.py:188} INFO - [2026-04-26T23:28:39.906+0000] {dagbag.py:545} INFO - Filling up the DagBag from /home/airflow/.local/lib/python3.12/site-packages/airflow/example_dags/example_xcomargs.py
[2026-04-26T23:28:39.916+0000] {processor.py:840} INFO - DAG(s) 'example_xcom_args', 'example_xcom_args_with_operators' retrieved from /home/airflow/.local/lib/python3.12/site-packages/airflow/example_dags/example_xcomargs.py
[2026-04-26T23:28:39.939+0000] {logging_mixin.py:188} INFO - [2026-04-26T23:28:39.938+0000] {dag.py:3096} INFO - Sync 2 DAGs
[2026-04-26T23:28:39.952+0000] {logging_mixin.py:188} INFO - [2026-04-26T23:28:39.952+0000] {dag.py:3954} INFO - Setting next_dagrun for example_xcom_args to None, run_after=None
[2026-04-26T23:28:39.957+0000] {logging_mixin.py:188} INFO - [2026-04-26T23:28:39.956+0000] {dag.py:3954} INFO - Setting next_dagrun for example_xcom_args_with_operators to None, run_after=None
[2026-04-26T23:28:39.972+0000] {processor.py:183} INFO - Processing /home/airflow/.local/lib/python3.12/site-packages/airflow/example_dags/example_xcomargs.py took 0.074 seconds
[2026-04-26T23:29:10.026+0000] {processor.py:161} INFO - Started process (PID=2495) to work on /home/airflow/.local/lib/python3.12/site-packages/airflow/example_dags/example_xcomargs.py
[2026-04-26T23:29:10.027+0000] {processor.py:830} INFO - Processing file /home/airflow/.local/lib/python3.12/site-packages/airflow/example_dags/example_xcomargs.py for tasks to queue
[2026-04-26T23:29:10.029+0000] {logging_mixin.py:188} INFO - [2026-04-26T23:29:10.029+0000] {dagbag.py:545} INFO - Filling up the DagBag from /home/airflow/.local/lib/python3.12/site-packages/airflow/example_dags/example_xcomargs.py
[2026-04-26T23:29:10.036+0000] {processor.py:840} INFO - DAG(s) 'example_xcom_args', 'example_xcom_args_with_operators' retrieved from /home/airflow/.local/lib/python3.12/site-packages/airflow/example_dags/example_xcomargs.py
[2026-04-26T23:29:10.053+0000] {logging_mixin.py:188} INFO - [2026-04-26T23:29:10.053+0000] {dag.py:3096} INFO - Sync 2 DAGs
[2026-04-26T23:29:10.061+0000] {logging_mixin.py:188} INFO - [2026-04-26T23:29:10.061+0000] {dag.py:3954} INFO - Setting next_dagrun for example_xcom_args to None, run_after=None
[2026-04-26T23:29:10.064+0000] {logging_mixin.py:188} INFO - [2026-04-26T23:29:10.063+0000] {dag.py:3954} INFO - Setting next_dagrun for example_xcom_args_with_operators to None, run_after=None
[2026-04-26T23:29:10.073+0000] {processor.py:183} INFO - Processing /home/airflow/.local/lib/python3.12/site-packages/airflow/example_dags/example_xcomargs.py took 0.051 seconds
[2026-04-26T23:29:40.827+0000] {processor.py:161} INFO - Started process (PID=2554) to work on /home/airflow/.local/lib/python3.12/site-packages/airflow/example_dags/example_xcomargs.py
[2026-04-26T23:29:40.827+0000] {processor.py:830} INFO - Processing file /home/airflow/.local/lib/python3.12/site-packages/airflow/example_dags/example_xcomargs.py for tasks to queue
[2026-04-26T23:29:40.828+0000] {logging_mixin.py:188} INFO - [2026-04-26T23:29:40.828+0000] {dagbag.py:545} INFO - Filling up the DagBag from /home/airflow/.local/lib/python3.12/site-packages/airflow/example_dags/example_xcomargs.py
[2026-04-26T23:29:40.833+0000] {processor.py:840} INFO - DAG(s) 'example_xcom_args', 'example_xcom_args_with_operators' retrieved from /home/airflow/.local/lib/python3.12/site-packages/airflow/example_dags/example_xcomargs.py
[2026-04-26T23:29:40.846+0000] {logging_mixin.py:188} INFO - [2026-04-26T23:29:40.846+0000] {dag.py:3096} INFO - Sync 2 DAGs
[2026-04-26T23:29:40.854+0000] {logging_mixin.py:188} INFO - [2026-04-26T23:29:40.854+0000] {dag.py:3954} INFO - Setting next_dagrun for example_xcom_args to None, run_after=None
[2026-04-26T23:29:40.856+0000] {logging_mixin.py:188} INFO - [2026-04-26T23:29:40.855+0000] {dag.py:3954} INFO - Setting next_dagrun for example_xcom_args_with_operators to None, run_after=None
[2026-04-26T23:29:40.864+0000] {processor.py:183} INFO - Processing /home/airflow/.local/lib/python3.12/site-packages/airflow/example_dags/example_xcomargs.py took 0.040 seconds
[2026-04-26T23:30:11.609+0000] {processor.py:161} INFO - Started process (PID=2613) to work on /home/airflow/.local/lib/python3.12/site-packages/airflow/example_dags/example_xcomargs.py
[2026-04-26T23:30:11.610+0000] {processor.py:830} INFO - Processing file /home/airflow/.local/lib/python3.12/site-packages/airflow/example_dags/example_xcomargs.py for tasks to queue
[2026-04-26T23:30:11.611+0000] {logging_mixin.py:188} INFO - [2026-04-26T23:30:11.610+0000] {dagbag.py:545} INFO - Filling up the DagBag from /home/airflow/.local/lib/python3.12/site-packages/airflow/example_dags/example_xcomargs.py
[2026-04-26T23:30:11.615+0000] {processor.py:840} INFO - DAG(s) 'example_xcom_args_with_operators', 'example_xcom_args' retrieved from /home/airflow/.local/lib/python3.12/site-packages/airflow/example_dags/example_xcomargs.py
[2026-04-26T23:30:11.629+0000] {logging_mixin.py:188} INFO - [2026-04-26T23:30:11.629+0000] {dag.py:3096} INFO - Sync 2 DAGs
[2026-04-26T23:30:11.636+0000] {logging_mixin.py:188} INFO - [2026-04-26T23:30:11.636+0000] {dag.py:3954} INFO - Setting next_dagrun for example_xcom_args to None, run_after=None
[2026-04-26T23:30:11.638+0000] {logging_mixin.py:188} INFO - [2026-04-26T23:30:11.638+0000] {dag.py:3954} INFO - Setting next_dagrun for example_xcom_args_with_operators to None, run_after=None
[2026-04-26T23:30:11.648+0000] {processor.py:183} INFO - Processing /home/airflow/.local/lib/python3.12/site-packages/airflow/example_dags/example_xcomargs.py took 0.042 seconds
[2026-04-26T23:30:42.325+0000] {processor.py:161} INFO - Started process (PID=2672) to work on /home/airflow/.local/lib/python3.12/site-packages/airflow/example_dags/example_xcomargs.py
[2026-04-26T23:30:42.326+0000] {processor.py:830} INFO - Processing file /home/airflow/.local/lib/python3.12/site-packages/airflow/example_dags/example_xcomargs.py for tasks to queue
[2026-04-26T23:30:42.327+0000] {logging_mixin.py:188} INFO - [2026-04-26T23:30:42.327+0000] {dagbag.py:545} INFO - Filling up the DagBag from /home/airflow/.local/lib/python3.12/site-packages/airflow/example_dags/example_xcomargs.py
[2026-04-26T23:30:42.331+0000] {processor.py:840} INFO - DAG(s) 'example_xcom_args_with_operators', 'example_xcom_args' retrieved from /home/airflow/.local/lib/python3.12/site-packages/airflow/example_dags/example_xcomargs.py
[2026-04-26T23:30:42.345+0000] {logging_mixin.py:188} INFO - [2026-04-26T23:30:42.345+0000] {dag.py:3096} INFO - Sync 2 DAGs
[2026-04-26T23:30:42.352+0000] {logging_mixin.py:188} INFO - [2026-04-26T23:30:42.352+0000] {dag.py:3954} INFO - Setting next_dagrun for example_xcom_args to None, run_after=None
[2026-04-26T23:30:42.354+0000] {logging_mixin.py:188} INFO - [2026-04-26T23:30:42.354+0000] {dag.py:3954} INFO - Setting next_dagrun for example_xcom_args_with_operators to None, run_after=None
[2026-04-26T23:30:42.362+0000] {processor.py:183} INFO - Processing /home/airflow/.local/lib/python3.12/site-packages/airflow/example_dags/example_xcomargs.py took 0.040 seconds
[2026-04-26T23:31:13.087+0000] {processor.py:161} INFO - Started process (PID=2731) to work on /home/airflow/.local/lib/python3.12/site-packages/airflow/example_dags/example_xcomargs.py
[2026-04-26T23:31:13.087+0000] {processor.py:830} INFO - Processing file /home/airflow/.local/lib/python3.12/site-packages/airflow/example_dags/example_xcomargs.py for tasks to queue
[2026-04-26T23:31:13.088+0000] {logging_mixin.py:188} INFO - [2026-04-26T23:31:13.088+0000] {dagbag.py:545} INFO - Filling up the DagBag from /home/airflow/.local/lib/python3.12/site-packages/airflow/example_dags/example_xcomargs.py
[2026-04-26T23:31:13.093+0000] {processor.py:840} INFO - DAG(s) 'example_xcom_args', 'example_xcom_args_with_operators' retrieved from /home/airflow/.local/lib/python3.12/site-packages/airflow/example_dags/example_xcomargs.py
[2026-04-26T23:31:13.105+0000] {logging_mixin.py:188} INFO - [2026-04-26T23:31:13.105+0000] {dag.py:3096} INFO - Sync 2 DAGs
[2026-04-26T23:31:13.114+0000] {logging_mixin.py:188} INFO - [2026-04-26T23:31:13.113+0000] {dag.py:3954} INFO - Setting next_dagrun for example_xcom_args to None, run_after=None
[2026-04-26T23:31:13.116+0000] {logging_mixin.py:188} INFO - [2026-04-26T23:31:13.115+0000] {dag.py:3954} INFO - Setting next_dagrun for example_xcom_args_with_operators to None, run_after=None
[2026-04-26T23:31:13.125+0000] {processor.py:183} INFO - Processing /home/airflow/.local/lib/python3.12/site-packages/airflow/example_dags/example_xcomargs.py took 0.042 seconds
[2026-04-26T23:31:43.824+0000] {processor.py:161} INFO - Started process (PID=2790) to work on /home/airflow/.local/lib/python3.12/site-packages/airflow/example_dags/example_xcomargs.py
[2026-04-26T23:31:43.824+0000] {processor.py:830} INFO - Processing file /home/airflow/.local/lib/python3.12/site-packages/airflow/example_dags/example_xcomargs.py for tasks to queue
[2026-04-26T23:31:43.825+0000] {logging_mixin.py:188} INFO - [2026-04-26T23:31:43.825+0000] {dagbag.py:545} INFO - Filling up the DagBag from /home/airflow/.local/lib/python3.12/site-packages/airflow/example_dags/example_xcomargs.py
[2026-04-26T23:31:43.830+0000] {processor.py:840} INFO - DAG(s) 'example_xcom_args', 'example_xcom_args_with_operators' retrieved from /home/airflow/.local/lib/python3.12/site-packages/airflow/example_dags/example_xcomargs.py
[2026-04-26T23:31:43.843+0000] {logging_mixin.py:188} INFO - [2026-04-26T23:31:43.843+0000] {dag.py:3096} INFO - Sync 2 DAGs
[2026-04-26T23:31:43.850+0000] {logging_mixin.py:188} INFO - [2026-04-26T23:31:43.850+0000] {dag.py:3954} INFO - Setting next_dagrun for example_xcom_args to None, run_after=None
[2026-04-26T23:31:43.853+0000] {logging_mixin.py:188} INFO - [2026-04-26T23:31:43.852+0000] {dag.py:3954} INFO - Setting next_dagrun for example_xcom_args_with_operators to None, run_after=None
[2026-04-26T23:31:43.861+0000] {processor.py:183} INFO - Processing /home/airflow/.local/lib/python3.12/site-packages/airflow/example_dags/example_xcomargs.py took 0.041 seconds
[2026-04-26T23:32:14.755+0000] {processor.py:161} INFO - Started process (PID=2849) to work on /home/airflow/.local/lib/python3.12/site-packages/airflow/example_dags/example_xcomargs.py
[2026-04-26T23:32:14.756+0000] {processor.py:830} INFO - Processing file /home/airflow/.local/lib/python3.12/site-packages/airflow/example_dags/example_xcomargs.py for tasks to queue
[2026-04-26T23:32:14.757+0000] {logging_mixin.py:188} INFO - [2026-04-26T23:32:14.757+0000] {dagbag.py:545} INFO - Filling up the DagBag from /home/airflow/.local/lib/python3.12/site-packages/airflow/example_dags/example_xcomargs.py
[2026-04-26T23:32:14.762+0000] {processor.py:840} INFO - DAG(s) 'example_xcom_args_with_operators', 'example_xcom_args' retrieved from /home/airflow/.local/lib/python3.12/site-packages/airflow/example_dags/example_xcomargs.py
[2026-04-26T23:32:14.774+0000] {logging_mixin.py:188} INFO - [2026-04-26T23:32:14.774+0000] {dag.py:3096} INFO - Sync 2 DAGs
[2026-04-26T23:32:14.781+0000] {logging_mixin.py:188} INFO - [2026-04-26T23:32:14.781+0000] {dag.py:3954} INFO - Setting next_dagrun for example_xcom_args to None, run_after=None
[2026-04-26T23:32:14.783+0000] {logging_mixin.py:188} INFO - [2026-04-26T23:32:14.783+0000] {dag.py:3954} INFO - Setting next_dagrun for example_xcom_args_with_operators to None, run_after=None
[2026-04-26T23:32:14.791+0000] {processor.py:183} INFO - Processing /home/airflow/.local/lib/python3.12/site-packages/airflow/example_dags/example_xcomargs.py took 0.040 seconds
[2026-04-26T23:32:45.048+0000] {processor.py:161} INFO - Started process (PID=2908) to work on /home/airflow/.local/lib/python3.12/site-packages/airflow/example_dags/example_xcomargs.py
[2026-04-26T23:32:45.049+0000] {processor.py:830} INFO - Processing file /home/airflow/.local/lib/python3.12/site-packages/airflow/example_dags/example_xcomargs.py for tasks to queue
[2026-04-26T23:32:45.049+0000] {logging_mixin.py:188} INFO - [2026-04-26T23:32:45.049+0000] {dagbag.py:545} INFO - Filling up the DagBag from /home/airflow/.local/lib/python3.12/site-packages/airflow/example_dags/example_xcomargs.py
[2026-04-26T23:32:45.054+0000] {processor.py:840} INFO - DAG(s) 'example_xcom_args_with_operators', 'example_xcom_args' retrieved from /home/airflow/.local/lib/python3.12/site-packages/airflow/example_dags/example_xcomargs.py
[2026-04-26T23:32:45.066+0000] {logging_mixin.py:188} INFO - [2026-04-26T23:32:45.066+0000] {dag.py:3096} INFO - Sync 2 DAGs
[2026-04-26T23:32:45.073+0000] {logging_mixin.py:188} INFO - [2026-04-26T23:32:45.073+0000] {dag.py:3954} INFO - Setting next_dagrun for example_xcom_args to None, run_after=None
[2026-04-26T23:32:45.075+0000] {logging_mixin.py:188} INFO - [2026-04-26T23:32:45.075+0000] {dag.py:3954} INFO - Setting next_dagrun for example_xcom_args_with_operators to None, run_after=None
[2026-04-26T23:32:45.083+0000] {processor.py:183} INFO - Processing /home/airflow/.local/lib/python3.12/site-packages/airflow/example_dags/example_xcomargs.py took 0.038 seconds
[2026-04-26T23:33:16.086+0000] {processor.py:161} INFO - Started process (PID=2967) to work on /home/airflow/.local/lib/python3.12/site-packages/airflow/example_dags/example_xcomargs.py
[2026-04-26T23:33:16.087+0000] {processor.py:830} INFO - Processing file /home/airflow/.local/lib/python3.12/site-packages/airflow/example_dags/example_xcomargs.py for tasks to queue
[2026-04-26T23:33:16.088+0000] {logging_mixin.py:188} INFO - [2026-04-26T23:33:16.088+0000] {dagbag.py:545} INFO - Filling up the DagBag from /home/airflow/.local/lib/python3.12/site-packages/airflow/example_dags/example_xcomargs.py
[2026-04-26T23:33:16.094+0000] {processor.py:840} INFO - DAG(s) 'example_xcom_args', 'example_xcom_args_with_operators' retrieved from /home/airflow/.local/lib/python3.12/site-packages/airflow/example_dags/example_xcomargs.py
[2026-04-26T23:33:16.108+0000] {logging_mixin.py:188} INFO - [2026-04-26T23:33:16.108+0000] {dag.py:3096} INFO - Sync 2 DAGs
[2026-04-26T23:33:16.116+0000] {logging_mixin.py:188} INFO - [2026-04-26T23:33:16.116+0000] {dag.py:3954} INFO - Setting next_dagrun for example_xcom_args to None, run_after=None
[2026-04-26T23:33:16.119+0000] {logging_mixin.py:188} INFO - [2026-04-26T23:33:16.118+0000] {dag.py:3954} INFO - Setting next_dagrun for example_xcom_args_with_operators to None, run_after=None
[2026-04-26T23:33:16.129+0000] {processor.py:183} INFO - Processing /home/airflow/.local/lib/python3.12/site-packages/airflow/example_dags/example_xcomargs.py took 0.047 seconds
[2026-04-26T23:33:47.081+0000] {processor.py:161} INFO - Started process (PID=3031) to work on /home/airflow/.local/lib/python3.12/site-packages/airflow/example_dags/example_xcomargs.py
[2026-04-26T23:33:47.082+0000] {processor.py:830} INFO - Processing file /home/airflow/.local/lib/python3.12/site-packages/airflow/example_dags/example_xcomargs.py for tasks to queue
[2026-04-26T23:33:47.083+0000] {logging_mixin.py:188} INFO - [2026-04-26T23:33:47.082+0000] {dagbag.py:545} INFO - Filling up the DagBag from /home/airflow/.local/lib/python3.12/site-packages/airflow/example_dags/example_xcomargs.py
[2026-04-26T23:33:47.087+0000] {processor.py:840} INFO - DAG(s) 'example_xcom_args_with_operators', 'example_xcom_args' retrieved from /home/airflow/.local/lib/python3.12/site-packages/airflow/example_dags/example_xcomargs.py
[2026-04-26T23:33:47.100+0000] {logging_mixin.py:188} INFO - [2026-04-26T23:33:47.100+0000] {dag.py:3096} INFO - Sync 2 DAGs
[2026-04-26T23:33:47.107+0000] {logging_mixin.py:188} INFO - [2026-04-26T23:33:47.107+0000] {dag.py:3954} INFO - Setting next_dagrun for example_xcom_args to None, run_after=None
[2026-04-26T23:33:47.109+0000] {logging_mixin.py:188} INFO - [2026-04-26T23:33:47.109+0000] {dag.py:3954} INFO - Setting next_dagrun for example_xcom_args_with_operators to None, run_after=None
[2026-04-26T23:33:47.119+0000] {processor.py:183} INFO - Processing /home/airflow/.local/lib/python3.12/site-packages/airflow/example_dags/example_xcomargs.py took 0.041 seconds
[2026-04-26T23:34:17.252+0000] {processor.py:161} INFO - Started process (PID=3090) to work on /home/airflow/.local/lib/python3.12/site-packages/airflow/example_dags/example_xcomargs.py
[2026-04-26T23:34:17.252+0000] {processor.py:830} INFO - Processing file /home/airflow/.local/lib/python3.12/site-packages/airflow/example_dags/example_xcomargs.py for tasks to queue
[2026-04-26T23:34:17.254+0000] {logging_mixin.py:188} INFO - [2026-04-26T23:34:17.253+0000] {dagbag.py:545} INFO - Filling up the DagBag from /home/airflow/.local/lib/python3.12/site-packages/airflow/example_dags/example_xcomargs.py
[2026-04-26T23:34:17.258+0000] {processor.py:840} INFO - DAG(s) 'example_xcom_args_with_operators', 'example_xcom_args' retrieved from /home/airflow/.local/lib/python3.12/site-packages/airflow/example_dags/example_xcomargs.py
[2026-04-26T23:34:17.272+0000] {logging_mixin.py:188} INFO - [2026-04-26T23:34:17.272+0000] {dag.py:3096} INFO - Sync 2 DAGs
[2026-04-26T23:34:17.279+0000] {logging_mixin.py:188} INFO - [2026-04-26T23:34:17.279+0000] {dag.py:3954} INFO - Setting next_dagrun for example_xcom_args to None, run_after=None
[2026-04-26T23:34:17.281+0000] {logging_mixin.py:188} INFO - [2026-04-26T23:34:17.281+0000] {dag.py:3954} INFO - Setting next_dagrun for example_xcom_args_with_operators to None, run_after=None
[2026-04-26T23:34:17.291+0000] {processor.py:183} INFO - Processing /home/airflow/.local/lib/python3.12/site-packages/airflow/example_dags/example_xcomargs.py took 0.043 seconds
[2026-04-26T23:34:47.381+0000] {processor.py:161} INFO - Started process (PID=3149) to work on /home/airflow/.local/lib/python3.12/site-packages/airflow/example_dags/example_xcomargs.py
[2026-04-26T23:34:47.381+0000] {processor.py:830} INFO - Processing file /home/airflow/.local/lib/python3.12/site-packages/airflow/example_dags/example_xcomargs.py for tasks to queue
[2026-04-26T23:34:47.382+0000] {logging_mixin.py:188} INFO - [2026-04-26T23:34:47.382+0000] {dagbag.py:545} INFO - Filling up the DagBag from /home/airflow/.local/lib/python3.12/site-packages/airflow/example_dags/example_xcomargs.py
[2026-04-26T23:34:47.388+0000] {processor.py:840} INFO - DAG(s) 'example_xcom_args', 'example_xcom_args_with_operators' retrieved from /home/airflow/.local/lib/python3.12/site-packages/airflow/example_dags/example_xcomargs.py
[2026-04-26T23:34:47.401+0000] {logging_mixin.py:188} INFO - [2026-04-26T23:34:47.401+0000] {dag.py:3096} INFO - Sync 2 DAGs
[2026-04-26T23:34:47.410+0000] {logging_mixin.py:188} INFO - [2026-04-26T23:34:47.409+0000] {dag.py:3954} INFO - Setting next_dagrun for example_xcom_args to None, run_after=None
[2026-04-26T23:34:47.412+0000] {logging_mixin.py:188} INFO - [2026-04-26T23:34:47.411+0000] {dag.py:3954} INFO - Setting next_dagrun for example_xcom_args_with_operators to None, run_after=None
[2026-04-26T23:34:47.420+0000] {processor.py:183} INFO - Processing /home/airflow/.local/lib/python3.12/site-packages/airflow/example_dags/example_xcomargs.py took 0.043 seconds
[2026-04-26T23:35:18.018+0000] {processor.py:161} INFO - Started process (PID=3208) to work on /home/airflow/.local/lib/python3.12/site-packages/airflow/example_dags/example_xcomargs.py
[2026-04-26T23:35:18.019+0000] {processor.py:830} INFO - Processing file /home/airflow/.local/lib/python3.12/site-packages/airflow/example_dags/example_xcomargs.py for tasks to queue
[2026-04-26T23:35:18.020+0000] {logging_mixin.py:188} INFO - [2026-04-26T23:35:18.020+0000] {dagbag.py:545} INFO - Filling up the DagBag from /home/airflow/.local/lib/python3.12/site-packages/airflow/example_dags/example_xcomargs.py
[2026-04-26T23:35:18.025+0000] {processor.py:840} INFO - DAG(s) 'example_xcom_args_with_operators', 'example_xcom_args' retrieved from /home/airflow/.local/lib/python3.12/site-packages/airflow/example_dags/example_xcomargs.py
[2026-04-26T23:35:18.042+0000] {logging_mixin.py:188} INFO - [2026-04-26T23:35:18.041+0000] {dag.py:3096} INFO - Sync 2 DAGs
[2026-04-26T23:35:18.051+0000] {logging_mixin.py:188} INFO - [2026-04-26T23:35:18.051+0000] {dag.py:3954} INFO - Setting next_dagrun for example_xcom_args to None, run_after=None
[2026-04-26T23:35:18.053+0000] {logging_mixin.py:188} INFO - [2026-04-26T23:35:18.053+0000] {dag.py:3954} INFO - Setting next_dagrun for example_xcom_args_with_operators to None, run_after=None
[2026-04-26T23:35:18.063+0000] {processor.py:183} INFO - Processing /home/airflow/.local/lib/python3.12/site-packages/airflow/example_dags/example_xcomargs.py took 0.049 seconds
[2026-04-26T23:35:48.773+0000] {processor.py:161} INFO - Started process (PID=3267) to work on /home/airflow/.local/lib/python3.12/site-packages/airflow/example_dags/example_xcomargs.py
[2026-04-26T23:35:48.773+0000] {processor.py:830} INFO - Processing file /home/airflow/.local/lib/python3.12/site-packages/airflow/example_dags/example_xcomargs.py for tasks to queue
[2026-04-26T23:35:48.774+0000] {logging_mixin.py:188} INFO - [2026-04-26T23:35:48.774+0000] {dagbag.py:545} INFO - Filling up the DagBag from /home/airflow/.local/lib/python3.12/site-packages/airflow/example_dags/example_xcomargs.py
[2026-04-26T23:35:48.779+0000] {processor.py:840} INFO - DAG(s) 'example_xcom_args', 'example_xcom_args_with_operators' retrieved from /home/airflow/.local/lib/python3.12/site-packages/airflow/example_dags/example_xcomargs.py
[2026-04-26T23:35:48.794+0000] {logging_mixin.py:188} INFO - [2026-04-26T23:35:48.794+0000] {dag.py:3096} INFO - Sync 2 DAGs
[2026-04-26T23:35:48.801+0000] {logging_mixin.py:188} INFO - [2026-04-26T23:35:48.801+0000] {dag.py:3954} INFO - Setting next_dagrun for example_xcom_args to None, run_after=None
[2026-04-26T23:35:48.803+0000] {logging_mixin.py:188} INFO - [2026-04-26T23:35:48.803+0000] {dag.py:3954} INFO - Setting next_dagrun for example_xcom_args_with_operators to None, run_after=None
[2026-04-26T23:35:48.811+0000] {processor.py:183} INFO - Processing /home/airflow/.local/lib/python3.12/site-packages/airflow/example_dags/example_xcomargs.py took 0.042 seconds
[2026-04-26T23:36:19.476+0000] {processor.py:161} INFO - Started process (PID=3326) to work on /home/airflow/.local/lib/python3.12/site-packages/airflow/example_dags/example_xcomargs.py
[2026-04-26T23:36:19.477+0000] {processor.py:830} INFO - Processing file /home/airflow/.local/lib/python3.12/site-packages/airflow/example_dags/example_xcomargs.py for tasks to queue
[2026-04-26T23:36:19.478+0000] {logging_mixin.py:188} INFO - [2026-04-26T23:36:19.478+0000] {dagbag.py:545} INFO - Filling up the DagBag from /home/airflow/.local/lib/python3.12/site-packages/airflow/example_dags/example_xcomargs.py
[2026-04-26T23:36:19.483+0000] {processor.py:840} INFO - DAG(s) 'example_xcom_args_with_operators', 'example_xcom_args' retrieved from /home/airflow/.local/lib/python3.12/site-packages/airflow/example_dags/example_xcomargs.py
[2026-04-26T23:36:19.495+0000] {logging_mixin.py:188} INFO - [2026-04-26T23:36:19.495+0000] {dag.py:3096} INFO - Sync 2 DAGs
[2026-04-26T23:36:19.503+0000] {logging_mixin.py:188} INFO - [2026-04-26T23:36:19.503+0000] {dag.py:3954} INFO - Setting next_dagrun for example_xcom_args to None, run_after=None
[2026-04-26T23:36:19.505+0000] {logging_mixin.py:188} INFO - [2026-04-26T23:36:19.505+0000] {dag.py:3954} INFO - Setting next_dagrun for example_xcom_args_with_operators to None, run_after=None
[2026-04-26T23:36:19.514+0000] {processor.py:183} INFO - Processing /home/airflow/.local/lib/python3.12/site-packages/airflow/example_dags/example_xcomargs.py took 0.042 seconds
[2026-04-26T23:36:50.143+0000] {processor.py:161} INFO - Started process (PID=3385) to work on /home/airflow/.local/lib/python3.12/site-packages/airflow/example_dags/example_xcomargs.py
[2026-04-26T23:36:50.144+0000] {processor.py:830} INFO - Processing file /home/airflow/.local/lib/python3.12/site-packages/airflow/example_dags/example_xcomargs.py for tasks to queue
[2026-04-26T23:36:50.145+0000] {logging_mixin.py:188} INFO - [2026-04-26T23:36:50.145+0000] {dagbag.py:545} INFO - Filling up the DagBag from /home/airflow/.local/lib/python3.12/site-packages/airflow/example_dags/example_xcomargs.py
[2026-04-26T23:36:50.150+0000] {processor.py:840} INFO - DAG(s) 'example_xcom_args_with_operators', 'example_xcom_args' retrieved from /home/airflow/.local/lib/python3.12/site-packages/airflow/example_dags/example_xcomargs.py
[2026-04-26T23:36:50.163+0000] {logging_mixin.py:188} INFO - [2026-04-26T23:36:50.163+0000] {dag.py:3096} INFO - Sync 2 DAGs
[2026-04-26T23:36:50.170+0000] {logging_mixin.py:188} INFO - [2026-04-26T23:36:50.170+0000] {dag.py:3954} INFO - Setting next_dagrun for example_xcom_args to None, run_after=None
[2026-04-26T23:36:50.173+0000] {logging_mixin.py:188} INFO - [2026-04-26T23:36:50.173+0000] {dag.py:3954} INFO - Setting next_dagrun for example_xcom_args_with_operators to None, run_after=None
[2026-04-26T23:36:50.182+0000] {processor.py:183} INFO - Processing /home/airflow/.local/lib/python3.12/site-packages/airflow/example_dags/example_xcomargs.py took 0.043 seconds
[2026-04-26T23:37:20.930+0000] {processor.py:161} INFO - Started process (PID=3450) to work on /home/airflow/.local/lib/python3.12/site-packages/airflow/example_dags/example_xcomargs.py
[2026-04-26T23:37:20.931+0000] {processor.py:830} INFO - Processing file /home/airflow/.local/lib/python3.12/site-packages/airflow/example_dags/example_xcomargs.py for tasks to queue
[2026-04-26T23:37:20.932+0000] {logging_mixin.py:188} INFO - [2026-04-26T23:37:20.932+0000] {dagbag.py:545} INFO - Filling up the DagBag from /home/airflow/.local/lib/python3.12/site-packages/airflow/example_dags/example_xcomargs.py
[2026-04-26T23:37:20.937+0000] {processor.py:840} INFO - DAG(s) 'example_xcom_args', 'example_xcom_args_with_operators' retrieved from /home/airflow/.local/lib/python3.12/site-packages/airflow/example_dags/example_xcomargs.py
[2026-04-26T23:37:20.952+0000] {logging_mixin.py:188} INFO - [2026-04-26T23:37:20.952+0000] {dag.py:3096} INFO - Sync 2 DAGs
[2026-04-26T23:37:20.961+0000] {logging_mixin.py:188} INFO - [2026-04-26T23:37:20.961+0000] {dag.py:3954} INFO - Setting next_dagrun for example_xcom_args to None, run_after=None
[2026-04-26T23:37:20.963+0000] {logging_mixin.py:188} INFO - [2026-04-26T23:37:20.963+0000] {dag.py:3954} INFO - Setting next_dagrun for example_xcom_args_with_operators to None, run_after=None
[2026-04-26T23:37:20.973+0000] {processor.py:183} INFO - Processing /home/airflow/.local/lib/python3.12/site-packages/airflow/example_dags/example_xcomargs.py took 0.047 seconds
[2026-04-26T23:37:51.649+0000] {processor.py:161} INFO - Started process (PID=3509) to work on /home/airflow/.local/lib/python3.12/site-packages/airflow/example_dags/example_xcomargs.py
[2026-04-26T23:37:51.650+0000] {processor.py:830} INFO - Processing file /home/airflow/.local/lib/python3.12/site-packages/airflow/example_dags/example_xcomargs.py for tasks to queue
[2026-04-26T23:37:51.651+0000] {logging_mixin.py:188} INFO - [2026-04-26T23:37:51.650+0000] {dagbag.py:545} INFO - Filling up the DagBag from /home/airflow/.local/lib/python3.12/site-packages/airflow/example_dags/example_xcomargs.py
[2026-04-26T23:37:51.656+0000] {processor.py:840} INFO - DAG(s) 'example_xcom_args_with_operators', 'example_xcom_args' retrieved from /home/airflow/.local/lib/python3.12/site-packages/airflow/example_dags/example_xcomargs.py
[2026-04-26T23:37:51.669+0000] {logging_mixin.py:188} INFO - [2026-04-26T23:37:51.669+0000] {dag.py:3096} INFO - Sync 2 DAGs
[2026-04-26T23:37:51.676+0000] {logging_mixin.py:188} INFO - [2026-04-26T23:37:51.676+0000] {dag.py:3954} INFO - Setting next_dagrun for example_xcom_args to None, run_after=None
[2026-04-26T23:37:51.678+0000] {logging_mixin.py:188} INFO - [2026-04-26T23:37:51.678+0000] {dag.py:3954} INFO - Setting next_dagrun for example_xcom_args_with_operators to None, run_after=None
[2026-04-26T23:37:51.687+0000] {processor.py:183} INFO - Processing /home/airflow/.local/lib/python3.12/site-packages/airflow/example_dags/example_xcomargs.py took 0.041 seconds
[2026-04-26T23:38:22.385+0000] {processor.py:161} INFO - Started process (PID=3568) to work on /home/airflow/.local/lib/python3.12/site-packages/airflow/example_dags/example_xcomargs.py
[2026-04-26T23:38:22.386+0000] {processor.py:830} INFO - Processing file /home/airflow/.local/lib/python3.12/site-packages/airflow/example_dags/example_xcomargs.py for tasks to queue
[2026-04-26T23:38:22.387+0000] {logging_mixin.py:188} INFO - [2026-04-26T23:38:22.387+0000] {dagbag.py:545} INFO - Filling up the DagBag from /home/airflow/.local/lib/python3.12/site-packages/airflow/example_dags/example_xcomargs.py
[2026-04-26T23:38:22.392+0000] {processor.py:840} INFO - DAG(s) 'example_xcom_args', 'example_xcom_args_with_operators' retrieved from /home/airflow/.local/lib/python3.12/site-packages/airflow/example_dags/example_xcomargs.py
[2026-04-26T23:38:22.406+0000] {logging_mixin.py:188} INFO - [2026-04-26T23:38:22.406+0000] {dag.py:3096} INFO - Sync 2 DAGs
[2026-04-26T23:38:22.414+0000] {logging_mixin.py:188} INFO - [2026-04-26T23:38:22.414+0000] {dag.py:3954} INFO - Setting next_dagrun for example_xcom_args to None, run_after=None
[2026-04-26T23:38:22.416+0000] {logging_mixin.py:188} INFO - [2026-04-26T23:38:22.416+0000] {dag.py:3954} INFO - Setting next_dagrun for example_xcom_args_with_operators to None, run_after=None
[2026-04-26T23:38:22.425+0000] {processor.py:183} INFO - Processing /home/airflow/.local/lib/python3.12/site-packages/airflow/example_dags/example_xcomargs.py took 0.043 seconds
[2026-04-26T23:38:47.330+0000] {processor.py:161} INFO - Started process (PID=110) to work on /home/airflow/.local/lib/python3.12/site-packages/airflow/example_dags/example_xcomargs.py
[2026-04-26T23:38:47.330+0000] {processor.py:830} INFO - Processing file /home/airflow/.local/lib/python3.12/site-packages/airflow/example_dags/example_xcomargs.py for tasks to queue
[2026-04-26T23:38:47.331+0000] {logging_mixin.py:188} INFO - [2026-04-26T23:38:47.331+0000] {dagbag.py:545} INFO - Filling up the DagBag from /home/airflow/.local/lib/python3.12/site-packages/airflow/example_dags/example_xcomargs.py
[2026-04-26T23:38:47.337+0000] {processor.py:840} INFO - DAG(s) 'example_xcom_args', 'example_xcom_args_with_operators' retrieved from /home/airflow/.local/lib/python3.12/site-packages/airflow/example_dags/example_xcomargs.py
[2026-04-26T23:38:47.345+0000] {logging_mixin.py:188} INFO - [2026-04-26T23:38:47.345+0000] {dag.py:3096} INFO - Sync 2 DAGs
[2026-04-26T23:38:47.354+0000] {logging_mixin.py:188} INFO - [2026-04-26T23:38:47.354+0000] {dag.py:3954} INFO - Setting next_dagrun for example_xcom_args to None, run_after=None
[2026-04-26T23:38:47.356+0000] {logging_mixin.py:188} INFO - [2026-04-26T23:38:47.356+0000] {dag.py:3954} INFO - Setting next_dagrun for example_xcom_args_with_operators to None, run_after=None
[2026-04-26T23:38:47.366+0000] {processor.py:183} INFO - Processing /home/airflow/.local/lib/python3.12/site-packages/airflow/example_dags/example_xcomargs.py took 0.040 seconds
[2026-04-26T23:39:18.797+0000] {processor.py:161} INFO - Started process (PID=169) to work on /home/airflow/.local/lib/python3.12/site-packages/airflow/example_dags/example_xcomargs.py
[2026-04-26T23:39:18.798+0000] {processor.py:830} INFO - Processing file /home/airflow/.local/lib/python3.12/site-packages/airflow/example_dags/example_xcomargs.py for tasks to queue
[2026-04-26T23:39:18.799+0000] {logging_mixin.py:188} INFO - [2026-04-26T23:39:18.798+0000] {dagbag.py:545} INFO - Filling up the DagBag from /home/airflow/.local/lib/python3.12/site-packages/airflow/example_dags/example_xcomargs.py
[2026-04-26T23:39:18.803+0000] {processor.py:840} INFO - DAG(s) 'example_xcom_args', 'example_xcom_args_with_operators' retrieved from /home/airflow/.local/lib/python3.12/site-packages/airflow/example_dags/example_xcomargs.py
[2026-04-26T23:39:18.860+0000] {logging_mixin.py:188} INFO - [2026-04-26T23:39:18.860+0000] {dag.py:3096} INFO - Sync 2 DAGs
[2026-04-26T23:39:18.866+0000] {logging_mixin.py:188} INFO - [2026-04-26T23:39:18.866+0000] {dag.py:3954} INFO - Setting next_dagrun for example_xcom_args to None, run_after=None
[2026-04-26T23:39:18.868+0000] {logging_mixin.py:188} INFO - [2026-04-26T23:39:18.868+0000] {dag.py:3954} INFO - Setting next_dagrun for example_xcom_args_with_operators to None, run_after=None
[2026-04-26T23:39:18.896+0000] {processor.py:183} INFO - Processing /home/airflow/.local/lib/python3.12/site-packages/airflow/example_dags/example_xcomargs.py took 0.102 seconds
[2026-04-26T23:39:49.807+0000] {processor.py:161} INFO - Started process (PID=228) to work on /home/airflow/.local/lib/python3.12/site-packages/airflow/example_dags/example_xcomargs.py
[2026-04-26T23:39:49.808+0000] {processor.py:830} INFO - Processing file /home/airflow/.local/lib/python3.12/site-packages/airflow/example_dags/example_xcomargs.py for tasks to queue
[2026-04-26T23:39:49.809+0000] {logging_mixin.py:188} INFO - [2026-04-26T23:39:49.809+0000] {dagbag.py:545} INFO - Filling up the DagBag from /home/airflow/.local/lib/python3.12/site-packages/airflow/example_dags/example_xcomargs.py
[2026-04-26T23:39:49.815+0000] {processor.py:840} INFO - DAG(s) 'example_xcom_args_with_operators', 'example_xcom_args' retrieved from /home/airflow/.local/lib/python3.12/site-packages/airflow/example_dags/example_xcomargs.py
[2026-04-26T23:39:49.829+0000] {logging_mixin.py:188} INFO - [2026-04-26T23:39:49.829+0000] {dag.py:3096} INFO - Sync 2 DAGs
[2026-04-26T23:39:49.837+0000] {logging_mixin.py:188} INFO - [2026-04-26T23:39:49.837+0000] {dag.py:3954} INFO - Setting next_dagrun for example_xcom_args to None, run_after=None
[2026-04-26T23:39:49.839+0000] {logging_mixin.py:188} INFO - [2026-04-26T23:39:49.839+0000] {dag.py:3954} INFO - Setting next_dagrun for example_xcom_args_with_operators to None, run_after=None
[2026-04-26T23:39:49.848+0000] {processor.py:183} INFO - Processing /home/airflow/.local/lib/python3.12/site-packages/airflow/example_dags/example_xcomargs.py took 0.045 seconds
[2026-04-26T23:40:20.605+0000] {processor.py:161} INFO - Started process (PID=287) to work on /home/airflow/.local/lib/python3.12/site-packages/airflow/example_dags/example_xcomargs.py
[2026-04-26T23:40:20.606+0000] {processor.py:830} INFO - Processing file /home/airflow/.local/lib/python3.12/site-packages/airflow/example_dags/example_xcomargs.py for tasks to queue
[2026-04-26T23:40:20.606+0000] {logging_mixin.py:188} INFO - [2026-04-26T23:40:20.606+0000] {dagbag.py:545} INFO - Filling up the DagBag from /home/airflow/.local/lib/python3.12/site-packages/airflow/example_dags/example_xcomargs.py
[2026-04-26T23:40:20.611+0000] {processor.py:840} INFO - DAG(s) 'example_xcom_args', 'example_xcom_args_with_operators' retrieved from /home/airflow/.local/lib/python3.12/site-packages/airflow/example_dags/example_xcomargs.py
[2026-04-26T23:40:20.623+0000] {logging_mixin.py:188} INFO - [2026-04-26T23:40:20.623+0000] {dag.py:3096} INFO - Sync 2 DAGs
[2026-04-26T23:40:20.630+0000] {logging_mixin.py:188} INFO - [2026-04-26T23:40:20.630+0000] {dag.py:3954} INFO - Setting next_dagrun for example_xcom_args to None, run_after=None
[2026-04-26T23:40:20.632+0000] {logging_mixin.py:188} INFO - [2026-04-26T23:40:20.631+0000] {dag.py:3954} INFO - Setting next_dagrun for example_xcom_args_with_operators to None, run_after=None
[2026-04-26T23:40:20.639+0000] {processor.py:183} INFO - Processing /home/airflow/.local/lib/python3.12/site-packages/airflow/example_dags/example_xcomargs.py took 0.037 seconds
[2026-04-26T23:40:50.727+0000] {processor.py:161} INFO - Started process (PID=346) to work on /home/airflow/.local/lib/python3.12/site-packages/airflow/example_dags/example_xcomargs.py
[2026-04-26T23:40:50.728+0000] {processor.py:830} INFO - Processing file /home/airflow/.local/lib/python3.12/site-packages/airflow/example_dags/example_xcomargs.py for tasks to queue
[2026-04-26T23:40:50.729+0000] {logging_mixin.py:188} INFO - [2026-04-26T23:40:50.729+0000] {dagbag.py:545} INFO - Filling up the DagBag from /home/airflow/.local/lib/python3.12/site-packages/airflow/example_dags/example_xcomargs.py
[2026-04-26T23:40:50.733+0000] {processor.py:840} INFO - DAG(s) 'example_xcom_args', 'example_xcom_args_with_operators' retrieved from /home/airflow/.local/lib/python3.12/site-packages/airflow/example_dags/example_xcomargs.py
[2026-04-26T23:40:50.745+0000] {logging_mixin.py:188} INFO - [2026-04-26T23:40:50.745+0000] {dag.py:3096} INFO - Sync 2 DAGs
[2026-04-26T23:40:50.752+0000] {logging_mixin.py:188} INFO - [2026-04-26T23:40:50.752+0000] {dag.py:3954} INFO - Setting next_dagrun for example_xcom_args to None, run_after=None
[2026-04-26T23:40:50.755+0000] {logging_mixin.py:188} INFO - [2026-04-26T23:40:50.754+0000] {dag.py:3954} INFO - Setting next_dagrun for example_xcom_args_with_operators to None, run_after=None
[2026-04-26T23:40:50.761+0000] {processor.py:183} INFO - Processing /home/airflow/.local/lib/python3.12/site-packages/airflow/example_dags/example_xcomargs.py took 0.038 seconds
[2026-04-26T23:41:21.618+0000] {processor.py:161} INFO - Started process (PID=405) to work on /home/airflow/.local/lib/python3.12/site-packages/airflow/example_dags/example_xcomargs.py
[2026-04-26T23:41:21.618+0000] {processor.py:830} INFO - Processing file /home/airflow/.local/lib/python3.12/site-packages/airflow/example_dags/example_xcomargs.py for tasks to queue
[2026-04-26T23:41:21.619+0000] {logging_mixin.py:188} INFO - [2026-04-26T23:41:21.619+0000] {dagbag.py:545} INFO - Filling up the DagBag from /home/airflow/.local/lib/python3.12/site-packages/airflow/example_dags/example_xcomargs.py
[2026-04-26T23:41:21.624+0000] {processor.py:840} INFO - DAG(s) 'example_xcom_args', 'example_xcom_args_with_operators' retrieved from /home/airflow/.local/lib/python3.12/site-packages/airflow/example_dags/example_xcomargs.py
[2026-04-26T23:41:21.638+0000] {logging_mixin.py:188} INFO - [2026-04-26T23:41:21.638+0000] {dag.py:3096} INFO - Sync 2 DAGs
[2026-04-26T23:41:21.645+0000] {logging_mixin.py:188} INFO - [2026-04-26T23:41:21.645+0000] {dag.py:3954} INFO - Setting next_dagrun for example_xcom_args to None, run_after=None
[2026-04-26T23:41:21.648+0000] {logging_mixin.py:188} INFO - [2026-04-26T23:41:21.648+0000] {dag.py:3954} INFO - Setting next_dagrun for example_xcom_args_with_operators to None, run_after=None
[2026-04-26T23:41:21.656+0000] {processor.py:183} INFO - Processing /home/airflow/.local/lib/python3.12/site-packages/airflow/example_dags/example_xcomargs.py took 0.042 seconds
[2026-04-26T23:41:51.805+0000] {processor.py:161} INFO - Started process (PID=464) to work on /home/airflow/.local/lib/python3.12/site-packages/airflow/example_dags/example_xcomargs.py
[2026-04-26T23:41:51.806+0000] {processor.py:830} INFO - Processing file /home/airflow/.local/lib/python3.12/site-packages/airflow/example_dags/example_xcomargs.py for tasks to queue
[2026-04-26T23:41:51.807+0000] {logging_mixin.py:188} INFO - [2026-04-26T23:41:51.807+0000] {dagbag.py:545} INFO - Filling up the DagBag from /home/airflow/.local/lib/python3.12/site-packages/airflow/example_dags/example_xcomargs.py
[2026-04-26T23:41:51.813+0000] {processor.py:840} INFO - DAG(s) 'example_xcom_args', 'example_xcom_args_with_operators' retrieved from /home/airflow/.local/lib/python3.12/site-packages/airflow/example_dags/example_xcomargs.py
[2026-04-26T23:41:51.827+0000] {logging_mixin.py:188} INFO - [2026-04-26T23:41:51.827+0000] {dag.py:3096} INFO - Sync 2 DAGs
[2026-04-26T23:41:51.835+0000] {logging_mixin.py:188} INFO - [2026-04-26T23:41:51.834+0000] {dag.py:3954} INFO - Setting next_dagrun for example_xcom_args to None, run_after=None
[2026-04-26T23:41:51.836+0000] {logging_mixin.py:188} INFO - [2026-04-26T23:41:51.836+0000] {dag.py:3954} INFO - Setting next_dagrun for example_xcom_args_with_operators to None, run_after=None
[2026-04-26T23:41:51.844+0000] {processor.py:183} INFO - Processing /home/airflow/.local/lib/python3.12/site-packages/airflow/example_dags/example_xcomargs.py took 0.043 seconds
[2026-04-26T23:42:21.964+0000] {processor.py:161} INFO - Started process (PID=523) to work on /home/airflow/.local/lib/python3.12/site-packages/airflow/example_dags/example_xcomargs.py
[2026-04-26T23:42:21.965+0000] {processor.py:830} INFO - Processing file /home/airflow/.local/lib/python3.12/site-packages/airflow/example_dags/example_xcomargs.py for tasks to queue
[2026-04-26T23:42:21.966+0000] {logging_mixin.py:188} INFO - [2026-04-26T23:42:21.966+0000] {dagbag.py:545} INFO - Filling up the DagBag from /home/airflow/.local/lib/python3.12/site-packages/airflow/example_dags/example_xcomargs.py
[2026-04-26T23:42:21.971+0000] {processor.py:840} INFO - DAG(s) 'example_xcom_args', 'example_xcom_args_with_operators' retrieved from /home/airflow/.local/lib/python3.12/site-packages/airflow/example_dags/example_xcomargs.py
[2026-04-26T23:42:21.986+0000] {logging_mixin.py:188} INFO - [2026-04-26T23:42:21.986+0000] {dag.py:3096} INFO - Sync 2 DAGs
[2026-04-26T23:42:21.994+0000] {logging_mixin.py:188} INFO - [2026-04-26T23:42:21.993+0000] {dag.py:3954} INFO - Setting next_dagrun for example_xcom_args to None, run_after=None
[2026-04-26T23:42:21.996+0000] {logging_mixin.py:188} INFO - [2026-04-26T23:42:21.995+0000] {dag.py:3954} INFO - Setting next_dagrun for example_xcom_args_with_operators to None, run_after=None
[2026-04-26T23:42:22.004+0000] {processor.py:183} INFO - Processing /home/airflow/.local/lib/python3.12/site-packages/airflow/example_dags/example_xcomargs.py took 0.044 seconds
[2026-04-26T23:43:21.933+0000] {processor.py:161} INFO - Started process (PID=110) to work on /home/airflow/.local/lib/python3.12/site-packages/airflow/example_dags/example_xcomargs.py
[2026-04-26T23:43:21.933+0000] {processor.py:830} INFO - Processing file /home/airflow/.local/lib/python3.12/site-packages/airflow/example_dags/example_xcomargs.py for tasks to queue
[2026-04-26T23:43:21.934+0000] {logging_mixin.py:188} INFO - [2026-04-26T23:43:21.934+0000] {dagbag.py:545} INFO - Filling up the DagBag from /home/airflow/.local/lib/python3.12/site-packages/airflow/example_dags/example_xcomargs.py
[2026-04-26T23:43:21.940+0000] {processor.py:840} INFO - DAG(s) 'example_xcom_args_with_operators', 'example_xcom_args' retrieved from /home/airflow/.local/lib/python3.12/site-packages/airflow/example_dags/example_xcomargs.py
[2026-04-26T23:43:21.946+0000] {logging_mixin.py:188} INFO - [2026-04-26T23:43:21.946+0000] {dag.py:3096} INFO - Sync 2 DAGs
[2026-04-26T23:43:21.955+0000] {logging_mixin.py:188} INFO - [2026-04-26T23:43:21.954+0000] {dag.py:3954} INFO - Setting next_dagrun for example_xcom_args to None, run_after=None
[2026-04-26T23:43:21.957+0000] {logging_mixin.py:188} INFO - [2026-04-26T23:43:21.956+0000] {dag.py:3954} INFO - Setting next_dagrun for example_xcom_args_with_operators to None, run_after=None
[2026-04-26T23:43:21.967+0000] {processor.py:183} INFO - Processing /home/airflow/.local/lib/python3.12/site-packages/airflow/example_dags/example_xcomargs.py took 0.038 seconds
[2026-04-26T23:43:53.944+0000] {processor.py:161} INFO - Started process (PID=169) to work on /home/airflow/.local/lib/python3.12/site-packages/airflow/example_dags/example_xcomargs.py
[2026-04-26T23:43:53.945+0000] {processor.py:830} INFO - Processing file /home/airflow/.local/lib/python3.12/site-packages/airflow/example_dags/example_xcomargs.py for tasks to queue
[2026-04-26T23:43:53.946+0000] {logging_mixin.py:188} INFO - [2026-04-26T23:43:53.946+0000] {dagbag.py:545} INFO - Filling up the DagBag from /home/airflow/.local/lib/python3.12/site-packages/airflow/example_dags/example_xcomargs.py
[2026-04-26T23:43:53.951+0000] {processor.py:840} INFO - DAG(s) 'example_xcom_args', 'example_xcom_args_with_operators' retrieved from /home/airflow/.local/lib/python3.12/site-packages/airflow/example_dags/example_xcomargs.py
[2026-04-26T23:43:54.013+0000] {logging_mixin.py:188} INFO - [2026-04-26T23:43:54.012+0000] {dag.py:3096} INFO - Sync 2 DAGs
[2026-04-26T23:43:54.019+0000] {logging_mixin.py:188} INFO - [2026-04-26T23:43:54.019+0000] {dag.py:3954} INFO - Setting next_dagrun for example_xcom_args to None, run_after=None
[2026-04-26T23:43:54.021+0000] {logging_mixin.py:188} INFO - [2026-04-26T23:43:54.021+0000] {dag.py:3954} INFO - Setting next_dagrun for example_xcom_args_with_operators to None, run_after=None
[2026-04-26T23:43:54.057+0000] {processor.py:183} INFO - Processing /home/airflow/.local/lib/python3.12/site-packages/airflow/example_dags/example_xcomargs.py took 0.116 seconds
[2026-04-26T23:44:25.059+0000] {processor.py:161} INFO - Started process (PID=228) to work on /home/airflow/.local/lib/python3.12/site-packages/airflow/example_dags/example_xcomargs.py
[2026-04-26T23:44:25.059+0000] {processor.py:830} INFO - Processing file /home/airflow/.local/lib/python3.12/site-packages/airflow/example_dags/example_xcomargs.py for tasks to queue
[2026-04-26T23:44:25.061+0000] {logging_mixin.py:188} INFO - [2026-04-26T23:44:25.060+0000] {dagbag.py:545} INFO - Filling up the DagBag from /home/airflow/.local/lib/python3.12/site-packages/airflow/example_dags/example_xcomargs.py
[2026-04-26T23:44:25.066+0000] {processor.py:840} INFO - DAG(s) 'example_xcom_args', 'example_xcom_args_with_operators' retrieved from /home/airflow/.local/lib/python3.12/site-packages/airflow/example_dags/example_xcomargs.py
[2026-04-26T23:44:25.081+0000] {logging_mixin.py:188} INFO - [2026-04-26T23:44:25.081+0000] {dag.py:3096} INFO - Sync 2 DAGs
[2026-04-26T23:44:25.089+0000] {logging_mixin.py:188} INFO - [2026-04-26T23:44:25.089+0000] {dag.py:3954} INFO - Setting next_dagrun for example_xcom_args to None, run_after=None
[2026-04-26T23:44:25.092+0000] {logging_mixin.py:188} INFO - [2026-04-26T23:44:25.091+0000] {dag.py:3954} INFO - Setting next_dagrun for example_xcom_args_with_operators to None, run_after=None
[2026-04-26T23:44:25.102+0000] {processor.py:183} INFO - Processing /home/airflow/.local/lib/python3.12/site-packages/airflow/example_dags/example_xcomargs.py took 0.047 seconds
[2026-04-26T23:44:55.198+0000] {processor.py:161} INFO - Started process (PID=287) to work on /home/airflow/.local/lib/python3.12/site-packages/airflow/example_dags/example_xcomargs.py
[2026-04-26T23:44:55.211+0000] {processor.py:830} INFO - Processing file /home/airflow/.local/lib/python3.12/site-packages/airflow/example_dags/example_xcomargs.py for tasks to queue
[2026-04-26T23:44:55.212+0000] {logging_mixin.py:188} INFO - [2026-04-26T23:44:55.212+0000] {dagbag.py:545} INFO - Filling up the DagBag from /home/airflow/.local/lib/python3.12/site-packages/airflow/example_dags/example_xcomargs.py
[2026-04-26T23:44:55.217+0000] {processor.py:840} INFO - DAG(s) 'example_xcom_args', 'example_xcom_args_with_operators' retrieved from /home/airflow/.local/lib/python3.12/site-packages/airflow/example_dags/example_xcomargs.py
[2026-04-26T23:44:55.230+0000] {logging_mixin.py:188} INFO - [2026-04-26T23:44:55.230+0000] {dag.py:3096} INFO - Sync 2 DAGs
[2026-04-26T23:44:55.237+0000] {logging_mixin.py:188} INFO - [2026-04-26T23:44:55.237+0000] {dag.py:3954} INFO - Setting next_dagrun for example_xcom_args to None, run_after=None
[2026-04-26T23:44:55.239+0000] {logging_mixin.py:188} INFO - [2026-04-26T23:44:55.239+0000] {dag.py:3954} INFO - Setting next_dagrun for example_xcom_args_with_operators to None, run_after=None
[2026-04-26T23:44:55.246+0000] {processor.py:183} INFO - Processing /home/airflow/.local/lib/python3.12/site-packages/airflow/example_dags/example_xcomargs.py took 0.052 seconds
[2026-04-26T23:45:26.101+0000] {processor.py:161} INFO - Started process (PID=346) to work on /home/airflow/.local/lib/python3.12/site-packages/airflow/example_dags/example_xcomargs.py
[2026-04-26T23:45:26.101+0000] {processor.py:830} INFO - Processing file /home/airflow/.local/lib/python3.12/site-packages/airflow/example_dags/example_xcomargs.py for tasks to queue
[2026-04-26T23:45:26.102+0000] {logging_mixin.py:188} INFO - [2026-04-26T23:45:26.102+0000] {dagbag.py:545} INFO - Filling up the DagBag from /home/airflow/.local/lib/python3.12/site-packages/airflow/example_dags/example_xcomargs.py
[2026-04-26T23:45:26.108+0000] {processor.py:840} INFO - DAG(s) 'example_xcom_args', 'example_xcom_args_with_operators' retrieved from /home/airflow/.local/lib/python3.12/site-packages/airflow/example_dags/example_xcomargs.py
[2026-04-26T23:45:26.121+0000] {logging_mixin.py:188} INFO - [2026-04-26T23:45:26.121+0000] {dag.py:3096} INFO - Sync 2 DAGs
[2026-04-26T23:45:26.128+0000] {logging_mixin.py:188} INFO - [2026-04-26T23:45:26.128+0000] {dag.py:3954} INFO - Setting next_dagrun for example_xcom_args to None, run_after=None
[2026-04-26T23:45:26.130+0000] {logging_mixin.py:188} INFO - [2026-04-26T23:45:26.130+0000] {dag.py:3954} INFO - Setting next_dagrun for example_xcom_args_with_operators to None, run_after=None
[2026-04-26T23:45:26.139+0000] {processor.py:183} INFO - Processing /home/airflow/.local/lib/python3.12/site-packages/airflow/example_dags/example_xcomargs.py took 0.042 seconds
[2026-04-26T23:45:56.827+0000] {processor.py:161} INFO - Started process (PID=405) to work on /home/airflow/.local/lib/python3.12/site-packages/airflow/example_dags/example_xcomargs.py
[2026-04-26T23:45:56.846+0000] {processor.py:830} INFO - Processing file /home/airflow/.local/lib/python3.12/site-packages/airflow/example_dags/example_xcomargs.py for tasks to queue
[2026-04-26T23:45:56.847+0000] {logging_mixin.py:188} INFO - [2026-04-26T23:45:56.847+0000] {dagbag.py:545} INFO - Filling up the DagBag from /home/airflow/.local/lib/python3.12/site-packages/airflow/example_dags/example_xcomargs.py
[2026-04-26T23:45:56.852+0000] {processor.py:840} INFO - DAG(s) 'example_xcom_args', 'example_xcom_args_with_operators' retrieved from /home/airflow/.local/lib/python3.12/site-packages/airflow/example_dags/example_xcomargs.py
[2026-04-26T23:45:56.867+0000] {logging_mixin.py:188} INFO - [2026-04-26T23:45:56.866+0000] {dag.py:3096} INFO - Sync 2 DAGs
[2026-04-26T23:45:56.875+0000] {logging_mixin.py:188} INFO - [2026-04-26T23:45:56.875+0000] {dag.py:3954} INFO - Setting next_dagrun for example_xcom_args to None, run_after=None
[2026-04-26T23:45:56.877+0000] {logging_mixin.py:188} INFO - [2026-04-26T23:45:56.877+0000] {dag.py:3954} INFO - Setting next_dagrun for example_xcom_args_with_operators to None, run_after=None
[2026-04-26T23:45:56.888+0000] {processor.py:183} INFO - Processing /home/airflow/.local/lib/python3.12/site-packages/airflow/example_dags/example_xcomargs.py took 0.065 seconds
[2026-04-26T23:46:27.650+0000] {processor.py:161} INFO - Started process (PID=464) to work on /home/airflow/.local/lib/python3.12/site-packages/airflow/example_dags/example_xcomargs.py
[2026-04-26T23:46:27.651+0000] {processor.py:830} INFO - Processing file /home/airflow/.local/lib/python3.12/site-packages/airflow/example_dags/example_xcomargs.py for tasks to queue
[2026-04-26T23:46:27.652+0000] {logging_mixin.py:188} INFO - [2026-04-26T23:46:27.651+0000] {dagbag.py:545} INFO - Filling up the DagBag from /home/airflow/.local/lib/python3.12/site-packages/airflow/example_dags/example_xcomargs.py
[2026-04-26T23:46:27.657+0000] {processor.py:840} INFO - DAG(s) 'example_xcom_args', 'example_xcom_args_with_operators' retrieved from /home/airflow/.local/lib/python3.12/site-packages/airflow/example_dags/example_xcomargs.py
[2026-04-26T23:46:27.672+0000] {logging_mixin.py:188} INFO - [2026-04-26T23:46:27.672+0000] {dag.py:3096} INFO - Sync 2 DAGs
[2026-04-26T23:46:27.681+0000] {logging_mixin.py:188} INFO - [2026-04-26T23:46:27.680+0000] {dag.py:3954} INFO - Setting next_dagrun for example_xcom_args to None, run_after=None
[2026-04-26T23:46:27.683+0000] {logging_mixin.py:188} INFO - [2026-04-26T23:46:27.682+0000] {dag.py:3954} INFO - Setting next_dagrun for example_xcom_args_with_operators to None, run_after=None
[2026-04-26T23:46:27.692+0000] {processor.py:183} INFO - Processing /home/airflow/.local/lib/python3.12/site-packages/airflow/example_dags/example_xcomargs.py took 0.046 seconds
[2026-04-26T23:46:58.482+0000] {processor.py:161} INFO - Started process (PID=523) to work on /home/airflow/.local/lib/python3.12/site-packages/airflow/example_dags/example_xcomargs.py
[2026-04-26T23:46:58.500+0000] {processor.py:830} INFO - Processing file /home/airflow/.local/lib/python3.12/site-packages/airflow/example_dags/example_xcomargs.py for tasks to queue
[2026-04-26T23:46:58.502+0000] {logging_mixin.py:188} INFO - [2026-04-26T23:46:58.501+0000] {dagbag.py:545} INFO - Filling up the DagBag from /home/airflow/.local/lib/python3.12/site-packages/airflow/example_dags/example_xcomargs.py
[2026-04-26T23:46:58.506+0000] {processor.py:840} INFO - DAG(s) 'example_xcom_args_with_operators', 'example_xcom_args' retrieved from /home/airflow/.local/lib/python3.12/site-packages/airflow/example_dags/example_xcomargs.py
[2026-04-26T23:46:58.521+0000] {logging_mixin.py:188} INFO - [2026-04-26T23:46:58.521+0000] {dag.py:3096} INFO - Sync 2 DAGs
[2026-04-26T23:46:58.528+0000] {logging_mixin.py:188} INFO - [2026-04-26T23:46:58.528+0000] {dag.py:3954} INFO - Setting next_dagrun for example_xcom_args to None, run_after=None
[2026-04-26T23:46:58.530+0000] {logging_mixin.py:188} INFO - [2026-04-26T23:46:58.530+0000] {dag.py:3954} INFO - Setting next_dagrun for example_xcom_args_with_operators to None, run_after=None
[2026-04-26T23:46:58.540+0000] {processor.py:183} INFO - Processing /home/airflow/.local/lib/python3.12/site-packages/airflow/example_dags/example_xcomargs.py took 0.063 seconds
[2026-04-26T23:47:28.858+0000] {processor.py:161} INFO - Started process (PID=582) to work on /home/airflow/.local/lib/python3.12/site-packages/airflow/example_dags/example_xcomargs.py
[2026-04-26T23:47:28.859+0000] {processor.py:830} INFO - Processing file /home/airflow/.local/lib/python3.12/site-packages/airflow/example_dags/example_xcomargs.py for tasks to queue
[2026-04-26T23:47:28.860+0000] {logging_mixin.py:188} INFO - [2026-04-26T23:47:28.860+0000] {dagbag.py:545} INFO - Filling up the DagBag from /home/airflow/.local/lib/python3.12/site-packages/airflow/example_dags/example_xcomargs.py
[2026-04-26T23:47:28.865+0000] {processor.py:840} INFO - DAG(s) 'example_xcom_args_with_operators', 'example_xcom_args' retrieved from /home/airflow/.local/lib/python3.12/site-packages/airflow/example_dags/example_xcomargs.py
[2026-04-26T23:47:28.878+0000] {logging_mixin.py:188} INFO - [2026-04-26T23:47:28.878+0000] {dag.py:3096} INFO - Sync 2 DAGs
[2026-04-26T23:47:28.886+0000] {logging_mixin.py:188} INFO - [2026-04-26T23:47:28.886+0000] {dag.py:3954} INFO - Setting next_dagrun for example_xcom_args to None, run_after=None
[2026-04-26T23:47:28.888+0000] {logging_mixin.py:188} INFO - [2026-04-26T23:47:28.888+0000] {dag.py:3954} INFO - Setting next_dagrun for example_xcom_args_with_operators to None, run_after=None
[2026-04-26T23:47:28.896+0000] {processor.py:183} INFO - Processing /home/airflow/.local/lib/python3.12/site-packages/airflow/example_dags/example_xcomargs.py took 0.041 seconds
[2026-04-26T23:47:58.952+0000] {processor.py:161} INFO - Started process (PID=641) to work on /home/airflow/.local/lib/python3.12/site-packages/airflow/example_dags/example_xcomargs.py
[2026-04-26T23:47:58.973+0000] {processor.py:830} INFO - Processing file /home/airflow/.local/lib/python3.12/site-packages/airflow/example_dags/example_xcomargs.py for tasks to queue
[2026-04-26T23:47:58.975+0000] {logging_mixin.py:188} INFO - [2026-04-26T23:47:58.974+0000] {dagbag.py:545} INFO - Filling up the DagBag from /home/airflow/.local/lib/python3.12/site-packages/airflow/example_dags/example_xcomargs.py
[2026-04-26T23:47:58.981+0000] {processor.py:840} INFO - DAG(s) 'example_xcom_args', 'example_xcom_args_with_operators' retrieved from /home/airflow/.local/lib/python3.12/site-packages/airflow/example_dags/example_xcomargs.py
[2026-04-26T23:47:58.998+0000] {logging_mixin.py:188} INFO - [2026-04-26T23:47:58.998+0000] {dag.py:3096} INFO - Sync 2 DAGs
[2026-04-26T23:47:59.007+0000] {logging_mixin.py:188} INFO - [2026-04-26T23:47:59.007+0000] {dag.py:3954} INFO - Setting next_dagrun for example_xcom_args to None, run_after=None
[2026-04-26T23:47:59.010+0000] {logging_mixin.py:188} INFO - [2026-04-26T23:47:59.010+0000] {dag.py:3954} INFO - Setting next_dagrun for example_xcom_args_with_operators to None, run_after=None
[2026-04-26T23:47:59.021+0000] {processor.py:183} INFO - Processing /home/airflow/.local/lib/python3.12/site-packages/airflow/example_dags/example_xcomargs.py took 0.073 seconds
[2026-04-26T23:48:29.087+0000] {processor.py:161} INFO - Started process (PID=700) to work on /home/airflow/.local/lib/python3.12/site-packages/airflow/example_dags/example_xcomargs.py
[2026-04-26T23:48:29.088+0000] {processor.py:830} INFO - Processing file /home/airflow/.local/lib/python3.12/site-packages/airflow/example_dags/example_xcomargs.py for tasks to queue
[2026-04-26T23:48:29.089+0000] {logging_mixin.py:188} INFO - [2026-04-26T23:48:29.089+0000] {dagbag.py:545} INFO - Filling up the DagBag from /home/airflow/.local/lib/python3.12/site-packages/airflow/example_dags/example_xcomargs.py
[2026-04-26T23:48:29.095+0000] {processor.py:840} INFO - DAG(s) 'example_xcom_args', 'example_xcom_args_with_operators' retrieved from /home/airflow/.local/lib/python3.12/site-packages/airflow/example_dags/example_xcomargs.py
[2026-04-26T23:48:29.113+0000] {logging_mixin.py:188} INFO - [2026-04-26T23:48:29.112+0000] {dag.py:3096} INFO - Sync 2 DAGs
[2026-04-26T23:48:29.123+0000] {logging_mixin.py:188} INFO - [2026-04-26T23:48:29.123+0000] {dag.py:3954} INFO - Setting next_dagrun for example_xcom_args to None, run_after=None
[2026-04-26T23:48:29.125+0000] {logging_mixin.py:188} INFO - [2026-04-26T23:48:29.125+0000] {dag.py:3954} INFO - Setting next_dagrun for example_xcom_args_with_operators to None, run_after=None
[2026-04-26T23:48:29.135+0000] {processor.py:183} INFO - Processing /home/airflow/.local/lib/python3.12/site-packages/airflow/example_dags/example_xcomargs.py took 0.053 seconds
[2026-04-26T23:49:00.033+0000] {processor.py:161} INFO - Started process (PID=759) to work on /home/airflow/.local/lib/python3.12/site-packages/airflow/example_dags/example_xcomargs.py
[2026-04-26T23:49:00.054+0000] {processor.py:830} INFO - Processing file /home/airflow/.local/lib/python3.12/site-packages/airflow/example_dags/example_xcomargs.py for tasks to queue
[2026-04-26T23:49:00.055+0000] {logging_mixin.py:188} INFO - [2026-04-26T23:49:00.055+0000] {dagbag.py:545} INFO - Filling up the DagBag from /home/airflow/.local/lib/python3.12/site-packages/airflow/example_dags/example_xcomargs.py
[2026-04-26T23:49:00.060+0000] {processor.py:840} INFO - DAG(s) 'example_xcom_args', 'example_xcom_args_with_operators' retrieved from /home/airflow/.local/lib/python3.12/site-packages/airflow/example_dags/example_xcomargs.py
[2026-04-26T23:49:00.074+0000] {logging_mixin.py:188} INFO - [2026-04-26T23:49:00.074+0000] {dag.py:3096} INFO - Sync 2 DAGs
[2026-04-26T23:49:00.081+0000] {logging_mixin.py:188} INFO - [2026-04-26T23:49:00.081+0000] {dag.py:3954} INFO - Setting next_dagrun for example_xcom_args to None, run_after=None
[2026-04-26T23:49:00.083+0000] {logging_mixin.py:188} INFO - [2026-04-26T23:49:00.083+0000] {dag.py:3954} INFO - Setting next_dagrun for example_xcom_args_with_operators to None, run_after=None
[2026-04-26T23:49:00.092+0000] {processor.py:183} INFO - Processing /home/airflow/.local/lib/python3.12/site-packages/airflow/example_dags/example_xcomargs.py took 0.062 seconds
[2026-04-26T23:49:30.348+0000] {processor.py:161} INFO - Started process (PID=819) to work on /home/airflow/.local/lib/python3.12/site-packages/airflow/example_dags/example_xcomargs.py
[2026-04-26T23:49:30.349+0000] {processor.py:830} INFO - Processing file /home/airflow/.local/lib/python3.12/site-packages/airflow/example_dags/example_xcomargs.py for tasks to queue
[2026-04-26T23:49:30.350+0000] {logging_mixin.py:188} INFO - [2026-04-26T23:49:30.350+0000] {dagbag.py:545} INFO - Filling up the DagBag from /home/airflow/.local/lib/python3.12/site-packages/airflow/example_dags/example_xcomargs.py
[2026-04-26T23:49:30.355+0000] {processor.py:840} INFO - DAG(s) 'example_xcom_args_with_operators', 'example_xcom_args' retrieved from /home/airflow/.local/lib/python3.12/site-packages/airflow/example_dags/example_xcomargs.py
[2026-04-26T23:49:30.370+0000] {logging_mixin.py:188} INFO - [2026-04-26T23:49:30.370+0000] {dag.py:3096} INFO - Sync 2 DAGs
[2026-04-26T23:49:30.378+0000] {logging_mixin.py:188} INFO - [2026-04-26T23:49:30.378+0000] {dag.py:3954} INFO - Setting next_dagrun for example_xcom_args to None, run_after=None
[2026-04-26T23:49:30.381+0000] {logging_mixin.py:188} INFO - [2026-04-26T23:49:30.381+0000] {dag.py:3954} INFO - Setting next_dagrun for example_xcom_args_with_operators to None, run_after=None
[2026-04-26T23:49:30.390+0000] {processor.py:183} INFO - Processing /home/airflow/.local/lib/python3.12/site-packages/airflow/example_dags/example_xcomargs.py took 0.045 seconds
[2026-04-26T23:50:04.866+0000] {processor.py:161} INFO - Started process (PID=110) to work on /home/airflow/.local/lib/python3.12/site-packages/airflow/example_dags/example_xcomargs.py
[2026-04-26T23:50:04.867+0000] {processor.py:830} INFO - Processing file /home/airflow/.local/lib/python3.12/site-packages/airflow/example_dags/example_xcomargs.py for tasks to queue
[2026-04-26T23:50:04.868+0000] {logging_mixin.py:188} INFO - [2026-04-26T23:50:04.868+0000] {dagbag.py:545} INFO - Filling up the DagBag from /home/airflow/.local/lib/python3.12/site-packages/airflow/example_dags/example_xcomargs.py
[2026-04-26T23:50:04.874+0000] {processor.py:840} INFO - DAG(s) 'example_xcom_args', 'example_xcom_args_with_operators' retrieved from /home/airflow/.local/lib/python3.12/site-packages/airflow/example_dags/example_xcomargs.py
[2026-04-26T23:50:04.881+0000] {logging_mixin.py:188} INFO - [2026-04-26T23:50:04.881+0000] {dag.py:3096} INFO - Sync 2 DAGs
[2026-04-26T23:50:04.890+0000] {logging_mixin.py:188} INFO - [2026-04-26T23:50:04.890+0000] {dag.py:3954} INFO - Setting next_dagrun for example_xcom_args to None, run_after=None
[2026-04-26T23:50:04.892+0000] {logging_mixin.py:188} INFO - [2026-04-26T23:50:04.892+0000] {dag.py:3954} INFO - Setting next_dagrun for example_xcom_args_with_operators to None, run_after=None
[2026-04-26T23:50:04.901+0000] {processor.py:183} INFO - Processing /home/airflow/.local/lib/python3.12/site-packages/airflow/example_dags/example_xcomargs.py took 0.038 seconds
[2026-04-26T23:50:36.994+0000] {processor.py:161} INFO - Started process (PID=169) to work on /home/airflow/.local/lib/python3.12/site-packages/airflow/example_dags/example_xcomargs.py
[2026-04-26T23:50:36.995+0000] {processor.py:830} INFO - Processing file /home/airflow/.local/lib/python3.12/site-packages/airflow/example_dags/example_xcomargs.py for tasks to queue
[2026-04-26T23:50:36.996+0000] {logging_mixin.py:188} INFO - [2026-04-26T23:50:36.996+0000] {dagbag.py:545} INFO - Filling up the DagBag from /home/airflow/.local/lib/python3.12/site-packages/airflow/example_dags/example_xcomargs.py
[2026-04-26T23:50:37.002+0000] {processor.py:840} INFO - DAG(s) 'example_xcom_args_with_operators', 'example_xcom_args' retrieved from /home/airflow/.local/lib/python3.12/site-packages/airflow/example_dags/example_xcomargs.py
[2026-04-26T23:50:37.077+0000] {logging_mixin.py:188} INFO - [2026-04-26T23:50:37.077+0000] {dag.py:3096} INFO - Sync 2 DAGs
[2026-04-26T23:50:37.086+0000] {logging_mixin.py:188} INFO - [2026-04-26T23:50:37.085+0000] {dag.py:3954} INFO - Setting next_dagrun for example_xcom_args to None, run_after=None
[2026-04-26T23:50:37.088+0000] {logging_mixin.py:188} INFO - [2026-04-26T23:50:37.088+0000] {dag.py:3954} INFO - Setting next_dagrun for example_xcom_args_with_operators to None, run_after=None
[2026-04-26T23:50:37.111+0000] {processor.py:183} INFO - Processing /home/airflow/.local/lib/python3.12/site-packages/airflow/example_dags/example_xcomargs.py took 0.121 seconds
[2026-04-26T23:51:08.050+0000] {processor.py:161} INFO - Started process (PID=228) to work on /home/airflow/.local/lib/python3.12/site-packages/airflow/example_dags/example_xcomargs.py
[2026-04-26T23:51:08.067+0000] {processor.py:830} INFO - Processing file /home/airflow/.local/lib/python3.12/site-packages/airflow/example_dags/example_xcomargs.py for tasks to queue
[2026-04-26T23:51:08.069+0000] {logging_mixin.py:188} INFO - [2026-04-26T23:51:08.069+0000] {dagbag.py:545} INFO - Filling up the DagBag from /home/airflow/.local/lib/python3.12/site-packages/airflow/example_dags/example_xcomargs.py
[2026-04-26T23:51:08.076+0000] {processor.py:840} INFO - DAG(s) 'example_xcom_args_with_operators', 'example_xcom_args' retrieved from /home/airflow/.local/lib/python3.12/site-packages/airflow/example_dags/example_xcomargs.py
[2026-04-26T23:51:08.094+0000] {logging_mixin.py:188} INFO - [2026-04-26T23:51:08.093+0000] {dag.py:3096} INFO - Sync 2 DAGs
[2026-04-26T23:51:08.104+0000] {logging_mixin.py:188} INFO - [2026-04-26T23:51:08.104+0000] {dag.py:3954} INFO - Setting next_dagrun for example_xcom_args to None, run_after=None
[2026-04-26T23:51:08.107+0000] {logging_mixin.py:188} INFO - [2026-04-26T23:51:08.107+0000] {dag.py:3954} INFO - Setting next_dagrun for example_xcom_args_with_operators to None, run_after=None
[2026-04-26T23:51:08.118+0000] {processor.py:183} INFO - Processing /home/airflow/.local/lib/python3.12/site-packages/airflow/example_dags/example_xcomargs.py took 0.073 seconds
[2026-04-26T23:51:38.430+0000] {processor.py:161} INFO - Started process (PID=287) to work on /home/airflow/.local/lib/python3.12/site-packages/airflow/example_dags/example_xcomargs.py
[2026-04-26T23:51:38.430+0000] {processor.py:830} INFO - Processing file /home/airflow/.local/lib/python3.12/site-packages/airflow/example_dags/example_xcomargs.py for tasks to queue
[2026-04-26T23:51:38.431+0000] {logging_mixin.py:188} INFO - [2026-04-26T23:51:38.431+0000] {dagbag.py:545} INFO - Filling up the DagBag from /home/airflow/.local/lib/python3.12/site-packages/airflow/example_dags/example_xcomargs.py
[2026-04-26T23:51:38.437+0000] {processor.py:840} INFO - DAG(s) 'example_xcom_args_with_operators', 'example_xcom_args' retrieved from /home/airflow/.local/lib/python3.12/site-packages/airflow/example_dags/example_xcomargs.py
[2026-04-26T23:51:38.451+0000] {logging_mixin.py:188} INFO - [2026-04-26T23:51:38.451+0000] {dag.py:3096} INFO - Sync 2 DAGs
[2026-04-26T23:51:38.458+0000] {logging_mixin.py:188} INFO - [2026-04-26T23:51:38.458+0000] {dag.py:3954} INFO - Setting next_dagrun for example_xcom_args to None, run_after=None
[2026-04-26T23:51:38.460+0000] {logging_mixin.py:188} INFO - [2026-04-26T23:51:38.460+0000] {dag.py:3954} INFO - Setting next_dagrun for example_xcom_args_with_operators to None, run_after=None
[2026-04-26T23:51:38.478+0000] {processor.py:183} INFO - Processing /home/airflow/.local/lib/python3.12/site-packages/airflow/example_dags/example_xcomargs.py took 0.052 seconds
[2026-04-26T23:52:09.407+0000] {processor.py:161} INFO - Started process (PID=346) to work on /home/airflow/.local/lib/python3.12/site-packages/airflow/example_dags/example_xcomargs.py
[2026-04-26T23:52:09.428+0000] {processor.py:830} INFO - Processing file /home/airflow/.local/lib/python3.12/site-packages/airflow/example_dags/example_xcomargs.py for tasks to queue
[2026-04-26T23:52:09.430+0000] {logging_mixin.py:188} INFO - [2026-04-26T23:52:09.429+0000] {dagbag.py:545} INFO - Filling up the DagBag from /home/airflow/.local/lib/python3.12/site-packages/airflow/example_dags/example_xcomargs.py
[2026-04-26T23:52:09.435+0000] {processor.py:840} INFO - DAG(s) 'example_xcom_args', 'example_xcom_args_with_operators' retrieved from /home/airflow/.local/lib/python3.12/site-packages/airflow/example_dags/example_xcomargs.py
[2026-04-26T23:52:09.449+0000] {logging_mixin.py:188} INFO - [2026-04-26T23:52:09.449+0000] {dag.py:3096} INFO - Sync 2 DAGs
[2026-04-26T23:52:09.457+0000] {logging_mixin.py:188} INFO - [2026-04-26T23:52:09.457+0000] {dag.py:3954} INFO - Setting next_dagrun for example_xcom_args to None, run_after=None
[2026-04-26T23:52:09.459+0000] {logging_mixin.py:188} INFO - [2026-04-26T23:52:09.459+0000] {dag.py:3954} INFO - Setting next_dagrun for example_xcom_args_with_operators to None, run_after=None
[2026-04-26T23:52:09.469+0000] {processor.py:183} INFO - Processing /home/airflow/.local/lib/python3.12/site-packages/airflow/example_dags/example_xcomargs.py took 0.065 seconds
[2026-04-26T23:52:39.576+0000] {processor.py:161} INFO - Started process (PID=405) to work on /home/airflow/.local/lib/python3.12/site-packages/airflow/example_dags/example_xcomargs.py
[2026-04-26T23:52:39.576+0000] {processor.py:830} INFO - Processing file /home/airflow/.local/lib/python3.12/site-packages/airflow/example_dags/example_xcomargs.py for tasks to queue
[2026-04-26T23:52:39.577+0000] {logging_mixin.py:188} INFO - [2026-04-26T23:52:39.577+0000] {dagbag.py:545} INFO - Filling up the DagBag from /home/airflow/.local/lib/python3.12/site-packages/airflow/example_dags/example_xcomargs.py
[2026-04-26T23:52:39.582+0000] {processor.py:840} INFO - DAG(s) 'example_xcom_args_with_operators', 'example_xcom_args' retrieved from /home/airflow/.local/lib/python3.12/site-packages/airflow/example_dags/example_xcomargs.py
[2026-04-26T23:52:39.593+0000] {logging_mixin.py:188} INFO - [2026-04-26T23:52:39.593+0000] {dag.py:3096} INFO - Sync 2 DAGs
[2026-04-26T23:52:39.599+0000] {logging_mixin.py:188} INFO - [2026-04-26T23:52:39.599+0000] {dag.py:3954} INFO - Setting next_dagrun for example_xcom_args to None, run_after=None
[2026-04-26T23:52:39.601+0000] {logging_mixin.py:188} INFO - [2026-04-26T23:52:39.601+0000] {dag.py:3954} INFO - Setting next_dagrun for example_xcom_args_with_operators to None, run_after=None
[2026-04-26T23:52:39.609+0000] {processor.py:183} INFO - Processing /home/airflow/.local/lib/python3.12/site-packages/airflow/example_dags/example_xcomargs.py took 0.036 seconds
[2026-04-26T23:53:10.587+0000] {processor.py:161} INFO - Started process (PID=464) to work on /home/airflow/.local/lib/python3.12/site-packages/airflow/example_dags/example_xcomargs.py
[2026-04-26T23:53:10.609+0000] {processor.py:830} INFO - Processing file /home/airflow/.local/lib/python3.12/site-packages/airflow/example_dags/example_xcomargs.py for tasks to queue
[2026-04-26T23:53:10.610+0000] {logging_mixin.py:188} INFO - [2026-04-26T23:53:10.610+0000] {dagbag.py:545} INFO - Filling up the DagBag from /home/airflow/.local/lib/python3.12/site-packages/airflow/example_dags/example_xcomargs.py
[2026-04-26T23:53:10.614+0000] {processor.py:840} INFO - DAG(s) 'example_xcom_args', 'example_xcom_args_with_operators' retrieved from /home/airflow/.local/lib/python3.12/site-packages/airflow/example_dags/example_xcomargs.py
[2026-04-26T23:53:10.627+0000] {logging_mixin.py:188} INFO - [2026-04-26T23:53:10.627+0000] {dag.py:3096} INFO - Sync 2 DAGs
[2026-04-26T23:53:10.633+0000] {logging_mixin.py:188} INFO - [2026-04-26T23:53:10.633+0000] {dag.py:3954} INFO - Setting next_dagrun for example_xcom_args to None, run_after=None
[2026-04-26T23:53:10.635+0000] {logging_mixin.py:188} INFO - [2026-04-26T23:53:10.635+0000] {dag.py:3954} INFO - Setting next_dagrun for example_xcom_args_with_operators to None, run_after=None
[2026-04-26T23:53:10.642+0000] {processor.py:183} INFO - Processing /home/airflow/.local/lib/python3.12/site-packages/airflow/example_dags/example_xcomargs.py took 0.058 seconds
[2026-04-26T23:53:40.796+0000] {processor.py:161} INFO - Started process (PID=523) to work on /home/airflow/.local/lib/python3.12/site-packages/airflow/example_dags/example_xcomargs.py
[2026-04-26T23:53:40.797+0000] {processor.py:830} INFO - Processing file /home/airflow/.local/lib/python3.12/site-packages/airflow/example_dags/example_xcomargs.py for tasks to queue
[2026-04-26T23:53:40.798+0000] {logging_mixin.py:188} INFO - [2026-04-26T23:53:40.798+0000] {dagbag.py:545} INFO - Filling up the DagBag from /home/airflow/.local/lib/python3.12/site-packages/airflow/example_dags/example_xcomargs.py
[2026-04-26T23:53:40.805+0000] {processor.py:840} INFO - DAG(s) 'example_xcom_args_with_operators', 'example_xcom_args' retrieved from /home/airflow/.local/lib/python3.12/site-packages/airflow/example_dags/example_xcomargs.py
[2026-04-26T23:53:40.822+0000] {logging_mixin.py:188} INFO - [2026-04-26T23:53:40.821+0000] {dag.py:3096} INFO - Sync 2 DAGs
[2026-04-26T23:53:40.831+0000] {logging_mixin.py:188} INFO - [2026-04-26T23:53:40.831+0000] {dag.py:3954} INFO - Setting next_dagrun for example_xcom_args to None, run_after=None
[2026-04-26T23:53:40.834+0000] {logging_mixin.py:188} INFO - [2026-04-26T23:53:40.834+0000] {dag.py:3954} INFO - Setting next_dagrun for example_xcom_args_with_operators to None, run_after=None
[2026-04-26T23:53:40.845+0000] {processor.py:183} INFO - Processing /home/airflow/.local/lib/python3.12/site-packages/airflow/example_dags/example_xcomargs.py took 0.054 seconds
