[2026-04-26T23:08:14.836+0000] {processor.py:161} INFO - Started process (PID=59) to work on /home/airflow/.local/lib/python3.12/site-packages/airflow/example_dags/example_sensors.py
[2026-04-26T23:08:14.837+0000] {processor.py:830} INFO - Processing file /home/airflow/.local/lib/python3.12/site-packages/airflow/example_dags/example_sensors.py for tasks to queue
[2026-04-26T23:08:14.838+0000] {logging_mixin.py:188} INFO - [2026-04-26T23:08:14.837+0000] {dagbag.py:545} INFO - Filling up the DagBag from /home/airflow/.local/lib/python3.12/site-packages/airflow/example_dags/example_sensors.py
[2026-04-26T23:08:14.843+0000] {processor.py:840} INFO - DAG(s) 'example_sensors' retrieved from /home/airflow/.local/lib/python3.12/site-packages/airflow/example_dags/example_sensors.py
[2026-04-26T23:08:14.850+0000] {logging_mixin.py:188} INFO - [2026-04-26T23:08:14.850+0000] {dag.py:3096} INFO - Sync 1 DAGs
[2026-04-26T23:08:14.860+0000] {logging_mixin.py:188} INFO - [2026-04-26T23:08:14.860+0000] {dag.py:3954} INFO - Setting next_dagrun for example_sensors to None, run_after=None
[2026-04-26T23:08:14.870+0000] {processor.py:183} INFO - Processing /home/airflow/.local/lib/python3.12/site-packages/airflow/example_dags/example_sensors.py took 0.038 seconds
[2026-04-26T23:08:45.415+0000] {processor.py:161} INFO - Started process (PID=117) to work on /home/airflow/.local/lib/python3.12/site-packages/airflow/example_dags/example_sensors.py
[2026-04-26T23:08:45.415+0000] {processor.py:830} INFO - Processing file /home/airflow/.local/lib/python3.12/site-packages/airflow/example_dags/example_sensors.py for tasks to queue
[2026-04-26T23:08:45.416+0000] {logging_mixin.py:188} INFO - [2026-04-26T23:08:45.416+0000] {dagbag.py:545} INFO - Filling up the DagBag from /home/airflow/.local/lib/python3.12/site-packages/airflow/example_dags/example_sensors.py
[2026-04-26T23:08:45.422+0000] {processor.py:840} INFO - DAG(s) 'example_sensors' retrieved from /home/airflow/.local/lib/python3.12/site-packages/airflow/example_dags/example_sensors.py
[2026-04-26T23:08:45.496+0000] {logging_mixin.py:188} INFO - [2026-04-26T23:08:45.496+0000] {dag.py:3096} INFO - Sync 1 DAGs
[2026-04-26T23:08:45.502+0000] {logging_mixin.py:188} INFO - [2026-04-26T23:08:45.502+0000] {dag.py:3954} INFO - Setting next_dagrun for example_sensors to None, run_after=None
[2026-04-26T23:08:45.515+0000] {processor.py:183} INFO - Processing /home/airflow/.local/lib/python3.12/site-packages/airflow/example_dags/example_sensors.py took 0.104 seconds
[2026-04-26T23:09:16.399+0000] {processor.py:161} INFO - Started process (PID=175) to work on /home/airflow/.local/lib/python3.12/site-packages/airflow/example_dags/example_sensors.py
[2026-04-26T23:09:16.400+0000] {processor.py:830} INFO - Processing file /home/airflow/.local/lib/python3.12/site-packages/airflow/example_dags/example_sensors.py for tasks to queue
[2026-04-26T23:09:16.401+0000] {logging_mixin.py:188} INFO - [2026-04-26T23:09:16.401+0000] {dagbag.py:545} INFO - Filling up the DagBag from /home/airflow/.local/lib/python3.12/site-packages/airflow/example_dags/example_sensors.py
[2026-04-26T23:09:16.408+0000] {processor.py:840} INFO - DAG(s) 'example_sensors' retrieved from /home/airflow/.local/lib/python3.12/site-packages/airflow/example_dags/example_sensors.py
[2026-04-26T23:09:16.427+0000] {logging_mixin.py:188} INFO - [2026-04-26T23:09:16.427+0000] {dag.py:3096} INFO - Sync 1 DAGs
[2026-04-26T23:09:16.436+0000] {logging_mixin.py:188} INFO - [2026-04-26T23:09:16.436+0000] {dag.py:3954} INFO - Setting next_dagrun for example_sensors to None, run_after=None
[2026-04-26T23:09:16.450+0000] {processor.py:183} INFO - Processing /home/airflow/.local/lib/python3.12/site-packages/airflow/example_dags/example_sensors.py took 0.055 seconds
[2026-04-26T23:09:47.257+0000] {processor.py:161} INFO - Started process (PID=233) to work on /home/airflow/.local/lib/python3.12/site-packages/airflow/example_dags/example_sensors.py
[2026-04-26T23:09:47.258+0000] {processor.py:830} INFO - Processing file /home/airflow/.local/lib/python3.12/site-packages/airflow/example_dags/example_sensors.py for tasks to queue
[2026-04-26T23:09:47.259+0000] {logging_mixin.py:188} INFO - [2026-04-26T23:09:47.259+0000] {dagbag.py:545} INFO - Filling up the DagBag from /home/airflow/.local/lib/python3.12/site-packages/airflow/example_dags/example_sensors.py
[2026-04-26T23:09:47.265+0000] {processor.py:840} INFO - DAG(s) 'example_sensors' retrieved from /home/airflow/.local/lib/python3.12/site-packages/airflow/example_dags/example_sensors.py
[2026-04-26T23:09:47.281+0000] {logging_mixin.py:188} INFO - [2026-04-26T23:09:47.281+0000] {dag.py:3096} INFO - Sync 1 DAGs
[2026-04-26T23:09:47.290+0000] {logging_mixin.py:188} INFO - [2026-04-26T23:09:47.290+0000] {dag.py:3954} INFO - Setting next_dagrun for example_sensors to None, run_after=None
[2026-04-26T23:09:47.300+0000] {processor.py:183} INFO - Processing /home/airflow/.local/lib/python3.12/site-packages/airflow/example_dags/example_sensors.py took 0.046 seconds
[2026-04-26T23:10:18.116+0000] {processor.py:161} INFO - Started process (PID=297) to work on /home/airflow/.local/lib/python3.12/site-packages/airflow/example_dags/example_sensors.py
[2026-04-26T23:10:18.116+0000] {processor.py:830} INFO - Processing file /home/airflow/.local/lib/python3.12/site-packages/airflow/example_dags/example_sensors.py for tasks to queue
[2026-04-26T23:10:18.118+0000] {logging_mixin.py:188} INFO - [2026-04-26T23:10:18.118+0000] {dagbag.py:545} INFO - Filling up the DagBag from /home/airflow/.local/lib/python3.12/site-packages/airflow/example_dags/example_sensors.py
[2026-04-26T23:10:18.127+0000] {processor.py:840} INFO - DAG(s) 'example_sensors' retrieved from /home/airflow/.local/lib/python3.12/site-packages/airflow/example_dags/example_sensors.py
[2026-04-26T23:10:18.150+0000] {logging_mixin.py:188} INFO - [2026-04-26T23:10:18.150+0000] {dag.py:3096} INFO - Sync 1 DAGs
[2026-04-26T23:10:18.160+0000] {logging_mixin.py:188} INFO - [2026-04-26T23:10:18.159+0000] {dag.py:3954} INFO - Setting next_dagrun for example_sensors to None, run_after=None
[2026-04-26T23:10:18.173+0000] {processor.py:183} INFO - Processing /home/airflow/.local/lib/python3.12/site-packages/airflow/example_dags/example_sensors.py took 0.063 seconds
[2026-04-26T23:10:48.228+0000] {processor.py:161} INFO - Started process (PID=354) to work on /home/airflow/.local/lib/python3.12/site-packages/airflow/example_dags/example_sensors.py
[2026-04-26T23:10:48.229+0000] {processor.py:830} INFO - Processing file /home/airflow/.local/lib/python3.12/site-packages/airflow/example_dags/example_sensors.py for tasks to queue
[2026-04-26T23:10:48.230+0000] {logging_mixin.py:188} INFO - [2026-04-26T23:10:48.230+0000] {dagbag.py:545} INFO - Filling up the DagBag from /home/airflow/.local/lib/python3.12/site-packages/airflow/example_dags/example_sensors.py
[2026-04-26T23:10:48.236+0000] {processor.py:840} INFO - DAG(s) 'example_sensors' retrieved from /home/airflow/.local/lib/python3.12/site-packages/airflow/example_dags/example_sensors.py
[2026-04-26T23:10:48.254+0000] {logging_mixin.py:188} INFO - [2026-04-26T23:10:48.254+0000] {dag.py:3096} INFO - Sync 1 DAGs
[2026-04-26T23:10:48.263+0000] {logging_mixin.py:188} INFO - [2026-04-26T23:10:48.263+0000] {dag.py:3954} INFO - Setting next_dagrun for example_sensors to None, run_after=None
[2026-04-26T23:10:48.275+0000] {processor.py:183} INFO - Processing /home/airflow/.local/lib/python3.12/site-packages/airflow/example_dags/example_sensors.py took 0.051 seconds
[2026-04-26T23:11:19.047+0000] {processor.py:161} INFO - Started process (PID=413) to work on /home/airflow/.local/lib/python3.12/site-packages/airflow/example_dags/example_sensors.py
[2026-04-26T23:11:19.048+0000] {processor.py:830} INFO - Processing file /home/airflow/.local/lib/python3.12/site-packages/airflow/example_dags/example_sensors.py for tasks to queue
[2026-04-26T23:11:19.049+0000] {logging_mixin.py:188} INFO - [2026-04-26T23:11:19.049+0000] {dagbag.py:545} INFO - Filling up the DagBag from /home/airflow/.local/lib/python3.12/site-packages/airflow/example_dags/example_sensors.py
[2026-04-26T23:11:19.054+0000] {processor.py:840} INFO - DAG(s) 'example_sensors' retrieved from /home/airflow/.local/lib/python3.12/site-packages/airflow/example_dags/example_sensors.py
[2026-04-26T23:11:19.068+0000] {logging_mixin.py:188} INFO - [2026-04-26T23:11:19.068+0000] {dag.py:3096} INFO - Sync 1 DAGs
[2026-04-26T23:11:19.075+0000] {logging_mixin.py:188} INFO - [2026-04-26T23:11:19.075+0000] {dag.py:3954} INFO - Setting next_dagrun for example_sensors to None, run_after=None
[2026-04-26T23:11:19.084+0000] {processor.py:183} INFO - Processing /home/airflow/.local/lib/python3.12/site-packages/airflow/example_dags/example_sensors.py took 0.041 seconds
[2026-04-26T23:11:49.818+0000] {processor.py:161} INFO - Started process (PID=471) to work on /home/airflow/.local/lib/python3.12/site-packages/airflow/example_dags/example_sensors.py
[2026-04-26T23:11:49.819+0000] {processor.py:830} INFO - Processing file /home/airflow/.local/lib/python3.12/site-packages/airflow/example_dags/example_sensors.py for tasks to queue
[2026-04-26T23:11:49.820+0000] {logging_mixin.py:188} INFO - [2026-04-26T23:11:49.819+0000] {dagbag.py:545} INFO - Filling up the DagBag from /home/airflow/.local/lib/python3.12/site-packages/airflow/example_dags/example_sensors.py
[2026-04-26T23:11:49.824+0000] {processor.py:840} INFO - DAG(s) 'example_sensors' retrieved from /home/airflow/.local/lib/python3.12/site-packages/airflow/example_dags/example_sensors.py
[2026-04-26T23:11:49.837+0000] {logging_mixin.py:188} INFO - [2026-04-26T23:11:49.837+0000] {dag.py:3096} INFO - Sync 1 DAGs
[2026-04-26T23:11:49.845+0000] {logging_mixin.py:188} INFO - [2026-04-26T23:11:49.845+0000] {dag.py:3954} INFO - Setting next_dagrun for example_sensors to None, run_after=None
[2026-04-26T23:11:49.854+0000] {processor.py:183} INFO - Processing /home/airflow/.local/lib/python3.12/site-packages/airflow/example_dags/example_sensors.py took 0.039 seconds
[2026-04-26T23:12:20.602+0000] {processor.py:161} INFO - Started process (PID=529) to work on /home/airflow/.local/lib/python3.12/site-packages/airflow/example_dags/example_sensors.py
[2026-04-26T23:12:20.602+0000] {processor.py:830} INFO - Processing file /home/airflow/.local/lib/python3.12/site-packages/airflow/example_dags/example_sensors.py for tasks to queue
[2026-04-26T23:12:20.603+0000] {logging_mixin.py:188} INFO - [2026-04-26T23:12:20.603+0000] {dagbag.py:545} INFO - Filling up the DagBag from /home/airflow/.local/lib/python3.12/site-packages/airflow/example_dags/example_sensors.py
[2026-04-26T23:12:20.607+0000] {processor.py:840} INFO - DAG(s) 'example_sensors' retrieved from /home/airflow/.local/lib/python3.12/site-packages/airflow/example_dags/example_sensors.py
[2026-04-26T23:12:20.620+0000] {logging_mixin.py:188} INFO - [2026-04-26T23:12:20.620+0000] {dag.py:3096} INFO - Sync 1 DAGs
[2026-04-26T23:12:20.628+0000] {logging_mixin.py:188} INFO - [2026-04-26T23:12:20.627+0000] {dag.py:3954} INFO - Setting next_dagrun for example_sensors to None, run_after=None
[2026-04-26T23:12:20.637+0000] {processor.py:183} INFO - Processing /home/airflow/.local/lib/python3.12/site-packages/airflow/example_dags/example_sensors.py took 0.039 seconds
[2026-04-26T23:12:51.408+0000] {processor.py:161} INFO - Started process (PID=587) to work on /home/airflow/.local/lib/python3.12/site-packages/airflow/example_dags/example_sensors.py
[2026-04-26T23:12:51.408+0000] {processor.py:830} INFO - Processing file /home/airflow/.local/lib/python3.12/site-packages/airflow/example_dags/example_sensors.py for tasks to queue
[2026-04-26T23:12:51.409+0000] {logging_mixin.py:188} INFO - [2026-04-26T23:12:51.409+0000] {dagbag.py:545} INFO - Filling up the DagBag from /home/airflow/.local/lib/python3.12/site-packages/airflow/example_dags/example_sensors.py
[2026-04-26T23:12:51.415+0000] {processor.py:840} INFO - DAG(s) 'example_sensors' retrieved from /home/airflow/.local/lib/python3.12/site-packages/airflow/example_dags/example_sensors.py
[2026-04-26T23:12:51.432+0000] {logging_mixin.py:188} INFO - [2026-04-26T23:12:51.432+0000] {dag.py:3096} INFO - Sync 1 DAGs
[2026-04-26T23:12:51.440+0000] {logging_mixin.py:188} INFO - [2026-04-26T23:12:51.440+0000] {dag.py:3954} INFO - Setting next_dagrun for example_sensors to None, run_after=None
[2026-04-26T23:12:51.452+0000] {processor.py:183} INFO - Processing /home/airflow/.local/lib/python3.12/site-packages/airflow/example_dags/example_sensors.py took 0.048 seconds
[2026-04-26T23:13:21.515+0000] {processor.py:161} INFO - Started process (PID=645) to work on /home/airflow/.local/lib/python3.12/site-packages/airflow/example_dags/example_sensors.py
[2026-04-26T23:13:21.516+0000] {processor.py:830} INFO - Processing file /home/airflow/.local/lib/python3.12/site-packages/airflow/example_dags/example_sensors.py for tasks to queue
[2026-04-26T23:13:21.517+0000] {logging_mixin.py:188} INFO - [2026-04-26T23:13:21.517+0000] {dagbag.py:545} INFO - Filling up the DagBag from /home/airflow/.local/lib/python3.12/site-packages/airflow/example_dags/example_sensors.py
[2026-04-26T23:13:21.522+0000] {processor.py:840} INFO - DAG(s) 'example_sensors' retrieved from /home/airflow/.local/lib/python3.12/site-packages/airflow/example_dags/example_sensors.py
[2026-04-26T23:13:21.536+0000] {logging_mixin.py:188} INFO - [2026-04-26T23:13:21.536+0000] {dag.py:3096} INFO - Sync 1 DAGs
[2026-04-26T23:13:21.544+0000] {logging_mixin.py:188} INFO - [2026-04-26T23:13:21.544+0000] {dag.py:3954} INFO - Setting next_dagrun for example_sensors to None, run_after=None
[2026-04-26T23:13:21.554+0000] {processor.py:183} INFO - Processing /home/airflow/.local/lib/python3.12/site-packages/airflow/example_dags/example_sensors.py took 0.043 seconds
[2026-04-26T23:13:51.830+0000] {processor.py:161} INFO - Started process (PID=703) to work on /home/airflow/.local/lib/python3.12/site-packages/airflow/example_dags/example_sensors.py
[2026-04-26T23:13:51.831+0000] {processor.py:830} INFO - Processing file /home/airflow/.local/lib/python3.12/site-packages/airflow/example_dags/example_sensors.py for tasks to queue
[2026-04-26T23:13:51.832+0000] {logging_mixin.py:188} INFO - [2026-04-26T23:13:51.831+0000] {dagbag.py:545} INFO - Filling up the DagBag from /home/airflow/.local/lib/python3.12/site-packages/airflow/example_dags/example_sensors.py
[2026-04-26T23:13:51.837+0000] {processor.py:840} INFO - DAG(s) 'example_sensors' retrieved from /home/airflow/.local/lib/python3.12/site-packages/airflow/example_dags/example_sensors.py
[2026-04-26T23:13:51.852+0000] {logging_mixin.py:188} INFO - [2026-04-26T23:13:51.852+0000] {dag.py:3096} INFO - Sync 1 DAGs
[2026-04-26T23:13:51.859+0000] {logging_mixin.py:188} INFO - [2026-04-26T23:13:51.859+0000] {dag.py:3954} INFO - Setting next_dagrun for example_sensors to None, run_after=None
[2026-04-26T23:13:51.870+0000] {processor.py:183} INFO - Processing /home/airflow/.local/lib/python3.12/site-packages/airflow/example_dags/example_sensors.py took 0.044 seconds
[2026-04-26T23:14:22.474+0000] {processor.py:161} INFO - Started process (PID=761) to work on /home/airflow/.local/lib/python3.12/site-packages/airflow/example_dags/example_sensors.py
[2026-04-26T23:14:22.475+0000] {processor.py:830} INFO - Processing file /home/airflow/.local/lib/python3.12/site-packages/airflow/example_dags/example_sensors.py for tasks to queue
[2026-04-26T23:14:22.476+0000] {logging_mixin.py:188} INFO - [2026-04-26T23:14:22.476+0000] {dagbag.py:545} INFO - Filling up the DagBag from /home/airflow/.local/lib/python3.12/site-packages/airflow/example_dags/example_sensors.py
[2026-04-26T23:14:22.482+0000] {processor.py:840} INFO - DAG(s) 'example_sensors' retrieved from /home/airflow/.local/lib/python3.12/site-packages/airflow/example_dags/example_sensors.py
[2026-04-26T23:14:22.498+0000] {logging_mixin.py:188} INFO - [2026-04-26T23:14:22.497+0000] {dag.py:3096} INFO - Sync 1 DAGs
[2026-04-26T23:14:22.506+0000] {logging_mixin.py:188} INFO - [2026-04-26T23:14:22.506+0000] {dag.py:3954} INFO - Setting next_dagrun for example_sensors to None, run_after=None
[2026-04-26T23:14:22.516+0000] {processor.py:183} INFO - Processing /home/airflow/.local/lib/python3.12/site-packages/airflow/example_dags/example_sensors.py took 0.046 seconds
[2026-04-26T23:14:53.238+0000] {processor.py:161} INFO - Started process (PID=819) to work on /home/airflow/.local/lib/python3.12/site-packages/airflow/example_dags/example_sensors.py
[2026-04-26T23:14:53.238+0000] {processor.py:830} INFO - Processing file /home/airflow/.local/lib/python3.12/site-packages/airflow/example_dags/example_sensors.py for tasks to queue
[2026-04-26T23:14:53.239+0000] {logging_mixin.py:188} INFO - [2026-04-26T23:14:53.239+0000] {dagbag.py:545} INFO - Filling up the DagBag from /home/airflow/.local/lib/python3.12/site-packages/airflow/example_dags/example_sensors.py
[2026-04-26T23:14:53.245+0000] {processor.py:840} INFO - DAG(s) 'example_sensors' retrieved from /home/airflow/.local/lib/python3.12/site-packages/airflow/example_dags/example_sensors.py
[2026-04-26T23:14:53.260+0000] {logging_mixin.py:188} INFO - [2026-04-26T23:14:53.260+0000] {dag.py:3096} INFO - Sync 1 DAGs
[2026-04-26T23:14:53.268+0000] {logging_mixin.py:188} INFO - [2026-04-26T23:14:53.268+0000] {dag.py:3954} INFO - Setting next_dagrun for example_sensors to None, run_after=None
[2026-04-26T23:14:53.279+0000] {processor.py:183} INFO - Processing /home/airflow/.local/lib/python3.12/site-packages/airflow/example_dags/example_sensors.py took 0.045 seconds
[2026-04-26T23:15:23.340+0000] {processor.py:161} INFO - Started process (PID=877) to work on /home/airflow/.local/lib/python3.12/site-packages/airflow/example_dags/example_sensors.py
[2026-04-26T23:15:23.341+0000] {processor.py:830} INFO - Processing file /home/airflow/.local/lib/python3.12/site-packages/airflow/example_dags/example_sensors.py for tasks to queue
[2026-04-26T23:15:23.342+0000] {logging_mixin.py:188} INFO - [2026-04-26T23:15:23.342+0000] {dagbag.py:545} INFO - Filling up the DagBag from /home/airflow/.local/lib/python3.12/site-packages/airflow/example_dags/example_sensors.py
[2026-04-26T23:15:23.347+0000] {processor.py:840} INFO - DAG(s) 'example_sensors' retrieved from /home/airflow/.local/lib/python3.12/site-packages/airflow/example_dags/example_sensors.py
[2026-04-26T23:15:23.360+0000] {logging_mixin.py:188} INFO - [2026-04-26T23:15:23.360+0000] {dag.py:3096} INFO - Sync 1 DAGs
[2026-04-26T23:15:23.367+0000] {logging_mixin.py:188} INFO - [2026-04-26T23:15:23.367+0000] {dag.py:3954} INFO - Setting next_dagrun for example_sensors to None, run_after=None
[2026-04-26T23:15:23.377+0000] {processor.py:183} INFO - Processing /home/airflow/.local/lib/python3.12/site-packages/airflow/example_dags/example_sensors.py took 0.041 seconds
[2026-04-26T23:15:53.562+0000] {processor.py:161} INFO - Started process (PID=935) to work on /home/airflow/.local/lib/python3.12/site-packages/airflow/example_dags/example_sensors.py
[2026-04-26T23:15:53.563+0000] {processor.py:830} INFO - Processing file /home/airflow/.local/lib/python3.12/site-packages/airflow/example_dags/example_sensors.py for tasks to queue
[2026-04-26T23:15:53.564+0000] {logging_mixin.py:188} INFO - [2026-04-26T23:15:53.564+0000] {dagbag.py:545} INFO - Filling up the DagBag from /home/airflow/.local/lib/python3.12/site-packages/airflow/example_dags/example_sensors.py
[2026-04-26T23:15:53.568+0000] {processor.py:840} INFO - DAG(s) 'example_sensors' retrieved from /home/airflow/.local/lib/python3.12/site-packages/airflow/example_dags/example_sensors.py
[2026-04-26T23:15:53.582+0000] {logging_mixin.py:188} INFO - [2026-04-26T23:15:53.581+0000] {dag.py:3096} INFO - Sync 1 DAGs
[2026-04-26T23:15:53.588+0000] {logging_mixin.py:188} INFO - [2026-04-26T23:15:53.588+0000] {dag.py:3954} INFO - Setting next_dagrun for example_sensors to None, run_after=None
[2026-04-26T23:15:53.596+0000] {processor.py:183} INFO - Processing /home/airflow/.local/lib/python3.12/site-packages/airflow/example_dags/example_sensors.py took 0.037 seconds
[2026-04-26T23:16:23.737+0000] {processor.py:161} INFO - Started process (PID=993) to work on /home/airflow/.local/lib/python3.12/site-packages/airflow/example_dags/example_sensors.py
[2026-04-26T23:16:23.737+0000] {processor.py:830} INFO - Processing file /home/airflow/.local/lib/python3.12/site-packages/airflow/example_dags/example_sensors.py for tasks to queue
[2026-04-26T23:16:23.738+0000] {logging_mixin.py:188} INFO - [2026-04-26T23:16:23.738+0000] {dagbag.py:545} INFO - Filling up the DagBag from /home/airflow/.local/lib/python3.12/site-packages/airflow/example_dags/example_sensors.py
[2026-04-26T23:16:23.743+0000] {processor.py:840} INFO - DAG(s) 'example_sensors' retrieved from /home/airflow/.local/lib/python3.12/site-packages/airflow/example_dags/example_sensors.py
[2026-04-26T23:16:23.756+0000] {logging_mixin.py:188} INFO - [2026-04-26T23:16:23.756+0000] {dag.py:3096} INFO - Sync 1 DAGs
[2026-04-26T23:16:23.763+0000] {logging_mixin.py:188} INFO - [2026-04-26T23:16:23.763+0000] {dag.py:3954} INFO - Setting next_dagrun for example_sensors to None, run_after=None
[2026-04-26T23:16:23.772+0000] {processor.py:183} INFO - Processing /home/airflow/.local/lib/python3.12/site-packages/airflow/example_dags/example_sensors.py took 0.039 seconds
[2026-04-26T23:16:53.955+0000] {processor.py:161} INFO - Started process (PID=1051) to work on /home/airflow/.local/lib/python3.12/site-packages/airflow/example_dags/example_sensors.py
[2026-04-26T23:16:53.955+0000] {processor.py:830} INFO - Processing file /home/airflow/.local/lib/python3.12/site-packages/airflow/example_dags/example_sensors.py for tasks to queue
[2026-04-26T23:16:53.957+0000] {logging_mixin.py:188} INFO - [2026-04-26T23:16:53.956+0000] {dagbag.py:545} INFO - Filling up the DagBag from /home/airflow/.local/lib/python3.12/site-packages/airflow/example_dags/example_sensors.py
[2026-04-26T23:16:53.963+0000] {processor.py:840} INFO - DAG(s) 'example_sensors' retrieved from /home/airflow/.local/lib/python3.12/site-packages/airflow/example_dags/example_sensors.py
[2026-04-26T23:16:53.981+0000] {logging_mixin.py:188} INFO - [2026-04-26T23:16:53.981+0000] {dag.py:3096} INFO - Sync 1 DAGs
[2026-04-26T23:16:53.990+0000] {logging_mixin.py:188} INFO - [2026-04-26T23:16:53.990+0000] {dag.py:3954} INFO - Setting next_dagrun for example_sensors to None, run_after=None
[2026-04-26T23:16:54.002+0000] {processor.py:183} INFO - Processing /home/airflow/.local/lib/python3.12/site-packages/airflow/example_dags/example_sensors.py took 0.052 seconds
[2026-04-26T23:17:24.149+0000] {processor.py:161} INFO - Started process (PID=1108) to work on /home/airflow/.local/lib/python3.12/site-packages/airflow/example_dags/example_sensors.py
[2026-04-26T23:17:24.150+0000] {processor.py:830} INFO - Processing file /home/airflow/.local/lib/python3.12/site-packages/airflow/example_dags/example_sensors.py for tasks to queue
[2026-04-26T23:17:24.151+0000] {logging_mixin.py:188} INFO - [2026-04-26T23:17:24.151+0000] {dagbag.py:545} INFO - Filling up the DagBag from /home/airflow/.local/lib/python3.12/site-packages/airflow/example_dags/example_sensors.py
[2026-04-26T23:17:24.158+0000] {processor.py:840} INFO - DAG(s) 'example_sensors' retrieved from /home/airflow/.local/lib/python3.12/site-packages/airflow/example_dags/example_sensors.py
[2026-04-26T23:17:24.177+0000] {logging_mixin.py:188} INFO - [2026-04-26T23:17:24.177+0000] {dag.py:3096} INFO - Sync 1 DAGs
[2026-04-26T23:17:24.187+0000] {logging_mixin.py:188} INFO - [2026-04-26T23:17:24.187+0000] {dag.py:3954} INFO - Setting next_dagrun for example_sensors to None, run_after=None
[2026-04-26T23:17:24.201+0000] {processor.py:183} INFO - Processing /home/airflow/.local/lib/python3.12/site-packages/airflow/example_dags/example_sensors.py took 0.056 seconds
[2026-04-26T23:17:54.449+0000] {processor.py:161} INFO - Started process (PID=1166) to work on /home/airflow/.local/lib/python3.12/site-packages/airflow/example_dags/example_sensors.py
[2026-04-26T23:17:54.450+0000] {processor.py:830} INFO - Processing file /home/airflow/.local/lib/python3.12/site-packages/airflow/example_dags/example_sensors.py for tasks to queue
[2026-04-26T23:17:54.451+0000] {logging_mixin.py:188} INFO - [2026-04-26T23:17:54.451+0000] {dagbag.py:545} INFO - Filling up the DagBag from /home/airflow/.local/lib/python3.12/site-packages/airflow/example_dags/example_sensors.py
[2026-04-26T23:17:54.459+0000] {processor.py:840} INFO - DAG(s) 'example_sensors' retrieved from /home/airflow/.local/lib/python3.12/site-packages/airflow/example_dags/example_sensors.py
[2026-04-26T23:17:54.480+0000] {logging_mixin.py:188} INFO - [2026-04-26T23:17:54.479+0000] {dag.py:3096} INFO - Sync 1 DAGs
[2026-04-26T23:17:54.489+0000] {logging_mixin.py:188} INFO - [2026-04-26T23:17:54.489+0000] {dag.py:3954} INFO - Setting next_dagrun for example_sensors to None, run_after=None
[2026-04-26T23:17:54.503+0000] {processor.py:183} INFO - Processing /home/airflow/.local/lib/python3.12/site-packages/airflow/example_dags/example_sensors.py took 0.059 seconds
[2026-04-26T23:18:25.627+0000] {processor.py:161} INFO - Started process (PID=1226) to work on /home/airflow/.local/lib/python3.12/site-packages/airflow/example_dags/example_sensors.py
[2026-04-26T23:18:25.627+0000] {processor.py:830} INFO - Processing file /home/airflow/.local/lib/python3.12/site-packages/airflow/example_dags/example_sensors.py for tasks to queue
[2026-04-26T23:18:25.629+0000] {logging_mixin.py:188} INFO - [2026-04-26T23:18:25.628+0000] {dagbag.py:545} INFO - Filling up the DagBag from /home/airflow/.local/lib/python3.12/site-packages/airflow/example_dags/example_sensors.py
[2026-04-26T23:18:25.635+0000] {processor.py:840} INFO - DAG(s) 'example_sensors' retrieved from /home/airflow/.local/lib/python3.12/site-packages/airflow/example_dags/example_sensors.py
[2026-04-26T23:18:25.653+0000] {logging_mixin.py:188} INFO - [2026-04-26T23:18:25.653+0000] {dag.py:3096} INFO - Sync 1 DAGs
[2026-04-26T23:18:25.662+0000] {logging_mixin.py:188} INFO - [2026-04-26T23:18:25.662+0000] {dag.py:3954} INFO - Setting next_dagrun for example_sensors to None, run_after=None
[2026-04-26T23:18:25.676+0000] {processor.py:183} INFO - Processing /home/airflow/.local/lib/python3.12/site-packages/airflow/example_dags/example_sensors.py took 0.053 seconds
[2026-04-26T23:18:56.088+0000] {processor.py:161} INFO - Started process (PID=1285) to work on /home/airflow/.local/lib/python3.12/site-packages/airflow/example_dags/example_sensors.py
[2026-04-26T23:18:56.088+0000] {processor.py:830} INFO - Processing file /home/airflow/.local/lib/python3.12/site-packages/airflow/example_dags/example_sensors.py for tasks to queue
[2026-04-26T23:18:56.090+0000] {logging_mixin.py:188} INFO - [2026-04-26T23:18:56.089+0000] {dagbag.py:545} INFO - Filling up the DagBag from /home/airflow/.local/lib/python3.12/site-packages/airflow/example_dags/example_sensors.py
[2026-04-26T23:18:56.096+0000] {processor.py:840} INFO - DAG(s) 'example_sensors' retrieved from /home/airflow/.local/lib/python3.12/site-packages/airflow/example_dags/example_sensors.py
[2026-04-26T23:18:56.113+0000] {logging_mixin.py:188} INFO - [2026-04-26T23:18:56.113+0000] {dag.py:3096} INFO - Sync 1 DAGs
[2026-04-26T23:18:56.122+0000] {logging_mixin.py:188} INFO - [2026-04-26T23:18:56.122+0000] {dag.py:3954} INFO - Setting next_dagrun for example_sensors to None, run_after=None
[2026-04-26T23:18:56.134+0000] {processor.py:183} INFO - Processing /home/airflow/.local/lib/python3.12/site-packages/airflow/example_dags/example_sensors.py took 0.051 seconds
[2026-04-26T23:19:26.369+0000] {processor.py:161} INFO - Started process (PID=1344) to work on /home/airflow/.local/lib/python3.12/site-packages/airflow/example_dags/example_sensors.py
[2026-04-26T23:19:26.369+0000] {processor.py:830} INFO - Processing file /home/airflow/.local/lib/python3.12/site-packages/airflow/example_dags/example_sensors.py for tasks to queue
[2026-04-26T23:19:26.371+0000] {logging_mixin.py:188} INFO - [2026-04-26T23:19:26.370+0000] {dagbag.py:545} INFO - Filling up the DagBag from /home/airflow/.local/lib/python3.12/site-packages/airflow/example_dags/example_sensors.py
[2026-04-26T23:19:26.377+0000] {processor.py:840} INFO - DAG(s) 'example_sensors' retrieved from /home/airflow/.local/lib/python3.12/site-packages/airflow/example_dags/example_sensors.py
[2026-04-26T23:19:26.395+0000] {logging_mixin.py:188} INFO - [2026-04-26T23:19:26.395+0000] {dag.py:3096} INFO - Sync 1 DAGs
[2026-04-26T23:19:26.404+0000] {logging_mixin.py:188} INFO - [2026-04-26T23:19:26.404+0000] {dag.py:3954} INFO - Setting next_dagrun for example_sensors to None, run_after=None
[2026-04-26T23:19:26.417+0000] {processor.py:183} INFO - Processing /home/airflow/.local/lib/python3.12/site-packages/airflow/example_dags/example_sensors.py took 0.053 seconds
[2026-04-26T23:19:56.746+0000] {processor.py:161} INFO - Started process (PID=1403) to work on /home/airflow/.local/lib/python3.12/site-packages/airflow/example_dags/example_sensors.py
[2026-04-26T23:19:56.747+0000] {processor.py:830} INFO - Processing file /home/airflow/.local/lib/python3.12/site-packages/airflow/example_dags/example_sensors.py for tasks to queue
[2026-04-26T23:19:56.748+0000] {logging_mixin.py:188} INFO - [2026-04-26T23:19:56.748+0000] {dagbag.py:545} INFO - Filling up the DagBag from /home/airflow/.local/lib/python3.12/site-packages/airflow/example_dags/example_sensors.py
[2026-04-26T23:19:56.755+0000] {processor.py:840} INFO - DAG(s) 'example_sensors' retrieved from /home/airflow/.local/lib/python3.12/site-packages/airflow/example_dags/example_sensors.py
[2026-04-26T23:19:56.773+0000] {logging_mixin.py:188} INFO - [2026-04-26T23:19:56.773+0000] {dag.py:3096} INFO - Sync 1 DAGs
[2026-04-26T23:19:56.781+0000] {logging_mixin.py:188} INFO - [2026-04-26T23:19:56.781+0000] {dag.py:3954} INFO - Setting next_dagrun for example_sensors to None, run_after=None
[2026-04-26T23:19:56.793+0000] {processor.py:183} INFO - Processing /home/airflow/.local/lib/python3.12/site-packages/airflow/example_dags/example_sensors.py took 0.051 seconds
[2026-04-26T23:20:26.974+0000] {processor.py:161} INFO - Started process (PID=1462) to work on /home/airflow/.local/lib/python3.12/site-packages/airflow/example_dags/example_sensors.py
[2026-04-26T23:20:26.975+0000] {processor.py:830} INFO - Processing file /home/airflow/.local/lib/python3.12/site-packages/airflow/example_dags/example_sensors.py for tasks to queue
[2026-04-26T23:20:26.976+0000] {logging_mixin.py:188} INFO - [2026-04-26T23:20:26.976+0000] {dagbag.py:545} INFO - Filling up the DagBag from /home/airflow/.local/lib/python3.12/site-packages/airflow/example_dags/example_sensors.py
[2026-04-26T23:20:26.983+0000] {processor.py:840} INFO - DAG(s) 'example_sensors' retrieved from /home/airflow/.local/lib/python3.12/site-packages/airflow/example_dags/example_sensors.py
[2026-04-26T23:20:27.002+0000] {logging_mixin.py:188} INFO - [2026-04-26T23:20:27.002+0000] {dag.py:3096} INFO - Sync 1 DAGs
[2026-04-26T23:20:27.011+0000] {logging_mixin.py:188} INFO - [2026-04-26T23:20:27.011+0000] {dag.py:3954} INFO - Setting next_dagrun for example_sensors to None, run_after=None
[2026-04-26T23:20:27.023+0000] {processor.py:183} INFO - Processing /home/airflow/.local/lib/python3.12/site-packages/airflow/example_dags/example_sensors.py took 0.053 seconds
[2026-04-26T23:20:57.136+0000] {processor.py:161} INFO - Started process (PID=1521) to work on /home/airflow/.local/lib/python3.12/site-packages/airflow/example_dags/example_sensors.py
[2026-04-26T23:20:57.136+0000] {processor.py:830} INFO - Processing file /home/airflow/.local/lib/python3.12/site-packages/airflow/example_dags/example_sensors.py for tasks to queue
[2026-04-26T23:20:57.137+0000] {logging_mixin.py:188} INFO - [2026-04-26T23:20:57.137+0000] {dagbag.py:545} INFO - Filling up the DagBag from /home/airflow/.local/lib/python3.12/site-packages/airflow/example_dags/example_sensors.py
[2026-04-26T23:20:57.144+0000] {processor.py:840} INFO - DAG(s) 'example_sensors' retrieved from /home/airflow/.local/lib/python3.12/site-packages/airflow/example_dags/example_sensors.py
[2026-04-26T23:20:57.163+0000] {logging_mixin.py:188} INFO - [2026-04-26T23:20:57.162+0000] {dag.py:3096} INFO - Sync 1 DAGs
[2026-04-26T23:20:57.173+0000] {logging_mixin.py:188} INFO - [2026-04-26T23:20:57.172+0000] {dag.py:3954} INFO - Setting next_dagrun for example_sensors to None, run_after=None
[2026-04-26T23:20:57.186+0000] {processor.py:183} INFO - Processing /home/airflow/.local/lib/python3.12/site-packages/airflow/example_dags/example_sensors.py took 0.055 seconds
[2026-04-26T23:21:27.417+0000] {processor.py:161} INFO - Started process (PID=1580) to work on /home/airflow/.local/lib/python3.12/site-packages/airflow/example_dags/example_sensors.py
[2026-04-26T23:21:27.418+0000] {processor.py:830} INFO - Processing file /home/airflow/.local/lib/python3.12/site-packages/airflow/example_dags/example_sensors.py for tasks to queue
[2026-04-26T23:21:27.419+0000] {logging_mixin.py:188} INFO - [2026-04-26T23:21:27.418+0000] {dagbag.py:545} INFO - Filling up the DagBag from /home/airflow/.local/lib/python3.12/site-packages/airflow/example_dags/example_sensors.py
[2026-04-26T23:21:27.424+0000] {processor.py:840} INFO - DAG(s) 'example_sensors' retrieved from /home/airflow/.local/lib/python3.12/site-packages/airflow/example_dags/example_sensors.py
[2026-04-26T23:21:27.437+0000] {logging_mixin.py:188} INFO - [2026-04-26T23:21:27.437+0000] {dag.py:3096} INFO - Sync 1 DAGs
[2026-04-26T23:21:27.444+0000] {logging_mixin.py:188} INFO - [2026-04-26T23:21:27.444+0000] {dag.py:3954} INFO - Setting next_dagrun for example_sensors to None, run_after=None
[2026-04-26T23:21:27.453+0000] {processor.py:183} INFO - Processing /home/airflow/.local/lib/python3.12/site-packages/airflow/example_dags/example_sensors.py took 0.040 seconds
[2026-04-26T23:21:58.406+0000] {processor.py:161} INFO - Started process (PID=1640) to work on /home/airflow/.local/lib/python3.12/site-packages/airflow/example_dags/example_sensors.py
[2026-04-26T23:21:58.406+0000] {processor.py:830} INFO - Processing file /home/airflow/.local/lib/python3.12/site-packages/airflow/example_dags/example_sensors.py for tasks to queue
[2026-04-26T23:21:58.408+0000] {logging_mixin.py:188} INFO - [2026-04-26T23:21:58.407+0000] {dagbag.py:545} INFO - Filling up the DagBag from /home/airflow/.local/lib/python3.12/site-packages/airflow/example_dags/example_sensors.py
[2026-04-26T23:21:58.413+0000] {processor.py:840} INFO - DAG(s) 'example_sensors' retrieved from /home/airflow/.local/lib/python3.12/site-packages/airflow/example_dags/example_sensors.py
[2026-04-26T23:21:58.426+0000] {logging_mixin.py:188} INFO - [2026-04-26T23:21:58.426+0000] {dag.py:3096} INFO - Sync 1 DAGs
[2026-04-26T23:21:58.433+0000] {logging_mixin.py:188} INFO - [2026-04-26T23:21:58.433+0000] {dag.py:3954} INFO - Setting next_dagrun for example_sensors to None, run_after=None
[2026-04-26T23:21:58.441+0000] {processor.py:183} INFO - Processing /home/airflow/.local/lib/python3.12/site-packages/airflow/example_dags/example_sensors.py took 0.039 seconds
[2026-04-26T23:22:28.821+0000] {processor.py:161} INFO - Started process (PID=1699) to work on /home/airflow/.local/lib/python3.12/site-packages/airflow/example_dags/example_sensors.py
[2026-04-26T23:22:28.822+0000] {processor.py:830} INFO - Processing file /home/airflow/.local/lib/python3.12/site-packages/airflow/example_dags/example_sensors.py for tasks to queue
[2026-04-26T23:22:28.823+0000] {logging_mixin.py:188} INFO - [2026-04-26T23:22:28.823+0000] {dagbag.py:545} INFO - Filling up the DagBag from /home/airflow/.local/lib/python3.12/site-packages/airflow/example_dags/example_sensors.py
[2026-04-26T23:22:28.828+0000] {processor.py:840} INFO - DAG(s) 'example_sensors' retrieved from /home/airflow/.local/lib/python3.12/site-packages/airflow/example_dags/example_sensors.py
[2026-04-26T23:22:28.842+0000] {logging_mixin.py:188} INFO - [2026-04-26T23:22:28.842+0000] {dag.py:3096} INFO - Sync 1 DAGs
[2026-04-26T23:22:28.851+0000] {logging_mixin.py:188} INFO - [2026-04-26T23:22:28.850+0000] {dag.py:3954} INFO - Setting next_dagrun for example_sensors to None, run_after=None
[2026-04-26T23:22:28.863+0000] {processor.py:183} INFO - Processing /home/airflow/.local/lib/python3.12/site-packages/airflow/example_dags/example_sensors.py took 0.046 seconds
[2026-04-26T23:22:59.047+0000] {processor.py:161} INFO - Started process (PID=1759) to work on /home/airflow/.local/lib/python3.12/site-packages/airflow/example_dags/example_sensors.py
[2026-04-26T23:22:59.048+0000] {processor.py:830} INFO - Processing file /home/airflow/.local/lib/python3.12/site-packages/airflow/example_dags/example_sensors.py for tasks to queue
[2026-04-26T23:22:59.049+0000] {logging_mixin.py:188} INFO - [2026-04-26T23:22:59.049+0000] {dagbag.py:545} INFO - Filling up the DagBag from /home/airflow/.local/lib/python3.12/site-packages/airflow/example_dags/example_sensors.py
[2026-04-26T23:22:59.054+0000] {processor.py:840} INFO - DAG(s) 'example_sensors' retrieved from /home/airflow/.local/lib/python3.12/site-packages/airflow/example_dags/example_sensors.py
[2026-04-26T23:22:59.068+0000] {logging_mixin.py:188} INFO - [2026-04-26T23:22:59.068+0000] {dag.py:3096} INFO - Sync 1 DAGs
[2026-04-26T23:22:59.075+0000] {logging_mixin.py:188} INFO - [2026-04-26T23:22:59.075+0000] {dag.py:3954} INFO - Setting next_dagrun for example_sensors to None, run_after=None
[2026-04-26T23:22:59.084+0000] {processor.py:183} INFO - Processing /home/airflow/.local/lib/python3.12/site-packages/airflow/example_dags/example_sensors.py took 0.041 seconds
[2026-04-26T23:23:29.814+0000] {processor.py:161} INFO - Started process (PID=1818) to work on /home/airflow/.local/lib/python3.12/site-packages/airflow/example_dags/example_sensors.py
[2026-04-26T23:23:29.815+0000] {processor.py:830} INFO - Processing file /home/airflow/.local/lib/python3.12/site-packages/airflow/example_dags/example_sensors.py for tasks to queue
[2026-04-26T23:23:29.816+0000] {logging_mixin.py:188} INFO - [2026-04-26T23:23:29.816+0000] {dagbag.py:545} INFO - Filling up the DagBag from /home/airflow/.local/lib/python3.12/site-packages/airflow/example_dags/example_sensors.py
[2026-04-26T23:23:29.822+0000] {processor.py:840} INFO - DAG(s) 'example_sensors' retrieved from /home/airflow/.local/lib/python3.12/site-packages/airflow/example_dags/example_sensors.py
[2026-04-26T23:23:29.840+0000] {logging_mixin.py:188} INFO - [2026-04-26T23:23:29.840+0000] {dag.py:3096} INFO - Sync 1 DAGs
[2026-04-26T23:23:29.849+0000] {logging_mixin.py:188} INFO - [2026-04-26T23:23:29.849+0000] {dag.py:3954} INFO - Setting next_dagrun for example_sensors to None, run_after=None
[2026-04-26T23:23:29.860+0000] {processor.py:183} INFO - Processing /home/airflow/.local/lib/python3.12/site-packages/airflow/example_dags/example_sensors.py took 0.051 seconds
[2026-04-26T23:24:00.685+0000] {processor.py:161} INFO - Started process (PID=1877) to work on /home/airflow/.local/lib/python3.12/site-packages/airflow/example_dags/example_sensors.py
[2026-04-26T23:24:00.686+0000] {processor.py:830} INFO - Processing file /home/airflow/.local/lib/python3.12/site-packages/airflow/example_dags/example_sensors.py for tasks to queue
[2026-04-26T23:24:00.687+0000] {logging_mixin.py:188} INFO - [2026-04-26T23:24:00.687+0000] {dagbag.py:545} INFO - Filling up the DagBag from /home/airflow/.local/lib/python3.12/site-packages/airflow/example_dags/example_sensors.py
[2026-04-26T23:24:00.692+0000] {processor.py:840} INFO - DAG(s) 'example_sensors' retrieved from /home/airflow/.local/lib/python3.12/site-packages/airflow/example_dags/example_sensors.py
[2026-04-26T23:24:00.706+0000] {logging_mixin.py:188} INFO - [2026-04-26T23:24:00.706+0000] {dag.py:3096} INFO - Sync 1 DAGs
[2026-04-26T23:24:00.824+0000] {logging_mixin.py:188} INFO - [2026-04-26T23:24:00.824+0000] {dag.py:3954} INFO - Setting next_dagrun for example_sensors to None, run_after=None
[2026-04-26T23:24:00.840+0000] {processor.py:183} INFO - Processing /home/airflow/.local/lib/python3.12/site-packages/airflow/example_dags/example_sensors.py took 0.158 seconds
[2026-04-26T23:24:31.781+0000] {processor.py:161} INFO - Started process (PID=1937) to work on /home/airflow/.local/lib/python3.12/site-packages/airflow/example_dags/example_sensors.py
[2026-04-26T23:24:31.782+0000] {processor.py:830} INFO - Processing file /home/airflow/.local/lib/python3.12/site-packages/airflow/example_dags/example_sensors.py for tasks to queue
[2026-04-26T23:24:31.783+0000] {logging_mixin.py:188} INFO - [2026-04-26T23:24:31.783+0000] {dagbag.py:545} INFO - Filling up the DagBag from /home/airflow/.local/lib/python3.12/site-packages/airflow/example_dags/example_sensors.py
[2026-04-26T23:24:31.788+0000] {processor.py:840} INFO - DAG(s) 'example_sensors' retrieved from /home/airflow/.local/lib/python3.12/site-packages/airflow/example_dags/example_sensors.py
[2026-04-26T23:24:31.803+0000] {logging_mixin.py:188} INFO - [2026-04-26T23:24:31.802+0000] {dag.py:3096} INFO - Sync 1 DAGs
[2026-04-26T23:24:31.811+0000] {logging_mixin.py:188} INFO - [2026-04-26T23:24:31.811+0000] {dag.py:3954} INFO - Setting next_dagrun for example_sensors to None, run_after=None
[2026-04-26T23:24:31.956+0000] {processor.py:183} INFO - Processing /home/airflow/.local/lib/python3.12/site-packages/airflow/example_dags/example_sensors.py took 0.178 seconds
[2026-04-26T23:25:02.544+0000] {processor.py:161} INFO - Started process (PID=1997) to work on /home/airflow/.local/lib/python3.12/site-packages/airflow/example_dags/example_sensors.py
[2026-04-26T23:25:02.545+0000] {processor.py:830} INFO - Processing file /home/airflow/.local/lib/python3.12/site-packages/airflow/example_dags/example_sensors.py for tasks to queue
[2026-04-26T23:25:02.546+0000] {logging_mixin.py:188} INFO - [2026-04-26T23:25:02.546+0000] {dagbag.py:545} INFO - Filling up the DagBag from /home/airflow/.local/lib/python3.12/site-packages/airflow/example_dags/example_sensors.py
[2026-04-26T23:25:02.552+0000] {processor.py:840} INFO - DAG(s) 'example_sensors' retrieved from /home/airflow/.local/lib/python3.12/site-packages/airflow/example_dags/example_sensors.py
[2026-04-26T23:25:02.567+0000] {logging_mixin.py:188} INFO - [2026-04-26T23:25:02.567+0000] {dag.py:3096} INFO - Sync 1 DAGs
[2026-04-26T23:25:02.575+0000] {logging_mixin.py:188} INFO - [2026-04-26T23:25:02.575+0000] {dag.py:3954} INFO - Setting next_dagrun for example_sensors to None, run_after=None
[2026-04-26T23:25:02.586+0000] {processor.py:183} INFO - Processing /home/airflow/.local/lib/python3.12/site-packages/airflow/example_dags/example_sensors.py took 0.046 seconds
[2026-04-26T23:25:33.293+0000] {processor.py:161} INFO - Started process (PID=2056) to work on /home/airflow/.local/lib/python3.12/site-packages/airflow/example_dags/example_sensors.py
[2026-04-26T23:25:33.293+0000] {processor.py:830} INFO - Processing file /home/airflow/.local/lib/python3.12/site-packages/airflow/example_dags/example_sensors.py for tasks to queue
[2026-04-26T23:25:33.295+0000] {logging_mixin.py:188} INFO - [2026-04-26T23:25:33.295+0000] {dagbag.py:545} INFO - Filling up the DagBag from /home/airflow/.local/lib/python3.12/site-packages/airflow/example_dags/example_sensors.py
[2026-04-26T23:25:33.302+0000] {processor.py:840} INFO - DAG(s) 'example_sensors' retrieved from /home/airflow/.local/lib/python3.12/site-packages/airflow/example_dags/example_sensors.py
[2026-04-26T23:25:33.321+0000] {logging_mixin.py:188} INFO - [2026-04-26T23:25:33.321+0000] {dag.py:3096} INFO - Sync 1 DAGs
[2026-04-26T23:25:33.331+0000] {logging_mixin.py:188} INFO - [2026-04-26T23:25:33.331+0000] {dag.py:3954} INFO - Setting next_dagrun for example_sensors to None, run_after=None
[2026-04-26T23:25:33.345+0000] {processor.py:183} INFO - Processing /home/airflow/.local/lib/python3.12/site-packages/airflow/example_dags/example_sensors.py took 0.057 seconds
[2026-04-26T23:26:04.079+0000] {processor.py:161} INFO - Started process (PID=2115) to work on /home/airflow/.local/lib/python3.12/site-packages/airflow/example_dags/example_sensors.py
[2026-04-26T23:26:04.082+0000] {processor.py:830} INFO - Processing file /home/airflow/.local/lib/python3.12/site-packages/airflow/example_dags/example_sensors.py for tasks to queue
[2026-04-26T23:26:04.083+0000] {logging_mixin.py:188} INFO - [2026-04-26T23:26:04.083+0000] {dagbag.py:545} INFO - Filling up the DagBag from /home/airflow/.local/lib/python3.12/site-packages/airflow/example_dags/example_sensors.py
[2026-04-26T23:26:04.090+0000] {processor.py:840} INFO - DAG(s) 'example_sensors' retrieved from /home/airflow/.local/lib/python3.12/site-packages/airflow/example_dags/example_sensors.py
[2026-04-26T23:26:04.110+0000] {logging_mixin.py:188} INFO - [2026-04-26T23:26:04.109+0000] {dag.py:3096} INFO - Sync 1 DAGs
[2026-04-26T23:26:04.119+0000] {logging_mixin.py:188} INFO - [2026-04-26T23:26:04.119+0000] {dag.py:3954} INFO - Setting next_dagrun for example_sensors to None, run_after=None
[2026-04-26T23:26:04.131+0000] {processor.py:183} INFO - Processing /home/airflow/.local/lib/python3.12/site-packages/airflow/example_dags/example_sensors.py took 0.056 seconds
[2026-04-26T23:26:34.839+0000] {processor.py:161} INFO - Started process (PID=2174) to work on /home/airflow/.local/lib/python3.12/site-packages/airflow/example_dags/example_sensors.py
[2026-04-26T23:26:34.840+0000] {processor.py:830} INFO - Processing file /home/airflow/.local/lib/python3.12/site-packages/airflow/example_dags/example_sensors.py for tasks to queue
[2026-04-26T23:26:34.841+0000] {logging_mixin.py:188} INFO - [2026-04-26T23:26:34.841+0000] {dagbag.py:545} INFO - Filling up the DagBag from /home/airflow/.local/lib/python3.12/site-packages/airflow/example_dags/example_sensors.py
[2026-04-26T23:26:34.846+0000] {processor.py:840} INFO - DAG(s) 'example_sensors' retrieved from /home/airflow/.local/lib/python3.12/site-packages/airflow/example_dags/example_sensors.py
[2026-04-26T23:26:34.859+0000] {logging_mixin.py:188} INFO - [2026-04-26T23:26:34.859+0000] {dag.py:3096} INFO - Sync 1 DAGs
[2026-04-26T23:26:34.866+0000] {logging_mixin.py:188} INFO - [2026-04-26T23:26:34.865+0000] {dag.py:3954} INFO - Setting next_dagrun for example_sensors to None, run_after=None
[2026-04-26T23:26:34.876+0000] {processor.py:183} INFO - Processing /home/airflow/.local/lib/python3.12/site-packages/airflow/example_dags/example_sensors.py took 0.041 seconds
[2026-04-26T23:27:05.634+0000] {processor.py:161} INFO - Started process (PID=2233) to work on /home/airflow/.local/lib/python3.12/site-packages/airflow/example_dags/example_sensors.py
[2026-04-26T23:27:05.643+0000] {processor.py:830} INFO - Processing file /home/airflow/.local/lib/python3.12/site-packages/airflow/example_dags/example_sensors.py for tasks to queue
[2026-04-26T23:27:05.644+0000] {logging_mixin.py:188} INFO - [2026-04-26T23:27:05.644+0000] {dagbag.py:545} INFO - Filling up the DagBag from /home/airflow/.local/lib/python3.12/site-packages/airflow/example_dags/example_sensors.py
[2026-04-26T23:27:05.650+0000] {processor.py:840} INFO - DAG(s) 'example_sensors' retrieved from /home/airflow/.local/lib/python3.12/site-packages/airflow/example_dags/example_sensors.py
[2026-04-26T23:27:05.665+0000] {logging_mixin.py:188} INFO - [2026-04-26T23:27:05.665+0000] {dag.py:3096} INFO - Sync 1 DAGs
[2026-04-26T23:27:05.672+0000] {logging_mixin.py:188} INFO - [2026-04-26T23:27:05.672+0000] {dag.py:3954} INFO - Setting next_dagrun for example_sensors to None, run_after=None
[2026-04-26T23:27:05.682+0000] {processor.py:183} INFO - Processing /home/airflow/.local/lib/python3.12/site-packages/airflow/example_dags/example_sensors.py took 0.051 seconds
[2026-04-26T23:27:36.358+0000] {processor.py:161} INFO - Started process (PID=2292) to work on /home/airflow/.local/lib/python3.12/site-packages/airflow/example_dags/example_sensors.py
[2026-04-26T23:27:36.358+0000] {processor.py:830} INFO - Processing file /home/airflow/.local/lib/python3.12/site-packages/airflow/example_dags/example_sensors.py for tasks to queue
[2026-04-26T23:27:36.359+0000] {logging_mixin.py:188} INFO - [2026-04-26T23:27:36.359+0000] {dagbag.py:545} INFO - Filling up the DagBag from /home/airflow/.local/lib/python3.12/site-packages/airflow/example_dags/example_sensors.py
[2026-04-26T23:27:36.364+0000] {processor.py:840} INFO - DAG(s) 'example_sensors' retrieved from /home/airflow/.local/lib/python3.12/site-packages/airflow/example_dags/example_sensors.py
[2026-04-26T23:27:36.379+0000] {logging_mixin.py:188} INFO - [2026-04-26T23:27:36.379+0000] {dag.py:3096} INFO - Sync 1 DAGs
[2026-04-26T23:27:36.386+0000] {logging_mixin.py:188} INFO - [2026-04-26T23:27:36.386+0000] {dag.py:3954} INFO - Setting next_dagrun for example_sensors to None, run_after=None
[2026-04-26T23:27:36.397+0000] {processor.py:183} INFO - Processing /home/airflow/.local/lib/python3.12/site-packages/airflow/example_dags/example_sensors.py took 0.043 seconds
[2026-04-26T23:28:07.086+0000] {processor.py:161} INFO - Started process (PID=2351) to work on /home/airflow/.local/lib/python3.12/site-packages/airflow/example_dags/example_sensors.py
[2026-04-26T23:28:07.093+0000] {processor.py:830} INFO - Processing file /home/airflow/.local/lib/python3.12/site-packages/airflow/example_dags/example_sensors.py for tasks to queue
[2026-04-26T23:28:07.095+0000] {logging_mixin.py:188} INFO - [2026-04-26T23:28:07.094+0000] {dagbag.py:545} INFO - Filling up the DagBag from /home/airflow/.local/lib/python3.12/site-packages/airflow/example_dags/example_sensors.py
[2026-04-26T23:28:07.100+0000] {processor.py:840} INFO - DAG(s) 'example_sensors' retrieved from /home/airflow/.local/lib/python3.12/site-packages/airflow/example_dags/example_sensors.py
[2026-04-26T23:28:07.115+0000] {logging_mixin.py:188} INFO - [2026-04-26T23:28:07.115+0000] {dag.py:3096} INFO - Sync 1 DAGs
[2026-04-26T23:28:07.123+0000] {logging_mixin.py:188} INFO - [2026-04-26T23:28:07.122+0000] {dag.py:3954} INFO - Setting next_dagrun for example_sensors to None, run_after=None
[2026-04-26T23:28:07.132+0000] {processor.py:183} INFO - Processing /home/airflow/.local/lib/python3.12/site-packages/airflow/example_dags/example_sensors.py took 0.050 seconds
[2026-04-26T23:28:37.803+0000] {processor.py:161} INFO - Started process (PID=2410) to work on /home/airflow/.local/lib/python3.12/site-packages/airflow/example_dags/example_sensors.py
[2026-04-26T23:28:37.805+0000] {processor.py:830} INFO - Processing file /home/airflow/.local/lib/python3.12/site-packages/airflow/example_dags/example_sensors.py for tasks to queue
[2026-04-26T23:28:37.806+0000] {logging_mixin.py:188} INFO - [2026-04-26T23:28:37.806+0000] {dagbag.py:545} INFO - Filling up the DagBag from /home/airflow/.local/lib/python3.12/site-packages/airflow/example_dags/example_sensors.py
[2026-04-26T23:28:37.813+0000] {processor.py:840} INFO - DAG(s) 'example_sensors' retrieved from /home/airflow/.local/lib/python3.12/site-packages/airflow/example_dags/example_sensors.py
[2026-04-26T23:28:37.833+0000] {logging_mixin.py:188} INFO - [2026-04-26T23:28:37.833+0000] {dag.py:3096} INFO - Sync 1 DAGs
[2026-04-26T23:28:37.842+0000] {logging_mixin.py:188} INFO - [2026-04-26T23:28:37.842+0000] {dag.py:3954} INFO - Setting next_dagrun for example_sensors to None, run_after=None
[2026-04-26T23:28:37.855+0000] {processor.py:183} INFO - Processing /home/airflow/.local/lib/python3.12/site-packages/airflow/example_dags/example_sensors.py took 0.057 seconds
[2026-04-26T23:29:08.105+0000] {processor.py:161} INFO - Started process (PID=2469) to work on /home/airflow/.local/lib/python3.12/site-packages/airflow/example_dags/example_sensors.py
[2026-04-26T23:29:08.106+0000] {processor.py:830} INFO - Processing file /home/airflow/.local/lib/python3.12/site-packages/airflow/example_dags/example_sensors.py for tasks to queue
[2026-04-26T23:29:08.107+0000] {logging_mixin.py:188} INFO - [2026-04-26T23:29:08.107+0000] {dagbag.py:545} INFO - Filling up the DagBag from /home/airflow/.local/lib/python3.12/site-packages/airflow/example_dags/example_sensors.py
[2026-04-26T23:29:08.112+0000] {processor.py:840} INFO - DAG(s) 'example_sensors' retrieved from /home/airflow/.local/lib/python3.12/site-packages/airflow/example_dags/example_sensors.py
[2026-04-26T23:29:08.125+0000] {logging_mixin.py:188} INFO - [2026-04-26T23:29:08.125+0000] {dag.py:3096} INFO - Sync 1 DAGs
[2026-04-26T23:29:08.133+0000] {logging_mixin.py:188} INFO - [2026-04-26T23:29:08.133+0000] {dag.py:3954} INFO - Setting next_dagrun for example_sensors to None, run_after=None
[2026-04-26T23:29:08.144+0000] {processor.py:183} INFO - Processing /home/airflow/.local/lib/python3.12/site-packages/airflow/example_dags/example_sensors.py took 0.043 seconds
[2026-04-26T23:29:38.955+0000] {processor.py:161} INFO - Started process (PID=2528) to work on /home/airflow/.local/lib/python3.12/site-packages/airflow/example_dags/example_sensors.py
[2026-04-26T23:29:38.955+0000] {processor.py:830} INFO - Processing file /home/airflow/.local/lib/python3.12/site-packages/airflow/example_dags/example_sensors.py for tasks to queue
[2026-04-26T23:29:38.956+0000] {logging_mixin.py:188} INFO - [2026-04-26T23:29:38.956+0000] {dagbag.py:545} INFO - Filling up the DagBag from /home/airflow/.local/lib/python3.12/site-packages/airflow/example_dags/example_sensors.py
[2026-04-26T23:29:38.961+0000] {processor.py:840} INFO - DAG(s) 'example_sensors' retrieved from /home/airflow/.local/lib/python3.12/site-packages/airflow/example_dags/example_sensors.py
[2026-04-26T23:29:38.975+0000] {logging_mixin.py:188} INFO - [2026-04-26T23:29:38.974+0000] {dag.py:3096} INFO - Sync 1 DAGs
[2026-04-26T23:29:38.982+0000] {logging_mixin.py:188} INFO - [2026-04-26T23:29:38.982+0000] {dag.py:3954} INFO - Setting next_dagrun for example_sensors to None, run_after=None
[2026-04-26T23:29:38.992+0000] {processor.py:183} INFO - Processing /home/airflow/.local/lib/python3.12/site-packages/airflow/example_dags/example_sensors.py took 0.040 seconds
[2026-04-26T23:30:09.666+0000] {processor.py:161} INFO - Started process (PID=2587) to work on /home/airflow/.local/lib/python3.12/site-packages/airflow/example_dags/example_sensors.py
[2026-04-26T23:30:09.674+0000] {processor.py:830} INFO - Processing file /home/airflow/.local/lib/python3.12/site-packages/airflow/example_dags/example_sensors.py for tasks to queue
[2026-04-26T23:30:09.676+0000] {logging_mixin.py:188} INFO - [2026-04-26T23:30:09.675+0000] {dagbag.py:545} INFO - Filling up the DagBag from /home/airflow/.local/lib/python3.12/site-packages/airflow/example_dags/example_sensors.py
[2026-04-26T23:30:09.683+0000] {processor.py:840} INFO - DAG(s) 'example_sensors' retrieved from /home/airflow/.local/lib/python3.12/site-packages/airflow/example_dags/example_sensors.py
[2026-04-26T23:30:09.703+0000] {logging_mixin.py:188} INFO - [2026-04-26T23:30:09.703+0000] {dag.py:3096} INFO - Sync 1 DAGs
[2026-04-26T23:30:09.713+0000] {logging_mixin.py:188} INFO - [2026-04-26T23:30:09.713+0000] {dag.py:3954} INFO - Setting next_dagrun for example_sensors to None, run_after=None
[2026-04-26T23:30:09.729+0000] {processor.py:183} INFO - Processing /home/airflow/.local/lib/python3.12/site-packages/airflow/example_dags/example_sensors.py took 0.068 seconds
[2026-04-26T23:30:40.394+0000] {processor.py:161} INFO - Started process (PID=2646) to work on /home/airflow/.local/lib/python3.12/site-packages/airflow/example_dags/example_sensors.py
[2026-04-26T23:30:40.394+0000] {processor.py:830} INFO - Processing file /home/airflow/.local/lib/python3.12/site-packages/airflow/example_dags/example_sensors.py for tasks to queue
[2026-04-26T23:30:40.395+0000] {logging_mixin.py:188} INFO - [2026-04-26T23:30:40.395+0000] {dagbag.py:545} INFO - Filling up the DagBag from /home/airflow/.local/lib/python3.12/site-packages/airflow/example_dags/example_sensors.py
[2026-04-26T23:30:40.400+0000] {processor.py:840} INFO - DAG(s) 'example_sensors' retrieved from /home/airflow/.local/lib/python3.12/site-packages/airflow/example_dags/example_sensors.py
[2026-04-26T23:30:40.414+0000] {logging_mixin.py:188} INFO - [2026-04-26T23:30:40.414+0000] {dag.py:3096} INFO - Sync 1 DAGs
[2026-04-26T23:30:40.421+0000] {logging_mixin.py:188} INFO - [2026-04-26T23:30:40.421+0000] {dag.py:3954} INFO - Setting next_dagrun for example_sensors to None, run_after=None
[2026-04-26T23:30:40.431+0000] {processor.py:183} INFO - Processing /home/airflow/.local/lib/python3.12/site-packages/airflow/example_dags/example_sensors.py took 0.041 seconds
[2026-04-26T23:31:11.180+0000] {processor.py:161} INFO - Started process (PID=2705) to work on /home/airflow/.local/lib/python3.12/site-packages/airflow/example_dags/example_sensors.py
[2026-04-26T23:31:11.192+0000] {processor.py:830} INFO - Processing file /home/airflow/.local/lib/python3.12/site-packages/airflow/example_dags/example_sensors.py for tasks to queue
[2026-04-26T23:31:11.193+0000] {logging_mixin.py:188} INFO - [2026-04-26T23:31:11.193+0000] {dagbag.py:545} INFO - Filling up the DagBag from /home/airflow/.local/lib/python3.12/site-packages/airflow/example_dags/example_sensors.py
[2026-04-26T23:31:11.198+0000] {processor.py:840} INFO - DAG(s) 'example_sensors' retrieved from /home/airflow/.local/lib/python3.12/site-packages/airflow/example_dags/example_sensors.py
[2026-04-26T23:31:11.214+0000] {logging_mixin.py:188} INFO - [2026-04-26T23:31:11.213+0000] {dag.py:3096} INFO - Sync 1 DAGs
[2026-04-26T23:31:11.221+0000] {logging_mixin.py:188} INFO - [2026-04-26T23:31:11.221+0000] {dag.py:3954} INFO - Setting next_dagrun for example_sensors to None, run_after=None
[2026-04-26T23:31:11.231+0000] {processor.py:183} INFO - Processing /home/airflow/.local/lib/python3.12/site-packages/airflow/example_dags/example_sensors.py took 0.054 seconds
[2026-04-26T23:31:41.926+0000] {processor.py:161} INFO - Started process (PID=2764) to work on /home/airflow/.local/lib/python3.12/site-packages/airflow/example_dags/example_sensors.py
[2026-04-26T23:31:41.926+0000] {processor.py:830} INFO - Processing file /home/airflow/.local/lib/python3.12/site-packages/airflow/example_dags/example_sensors.py for tasks to queue
[2026-04-26T23:31:41.928+0000] {logging_mixin.py:188} INFO - [2026-04-26T23:31:41.928+0000] {dagbag.py:545} INFO - Filling up the DagBag from /home/airflow/.local/lib/python3.12/site-packages/airflow/example_dags/example_sensors.py
[2026-04-26T23:31:41.935+0000] {processor.py:840} INFO - DAG(s) 'example_sensors' retrieved from /home/airflow/.local/lib/python3.12/site-packages/airflow/example_dags/example_sensors.py
[2026-04-26T23:31:41.954+0000] {logging_mixin.py:188} INFO - [2026-04-26T23:31:41.953+0000] {dag.py:3096} INFO - Sync 1 DAGs
[2026-04-26T23:31:41.963+0000] {logging_mixin.py:188} INFO - [2026-04-26T23:31:41.963+0000] {dag.py:3954} INFO - Setting next_dagrun for example_sensors to None, run_after=None
[2026-04-26T23:31:41.987+0000] {processor.py:183} INFO - Processing /home/airflow/.local/lib/python3.12/site-packages/airflow/example_dags/example_sensors.py took 0.066 seconds
[2026-04-26T23:32:12.692+0000] {processor.py:161} INFO - Started process (PID=2823) to work on /home/airflow/.local/lib/python3.12/site-packages/airflow/example_dags/example_sensors.py
[2026-04-26T23:32:12.705+0000] {processor.py:830} INFO - Processing file /home/airflow/.local/lib/python3.12/site-packages/airflow/example_dags/example_sensors.py for tasks to queue
[2026-04-26T23:32:12.707+0000] {logging_mixin.py:188} INFO - [2026-04-26T23:32:12.706+0000] {dagbag.py:545} INFO - Filling up the DagBag from /home/airflow/.local/lib/python3.12/site-packages/airflow/example_dags/example_sensors.py
[2026-04-26T23:32:12.713+0000] {processor.py:840} INFO - DAG(s) 'example_sensors' retrieved from /home/airflow/.local/lib/python3.12/site-packages/airflow/example_dags/example_sensors.py
[2026-04-26T23:32:12.732+0000] {logging_mixin.py:188} INFO - [2026-04-26T23:32:12.731+0000] {dag.py:3096} INFO - Sync 1 DAGs
[2026-04-26T23:32:12.741+0000] {logging_mixin.py:188} INFO - [2026-04-26T23:32:12.740+0000] {dag.py:3954} INFO - Setting next_dagrun for example_sensors to None, run_after=None
[2026-04-26T23:32:12.753+0000] {processor.py:183} INFO - Processing /home/airflow/.local/lib/python3.12/site-packages/airflow/example_dags/example_sensors.py took 0.065 seconds
[2026-04-26T23:32:42.887+0000] {processor.py:161} INFO - Started process (PID=2882) to work on /home/airflow/.local/lib/python3.12/site-packages/airflow/example_dags/example_sensors.py
[2026-04-26T23:32:42.887+0000] {processor.py:830} INFO - Processing file /home/airflow/.local/lib/python3.12/site-packages/airflow/example_dags/example_sensors.py for tasks to queue
[2026-04-26T23:32:42.889+0000] {logging_mixin.py:188} INFO - [2026-04-26T23:32:42.888+0000] {dagbag.py:545} INFO - Filling up the DagBag from /home/airflow/.local/lib/python3.12/site-packages/airflow/example_dags/example_sensors.py
[2026-04-26T23:32:42.895+0000] {processor.py:840} INFO - DAG(s) 'example_sensors' retrieved from /home/airflow/.local/lib/python3.12/site-packages/airflow/example_dags/example_sensors.py
[2026-04-26T23:32:42.913+0000] {logging_mixin.py:188} INFO - [2026-04-26T23:32:42.913+0000] {dag.py:3096} INFO - Sync 1 DAGs
[2026-04-26T23:32:42.922+0000] {logging_mixin.py:188} INFO - [2026-04-26T23:32:42.921+0000] {dag.py:3954} INFO - Setting next_dagrun for example_sensors to None, run_after=None
[2026-04-26T23:32:42.934+0000] {processor.py:183} INFO - Processing /home/airflow/.local/lib/python3.12/site-packages/airflow/example_dags/example_sensors.py took 0.052 seconds
[2026-04-26T23:33:13.133+0000] {processor.py:161} INFO - Started process (PID=2941) to work on /home/airflow/.local/lib/python3.12/site-packages/airflow/example_dags/example_sensors.py
[2026-04-26T23:33:13.145+0000] {processor.py:830} INFO - Processing file /home/airflow/.local/lib/python3.12/site-packages/airflow/example_dags/example_sensors.py for tasks to queue
[2026-04-26T23:33:13.147+0000] {logging_mixin.py:188} INFO - [2026-04-26T23:33:13.147+0000] {dagbag.py:545} INFO - Filling up the DagBag from /home/airflow/.local/lib/python3.12/site-packages/airflow/example_dags/example_sensors.py
[2026-04-26T23:33:13.153+0000] {processor.py:840} INFO - DAG(s) 'example_sensors' retrieved from /home/airflow/.local/lib/python3.12/site-packages/airflow/example_dags/example_sensors.py
[2026-04-26T23:33:13.173+0000] {logging_mixin.py:188} INFO - [2026-04-26T23:33:13.173+0000] {dag.py:3096} INFO - Sync 1 DAGs
[2026-04-26T23:33:13.183+0000] {logging_mixin.py:188} INFO - [2026-04-26T23:33:13.182+0000] {dag.py:3954} INFO - Setting next_dagrun for example_sensors to None, run_after=None
[2026-04-26T23:33:13.195+0000] {processor.py:183} INFO - Processing /home/airflow/.local/lib/python3.12/site-packages/airflow/example_dags/example_sensors.py took 0.067 seconds
[2026-04-26T23:33:44.076+0000] {processor.py:161} INFO - Started process (PID=3004) to work on /home/airflow/.local/lib/python3.12/site-packages/airflow/example_dags/example_sensors.py
[2026-04-26T23:33:44.076+0000] {processor.py:830} INFO - Processing file /home/airflow/.local/lib/python3.12/site-packages/airflow/example_dags/example_sensors.py for tasks to queue
[2026-04-26T23:33:44.077+0000] {logging_mixin.py:188} INFO - [2026-04-26T23:33:44.077+0000] {dagbag.py:545} INFO - Filling up the DagBag from /home/airflow/.local/lib/python3.12/site-packages/airflow/example_dags/example_sensors.py
[2026-04-26T23:33:44.083+0000] {processor.py:840} INFO - DAG(s) 'example_sensors' retrieved from /home/airflow/.local/lib/python3.12/site-packages/airflow/example_dags/example_sensors.py
[2026-04-26T23:33:44.098+0000] {logging_mixin.py:188} INFO - [2026-04-26T23:33:44.098+0000] {dag.py:3096} INFO - Sync 1 DAGs
[2026-04-26T23:33:44.105+0000] {logging_mixin.py:188} INFO - [2026-04-26T23:33:44.105+0000] {dag.py:3954} INFO - Setting next_dagrun for example_sensors to None, run_after=None
[2026-04-26T23:33:44.116+0000] {processor.py:183} INFO - Processing /home/airflow/.local/lib/python3.12/site-packages/airflow/example_dags/example_sensors.py took 0.043 seconds
[2026-04-26T23:34:14.198+0000] {processor.py:161} INFO - Started process (PID=3063) to work on /home/airflow/.local/lib/python3.12/site-packages/airflow/example_dags/example_sensors.py
[2026-04-26T23:34:14.205+0000] {processor.py:830} INFO - Processing file /home/airflow/.local/lib/python3.12/site-packages/airflow/example_dags/example_sensors.py for tasks to queue
[2026-04-26T23:34:14.206+0000] {logging_mixin.py:188} INFO - [2026-04-26T23:34:14.206+0000] {dagbag.py:545} INFO - Filling up the DagBag from /home/airflow/.local/lib/python3.12/site-packages/airflow/example_dags/example_sensors.py
[2026-04-26T23:34:14.212+0000] {processor.py:840} INFO - DAG(s) 'example_sensors' retrieved from /home/airflow/.local/lib/python3.12/site-packages/airflow/example_dags/example_sensors.py
[2026-04-26T23:34:14.227+0000] {logging_mixin.py:188} INFO - [2026-04-26T23:34:14.227+0000] {dag.py:3096} INFO - Sync 1 DAGs
[2026-04-26T23:34:14.235+0000] {logging_mixin.py:188} INFO - [2026-04-26T23:34:14.235+0000] {dag.py:3954} INFO - Setting next_dagrun for example_sensors to None, run_after=None
[2026-04-26T23:34:14.245+0000] {processor.py:183} INFO - Processing /home/airflow/.local/lib/python3.12/site-packages/airflow/example_dags/example_sensors.py took 0.051 seconds
[2026-04-26T23:34:44.277+0000] {processor.py:161} INFO - Started process (PID=3121) to work on /home/airflow/.local/lib/python3.12/site-packages/airflow/example_dags/example_sensors.py
[2026-04-26T23:34:44.278+0000] {processor.py:830} INFO - Processing file /home/airflow/.local/lib/python3.12/site-packages/airflow/example_dags/example_sensors.py for tasks to queue
[2026-04-26T23:34:44.279+0000] {logging_mixin.py:188} INFO - [2026-04-26T23:34:44.278+0000] {dagbag.py:545} INFO - Filling up the DagBag from /home/airflow/.local/lib/python3.12/site-packages/airflow/example_dags/example_sensors.py
[2026-04-26T23:34:44.283+0000] {processor.py:840} INFO - DAG(s) 'example_sensors' retrieved from /home/airflow/.local/lib/python3.12/site-packages/airflow/example_dags/example_sensors.py
[2026-04-26T23:34:44.299+0000] {logging_mixin.py:188} INFO - [2026-04-26T23:34:44.299+0000] {dag.py:3096} INFO - Sync 1 DAGs
[2026-04-26T23:34:44.306+0000] {logging_mixin.py:188} INFO - [2026-04-26T23:34:44.306+0000] {dag.py:3954} INFO - Setting next_dagrun for example_sensors to None, run_after=None
[2026-04-26T23:34:44.317+0000] {processor.py:183} INFO - Processing /home/airflow/.local/lib/python3.12/site-packages/airflow/example_dags/example_sensors.py took 0.043 seconds
[2026-04-26T23:35:15.110+0000] {processor.py:161} INFO - Started process (PID=3181) to work on /home/airflow/.local/lib/python3.12/site-packages/airflow/example_dags/example_sensors.py
[2026-04-26T23:35:15.121+0000] {processor.py:830} INFO - Processing file /home/airflow/.local/lib/python3.12/site-packages/airflow/example_dags/example_sensors.py for tasks to queue
[2026-04-26T23:35:15.122+0000] {logging_mixin.py:188} INFO - [2026-04-26T23:35:15.122+0000] {dagbag.py:545} INFO - Filling up the DagBag from /home/airflow/.local/lib/python3.12/site-packages/airflow/example_dags/example_sensors.py
[2026-04-26T23:35:15.127+0000] {processor.py:840} INFO - DAG(s) 'example_sensors' retrieved from /home/airflow/.local/lib/python3.12/site-packages/airflow/example_dags/example_sensors.py
[2026-04-26T23:35:15.143+0000] {logging_mixin.py:188} INFO - [2026-04-26T23:35:15.143+0000] {dag.py:3096} INFO - Sync 1 DAGs
[2026-04-26T23:35:15.150+0000] {logging_mixin.py:188} INFO - [2026-04-26T23:35:15.150+0000] {dag.py:3954} INFO - Setting next_dagrun for example_sensors to None, run_after=None
[2026-04-26T23:35:15.160+0000] {processor.py:183} INFO - Processing /home/airflow/.local/lib/python3.12/site-packages/airflow/example_dags/example_sensors.py took 0.054 seconds
[2026-04-26T23:35:45.750+0000] {processor.py:161} INFO - Started process (PID=3240) to work on /home/airflow/.local/lib/python3.12/site-packages/airflow/example_dags/example_sensors.py
[2026-04-26T23:35:45.769+0000] {processor.py:830} INFO - Processing file /home/airflow/.local/lib/python3.12/site-packages/airflow/example_dags/example_sensors.py for tasks to queue
[2026-04-26T23:35:45.770+0000] {logging_mixin.py:188} INFO - [2026-04-26T23:35:45.770+0000] {dagbag.py:545} INFO - Filling up the DagBag from /home/airflow/.local/lib/python3.12/site-packages/airflow/example_dags/example_sensors.py
[2026-04-26T23:35:45.775+0000] {processor.py:840} INFO - DAG(s) 'example_sensors' retrieved from /home/airflow/.local/lib/python3.12/site-packages/airflow/example_dags/example_sensors.py
[2026-04-26T23:35:45.789+0000] {logging_mixin.py:188} INFO - [2026-04-26T23:35:45.788+0000] {dag.py:3096} INFO - Sync 1 DAGs
[2026-04-26T23:35:45.796+0000] {logging_mixin.py:188} INFO - [2026-04-26T23:35:45.795+0000] {dag.py:3954} INFO - Setting next_dagrun for example_sensors to None, run_after=None
[2026-04-26T23:35:45.806+0000] {processor.py:183} INFO - Processing /home/airflow/.local/lib/python3.12/site-packages/airflow/example_dags/example_sensors.py took 0.060 seconds
[2026-04-26T23:36:16.543+0000] {processor.py:161} INFO - Started process (PID=3299) to work on /home/airflow/.local/lib/python3.12/site-packages/airflow/example_dags/example_sensors.py
[2026-04-26T23:36:16.556+0000] {processor.py:830} INFO - Processing file /home/airflow/.local/lib/python3.12/site-packages/airflow/example_dags/example_sensors.py for tasks to queue
[2026-04-26T23:36:16.557+0000] {logging_mixin.py:188} INFO - [2026-04-26T23:36:16.557+0000] {dagbag.py:545} INFO - Filling up the DagBag from /home/airflow/.local/lib/python3.12/site-packages/airflow/example_dags/example_sensors.py
[2026-04-26T23:36:16.562+0000] {processor.py:840} INFO - DAG(s) 'example_sensors' retrieved from /home/airflow/.local/lib/python3.12/site-packages/airflow/example_dags/example_sensors.py
[2026-04-26T23:36:16.578+0000] {logging_mixin.py:188} INFO - [2026-04-26T23:36:16.578+0000] {dag.py:3096} INFO - Sync 1 DAGs
[2026-04-26T23:36:16.584+0000] {logging_mixin.py:188} INFO - [2026-04-26T23:36:16.584+0000] {dag.py:3954} INFO - Setting next_dagrun for example_sensors to None, run_after=None
[2026-04-26T23:36:16.596+0000] {processor.py:183} INFO - Processing /home/airflow/.local/lib/python3.12/site-packages/airflow/example_dags/example_sensors.py took 0.056 seconds
[2026-04-26T23:36:47.183+0000] {processor.py:161} INFO - Started process (PID=3358) to work on /home/airflow/.local/lib/python3.12/site-packages/airflow/example_dags/example_sensors.py
[2026-04-26T23:36:47.196+0000] {processor.py:830} INFO - Processing file /home/airflow/.local/lib/python3.12/site-packages/airflow/example_dags/example_sensors.py for tasks to queue
[2026-04-26T23:36:47.197+0000] {logging_mixin.py:188} INFO - [2026-04-26T23:36:47.197+0000] {dagbag.py:545} INFO - Filling up the DagBag from /home/airflow/.local/lib/python3.12/site-packages/airflow/example_dags/example_sensors.py
[2026-04-26T23:36:47.203+0000] {processor.py:840} INFO - DAG(s) 'example_sensors' retrieved from /home/airflow/.local/lib/python3.12/site-packages/airflow/example_dags/example_sensors.py
[2026-04-26T23:36:47.217+0000] {logging_mixin.py:188} INFO - [2026-04-26T23:36:47.217+0000] {dag.py:3096} INFO - Sync 1 DAGs
[2026-04-26T23:36:47.225+0000] {logging_mixin.py:188} INFO - [2026-04-26T23:36:47.225+0000] {dag.py:3954} INFO - Setting next_dagrun for example_sensors to None, run_after=None
[2026-04-26T23:36:47.235+0000] {processor.py:183} INFO - Processing /home/airflow/.local/lib/python3.12/site-packages/airflow/example_dags/example_sensors.py took 0.056 seconds
[2026-04-26T23:37:17.927+0000] {processor.py:161} INFO - Started process (PID=3417) to work on /home/airflow/.local/lib/python3.12/site-packages/airflow/example_dags/example_sensors.py
[2026-04-26T23:37:17.929+0000] {processor.py:830} INFO - Processing file /home/airflow/.local/lib/python3.12/site-packages/airflow/example_dags/example_sensors.py for tasks to queue
[2026-04-26T23:37:17.930+0000] {logging_mixin.py:188} INFO - [2026-04-26T23:37:17.930+0000] {dagbag.py:545} INFO - Filling up the DagBag from /home/airflow/.local/lib/python3.12/site-packages/airflow/example_dags/example_sensors.py
[2026-04-26T23:37:17.936+0000] {processor.py:840} INFO - DAG(s) 'example_sensors' retrieved from /home/airflow/.local/lib/python3.12/site-packages/airflow/example_dags/example_sensors.py
[2026-04-26T23:37:17.952+0000] {logging_mixin.py:188} INFO - [2026-04-26T23:37:17.952+0000] {dag.py:3096} INFO - Sync 1 DAGs
[2026-04-26T23:37:17.960+0000] {logging_mixin.py:188} INFO - [2026-04-26T23:37:17.960+0000] {dag.py:3954} INFO - Setting next_dagrun for example_sensors to None, run_after=None
[2026-04-26T23:37:17.971+0000] {processor.py:183} INFO - Processing /home/airflow/.local/lib/python3.12/site-packages/airflow/example_dags/example_sensors.py took 0.047 seconds
[2026-04-26T23:37:48.727+0000] {processor.py:161} INFO - Started process (PID=3476) to work on /home/airflow/.local/lib/python3.12/site-packages/airflow/example_dags/example_sensors.py
[2026-04-26T23:37:48.729+0000] {processor.py:830} INFO - Processing file /home/airflow/.local/lib/python3.12/site-packages/airflow/example_dags/example_sensors.py for tasks to queue
[2026-04-26T23:37:48.730+0000] {logging_mixin.py:188} INFO - [2026-04-26T23:37:48.730+0000] {dagbag.py:545} INFO - Filling up the DagBag from /home/airflow/.local/lib/python3.12/site-packages/airflow/example_dags/example_sensors.py
[2026-04-26T23:37:48.736+0000] {processor.py:840} INFO - DAG(s) 'example_sensors' retrieved from /home/airflow/.local/lib/python3.12/site-packages/airflow/example_dags/example_sensors.py
[2026-04-26T23:37:48.750+0000] {logging_mixin.py:188} INFO - [2026-04-26T23:37:48.750+0000] {dag.py:3096} INFO - Sync 1 DAGs
[2026-04-26T23:37:48.757+0000] {logging_mixin.py:188} INFO - [2026-04-26T23:37:48.757+0000] {dag.py:3954} INFO - Setting next_dagrun for example_sensors to None, run_after=None
[2026-04-26T23:37:48.768+0000] {processor.py:183} INFO - Processing /home/airflow/.local/lib/python3.12/site-packages/airflow/example_dags/example_sensors.py took 0.044 seconds
[2026-04-26T23:38:19.428+0000] {processor.py:161} INFO - Started process (PID=3535) to work on /home/airflow/.local/lib/python3.12/site-packages/airflow/example_dags/example_sensors.py
[2026-04-26T23:38:19.430+0000] {processor.py:830} INFO - Processing file /home/airflow/.local/lib/python3.12/site-packages/airflow/example_dags/example_sensors.py for tasks to queue
[2026-04-26T23:38:19.431+0000] {logging_mixin.py:188} INFO - [2026-04-26T23:38:19.431+0000] {dagbag.py:545} INFO - Filling up the DagBag from /home/airflow/.local/lib/python3.12/site-packages/airflow/example_dags/example_sensors.py
[2026-04-26T23:38:19.436+0000] {processor.py:840} INFO - DAG(s) 'example_sensors' retrieved from /home/airflow/.local/lib/python3.12/site-packages/airflow/example_dags/example_sensors.py
[2026-04-26T23:38:19.448+0000] {logging_mixin.py:188} INFO - [2026-04-26T23:38:19.448+0000] {dag.py:3096} INFO - Sync 1 DAGs
[2026-04-26T23:38:19.455+0000] {logging_mixin.py:188} INFO - [2026-04-26T23:38:19.455+0000] {dag.py:3954} INFO - Setting next_dagrun for example_sensors to None, run_after=None
[2026-04-26T23:38:19.465+0000] {processor.py:183} INFO - Processing /home/airflow/.local/lib/python3.12/site-packages/airflow/example_dags/example_sensors.py took 0.040 seconds
[2026-04-26T23:38:46.482+0000] {processor.py:161} INFO - Started process (PID=77) to work on /home/airflow/.local/lib/python3.12/site-packages/airflow/example_dags/example_sensors.py
[2026-04-26T23:38:46.484+0000] {processor.py:830} INFO - Processing file /home/airflow/.local/lib/python3.12/site-packages/airflow/example_dags/example_sensors.py for tasks to queue
[2026-04-26T23:38:46.485+0000] {logging_mixin.py:188} INFO - [2026-04-26T23:38:46.485+0000] {dagbag.py:545} INFO - Filling up the DagBag from /home/airflow/.local/lib/python3.12/site-packages/airflow/example_dags/example_sensors.py
[2026-04-26T23:38:46.490+0000] {processor.py:840} INFO - DAG(s) 'example_sensors' retrieved from /home/airflow/.local/lib/python3.12/site-packages/airflow/example_dags/example_sensors.py
[2026-04-26T23:38:46.498+0000] {logging_mixin.py:188} INFO - [2026-04-26T23:38:46.498+0000] {dag.py:3096} INFO - Sync 1 DAGs
[2026-04-26T23:38:46.505+0000] {logging_mixin.py:188} INFO - [2026-04-26T23:38:46.505+0000] {dag.py:3954} INFO - Setting next_dagrun for example_sensors to None, run_after=None
[2026-04-26T23:38:46.516+0000] {processor.py:183} INFO - Processing /home/airflow/.local/lib/python3.12/site-packages/airflow/example_dags/example_sensors.py took 0.037 seconds
[2026-04-26T23:39:17.314+0000] {processor.py:161} INFO - Started process (PID=142) to work on /home/airflow/.local/lib/python3.12/site-packages/airflow/example_dags/example_sensors.py
[2026-04-26T23:39:17.314+0000] {processor.py:830} INFO - Processing file /home/airflow/.local/lib/python3.12/site-packages/airflow/example_dags/example_sensors.py for tasks to queue
[2026-04-26T23:39:17.315+0000] {logging_mixin.py:188} INFO - [2026-04-26T23:39:17.315+0000] {dagbag.py:545} INFO - Filling up the DagBag from /home/airflow/.local/lib/python3.12/site-packages/airflow/example_dags/example_sensors.py
[2026-04-26T23:39:17.320+0000] {processor.py:840} INFO - DAG(s) 'example_sensors' retrieved from /home/airflow/.local/lib/python3.12/site-packages/airflow/example_dags/example_sensors.py
[2026-04-26T23:39:17.383+0000] {logging_mixin.py:188} INFO - [2026-04-26T23:39:17.383+0000] {dag.py:3096} INFO - Sync 1 DAGs
[2026-04-26T23:39:17.388+0000] {logging_mixin.py:188} INFO - [2026-04-26T23:39:17.388+0000] {dag.py:3954} INFO - Setting next_dagrun for example_sensors to None, run_after=None
[2026-04-26T23:39:17.397+0000] {processor.py:183} INFO - Processing /home/airflow/.local/lib/python3.12/site-packages/airflow/example_dags/example_sensors.py took 0.087 seconds
[2026-04-26T23:39:47.862+0000] {processor.py:161} INFO - Started process (PID=201) to work on /home/airflow/.local/lib/python3.12/site-packages/airflow/example_dags/example_sensors.py
[2026-04-26T23:39:47.863+0000] {processor.py:830} INFO - Processing file /home/airflow/.local/lib/python3.12/site-packages/airflow/example_dags/example_sensors.py for tasks to queue
[2026-04-26T23:39:47.864+0000] {logging_mixin.py:188} INFO - [2026-04-26T23:39:47.864+0000] {dagbag.py:545} INFO - Filling up the DagBag from /home/airflow/.local/lib/python3.12/site-packages/airflow/example_dags/example_sensors.py
[2026-04-26T23:39:47.868+0000] {processor.py:840} INFO - DAG(s) 'example_sensors' retrieved from /home/airflow/.local/lib/python3.12/site-packages/airflow/example_dags/example_sensors.py
[2026-04-26T23:39:47.882+0000] {logging_mixin.py:188} INFO - [2026-04-26T23:39:47.882+0000] {dag.py:3096} INFO - Sync 1 DAGs
[2026-04-26T23:39:47.888+0000] {logging_mixin.py:188} INFO - [2026-04-26T23:39:47.888+0000] {dag.py:3954} INFO - Setting next_dagrun for example_sensors to None, run_after=None
[2026-04-26T23:39:47.897+0000] {processor.py:183} INFO - Processing /home/airflow/.local/lib/python3.12/site-packages/airflow/example_dags/example_sensors.py took 0.038 seconds
[2026-04-26T23:40:18.710+0000] {processor.py:161} INFO - Started process (PID=260) to work on /home/airflow/.local/lib/python3.12/site-packages/airflow/example_dags/example_sensors.py
[2026-04-26T23:40:18.711+0000] {processor.py:830} INFO - Processing file /home/airflow/.local/lib/python3.12/site-packages/airflow/example_dags/example_sensors.py for tasks to queue
[2026-04-26T23:40:18.712+0000] {logging_mixin.py:188} INFO - [2026-04-26T23:40:18.712+0000] {dagbag.py:545} INFO - Filling up the DagBag from /home/airflow/.local/lib/python3.12/site-packages/airflow/example_dags/example_sensors.py
[2026-04-26T23:40:18.717+0000] {processor.py:840} INFO - DAG(s) 'example_sensors' retrieved from /home/airflow/.local/lib/python3.12/site-packages/airflow/example_dags/example_sensors.py
[2026-04-26T23:40:18.730+0000] {logging_mixin.py:188} INFO - [2026-04-26T23:40:18.730+0000] {dag.py:3096} INFO - Sync 1 DAGs
[2026-04-26T23:40:18.737+0000] {logging_mixin.py:188} INFO - [2026-04-26T23:40:18.736+0000] {dag.py:3954} INFO - Setting next_dagrun for example_sensors to None, run_after=None
[2026-04-26T23:40:18.745+0000] {processor.py:183} INFO - Processing /home/airflow/.local/lib/python3.12/site-packages/airflow/example_dags/example_sensors.py took 0.038 seconds
[2026-04-26T23:40:49.757+0000] {processor.py:161} INFO - Started process (PID=319) to work on /home/airflow/.local/lib/python3.12/site-packages/airflow/example_dags/example_sensors.py
[2026-04-26T23:40:49.758+0000] {processor.py:830} INFO - Processing file /home/airflow/.local/lib/python3.12/site-packages/airflow/example_dags/example_sensors.py for tasks to queue
[2026-04-26T23:40:49.759+0000] {logging_mixin.py:188} INFO - [2026-04-26T23:40:49.759+0000] {dagbag.py:545} INFO - Filling up the DagBag from /home/airflow/.local/lib/python3.12/site-packages/airflow/example_dags/example_sensors.py
[2026-04-26T23:40:49.764+0000] {processor.py:840} INFO - DAG(s) 'example_sensors' retrieved from /home/airflow/.local/lib/python3.12/site-packages/airflow/example_dags/example_sensors.py
[2026-04-26T23:40:49.777+0000] {logging_mixin.py:188} INFO - [2026-04-26T23:40:49.777+0000] {dag.py:3096} INFO - Sync 1 DAGs
[2026-04-26T23:40:49.784+0000] {logging_mixin.py:188} INFO - [2026-04-26T23:40:49.784+0000] {dag.py:3954} INFO - Setting next_dagrun for example_sensors to None, run_after=None
[2026-04-26T23:40:49.793+0000] {processor.py:183} INFO - Processing /home/airflow/.local/lib/python3.12/site-packages/airflow/example_dags/example_sensors.py took 0.039 seconds
[2026-04-26T23:41:20.600+0000] {processor.py:161} INFO - Started process (PID=378) to work on /home/airflow/.local/lib/python3.12/site-packages/airflow/example_dags/example_sensors.py
[2026-04-26T23:41:20.601+0000] {processor.py:830} INFO - Processing file /home/airflow/.local/lib/python3.12/site-packages/airflow/example_dags/example_sensors.py for tasks to queue
[2026-04-26T23:41:20.602+0000] {logging_mixin.py:188} INFO - [2026-04-26T23:41:20.602+0000] {dagbag.py:545} INFO - Filling up the DagBag from /home/airflow/.local/lib/python3.12/site-packages/airflow/example_dags/example_sensors.py
[2026-04-26T23:41:20.608+0000] {processor.py:840} INFO - DAG(s) 'example_sensors' retrieved from /home/airflow/.local/lib/python3.12/site-packages/airflow/example_dags/example_sensors.py
[2026-04-26T23:41:20.625+0000] {logging_mixin.py:188} INFO - [2026-04-26T23:41:20.625+0000] {dag.py:3096} INFO - Sync 1 DAGs
[2026-04-26T23:41:20.635+0000] {logging_mixin.py:188} INFO - [2026-04-26T23:41:20.635+0000] {dag.py:3954} INFO - Setting next_dagrun for example_sensors to None, run_after=None
[2026-04-26T23:41:20.645+0000] {processor.py:183} INFO - Processing /home/airflow/.local/lib/python3.12/site-packages/airflow/example_dags/example_sensors.py took 0.049 seconds
[2026-04-26T23:41:50.888+0000] {processor.py:161} INFO - Started process (PID=437) to work on /home/airflow/.local/lib/python3.12/site-packages/airflow/example_dags/example_sensors.py
[2026-04-26T23:41:50.888+0000] {processor.py:830} INFO - Processing file /home/airflow/.local/lib/python3.12/site-packages/airflow/example_dags/example_sensors.py for tasks to queue
[2026-04-26T23:41:50.889+0000] {logging_mixin.py:188} INFO - [2026-04-26T23:41:50.889+0000] {dagbag.py:545} INFO - Filling up the DagBag from /home/airflow/.local/lib/python3.12/site-packages/airflow/example_dags/example_sensors.py
[2026-04-26T23:41:50.894+0000] {processor.py:840} INFO - DAG(s) 'example_sensors' retrieved from /home/airflow/.local/lib/python3.12/site-packages/airflow/example_dags/example_sensors.py
[2026-04-26T23:41:50.909+0000] {logging_mixin.py:188} INFO - [2026-04-26T23:41:50.909+0000] {dag.py:3096} INFO - Sync 1 DAGs
[2026-04-26T23:41:50.916+0000] {logging_mixin.py:188} INFO - [2026-04-26T23:41:50.916+0000] {dag.py:3954} INFO - Setting next_dagrun for example_sensors to None, run_after=None
[2026-04-26T23:41:50.926+0000] {processor.py:183} INFO - Processing /home/airflow/.local/lib/python3.12/site-packages/airflow/example_dags/example_sensors.py took 0.041 seconds
[2026-04-26T23:42:21.002+0000] {processor.py:161} INFO - Started process (PID=496) to work on /home/airflow/.local/lib/python3.12/site-packages/airflow/example_dags/example_sensors.py
[2026-04-26T23:42:21.002+0000] {processor.py:830} INFO - Processing file /home/airflow/.local/lib/python3.12/site-packages/airflow/example_dags/example_sensors.py for tasks to queue
[2026-04-26T23:42:21.004+0000] {logging_mixin.py:188} INFO - [2026-04-26T23:42:21.003+0000] {dagbag.py:545} INFO - Filling up the DagBag from /home/airflow/.local/lib/python3.12/site-packages/airflow/example_dags/example_sensors.py
[2026-04-26T23:42:21.009+0000] {processor.py:840} INFO - DAG(s) 'example_sensors' retrieved from /home/airflow/.local/lib/python3.12/site-packages/airflow/example_dags/example_sensors.py
[2026-04-26T23:42:21.025+0000] {logging_mixin.py:188} INFO - [2026-04-26T23:42:21.025+0000] {dag.py:3096} INFO - Sync 1 DAGs
[2026-04-26T23:42:21.033+0000] {logging_mixin.py:188} INFO - [2026-04-26T23:42:21.033+0000] {dag.py:3954} INFO - Setting next_dagrun for example_sensors to None, run_after=None
[2026-04-26T23:42:21.042+0000] {processor.py:183} INFO - Processing /home/airflow/.local/lib/python3.12/site-packages/airflow/example_dags/example_sensors.py took 0.045 seconds
[2026-04-26T23:43:21.007+0000] {processor.py:161} INFO - Started process (PID=83) to work on /home/airflow/.local/lib/python3.12/site-packages/airflow/example_dags/example_sensors.py
[2026-04-26T23:43:21.008+0000] {processor.py:830} INFO - Processing file /home/airflow/.local/lib/python3.12/site-packages/airflow/example_dags/example_sensors.py for tasks to queue
[2026-04-26T23:43:21.009+0000] {logging_mixin.py:188} INFO - [2026-04-26T23:43:21.009+0000] {dagbag.py:545} INFO - Filling up the DagBag from /home/airflow/.local/lib/python3.12/site-packages/airflow/example_dags/example_sensors.py
[2026-04-26T23:43:21.015+0000] {processor.py:840} INFO - DAG(s) 'example_sensors' retrieved from /home/airflow/.local/lib/python3.12/site-packages/airflow/example_dags/example_sensors.py
[2026-04-26T23:43:21.024+0000] {logging_mixin.py:188} INFO - [2026-04-26T23:43:21.024+0000] {dag.py:3096} INFO - Sync 1 DAGs
[2026-04-26T23:43:21.031+0000] {logging_mixin.py:188} INFO - [2026-04-26T23:43:21.031+0000] {dag.py:3954} INFO - Setting next_dagrun for example_sensors to None, run_after=None
[2026-04-26T23:43:21.041+0000] {processor.py:183} INFO - Processing /home/airflow/.local/lib/python3.12/site-packages/airflow/example_dags/example_sensors.py took 0.037 seconds
[2026-04-26T23:43:52.009+0000] {processor.py:161} INFO - Started process (PID=142) to work on /home/airflow/.local/lib/python3.12/site-packages/airflow/example_dags/example_sensors.py
[2026-04-26T23:43:52.009+0000] {processor.py:830} INFO - Processing file /home/airflow/.local/lib/python3.12/site-packages/airflow/example_dags/example_sensors.py for tasks to queue
[2026-04-26T23:43:52.010+0000] {logging_mixin.py:188} INFO - [2026-04-26T23:43:52.010+0000] {dagbag.py:545} INFO - Filling up the DagBag from /home/airflow/.local/lib/python3.12/site-packages/airflow/example_dags/example_sensors.py
[2026-04-26T23:43:52.015+0000] {processor.py:840} INFO - DAG(s) 'example_sensors' retrieved from /home/airflow/.local/lib/python3.12/site-packages/airflow/example_dags/example_sensors.py
[2026-04-26T23:43:52.074+0000] {logging_mixin.py:188} INFO - [2026-04-26T23:43:52.073+0000] {dag.py:3096} INFO - Sync 1 DAGs
[2026-04-26T23:43:52.079+0000] {logging_mixin.py:188} INFO - [2026-04-26T23:43:52.079+0000] {dag.py:3954} INFO - Setting next_dagrun for example_sensors to None, run_after=None
[2026-04-26T23:43:52.114+0000] {processor.py:183} INFO - Processing /home/airflow/.local/lib/python3.12/site-packages/airflow/example_dags/example_sensors.py took 0.109 seconds
[2026-04-26T23:44:23.104+0000] {processor.py:161} INFO - Started process (PID=201) to work on /home/airflow/.local/lib/python3.12/site-packages/airflow/example_dags/example_sensors.py
[2026-04-26T23:44:23.105+0000] {processor.py:830} INFO - Processing file /home/airflow/.local/lib/python3.12/site-packages/airflow/example_dags/example_sensors.py for tasks to queue
[2026-04-26T23:44:23.106+0000] {logging_mixin.py:188} INFO - [2026-04-26T23:44:23.106+0000] {dagbag.py:545} INFO - Filling up the DagBag from /home/airflow/.local/lib/python3.12/site-packages/airflow/example_dags/example_sensors.py
[2026-04-26T23:44:23.111+0000] {processor.py:840} INFO - DAG(s) 'example_sensors' retrieved from /home/airflow/.local/lib/python3.12/site-packages/airflow/example_dags/example_sensors.py
[2026-04-26T23:44:23.126+0000] {logging_mixin.py:188} INFO - [2026-04-26T23:44:23.126+0000] {dag.py:3096} INFO - Sync 1 DAGs
[2026-04-26T23:44:23.134+0000] {logging_mixin.py:188} INFO - [2026-04-26T23:44:23.134+0000] {dag.py:3954} INFO - Setting next_dagrun for example_sensors to None, run_after=None
[2026-04-26T23:44:23.145+0000] {processor.py:183} INFO - Processing /home/airflow/.local/lib/python3.12/site-packages/airflow/example_dags/example_sensors.py took 0.044 seconds
[2026-04-26T23:44:53.188+0000] {processor.py:161} INFO - Started process (PID=259) to work on /home/airflow/.local/lib/python3.12/site-packages/airflow/example_dags/example_sensors.py
[2026-04-26T23:44:53.202+0000] {processor.py:830} INFO - Processing file /home/airflow/.local/lib/python3.12/site-packages/airflow/example_dags/example_sensors.py for tasks to queue
[2026-04-26T23:44:53.203+0000] {logging_mixin.py:188} INFO - [2026-04-26T23:44:53.203+0000] {dagbag.py:545} INFO - Filling up the DagBag from /home/airflow/.local/lib/python3.12/site-packages/airflow/example_dags/example_sensors.py
[2026-04-26T23:44:53.208+0000] {processor.py:840} INFO - DAG(s) 'example_sensors' retrieved from /home/airflow/.local/lib/python3.12/site-packages/airflow/example_dags/example_sensors.py
[2026-04-26T23:44:53.224+0000] {logging_mixin.py:188} INFO - [2026-04-26T23:44:53.224+0000] {dag.py:3096} INFO - Sync 1 DAGs
[2026-04-26T23:44:53.231+0000] {logging_mixin.py:188} INFO - [2026-04-26T23:44:53.231+0000] {dag.py:3954} INFO - Setting next_dagrun for example_sensors to None, run_after=None
[2026-04-26T23:44:53.242+0000] {processor.py:183} INFO - Processing /home/airflow/.local/lib/python3.12/site-packages/airflow/example_dags/example_sensors.py took 0.058 seconds
[2026-04-26T23:45:24.093+0000] {processor.py:161} INFO - Started process (PID=319) to work on /home/airflow/.local/lib/python3.12/site-packages/airflow/example_dags/example_sensors.py
[2026-04-26T23:45:24.094+0000] {processor.py:830} INFO - Processing file /home/airflow/.local/lib/python3.12/site-packages/airflow/example_dags/example_sensors.py for tasks to queue
[2026-04-26T23:45:24.095+0000] {logging_mixin.py:188} INFO - [2026-04-26T23:45:24.095+0000] {dagbag.py:545} INFO - Filling up the DagBag from /home/airflow/.local/lib/python3.12/site-packages/airflow/example_dags/example_sensors.py
[2026-04-26T23:45:24.100+0000] {processor.py:840} INFO - DAG(s) 'example_sensors' retrieved from /home/airflow/.local/lib/python3.12/site-packages/airflow/example_dags/example_sensors.py
[2026-04-26T23:45:24.114+0000] {logging_mixin.py:188} INFO - [2026-04-26T23:45:24.113+0000] {dag.py:3096} INFO - Sync 1 DAGs
[2026-04-26T23:45:24.121+0000] {logging_mixin.py:188} INFO - [2026-04-26T23:45:24.121+0000] {dag.py:3954} INFO - Setting next_dagrun for example_sensors to None, run_after=None
[2026-04-26T23:45:24.130+0000] {processor.py:183} INFO - Processing /home/airflow/.local/lib/python3.12/site-packages/airflow/example_dags/example_sensors.py took 0.041 seconds
[2026-04-26T23:45:54.894+0000] {processor.py:161} INFO - Started process (PID=378) to work on /home/airflow/.local/lib/python3.12/site-packages/airflow/example_dags/example_sensors.py
[2026-04-26T23:45:54.904+0000] {processor.py:830} INFO - Processing file /home/airflow/.local/lib/python3.12/site-packages/airflow/example_dags/example_sensors.py for tasks to queue
[2026-04-26T23:45:54.906+0000] {logging_mixin.py:188} INFO - [2026-04-26T23:45:54.905+0000] {dagbag.py:545} INFO - Filling up the DagBag from /home/airflow/.local/lib/python3.12/site-packages/airflow/example_dags/example_sensors.py
[2026-04-26T23:45:54.911+0000] {processor.py:840} INFO - DAG(s) 'example_sensors' retrieved from /home/airflow/.local/lib/python3.12/site-packages/airflow/example_dags/example_sensors.py
[2026-04-26T23:45:54.926+0000] {logging_mixin.py:188} INFO - [2026-04-26T23:45:54.926+0000] {dag.py:3096} INFO - Sync 1 DAGs
[2026-04-26T23:45:54.933+0000] {logging_mixin.py:188} INFO - [2026-04-26T23:45:54.933+0000] {dag.py:3954} INFO - Setting next_dagrun for example_sensors to None, run_after=None
[2026-04-26T23:45:54.943+0000] {processor.py:183} INFO - Processing /home/airflow/.local/lib/python3.12/site-packages/airflow/example_dags/example_sensors.py took 0.053 seconds
[2026-04-26T23:46:25.713+0000] {processor.py:161} INFO - Started process (PID=437) to work on /home/airflow/.local/lib/python3.12/site-packages/airflow/example_dags/example_sensors.py
[2026-04-26T23:46:25.714+0000] {processor.py:830} INFO - Processing file /home/airflow/.local/lib/python3.12/site-packages/airflow/example_dags/example_sensors.py for tasks to queue
[2026-04-26T23:46:25.715+0000] {logging_mixin.py:188} INFO - [2026-04-26T23:46:25.715+0000] {dagbag.py:545} INFO - Filling up the DagBag from /home/airflow/.local/lib/python3.12/site-packages/airflow/example_dags/example_sensors.py
[2026-04-26T23:46:25.720+0000] {processor.py:840} INFO - DAG(s) 'example_sensors' retrieved from /home/airflow/.local/lib/python3.12/site-packages/airflow/example_dags/example_sensors.py
[2026-04-26T23:46:25.733+0000] {logging_mixin.py:188} INFO - [2026-04-26T23:46:25.733+0000] {dag.py:3096} INFO - Sync 1 DAGs
[2026-04-26T23:46:25.739+0000] {logging_mixin.py:188} INFO - [2026-04-26T23:46:25.739+0000] {dag.py:3954} INFO - Setting next_dagrun for example_sensors to None, run_after=None
[2026-04-26T23:46:25.748+0000] {processor.py:183} INFO - Processing /home/airflow/.local/lib/python3.12/site-packages/airflow/example_dags/example_sensors.py took 0.038 seconds
[2026-04-26T23:46:56.483+0000] {processor.py:161} INFO - Started process (PID=496) to work on /home/airflow/.local/lib/python3.12/site-packages/airflow/example_dags/example_sensors.py
[2026-04-26T23:46:56.495+0000] {processor.py:830} INFO - Processing file /home/airflow/.local/lib/python3.12/site-packages/airflow/example_dags/example_sensors.py for tasks to queue
[2026-04-26T23:46:56.497+0000] {logging_mixin.py:188} INFO - [2026-04-26T23:46:56.496+0000] {dagbag.py:545} INFO - Filling up the DagBag from /home/airflow/.local/lib/python3.12/site-packages/airflow/example_dags/example_sensors.py
[2026-04-26T23:46:56.502+0000] {processor.py:840} INFO - DAG(s) 'example_sensors' retrieved from /home/airflow/.local/lib/python3.12/site-packages/airflow/example_dags/example_sensors.py
[2026-04-26T23:46:56.520+0000] {logging_mixin.py:188} INFO - [2026-04-26T23:46:56.520+0000] {dag.py:3096} INFO - Sync 1 DAGs
[2026-04-26T23:46:56.528+0000] {logging_mixin.py:188} INFO - [2026-04-26T23:46:56.528+0000] {dag.py:3954} INFO - Setting next_dagrun for example_sensors to None, run_after=None
[2026-04-26T23:46:56.538+0000] {processor.py:183} INFO - Processing /home/airflow/.local/lib/python3.12/site-packages/airflow/example_dags/example_sensors.py took 0.058 seconds
[2026-04-26T23:47:26.733+0000] {processor.py:161} INFO - Started process (PID=555) to work on /home/airflow/.local/lib/python3.12/site-packages/airflow/example_dags/example_sensors.py
[2026-04-26T23:47:26.733+0000] {processor.py:830} INFO - Processing file /home/airflow/.local/lib/python3.12/site-packages/airflow/example_dags/example_sensors.py for tasks to queue
[2026-04-26T23:47:26.735+0000] {logging_mixin.py:188} INFO - [2026-04-26T23:47:26.734+0000] {dagbag.py:545} INFO - Filling up the DagBag from /home/airflow/.local/lib/python3.12/site-packages/airflow/example_dags/example_sensors.py
[2026-04-26T23:47:26.741+0000] {processor.py:840} INFO - DAG(s) 'example_sensors' retrieved from /home/airflow/.local/lib/python3.12/site-packages/airflow/example_dags/example_sensors.py
[2026-04-26T23:47:26.762+0000] {logging_mixin.py:188} INFO - [2026-04-26T23:47:26.762+0000] {dag.py:3096} INFO - Sync 1 DAGs
[2026-04-26T23:47:26.775+0000] {logging_mixin.py:188} INFO - [2026-04-26T23:47:26.775+0000] {dag.py:3954} INFO - Setting next_dagrun for example_sensors to None, run_after=None
[2026-04-26T23:47:26.795+0000] {processor.py:183} INFO - Processing /home/airflow/.local/lib/python3.12/site-packages/airflow/example_dags/example_sensors.py took 0.066 seconds
[2026-04-26T23:47:56.896+0000] {processor.py:161} INFO - Started process (PID=614) to work on /home/airflow/.local/lib/python3.12/site-packages/airflow/example_dags/example_sensors.py
[2026-04-26T23:47:56.909+0000] {processor.py:830} INFO - Processing file /home/airflow/.local/lib/python3.12/site-packages/airflow/example_dags/example_sensors.py for tasks to queue
[2026-04-26T23:47:56.910+0000] {logging_mixin.py:188} INFO - [2026-04-26T23:47:56.910+0000] {dagbag.py:545} INFO - Filling up the DagBag from /home/airflow/.local/lib/python3.12/site-packages/airflow/example_dags/example_sensors.py
[2026-04-26T23:47:56.917+0000] {processor.py:840} INFO - DAG(s) 'example_sensors' retrieved from /home/airflow/.local/lib/python3.12/site-packages/airflow/example_dags/example_sensors.py
[2026-04-26T23:47:56.936+0000] {logging_mixin.py:188} INFO - [2026-04-26T23:47:56.936+0000] {dag.py:3096} INFO - Sync 1 DAGs
[2026-04-26T23:47:56.945+0000] {logging_mixin.py:188} INFO - [2026-04-26T23:47:56.945+0000] {dag.py:3954} INFO - Setting next_dagrun for example_sensors to None, run_after=None
[2026-04-26T23:47:56.959+0000] {processor.py:183} INFO - Processing /home/airflow/.local/lib/python3.12/site-packages/airflow/example_dags/example_sensors.py took 0.068 seconds
[2026-04-26T23:48:27.003+0000] {processor.py:161} INFO - Started process (PID=672) to work on /home/airflow/.local/lib/python3.12/site-packages/airflow/example_dags/example_sensors.py
[2026-04-26T23:48:27.003+0000] {processor.py:830} INFO - Processing file /home/airflow/.local/lib/python3.12/site-packages/airflow/example_dags/example_sensors.py for tasks to queue
[2026-04-26T23:48:27.004+0000] {logging_mixin.py:188} INFO - [2026-04-26T23:48:27.004+0000] {dagbag.py:545} INFO - Filling up the DagBag from /home/airflow/.local/lib/python3.12/site-packages/airflow/example_dags/example_sensors.py
[2026-04-26T23:48:27.011+0000] {processor.py:840} INFO - DAG(s) 'example_sensors' retrieved from /home/airflow/.local/lib/python3.12/site-packages/airflow/example_dags/example_sensors.py
[2026-04-26T23:48:27.028+0000] {logging_mixin.py:188} INFO - [2026-04-26T23:48:27.028+0000] {dag.py:3096} INFO - Sync 1 DAGs
[2026-04-26T23:48:27.037+0000] {logging_mixin.py:188} INFO - [2026-04-26T23:48:27.037+0000] {dag.py:3954} INFO - Setting next_dagrun for example_sensors to None, run_after=None
[2026-04-26T23:48:27.050+0000] {processor.py:183} INFO - Processing /home/airflow/.local/lib/python3.12/site-packages/airflow/example_dags/example_sensors.py took 0.052 seconds
[2026-04-26T23:48:58.060+0000] {processor.py:161} INFO - Started process (PID=732) to work on /home/airflow/.local/lib/python3.12/site-packages/airflow/example_dags/example_sensors.py
[2026-04-26T23:48:58.060+0000] {processor.py:830} INFO - Processing file /home/airflow/.local/lib/python3.12/site-packages/airflow/example_dags/example_sensors.py for tasks to queue
[2026-04-26T23:48:58.062+0000] {logging_mixin.py:188} INFO - [2026-04-26T23:48:58.062+0000] {dagbag.py:545} INFO - Filling up the DagBag from /home/airflow/.local/lib/python3.12/site-packages/airflow/example_dags/example_sensors.py
[2026-04-26T23:48:58.068+0000] {processor.py:840} INFO - DAG(s) 'example_sensors' retrieved from /home/airflow/.local/lib/python3.12/site-packages/airflow/example_dags/example_sensors.py
[2026-04-26T23:48:58.086+0000] {logging_mixin.py:188} INFO - [2026-04-26T23:48:58.086+0000] {dag.py:3096} INFO - Sync 1 DAGs
[2026-04-26T23:48:58.095+0000] {logging_mixin.py:188} INFO - [2026-04-26T23:48:58.095+0000] {dag.py:3954} INFO - Setting next_dagrun for example_sensors to None, run_after=None
[2026-04-26T23:48:58.108+0000] {processor.py:183} INFO - Processing /home/airflow/.local/lib/python3.12/site-packages/airflow/example_dags/example_sensors.py took 0.053 seconds
[2026-04-26T23:49:28.143+0000] {processor.py:161} INFO - Started process (PID=790) to work on /home/airflow/.local/lib/python3.12/site-packages/airflow/example_dags/example_sensors.py
[2026-04-26T23:49:28.143+0000] {processor.py:830} INFO - Processing file /home/airflow/.local/lib/python3.12/site-packages/airflow/example_dags/example_sensors.py for tasks to queue
[2026-04-26T23:49:28.145+0000] {logging_mixin.py:188} INFO - [2026-04-26T23:49:28.145+0000] {dagbag.py:545} INFO - Filling up the DagBag from /home/airflow/.local/lib/python3.12/site-packages/airflow/example_dags/example_sensors.py
[2026-04-26T23:49:28.151+0000] {processor.py:840} INFO - DAG(s) 'example_sensors' retrieved from /home/airflow/.local/lib/python3.12/site-packages/airflow/example_dags/example_sensors.py
[2026-04-26T23:49:28.170+0000] {logging_mixin.py:188} INFO - [2026-04-26T23:49:28.170+0000] {dag.py:3096} INFO - Sync 1 DAGs
[2026-04-26T23:49:28.179+0000] {logging_mixin.py:188} INFO - [2026-04-26T23:49:28.179+0000] {dag.py:3954} INFO - Setting next_dagrun for example_sensors to None, run_after=None
[2026-04-26T23:49:28.193+0000] {processor.py:183} INFO - Processing /home/airflow/.local/lib/python3.12/site-packages/airflow/example_dags/example_sensors.py took 0.055 seconds
[2026-04-26T23:50:03.884+0000] {processor.py:161} INFO - Started process (PID=83) to work on /home/airflow/.local/lib/python3.12/site-packages/airflow/example_dags/example_sensors.py
[2026-04-26T23:50:03.885+0000] {processor.py:830} INFO - Processing file /home/airflow/.local/lib/python3.12/site-packages/airflow/example_dags/example_sensors.py for tasks to queue
[2026-04-26T23:50:03.886+0000] {logging_mixin.py:188} INFO - [2026-04-26T23:50:03.886+0000] {dagbag.py:545} INFO - Filling up the DagBag from /home/airflow/.local/lib/python3.12/site-packages/airflow/example_dags/example_sensors.py
[2026-04-26T23:50:03.892+0000] {processor.py:840} INFO - DAG(s) 'example_sensors' retrieved from /home/airflow/.local/lib/python3.12/site-packages/airflow/example_dags/example_sensors.py
[2026-04-26T23:50:03.900+0000] {logging_mixin.py:188} INFO - [2026-04-26T23:50:03.900+0000] {dag.py:3096} INFO - Sync 1 DAGs
[2026-04-26T23:50:03.907+0000] {logging_mixin.py:188} INFO - [2026-04-26T23:50:03.907+0000] {dag.py:3954} INFO - Setting next_dagrun for example_sensors to None, run_after=None
[2026-04-26T23:50:03.916+0000] {processor.py:183} INFO - Processing /home/airflow/.local/lib/python3.12/site-packages/airflow/example_dags/example_sensors.py took 0.035 seconds
[2026-04-26T23:50:35.124+0000] {processor.py:161} INFO - Started process (PID=142) to work on /home/airflow/.local/lib/python3.12/site-packages/airflow/example_dags/example_sensors.py
[2026-04-26T23:50:35.124+0000] {processor.py:830} INFO - Processing file /home/airflow/.local/lib/python3.12/site-packages/airflow/example_dags/example_sensors.py for tasks to queue
[2026-04-26T23:50:35.125+0000] {logging_mixin.py:188} INFO - [2026-04-26T23:50:35.125+0000] {dagbag.py:545} INFO - Filling up the DagBag from /home/airflow/.local/lib/python3.12/site-packages/airflow/example_dags/example_sensors.py
[2026-04-26T23:50:35.130+0000] {processor.py:840} INFO - DAG(s) 'example_sensors' retrieved from /home/airflow/.local/lib/python3.12/site-packages/airflow/example_dags/example_sensors.py
[2026-04-26T23:50:35.192+0000] {logging_mixin.py:188} INFO - [2026-04-26T23:50:35.192+0000] {dag.py:3096} INFO - Sync 1 DAGs
[2026-04-26T23:50:35.197+0000] {logging_mixin.py:188} INFO - [2026-04-26T23:50:35.197+0000] {dag.py:3954} INFO - Setting next_dagrun for example_sensors to None, run_after=None
[2026-04-26T23:50:35.212+0000] {processor.py:183} INFO - Processing /home/airflow/.local/lib/python3.12/site-packages/airflow/example_dags/example_sensors.py took 0.092 seconds
[2026-04-26T23:51:06.161+0000] {processor.py:161} INFO - Started process (PID=201) to work on /home/airflow/.local/lib/python3.12/site-packages/airflow/example_dags/example_sensors.py
[2026-04-26T23:51:06.161+0000] {processor.py:830} INFO - Processing file /home/airflow/.local/lib/python3.12/site-packages/airflow/example_dags/example_sensors.py for tasks to queue
[2026-04-26T23:51:06.162+0000] {logging_mixin.py:188} INFO - [2026-04-26T23:51:06.162+0000] {dagbag.py:545} INFO - Filling up the DagBag from /home/airflow/.local/lib/python3.12/site-packages/airflow/example_dags/example_sensors.py
[2026-04-26T23:51:06.169+0000] {processor.py:840} INFO - DAG(s) 'example_sensors' retrieved from /home/airflow/.local/lib/python3.12/site-packages/airflow/example_dags/example_sensors.py
[2026-04-26T23:51:06.187+0000] {logging_mixin.py:188} INFO - [2026-04-26T23:51:06.187+0000] {dag.py:3096} INFO - Sync 1 DAGs
[2026-04-26T23:51:06.196+0000] {logging_mixin.py:188} INFO - [2026-04-26T23:51:06.196+0000] {dag.py:3954} INFO - Setting next_dagrun for example_sensors to None, run_after=None
[2026-04-26T23:51:06.208+0000] {processor.py:183} INFO - Processing /home/airflow/.local/lib/python3.12/site-packages/airflow/example_dags/example_sensors.py took 0.052 seconds
[2026-04-26T23:51:36.237+0000] {processor.py:161} INFO - Started process (PID=259) to work on /home/airflow/.local/lib/python3.12/site-packages/airflow/example_dags/example_sensors.py
[2026-04-26T23:51:36.261+0000] {processor.py:830} INFO - Processing file /home/airflow/.local/lib/python3.12/site-packages/airflow/example_dags/example_sensors.py for tasks to queue
[2026-04-26T23:51:36.262+0000] {logging_mixin.py:188} INFO - [2026-04-26T23:51:36.262+0000] {dagbag.py:545} INFO - Filling up the DagBag from /home/airflow/.local/lib/python3.12/site-packages/airflow/example_dags/example_sensors.py
[2026-04-26T23:51:36.268+0000] {processor.py:840} INFO - DAG(s) 'example_sensors' retrieved from /home/airflow/.local/lib/python3.12/site-packages/airflow/example_dags/example_sensors.py
[2026-04-26T23:51:36.283+0000] {logging_mixin.py:188} INFO - [2026-04-26T23:51:36.283+0000] {dag.py:3096} INFO - Sync 1 DAGs
[2026-04-26T23:51:36.291+0000] {logging_mixin.py:188} INFO - [2026-04-26T23:51:36.291+0000] {dag.py:3954} INFO - Setting next_dagrun for example_sensors to None, run_after=None
[2026-04-26T23:51:36.303+0000] {processor.py:183} INFO - Processing /home/airflow/.local/lib/python3.12/site-packages/airflow/example_dags/example_sensors.py took 0.070 seconds
[2026-04-26T23:52:06.361+0000] {processor.py:161} INFO - Started process (PID=318) to work on /home/airflow/.local/lib/python3.12/site-packages/airflow/example_dags/example_sensors.py
[2026-04-26T23:52:06.362+0000] {processor.py:830} INFO - Processing file /home/airflow/.local/lib/python3.12/site-packages/airflow/example_dags/example_sensors.py for tasks to queue
[2026-04-26T23:52:06.364+0000] {logging_mixin.py:188} INFO - [2026-04-26T23:52:06.363+0000] {dagbag.py:545} INFO - Filling up the DagBag from /home/airflow/.local/lib/python3.12/site-packages/airflow/example_dags/example_sensors.py
[2026-04-26T23:52:06.370+0000] {processor.py:840} INFO - DAG(s) 'example_sensors' retrieved from /home/airflow/.local/lib/python3.12/site-packages/airflow/example_dags/example_sensors.py
[2026-04-26T23:52:06.389+0000] {logging_mixin.py:188} INFO - [2026-04-26T23:52:06.389+0000] {dag.py:3096} INFO - Sync 1 DAGs
[2026-04-26T23:52:06.399+0000] {logging_mixin.py:188} INFO - [2026-04-26T23:52:06.398+0000] {dag.py:3954} INFO - Setting next_dagrun for example_sensors to None, run_after=None
[2026-04-26T23:52:06.410+0000] {processor.py:183} INFO - Processing /home/airflow/.local/lib/python3.12/site-packages/airflow/example_dags/example_sensors.py took 0.054 seconds
[2026-04-26T23:52:36.629+0000] {processor.py:161} INFO - Started process (PID=378) to work on /home/airflow/.local/lib/python3.12/site-packages/airflow/example_dags/example_sensors.py
[2026-04-26T23:52:36.629+0000] {processor.py:830} INFO - Processing file /home/airflow/.local/lib/python3.12/site-packages/airflow/example_dags/example_sensors.py for tasks to queue
[2026-04-26T23:52:36.630+0000] {logging_mixin.py:188} INFO - [2026-04-26T23:52:36.630+0000] {dagbag.py:545} INFO - Filling up the DagBag from /home/airflow/.local/lib/python3.12/site-packages/airflow/example_dags/example_sensors.py
[2026-04-26T23:52:36.634+0000] {processor.py:840} INFO - DAG(s) 'example_sensors' retrieved from /home/airflow/.local/lib/python3.12/site-packages/airflow/example_dags/example_sensors.py
[2026-04-26T23:52:36.647+0000] {logging_mixin.py:188} INFO - [2026-04-26T23:52:36.647+0000] {dag.py:3096} INFO - Sync 1 DAGs
[2026-04-26T23:52:36.653+0000] {logging_mixin.py:188} INFO - [2026-04-26T23:52:36.653+0000] {dag.py:3954} INFO - Setting next_dagrun for example_sensors to None, run_after=None
[2026-04-26T23:52:36.663+0000] {processor.py:183} INFO - Processing /home/airflow/.local/lib/python3.12/site-packages/airflow/example_dags/example_sensors.py took 0.038 seconds
[2026-04-26T23:53:07.449+0000] {processor.py:161} INFO - Started process (PID=437) to work on /home/airflow/.local/lib/python3.12/site-packages/airflow/example_dags/example_sensors.py
[2026-04-26T23:53:07.468+0000] {processor.py:830} INFO - Processing file /home/airflow/.local/lib/python3.12/site-packages/airflow/example_dags/example_sensors.py for tasks to queue
[2026-04-26T23:53:07.470+0000] {logging_mixin.py:188} INFO - [2026-04-26T23:53:07.470+0000] {dagbag.py:545} INFO - Filling up the DagBag from /home/airflow/.local/lib/python3.12/site-packages/airflow/example_dags/example_sensors.py
[2026-04-26T23:53:07.476+0000] {processor.py:840} INFO - DAG(s) 'example_sensors' retrieved from /home/airflow/.local/lib/python3.12/site-packages/airflow/example_dags/example_sensors.py
[2026-04-26T23:53:07.495+0000] {logging_mixin.py:188} INFO - [2026-04-26T23:53:07.495+0000] {dag.py:3096} INFO - Sync 1 DAGs
[2026-04-26T23:53:07.504+0000] {logging_mixin.py:188} INFO - [2026-04-26T23:53:07.504+0000] {dag.py:3954} INFO - Setting next_dagrun for example_sensors to None, run_after=None
[2026-04-26T23:53:07.516+0000] {processor.py:183} INFO - Processing /home/airflow/.local/lib/python3.12/site-packages/airflow/example_dags/example_sensors.py took 0.071 seconds
[2026-04-26T23:53:37.805+0000] {processor.py:161} INFO - Started process (PID=496) to work on /home/airflow/.local/lib/python3.12/site-packages/airflow/example_dags/example_sensors.py
[2026-04-26T23:53:37.806+0000] {processor.py:830} INFO - Processing file /home/airflow/.local/lib/python3.12/site-packages/airflow/example_dags/example_sensors.py for tasks to queue
[2026-04-26T23:53:37.807+0000] {logging_mixin.py:188} INFO - [2026-04-26T23:53:37.807+0000] {dagbag.py:545} INFO - Filling up the DagBag from /home/airflow/.local/lib/python3.12/site-packages/airflow/example_dags/example_sensors.py
[2026-04-26T23:53:37.814+0000] {processor.py:840} INFO - DAG(s) 'example_sensors' retrieved from /home/airflow/.local/lib/python3.12/site-packages/airflow/example_dags/example_sensors.py
[2026-04-26T23:53:37.833+0000] {logging_mixin.py:188} INFO - [2026-04-26T23:53:37.833+0000] {dag.py:3096} INFO - Sync 1 DAGs
[2026-04-26T23:53:37.842+0000] {logging_mixin.py:188} INFO - [2026-04-26T23:53:37.842+0000] {dag.py:3954} INFO - Setting next_dagrun for example_sensors to None, run_after=None
[2026-04-26T23:53:37.855+0000] {processor.py:183} INFO - Processing /home/airflow/.local/lib/python3.12/site-packages/airflow/example_dags/example_sensors.py took 0.055 seconds
