[2026-04-26T23:08:14.690+0000] {processor.py:161} INFO - Started process (PID=57) to work on /home/airflow/.local/lib/python3.12/site-packages/airflow/example_dags/example_local_kubernetes_executor.py
[2026-04-26T23:08:14.691+0000] {processor.py:830} INFO - Processing file /home/airflow/.local/lib/python3.12/site-packages/airflow/example_dags/example_local_kubernetes_executor.py for tasks to queue
[2026-04-26T23:08:14.692+0000] {logging_mixin.py:188} INFO - [2026-04-26T23:08:14.692+0000] {dagbag.py:545} INFO - Filling up the DagBag from /home/airflow/.local/lib/python3.12/site-packages/airflow/example_dags/example_local_kubernetes_executor.py
[2026-04-26T23:08:14.697+0000] {processor.py:840} INFO - DAG(s) 'example_local_kubernetes_executor' retrieved from /home/airflow/.local/lib/python3.12/site-packages/airflow/example_dags/example_local_kubernetes_executor.py
[2026-04-26T23:08:14.703+0000] {logging_mixin.py:188} INFO - [2026-04-26T23:08:14.703+0000] {dag.py:3096} INFO - Sync 1 DAGs
[2026-04-26T23:08:14.711+0000] {logging_mixin.py:188} INFO - [2026-04-26T23:08:14.711+0000] {dag.py:3954} INFO - Setting next_dagrun for example_local_kubernetes_executor to None, run_after=None
[2026-04-26T23:08:14.722+0000] {processor.py:183} INFO - Processing /home/airflow/.local/lib/python3.12/site-packages/airflow/example_dags/example_local_kubernetes_executor.py took 0.035 seconds
[2026-04-26T23:08:45.263+0000] {processor.py:161} INFO - Started process (PID=115) to work on /home/airflow/.local/lib/python3.12/site-packages/airflow/example_dags/example_local_kubernetes_executor.py
[2026-04-26T23:08:45.263+0000] {processor.py:830} INFO - Processing file /home/airflow/.local/lib/python3.12/site-packages/airflow/example_dags/example_local_kubernetes_executor.py for tasks to queue
[2026-04-26T23:08:45.264+0000] {logging_mixin.py:188} INFO - [2026-04-26T23:08:45.264+0000] {dagbag.py:545} INFO - Filling up the DagBag from /home/airflow/.local/lib/python3.12/site-packages/airflow/example_dags/example_local_kubernetes_executor.py
[2026-04-26T23:08:45.269+0000] {processor.py:840} INFO - DAG(s) 'example_local_kubernetes_executor' retrieved from /home/airflow/.local/lib/python3.12/site-packages/airflow/example_dags/example_local_kubernetes_executor.py
[2026-04-26T23:08:45.357+0000] {logging_mixin.py:188} INFO - [2026-04-26T23:08:45.356+0000] {dag.py:3096} INFO - Sync 1 DAGs
[2026-04-26T23:08:45.364+0000] {logging_mixin.py:188} INFO - [2026-04-26T23:08:45.364+0000] {dag.py:3954} INFO - Setting next_dagrun for example_local_kubernetes_executor to None, run_after=None
[2026-04-26T23:08:45.391+0000] {processor.py:183} INFO - Processing /home/airflow/.local/lib/python3.12/site-packages/airflow/example_dags/example_local_kubernetes_executor.py took 0.132 seconds
[2026-04-26T23:09:16.322+0000] {processor.py:161} INFO - Started process (PID=173) to work on /home/airflow/.local/lib/python3.12/site-packages/airflow/example_dags/example_local_kubernetes_executor.py
[2026-04-26T23:09:16.322+0000] {processor.py:830} INFO - Processing file /home/airflow/.local/lib/python3.12/site-packages/airflow/example_dags/example_local_kubernetes_executor.py for tasks to queue
[2026-04-26T23:09:16.324+0000] {logging_mixin.py:188} INFO - [2026-04-26T23:09:16.323+0000] {dagbag.py:545} INFO - Filling up the DagBag from /home/airflow/.local/lib/python3.12/site-packages/airflow/example_dags/example_local_kubernetes_executor.py
[2026-04-26T23:09:16.329+0000] {processor.py:840} INFO - DAG(s) 'example_local_kubernetes_executor' retrieved from /home/airflow/.local/lib/python3.12/site-packages/airflow/example_dags/example_local_kubernetes_executor.py
[2026-04-26T23:09:16.354+0000] {logging_mixin.py:188} INFO - [2026-04-26T23:09:16.354+0000] {dag.py:3096} INFO - Sync 1 DAGs
[2026-04-26T23:09:16.363+0000] {logging_mixin.py:188} INFO - [2026-04-26T23:09:16.363+0000] {dag.py:3954} INFO - Setting next_dagrun for example_local_kubernetes_executor to None, run_after=None
[2026-04-26T23:09:16.374+0000] {processor.py:183} INFO - Processing /home/airflow/.local/lib/python3.12/site-packages/airflow/example_dags/example_local_kubernetes_executor.py took 0.057 seconds
[2026-04-26T23:09:47.184+0000] {processor.py:161} INFO - Started process (PID=231) to work on /home/airflow/.local/lib/python3.12/site-packages/airflow/example_dags/example_local_kubernetes_executor.py
[2026-04-26T23:09:47.185+0000] {processor.py:830} INFO - Processing file /home/airflow/.local/lib/python3.12/site-packages/airflow/example_dags/example_local_kubernetes_executor.py for tasks to queue
[2026-04-26T23:09:47.186+0000] {logging_mixin.py:188} INFO - [2026-04-26T23:09:47.186+0000] {dagbag.py:545} INFO - Filling up the DagBag from /home/airflow/.local/lib/python3.12/site-packages/airflow/example_dags/example_local_kubernetes_executor.py
[2026-04-26T23:09:47.192+0000] {processor.py:840} INFO - DAG(s) 'example_local_kubernetes_executor' retrieved from /home/airflow/.local/lib/python3.12/site-packages/airflow/example_dags/example_local_kubernetes_executor.py
[2026-04-26T23:09:47.216+0000] {logging_mixin.py:188} INFO - [2026-04-26T23:09:47.216+0000] {dag.py:3096} INFO - Sync 1 DAGs
[2026-04-26T23:09:47.226+0000] {logging_mixin.py:188} INFO - [2026-04-26T23:09:47.226+0000] {dag.py:3954} INFO - Setting next_dagrun for example_local_kubernetes_executor to None, run_after=None
[2026-04-26T23:09:47.236+0000] {processor.py:183} INFO - Processing /home/airflow/.local/lib/python3.12/site-packages/airflow/example_dags/example_local_kubernetes_executor.py took 0.056 seconds
[2026-04-26T23:10:18.030+0000] {processor.py:161} INFO - Started process (PID=289) to work on /home/airflow/.local/lib/python3.12/site-packages/airflow/example_dags/example_local_kubernetes_executor.py
[2026-04-26T23:10:18.031+0000] {processor.py:830} INFO - Processing file /home/airflow/.local/lib/python3.12/site-packages/airflow/example_dags/example_local_kubernetes_executor.py for tasks to queue
[2026-04-26T23:10:18.032+0000] {logging_mixin.py:188} INFO - [2026-04-26T23:10:18.032+0000] {dagbag.py:545} INFO - Filling up the DagBag from /home/airflow/.local/lib/python3.12/site-packages/airflow/example_dags/example_local_kubernetes_executor.py
[2026-04-26T23:10:18.038+0000] {processor.py:840} INFO - DAG(s) 'example_local_kubernetes_executor' retrieved from /home/airflow/.local/lib/python3.12/site-packages/airflow/example_dags/example_local_kubernetes_executor.py
[2026-04-26T23:10:18.063+0000] {logging_mixin.py:188} INFO - [2026-04-26T23:10:18.063+0000] {dag.py:3096} INFO - Sync 1 DAGs
[2026-04-26T23:10:18.072+0000] {logging_mixin.py:188} INFO - [2026-04-26T23:10:18.072+0000] {dag.py:3954} INFO - Setting next_dagrun for example_local_kubernetes_executor to None, run_after=None
[2026-04-26T23:10:18.084+0000] {processor.py:183} INFO - Processing /home/airflow/.local/lib/python3.12/site-packages/airflow/example_dags/example_local_kubernetes_executor.py took 0.058 seconds
[2026-04-26T23:10:48.151+0000] {processor.py:161} INFO - Started process (PID=353) to work on /home/airflow/.local/lib/python3.12/site-packages/airflow/example_dags/example_local_kubernetes_executor.py
[2026-04-26T23:10:48.152+0000] {processor.py:830} INFO - Processing file /home/airflow/.local/lib/python3.12/site-packages/airflow/example_dags/example_local_kubernetes_executor.py for tasks to queue
[2026-04-26T23:10:48.153+0000] {logging_mixin.py:188} INFO - [2026-04-26T23:10:48.153+0000] {dagbag.py:545} INFO - Filling up the DagBag from /home/airflow/.local/lib/python3.12/site-packages/airflow/example_dags/example_local_kubernetes_executor.py
[2026-04-26T23:10:48.159+0000] {processor.py:840} INFO - DAG(s) 'example_local_kubernetes_executor' retrieved from /home/airflow/.local/lib/python3.12/site-packages/airflow/example_dags/example_local_kubernetes_executor.py
[2026-04-26T23:10:48.184+0000] {logging_mixin.py:188} INFO - [2026-04-26T23:10:48.184+0000] {dag.py:3096} INFO - Sync 1 DAGs
[2026-04-26T23:10:48.193+0000] {logging_mixin.py:188} INFO - [2026-04-26T23:10:48.193+0000] {dag.py:3954} INFO - Setting next_dagrun for example_local_kubernetes_executor to None, run_after=None
[2026-04-26T23:10:48.205+0000] {processor.py:183} INFO - Processing /home/airflow/.local/lib/python3.12/site-packages/airflow/example_dags/example_local_kubernetes_executor.py took 0.058 seconds
[2026-04-26T23:11:18.985+0000] {processor.py:161} INFO - Started process (PID=411) to work on /home/airflow/.local/lib/python3.12/site-packages/airflow/example_dags/example_local_kubernetes_executor.py
[2026-04-26T23:11:18.986+0000] {processor.py:830} INFO - Processing file /home/airflow/.local/lib/python3.12/site-packages/airflow/example_dags/example_local_kubernetes_executor.py for tasks to queue
[2026-04-26T23:11:18.987+0000] {logging_mixin.py:188} INFO - [2026-04-26T23:11:18.987+0000] {dagbag.py:545} INFO - Filling up the DagBag from /home/airflow/.local/lib/python3.12/site-packages/airflow/example_dags/example_local_kubernetes_executor.py
[2026-04-26T23:11:18.992+0000] {processor.py:840} INFO - DAG(s) 'example_local_kubernetes_executor' retrieved from /home/airflow/.local/lib/python3.12/site-packages/airflow/example_dags/example_local_kubernetes_executor.py
[2026-04-26T23:11:19.012+0000] {logging_mixin.py:188} INFO - [2026-04-26T23:11:19.012+0000] {dag.py:3096} INFO - Sync 1 DAGs
[2026-04-26T23:11:19.019+0000] {logging_mixin.py:188} INFO - [2026-04-26T23:11:19.019+0000] {dag.py:3954} INFO - Setting next_dagrun for example_local_kubernetes_executor to None, run_after=None
[2026-04-26T23:11:19.028+0000] {processor.py:183} INFO - Processing /home/airflow/.local/lib/python3.12/site-packages/airflow/example_dags/example_local_kubernetes_executor.py took 0.046 seconds
[2026-04-26T23:11:49.748+0000] {processor.py:161} INFO - Started process (PID=469) to work on /home/airflow/.local/lib/python3.12/site-packages/airflow/example_dags/example_local_kubernetes_executor.py
[2026-04-26T23:11:49.749+0000] {processor.py:830} INFO - Processing file /home/airflow/.local/lib/python3.12/site-packages/airflow/example_dags/example_local_kubernetes_executor.py for tasks to queue
[2026-04-26T23:11:49.750+0000] {logging_mixin.py:188} INFO - [2026-04-26T23:11:49.749+0000] {dagbag.py:545} INFO - Filling up the DagBag from /home/airflow/.local/lib/python3.12/site-packages/airflow/example_dags/example_local_kubernetes_executor.py
[2026-04-26T23:11:49.754+0000] {processor.py:840} INFO - DAG(s) 'example_local_kubernetes_executor' retrieved from /home/airflow/.local/lib/python3.12/site-packages/airflow/example_dags/example_local_kubernetes_executor.py
[2026-04-26T23:11:49.776+0000] {logging_mixin.py:188} INFO - [2026-04-26T23:11:49.776+0000] {dag.py:3096} INFO - Sync 1 DAGs
[2026-04-26T23:11:49.784+0000] {logging_mixin.py:188} INFO - [2026-04-26T23:11:49.784+0000] {dag.py:3954} INFO - Setting next_dagrun for example_local_kubernetes_executor to None, run_after=None
[2026-04-26T23:11:49.794+0000] {processor.py:183} INFO - Processing /home/airflow/.local/lib/python3.12/site-packages/airflow/example_dags/example_local_kubernetes_executor.py took 0.050 seconds
[2026-04-26T23:12:20.537+0000] {processor.py:161} INFO - Started process (PID=527) to work on /home/airflow/.local/lib/python3.12/site-packages/airflow/example_dags/example_local_kubernetes_executor.py
[2026-04-26T23:12:20.537+0000] {processor.py:830} INFO - Processing file /home/airflow/.local/lib/python3.12/site-packages/airflow/example_dags/example_local_kubernetes_executor.py for tasks to queue
[2026-04-26T23:12:20.538+0000] {logging_mixin.py:188} INFO - [2026-04-26T23:12:20.538+0000] {dagbag.py:545} INFO - Filling up the DagBag from /home/airflow/.local/lib/python3.12/site-packages/airflow/example_dags/example_local_kubernetes_executor.py
[2026-04-26T23:12:20.543+0000] {processor.py:840} INFO - DAG(s) 'example_local_kubernetes_executor' retrieved from /home/airflow/.local/lib/python3.12/site-packages/airflow/example_dags/example_local_kubernetes_executor.py
[2026-04-26T23:12:20.562+0000] {logging_mixin.py:188} INFO - [2026-04-26T23:12:20.562+0000] {dag.py:3096} INFO - Sync 1 DAGs
[2026-04-26T23:12:20.569+0000] {logging_mixin.py:188} INFO - [2026-04-26T23:12:20.569+0000] {dag.py:3954} INFO - Setting next_dagrun for example_local_kubernetes_executor to None, run_after=None
[2026-04-26T23:12:20.578+0000] {processor.py:183} INFO - Processing /home/airflow/.local/lib/python3.12/site-packages/airflow/example_dags/example_local_kubernetes_executor.py took 0.045 seconds
[2026-04-26T23:12:51.336+0000] {processor.py:161} INFO - Started process (PID=585) to work on /home/airflow/.local/lib/python3.12/site-packages/airflow/example_dags/example_local_kubernetes_executor.py
[2026-04-26T23:12:51.337+0000] {processor.py:830} INFO - Processing file /home/airflow/.local/lib/python3.12/site-packages/airflow/example_dags/example_local_kubernetes_executor.py for tasks to queue
[2026-04-26T23:12:51.338+0000] {logging_mixin.py:188} INFO - [2026-04-26T23:12:51.338+0000] {dagbag.py:545} INFO - Filling up the DagBag from /home/airflow/.local/lib/python3.12/site-packages/airflow/example_dags/example_local_kubernetes_executor.py
[2026-04-26T23:12:51.342+0000] {processor.py:840} INFO - DAG(s) 'example_local_kubernetes_executor' retrieved from /home/airflow/.local/lib/python3.12/site-packages/airflow/example_dags/example_local_kubernetes_executor.py
[2026-04-26T23:12:51.366+0000] {logging_mixin.py:188} INFO - [2026-04-26T23:12:51.366+0000] {dag.py:3096} INFO - Sync 1 DAGs
[2026-04-26T23:12:51.374+0000] {logging_mixin.py:188} INFO - [2026-04-26T23:12:51.374+0000] {dag.py:3954} INFO - Setting next_dagrun for example_local_kubernetes_executor to None, run_after=None
[2026-04-26T23:12:51.385+0000] {processor.py:183} INFO - Processing /home/airflow/.local/lib/python3.12/site-packages/airflow/example_dags/example_local_kubernetes_executor.py took 0.053 seconds
[2026-04-26T23:13:21.447+0000] {processor.py:161} INFO - Started process (PID=643) to work on /home/airflow/.local/lib/python3.12/site-packages/airflow/example_dags/example_local_kubernetes_executor.py
[2026-04-26T23:13:21.447+0000] {processor.py:830} INFO - Processing file /home/airflow/.local/lib/python3.12/site-packages/airflow/example_dags/example_local_kubernetes_executor.py for tasks to queue
[2026-04-26T23:13:21.448+0000] {logging_mixin.py:188} INFO - [2026-04-26T23:13:21.448+0000] {dagbag.py:545} INFO - Filling up the DagBag from /home/airflow/.local/lib/python3.12/site-packages/airflow/example_dags/example_local_kubernetes_executor.py
[2026-04-26T23:13:21.452+0000] {processor.py:840} INFO - DAG(s) 'example_local_kubernetes_executor' retrieved from /home/airflow/.local/lib/python3.12/site-packages/airflow/example_dags/example_local_kubernetes_executor.py
[2026-04-26T23:13:21.473+0000] {logging_mixin.py:188} INFO - [2026-04-26T23:13:21.473+0000] {dag.py:3096} INFO - Sync 1 DAGs
[2026-04-26T23:13:21.480+0000] {logging_mixin.py:188} INFO - [2026-04-26T23:13:21.480+0000] {dag.py:3954} INFO - Setting next_dagrun for example_local_kubernetes_executor to None, run_after=None
[2026-04-26T23:13:21.490+0000] {processor.py:183} INFO - Processing /home/airflow/.local/lib/python3.12/site-packages/airflow/example_dags/example_local_kubernetes_executor.py took 0.046 seconds
[2026-04-26T23:13:51.740+0000] {processor.py:161} INFO - Started process (PID=701) to work on /home/airflow/.local/lib/python3.12/site-packages/airflow/example_dags/example_local_kubernetes_executor.py
[2026-04-26T23:13:51.741+0000] {processor.py:830} INFO - Processing file /home/airflow/.local/lib/python3.12/site-packages/airflow/example_dags/example_local_kubernetes_executor.py for tasks to queue
[2026-04-26T23:13:51.742+0000] {logging_mixin.py:188} INFO - [2026-04-26T23:13:51.742+0000] {dagbag.py:545} INFO - Filling up the DagBag from /home/airflow/.local/lib/python3.12/site-packages/airflow/example_dags/example_local_kubernetes_executor.py
[2026-04-26T23:13:51.748+0000] {processor.py:840} INFO - DAG(s) 'example_local_kubernetes_executor' retrieved from /home/airflow/.local/lib/python3.12/site-packages/airflow/example_dags/example_local_kubernetes_executor.py
[2026-04-26T23:13:51.774+0000] {logging_mixin.py:188} INFO - [2026-04-26T23:13:51.774+0000] {dag.py:3096} INFO - Sync 1 DAGs
[2026-04-26T23:13:51.784+0000] {logging_mixin.py:188} INFO - [2026-04-26T23:13:51.783+0000] {dag.py:3954} INFO - Setting next_dagrun for example_local_kubernetes_executor to None, run_after=None
[2026-04-26T23:13:51.803+0000] {processor.py:183} INFO - Processing /home/airflow/.local/lib/python3.12/site-packages/airflow/example_dags/example_local_kubernetes_executor.py took 0.068 seconds
[2026-04-26T23:14:22.392+0000] {processor.py:161} INFO - Started process (PID=759) to work on /home/airflow/.local/lib/python3.12/site-packages/airflow/example_dags/example_local_kubernetes_executor.py
[2026-04-26T23:14:22.392+0000] {processor.py:830} INFO - Processing file /home/airflow/.local/lib/python3.12/site-packages/airflow/example_dags/example_local_kubernetes_executor.py for tasks to queue
[2026-04-26T23:14:22.394+0000] {logging_mixin.py:188} INFO - [2026-04-26T23:14:22.394+0000] {dagbag.py:545} INFO - Filling up the DagBag from /home/airflow/.local/lib/python3.12/site-packages/airflow/example_dags/example_local_kubernetes_executor.py
[2026-04-26T23:14:22.399+0000] {processor.py:840} INFO - DAG(s) 'example_local_kubernetes_executor' retrieved from /home/airflow/.local/lib/python3.12/site-packages/airflow/example_dags/example_local_kubernetes_executor.py
[2026-04-26T23:14:22.425+0000] {logging_mixin.py:188} INFO - [2026-04-26T23:14:22.424+0000] {dag.py:3096} INFO - Sync 1 DAGs
[2026-04-26T23:14:22.434+0000] {logging_mixin.py:188} INFO - [2026-04-26T23:14:22.433+0000] {dag.py:3954} INFO - Setting next_dagrun for example_local_kubernetes_executor to None, run_after=None
[2026-04-26T23:14:22.446+0000] {processor.py:183} INFO - Processing /home/airflow/.local/lib/python3.12/site-packages/airflow/example_dags/example_local_kubernetes_executor.py took 0.058 seconds
[2026-04-26T23:14:53.139+0000] {processor.py:161} INFO - Started process (PID=817) to work on /home/airflow/.local/lib/python3.12/site-packages/airflow/example_dags/example_local_kubernetes_executor.py
[2026-04-26T23:14:53.140+0000] {processor.py:830} INFO - Processing file /home/airflow/.local/lib/python3.12/site-packages/airflow/example_dags/example_local_kubernetes_executor.py for tasks to queue
[2026-04-26T23:14:53.141+0000] {logging_mixin.py:188} INFO - [2026-04-26T23:14:53.141+0000] {dagbag.py:545} INFO - Filling up the DagBag from /home/airflow/.local/lib/python3.12/site-packages/airflow/example_dags/example_local_kubernetes_executor.py
[2026-04-26T23:14:53.148+0000] {processor.py:840} INFO - DAG(s) 'example_local_kubernetes_executor' retrieved from /home/airflow/.local/lib/python3.12/site-packages/airflow/example_dags/example_local_kubernetes_executor.py
[2026-04-26T23:14:53.177+0000] {logging_mixin.py:188} INFO - [2026-04-26T23:14:53.177+0000] {dag.py:3096} INFO - Sync 1 DAGs
[2026-04-26T23:14:53.186+0000] {logging_mixin.py:188} INFO - [2026-04-26T23:14:53.186+0000] {dag.py:3954} INFO - Setting next_dagrun for example_local_kubernetes_executor to None, run_after=None
[2026-04-26T23:14:53.208+0000] {processor.py:183} INFO - Processing /home/airflow/.local/lib/python3.12/site-packages/airflow/example_dags/example_local_kubernetes_executor.py took 0.075 seconds
[2026-04-26T23:15:23.267+0000] {processor.py:161} INFO - Started process (PID=875) to work on /home/airflow/.local/lib/python3.12/site-packages/airflow/example_dags/example_local_kubernetes_executor.py
[2026-04-26T23:15:23.268+0000] {processor.py:830} INFO - Processing file /home/airflow/.local/lib/python3.12/site-packages/airflow/example_dags/example_local_kubernetes_executor.py for tasks to queue
[2026-04-26T23:15:23.269+0000] {logging_mixin.py:188} INFO - [2026-04-26T23:15:23.269+0000] {dagbag.py:545} INFO - Filling up the DagBag from /home/airflow/.local/lib/python3.12/site-packages/airflow/example_dags/example_local_kubernetes_executor.py
[2026-04-26T23:15:23.274+0000] {processor.py:840} INFO - DAG(s) 'example_local_kubernetes_executor' retrieved from /home/airflow/.local/lib/python3.12/site-packages/airflow/example_dags/example_local_kubernetes_executor.py
[2026-04-26T23:15:23.297+0000] {logging_mixin.py:188} INFO - [2026-04-26T23:15:23.297+0000] {dag.py:3096} INFO - Sync 1 DAGs
[2026-04-26T23:15:23.305+0000] {logging_mixin.py:188} INFO - [2026-04-26T23:15:23.305+0000] {dag.py:3954} INFO - Setting next_dagrun for example_local_kubernetes_executor to None, run_after=None
[2026-04-26T23:15:23.315+0000] {processor.py:183} INFO - Processing /home/airflow/.local/lib/python3.12/site-packages/airflow/example_dags/example_local_kubernetes_executor.py took 0.052 seconds
[2026-04-26T23:15:53.504+0000] {processor.py:161} INFO - Started process (PID=933) to work on /home/airflow/.local/lib/python3.12/site-packages/airflow/example_dags/example_local_kubernetes_executor.py
[2026-04-26T23:15:53.504+0000] {processor.py:830} INFO - Processing file /home/airflow/.local/lib/python3.12/site-packages/airflow/example_dags/example_local_kubernetes_executor.py for tasks to queue
[2026-04-26T23:15:53.505+0000] {logging_mixin.py:188} INFO - [2026-04-26T23:15:53.505+0000] {dagbag.py:545} INFO - Filling up the DagBag from /home/airflow/.local/lib/python3.12/site-packages/airflow/example_dags/example_local_kubernetes_executor.py
[2026-04-26T23:15:53.509+0000] {processor.py:840} INFO - DAG(s) 'example_local_kubernetes_executor' retrieved from /home/airflow/.local/lib/python3.12/site-packages/airflow/example_dags/example_local_kubernetes_executor.py
[2026-04-26T23:15:53.529+0000] {logging_mixin.py:188} INFO - [2026-04-26T23:15:53.529+0000] {dag.py:3096} INFO - Sync 1 DAGs
[2026-04-26T23:15:53.536+0000] {logging_mixin.py:188} INFO - [2026-04-26T23:15:53.536+0000] {dag.py:3954} INFO - Setting next_dagrun for example_local_kubernetes_executor to None, run_after=None
[2026-04-26T23:15:53.544+0000] {processor.py:183} INFO - Processing /home/airflow/.local/lib/python3.12/site-packages/airflow/example_dags/example_local_kubernetes_executor.py took 0.044 seconds
[2026-04-26T23:16:23.664+0000] {processor.py:161} INFO - Started process (PID=991) to work on /home/airflow/.local/lib/python3.12/site-packages/airflow/example_dags/example_local_kubernetes_executor.py
[2026-04-26T23:16:23.665+0000] {processor.py:830} INFO - Processing file /home/airflow/.local/lib/python3.12/site-packages/airflow/example_dags/example_local_kubernetes_executor.py for tasks to queue
[2026-04-26T23:16:23.666+0000] {logging_mixin.py:188} INFO - [2026-04-26T23:16:23.666+0000] {dagbag.py:545} INFO - Filling up the DagBag from /home/airflow/.local/lib/python3.12/site-packages/airflow/example_dags/example_local_kubernetes_executor.py
[2026-04-26T23:16:23.670+0000] {processor.py:840} INFO - DAG(s) 'example_local_kubernetes_executor' retrieved from /home/airflow/.local/lib/python3.12/site-packages/airflow/example_dags/example_local_kubernetes_executor.py
[2026-04-26T23:16:23.691+0000] {logging_mixin.py:188} INFO - [2026-04-26T23:16:23.691+0000] {dag.py:3096} INFO - Sync 1 DAGs
[2026-04-26T23:16:23.699+0000] {logging_mixin.py:188} INFO - [2026-04-26T23:16:23.699+0000] {dag.py:3954} INFO - Setting next_dagrun for example_local_kubernetes_executor to None, run_after=None
[2026-04-26T23:16:23.711+0000] {processor.py:183} INFO - Processing /home/airflow/.local/lib/python3.12/site-packages/airflow/example_dags/example_local_kubernetes_executor.py took 0.051 seconds
[2026-04-26T23:16:53.871+0000] {processor.py:161} INFO - Started process (PID=1049) to work on /home/airflow/.local/lib/python3.12/site-packages/airflow/example_dags/example_local_kubernetes_executor.py
[2026-04-26T23:16:53.872+0000] {processor.py:830} INFO - Processing file /home/airflow/.local/lib/python3.12/site-packages/airflow/example_dags/example_local_kubernetes_executor.py for tasks to queue
[2026-04-26T23:16:53.873+0000] {logging_mixin.py:188} INFO - [2026-04-26T23:16:53.873+0000] {dagbag.py:545} INFO - Filling up the DagBag from /home/airflow/.local/lib/python3.12/site-packages/airflow/example_dags/example_local_kubernetes_executor.py
[2026-04-26T23:16:53.879+0000] {processor.py:840} INFO - DAG(s) 'example_local_kubernetes_executor' retrieved from /home/airflow/.local/lib/python3.12/site-packages/airflow/example_dags/example_local_kubernetes_executor.py
[2026-04-26T23:16:53.904+0000] {logging_mixin.py:188} INFO - [2026-04-26T23:16:53.904+0000] {dag.py:3096} INFO - Sync 1 DAGs
[2026-04-26T23:16:53.914+0000] {logging_mixin.py:188} INFO - [2026-04-26T23:16:53.914+0000] {dag.py:3954} INFO - Setting next_dagrun for example_local_kubernetes_executor to None, run_after=None
[2026-04-26T23:16:53.926+0000] {processor.py:183} INFO - Processing /home/airflow/.local/lib/python3.12/site-packages/airflow/example_dags/example_local_kubernetes_executor.py took 0.059 seconds
[2026-04-26T23:17:24.137+0000] {processor.py:161} INFO - Started process (PID=1107) to work on /home/airflow/.local/lib/python3.12/site-packages/airflow/example_dags/example_local_kubernetes_executor.py
[2026-04-26T23:17:24.138+0000] {processor.py:830} INFO - Processing file /home/airflow/.local/lib/python3.12/site-packages/airflow/example_dags/example_local_kubernetes_executor.py for tasks to queue
[2026-04-26T23:17:24.139+0000] {logging_mixin.py:188} INFO - [2026-04-26T23:17:24.139+0000] {dagbag.py:545} INFO - Filling up the DagBag from /home/airflow/.local/lib/python3.12/site-packages/airflow/example_dags/example_local_kubernetes_executor.py
[2026-04-26T23:17:24.145+0000] {processor.py:840} INFO - DAG(s) 'example_local_kubernetes_executor' retrieved from /home/airflow/.local/lib/python3.12/site-packages/airflow/example_dags/example_local_kubernetes_executor.py
[2026-04-26T23:17:24.170+0000] {logging_mixin.py:188} INFO - [2026-04-26T23:17:24.170+0000] {dag.py:3096} INFO - Sync 1 DAGs
[2026-04-26T23:17:24.180+0000] {logging_mixin.py:188} INFO - [2026-04-26T23:17:24.180+0000] {dag.py:3954} INFO - Setting next_dagrun for example_local_kubernetes_executor to None, run_after=None
[2026-04-26T23:17:24.193+0000] {processor.py:183} INFO - Processing /home/airflow/.local/lib/python3.12/site-packages/airflow/example_dags/example_local_kubernetes_executor.py took 0.060 seconds
[2026-04-26T23:17:54.442+0000] {processor.py:161} INFO - Started process (PID=1165) to work on /home/airflow/.local/lib/python3.12/site-packages/airflow/example_dags/example_local_kubernetes_executor.py
[2026-04-26T23:17:54.443+0000] {processor.py:830} INFO - Processing file /home/airflow/.local/lib/python3.12/site-packages/airflow/example_dags/example_local_kubernetes_executor.py for tasks to queue
[2026-04-26T23:17:54.444+0000] {logging_mixin.py:188} INFO - [2026-04-26T23:17:54.444+0000] {dagbag.py:545} INFO - Filling up the DagBag from /home/airflow/.local/lib/python3.12/site-packages/airflow/example_dags/example_local_kubernetes_executor.py
[2026-04-26T23:17:54.451+0000] {processor.py:840} INFO - DAG(s) 'example_local_kubernetes_executor' retrieved from /home/airflow/.local/lib/python3.12/site-packages/airflow/example_dags/example_local_kubernetes_executor.py
[2026-04-26T23:17:54.479+0000] {logging_mixin.py:188} INFO - [2026-04-26T23:17:54.479+0000] {dag.py:3096} INFO - Sync 1 DAGs
[2026-04-26T23:17:54.489+0000] {logging_mixin.py:188} INFO - [2026-04-26T23:17:54.489+0000] {dag.py:3954} INFO - Setting next_dagrun for example_local_kubernetes_executor to None, run_after=None
[2026-04-26T23:17:54.503+0000] {processor.py:183} INFO - Processing /home/airflow/.local/lib/python3.12/site-packages/airflow/example_dags/example_local_kubernetes_executor.py took 0.066 seconds
[2026-04-26T23:18:25.546+0000] {processor.py:161} INFO - Started process (PID=1224) to work on /home/airflow/.local/lib/python3.12/site-packages/airflow/example_dags/example_local_kubernetes_executor.py
[2026-04-26T23:18:25.546+0000] {processor.py:830} INFO - Processing file /home/airflow/.local/lib/python3.12/site-packages/airflow/example_dags/example_local_kubernetes_executor.py for tasks to queue
[2026-04-26T23:18:25.548+0000] {logging_mixin.py:188} INFO - [2026-04-26T23:18:25.547+0000] {dagbag.py:545} INFO - Filling up the DagBag from /home/airflow/.local/lib/python3.12/site-packages/airflow/example_dags/example_local_kubernetes_executor.py
[2026-04-26T23:18:25.553+0000] {processor.py:840} INFO - DAG(s) 'example_local_kubernetes_executor' retrieved from /home/airflow/.local/lib/python3.12/site-packages/airflow/example_dags/example_local_kubernetes_executor.py
[2026-04-26T23:18:25.578+0000] {logging_mixin.py:188} INFO - [2026-04-26T23:18:25.578+0000] {dag.py:3096} INFO - Sync 1 DAGs
[2026-04-26T23:18:25.587+0000] {logging_mixin.py:188} INFO - [2026-04-26T23:18:25.586+0000] {dag.py:3954} INFO - Setting next_dagrun for example_local_kubernetes_executor to None, run_after=None
[2026-04-26T23:18:25.598+0000] {processor.py:183} INFO - Processing /home/airflow/.local/lib/python3.12/site-packages/airflow/example_dags/example_local_kubernetes_executor.py took 0.057 seconds
[2026-04-26T23:18:56.001+0000] {processor.py:161} INFO - Started process (PID=1283) to work on /home/airflow/.local/lib/python3.12/site-packages/airflow/example_dags/example_local_kubernetes_executor.py
[2026-04-26T23:18:56.002+0000] {processor.py:830} INFO - Processing file /home/airflow/.local/lib/python3.12/site-packages/airflow/example_dags/example_local_kubernetes_executor.py for tasks to queue
[2026-04-26T23:18:56.003+0000] {logging_mixin.py:188} INFO - [2026-04-26T23:18:56.003+0000] {dagbag.py:545} INFO - Filling up the DagBag from /home/airflow/.local/lib/python3.12/site-packages/airflow/example_dags/example_local_kubernetes_executor.py
[2026-04-26T23:18:56.009+0000] {processor.py:840} INFO - DAG(s) 'example_local_kubernetes_executor' retrieved from /home/airflow/.local/lib/python3.12/site-packages/airflow/example_dags/example_local_kubernetes_executor.py
[2026-04-26T23:18:56.035+0000] {logging_mixin.py:188} INFO - [2026-04-26T23:18:56.035+0000] {dag.py:3096} INFO - Sync 1 DAGs
[2026-04-26T23:18:56.045+0000] {logging_mixin.py:188} INFO - [2026-04-26T23:18:56.044+0000] {dag.py:3954} INFO - Setting next_dagrun for example_local_kubernetes_executor to None, run_after=None
[2026-04-26T23:18:56.056+0000] {processor.py:183} INFO - Processing /home/airflow/.local/lib/python3.12/site-packages/airflow/example_dags/example_local_kubernetes_executor.py took 0.060 seconds
[2026-04-26T23:19:26.287+0000] {processor.py:161} INFO - Started process (PID=1342) to work on /home/airflow/.local/lib/python3.12/site-packages/airflow/example_dags/example_local_kubernetes_executor.py
[2026-04-26T23:19:26.288+0000] {processor.py:830} INFO - Processing file /home/airflow/.local/lib/python3.12/site-packages/airflow/example_dags/example_local_kubernetes_executor.py for tasks to queue
[2026-04-26T23:19:26.289+0000] {logging_mixin.py:188} INFO - [2026-04-26T23:19:26.289+0000] {dagbag.py:545} INFO - Filling up the DagBag from /home/airflow/.local/lib/python3.12/site-packages/airflow/example_dags/example_local_kubernetes_executor.py
[2026-04-26T23:19:26.295+0000] {processor.py:840} INFO - DAG(s) 'example_local_kubernetes_executor' retrieved from /home/airflow/.local/lib/python3.12/site-packages/airflow/example_dags/example_local_kubernetes_executor.py
[2026-04-26T23:19:26.322+0000] {logging_mixin.py:188} INFO - [2026-04-26T23:19:26.322+0000] {dag.py:3096} INFO - Sync 1 DAGs
[2026-04-26T23:19:26.331+0000] {logging_mixin.py:188} INFO - [2026-04-26T23:19:26.331+0000] {dag.py:3954} INFO - Setting next_dagrun for example_local_kubernetes_executor to None, run_after=None
[2026-04-26T23:19:26.344+0000] {processor.py:183} INFO - Processing /home/airflow/.local/lib/python3.12/site-packages/airflow/example_dags/example_local_kubernetes_executor.py took 0.061 seconds
[2026-04-26T23:19:56.665+0000] {processor.py:161} INFO - Started process (PID=1401) to work on /home/airflow/.local/lib/python3.12/site-packages/airflow/example_dags/example_local_kubernetes_executor.py
[2026-04-26T23:19:56.666+0000] {processor.py:830} INFO - Processing file /home/airflow/.local/lib/python3.12/site-packages/airflow/example_dags/example_local_kubernetes_executor.py for tasks to queue
[2026-04-26T23:19:56.667+0000] {logging_mixin.py:188} INFO - [2026-04-26T23:19:56.667+0000] {dagbag.py:545} INFO - Filling up the DagBag from /home/airflow/.local/lib/python3.12/site-packages/airflow/example_dags/example_local_kubernetes_executor.py
[2026-04-26T23:19:56.673+0000] {processor.py:840} INFO - DAG(s) 'example_local_kubernetes_executor' retrieved from /home/airflow/.local/lib/python3.12/site-packages/airflow/example_dags/example_local_kubernetes_executor.py
[2026-04-26T23:19:56.700+0000] {logging_mixin.py:188} INFO - [2026-04-26T23:19:56.700+0000] {dag.py:3096} INFO - Sync 1 DAGs
[2026-04-26T23:19:56.710+0000] {logging_mixin.py:188} INFO - [2026-04-26T23:19:56.710+0000] {dag.py:3954} INFO - Setting next_dagrun for example_local_kubernetes_executor to None, run_after=None
[2026-04-26T23:19:56.723+0000] {processor.py:183} INFO - Processing /home/airflow/.local/lib/python3.12/site-packages/airflow/example_dags/example_local_kubernetes_executor.py took 0.063 seconds
[2026-04-26T23:20:26.899+0000] {processor.py:161} INFO - Started process (PID=1460) to work on /home/airflow/.local/lib/python3.12/site-packages/airflow/example_dags/example_local_kubernetes_executor.py
[2026-04-26T23:20:26.900+0000] {processor.py:830} INFO - Processing file /home/airflow/.local/lib/python3.12/site-packages/airflow/example_dags/example_local_kubernetes_executor.py for tasks to queue
[2026-04-26T23:20:26.901+0000] {logging_mixin.py:188} INFO - [2026-04-26T23:20:26.901+0000] {dagbag.py:545} INFO - Filling up the DagBag from /home/airflow/.local/lib/python3.12/site-packages/airflow/example_dags/example_local_kubernetes_executor.py
[2026-04-26T23:20:26.906+0000] {processor.py:840} INFO - DAG(s) 'example_local_kubernetes_executor' retrieved from /home/airflow/.local/lib/python3.12/site-packages/airflow/example_dags/example_local_kubernetes_executor.py
[2026-04-26T23:20:26.931+0000] {logging_mixin.py:188} INFO - [2026-04-26T23:20:26.931+0000] {dag.py:3096} INFO - Sync 1 DAGs
[2026-04-26T23:20:26.940+0000] {logging_mixin.py:188} INFO - [2026-04-26T23:20:26.940+0000] {dag.py:3954} INFO - Setting next_dagrun for example_local_kubernetes_executor to None, run_after=None
[2026-04-26T23:20:26.951+0000] {processor.py:183} INFO - Processing /home/airflow/.local/lib/python3.12/site-packages/airflow/example_dags/example_local_kubernetes_executor.py took 0.057 seconds
[2026-04-26T23:20:57.051+0000] {processor.py:161} INFO - Started process (PID=1519) to work on /home/airflow/.local/lib/python3.12/site-packages/airflow/example_dags/example_local_kubernetes_executor.py
[2026-04-26T23:20:57.052+0000] {processor.py:830} INFO - Processing file /home/airflow/.local/lib/python3.12/site-packages/airflow/example_dags/example_local_kubernetes_executor.py for tasks to queue
[2026-04-26T23:20:57.053+0000] {logging_mixin.py:188} INFO - [2026-04-26T23:20:57.053+0000] {dagbag.py:545} INFO - Filling up the DagBag from /home/airflow/.local/lib/python3.12/site-packages/airflow/example_dags/example_local_kubernetes_executor.py
[2026-04-26T23:20:57.058+0000] {processor.py:840} INFO - DAG(s) 'example_local_kubernetes_executor' retrieved from /home/airflow/.local/lib/python3.12/site-packages/airflow/example_dags/example_local_kubernetes_executor.py
[2026-04-26T23:20:57.085+0000] {logging_mixin.py:188} INFO - [2026-04-26T23:20:57.085+0000] {dag.py:3096} INFO - Sync 1 DAGs
[2026-04-26T23:20:57.097+0000] {logging_mixin.py:188} INFO - [2026-04-26T23:20:57.097+0000] {dag.py:3954} INFO - Setting next_dagrun for example_local_kubernetes_executor to None, run_after=None
[2026-04-26T23:20:57.110+0000] {processor.py:183} INFO - Processing /home/airflow/.local/lib/python3.12/site-packages/airflow/example_dags/example_local_kubernetes_executor.py took 0.063 seconds
[2026-04-26T23:21:27.316+0000] {processor.py:161} INFO - Started process (PID=1578) to work on /home/airflow/.local/lib/python3.12/site-packages/airflow/example_dags/example_local_kubernetes_executor.py
[2026-04-26T23:21:27.317+0000] {processor.py:830} INFO - Processing file /home/airflow/.local/lib/python3.12/site-packages/airflow/example_dags/example_local_kubernetes_executor.py for tasks to queue
[2026-04-26T23:21:27.318+0000] {logging_mixin.py:188} INFO - [2026-04-26T23:21:27.318+0000] {dagbag.py:545} INFO - Filling up the DagBag from /home/airflow/.local/lib/python3.12/site-packages/airflow/example_dags/example_local_kubernetes_executor.py
[2026-04-26T23:21:27.322+0000] {processor.py:840} INFO - DAG(s) 'example_local_kubernetes_executor' retrieved from /home/airflow/.local/lib/python3.12/site-packages/airflow/example_dags/example_local_kubernetes_executor.py
[2026-04-26T23:21:27.344+0000] {logging_mixin.py:188} INFO - [2026-04-26T23:21:27.344+0000] {dag.py:3096} INFO - Sync 1 DAGs
[2026-04-26T23:21:27.351+0000] {logging_mixin.py:188} INFO - [2026-04-26T23:21:27.350+0000] {dag.py:3954} INFO - Setting next_dagrun for example_local_kubernetes_executor to None, run_after=None
[2026-04-26T23:21:27.360+0000] {processor.py:183} INFO - Processing /home/airflow/.local/lib/python3.12/site-packages/airflow/example_dags/example_local_kubernetes_executor.py took 0.047 seconds
[2026-04-26T23:21:58.334+0000] {processor.py:161} INFO - Started process (PID=1638) to work on /home/airflow/.local/lib/python3.12/site-packages/airflow/example_dags/example_local_kubernetes_executor.py
[2026-04-26T23:21:58.334+0000] {processor.py:830} INFO - Processing file /home/airflow/.local/lib/python3.12/site-packages/airflow/example_dags/example_local_kubernetes_executor.py for tasks to queue
[2026-04-26T23:21:58.336+0000] {logging_mixin.py:188} INFO - [2026-04-26T23:21:58.336+0000] {dagbag.py:545} INFO - Filling up the DagBag from /home/airflow/.local/lib/python3.12/site-packages/airflow/example_dags/example_local_kubernetes_executor.py
[2026-04-26T23:21:58.341+0000] {processor.py:840} INFO - DAG(s) 'example_local_kubernetes_executor' retrieved from /home/airflow/.local/lib/python3.12/site-packages/airflow/example_dags/example_local_kubernetes_executor.py
[2026-04-26T23:21:58.363+0000] {logging_mixin.py:188} INFO - [2026-04-26T23:21:58.363+0000] {dag.py:3096} INFO - Sync 1 DAGs
[2026-04-26T23:21:58.372+0000] {logging_mixin.py:188} INFO - [2026-04-26T23:21:58.371+0000] {dag.py:3954} INFO - Setting next_dagrun for example_local_kubernetes_executor to None, run_after=None
[2026-04-26T23:21:58.382+0000] {processor.py:183} INFO - Processing /home/airflow/.local/lib/python3.12/site-packages/airflow/example_dags/example_local_kubernetes_executor.py took 0.053 seconds
[2026-04-26T23:22:28.754+0000] {processor.py:161} INFO - Started process (PID=1697) to work on /home/airflow/.local/lib/python3.12/site-packages/airflow/example_dags/example_local_kubernetes_executor.py
[2026-04-26T23:22:28.755+0000] {processor.py:830} INFO - Processing file /home/airflow/.local/lib/python3.12/site-packages/airflow/example_dags/example_local_kubernetes_executor.py for tasks to queue
[2026-04-26T23:22:28.756+0000] {logging_mixin.py:188} INFO - [2026-04-26T23:22:28.756+0000] {dagbag.py:545} INFO - Filling up the DagBag from /home/airflow/.local/lib/python3.12/site-packages/airflow/example_dags/example_local_kubernetes_executor.py
[2026-04-26T23:22:28.760+0000] {processor.py:840} INFO - DAG(s) 'example_local_kubernetes_executor' retrieved from /home/airflow/.local/lib/python3.12/site-packages/airflow/example_dags/example_local_kubernetes_executor.py
[2026-04-26T23:22:28.782+0000] {logging_mixin.py:188} INFO - [2026-04-26T23:22:28.782+0000] {dag.py:3096} INFO - Sync 1 DAGs
[2026-04-26T23:22:28.789+0000] {logging_mixin.py:188} INFO - [2026-04-26T23:22:28.789+0000] {dag.py:3954} INFO - Setting next_dagrun for example_local_kubernetes_executor to None, run_after=None
[2026-04-26T23:22:28.800+0000] {processor.py:183} INFO - Processing /home/airflow/.local/lib/python3.12/site-packages/airflow/example_dags/example_local_kubernetes_executor.py took 0.050 seconds
[2026-04-26T23:22:58.980+0000] {processor.py:161} INFO - Started process (PID=1757) to work on /home/airflow/.local/lib/python3.12/site-packages/airflow/example_dags/example_local_kubernetes_executor.py
[2026-04-26T23:22:58.980+0000] {processor.py:830} INFO - Processing file /home/airflow/.local/lib/python3.12/site-packages/airflow/example_dags/example_local_kubernetes_executor.py for tasks to queue
[2026-04-26T23:22:58.981+0000] {logging_mixin.py:188} INFO - [2026-04-26T23:22:58.981+0000] {dagbag.py:545} INFO - Filling up the DagBag from /home/airflow/.local/lib/python3.12/site-packages/airflow/example_dags/example_local_kubernetes_executor.py
[2026-04-26T23:22:58.985+0000] {processor.py:840} INFO - DAG(s) 'example_local_kubernetes_executor' retrieved from /home/airflow/.local/lib/python3.12/site-packages/airflow/example_dags/example_local_kubernetes_executor.py
[2026-04-26T23:22:59.007+0000] {logging_mixin.py:188} INFO - [2026-04-26T23:22:59.007+0000] {dag.py:3096} INFO - Sync 1 DAGs
[2026-04-26T23:22:59.014+0000] {logging_mixin.py:188} INFO - [2026-04-26T23:22:59.014+0000] {dag.py:3954} INFO - Setting next_dagrun for example_local_kubernetes_executor to None, run_after=None
[2026-04-26T23:22:59.024+0000] {processor.py:183} INFO - Processing /home/airflow/.local/lib/python3.12/site-packages/airflow/example_dags/example_local_kubernetes_executor.py took 0.048 seconds
[2026-04-26T23:23:29.731+0000] {processor.py:161} INFO - Started process (PID=1816) to work on /home/airflow/.local/lib/python3.12/site-packages/airflow/example_dags/example_local_kubernetes_executor.py
[2026-04-26T23:23:29.732+0000] {processor.py:830} INFO - Processing file /home/airflow/.local/lib/python3.12/site-packages/airflow/example_dags/example_local_kubernetes_executor.py for tasks to queue
[2026-04-26T23:23:29.733+0000] {logging_mixin.py:188} INFO - [2026-04-26T23:23:29.733+0000] {dagbag.py:545} INFO - Filling up the DagBag from /home/airflow/.local/lib/python3.12/site-packages/airflow/example_dags/example_local_kubernetes_executor.py
[2026-04-26T23:23:29.739+0000] {processor.py:840} INFO - DAG(s) 'example_local_kubernetes_executor' retrieved from /home/airflow/.local/lib/python3.12/site-packages/airflow/example_dags/example_local_kubernetes_executor.py
[2026-04-26T23:23:29.764+0000] {logging_mixin.py:188} INFO - [2026-04-26T23:23:29.764+0000] {dag.py:3096} INFO - Sync 1 DAGs
[2026-04-26T23:23:29.773+0000] {logging_mixin.py:188} INFO - [2026-04-26T23:23:29.773+0000] {dag.py:3954} INFO - Setting next_dagrun for example_local_kubernetes_executor to None, run_after=None
[2026-04-26T23:23:29.785+0000] {processor.py:183} INFO - Processing /home/airflow/.local/lib/python3.12/site-packages/airflow/example_dags/example_local_kubernetes_executor.py took 0.059 seconds
[2026-04-26T23:24:00.528+0000] {processor.py:161} INFO - Started process (PID=1875) to work on /home/airflow/.local/lib/python3.12/site-packages/airflow/example_dags/example_local_kubernetes_executor.py
[2026-04-26T23:24:00.529+0000] {processor.py:830} INFO - Processing file /home/airflow/.local/lib/python3.12/site-packages/airflow/example_dags/example_local_kubernetes_executor.py for tasks to queue
[2026-04-26T23:24:00.530+0000] {logging_mixin.py:188} INFO - [2026-04-26T23:24:00.529+0000] {dagbag.py:545} INFO - Filling up the DagBag from /home/airflow/.local/lib/python3.12/site-packages/airflow/example_dags/example_local_kubernetes_executor.py
[2026-04-26T23:24:00.534+0000] {processor.py:840} INFO - DAG(s) 'example_local_kubernetes_executor' retrieved from /home/airflow/.local/lib/python3.12/site-packages/airflow/example_dags/example_local_kubernetes_executor.py
[2026-04-26T23:24:00.551+0000] {logging_mixin.py:188} INFO - [2026-04-26T23:24:00.551+0000] {dag.py:3096} INFO - Sync 1 DAGs
[2026-04-26T23:24:00.644+0000] {logging_mixin.py:188} INFO - [2026-04-26T23:24:00.643+0000] {dag.py:3954} INFO - Setting next_dagrun for example_local_kubernetes_executor to None, run_after=None
[2026-04-26T23:24:00.659+0000] {processor.py:183} INFO - Processing /home/airflow/.local/lib/python3.12/site-packages/airflow/example_dags/example_local_kubernetes_executor.py took 0.135 seconds
[2026-04-26T23:24:30.756+0000] {processor.py:161} INFO - Started process (PID=1935) to work on /home/airflow/.local/lib/python3.12/site-packages/airflow/example_dags/example_local_kubernetes_executor.py
[2026-04-26T23:24:30.757+0000] {processor.py:830} INFO - Processing file /home/airflow/.local/lib/python3.12/site-packages/airflow/example_dags/example_local_kubernetes_executor.py for tasks to queue
[2026-04-26T23:24:30.758+0000] {logging_mixin.py:188} INFO - [2026-04-26T23:24:30.758+0000] {dagbag.py:545} INFO - Filling up the DagBag from /home/airflow/.local/lib/python3.12/site-packages/airflow/example_dags/example_local_kubernetes_executor.py
[2026-04-26T23:24:30.763+0000] {processor.py:840} INFO - DAG(s) 'example_local_kubernetes_executor' retrieved from /home/airflow/.local/lib/python3.12/site-packages/airflow/example_dags/example_local_kubernetes_executor.py
[2026-04-26T23:24:30.783+0000] {logging_mixin.py:188} INFO - [2026-04-26T23:24:30.783+0000] {dag.py:3096} INFO - Sync 1 DAGs
[2026-04-26T23:24:30.791+0000] {logging_mixin.py:188} INFO - [2026-04-26T23:24:30.791+0000] {dag.py:3954} INFO - Setting next_dagrun for example_local_kubernetes_executor to None, run_after=None
[2026-04-26T23:24:30.803+0000] {processor.py:183} INFO - Processing /home/airflow/.local/lib/python3.12/site-packages/airflow/example_dags/example_local_kubernetes_executor.py took 0.050 seconds
[2026-04-26T23:25:01.526+0000] {processor.py:161} INFO - Started process (PID=1995) to work on /home/airflow/.local/lib/python3.12/site-packages/airflow/example_dags/example_local_kubernetes_executor.py
[2026-04-26T23:25:01.527+0000] {processor.py:830} INFO - Processing file /home/airflow/.local/lib/python3.12/site-packages/airflow/example_dags/example_local_kubernetes_executor.py for tasks to queue
[2026-04-26T23:25:01.528+0000] {logging_mixin.py:188} INFO - [2026-04-26T23:25:01.528+0000] {dagbag.py:545} INFO - Filling up the DagBag from /home/airflow/.local/lib/python3.12/site-packages/airflow/example_dags/example_local_kubernetes_executor.py
[2026-04-26T23:25:01.532+0000] {processor.py:840} INFO - DAG(s) 'example_local_kubernetes_executor' retrieved from /home/airflow/.local/lib/python3.12/site-packages/airflow/example_dags/example_local_kubernetes_executor.py
[2026-04-26T23:25:01.550+0000] {logging_mixin.py:188} INFO - [2026-04-26T23:25:01.550+0000] {dag.py:3096} INFO - Sync 1 DAGs
[2026-04-26T23:25:01.556+0000] {logging_mixin.py:188} INFO - [2026-04-26T23:25:01.556+0000] {dag.py:3954} INFO - Setting next_dagrun for example_local_kubernetes_executor to None, run_after=None
[2026-04-26T23:25:01.565+0000] {processor.py:183} INFO - Processing /home/airflow/.local/lib/python3.12/site-packages/airflow/example_dags/example_local_kubernetes_executor.py took 0.042 seconds
[2026-04-26T23:25:32.265+0000] {processor.py:161} INFO - Started process (PID=2054) to work on /home/airflow/.local/lib/python3.12/site-packages/airflow/example_dags/example_local_kubernetes_executor.py
[2026-04-26T23:25:32.265+0000] {processor.py:830} INFO - Processing file /home/airflow/.local/lib/python3.12/site-packages/airflow/example_dags/example_local_kubernetes_executor.py for tasks to queue
[2026-04-26T23:25:32.267+0000] {logging_mixin.py:188} INFO - [2026-04-26T23:25:32.266+0000] {dagbag.py:545} INFO - Filling up the DagBag from /home/airflow/.local/lib/python3.12/site-packages/airflow/example_dags/example_local_kubernetes_executor.py
[2026-04-26T23:25:32.271+0000] {processor.py:840} INFO - DAG(s) 'example_local_kubernetes_executor' retrieved from /home/airflow/.local/lib/python3.12/site-packages/airflow/example_dags/example_local_kubernetes_executor.py
[2026-04-26T23:25:32.291+0000] {logging_mixin.py:188} INFO - [2026-04-26T23:25:32.290+0000] {dag.py:3096} INFO - Sync 1 DAGs
[2026-04-26T23:25:32.297+0000] {logging_mixin.py:188} INFO - [2026-04-26T23:25:32.297+0000] {dag.py:3954} INFO - Setting next_dagrun for example_local_kubernetes_executor to None, run_after=None
[2026-04-26T23:25:32.307+0000] {processor.py:183} INFO - Processing /home/airflow/.local/lib/python3.12/site-packages/airflow/example_dags/example_local_kubernetes_executor.py took 0.046 seconds
[2026-04-26T23:26:03.060+0000] {processor.py:161} INFO - Started process (PID=2113) to work on /home/airflow/.local/lib/python3.12/site-packages/airflow/example_dags/example_local_kubernetes_executor.py
[2026-04-26T23:26:03.061+0000] {processor.py:830} INFO - Processing file /home/airflow/.local/lib/python3.12/site-packages/airflow/example_dags/example_local_kubernetes_executor.py for tasks to queue
[2026-04-26T23:26:03.062+0000] {logging_mixin.py:188} INFO - [2026-04-26T23:26:03.062+0000] {dagbag.py:545} INFO - Filling up the DagBag from /home/airflow/.local/lib/python3.12/site-packages/airflow/example_dags/example_local_kubernetes_executor.py
[2026-04-26T23:26:03.068+0000] {processor.py:840} INFO - DAG(s) 'example_local_kubernetes_executor' retrieved from /home/airflow/.local/lib/python3.12/site-packages/airflow/example_dags/example_local_kubernetes_executor.py
[2026-04-26T23:26:03.093+0000] {logging_mixin.py:188} INFO - [2026-04-26T23:26:03.093+0000] {dag.py:3096} INFO - Sync 1 DAGs
[2026-04-26T23:26:03.103+0000] {logging_mixin.py:188} INFO - [2026-04-26T23:26:03.102+0000] {dag.py:3954} INFO - Setting next_dagrun for example_local_kubernetes_executor to None, run_after=None
[2026-04-26T23:26:03.115+0000] {processor.py:183} INFO - Processing /home/airflow/.local/lib/python3.12/site-packages/airflow/example_dags/example_local_kubernetes_executor.py took 0.060 seconds
[2026-04-26T23:26:33.823+0000] {processor.py:161} INFO - Started process (PID=2172) to work on /home/airflow/.local/lib/python3.12/site-packages/airflow/example_dags/example_local_kubernetes_executor.py
[2026-04-26T23:26:33.823+0000] {processor.py:830} INFO - Processing file /home/airflow/.local/lib/python3.12/site-packages/airflow/example_dags/example_local_kubernetes_executor.py for tasks to queue
[2026-04-26T23:26:33.824+0000] {logging_mixin.py:188} INFO - [2026-04-26T23:26:33.824+0000] {dagbag.py:545} INFO - Filling up the DagBag from /home/airflow/.local/lib/python3.12/site-packages/airflow/example_dags/example_local_kubernetes_executor.py
[2026-04-26T23:26:33.829+0000] {processor.py:840} INFO - DAG(s) 'example_local_kubernetes_executor' retrieved from /home/airflow/.local/lib/python3.12/site-packages/airflow/example_dags/example_local_kubernetes_executor.py
[2026-04-26T23:26:33.851+0000] {logging_mixin.py:188} INFO - [2026-04-26T23:26:33.851+0000] {dag.py:3096} INFO - Sync 1 DAGs
[2026-04-26T23:26:33.858+0000] {logging_mixin.py:188} INFO - [2026-04-26T23:26:33.858+0000] {dag.py:3954} INFO - Setting next_dagrun for example_local_kubernetes_executor to None, run_after=None
[2026-04-26T23:26:33.869+0000] {processor.py:183} INFO - Processing /home/airflow/.local/lib/python3.12/site-packages/airflow/example_dags/example_local_kubernetes_executor.py took 0.050 seconds
[2026-04-26T23:27:04.619+0000] {processor.py:161} INFO - Started process (PID=2231) to work on /home/airflow/.local/lib/python3.12/site-packages/airflow/example_dags/example_local_kubernetes_executor.py
[2026-04-26T23:27:04.619+0000] {processor.py:830} INFO - Processing file /home/airflow/.local/lib/python3.12/site-packages/airflow/example_dags/example_local_kubernetes_executor.py for tasks to queue
[2026-04-26T23:27:04.620+0000] {logging_mixin.py:188} INFO - [2026-04-26T23:27:04.620+0000] {dagbag.py:545} INFO - Filling up the DagBag from /home/airflow/.local/lib/python3.12/site-packages/airflow/example_dags/example_local_kubernetes_executor.py
[2026-04-26T23:27:04.625+0000] {processor.py:840} INFO - DAG(s) 'example_local_kubernetes_executor' retrieved from /home/airflow/.local/lib/python3.12/site-packages/airflow/example_dags/example_local_kubernetes_executor.py
[2026-04-26T23:27:04.645+0000] {logging_mixin.py:188} INFO - [2026-04-26T23:27:04.645+0000] {dag.py:3096} INFO - Sync 1 DAGs
[2026-04-26T23:27:04.653+0000] {logging_mixin.py:188} INFO - [2026-04-26T23:27:04.653+0000] {dag.py:3954} INFO - Setting next_dagrun for example_local_kubernetes_executor to None, run_after=None
[2026-04-26T23:27:04.662+0000] {processor.py:183} INFO - Processing /home/airflow/.local/lib/python3.12/site-packages/airflow/example_dags/example_local_kubernetes_executor.py took 0.047 seconds
[2026-04-26T23:27:35.342+0000] {processor.py:161} INFO - Started process (PID=2290) to work on /home/airflow/.local/lib/python3.12/site-packages/airflow/example_dags/example_local_kubernetes_executor.py
[2026-04-26T23:27:35.342+0000] {processor.py:830} INFO - Processing file /home/airflow/.local/lib/python3.12/site-packages/airflow/example_dags/example_local_kubernetes_executor.py for tasks to queue
[2026-04-26T23:27:35.343+0000] {logging_mixin.py:188} INFO - [2026-04-26T23:27:35.343+0000] {dagbag.py:545} INFO - Filling up the DagBag from /home/airflow/.local/lib/python3.12/site-packages/airflow/example_dags/example_local_kubernetes_executor.py
[2026-04-26T23:27:35.347+0000] {processor.py:840} INFO - DAG(s) 'example_local_kubernetes_executor' retrieved from /home/airflow/.local/lib/python3.12/site-packages/airflow/example_dags/example_local_kubernetes_executor.py
[2026-04-26T23:27:35.367+0000] {logging_mixin.py:188} INFO - [2026-04-26T23:27:35.367+0000] {dag.py:3096} INFO - Sync 1 DAGs
[2026-04-26T23:27:35.374+0000] {logging_mixin.py:188} INFO - [2026-04-26T23:27:35.374+0000] {dag.py:3954} INFO - Setting next_dagrun for example_local_kubernetes_executor to None, run_after=None
[2026-04-26T23:27:35.385+0000] {processor.py:183} INFO - Processing /home/airflow/.local/lib/python3.12/site-packages/airflow/example_dags/example_local_kubernetes_executor.py took 0.047 seconds
[2026-04-26T23:28:06.069+0000] {processor.py:161} INFO - Started process (PID=2349) to work on /home/airflow/.local/lib/python3.12/site-packages/airflow/example_dags/example_local_kubernetes_executor.py
[2026-04-26T23:28:06.069+0000] {processor.py:830} INFO - Processing file /home/airflow/.local/lib/python3.12/site-packages/airflow/example_dags/example_local_kubernetes_executor.py for tasks to queue
[2026-04-26T23:28:06.070+0000] {logging_mixin.py:188} INFO - [2026-04-26T23:28:06.070+0000] {dagbag.py:545} INFO - Filling up the DagBag from /home/airflow/.local/lib/python3.12/site-packages/airflow/example_dags/example_local_kubernetes_executor.py
[2026-04-26T23:28:06.075+0000] {processor.py:840} INFO - DAG(s) 'example_local_kubernetes_executor' retrieved from /home/airflow/.local/lib/python3.12/site-packages/airflow/example_dags/example_local_kubernetes_executor.py
[2026-04-26T23:28:06.095+0000] {logging_mixin.py:188} INFO - [2026-04-26T23:28:06.095+0000] {dag.py:3096} INFO - Sync 1 DAGs
[2026-04-26T23:28:06.102+0000] {logging_mixin.py:188} INFO - [2026-04-26T23:28:06.102+0000] {dag.py:3954} INFO - Setting next_dagrun for example_local_kubernetes_executor to None, run_after=None
[2026-04-26T23:28:06.111+0000] {processor.py:183} INFO - Processing /home/airflow/.local/lib/python3.12/site-packages/airflow/example_dags/example_local_kubernetes_executor.py took 0.046 seconds
[2026-04-26T23:28:36.776+0000] {processor.py:161} INFO - Started process (PID=2408) to work on /home/airflow/.local/lib/python3.12/site-packages/airflow/example_dags/example_local_kubernetes_executor.py
[2026-04-26T23:28:36.776+0000] {processor.py:830} INFO - Processing file /home/airflow/.local/lib/python3.12/site-packages/airflow/example_dags/example_local_kubernetes_executor.py for tasks to queue
[2026-04-26T23:28:36.777+0000] {logging_mixin.py:188} INFO - [2026-04-26T23:28:36.777+0000] {dagbag.py:545} INFO - Filling up the DagBag from /home/airflow/.local/lib/python3.12/site-packages/airflow/example_dags/example_local_kubernetes_executor.py
[2026-04-26T23:28:36.782+0000] {processor.py:840} INFO - DAG(s) 'example_local_kubernetes_executor' retrieved from /home/airflow/.local/lib/python3.12/site-packages/airflow/example_dags/example_local_kubernetes_executor.py
[2026-04-26T23:28:36.803+0000] {logging_mixin.py:188} INFO - [2026-04-26T23:28:36.803+0000] {dag.py:3096} INFO - Sync 1 DAGs
[2026-04-26T23:28:36.811+0000] {logging_mixin.py:188} INFO - [2026-04-26T23:28:36.811+0000] {dag.py:3954} INFO - Setting next_dagrun for example_local_kubernetes_executor to None, run_after=None
[2026-04-26T23:28:36.821+0000] {processor.py:183} INFO - Processing /home/airflow/.local/lib/python3.12/site-packages/airflow/example_dags/example_local_kubernetes_executor.py took 0.050 seconds
[2026-04-26T23:29:07.089+0000] {processor.py:161} INFO - Started process (PID=2467) to work on /home/airflow/.local/lib/python3.12/site-packages/airflow/example_dags/example_local_kubernetes_executor.py
[2026-04-26T23:29:07.090+0000] {processor.py:830} INFO - Processing file /home/airflow/.local/lib/python3.12/site-packages/airflow/example_dags/example_local_kubernetes_executor.py for tasks to queue
[2026-04-26T23:29:07.090+0000] {logging_mixin.py:188} INFO - [2026-04-26T23:29:07.090+0000] {dagbag.py:545} INFO - Filling up the DagBag from /home/airflow/.local/lib/python3.12/site-packages/airflow/example_dags/example_local_kubernetes_executor.py
[2026-04-26T23:29:07.095+0000] {processor.py:840} INFO - DAG(s) 'example_local_kubernetes_executor' retrieved from /home/airflow/.local/lib/python3.12/site-packages/airflow/example_dags/example_local_kubernetes_executor.py
[2026-04-26T23:29:07.114+0000] {logging_mixin.py:188} INFO - [2026-04-26T23:29:07.114+0000] {dag.py:3096} INFO - Sync 1 DAGs
[2026-04-26T23:29:07.122+0000] {logging_mixin.py:188} INFO - [2026-04-26T23:29:07.122+0000] {dag.py:3954} INFO - Setting next_dagrun for example_local_kubernetes_executor to None, run_after=None
[2026-04-26T23:29:07.131+0000] {processor.py:183} INFO - Processing /home/airflow/.local/lib/python3.12/site-packages/airflow/example_dags/example_local_kubernetes_executor.py took 0.046 seconds
[2026-04-26T23:29:37.929+0000] {processor.py:161} INFO - Started process (PID=2526) to work on /home/airflow/.local/lib/python3.12/site-packages/airflow/example_dags/example_local_kubernetes_executor.py
[2026-04-26T23:29:37.930+0000] {processor.py:830} INFO - Processing file /home/airflow/.local/lib/python3.12/site-packages/airflow/example_dags/example_local_kubernetes_executor.py for tasks to queue
[2026-04-26T23:29:37.931+0000] {logging_mixin.py:188} INFO - [2026-04-26T23:29:37.931+0000] {dagbag.py:545} INFO - Filling up the DagBag from /home/airflow/.local/lib/python3.12/site-packages/airflow/example_dags/example_local_kubernetes_executor.py
[2026-04-26T23:29:37.937+0000] {processor.py:840} INFO - DAG(s) 'example_local_kubernetes_executor' retrieved from /home/airflow/.local/lib/python3.12/site-packages/airflow/example_dags/example_local_kubernetes_executor.py
[2026-04-26T23:29:37.960+0000] {logging_mixin.py:188} INFO - [2026-04-26T23:29:37.960+0000] {dag.py:3096} INFO - Sync 1 DAGs
[2026-04-26T23:29:37.968+0000] {logging_mixin.py:188} INFO - [2026-04-26T23:29:37.968+0000] {dag.py:3954} INFO - Setting next_dagrun for example_local_kubernetes_executor to None, run_after=None
[2026-04-26T23:29:37.978+0000] {processor.py:183} INFO - Processing /home/airflow/.local/lib/python3.12/site-packages/airflow/example_dags/example_local_kubernetes_executor.py took 0.053 seconds
[2026-04-26T23:30:08.646+0000] {processor.py:161} INFO - Started process (PID=2585) to work on /home/airflow/.local/lib/python3.12/site-packages/airflow/example_dags/example_local_kubernetes_executor.py
[2026-04-26T23:30:08.647+0000] {processor.py:830} INFO - Processing file /home/airflow/.local/lib/python3.12/site-packages/airflow/example_dags/example_local_kubernetes_executor.py for tasks to queue
[2026-04-26T23:30:08.648+0000] {logging_mixin.py:188} INFO - [2026-04-26T23:30:08.648+0000] {dagbag.py:545} INFO - Filling up the DagBag from /home/airflow/.local/lib/python3.12/site-packages/airflow/example_dags/example_local_kubernetes_executor.py
[2026-04-26T23:30:08.652+0000] {processor.py:840} INFO - DAG(s) 'example_local_kubernetes_executor' retrieved from /home/airflow/.local/lib/python3.12/site-packages/airflow/example_dags/example_local_kubernetes_executor.py
[2026-04-26T23:30:08.675+0000] {logging_mixin.py:188} INFO - [2026-04-26T23:30:08.675+0000] {dag.py:3096} INFO - Sync 1 DAGs
[2026-04-26T23:30:08.683+0000] {logging_mixin.py:188} INFO - [2026-04-26T23:30:08.683+0000] {dag.py:3954} INFO - Setting next_dagrun for example_local_kubernetes_executor to None, run_after=None
[2026-04-26T23:30:08.692+0000] {processor.py:183} INFO - Processing /home/airflow/.local/lib/python3.12/site-packages/airflow/example_dags/example_local_kubernetes_executor.py took 0.051 seconds
[2026-04-26T23:30:39.379+0000] {processor.py:161} INFO - Started process (PID=2644) to work on /home/airflow/.local/lib/python3.12/site-packages/airflow/example_dags/example_local_kubernetes_executor.py
[2026-04-26T23:30:39.379+0000] {processor.py:830} INFO - Processing file /home/airflow/.local/lib/python3.12/site-packages/airflow/example_dags/example_local_kubernetes_executor.py for tasks to queue
[2026-04-26T23:30:39.381+0000] {logging_mixin.py:188} INFO - [2026-04-26T23:30:39.380+0000] {dagbag.py:545} INFO - Filling up the DagBag from /home/airflow/.local/lib/python3.12/site-packages/airflow/example_dags/example_local_kubernetes_executor.py
[2026-04-26T23:30:39.385+0000] {processor.py:840} INFO - DAG(s) 'example_local_kubernetes_executor' retrieved from /home/airflow/.local/lib/python3.12/site-packages/airflow/example_dags/example_local_kubernetes_executor.py
[2026-04-26T23:30:39.407+0000] {logging_mixin.py:188} INFO - [2026-04-26T23:30:39.407+0000] {dag.py:3096} INFO - Sync 1 DAGs
[2026-04-26T23:30:39.415+0000] {logging_mixin.py:188} INFO - [2026-04-26T23:30:39.415+0000] {dag.py:3954} INFO - Setting next_dagrun for example_local_kubernetes_executor to None, run_after=None
[2026-04-26T23:30:39.424+0000] {processor.py:183} INFO - Processing /home/airflow/.local/lib/python3.12/site-packages/airflow/example_dags/example_local_kubernetes_executor.py took 0.050 seconds
[2026-04-26T23:31:10.163+0000] {processor.py:161} INFO - Started process (PID=2703) to work on /home/airflow/.local/lib/python3.12/site-packages/airflow/example_dags/example_local_kubernetes_executor.py
[2026-04-26T23:31:10.164+0000] {processor.py:830} INFO - Processing file /home/airflow/.local/lib/python3.12/site-packages/airflow/example_dags/example_local_kubernetes_executor.py for tasks to queue
[2026-04-26T23:31:10.165+0000] {logging_mixin.py:188} INFO - [2026-04-26T23:31:10.165+0000] {dagbag.py:545} INFO - Filling up the DagBag from /home/airflow/.local/lib/python3.12/site-packages/airflow/example_dags/example_local_kubernetes_executor.py
[2026-04-26T23:31:10.170+0000] {processor.py:840} INFO - DAG(s) 'example_local_kubernetes_executor' retrieved from /home/airflow/.local/lib/python3.12/site-packages/airflow/example_dags/example_local_kubernetes_executor.py
[2026-04-26T23:31:10.192+0000] {logging_mixin.py:188} INFO - [2026-04-26T23:31:10.192+0000] {dag.py:3096} INFO - Sync 1 DAGs
[2026-04-26T23:31:10.200+0000] {logging_mixin.py:188} INFO - [2026-04-26T23:31:10.200+0000] {dag.py:3954} INFO - Setting next_dagrun for example_local_kubernetes_executor to None, run_after=None
[2026-04-26T23:31:10.210+0000] {processor.py:183} INFO - Processing /home/airflow/.local/lib/python3.12/site-packages/airflow/example_dags/example_local_kubernetes_executor.py took 0.050 seconds
[2026-04-26T23:31:40.905+0000] {processor.py:161} INFO - Started process (PID=2762) to work on /home/airflow/.local/lib/python3.12/site-packages/airflow/example_dags/example_local_kubernetes_executor.py
[2026-04-26T23:31:40.905+0000] {processor.py:830} INFO - Processing file /home/airflow/.local/lib/python3.12/site-packages/airflow/example_dags/example_local_kubernetes_executor.py for tasks to queue
[2026-04-26T23:31:40.907+0000] {logging_mixin.py:188} INFO - [2026-04-26T23:31:40.906+0000] {dagbag.py:545} INFO - Filling up the DagBag from /home/airflow/.local/lib/python3.12/site-packages/airflow/example_dags/example_local_kubernetes_executor.py
[2026-04-26T23:31:40.911+0000] {processor.py:840} INFO - DAG(s) 'example_local_kubernetes_executor' retrieved from /home/airflow/.local/lib/python3.12/site-packages/airflow/example_dags/example_local_kubernetes_executor.py
[2026-04-26T23:31:40.933+0000] {logging_mixin.py:188} INFO - [2026-04-26T23:31:40.933+0000] {dag.py:3096} INFO - Sync 1 DAGs
[2026-04-26T23:31:40.941+0000] {logging_mixin.py:188} INFO - [2026-04-26T23:31:40.941+0000] {dag.py:3954} INFO - Setting next_dagrun for example_local_kubernetes_executor to None, run_after=None
[2026-04-26T23:31:40.950+0000] {processor.py:183} INFO - Processing /home/airflow/.local/lib/python3.12/site-packages/airflow/example_dags/example_local_kubernetes_executor.py took 0.049 seconds
[2026-04-26T23:32:11.675+0000] {processor.py:161} INFO - Started process (PID=2821) to work on /home/airflow/.local/lib/python3.12/site-packages/airflow/example_dags/example_local_kubernetes_executor.py
[2026-04-26T23:32:11.676+0000] {processor.py:830} INFO - Processing file /home/airflow/.local/lib/python3.12/site-packages/airflow/example_dags/example_local_kubernetes_executor.py for tasks to queue
[2026-04-26T23:32:11.677+0000] {logging_mixin.py:188} INFO - [2026-04-26T23:32:11.677+0000] {dagbag.py:545} INFO - Filling up the DagBag from /home/airflow/.local/lib/python3.12/site-packages/airflow/example_dags/example_local_kubernetes_executor.py
[2026-04-26T23:32:11.682+0000] {processor.py:840} INFO - DAG(s) 'example_local_kubernetes_executor' retrieved from /home/airflow/.local/lib/python3.12/site-packages/airflow/example_dags/example_local_kubernetes_executor.py
[2026-04-26T23:32:11.708+0000] {logging_mixin.py:188} INFO - [2026-04-26T23:32:11.707+0000] {dag.py:3096} INFO - Sync 1 DAGs
[2026-04-26T23:32:11.716+0000] {logging_mixin.py:188} INFO - [2026-04-26T23:32:11.716+0000] {dag.py:3954} INFO - Setting next_dagrun for example_local_kubernetes_executor to None, run_after=None
[2026-04-26T23:32:11.729+0000] {processor.py:183} INFO - Processing /home/airflow/.local/lib/python3.12/site-packages/airflow/example_dags/example_local_kubernetes_executor.py took 0.059 seconds
[2026-04-26T23:32:41.869+0000] {processor.py:161} INFO - Started process (PID=2880) to work on /home/airflow/.local/lib/python3.12/site-packages/airflow/example_dags/example_local_kubernetes_executor.py
[2026-04-26T23:32:41.870+0000] {processor.py:830} INFO - Processing file /home/airflow/.local/lib/python3.12/site-packages/airflow/example_dags/example_local_kubernetes_executor.py for tasks to queue
[2026-04-26T23:32:41.871+0000] {logging_mixin.py:188} INFO - [2026-04-26T23:32:41.871+0000] {dagbag.py:545} INFO - Filling up the DagBag from /home/airflow/.local/lib/python3.12/site-packages/airflow/example_dags/example_local_kubernetes_executor.py
[2026-04-26T23:32:41.877+0000] {processor.py:840} INFO - DAG(s) 'example_local_kubernetes_executor' retrieved from /home/airflow/.local/lib/python3.12/site-packages/airflow/example_dags/example_local_kubernetes_executor.py
[2026-04-26T23:32:41.902+0000] {logging_mixin.py:188} INFO - [2026-04-26T23:32:41.902+0000] {dag.py:3096} INFO - Sync 1 DAGs
[2026-04-26T23:32:41.911+0000] {logging_mixin.py:188} INFO - [2026-04-26T23:32:41.911+0000] {dag.py:3954} INFO - Setting next_dagrun for example_local_kubernetes_executor to None, run_after=None
[2026-04-26T23:32:41.923+0000] {processor.py:183} INFO - Processing /home/airflow/.local/lib/python3.12/site-packages/airflow/example_dags/example_local_kubernetes_executor.py took 0.059 seconds
[2026-04-26T23:33:12.112+0000] {processor.py:161} INFO - Started process (PID=2939) to work on /home/airflow/.local/lib/python3.12/site-packages/airflow/example_dags/example_local_kubernetes_executor.py
[2026-04-26T23:33:12.113+0000] {processor.py:830} INFO - Processing file /home/airflow/.local/lib/python3.12/site-packages/airflow/example_dags/example_local_kubernetes_executor.py for tasks to queue
[2026-04-26T23:33:12.114+0000] {logging_mixin.py:188} INFO - [2026-04-26T23:33:12.114+0000] {dagbag.py:545} INFO - Filling up the DagBag from /home/airflow/.local/lib/python3.12/site-packages/airflow/example_dags/example_local_kubernetes_executor.py
[2026-04-26T23:33:12.118+0000] {processor.py:840} INFO - DAG(s) 'example_local_kubernetes_executor' retrieved from /home/airflow/.local/lib/python3.12/site-packages/airflow/example_dags/example_local_kubernetes_executor.py
[2026-04-26T23:33:12.136+0000] {logging_mixin.py:188} INFO - [2026-04-26T23:33:12.136+0000] {dag.py:3096} INFO - Sync 1 DAGs
[2026-04-26T23:33:12.142+0000] {logging_mixin.py:188} INFO - [2026-04-26T23:33:12.142+0000] {dag.py:3954} INFO - Setting next_dagrun for example_local_kubernetes_executor to None, run_after=None
[2026-04-26T23:33:12.150+0000] {processor.py:183} INFO - Processing /home/airflow/.local/lib/python3.12/site-packages/airflow/example_dags/example_local_kubernetes_executor.py took 0.041 seconds
[2026-04-26T23:33:43.060+0000] {processor.py:161} INFO - Started process (PID=3002) to work on /home/airflow/.local/lib/python3.12/site-packages/airflow/example_dags/example_local_kubernetes_executor.py
[2026-04-26T23:33:43.061+0000] {processor.py:830} INFO - Processing file /home/airflow/.local/lib/python3.12/site-packages/airflow/example_dags/example_local_kubernetes_executor.py for tasks to queue
[2026-04-26T23:33:43.062+0000] {logging_mixin.py:188} INFO - [2026-04-26T23:33:43.062+0000] {dagbag.py:545} INFO - Filling up the DagBag from /home/airflow/.local/lib/python3.12/site-packages/airflow/example_dags/example_local_kubernetes_executor.py
[2026-04-26T23:33:43.068+0000] {processor.py:840} INFO - DAG(s) 'example_local_kubernetes_executor' retrieved from /home/airflow/.local/lib/python3.12/site-packages/airflow/example_dags/example_local_kubernetes_executor.py
[2026-04-26T23:33:43.094+0000] {logging_mixin.py:188} INFO - [2026-04-26T23:33:43.094+0000] {dag.py:3096} INFO - Sync 1 DAGs
[2026-04-26T23:33:43.105+0000] {logging_mixin.py:188} INFO - [2026-04-26T23:33:43.105+0000] {dag.py:3954} INFO - Setting next_dagrun for example_local_kubernetes_executor to None, run_after=None
[2026-04-26T23:33:43.118+0000] {processor.py:183} INFO - Processing /home/airflow/.local/lib/python3.12/site-packages/airflow/example_dags/example_local_kubernetes_executor.py took 0.064 seconds
[2026-04-26T23:34:13.176+0000] {processor.py:161} INFO - Started process (PID=3061) to work on /home/airflow/.local/lib/python3.12/site-packages/airflow/example_dags/example_local_kubernetes_executor.py
[2026-04-26T23:34:13.176+0000] {processor.py:830} INFO - Processing file /home/airflow/.local/lib/python3.12/site-packages/airflow/example_dags/example_local_kubernetes_executor.py for tasks to queue
[2026-04-26T23:34:13.177+0000] {logging_mixin.py:188} INFO - [2026-04-26T23:34:13.177+0000] {dagbag.py:545} INFO - Filling up the DagBag from /home/airflow/.local/lib/python3.12/site-packages/airflow/example_dags/example_local_kubernetes_executor.py
[2026-04-26T23:34:13.182+0000] {processor.py:840} INFO - DAG(s) 'example_local_kubernetes_executor' retrieved from /home/airflow/.local/lib/python3.12/site-packages/airflow/example_dags/example_local_kubernetes_executor.py
[2026-04-26T23:34:13.201+0000] {logging_mixin.py:188} INFO - [2026-04-26T23:34:13.201+0000] {dag.py:3096} INFO - Sync 1 DAGs
[2026-04-26T23:34:13.208+0000] {logging_mixin.py:188} INFO - [2026-04-26T23:34:13.208+0000] {dag.py:3954} INFO - Setting next_dagrun for example_local_kubernetes_executor to None, run_after=None
[2026-04-26T23:34:13.220+0000] {processor.py:183} INFO - Processing /home/airflow/.local/lib/python3.12/site-packages/airflow/example_dags/example_local_kubernetes_executor.py took 0.047 seconds
[2026-04-26T23:34:43.267+0000] {processor.py:161} INFO - Started process (PID=3120) to work on /home/airflow/.local/lib/python3.12/site-packages/airflow/example_dags/example_local_kubernetes_executor.py
[2026-04-26T23:34:43.267+0000] {processor.py:830} INFO - Processing file /home/airflow/.local/lib/python3.12/site-packages/airflow/example_dags/example_local_kubernetes_executor.py for tasks to queue
[2026-04-26T23:34:43.268+0000] {logging_mixin.py:188} INFO - [2026-04-26T23:34:43.268+0000] {dagbag.py:545} INFO - Filling up the DagBag from /home/airflow/.local/lib/python3.12/site-packages/airflow/example_dags/example_local_kubernetes_executor.py
[2026-04-26T23:34:43.273+0000] {processor.py:840} INFO - DAG(s) 'example_local_kubernetes_executor' retrieved from /home/airflow/.local/lib/python3.12/site-packages/airflow/example_dags/example_local_kubernetes_executor.py
[2026-04-26T23:34:43.295+0000] {logging_mixin.py:188} INFO - [2026-04-26T23:34:43.294+0000] {dag.py:3096} INFO - Sync 1 DAGs
[2026-04-26T23:34:43.301+0000] {logging_mixin.py:188} INFO - [2026-04-26T23:34:43.301+0000] {dag.py:3954} INFO - Setting next_dagrun for example_local_kubernetes_executor to None, run_after=None
[2026-04-26T23:34:43.312+0000] {processor.py:183} INFO - Processing /home/airflow/.local/lib/python3.12/site-packages/airflow/example_dags/example_local_kubernetes_executor.py took 0.048 seconds
[2026-04-26T23:35:14.088+0000] {processor.py:161} INFO - Started process (PID=3179) to work on /home/airflow/.local/lib/python3.12/site-packages/airflow/example_dags/example_local_kubernetes_executor.py
[2026-04-26T23:35:14.088+0000] {processor.py:830} INFO - Processing file /home/airflow/.local/lib/python3.12/site-packages/airflow/example_dags/example_local_kubernetes_executor.py for tasks to queue
[2026-04-26T23:35:14.089+0000] {logging_mixin.py:188} INFO - [2026-04-26T23:35:14.089+0000] {dagbag.py:545} INFO - Filling up the DagBag from /home/airflow/.local/lib/python3.12/site-packages/airflow/example_dags/example_local_kubernetes_executor.py
[2026-04-26T23:35:14.094+0000] {processor.py:840} INFO - DAG(s) 'example_local_kubernetes_executor' retrieved from /home/airflow/.local/lib/python3.12/site-packages/airflow/example_dags/example_local_kubernetes_executor.py
[2026-04-26T23:35:14.114+0000] {logging_mixin.py:188} INFO - [2026-04-26T23:35:14.114+0000] {dag.py:3096} INFO - Sync 1 DAGs
[2026-04-26T23:35:14.121+0000] {logging_mixin.py:188} INFO - [2026-04-26T23:35:14.121+0000] {dag.py:3954} INFO - Setting next_dagrun for example_local_kubernetes_executor to None, run_after=None
[2026-04-26T23:35:14.130+0000] {processor.py:183} INFO - Processing /home/airflow/.local/lib/python3.12/site-packages/airflow/example_dags/example_local_kubernetes_executor.py took 0.047 seconds
[2026-04-26T23:35:44.720+0000] {processor.py:161} INFO - Started process (PID=3238) to work on /home/airflow/.local/lib/python3.12/site-packages/airflow/example_dags/example_local_kubernetes_executor.py
[2026-04-26T23:35:44.721+0000] {processor.py:830} INFO - Processing file /home/airflow/.local/lib/python3.12/site-packages/airflow/example_dags/example_local_kubernetes_executor.py for tasks to queue
[2026-04-26T23:35:44.722+0000] {logging_mixin.py:188} INFO - [2026-04-26T23:35:44.722+0000] {dagbag.py:545} INFO - Filling up the DagBag from /home/airflow/.local/lib/python3.12/site-packages/airflow/example_dags/example_local_kubernetes_executor.py
[2026-04-26T23:35:44.727+0000] {processor.py:840} INFO - DAG(s) 'example_local_kubernetes_executor' retrieved from /home/airflow/.local/lib/python3.12/site-packages/airflow/example_dags/example_local_kubernetes_executor.py
[2026-04-26T23:35:44.749+0000] {logging_mixin.py:188} INFO - [2026-04-26T23:35:44.749+0000] {dag.py:3096} INFO - Sync 1 DAGs
[2026-04-26T23:35:44.757+0000] {logging_mixin.py:188} INFO - [2026-04-26T23:35:44.756+0000] {dag.py:3954} INFO - Setting next_dagrun for example_local_kubernetes_executor to None, run_after=None
[2026-04-26T23:35:44.766+0000] {processor.py:183} INFO - Processing /home/airflow/.local/lib/python3.12/site-packages/airflow/example_dags/example_local_kubernetes_executor.py took 0.050 seconds
[2026-04-26T23:36:15.520+0000] {processor.py:161} INFO - Started process (PID=3297) to work on /home/airflow/.local/lib/python3.12/site-packages/airflow/example_dags/example_local_kubernetes_executor.py
[2026-04-26T23:36:15.521+0000] {processor.py:830} INFO - Processing file /home/airflow/.local/lib/python3.12/site-packages/airflow/example_dags/example_local_kubernetes_executor.py for tasks to queue
[2026-04-26T23:36:15.522+0000] {logging_mixin.py:188} INFO - [2026-04-26T23:36:15.522+0000] {dagbag.py:545} INFO - Filling up the DagBag from /home/airflow/.local/lib/python3.12/site-packages/airflow/example_dags/example_local_kubernetes_executor.py
[2026-04-26T23:36:15.527+0000] {processor.py:840} INFO - DAG(s) 'example_local_kubernetes_executor' retrieved from /home/airflow/.local/lib/python3.12/site-packages/airflow/example_dags/example_local_kubernetes_executor.py
[2026-04-26T23:36:15.547+0000] {logging_mixin.py:188} INFO - [2026-04-26T23:36:15.547+0000] {dag.py:3096} INFO - Sync 1 DAGs
[2026-04-26T23:36:15.555+0000] {logging_mixin.py:188} INFO - [2026-04-26T23:36:15.554+0000] {dag.py:3954} INFO - Setting next_dagrun for example_local_kubernetes_executor to None, run_after=None
[2026-04-26T23:36:15.565+0000] {processor.py:183} INFO - Processing /home/airflow/.local/lib/python3.12/site-packages/airflow/example_dags/example_local_kubernetes_executor.py took 0.049 seconds
[2026-04-26T23:36:46.168+0000] {processor.py:161} INFO - Started process (PID=3356) to work on /home/airflow/.local/lib/python3.12/site-packages/airflow/example_dags/example_local_kubernetes_executor.py
[2026-04-26T23:36:46.168+0000] {processor.py:830} INFO - Processing file /home/airflow/.local/lib/python3.12/site-packages/airflow/example_dags/example_local_kubernetes_executor.py for tasks to queue
[2026-04-26T23:36:46.170+0000] {logging_mixin.py:188} INFO - [2026-04-26T23:36:46.169+0000] {dagbag.py:545} INFO - Filling up the DagBag from /home/airflow/.local/lib/python3.12/site-packages/airflow/example_dags/example_local_kubernetes_executor.py
[2026-04-26T23:36:46.174+0000] {processor.py:840} INFO - DAG(s) 'example_local_kubernetes_executor' retrieved from /home/airflow/.local/lib/python3.12/site-packages/airflow/example_dags/example_local_kubernetes_executor.py
[2026-04-26T23:36:46.195+0000] {logging_mixin.py:188} INFO - [2026-04-26T23:36:46.195+0000] {dag.py:3096} INFO - Sync 1 DAGs
[2026-04-26T23:36:46.202+0000] {logging_mixin.py:188} INFO - [2026-04-26T23:36:46.202+0000] {dag.py:3954} INFO - Setting next_dagrun for example_local_kubernetes_executor to None, run_after=None
[2026-04-26T23:36:46.212+0000] {processor.py:183} INFO - Processing /home/airflow/.local/lib/python3.12/site-packages/airflow/example_dags/example_local_kubernetes_executor.py took 0.048 seconds
[2026-04-26T23:37:16.911+0000] {processor.py:161} INFO - Started process (PID=3415) to work on /home/airflow/.local/lib/python3.12/site-packages/airflow/example_dags/example_local_kubernetes_executor.py
[2026-04-26T23:37:16.912+0000] {processor.py:830} INFO - Processing file /home/airflow/.local/lib/python3.12/site-packages/airflow/example_dags/example_local_kubernetes_executor.py for tasks to queue
[2026-04-26T23:37:16.913+0000] {logging_mixin.py:188} INFO - [2026-04-26T23:37:16.912+0000] {dagbag.py:545} INFO - Filling up the DagBag from /home/airflow/.local/lib/python3.12/site-packages/airflow/example_dags/example_local_kubernetes_executor.py
[2026-04-26T23:37:16.917+0000] {processor.py:840} INFO - DAG(s) 'example_local_kubernetes_executor' retrieved from /home/airflow/.local/lib/python3.12/site-packages/airflow/example_dags/example_local_kubernetes_executor.py
[2026-04-26T23:37:16.940+0000] {logging_mixin.py:188} INFO - [2026-04-26T23:37:16.940+0000] {dag.py:3096} INFO - Sync 1 DAGs
[2026-04-26T23:37:16.948+0000] {logging_mixin.py:188} INFO - [2026-04-26T23:37:16.948+0000] {dag.py:3954} INFO - Setting next_dagrun for example_local_kubernetes_executor to None, run_after=None
[2026-04-26T23:37:16.959+0000] {processor.py:183} INFO - Processing /home/airflow/.local/lib/python3.12/site-packages/airflow/example_dags/example_local_kubernetes_executor.py took 0.051 seconds
[2026-04-26T23:37:47.712+0000] {processor.py:161} INFO - Started process (PID=3474) to work on /home/airflow/.local/lib/python3.12/site-packages/airflow/example_dags/example_local_kubernetes_executor.py
[2026-04-26T23:37:47.713+0000] {processor.py:830} INFO - Processing file /home/airflow/.local/lib/python3.12/site-packages/airflow/example_dags/example_local_kubernetes_executor.py for tasks to queue
[2026-04-26T23:37:47.714+0000] {logging_mixin.py:188} INFO - [2026-04-26T23:37:47.714+0000] {dagbag.py:545} INFO - Filling up the DagBag from /home/airflow/.local/lib/python3.12/site-packages/airflow/example_dags/example_local_kubernetes_executor.py
[2026-04-26T23:37:47.718+0000] {processor.py:840} INFO - DAG(s) 'example_local_kubernetes_executor' retrieved from /home/airflow/.local/lib/python3.12/site-packages/airflow/example_dags/example_local_kubernetes_executor.py
[2026-04-26T23:37:47.738+0000] {logging_mixin.py:188} INFO - [2026-04-26T23:37:47.738+0000] {dag.py:3096} INFO - Sync 1 DAGs
[2026-04-26T23:37:47.745+0000] {logging_mixin.py:188} INFO - [2026-04-26T23:37:47.745+0000] {dag.py:3954} INFO - Setting next_dagrun for example_local_kubernetes_executor to None, run_after=None
[2026-04-26T23:37:47.755+0000] {processor.py:183} INFO - Processing /home/airflow/.local/lib/python3.12/site-packages/airflow/example_dags/example_local_kubernetes_executor.py took 0.047 seconds
[2026-04-26T23:38:18.414+0000] {processor.py:161} INFO - Started process (PID=3533) to work on /home/airflow/.local/lib/python3.12/site-packages/airflow/example_dags/example_local_kubernetes_executor.py
[2026-04-26T23:38:18.415+0000] {processor.py:830} INFO - Processing file /home/airflow/.local/lib/python3.12/site-packages/airflow/example_dags/example_local_kubernetes_executor.py for tasks to queue
[2026-04-26T23:38:18.415+0000] {logging_mixin.py:188} INFO - [2026-04-26T23:38:18.415+0000] {dagbag.py:545} INFO - Filling up the DagBag from /home/airflow/.local/lib/python3.12/site-packages/airflow/example_dags/example_local_kubernetes_executor.py
[2026-04-26T23:38:18.420+0000] {processor.py:840} INFO - DAG(s) 'example_local_kubernetes_executor' retrieved from /home/airflow/.local/lib/python3.12/site-packages/airflow/example_dags/example_local_kubernetes_executor.py
[2026-04-26T23:38:18.438+0000] {logging_mixin.py:188} INFO - [2026-04-26T23:38:18.438+0000] {dag.py:3096} INFO - Sync 1 DAGs
[2026-04-26T23:38:18.444+0000] {logging_mixin.py:188} INFO - [2026-04-26T23:38:18.444+0000] {dag.py:3954} INFO - Setting next_dagrun for example_local_kubernetes_executor to None, run_after=None
[2026-04-26T23:38:18.453+0000] {processor.py:183} INFO - Processing /home/airflow/.local/lib/python3.12/site-packages/airflow/example_dags/example_local_kubernetes_executor.py took 0.042 seconds
[2026-04-26T23:38:46.422+0000] {processor.py:161} INFO - Started process (PID=75) to work on /home/airflow/.local/lib/python3.12/site-packages/airflow/example_dags/example_local_kubernetes_executor.py
[2026-04-26T23:38:46.422+0000] {processor.py:830} INFO - Processing file /home/airflow/.local/lib/python3.12/site-packages/airflow/example_dags/example_local_kubernetes_executor.py for tasks to queue
[2026-04-26T23:38:46.423+0000] {logging_mixin.py:188} INFO - [2026-04-26T23:38:46.423+0000] {dagbag.py:545} INFO - Filling up the DagBag from /home/airflow/.local/lib/python3.12/site-packages/airflow/example_dags/example_local_kubernetes_executor.py
[2026-04-26T23:38:46.428+0000] {processor.py:840} INFO - DAG(s) 'example_local_kubernetes_executor' retrieved from /home/airflow/.local/lib/python3.12/site-packages/airflow/example_dags/example_local_kubernetes_executor.py
[2026-04-26T23:38:46.434+0000] {logging_mixin.py:188} INFO - [2026-04-26T23:38:46.434+0000] {dag.py:3096} INFO - Sync 1 DAGs
[2026-04-26T23:38:46.442+0000] {logging_mixin.py:188} INFO - [2026-04-26T23:38:46.441+0000] {dag.py:3954} INFO - Setting next_dagrun for example_local_kubernetes_executor to None, run_after=None
[2026-04-26T23:38:46.453+0000] {processor.py:183} INFO - Processing /home/airflow/.local/lib/python3.12/site-packages/airflow/example_dags/example_local_kubernetes_executor.py took 0.035 seconds
[2026-04-26T23:39:17.192+0000] {processor.py:161} INFO - Started process (PID=140) to work on /home/airflow/.local/lib/python3.12/site-packages/airflow/example_dags/example_local_kubernetes_executor.py
[2026-04-26T23:39:17.193+0000] {processor.py:830} INFO - Processing file /home/airflow/.local/lib/python3.12/site-packages/airflow/example_dags/example_local_kubernetes_executor.py for tasks to queue
[2026-04-26T23:39:17.194+0000] {logging_mixin.py:188} INFO - [2026-04-26T23:39:17.194+0000] {dagbag.py:545} INFO - Filling up the DagBag from /home/airflow/.local/lib/python3.12/site-packages/airflow/example_dags/example_local_kubernetes_executor.py
[2026-04-26T23:39:17.198+0000] {processor.py:840} INFO - DAG(s) 'example_local_kubernetes_executor' retrieved from /home/airflow/.local/lib/python3.12/site-packages/airflow/example_dags/example_local_kubernetes_executor.py
[2026-04-26T23:39:17.270+0000] {logging_mixin.py:188} INFO - [2026-04-26T23:39:17.270+0000] {dag.py:3096} INFO - Sync 1 DAGs
[2026-04-26T23:39:17.275+0000] {logging_mixin.py:188} INFO - [2026-04-26T23:39:17.275+0000] {dag.py:3954} INFO - Setting next_dagrun for example_local_kubernetes_executor to None, run_after=None
[2026-04-26T23:39:17.295+0000] {processor.py:183} INFO - Processing /home/airflow/.local/lib/python3.12/site-packages/airflow/example_dags/example_local_kubernetes_executor.py took 0.107 seconds
[2026-04-26T23:39:47.803+0000] {processor.py:161} INFO - Started process (PID=199) to work on /home/airflow/.local/lib/python3.12/site-packages/airflow/example_dags/example_local_kubernetes_executor.py
[2026-04-26T23:39:47.804+0000] {processor.py:830} INFO - Processing file /home/airflow/.local/lib/python3.12/site-packages/airflow/example_dags/example_local_kubernetes_executor.py for tasks to queue
[2026-04-26T23:39:47.805+0000] {logging_mixin.py:188} INFO - [2026-04-26T23:39:47.805+0000] {dagbag.py:545} INFO - Filling up the DagBag from /home/airflow/.local/lib/python3.12/site-packages/airflow/example_dags/example_local_kubernetes_executor.py
[2026-04-26T23:39:47.809+0000] {processor.py:840} INFO - DAG(s) 'example_local_kubernetes_executor' retrieved from /home/airflow/.local/lib/python3.12/site-packages/airflow/example_dags/example_local_kubernetes_executor.py
[2026-04-26T23:39:47.827+0000] {logging_mixin.py:188} INFO - [2026-04-26T23:39:47.827+0000] {dag.py:3096} INFO - Sync 1 DAGs
[2026-04-26T23:39:47.834+0000] {logging_mixin.py:188} INFO - [2026-04-26T23:39:47.834+0000] {dag.py:3954} INFO - Setting next_dagrun for example_local_kubernetes_executor to None, run_after=None
[2026-04-26T23:39:47.843+0000] {processor.py:183} INFO - Processing /home/airflow/.local/lib/python3.12/site-packages/airflow/example_dags/example_local_kubernetes_executor.py took 0.043 seconds
[2026-04-26T23:40:18.648+0000] {processor.py:161} INFO - Started process (PID=258) to work on /home/airflow/.local/lib/python3.12/site-packages/airflow/example_dags/example_local_kubernetes_executor.py
[2026-04-26T23:40:18.648+0000] {processor.py:830} INFO - Processing file /home/airflow/.local/lib/python3.12/site-packages/airflow/example_dags/example_local_kubernetes_executor.py for tasks to queue
[2026-04-26T23:40:18.649+0000] {logging_mixin.py:188} INFO - [2026-04-26T23:40:18.649+0000] {dagbag.py:545} INFO - Filling up the DagBag from /home/airflow/.local/lib/python3.12/site-packages/airflow/example_dags/example_local_kubernetes_executor.py
[2026-04-26T23:40:18.655+0000] {processor.py:840} INFO - DAG(s) 'example_local_kubernetes_executor' retrieved from /home/airflow/.local/lib/python3.12/site-packages/airflow/example_dags/example_local_kubernetes_executor.py
[2026-04-26T23:40:18.675+0000] {logging_mixin.py:188} INFO - [2026-04-26T23:40:18.675+0000] {dag.py:3096} INFO - Sync 1 DAGs
[2026-04-26T23:40:18.682+0000] {logging_mixin.py:188} INFO - [2026-04-26T23:40:18.682+0000] {dag.py:3954} INFO - Setting next_dagrun for example_local_kubernetes_executor to None, run_after=None
[2026-04-26T23:40:18.691+0000] {processor.py:183} INFO - Processing /home/airflow/.local/lib/python3.12/site-packages/airflow/example_dags/example_local_kubernetes_executor.py took 0.047 seconds
[2026-04-26T23:40:49.695+0000] {processor.py:161} INFO - Started process (PID=317) to work on /home/airflow/.local/lib/python3.12/site-packages/airflow/example_dags/example_local_kubernetes_executor.py
[2026-04-26T23:40:49.695+0000] {processor.py:830} INFO - Processing file /home/airflow/.local/lib/python3.12/site-packages/airflow/example_dags/example_local_kubernetes_executor.py for tasks to queue
[2026-04-26T23:40:49.697+0000] {logging_mixin.py:188} INFO - [2026-04-26T23:40:49.696+0000] {dagbag.py:545} INFO - Filling up the DagBag from /home/airflow/.local/lib/python3.12/site-packages/airflow/example_dags/example_local_kubernetes_executor.py
[2026-04-26T23:40:49.701+0000] {processor.py:840} INFO - DAG(s) 'example_local_kubernetes_executor' retrieved from /home/airflow/.local/lib/python3.12/site-packages/airflow/example_dags/example_local_kubernetes_executor.py
[2026-04-26T23:40:49.722+0000] {logging_mixin.py:188} INFO - [2026-04-26T23:40:49.722+0000] {dag.py:3096} INFO - Sync 1 DAGs
[2026-04-26T23:40:49.729+0000] {logging_mixin.py:188} INFO - [2026-04-26T23:40:49.729+0000] {dag.py:3954} INFO - Setting next_dagrun for example_local_kubernetes_executor to None, run_after=None
[2026-04-26T23:40:49.739+0000] {processor.py:183} INFO - Processing /home/airflow/.local/lib/python3.12/site-packages/airflow/example_dags/example_local_kubernetes_executor.py took 0.048 seconds
[2026-04-26T23:41:20.528+0000] {processor.py:161} INFO - Started process (PID=376) to work on /home/airflow/.local/lib/python3.12/site-packages/airflow/example_dags/example_local_kubernetes_executor.py
[2026-04-26T23:41:20.529+0000] {processor.py:830} INFO - Processing file /home/airflow/.local/lib/python3.12/site-packages/airflow/example_dags/example_local_kubernetes_executor.py for tasks to queue
[2026-04-26T23:41:20.530+0000] {logging_mixin.py:188} INFO - [2026-04-26T23:41:20.530+0000] {dagbag.py:545} INFO - Filling up the DagBag from /home/airflow/.local/lib/python3.12/site-packages/airflow/example_dags/example_local_kubernetes_executor.py
[2026-04-26T23:41:20.535+0000] {processor.py:840} INFO - DAG(s) 'example_local_kubernetes_executor' retrieved from /home/airflow/.local/lib/python3.12/site-packages/airflow/example_dags/example_local_kubernetes_executor.py
[2026-04-26T23:41:20.556+0000] {logging_mixin.py:188} INFO - [2026-04-26T23:41:20.556+0000] {dag.py:3096} INFO - Sync 1 DAGs
[2026-04-26T23:41:20.564+0000] {logging_mixin.py:188} INFO - [2026-04-26T23:41:20.564+0000] {dag.py:3954} INFO - Setting next_dagrun for example_local_kubernetes_executor to None, run_after=None
[2026-04-26T23:41:20.576+0000] {processor.py:183} INFO - Processing /home/airflow/.local/lib/python3.12/site-packages/airflow/example_dags/example_local_kubernetes_executor.py took 0.052 seconds
[2026-04-26T23:41:50.731+0000] {processor.py:161} INFO - Started process (PID=435) to work on /home/airflow/.local/lib/python3.12/site-packages/airflow/example_dags/example_local_kubernetes_executor.py
[2026-04-26T23:41:50.731+0000] {processor.py:830} INFO - Processing file /home/airflow/.local/lib/python3.12/site-packages/airflow/example_dags/example_local_kubernetes_executor.py for tasks to queue
[2026-04-26T23:41:50.732+0000] {logging_mixin.py:188} INFO - [2026-04-26T23:41:50.732+0000] {dagbag.py:545} INFO - Filling up the DagBag from /home/airflow/.local/lib/python3.12/site-packages/airflow/example_dags/example_local_kubernetes_executor.py
[2026-04-26T23:41:50.736+0000] {processor.py:840} INFO - DAG(s) 'example_local_kubernetes_executor' retrieved from /home/airflow/.local/lib/python3.12/site-packages/airflow/example_dags/example_local_kubernetes_executor.py
[2026-04-26T23:41:50.755+0000] {logging_mixin.py:188} INFO - [2026-04-26T23:41:50.755+0000] {dag.py:3096} INFO - Sync 1 DAGs
[2026-04-26T23:41:50.762+0000] {logging_mixin.py:188} INFO - [2026-04-26T23:41:50.762+0000] {dag.py:3954} INFO - Setting next_dagrun for example_local_kubernetes_executor to None, run_after=None
[2026-04-26T23:41:50.772+0000] {processor.py:183} INFO - Processing /home/airflow/.local/lib/python3.12/site-packages/airflow/example_dags/example_local_kubernetes_executor.py took 0.045 seconds
[2026-04-26T23:42:20.838+0000] {processor.py:161} INFO - Started process (PID=494) to work on /home/airflow/.local/lib/python3.12/site-packages/airflow/example_dags/example_local_kubernetes_executor.py
[2026-04-26T23:42:20.838+0000] {processor.py:830} INFO - Processing file /home/airflow/.local/lib/python3.12/site-packages/airflow/example_dags/example_local_kubernetes_executor.py for tasks to queue
[2026-04-26T23:42:20.839+0000] {logging_mixin.py:188} INFO - [2026-04-26T23:42:20.839+0000] {dagbag.py:545} INFO - Filling up the DagBag from /home/airflow/.local/lib/python3.12/site-packages/airflow/example_dags/example_local_kubernetes_executor.py
[2026-04-26T23:42:20.844+0000] {processor.py:840} INFO - DAG(s) 'example_local_kubernetes_executor' retrieved from /home/airflow/.local/lib/python3.12/site-packages/airflow/example_dags/example_local_kubernetes_executor.py
[2026-04-26T23:42:20.865+0000] {logging_mixin.py:188} INFO - [2026-04-26T23:42:20.865+0000] {dag.py:3096} INFO - Sync 1 DAGs
[2026-04-26T23:42:20.872+0000] {logging_mixin.py:188} INFO - [2026-04-26T23:42:20.872+0000] {dag.py:3954} INFO - Setting next_dagrun for example_local_kubernetes_executor to None, run_after=None
[2026-04-26T23:42:20.883+0000] {processor.py:183} INFO - Processing /home/airflow/.local/lib/python3.12/site-packages/airflow/example_dags/example_local_kubernetes_executor.py took 0.049 seconds
[2026-04-26T23:42:51.033+0000] {processor.py:161} INFO - Started process (PID=553) to work on /home/airflow/.local/lib/python3.12/site-packages/airflow/example_dags/example_local_kubernetes_executor.py
[2026-04-26T23:42:51.034+0000] {processor.py:830} INFO - Processing file /home/airflow/.local/lib/python3.12/site-packages/airflow/example_dags/example_local_kubernetes_executor.py for tasks to queue
[2026-04-26T23:42:51.035+0000] {logging_mixin.py:188} INFO - [2026-04-26T23:42:51.035+0000] {dagbag.py:545} INFO - Filling up the DagBag from /home/airflow/.local/lib/python3.12/site-packages/airflow/example_dags/example_local_kubernetes_executor.py
[2026-04-26T23:42:51.040+0000] {processor.py:840} INFO - DAG(s) 'example_local_kubernetes_executor' retrieved from /home/airflow/.local/lib/python3.12/site-packages/airflow/example_dags/example_local_kubernetes_executor.py
[2026-04-26T23:42:51.064+0000] {logging_mixin.py:188} INFO - [2026-04-26T23:42:51.064+0000] {dag.py:3096} INFO - Sync 1 DAGs
[2026-04-26T23:42:51.071+0000] {logging_mixin.py:188} INFO - [2026-04-26T23:42:51.071+0000] {dag.py:3954} INFO - Setting next_dagrun for example_local_kubernetes_executor to None, run_after=None
[2026-04-26T23:42:51.294+0000] {logging_mixin.py:188} INFO - [2026-04-26T23:42:51.293+0000] {process_utils.py:263} INFO - Waiting up to 5 seconds for processes to exit...
[2026-04-26T23:43:20.944+0000] {processor.py:161} INFO - Started process (PID=81) to work on /home/airflow/.local/lib/python3.12/site-packages/airflow/example_dags/example_local_kubernetes_executor.py
[2026-04-26T23:43:20.945+0000] {processor.py:830} INFO - Processing file /home/airflow/.local/lib/python3.12/site-packages/airflow/example_dags/example_local_kubernetes_executor.py for tasks to queue
[2026-04-26T23:43:20.946+0000] {logging_mixin.py:188} INFO - [2026-04-26T23:43:20.946+0000] {dagbag.py:545} INFO - Filling up the DagBag from /home/airflow/.local/lib/python3.12/site-packages/airflow/example_dags/example_local_kubernetes_executor.py
[2026-04-26T23:43:20.951+0000] {processor.py:840} INFO - DAG(s) 'example_local_kubernetes_executor' retrieved from /home/airflow/.local/lib/python3.12/site-packages/airflow/example_dags/example_local_kubernetes_executor.py
[2026-04-26T23:43:20.958+0000] {logging_mixin.py:188} INFO - [2026-04-26T23:43:20.958+0000] {dag.py:3096} INFO - Sync 1 DAGs
[2026-04-26T23:43:20.965+0000] {logging_mixin.py:188} INFO - [2026-04-26T23:43:20.965+0000] {dag.py:3954} INFO - Setting next_dagrun for example_local_kubernetes_executor to None, run_after=None
[2026-04-26T23:43:20.976+0000] {processor.py:183} INFO - Processing /home/airflow/.local/lib/python3.12/site-packages/airflow/example_dags/example_local_kubernetes_executor.py took 0.036 seconds
[2026-04-26T23:43:51.890+0000] {processor.py:161} INFO - Started process (PID=140) to work on /home/airflow/.local/lib/python3.12/site-packages/airflow/example_dags/example_local_kubernetes_executor.py
[2026-04-26T23:43:51.890+0000] {processor.py:830} INFO - Processing file /home/airflow/.local/lib/python3.12/site-packages/airflow/example_dags/example_local_kubernetes_executor.py for tasks to queue
[2026-04-26T23:43:51.891+0000] {logging_mixin.py:188} INFO - [2026-04-26T23:43:51.891+0000] {dagbag.py:545} INFO - Filling up the DagBag from /home/airflow/.local/lib/python3.12/site-packages/airflow/example_dags/example_local_kubernetes_executor.py
[2026-04-26T23:43:51.896+0000] {processor.py:840} INFO - DAG(s) 'example_local_kubernetes_executor' retrieved from /home/airflow/.local/lib/python3.12/site-packages/airflow/example_dags/example_local_kubernetes_executor.py
[2026-04-26T23:43:51.973+0000] {logging_mixin.py:188} INFO - [2026-04-26T23:43:51.973+0000] {dag.py:3096} INFO - Sync 1 DAGs
[2026-04-26T23:43:51.978+0000] {logging_mixin.py:188} INFO - [2026-04-26T23:43:51.978+0000] {dag.py:3954} INFO - Setting next_dagrun for example_local_kubernetes_executor to None, run_after=None
[2026-04-26T23:43:51.988+0000] {processor.py:183} INFO - Processing /home/airflow/.local/lib/python3.12/site-packages/airflow/example_dags/example_local_kubernetes_executor.py took 0.102 seconds
[2026-04-26T23:44:22.064+0000] {processor.py:161} INFO - Started process (PID=199) to work on /home/airflow/.local/lib/python3.12/site-packages/airflow/example_dags/example_local_kubernetes_executor.py
[2026-04-26T23:44:22.064+0000] {processor.py:830} INFO - Processing file /home/airflow/.local/lib/python3.12/site-packages/airflow/example_dags/example_local_kubernetes_executor.py for tasks to queue
[2026-04-26T23:44:22.065+0000] {logging_mixin.py:188} INFO - [2026-04-26T23:44:22.065+0000] {dagbag.py:545} INFO - Filling up the DagBag from /home/airflow/.local/lib/python3.12/site-packages/airflow/example_dags/example_local_kubernetes_executor.py
[2026-04-26T23:44:22.070+0000] {processor.py:840} INFO - DAG(s) 'example_local_kubernetes_executor' retrieved from /home/airflow/.local/lib/python3.12/site-packages/airflow/example_dags/example_local_kubernetes_executor.py
[2026-04-26T23:44:22.093+0000] {logging_mixin.py:188} INFO - [2026-04-26T23:44:22.092+0000] {dag.py:3096} INFO - Sync 1 DAGs
[2026-04-26T23:44:22.100+0000] {logging_mixin.py:188} INFO - [2026-04-26T23:44:22.100+0000] {dag.py:3954} INFO - Setting next_dagrun for example_local_kubernetes_executor to None, run_after=None
[2026-04-26T23:44:22.110+0000] {processor.py:183} INFO - Processing /home/airflow/.local/lib/python3.12/site-packages/airflow/example_dags/example_local_kubernetes_executor.py took 0.050 seconds
[2026-04-26T23:44:52.178+0000] {processor.py:161} INFO - Started process (PID=258) to work on /home/airflow/.local/lib/python3.12/site-packages/airflow/example_dags/example_local_kubernetes_executor.py
[2026-04-26T23:44:52.178+0000] {processor.py:830} INFO - Processing file /home/airflow/.local/lib/python3.12/site-packages/airflow/example_dags/example_local_kubernetes_executor.py for tasks to queue
[2026-04-26T23:44:52.179+0000] {logging_mixin.py:188} INFO - [2026-04-26T23:44:52.179+0000] {dagbag.py:545} INFO - Filling up the DagBag from /home/airflow/.local/lib/python3.12/site-packages/airflow/example_dags/example_local_kubernetes_executor.py
[2026-04-26T23:44:52.184+0000] {processor.py:840} INFO - DAG(s) 'example_local_kubernetes_executor' retrieved from /home/airflow/.local/lib/python3.12/site-packages/airflow/example_dags/example_local_kubernetes_executor.py
[2026-04-26T23:44:52.205+0000] {logging_mixin.py:188} INFO - [2026-04-26T23:44:52.205+0000] {dag.py:3096} INFO - Sync 1 DAGs
[2026-04-26T23:44:52.211+0000] {logging_mixin.py:188} INFO - [2026-04-26T23:44:52.211+0000] {dag.py:3954} INFO - Setting next_dagrun for example_local_kubernetes_executor to None, run_after=None
[2026-04-26T23:44:52.220+0000] {processor.py:183} INFO - Processing /home/airflow/.local/lib/python3.12/site-packages/airflow/example_dags/example_local_kubernetes_executor.py took 0.046 seconds
[2026-04-26T23:45:23.078+0000] {processor.py:161} INFO - Started process (PID=317) to work on /home/airflow/.local/lib/python3.12/site-packages/airflow/example_dags/example_local_kubernetes_executor.py
[2026-04-26T23:45:23.079+0000] {processor.py:830} INFO - Processing file /home/airflow/.local/lib/python3.12/site-packages/airflow/example_dags/example_local_kubernetes_executor.py for tasks to queue
[2026-04-26T23:45:23.080+0000] {logging_mixin.py:188} INFO - [2026-04-26T23:45:23.079+0000] {dagbag.py:545} INFO - Filling up the DagBag from /home/airflow/.local/lib/python3.12/site-packages/airflow/example_dags/example_local_kubernetes_executor.py
[2026-04-26T23:45:23.084+0000] {processor.py:840} INFO - DAG(s) 'example_local_kubernetes_executor' retrieved from /home/airflow/.local/lib/python3.12/site-packages/airflow/example_dags/example_local_kubernetes_executor.py
[2026-04-26T23:45:23.104+0000] {logging_mixin.py:188} INFO - [2026-04-26T23:45:23.104+0000] {dag.py:3096} INFO - Sync 1 DAGs
[2026-04-26T23:45:23.112+0000] {logging_mixin.py:188} INFO - [2026-04-26T23:45:23.111+0000] {dag.py:3954} INFO - Setting next_dagrun for example_local_kubernetes_executor to None, run_after=None
[2026-04-26T23:45:23.121+0000] {processor.py:183} INFO - Processing /home/airflow/.local/lib/python3.12/site-packages/airflow/example_dags/example_local_kubernetes_executor.py took 0.046 seconds
[2026-04-26T23:45:53.877+0000] {processor.py:161} INFO - Started process (PID=376) to work on /home/airflow/.local/lib/python3.12/site-packages/airflow/example_dags/example_local_kubernetes_executor.py
[2026-04-26T23:45:53.878+0000] {processor.py:830} INFO - Processing file /home/airflow/.local/lib/python3.12/site-packages/airflow/example_dags/example_local_kubernetes_executor.py for tasks to queue
[2026-04-26T23:45:53.879+0000] {logging_mixin.py:188} INFO - [2026-04-26T23:45:53.879+0000] {dagbag.py:545} INFO - Filling up the DagBag from /home/airflow/.local/lib/python3.12/site-packages/airflow/example_dags/example_local_kubernetes_executor.py
[2026-04-26T23:45:53.883+0000] {processor.py:840} INFO - DAG(s) 'example_local_kubernetes_executor' retrieved from /home/airflow/.local/lib/python3.12/site-packages/airflow/example_dags/example_local_kubernetes_executor.py
[2026-04-26T23:45:53.902+0000] {logging_mixin.py:188} INFO - [2026-04-26T23:45:53.902+0000] {dag.py:3096} INFO - Sync 1 DAGs
[2026-04-26T23:45:53.909+0000] {logging_mixin.py:188} INFO - [2026-04-26T23:45:53.909+0000] {dag.py:3954} INFO - Setting next_dagrun for example_local_kubernetes_executor to None, run_after=None
[2026-04-26T23:45:53.919+0000] {processor.py:183} INFO - Processing /home/airflow/.local/lib/python3.12/site-packages/airflow/example_dags/example_local_kubernetes_executor.py took 0.045 seconds
[2026-04-26T23:46:24.659+0000] {processor.py:161} INFO - Started process (PID=435) to work on /home/airflow/.local/lib/python3.12/site-packages/airflow/example_dags/example_local_kubernetes_executor.py
[2026-04-26T23:46:24.660+0000] {processor.py:830} INFO - Processing file /home/airflow/.local/lib/python3.12/site-packages/airflow/example_dags/example_local_kubernetes_executor.py for tasks to queue
[2026-04-26T23:46:24.661+0000] {logging_mixin.py:188} INFO - [2026-04-26T23:46:24.660+0000] {dagbag.py:545} INFO - Filling up the DagBag from /home/airflow/.local/lib/python3.12/site-packages/airflow/example_dags/example_local_kubernetes_executor.py
[2026-04-26T23:46:24.665+0000] {processor.py:840} INFO - DAG(s) 'example_local_kubernetes_executor' retrieved from /home/airflow/.local/lib/python3.12/site-packages/airflow/example_dags/example_local_kubernetes_executor.py
[2026-04-26T23:46:24.685+0000] {logging_mixin.py:188} INFO - [2026-04-26T23:46:24.685+0000] {dag.py:3096} INFO - Sync 1 DAGs
[2026-04-26T23:46:24.692+0000] {logging_mixin.py:188} INFO - [2026-04-26T23:46:24.692+0000] {dag.py:3954} INFO - Setting next_dagrun for example_local_kubernetes_executor to None, run_after=None
[2026-04-26T23:46:24.702+0000] {processor.py:183} INFO - Processing /home/airflow/.local/lib/python3.12/site-packages/airflow/example_dags/example_local_kubernetes_executor.py took 0.047 seconds
[2026-04-26T23:46:55.444+0000] {processor.py:161} INFO - Started process (PID=494) to work on /home/airflow/.local/lib/python3.12/site-packages/airflow/example_dags/example_local_kubernetes_executor.py
[2026-04-26T23:46:55.445+0000] {processor.py:830} INFO - Processing file /home/airflow/.local/lib/python3.12/site-packages/airflow/example_dags/example_local_kubernetes_executor.py for tasks to queue
[2026-04-26T23:46:55.446+0000] {logging_mixin.py:188} INFO - [2026-04-26T23:46:55.446+0000] {dagbag.py:545} INFO - Filling up the DagBag from /home/airflow/.local/lib/python3.12/site-packages/airflow/example_dags/example_local_kubernetes_executor.py
[2026-04-26T23:46:55.451+0000] {processor.py:840} INFO - DAG(s) 'example_local_kubernetes_executor' retrieved from /home/airflow/.local/lib/python3.12/site-packages/airflow/example_dags/example_local_kubernetes_executor.py
[2026-04-26T23:46:55.472+0000] {logging_mixin.py:188} INFO - [2026-04-26T23:46:55.472+0000] {dag.py:3096} INFO - Sync 1 DAGs
[2026-04-26T23:46:55.480+0000] {logging_mixin.py:188} INFO - [2026-04-26T23:46:55.480+0000] {dag.py:3954} INFO - Setting next_dagrun for example_local_kubernetes_executor to None, run_after=None
[2026-04-26T23:46:55.491+0000] {processor.py:183} INFO - Processing /home/airflow/.local/lib/python3.12/site-packages/airflow/example_dags/example_local_kubernetes_executor.py took 0.050 seconds
[2026-04-26T23:47:25.715+0000] {processor.py:161} INFO - Started process (PID=553) to work on /home/airflow/.local/lib/python3.12/site-packages/airflow/example_dags/example_local_kubernetes_executor.py
[2026-04-26T23:47:25.716+0000] {processor.py:830} INFO - Processing file /home/airflow/.local/lib/python3.12/site-packages/airflow/example_dags/example_local_kubernetes_executor.py for tasks to queue
[2026-04-26T23:47:25.717+0000] {logging_mixin.py:188} INFO - [2026-04-26T23:47:25.717+0000] {dagbag.py:545} INFO - Filling up the DagBag from /home/airflow/.local/lib/python3.12/site-packages/airflow/example_dags/example_local_kubernetes_executor.py
[2026-04-26T23:47:25.722+0000] {processor.py:840} INFO - DAG(s) 'example_local_kubernetes_executor' retrieved from /home/airflow/.local/lib/python3.12/site-packages/airflow/example_dags/example_local_kubernetes_executor.py
[2026-04-26T23:47:25.745+0000] {logging_mixin.py:188} INFO - [2026-04-26T23:47:25.745+0000] {dag.py:3096} INFO - Sync 1 DAGs
[2026-04-26T23:47:25.754+0000] {logging_mixin.py:188} INFO - [2026-04-26T23:47:25.753+0000] {dag.py:3954} INFO - Setting next_dagrun for example_local_kubernetes_executor to None, run_after=None
[2026-04-26T23:47:25.766+0000] {processor.py:183} INFO - Processing /home/airflow/.local/lib/python3.12/site-packages/airflow/example_dags/example_local_kubernetes_executor.py took 0.055 seconds
[2026-04-26T23:47:55.873+0000] {processor.py:161} INFO - Started process (PID=612) to work on /home/airflow/.local/lib/python3.12/site-packages/airflow/example_dags/example_local_kubernetes_executor.py
[2026-04-26T23:47:55.873+0000] {processor.py:830} INFO - Processing file /home/airflow/.local/lib/python3.12/site-packages/airflow/example_dags/example_local_kubernetes_executor.py for tasks to queue
[2026-04-26T23:47:55.875+0000] {logging_mixin.py:188} INFO - [2026-04-26T23:47:55.874+0000] {dagbag.py:545} INFO - Filling up the DagBag from /home/airflow/.local/lib/python3.12/site-packages/airflow/example_dags/example_local_kubernetes_executor.py
[2026-04-26T23:47:55.880+0000] {processor.py:840} INFO - DAG(s) 'example_local_kubernetes_executor' retrieved from /home/airflow/.local/lib/python3.12/site-packages/airflow/example_dags/example_local_kubernetes_executor.py
[2026-04-26T23:47:55.901+0000] {logging_mixin.py:188} INFO - [2026-04-26T23:47:55.901+0000] {dag.py:3096} INFO - Sync 1 DAGs
[2026-04-26T23:47:55.909+0000] {logging_mixin.py:188} INFO - [2026-04-26T23:47:55.909+0000] {dag.py:3954} INFO - Setting next_dagrun for example_local_kubernetes_executor to None, run_after=None
[2026-04-26T23:47:55.919+0000] {processor.py:183} INFO - Processing /home/airflow/.local/lib/python3.12/site-packages/airflow/example_dags/example_local_kubernetes_executor.py took 0.050 seconds
[2026-04-26T23:48:26.926+0000] {processor.py:161} INFO - Started process (PID=671) to work on /home/airflow/.local/lib/python3.12/site-packages/airflow/example_dags/example_local_kubernetes_executor.py
[2026-04-26T23:48:26.926+0000] {processor.py:830} INFO - Processing file /home/airflow/.local/lib/python3.12/site-packages/airflow/example_dags/example_local_kubernetes_executor.py for tasks to queue
[2026-04-26T23:48:26.928+0000] {logging_mixin.py:188} INFO - [2026-04-26T23:48:26.928+0000] {dagbag.py:545} INFO - Filling up the DagBag from /home/airflow/.local/lib/python3.12/site-packages/airflow/example_dags/example_local_kubernetes_executor.py
[2026-04-26T23:48:26.933+0000] {processor.py:840} INFO - DAG(s) 'example_local_kubernetes_executor' retrieved from /home/airflow/.local/lib/python3.12/site-packages/airflow/example_dags/example_local_kubernetes_executor.py
[2026-04-26T23:48:26.958+0000] {logging_mixin.py:188} INFO - [2026-04-26T23:48:26.958+0000] {dag.py:3096} INFO - Sync 1 DAGs
[2026-04-26T23:48:26.967+0000] {logging_mixin.py:188} INFO - [2026-04-26T23:48:26.966+0000] {dag.py:3954} INFO - Setting next_dagrun for example_local_kubernetes_executor to None, run_after=None
[2026-04-26T23:48:26.978+0000] {processor.py:183} INFO - Processing /home/airflow/.local/lib/python3.12/site-packages/airflow/example_dags/example_local_kubernetes_executor.py took 0.057 seconds
[2026-04-26T23:48:57.973+0000] {processor.py:161} INFO - Started process (PID=730) to work on /home/airflow/.local/lib/python3.12/site-packages/airflow/example_dags/example_local_kubernetes_executor.py
[2026-04-26T23:48:57.974+0000] {processor.py:830} INFO - Processing file /home/airflow/.local/lib/python3.12/site-packages/airflow/example_dags/example_local_kubernetes_executor.py for tasks to queue
[2026-04-26T23:48:57.976+0000] {logging_mixin.py:188} INFO - [2026-04-26T23:48:57.975+0000] {dagbag.py:545} INFO - Filling up the DagBag from /home/airflow/.local/lib/python3.12/site-packages/airflow/example_dags/example_local_kubernetes_executor.py
[2026-04-26T23:48:57.982+0000] {processor.py:840} INFO - DAG(s) 'example_local_kubernetes_executor' retrieved from /home/airflow/.local/lib/python3.12/site-packages/airflow/example_dags/example_local_kubernetes_executor.py
[2026-04-26T23:48:58.008+0000] {logging_mixin.py:188} INFO - [2026-04-26T23:48:58.008+0000] {dag.py:3096} INFO - Sync 1 DAGs
[2026-04-26T23:48:58.017+0000] {logging_mixin.py:188} INFO - [2026-04-26T23:48:58.017+0000] {dag.py:3954} INFO - Setting next_dagrun for example_local_kubernetes_executor to None, run_after=None
[2026-04-26T23:48:58.029+0000] {processor.py:183} INFO - Processing /home/airflow/.local/lib/python3.12/site-packages/airflow/example_dags/example_local_kubernetes_executor.py took 0.061 seconds
[2026-04-26T23:49:28.130+0000] {processor.py:161} INFO - Started process (PID=789) to work on /home/airflow/.local/lib/python3.12/site-packages/airflow/example_dags/example_local_kubernetes_executor.py
[2026-04-26T23:49:28.131+0000] {processor.py:830} INFO - Processing file /home/airflow/.local/lib/python3.12/site-packages/airflow/example_dags/example_local_kubernetes_executor.py for tasks to queue
[2026-04-26T23:49:28.132+0000] {logging_mixin.py:188} INFO - [2026-04-26T23:49:28.132+0000] {dagbag.py:545} INFO - Filling up the DagBag from /home/airflow/.local/lib/python3.12/site-packages/airflow/example_dags/example_local_kubernetes_executor.py
[2026-04-26T23:49:28.137+0000] {processor.py:840} INFO - DAG(s) 'example_local_kubernetes_executor' retrieved from /home/airflow/.local/lib/python3.12/site-packages/airflow/example_dags/example_local_kubernetes_executor.py
[2026-04-26T23:49:28.162+0000] {logging_mixin.py:188} INFO - [2026-04-26T23:49:28.162+0000] {dag.py:3096} INFO - Sync 1 DAGs
[2026-04-26T23:49:28.171+0000] {logging_mixin.py:188} INFO - [2026-04-26T23:49:28.171+0000] {dag.py:3954} INFO - Setting next_dagrun for example_local_kubernetes_executor to None, run_after=None
[2026-04-26T23:49:28.183+0000] {processor.py:183} INFO - Processing /home/airflow/.local/lib/python3.12/site-packages/airflow/example_dags/example_local_kubernetes_executor.py took 0.057 seconds
[2026-04-26T23:50:03.821+0000] {processor.py:161} INFO - Started process (PID=81) to work on /home/airflow/.local/lib/python3.12/site-packages/airflow/example_dags/example_local_kubernetes_executor.py
[2026-04-26T23:50:03.821+0000] {processor.py:830} INFO - Processing file /home/airflow/.local/lib/python3.12/site-packages/airflow/example_dags/example_local_kubernetes_executor.py for tasks to queue
[2026-04-26T23:50:03.822+0000] {logging_mixin.py:188} INFO - [2026-04-26T23:50:03.822+0000] {dagbag.py:545} INFO - Filling up the DagBag from /home/airflow/.local/lib/python3.12/site-packages/airflow/example_dags/example_local_kubernetes_executor.py
[2026-04-26T23:50:03.827+0000] {processor.py:840} INFO - DAG(s) 'example_local_kubernetes_executor' retrieved from /home/airflow/.local/lib/python3.12/site-packages/airflow/example_dags/example_local_kubernetes_executor.py
[2026-04-26T23:50:03.834+0000] {logging_mixin.py:188} INFO - [2026-04-26T23:50:03.834+0000] {dag.py:3096} INFO - Sync 1 DAGs
[2026-04-26T23:50:03.841+0000] {logging_mixin.py:188} INFO - [2026-04-26T23:50:03.841+0000] {dag.py:3954} INFO - Setting next_dagrun for example_local_kubernetes_executor to None, run_after=None
[2026-04-26T23:50:03.854+0000] {processor.py:183} INFO - Processing /home/airflow/.local/lib/python3.12/site-packages/airflow/example_dags/example_local_kubernetes_executor.py took 0.037 seconds
[2026-04-26T23:50:35.001+0000] {processor.py:161} INFO - Started process (PID=140) to work on /home/airflow/.local/lib/python3.12/site-packages/airflow/example_dags/example_local_kubernetes_executor.py
[2026-04-26T23:50:35.001+0000] {processor.py:830} INFO - Processing file /home/airflow/.local/lib/python3.12/site-packages/airflow/example_dags/example_local_kubernetes_executor.py for tasks to queue
[2026-04-26T23:50:35.002+0000] {logging_mixin.py:188} INFO - [2026-04-26T23:50:35.002+0000] {dagbag.py:545} INFO - Filling up the DagBag from /home/airflow/.local/lib/python3.12/site-packages/airflow/example_dags/example_local_kubernetes_executor.py
[2026-04-26T23:50:35.007+0000] {processor.py:840} INFO - DAG(s) 'example_local_kubernetes_executor' retrieved from /home/airflow/.local/lib/python3.12/site-packages/airflow/example_dags/example_local_kubernetes_executor.py
[2026-04-26T23:50:35.086+0000] {logging_mixin.py:188} INFO - [2026-04-26T23:50:35.086+0000] {dag.py:3096} INFO - Sync 1 DAGs
[2026-04-26T23:50:35.092+0000] {logging_mixin.py:188} INFO - [2026-04-26T23:50:35.092+0000] {dag.py:3954} INFO - Setting next_dagrun for example_local_kubernetes_executor to None, run_after=None
[2026-04-26T23:50:35.101+0000] {processor.py:183} INFO - Processing /home/airflow/.local/lib/python3.12/site-packages/airflow/example_dags/example_local_kubernetes_executor.py took 0.104 seconds
[2026-04-26T23:51:05.143+0000] {processor.py:161} INFO - Started process (PID=199) to work on /home/airflow/.local/lib/python3.12/site-packages/airflow/example_dags/example_local_kubernetes_executor.py
[2026-04-26T23:51:05.143+0000] {processor.py:830} INFO - Processing file /home/airflow/.local/lib/python3.12/site-packages/airflow/example_dags/example_local_kubernetes_executor.py for tasks to queue
[2026-04-26T23:51:05.144+0000] {logging_mixin.py:188} INFO - [2026-04-26T23:51:05.144+0000] {dagbag.py:545} INFO - Filling up the DagBag from /home/airflow/.local/lib/python3.12/site-packages/airflow/example_dags/example_local_kubernetes_executor.py
[2026-04-26T23:51:05.148+0000] {processor.py:840} INFO - DAG(s) 'example_local_kubernetes_executor' retrieved from /home/airflow/.local/lib/python3.12/site-packages/airflow/example_dags/example_local_kubernetes_executor.py
[2026-04-26T23:51:05.167+0000] {logging_mixin.py:188} INFO - [2026-04-26T23:51:05.166+0000] {dag.py:3096} INFO - Sync 1 DAGs
[2026-04-26T23:51:05.173+0000] {logging_mixin.py:188} INFO - [2026-04-26T23:51:05.173+0000] {dag.py:3954} INFO - Setting next_dagrun for example_local_kubernetes_executor to None, run_after=None
[2026-04-26T23:51:05.183+0000] {processor.py:183} INFO - Processing /home/airflow/.local/lib/python3.12/site-packages/airflow/example_dags/example_local_kubernetes_executor.py took 0.044 seconds
[2026-04-26T23:51:35.227+0000] {processor.py:161} INFO - Started process (PID=258) to work on /home/airflow/.local/lib/python3.12/site-packages/airflow/example_dags/example_local_kubernetes_executor.py
[2026-04-26T23:51:35.228+0000] {processor.py:830} INFO - Processing file /home/airflow/.local/lib/python3.12/site-packages/airflow/example_dags/example_local_kubernetes_executor.py for tasks to queue
[2026-04-26T23:51:35.229+0000] {logging_mixin.py:188} INFO - [2026-04-26T23:51:35.229+0000] {dagbag.py:545} INFO - Filling up the DagBag from /home/airflow/.local/lib/python3.12/site-packages/airflow/example_dags/example_local_kubernetes_executor.py
[2026-04-26T23:51:35.233+0000] {processor.py:840} INFO - DAG(s) 'example_local_kubernetes_executor' retrieved from /home/airflow/.local/lib/python3.12/site-packages/airflow/example_dags/example_local_kubernetes_executor.py
[2026-04-26T23:51:35.254+0000] {logging_mixin.py:188} INFO - [2026-04-26T23:51:35.254+0000] {dag.py:3096} INFO - Sync 1 DAGs
[2026-04-26T23:51:35.263+0000] {logging_mixin.py:188} INFO - [2026-04-26T23:51:35.262+0000] {dag.py:3954} INFO - Setting next_dagrun for example_local_kubernetes_executor to None, run_after=None
[2026-04-26T23:51:35.272+0000] {processor.py:183} INFO - Processing /home/airflow/.local/lib/python3.12/site-packages/airflow/example_dags/example_local_kubernetes_executor.py took 0.049 seconds
[2026-04-26T23:52:05.348+0000] {processor.py:161} INFO - Started process (PID=317) to work on /home/airflow/.local/lib/python3.12/site-packages/airflow/example_dags/example_local_kubernetes_executor.py
[2026-04-26T23:52:05.349+0000] {processor.py:830} INFO - Processing file /home/airflow/.local/lib/python3.12/site-packages/airflow/example_dags/example_local_kubernetes_executor.py for tasks to queue
[2026-04-26T23:52:05.350+0000] {logging_mixin.py:188} INFO - [2026-04-26T23:52:05.350+0000] {dagbag.py:545} INFO - Filling up the DagBag from /home/airflow/.local/lib/python3.12/site-packages/airflow/example_dags/example_local_kubernetes_executor.py
[2026-04-26T23:52:05.354+0000] {processor.py:840} INFO - DAG(s) 'example_local_kubernetes_executor' retrieved from /home/airflow/.local/lib/python3.12/site-packages/airflow/example_dags/example_local_kubernetes_executor.py
[2026-04-26T23:52:05.374+0000] {logging_mixin.py:188} INFO - [2026-04-26T23:52:05.373+0000] {dag.py:3096} INFO - Sync 1 DAGs
[2026-04-26T23:52:05.380+0000] {logging_mixin.py:188} INFO - [2026-04-26T23:52:05.380+0000] {dag.py:3954} INFO - Setting next_dagrun for example_local_kubernetes_executor to None, run_after=None
[2026-04-26T23:52:05.390+0000] {processor.py:183} INFO - Processing /home/airflow/.local/lib/python3.12/site-packages/airflow/example_dags/example_local_kubernetes_executor.py took 0.045 seconds
[2026-04-26T23:52:35.615+0000] {processor.py:161} INFO - Started process (PID=376) to work on /home/airflow/.local/lib/python3.12/site-packages/airflow/example_dags/example_local_kubernetes_executor.py
[2026-04-26T23:52:35.615+0000] {processor.py:830} INFO - Processing file /home/airflow/.local/lib/python3.12/site-packages/airflow/example_dags/example_local_kubernetes_executor.py for tasks to queue
[2026-04-26T23:52:35.616+0000] {logging_mixin.py:188} INFO - [2026-04-26T23:52:35.616+0000] {dagbag.py:545} INFO - Filling up the DagBag from /home/airflow/.local/lib/python3.12/site-packages/airflow/example_dags/example_local_kubernetes_executor.py
[2026-04-26T23:52:35.621+0000] {processor.py:840} INFO - DAG(s) 'example_local_kubernetes_executor' retrieved from /home/airflow/.local/lib/python3.12/site-packages/airflow/example_dags/example_local_kubernetes_executor.py
[2026-04-26T23:52:35.640+0000] {logging_mixin.py:188} INFO - [2026-04-26T23:52:35.640+0000] {dag.py:3096} INFO - Sync 1 DAGs
[2026-04-26T23:52:35.647+0000] {logging_mixin.py:188} INFO - [2026-04-26T23:52:35.647+0000] {dag.py:3954} INFO - Setting next_dagrun for example_local_kubernetes_executor to None, run_after=None
[2026-04-26T23:52:35.657+0000] {processor.py:183} INFO - Processing /home/airflow/.local/lib/python3.12/site-packages/airflow/example_dags/example_local_kubernetes_executor.py took 0.046 seconds
[2026-04-26T23:53:06.431+0000] {processor.py:161} INFO - Started process (PID=435) to work on /home/airflow/.local/lib/python3.12/site-packages/airflow/example_dags/example_local_kubernetes_executor.py
[2026-04-26T23:53:06.431+0000] {processor.py:830} INFO - Processing file /home/airflow/.local/lib/python3.12/site-packages/airflow/example_dags/example_local_kubernetes_executor.py for tasks to queue
[2026-04-26T23:53:06.432+0000] {logging_mixin.py:188} INFO - [2026-04-26T23:53:06.432+0000] {dagbag.py:545} INFO - Filling up the DagBag from /home/airflow/.local/lib/python3.12/site-packages/airflow/example_dags/example_local_kubernetes_executor.py
[2026-04-26T23:53:06.437+0000] {processor.py:840} INFO - DAG(s) 'example_local_kubernetes_executor' retrieved from /home/airflow/.local/lib/python3.12/site-packages/airflow/example_dags/example_local_kubernetes_executor.py
[2026-04-26T23:53:06.461+0000] {logging_mixin.py:188} INFO - [2026-04-26T23:53:06.461+0000] {dag.py:3096} INFO - Sync 1 DAGs
[2026-04-26T23:53:06.470+0000] {logging_mixin.py:188} INFO - [2026-04-26T23:53:06.470+0000] {dag.py:3954} INFO - Setting next_dagrun for example_local_kubernetes_executor to None, run_after=None
[2026-04-26T23:53:06.483+0000] {processor.py:183} INFO - Processing /home/airflow/.local/lib/python3.12/site-packages/airflow/example_dags/example_local_kubernetes_executor.py took 0.056 seconds
[2026-04-26T23:53:36.786+0000] {processor.py:161} INFO - Started process (PID=494) to work on /home/airflow/.local/lib/python3.12/site-packages/airflow/example_dags/example_local_kubernetes_executor.py
[2026-04-26T23:53:36.786+0000] {processor.py:830} INFO - Processing file /home/airflow/.local/lib/python3.12/site-packages/airflow/example_dags/example_local_kubernetes_executor.py for tasks to queue
[2026-04-26T23:53:36.788+0000] {logging_mixin.py:188} INFO - [2026-04-26T23:53:36.787+0000] {dagbag.py:545} INFO - Filling up the DagBag from /home/airflow/.local/lib/python3.12/site-packages/airflow/example_dags/example_local_kubernetes_executor.py
[2026-04-26T23:53:36.793+0000] {processor.py:840} INFO - DAG(s) 'example_local_kubernetes_executor' retrieved from /home/airflow/.local/lib/python3.12/site-packages/airflow/example_dags/example_local_kubernetes_executor.py
[2026-04-26T23:53:36.818+0000] {logging_mixin.py:188} INFO - [2026-04-26T23:53:36.818+0000] {dag.py:3096} INFO - Sync 1 DAGs
[2026-04-26T23:53:36.827+0000] {logging_mixin.py:188} INFO - [2026-04-26T23:53:36.827+0000] {dag.py:3954} INFO - Setting next_dagrun for example_local_kubernetes_executor to None, run_after=None
[2026-04-26T23:53:36.839+0000] {processor.py:183} INFO - Processing /home/airflow/.local/lib/python3.12/site-packages/airflow/example_dags/example_local_kubernetes_executor.py took 0.058 seconds
