[2026-04-26T23:08:14.966+0000] {processor.py:161} INFO - Started process (PID=64) to work on /home/airflow/.local/lib/python3.12/site-packages/airflow/example_dags/example_short_circuit_decorator.py
[2026-04-26T23:08:14.966+0000] {processor.py:830} INFO - Processing file /home/airflow/.local/lib/python3.12/site-packages/airflow/example_dags/example_short_circuit_decorator.py for tasks to queue
[2026-04-26T23:08:14.967+0000] {logging_mixin.py:188} INFO - [2026-04-26T23:08:14.967+0000] {dagbag.py:545} INFO - Filling up the DagBag from /home/airflow/.local/lib/python3.12/site-packages/airflow/example_dags/example_short_circuit_decorator.py
[2026-04-26T23:08:14.974+0000] {processor.py:840} INFO - DAG(s) 'example_short_circuit_decorator' retrieved from /home/airflow/.local/lib/python3.12/site-packages/airflow/example_dags/example_short_circuit_decorator.py
[2026-04-26T23:08:14.981+0000] {logging_mixin.py:188} INFO - [2026-04-26T23:08:14.981+0000] {dag.py:3096} INFO - Sync 1 DAGs
[2026-04-26T23:08:14.996+0000] {logging_mixin.py:188} INFO - [2026-04-26T23:08:14.995+0000] {dag.py:3954} INFO - Setting next_dagrun for example_short_circuit_decorator to 2026-04-25 00:00:00+00:00, run_after=2026-04-26 00:00:00+00:00
[2026-04-26T23:08:15.008+0000] {processor.py:183} INFO - Processing /home/airflow/.local/lib/python3.12/site-packages/airflow/example_dags/example_short_circuit_decorator.py took 0.046 seconds
[2026-04-26T23:08:45.730+0000] {processor.py:161} INFO - Started process (PID=122) to work on /home/airflow/.local/lib/python3.12/site-packages/airflow/example_dags/example_short_circuit_decorator.py
[2026-04-26T23:08:45.731+0000] {processor.py:830} INFO - Processing file /home/airflow/.local/lib/python3.12/site-packages/airflow/example_dags/example_short_circuit_decorator.py for tasks to queue
[2026-04-26T23:08:45.732+0000] {logging_mixin.py:188} INFO - [2026-04-26T23:08:45.732+0000] {dagbag.py:545} INFO - Filling up the DagBag from /home/airflow/.local/lib/python3.12/site-packages/airflow/example_dags/example_short_circuit_decorator.py
[2026-04-26T23:08:45.738+0000] {processor.py:840} INFO - DAG(s) 'example_short_circuit_decorator' retrieved from /home/airflow/.local/lib/python3.12/site-packages/airflow/example_dags/example_short_circuit_decorator.py
[2026-04-26T23:08:45.818+0000] {logging_mixin.py:188} INFO - [2026-04-26T23:08:45.818+0000] {dag.py:3096} INFO - Sync 1 DAGs
[2026-04-26T23:08:45.832+0000] {logging_mixin.py:188} INFO - [2026-04-26T23:08:45.832+0000] {dag.py:3954} INFO - Setting next_dagrun for example_short_circuit_decorator to 2026-04-25 00:00:00+00:00, run_after=2026-04-26 00:00:00+00:00
[2026-04-26T23:08:45.844+0000] {processor.py:183} INFO - Processing /home/airflow/.local/lib/python3.12/site-packages/airflow/example_dags/example_short_circuit_decorator.py took 0.118 seconds
[2026-04-26T23:09:16.588+0000] {processor.py:161} INFO - Started process (PID=180) to work on /home/airflow/.local/lib/python3.12/site-packages/airflow/example_dags/example_short_circuit_decorator.py
[2026-04-26T23:09:16.589+0000] {processor.py:830} INFO - Processing file /home/airflow/.local/lib/python3.12/site-packages/airflow/example_dags/example_short_circuit_decorator.py for tasks to queue
[2026-04-26T23:09:16.590+0000] {logging_mixin.py:188} INFO - [2026-04-26T23:09:16.590+0000] {dagbag.py:545} INFO - Filling up the DagBag from /home/airflow/.local/lib/python3.12/site-packages/airflow/example_dags/example_short_circuit_decorator.py
[2026-04-26T23:09:16.596+0000] {processor.py:840} INFO - DAG(s) 'example_short_circuit_decorator' retrieved from /home/airflow/.local/lib/python3.12/site-packages/airflow/example_dags/example_short_circuit_decorator.py
[2026-04-26T23:09:16.610+0000] {logging_mixin.py:188} INFO - [2026-04-26T23:09:16.610+0000] {dag.py:3096} INFO - Sync 1 DAGs
[2026-04-26T23:09:16.622+0000] {logging_mixin.py:188} INFO - [2026-04-26T23:09:16.622+0000] {dag.py:3954} INFO - Setting next_dagrun for example_short_circuit_decorator to 2026-04-25 00:00:00+00:00, run_after=2026-04-26 00:00:00+00:00
[2026-04-26T23:09:16.631+0000] {processor.py:183} INFO - Processing /home/airflow/.local/lib/python3.12/site-packages/airflow/example_dags/example_short_circuit_decorator.py took 0.047 seconds
[2026-04-26T23:09:47.417+0000] {processor.py:161} INFO - Started process (PID=238) to work on /home/airflow/.local/lib/python3.12/site-packages/airflow/example_dags/example_short_circuit_decorator.py
[2026-04-26T23:09:47.417+0000] {processor.py:830} INFO - Processing file /home/airflow/.local/lib/python3.12/site-packages/airflow/example_dags/example_short_circuit_decorator.py for tasks to queue
[2026-04-26T23:09:47.419+0000] {logging_mixin.py:188} INFO - [2026-04-26T23:09:47.418+0000] {dagbag.py:545} INFO - Filling up the DagBag from /home/airflow/.local/lib/python3.12/site-packages/airflow/example_dags/example_short_circuit_decorator.py
[2026-04-26T23:09:47.424+0000] {processor.py:840} INFO - DAG(s) 'example_short_circuit_decorator' retrieved from /home/airflow/.local/lib/python3.12/site-packages/airflow/example_dags/example_short_circuit_decorator.py
[2026-04-26T23:09:47.438+0000] {logging_mixin.py:188} INFO - [2026-04-26T23:09:47.437+0000] {dag.py:3096} INFO - Sync 1 DAGs
[2026-04-26T23:09:47.450+0000] {logging_mixin.py:188} INFO - [2026-04-26T23:09:47.450+0000] {dag.py:3954} INFO - Setting next_dagrun for example_short_circuit_decorator to 2026-04-25 00:00:00+00:00, run_after=2026-04-26 00:00:00+00:00
[2026-04-26T23:09:47.460+0000] {processor.py:183} INFO - Processing /home/airflow/.local/lib/python3.12/site-packages/airflow/example_dags/example_short_circuit_decorator.py took 0.047 seconds
[2026-04-26T23:10:18.340+0000] {processor.py:161} INFO - Started process (PID=302) to work on /home/airflow/.local/lib/python3.12/site-packages/airflow/example_dags/example_short_circuit_decorator.py
[2026-04-26T23:10:18.341+0000] {processor.py:830} INFO - Processing file /home/airflow/.local/lib/python3.12/site-packages/airflow/example_dags/example_short_circuit_decorator.py for tasks to queue
[2026-04-26T23:10:18.342+0000] {logging_mixin.py:188} INFO - [2026-04-26T23:10:18.342+0000] {dagbag.py:545} INFO - Filling up the DagBag from /home/airflow/.local/lib/python3.12/site-packages/airflow/example_dags/example_short_circuit_decorator.py
[2026-04-26T23:10:18.348+0000] {processor.py:840} INFO - DAG(s) 'example_short_circuit_decorator' retrieved from /home/airflow/.local/lib/python3.12/site-packages/airflow/example_dags/example_short_circuit_decorator.py
[2026-04-26T23:10:18.365+0000] {logging_mixin.py:188} INFO - [2026-04-26T23:10:18.365+0000] {dag.py:3096} INFO - Sync 1 DAGs
[2026-04-26T23:10:18.380+0000] {logging_mixin.py:188} INFO - [2026-04-26T23:10:18.380+0000] {dag.py:3954} INFO - Setting next_dagrun for example_short_circuit_decorator to 2026-04-25 00:00:00+00:00, run_after=2026-04-26 00:00:00+00:00
[2026-04-26T23:10:18.392+0000] {processor.py:183} INFO - Processing /home/airflow/.local/lib/python3.12/site-packages/airflow/example_dags/example_short_circuit_decorator.py took 0.057 seconds
[2026-04-26T23:10:48.482+0000] {processor.py:161} INFO - Started process (PID=360) to work on /home/airflow/.local/lib/python3.12/site-packages/airflow/example_dags/example_short_circuit_decorator.py
[2026-04-26T23:10:48.482+0000] {processor.py:830} INFO - Processing file /home/airflow/.local/lib/python3.12/site-packages/airflow/example_dags/example_short_circuit_decorator.py for tasks to queue
[2026-04-26T23:10:48.484+0000] {logging_mixin.py:188} INFO - [2026-04-26T23:10:48.484+0000] {dagbag.py:545} INFO - Filling up the DagBag from /home/airflow/.local/lib/python3.12/site-packages/airflow/example_dags/example_short_circuit_decorator.py
[2026-04-26T23:10:48.490+0000] {processor.py:840} INFO - DAG(s) 'example_short_circuit_decorator' retrieved from /home/airflow/.local/lib/python3.12/site-packages/airflow/example_dags/example_short_circuit_decorator.py
[2026-04-26T23:10:48.507+0000] {logging_mixin.py:188} INFO - [2026-04-26T23:10:48.506+0000] {dag.py:3096} INFO - Sync 1 DAGs
[2026-04-26T23:10:48.522+0000] {logging_mixin.py:188} INFO - [2026-04-26T23:10:48.522+0000] {dag.py:3954} INFO - Setting next_dagrun for example_short_circuit_decorator to 2026-04-25 00:00:00+00:00, run_after=2026-04-26 00:00:00+00:00
[2026-04-26T23:10:48.533+0000] {processor.py:183} INFO - Processing /home/airflow/.local/lib/python3.12/site-packages/airflow/example_dags/example_short_circuit_decorator.py took 0.056 seconds
[2026-04-26T23:11:19.203+0000] {processor.py:161} INFO - Started process (PID=418) to work on /home/airflow/.local/lib/python3.12/site-packages/airflow/example_dags/example_short_circuit_decorator.py
[2026-04-26T23:11:19.204+0000] {processor.py:830} INFO - Processing file /home/airflow/.local/lib/python3.12/site-packages/airflow/example_dags/example_short_circuit_decorator.py for tasks to queue
[2026-04-26T23:11:19.205+0000] {logging_mixin.py:188} INFO - [2026-04-26T23:11:19.205+0000] {dagbag.py:545} INFO - Filling up the DagBag from /home/airflow/.local/lib/python3.12/site-packages/airflow/example_dags/example_short_circuit_decorator.py
[2026-04-26T23:11:19.211+0000] {processor.py:840} INFO - DAG(s) 'example_short_circuit_decorator' retrieved from /home/airflow/.local/lib/python3.12/site-packages/airflow/example_dags/example_short_circuit_decorator.py
[2026-04-26T23:11:19.224+0000] {logging_mixin.py:188} INFO - [2026-04-26T23:11:19.224+0000] {dag.py:3096} INFO - Sync 1 DAGs
[2026-04-26T23:11:19.238+0000] {logging_mixin.py:188} INFO - [2026-04-26T23:11:19.238+0000] {dag.py:3954} INFO - Setting next_dagrun for example_short_circuit_decorator to 2026-04-25 00:00:00+00:00, run_after=2026-04-26 00:00:00+00:00
[2026-04-26T23:11:19.250+0000] {processor.py:183} INFO - Processing /home/airflow/.local/lib/python3.12/site-packages/airflow/example_dags/example_short_circuit_decorator.py took 0.051 seconds
[2026-04-26T23:11:49.978+0000] {processor.py:161} INFO - Started process (PID=476) to work on /home/airflow/.local/lib/python3.12/site-packages/airflow/example_dags/example_short_circuit_decorator.py
[2026-04-26T23:11:49.978+0000] {processor.py:830} INFO - Processing file /home/airflow/.local/lib/python3.12/site-packages/airflow/example_dags/example_short_circuit_decorator.py for tasks to queue
[2026-04-26T23:11:49.979+0000] {logging_mixin.py:188} INFO - [2026-04-26T23:11:49.979+0000] {dagbag.py:545} INFO - Filling up the DagBag from /home/airflow/.local/lib/python3.12/site-packages/airflow/example_dags/example_short_circuit_decorator.py
[2026-04-26T23:11:49.984+0000] {processor.py:840} INFO - DAG(s) 'example_short_circuit_decorator' retrieved from /home/airflow/.local/lib/python3.12/site-packages/airflow/example_dags/example_short_circuit_decorator.py
[2026-04-26T23:11:49.997+0000] {logging_mixin.py:188} INFO - [2026-04-26T23:11:49.996+0000] {dag.py:3096} INFO - Sync 1 DAGs
[2026-04-26T23:11:50.007+0000] {logging_mixin.py:188} INFO - [2026-04-26T23:11:50.007+0000] {dag.py:3954} INFO - Setting next_dagrun for example_short_circuit_decorator to 2026-04-25 00:00:00+00:00, run_after=2026-04-26 00:00:00+00:00
[2026-04-26T23:11:50.016+0000] {processor.py:183} INFO - Processing /home/airflow/.local/lib/python3.12/site-packages/airflow/example_dags/example_short_circuit_decorator.py took 0.041 seconds
[2026-04-26T23:12:20.772+0000] {processor.py:161} INFO - Started process (PID=534) to work on /home/airflow/.local/lib/python3.12/site-packages/airflow/example_dags/example_short_circuit_decorator.py
[2026-04-26T23:12:20.773+0000] {processor.py:830} INFO - Processing file /home/airflow/.local/lib/python3.12/site-packages/airflow/example_dags/example_short_circuit_decorator.py for tasks to queue
[2026-04-26T23:12:20.774+0000] {logging_mixin.py:188} INFO - [2026-04-26T23:12:20.773+0000] {dagbag.py:545} INFO - Filling up the DagBag from /home/airflow/.local/lib/python3.12/site-packages/airflow/example_dags/example_short_circuit_decorator.py
[2026-04-26T23:12:20.779+0000] {processor.py:840} INFO - DAG(s) 'example_short_circuit_decorator' retrieved from /home/airflow/.local/lib/python3.12/site-packages/airflow/example_dags/example_short_circuit_decorator.py
[2026-04-26T23:12:20.792+0000] {logging_mixin.py:188} INFO - [2026-04-26T23:12:20.792+0000] {dag.py:3096} INFO - Sync 1 DAGs
[2026-04-26T23:12:20.804+0000] {logging_mixin.py:188} INFO - [2026-04-26T23:12:20.804+0000] {dag.py:3954} INFO - Setting next_dagrun for example_short_circuit_decorator to 2026-04-25 00:00:00+00:00, run_after=2026-04-26 00:00:00+00:00
[2026-04-26T23:12:20.815+0000] {processor.py:183} INFO - Processing /home/airflow/.local/lib/python3.12/site-packages/airflow/example_dags/example_short_circuit_decorator.py took 0.046 seconds
[2026-04-26T23:12:51.596+0000] {processor.py:161} INFO - Started process (PID=592) to work on /home/airflow/.local/lib/python3.12/site-packages/airflow/example_dags/example_short_circuit_decorator.py
[2026-04-26T23:12:51.597+0000] {processor.py:830} INFO - Processing file /home/airflow/.local/lib/python3.12/site-packages/airflow/example_dags/example_short_circuit_decorator.py for tasks to queue
[2026-04-26T23:12:51.599+0000] {logging_mixin.py:188} INFO - [2026-04-26T23:12:51.598+0000] {dagbag.py:545} INFO - Filling up the DagBag from /home/airflow/.local/lib/python3.12/site-packages/airflow/example_dags/example_short_circuit_decorator.py
[2026-04-26T23:12:51.608+0000] {processor.py:840} INFO - DAG(s) 'example_short_circuit_decorator' retrieved from /home/airflow/.local/lib/python3.12/site-packages/airflow/example_dags/example_short_circuit_decorator.py
[2026-04-26T23:12:51.629+0000] {logging_mixin.py:188} INFO - [2026-04-26T23:12:51.628+0000] {dag.py:3096} INFO - Sync 1 DAGs
[2026-04-26T23:12:51.650+0000] {logging_mixin.py:188} INFO - [2026-04-26T23:12:51.650+0000] {dag.py:3954} INFO - Setting next_dagrun for example_short_circuit_decorator to 2026-04-25 00:00:00+00:00, run_after=2026-04-26 00:00:00+00:00
[2026-04-26T23:12:51.668+0000] {processor.py:183} INFO - Processing /home/airflow/.local/lib/python3.12/site-packages/airflow/example_dags/example_short_circuit_decorator.py took 0.078 seconds
[2026-04-26T23:13:21.693+0000] {processor.py:161} INFO - Started process (PID=650) to work on /home/airflow/.local/lib/python3.12/site-packages/airflow/example_dags/example_short_circuit_decorator.py
[2026-04-26T23:13:21.694+0000] {processor.py:830} INFO - Processing file /home/airflow/.local/lib/python3.12/site-packages/airflow/example_dags/example_short_circuit_decorator.py for tasks to queue
[2026-04-26T23:13:21.695+0000] {logging_mixin.py:188} INFO - [2026-04-26T23:13:21.695+0000] {dagbag.py:545} INFO - Filling up the DagBag from /home/airflow/.local/lib/python3.12/site-packages/airflow/example_dags/example_short_circuit_decorator.py
[2026-04-26T23:13:21.701+0000] {processor.py:840} INFO - DAG(s) 'example_short_circuit_decorator' retrieved from /home/airflow/.local/lib/python3.12/site-packages/airflow/example_dags/example_short_circuit_decorator.py
[2026-04-26T23:13:21.715+0000] {logging_mixin.py:188} INFO - [2026-04-26T23:13:21.714+0000] {dag.py:3096} INFO - Sync 1 DAGs
[2026-04-26T23:13:21.728+0000] {logging_mixin.py:188} INFO - [2026-04-26T23:13:21.728+0000] {dag.py:3954} INFO - Setting next_dagrun for example_short_circuit_decorator to 2026-04-25 00:00:00+00:00, run_after=2026-04-26 00:00:00+00:00
[2026-04-26T23:13:21.738+0000] {processor.py:183} INFO - Processing /home/airflow/.local/lib/python3.12/site-packages/airflow/example_dags/example_short_circuit_decorator.py took 0.049 seconds
[2026-04-26T23:13:52.001+0000] {processor.py:161} INFO - Started process (PID=708) to work on /home/airflow/.local/lib/python3.12/site-packages/airflow/example_dags/example_short_circuit_decorator.py
[2026-04-26T23:13:52.001+0000] {processor.py:830} INFO - Processing file /home/airflow/.local/lib/python3.12/site-packages/airflow/example_dags/example_short_circuit_decorator.py for tasks to queue
[2026-04-26T23:13:52.002+0000] {logging_mixin.py:188} INFO - [2026-04-26T23:13:52.002+0000] {dagbag.py:545} INFO - Filling up the DagBag from /home/airflow/.local/lib/python3.12/site-packages/airflow/example_dags/example_short_circuit_decorator.py
[2026-04-26T23:13:52.007+0000] {processor.py:840} INFO - DAG(s) 'example_short_circuit_decorator' retrieved from /home/airflow/.local/lib/python3.12/site-packages/airflow/example_dags/example_short_circuit_decorator.py
[2026-04-26T23:13:52.019+0000] {logging_mixin.py:188} INFO - [2026-04-26T23:13:52.019+0000] {dag.py:3096} INFO - Sync 1 DAGs
[2026-04-26T23:13:52.030+0000] {logging_mixin.py:188} INFO - [2026-04-26T23:13:52.030+0000] {dag.py:3954} INFO - Setting next_dagrun for example_short_circuit_decorator to 2026-04-25 00:00:00+00:00, run_after=2026-04-26 00:00:00+00:00
[2026-04-26T23:13:52.040+0000] {processor.py:183} INFO - Processing /home/airflow/.local/lib/python3.12/site-packages/airflow/example_dags/example_short_circuit_decorator.py took 0.043 seconds
[2026-04-26T23:14:22.637+0000] {processor.py:161} INFO - Started process (PID=766) to work on /home/airflow/.local/lib/python3.12/site-packages/airflow/example_dags/example_short_circuit_decorator.py
[2026-04-26T23:14:22.637+0000] {processor.py:830} INFO - Processing file /home/airflow/.local/lib/python3.12/site-packages/airflow/example_dags/example_short_circuit_decorator.py for tasks to queue
[2026-04-26T23:14:22.638+0000] {logging_mixin.py:188} INFO - [2026-04-26T23:14:22.638+0000] {dagbag.py:545} INFO - Filling up the DagBag from /home/airflow/.local/lib/python3.12/site-packages/airflow/example_dags/example_short_circuit_decorator.py
[2026-04-26T23:14:22.643+0000] {processor.py:840} INFO - DAG(s) 'example_short_circuit_decorator' retrieved from /home/airflow/.local/lib/python3.12/site-packages/airflow/example_dags/example_short_circuit_decorator.py
[2026-04-26T23:14:22.655+0000] {logging_mixin.py:188} INFO - [2026-04-26T23:14:22.655+0000] {dag.py:3096} INFO - Sync 1 DAGs
[2026-04-26T23:14:22.666+0000] {logging_mixin.py:188} INFO - [2026-04-26T23:14:22.666+0000] {dag.py:3954} INFO - Setting next_dagrun for example_short_circuit_decorator to 2026-04-25 00:00:00+00:00, run_after=2026-04-26 00:00:00+00:00
[2026-04-26T23:14:22.676+0000] {processor.py:183} INFO - Processing /home/airflow/.local/lib/python3.12/site-packages/airflow/example_dags/example_short_circuit_decorator.py took 0.042 seconds
[2026-04-26T23:14:53.423+0000] {processor.py:161} INFO - Started process (PID=824) to work on /home/airflow/.local/lib/python3.12/site-packages/airflow/example_dags/example_short_circuit_decorator.py
[2026-04-26T23:14:53.424+0000] {processor.py:830} INFO - Processing file /home/airflow/.local/lib/python3.12/site-packages/airflow/example_dags/example_short_circuit_decorator.py for tasks to queue
[2026-04-26T23:14:53.425+0000] {logging_mixin.py:188} INFO - [2026-04-26T23:14:53.424+0000] {dagbag.py:545} INFO - Filling up the DagBag from /home/airflow/.local/lib/python3.12/site-packages/airflow/example_dags/example_short_circuit_decorator.py
[2026-04-26T23:14:53.430+0000] {processor.py:840} INFO - DAG(s) 'example_short_circuit_decorator' retrieved from /home/airflow/.local/lib/python3.12/site-packages/airflow/example_dags/example_short_circuit_decorator.py
[2026-04-26T23:14:53.443+0000] {logging_mixin.py:188} INFO - [2026-04-26T23:14:53.443+0000] {dag.py:3096} INFO - Sync 1 DAGs
[2026-04-26T23:14:53.457+0000] {logging_mixin.py:188} INFO - [2026-04-26T23:14:53.457+0000] {dag.py:3954} INFO - Setting next_dagrun for example_short_circuit_decorator to 2026-04-25 00:00:00+00:00, run_after=2026-04-26 00:00:00+00:00
[2026-04-26T23:14:53.469+0000] {processor.py:183} INFO - Processing /home/airflow/.local/lib/python3.12/site-packages/airflow/example_dags/example_short_circuit_decorator.py took 0.051 seconds
[2026-04-26T23:15:23.497+0000] {processor.py:161} INFO - Started process (PID=882) to work on /home/airflow/.local/lib/python3.12/site-packages/airflow/example_dags/example_short_circuit_decorator.py
[2026-04-26T23:15:23.498+0000] {processor.py:830} INFO - Processing file /home/airflow/.local/lib/python3.12/site-packages/airflow/example_dags/example_short_circuit_decorator.py for tasks to queue
[2026-04-26T23:15:23.499+0000] {logging_mixin.py:188} INFO - [2026-04-26T23:15:23.498+0000] {dagbag.py:545} INFO - Filling up the DagBag from /home/airflow/.local/lib/python3.12/site-packages/airflow/example_dags/example_short_circuit_decorator.py
[2026-04-26T23:15:23.503+0000] {processor.py:840} INFO - DAG(s) 'example_short_circuit_decorator' retrieved from /home/airflow/.local/lib/python3.12/site-packages/airflow/example_dags/example_short_circuit_decorator.py
[2026-04-26T23:15:23.515+0000] {logging_mixin.py:188} INFO - [2026-04-26T23:15:23.515+0000] {dag.py:3096} INFO - Sync 1 DAGs
[2026-04-26T23:15:23.526+0000] {logging_mixin.py:188} INFO - [2026-04-26T23:15:23.526+0000] {dag.py:3954} INFO - Setting next_dagrun for example_short_circuit_decorator to 2026-04-25 00:00:00+00:00, run_after=2026-04-26 00:00:00+00:00
[2026-04-26T23:15:23.535+0000] {processor.py:183} INFO - Processing /home/airflow/.local/lib/python3.12/site-packages/airflow/example_dags/example_short_circuit_decorator.py took 0.041 seconds
[2026-04-26T23:15:53.706+0000] {processor.py:161} INFO - Started process (PID=940) to work on /home/airflow/.local/lib/python3.12/site-packages/airflow/example_dags/example_short_circuit_decorator.py
[2026-04-26T23:15:53.706+0000] {processor.py:830} INFO - Processing file /home/airflow/.local/lib/python3.12/site-packages/airflow/example_dags/example_short_circuit_decorator.py for tasks to queue
[2026-04-26T23:15:53.707+0000] {logging_mixin.py:188} INFO - [2026-04-26T23:15:53.707+0000] {dagbag.py:545} INFO - Filling up the DagBag from /home/airflow/.local/lib/python3.12/site-packages/airflow/example_dags/example_short_circuit_decorator.py
[2026-04-26T23:15:53.712+0000] {processor.py:840} INFO - DAG(s) 'example_short_circuit_decorator' retrieved from /home/airflow/.local/lib/python3.12/site-packages/airflow/example_dags/example_short_circuit_decorator.py
[2026-04-26T23:15:53.723+0000] {logging_mixin.py:188} INFO - [2026-04-26T23:15:53.723+0000] {dag.py:3096} INFO - Sync 1 DAGs
[2026-04-26T23:15:53.735+0000] {logging_mixin.py:188} INFO - [2026-04-26T23:15:53.735+0000] {dag.py:3954} INFO - Setting next_dagrun for example_short_circuit_decorator to 2026-04-25 00:00:00+00:00, run_after=2026-04-26 00:00:00+00:00
[2026-04-26T23:15:53.744+0000] {processor.py:183} INFO - Processing /home/airflow/.local/lib/python3.12/site-packages/airflow/example_dags/example_short_circuit_decorator.py took 0.042 seconds
[2026-04-26T23:16:23.899+0000] {processor.py:161} INFO - Started process (PID=998) to work on /home/airflow/.local/lib/python3.12/site-packages/airflow/example_dags/example_short_circuit_decorator.py
[2026-04-26T23:16:23.900+0000] {processor.py:830} INFO - Processing file /home/airflow/.local/lib/python3.12/site-packages/airflow/example_dags/example_short_circuit_decorator.py for tasks to queue
[2026-04-26T23:16:23.901+0000] {logging_mixin.py:188} INFO - [2026-04-26T23:16:23.901+0000] {dagbag.py:545} INFO - Filling up the DagBag from /home/airflow/.local/lib/python3.12/site-packages/airflow/example_dags/example_short_circuit_decorator.py
[2026-04-26T23:16:23.905+0000] {processor.py:840} INFO - DAG(s) 'example_short_circuit_decorator' retrieved from /home/airflow/.local/lib/python3.12/site-packages/airflow/example_dags/example_short_circuit_decorator.py
[2026-04-26T23:16:23.917+0000] {logging_mixin.py:188} INFO - [2026-04-26T23:16:23.917+0000] {dag.py:3096} INFO - Sync 1 DAGs
[2026-04-26T23:16:23.929+0000] {logging_mixin.py:188} INFO - [2026-04-26T23:16:23.928+0000] {dag.py:3954} INFO - Setting next_dagrun for example_short_circuit_decorator to 2026-04-25 00:00:00+00:00, run_after=2026-04-26 00:00:00+00:00
[2026-04-26T23:16:23.938+0000] {processor.py:183} INFO - Processing /home/airflow/.local/lib/python3.12/site-packages/airflow/example_dags/example_short_circuit_decorator.py took 0.042 seconds
[2026-04-26T23:16:54.144+0000] {processor.py:161} INFO - Started process (PID=1056) to work on /home/airflow/.local/lib/python3.12/site-packages/airflow/example_dags/example_short_circuit_decorator.py
[2026-04-26T23:16:54.145+0000] {processor.py:830} INFO - Processing file /home/airflow/.local/lib/python3.12/site-packages/airflow/example_dags/example_short_circuit_decorator.py for tasks to queue
[2026-04-26T23:16:54.146+0000] {logging_mixin.py:188} INFO - [2026-04-26T23:16:54.145+0000] {dagbag.py:545} INFO - Filling up the DagBag from /home/airflow/.local/lib/python3.12/site-packages/airflow/example_dags/example_short_circuit_decorator.py
[2026-04-26T23:16:54.150+0000] {processor.py:840} INFO - DAG(s) 'example_short_circuit_decorator' retrieved from /home/airflow/.local/lib/python3.12/site-packages/airflow/example_dags/example_short_circuit_decorator.py
[2026-04-26T23:16:54.163+0000] {logging_mixin.py:188} INFO - [2026-04-26T23:16:54.163+0000] {dag.py:3096} INFO - Sync 1 DAGs
[2026-04-26T23:16:54.173+0000] {logging_mixin.py:188} INFO - [2026-04-26T23:16:54.173+0000] {dag.py:3954} INFO - Setting next_dagrun for example_short_circuit_decorator to 2026-04-25 00:00:00+00:00, run_after=2026-04-26 00:00:00+00:00
[2026-04-26T23:16:54.183+0000] {processor.py:183} INFO - Processing /home/airflow/.local/lib/python3.12/site-packages/airflow/example_dags/example_short_circuit_decorator.py took 0.042 seconds
[2026-04-26T23:17:24.488+0000] {processor.py:161} INFO - Started process (PID=1114) to work on /home/airflow/.local/lib/python3.12/site-packages/airflow/example_dags/example_short_circuit_decorator.py
[2026-04-26T23:17:24.488+0000] {processor.py:830} INFO - Processing file /home/airflow/.local/lib/python3.12/site-packages/airflow/example_dags/example_short_circuit_decorator.py for tasks to queue
[2026-04-26T23:17:24.489+0000] {logging_mixin.py:188} INFO - [2026-04-26T23:17:24.489+0000] {dagbag.py:545} INFO - Filling up the DagBag from /home/airflow/.local/lib/python3.12/site-packages/airflow/example_dags/example_short_circuit_decorator.py
[2026-04-26T23:17:24.495+0000] {processor.py:840} INFO - DAG(s) 'example_short_circuit_decorator' retrieved from /home/airflow/.local/lib/python3.12/site-packages/airflow/example_dags/example_short_circuit_decorator.py
[2026-04-26T23:17:24.507+0000] {logging_mixin.py:188} INFO - [2026-04-26T23:17:24.507+0000] {dag.py:3096} INFO - Sync 1 DAGs
[2026-04-26T23:17:24.520+0000] {logging_mixin.py:188} INFO - [2026-04-26T23:17:24.520+0000] {dag.py:3954} INFO - Setting next_dagrun for example_short_circuit_decorator to 2026-04-25 00:00:00+00:00, run_after=2026-04-26 00:00:00+00:00
[2026-04-26T23:17:24.529+0000] {processor.py:183} INFO - Processing /home/airflow/.local/lib/python3.12/site-packages/airflow/example_dags/example_short_circuit_decorator.py took 0.045 seconds
[2026-04-26T23:17:54.765+0000] {processor.py:161} INFO - Started process (PID=1172) to work on /home/airflow/.local/lib/python3.12/site-packages/airflow/example_dags/example_short_circuit_decorator.py
[2026-04-26T23:17:54.765+0000] {processor.py:830} INFO - Processing file /home/airflow/.local/lib/python3.12/site-packages/airflow/example_dags/example_short_circuit_decorator.py for tasks to queue
[2026-04-26T23:17:54.766+0000] {logging_mixin.py:188} INFO - [2026-04-26T23:17:54.766+0000] {dagbag.py:545} INFO - Filling up the DagBag from /home/airflow/.local/lib/python3.12/site-packages/airflow/example_dags/example_short_circuit_decorator.py
[2026-04-26T23:17:54.770+0000] {processor.py:840} INFO - DAG(s) 'example_short_circuit_decorator' retrieved from /home/airflow/.local/lib/python3.12/site-packages/airflow/example_dags/example_short_circuit_decorator.py
[2026-04-26T23:17:54.782+0000] {logging_mixin.py:188} INFO - [2026-04-26T23:17:54.782+0000] {dag.py:3096} INFO - Sync 1 DAGs
[2026-04-26T23:17:54.793+0000] {logging_mixin.py:188} INFO - [2026-04-26T23:17:54.793+0000] {dag.py:3954} INFO - Setting next_dagrun for example_short_circuit_decorator to 2026-04-25 00:00:00+00:00, run_after=2026-04-26 00:00:00+00:00
[2026-04-26T23:17:54.803+0000] {processor.py:183} INFO - Processing /home/airflow/.local/lib/python3.12/site-packages/airflow/example_dags/example_short_circuit_decorator.py took 0.042 seconds
[2026-04-26T23:18:25.848+0000] {processor.py:161} INFO - Started process (PID=1231) to work on /home/airflow/.local/lib/python3.12/site-packages/airflow/example_dags/example_short_circuit_decorator.py
[2026-04-26T23:18:25.849+0000] {processor.py:830} INFO - Processing file /home/airflow/.local/lib/python3.12/site-packages/airflow/example_dags/example_short_circuit_decorator.py for tasks to queue
[2026-04-26T23:18:25.850+0000] {logging_mixin.py:188} INFO - [2026-04-26T23:18:25.850+0000] {dagbag.py:545} INFO - Filling up the DagBag from /home/airflow/.local/lib/python3.12/site-packages/airflow/example_dags/example_short_circuit_decorator.py
[2026-04-26T23:18:25.859+0000] {processor.py:840} INFO - DAG(s) 'example_short_circuit_decorator' retrieved from /home/airflow/.local/lib/python3.12/site-packages/airflow/example_dags/example_short_circuit_decorator.py
[2026-04-26T23:18:25.878+0000] {logging_mixin.py:188} INFO - [2026-04-26T23:18:25.878+0000] {dag.py:3096} INFO - Sync 1 DAGs
[2026-04-26T23:18:25.896+0000] {logging_mixin.py:188} INFO - [2026-04-26T23:18:25.896+0000] {dag.py:3954} INFO - Setting next_dagrun for example_short_circuit_decorator to 2026-04-25 00:00:00+00:00, run_after=2026-04-26 00:00:00+00:00
[2026-04-26T23:18:25.910+0000] {processor.py:183} INFO - Processing /home/airflow/.local/lib/python3.12/site-packages/airflow/example_dags/example_short_circuit_decorator.py took 0.067 seconds
[2026-04-26T23:18:56.281+0000] {processor.py:161} INFO - Started process (PID=1290) to work on /home/airflow/.local/lib/python3.12/site-packages/airflow/example_dags/example_short_circuit_decorator.py
[2026-04-26T23:18:56.282+0000] {processor.py:830} INFO - Processing file /home/airflow/.local/lib/python3.12/site-packages/airflow/example_dags/example_short_circuit_decorator.py for tasks to queue
[2026-04-26T23:18:56.283+0000] {logging_mixin.py:188} INFO - [2026-04-26T23:18:56.283+0000] {dagbag.py:545} INFO - Filling up the DagBag from /home/airflow/.local/lib/python3.12/site-packages/airflow/example_dags/example_short_circuit_decorator.py
[2026-04-26T23:18:56.288+0000] {processor.py:840} INFO - DAG(s) 'example_short_circuit_decorator' retrieved from /home/airflow/.local/lib/python3.12/site-packages/airflow/example_dags/example_short_circuit_decorator.py
[2026-04-26T23:18:56.300+0000] {logging_mixin.py:188} INFO - [2026-04-26T23:18:56.300+0000] {dag.py:3096} INFO - Sync 1 DAGs
[2026-04-26T23:18:56.310+0000] {logging_mixin.py:188} INFO - [2026-04-26T23:18:56.310+0000] {dag.py:3954} INFO - Setting next_dagrun for example_short_circuit_decorator to 2026-04-25 00:00:00+00:00, run_after=2026-04-26 00:00:00+00:00
[2026-04-26T23:18:56.319+0000] {processor.py:183} INFO - Processing /home/airflow/.local/lib/python3.12/site-packages/airflow/example_dags/example_short_circuit_decorator.py took 0.041 seconds
[2026-04-26T23:19:26.546+0000] {processor.py:161} INFO - Started process (PID=1349) to work on /home/airflow/.local/lib/python3.12/site-packages/airflow/example_dags/example_short_circuit_decorator.py
[2026-04-26T23:19:26.547+0000] {processor.py:830} INFO - Processing file /home/airflow/.local/lib/python3.12/site-packages/airflow/example_dags/example_short_circuit_decorator.py for tasks to queue
[2026-04-26T23:19:26.548+0000] {logging_mixin.py:188} INFO - [2026-04-26T23:19:26.548+0000] {dagbag.py:545} INFO - Filling up the DagBag from /home/airflow/.local/lib/python3.12/site-packages/airflow/example_dags/example_short_circuit_decorator.py
[2026-04-26T23:19:26.554+0000] {processor.py:840} INFO - DAG(s) 'example_short_circuit_decorator' retrieved from /home/airflow/.local/lib/python3.12/site-packages/airflow/example_dags/example_short_circuit_decorator.py
[2026-04-26T23:19:26.569+0000] {logging_mixin.py:188} INFO - [2026-04-26T23:19:26.568+0000] {dag.py:3096} INFO - Sync 1 DAGs
[2026-04-26T23:19:26.582+0000] {logging_mixin.py:188} INFO - [2026-04-26T23:19:26.582+0000] {dag.py:3954} INFO - Setting next_dagrun for example_short_circuit_decorator to 2026-04-25 00:00:00+00:00, run_after=2026-04-26 00:00:00+00:00
[2026-04-26T23:19:26.591+0000] {processor.py:183} INFO - Processing /home/airflow/.local/lib/python3.12/site-packages/airflow/example_dags/example_short_circuit_decorator.py took 0.049 seconds
[2026-04-26T23:19:56.900+0000] {processor.py:161} INFO - Started process (PID=1408) to work on /home/airflow/.local/lib/python3.12/site-packages/airflow/example_dags/example_short_circuit_decorator.py
[2026-04-26T23:19:56.900+0000] {processor.py:830} INFO - Processing file /home/airflow/.local/lib/python3.12/site-packages/airflow/example_dags/example_short_circuit_decorator.py for tasks to queue
[2026-04-26T23:19:56.901+0000] {logging_mixin.py:188} INFO - [2026-04-26T23:19:56.901+0000] {dagbag.py:545} INFO - Filling up the DagBag from /home/airflow/.local/lib/python3.12/site-packages/airflow/example_dags/example_short_circuit_decorator.py
[2026-04-26T23:19:56.906+0000] {processor.py:840} INFO - DAG(s) 'example_short_circuit_decorator' retrieved from /home/airflow/.local/lib/python3.12/site-packages/airflow/example_dags/example_short_circuit_decorator.py
[2026-04-26T23:19:56.918+0000] {logging_mixin.py:188} INFO - [2026-04-26T23:19:56.918+0000] {dag.py:3096} INFO - Sync 1 DAGs
[2026-04-26T23:19:56.929+0000] {logging_mixin.py:188} INFO - [2026-04-26T23:19:56.929+0000] {dag.py:3954} INFO - Setting next_dagrun for example_short_circuit_decorator to 2026-04-25 00:00:00+00:00, run_after=2026-04-26 00:00:00+00:00
[2026-04-26T23:19:56.938+0000] {processor.py:183} INFO - Processing /home/airflow/.local/lib/python3.12/site-packages/airflow/example_dags/example_short_circuit_decorator.py took 0.042 seconds
[2026-04-26T23:20:27.156+0000] {processor.py:161} INFO - Started process (PID=1467) to work on /home/airflow/.local/lib/python3.12/site-packages/airflow/example_dags/example_short_circuit_decorator.py
[2026-04-26T23:20:27.157+0000] {processor.py:830} INFO - Processing file /home/airflow/.local/lib/python3.12/site-packages/airflow/example_dags/example_short_circuit_decorator.py for tasks to queue
[2026-04-26T23:20:27.158+0000] {logging_mixin.py:188} INFO - [2026-04-26T23:20:27.158+0000] {dagbag.py:545} INFO - Filling up the DagBag from /home/airflow/.local/lib/python3.12/site-packages/airflow/example_dags/example_short_circuit_decorator.py
[2026-04-26T23:20:27.163+0000] {processor.py:840} INFO - DAG(s) 'example_short_circuit_decorator' retrieved from /home/airflow/.local/lib/python3.12/site-packages/airflow/example_dags/example_short_circuit_decorator.py
[2026-04-26T23:20:27.176+0000] {logging_mixin.py:188} INFO - [2026-04-26T23:20:27.175+0000] {dag.py:3096} INFO - Sync 1 DAGs
[2026-04-26T23:20:27.187+0000] {logging_mixin.py:188} INFO - [2026-04-26T23:20:27.187+0000] {dag.py:3954} INFO - Setting next_dagrun for example_short_circuit_decorator to 2026-04-25 00:00:00+00:00, run_after=2026-04-26 00:00:00+00:00
[2026-04-26T23:20:27.196+0000] {processor.py:183} INFO - Processing /home/airflow/.local/lib/python3.12/site-packages/airflow/example_dags/example_short_circuit_decorator.py took 0.044 seconds
[2026-04-26T23:20:57.329+0000] {processor.py:161} INFO - Started process (PID=1526) to work on /home/airflow/.local/lib/python3.12/site-packages/airflow/example_dags/example_short_circuit_decorator.py
[2026-04-26T23:20:57.330+0000] {processor.py:830} INFO - Processing file /home/airflow/.local/lib/python3.12/site-packages/airflow/example_dags/example_short_circuit_decorator.py for tasks to queue
[2026-04-26T23:20:57.331+0000] {logging_mixin.py:188} INFO - [2026-04-26T23:20:57.331+0000] {dagbag.py:545} INFO - Filling up the DagBag from /home/airflow/.local/lib/python3.12/site-packages/airflow/example_dags/example_short_circuit_decorator.py
[2026-04-26T23:20:57.337+0000] {processor.py:840} INFO - DAG(s) 'example_short_circuit_decorator' retrieved from /home/airflow/.local/lib/python3.12/site-packages/airflow/example_dags/example_short_circuit_decorator.py
[2026-04-26T23:20:57.354+0000] {logging_mixin.py:188} INFO - [2026-04-26T23:20:57.354+0000] {dag.py:3096} INFO - Sync 1 DAGs
[2026-04-26T23:20:57.368+0000] {logging_mixin.py:188} INFO - [2026-04-26T23:20:57.368+0000] {dag.py:3954} INFO - Setting next_dagrun for example_short_circuit_decorator to 2026-04-25 00:00:00+00:00, run_after=2026-04-26 00:00:00+00:00
[2026-04-26T23:20:57.382+0000] {processor.py:183} INFO - Processing /home/airflow/.local/lib/python3.12/site-packages/airflow/example_dags/example_short_circuit_decorator.py took 0.057 seconds
[2026-04-26T23:21:27.632+0000] {processor.py:161} INFO - Started process (PID=1585) to work on /home/airflow/.local/lib/python3.12/site-packages/airflow/example_dags/example_short_circuit_decorator.py
[2026-04-26T23:21:27.633+0000] {processor.py:830} INFO - Processing file /home/airflow/.local/lib/python3.12/site-packages/airflow/example_dags/example_short_circuit_decorator.py for tasks to queue
[2026-04-26T23:21:27.634+0000] {logging_mixin.py:188} INFO - [2026-04-26T23:21:27.634+0000] {dagbag.py:545} INFO - Filling up the DagBag from /home/airflow/.local/lib/python3.12/site-packages/airflow/example_dags/example_short_circuit_decorator.py
[2026-04-26T23:21:27.639+0000] {processor.py:840} INFO - DAG(s) 'example_short_circuit_decorator' retrieved from /home/airflow/.local/lib/python3.12/site-packages/airflow/example_dags/example_short_circuit_decorator.py
[2026-04-26T23:21:27.651+0000] {logging_mixin.py:188} INFO - [2026-04-26T23:21:27.651+0000] {dag.py:3096} INFO - Sync 1 DAGs
[2026-04-26T23:21:27.664+0000] {logging_mixin.py:188} INFO - [2026-04-26T23:21:27.664+0000] {dag.py:3954} INFO - Setting next_dagrun for example_short_circuit_decorator to 2026-04-25 00:00:00+00:00, run_after=2026-04-26 00:00:00+00:00
[2026-04-26T23:21:27.674+0000] {processor.py:183} INFO - Processing /home/airflow/.local/lib/python3.12/site-packages/airflow/example_dags/example_short_circuit_decorator.py took 0.045 seconds
[2026-04-26T23:21:58.620+0000] {processor.py:161} INFO - Started process (PID=1645) to work on /home/airflow/.local/lib/python3.12/site-packages/airflow/example_dags/example_short_circuit_decorator.py
[2026-04-26T23:21:58.620+0000] {processor.py:830} INFO - Processing file /home/airflow/.local/lib/python3.12/site-packages/airflow/example_dags/example_short_circuit_decorator.py for tasks to queue
[2026-04-26T23:21:58.621+0000] {logging_mixin.py:188} INFO - [2026-04-26T23:21:58.621+0000] {dagbag.py:545} INFO - Filling up the DagBag from /home/airflow/.local/lib/python3.12/site-packages/airflow/example_dags/example_short_circuit_decorator.py
[2026-04-26T23:21:58.626+0000] {processor.py:840} INFO - DAG(s) 'example_short_circuit_decorator' retrieved from /home/airflow/.local/lib/python3.12/site-packages/airflow/example_dags/example_short_circuit_decorator.py
[2026-04-26T23:21:58.639+0000] {logging_mixin.py:188} INFO - [2026-04-26T23:21:58.639+0000] {dag.py:3096} INFO - Sync 1 DAGs
[2026-04-26T23:21:58.652+0000] {logging_mixin.py:188} INFO - [2026-04-26T23:21:58.652+0000] {dag.py:3954} INFO - Setting next_dagrun for example_short_circuit_decorator to 2026-04-25 00:00:00+00:00, run_after=2026-04-26 00:00:00+00:00
[2026-04-26T23:21:58.663+0000] {processor.py:183} INFO - Processing /home/airflow/.local/lib/python3.12/site-packages/airflow/example_dags/example_short_circuit_decorator.py took 0.046 seconds
[2026-04-26T23:22:28.979+0000] {processor.py:161} INFO - Started process (PID=1704) to work on /home/airflow/.local/lib/python3.12/site-packages/airflow/example_dags/example_short_circuit_decorator.py
[2026-04-26T23:22:28.979+0000] {processor.py:830} INFO - Processing file /home/airflow/.local/lib/python3.12/site-packages/airflow/example_dags/example_short_circuit_decorator.py for tasks to queue
[2026-04-26T23:22:28.980+0000] {logging_mixin.py:188} INFO - [2026-04-26T23:22:28.980+0000] {dagbag.py:545} INFO - Filling up the DagBag from /home/airflow/.local/lib/python3.12/site-packages/airflow/example_dags/example_short_circuit_decorator.py
[2026-04-26T23:22:28.985+0000] {processor.py:840} INFO - DAG(s) 'example_short_circuit_decorator' retrieved from /home/airflow/.local/lib/python3.12/site-packages/airflow/example_dags/example_short_circuit_decorator.py
[2026-04-26T23:22:28.997+0000] {logging_mixin.py:188} INFO - [2026-04-26T23:22:28.997+0000] {dag.py:3096} INFO - Sync 1 DAGs
[2026-04-26T23:22:29.008+0000] {logging_mixin.py:188} INFO - [2026-04-26T23:22:29.008+0000] {dag.py:3954} INFO - Setting next_dagrun for example_short_circuit_decorator to 2026-04-25 00:00:00+00:00, run_after=2026-04-26 00:00:00+00:00
[2026-04-26T23:22:29.017+0000] {processor.py:183} INFO - Processing /home/airflow/.local/lib/python3.12/site-packages/airflow/example_dags/example_short_circuit_decorator.py took 0.041 seconds
[2026-04-26T23:22:59.224+0000] {processor.py:161} INFO - Started process (PID=1764) to work on /home/airflow/.local/lib/python3.12/site-packages/airflow/example_dags/example_short_circuit_decorator.py
[2026-04-26T23:22:59.225+0000] {processor.py:830} INFO - Processing file /home/airflow/.local/lib/python3.12/site-packages/airflow/example_dags/example_short_circuit_decorator.py for tasks to queue
[2026-04-26T23:22:59.226+0000] {logging_mixin.py:188} INFO - [2026-04-26T23:22:59.226+0000] {dagbag.py:545} INFO - Filling up the DagBag from /home/airflow/.local/lib/python3.12/site-packages/airflow/example_dags/example_short_circuit_decorator.py
[2026-04-26T23:22:59.231+0000] {processor.py:840} INFO - DAG(s) 'example_short_circuit_decorator' retrieved from /home/airflow/.local/lib/python3.12/site-packages/airflow/example_dags/example_short_circuit_decorator.py
[2026-04-26T23:22:59.244+0000] {logging_mixin.py:188} INFO - [2026-04-26T23:22:59.244+0000] {dag.py:3096} INFO - Sync 1 DAGs
[2026-04-26T23:22:59.257+0000] {logging_mixin.py:188} INFO - [2026-04-26T23:22:59.257+0000] {dag.py:3954} INFO - Setting next_dagrun for example_short_circuit_decorator to 2026-04-25 00:00:00+00:00, run_after=2026-04-26 00:00:00+00:00
[2026-04-26T23:22:59.266+0000] {processor.py:183} INFO - Processing /home/airflow/.local/lib/python3.12/site-packages/airflow/example_dags/example_short_circuit_decorator.py took 0.046 seconds
[2026-04-26T23:23:30.012+0000] {processor.py:161} INFO - Started process (PID=1823) to work on /home/airflow/.local/lib/python3.12/site-packages/airflow/example_dags/example_short_circuit_decorator.py
[2026-04-26T23:23:30.013+0000] {processor.py:830} INFO - Processing file /home/airflow/.local/lib/python3.12/site-packages/airflow/example_dags/example_short_circuit_decorator.py for tasks to queue
[2026-04-26T23:23:30.014+0000] {logging_mixin.py:188} INFO - [2026-04-26T23:23:30.014+0000] {dagbag.py:545} INFO - Filling up the DagBag from /home/airflow/.local/lib/python3.12/site-packages/airflow/example_dags/example_short_circuit_decorator.py
[2026-04-26T23:23:30.019+0000] {processor.py:840} INFO - DAG(s) 'example_short_circuit_decorator' retrieved from /home/airflow/.local/lib/python3.12/site-packages/airflow/example_dags/example_short_circuit_decorator.py
[2026-04-26T23:23:30.031+0000] {logging_mixin.py:188} INFO - [2026-04-26T23:23:30.031+0000] {dag.py:3096} INFO - Sync 1 DAGs
[2026-04-26T23:23:30.042+0000] {logging_mixin.py:188} INFO - [2026-04-26T23:23:30.042+0000] {dag.py:3954} INFO - Setting next_dagrun for example_short_circuit_decorator to 2026-04-25 00:00:00+00:00, run_after=2026-04-26 00:00:00+00:00
[2026-04-26T23:23:30.052+0000] {processor.py:183} INFO - Processing /home/airflow/.local/lib/python3.12/site-packages/airflow/example_dags/example_short_circuit_decorator.py took 0.043 seconds
[2026-04-26T23:24:01.200+0000] {processor.py:161} INFO - Started process (PID=1882) to work on /home/airflow/.local/lib/python3.12/site-packages/airflow/example_dags/example_short_circuit_decorator.py
[2026-04-26T23:24:01.200+0000] {processor.py:830} INFO - Processing file /home/airflow/.local/lib/python3.12/site-packages/airflow/example_dags/example_short_circuit_decorator.py for tasks to queue
[2026-04-26T23:24:01.201+0000] {logging_mixin.py:188} INFO - [2026-04-26T23:24:01.201+0000] {dagbag.py:545} INFO - Filling up the DagBag from /home/airflow/.local/lib/python3.12/site-packages/airflow/example_dags/example_short_circuit_decorator.py
[2026-04-26T23:24:01.206+0000] {processor.py:840} INFO - DAG(s) 'example_short_circuit_decorator' retrieved from /home/airflow/.local/lib/python3.12/site-packages/airflow/example_dags/example_short_circuit_decorator.py
[2026-04-26T23:24:01.327+0000] {logging_mixin.py:188} INFO - [2026-04-26T23:24:01.327+0000] {dag.py:3096} INFO - Sync 1 DAGs
[2026-04-26T23:24:01.338+0000] {logging_mixin.py:188} INFO - [2026-04-26T23:24:01.338+0000] {dag.py:3954} INFO - Setting next_dagrun for example_short_circuit_decorator to 2026-04-25 00:00:00+00:00, run_after=2026-04-26 00:00:00+00:00
[2026-04-26T23:24:01.353+0000] {processor.py:183} INFO - Processing /home/airflow/.local/lib/python3.12/site-packages/airflow/example_dags/example_short_circuit_decorator.py took 0.156 seconds
[2026-04-26T23:24:32.208+0000] {processor.py:161} INFO - Started process (PID=1942) to work on /home/airflow/.local/lib/python3.12/site-packages/airflow/example_dags/example_short_circuit_decorator.py
[2026-04-26T23:24:32.209+0000] {processor.py:830} INFO - Processing file /home/airflow/.local/lib/python3.12/site-packages/airflow/example_dags/example_short_circuit_decorator.py for tasks to queue
[2026-04-26T23:24:32.210+0000] {logging_mixin.py:188} INFO - [2026-04-26T23:24:32.210+0000] {dagbag.py:545} INFO - Filling up the DagBag from /home/airflow/.local/lib/python3.12/site-packages/airflow/example_dags/example_short_circuit_decorator.py
[2026-04-26T23:24:32.215+0000] {processor.py:840} INFO - DAG(s) 'example_short_circuit_decorator' retrieved from /home/airflow/.local/lib/python3.12/site-packages/airflow/example_dags/example_short_circuit_decorator.py
[2026-04-26T23:24:32.229+0000] {logging_mixin.py:188} INFO - [2026-04-26T23:24:32.228+0000] {dag.py:3096} INFO - Sync 1 DAGs
[2026-04-26T23:24:32.342+0000] {logging_mixin.py:188} INFO - [2026-04-26T23:24:32.342+0000] {dag.py:3954} INFO - Setting next_dagrun for example_short_circuit_decorator to 2026-04-25 00:00:00+00:00, run_after=2026-04-26 00:00:00+00:00
[2026-04-26T23:24:32.349+0000] {processor.py:183} INFO - Processing /home/airflow/.local/lib/python3.12/site-packages/airflow/example_dags/example_short_circuit_decorator.py took 0.144 seconds
[2026-04-26T23:25:02.738+0000] {processor.py:161} INFO - Started process (PID=2002) to work on /home/airflow/.local/lib/python3.12/site-packages/airflow/example_dags/example_short_circuit_decorator.py
[2026-04-26T23:25:02.738+0000] {processor.py:830} INFO - Processing file /home/airflow/.local/lib/python3.12/site-packages/airflow/example_dags/example_short_circuit_decorator.py for tasks to queue
[2026-04-26T23:25:02.739+0000] {logging_mixin.py:188} INFO - [2026-04-26T23:25:02.739+0000] {dagbag.py:545} INFO - Filling up the DagBag from /home/airflow/.local/lib/python3.12/site-packages/airflow/example_dags/example_short_circuit_decorator.py
[2026-04-26T23:25:02.745+0000] {processor.py:840} INFO - DAG(s) 'example_short_circuit_decorator' retrieved from /home/airflow/.local/lib/python3.12/site-packages/airflow/example_dags/example_short_circuit_decorator.py
[2026-04-26T23:25:02.760+0000] {logging_mixin.py:188} INFO - [2026-04-26T23:25:02.760+0000] {dag.py:3096} INFO - Sync 1 DAGs
[2026-04-26T23:25:02.774+0000] {logging_mixin.py:188} INFO - [2026-04-26T23:25:02.774+0000] {dag.py:3954} INFO - Setting next_dagrun for example_short_circuit_decorator to 2026-04-25 00:00:00+00:00, run_after=2026-04-26 00:00:00+00:00
[2026-04-26T23:25:02.787+0000] {processor.py:183} INFO - Processing /home/airflow/.local/lib/python3.12/site-packages/airflow/example_dags/example_short_circuit_decorator.py took 0.054 seconds
[2026-04-26T23:25:33.509+0000] {processor.py:161} INFO - Started process (PID=2061) to work on /home/airflow/.local/lib/python3.12/site-packages/airflow/example_dags/example_short_circuit_decorator.py
[2026-04-26T23:25:33.510+0000] {processor.py:830} INFO - Processing file /home/airflow/.local/lib/python3.12/site-packages/airflow/example_dags/example_short_circuit_decorator.py for tasks to queue
[2026-04-26T23:25:33.511+0000] {logging_mixin.py:188} INFO - [2026-04-26T23:25:33.511+0000] {dagbag.py:545} INFO - Filling up the DagBag from /home/airflow/.local/lib/python3.12/site-packages/airflow/example_dags/example_short_circuit_decorator.py
[2026-04-26T23:25:33.517+0000] {processor.py:840} INFO - DAG(s) 'example_short_circuit_decorator' retrieved from /home/airflow/.local/lib/python3.12/site-packages/airflow/example_dags/example_short_circuit_decorator.py
[2026-04-26T23:25:33.530+0000] {logging_mixin.py:188} INFO - [2026-04-26T23:25:33.530+0000] {dag.py:3096} INFO - Sync 1 DAGs
[2026-04-26T23:25:33.543+0000] {logging_mixin.py:188} INFO - [2026-04-26T23:25:33.543+0000] {dag.py:3954} INFO - Setting next_dagrun for example_short_circuit_decorator to 2026-04-25 00:00:00+00:00, run_after=2026-04-26 00:00:00+00:00
[2026-04-26T23:25:33.552+0000] {processor.py:183} INFO - Processing /home/airflow/.local/lib/python3.12/site-packages/airflow/example_dags/example_short_circuit_decorator.py took 0.047 seconds
[2026-04-26T23:26:04.274+0000] {processor.py:161} INFO - Started process (PID=2120) to work on /home/airflow/.local/lib/python3.12/site-packages/airflow/example_dags/example_short_circuit_decorator.py
[2026-04-26T23:26:04.274+0000] {processor.py:830} INFO - Processing file /home/airflow/.local/lib/python3.12/site-packages/airflow/example_dags/example_short_circuit_decorator.py for tasks to queue
[2026-04-26T23:26:04.275+0000] {logging_mixin.py:188} INFO - [2026-04-26T23:26:04.275+0000] {dagbag.py:545} INFO - Filling up the DagBag from /home/airflow/.local/lib/python3.12/site-packages/airflow/example_dags/example_short_circuit_decorator.py
[2026-04-26T23:26:04.280+0000] {processor.py:840} INFO - DAG(s) 'example_short_circuit_decorator' retrieved from /home/airflow/.local/lib/python3.12/site-packages/airflow/example_dags/example_short_circuit_decorator.py
[2026-04-26T23:26:04.292+0000] {logging_mixin.py:188} INFO - [2026-04-26T23:26:04.292+0000] {dag.py:3096} INFO - Sync 1 DAGs
[2026-04-26T23:26:04.303+0000] {logging_mixin.py:188} INFO - [2026-04-26T23:26:04.303+0000] {dag.py:3954} INFO - Setting next_dagrun for example_short_circuit_decorator to 2026-04-25 00:00:00+00:00, run_after=2026-04-26 00:00:00+00:00
[2026-04-26T23:26:04.312+0000] {processor.py:183} INFO - Processing /home/airflow/.local/lib/python3.12/site-packages/airflow/example_dags/example_short_circuit_decorator.py took 0.041 seconds
[2026-04-26T23:26:35.010+0000] {processor.py:161} INFO - Started process (PID=2179) to work on /home/airflow/.local/lib/python3.12/site-packages/airflow/example_dags/example_short_circuit_decorator.py
[2026-04-26T23:26:35.011+0000] {processor.py:830} INFO - Processing file /home/airflow/.local/lib/python3.12/site-packages/airflow/example_dags/example_short_circuit_decorator.py for tasks to queue
[2026-04-26T23:26:35.012+0000] {logging_mixin.py:188} INFO - [2026-04-26T23:26:35.012+0000] {dagbag.py:545} INFO - Filling up the DagBag from /home/airflow/.local/lib/python3.12/site-packages/airflow/example_dags/example_short_circuit_decorator.py
[2026-04-26T23:26:35.018+0000] {processor.py:840} INFO - DAG(s) 'example_short_circuit_decorator' retrieved from /home/airflow/.local/lib/python3.12/site-packages/airflow/example_dags/example_short_circuit_decorator.py
[2026-04-26T23:26:35.032+0000] {logging_mixin.py:188} INFO - [2026-04-26T23:26:35.032+0000] {dag.py:3096} INFO - Sync 1 DAGs
[2026-04-26T23:26:35.044+0000] {logging_mixin.py:188} INFO - [2026-04-26T23:26:35.044+0000] {dag.py:3954} INFO - Setting next_dagrun for example_short_circuit_decorator to 2026-04-25 00:00:00+00:00, run_after=2026-04-26 00:00:00+00:00
[2026-04-26T23:26:35.053+0000] {processor.py:183} INFO - Processing /home/airflow/.local/lib/python3.12/site-packages/airflow/example_dags/example_short_circuit_decorator.py took 0.048 seconds
[2026-04-26T23:27:05.818+0000] {processor.py:161} INFO - Started process (PID=2238) to work on /home/airflow/.local/lib/python3.12/site-packages/airflow/example_dags/example_short_circuit_decorator.py
[2026-04-26T23:27:05.819+0000] {processor.py:830} INFO - Processing file /home/airflow/.local/lib/python3.12/site-packages/airflow/example_dags/example_short_circuit_decorator.py for tasks to queue
[2026-04-26T23:27:05.820+0000] {logging_mixin.py:188} INFO - [2026-04-26T23:27:05.820+0000] {dagbag.py:545} INFO - Filling up the DagBag from /home/airflow/.local/lib/python3.12/site-packages/airflow/example_dags/example_short_circuit_decorator.py
[2026-04-26T23:27:05.825+0000] {processor.py:840} INFO - DAG(s) 'example_short_circuit_decorator' retrieved from /home/airflow/.local/lib/python3.12/site-packages/airflow/example_dags/example_short_circuit_decorator.py
[2026-04-26T23:27:05.839+0000] {logging_mixin.py:188} INFO - [2026-04-26T23:27:05.839+0000] {dag.py:3096} INFO - Sync 1 DAGs
[2026-04-26T23:27:05.850+0000] {logging_mixin.py:188} INFO - [2026-04-26T23:27:05.850+0000] {dag.py:3954} INFO - Setting next_dagrun for example_short_circuit_decorator to 2026-04-25 00:00:00+00:00, run_after=2026-04-26 00:00:00+00:00
[2026-04-26T23:27:05.859+0000] {processor.py:183} INFO - Processing /home/airflow/.local/lib/python3.12/site-packages/airflow/example_dags/example_short_circuit_decorator.py took 0.045 seconds
[2026-04-26T23:27:36.543+0000] {processor.py:161} INFO - Started process (PID=2297) to work on /home/airflow/.local/lib/python3.12/site-packages/airflow/example_dags/example_short_circuit_decorator.py
[2026-04-26T23:27:36.544+0000] {processor.py:830} INFO - Processing file /home/airflow/.local/lib/python3.12/site-packages/airflow/example_dags/example_short_circuit_decorator.py for tasks to queue
[2026-04-26T23:27:36.545+0000] {logging_mixin.py:188} INFO - [2026-04-26T23:27:36.545+0000] {dagbag.py:545} INFO - Filling up the DagBag from /home/airflow/.local/lib/python3.12/site-packages/airflow/example_dags/example_short_circuit_decorator.py
[2026-04-26T23:27:36.550+0000] {processor.py:840} INFO - DAG(s) 'example_short_circuit_decorator' retrieved from /home/airflow/.local/lib/python3.12/site-packages/airflow/example_dags/example_short_circuit_decorator.py
[2026-04-26T23:27:36.564+0000] {logging_mixin.py:188} INFO - [2026-04-26T23:27:36.564+0000] {dag.py:3096} INFO - Sync 1 DAGs
[2026-04-26T23:27:36.578+0000] {logging_mixin.py:188} INFO - [2026-04-26T23:27:36.578+0000] {dag.py:3954} INFO - Setting next_dagrun for example_short_circuit_decorator to 2026-04-25 00:00:00+00:00, run_after=2026-04-26 00:00:00+00:00
[2026-04-26T23:27:36.588+0000] {processor.py:183} INFO - Processing /home/airflow/.local/lib/python3.12/site-packages/airflow/example_dags/example_short_circuit_decorator.py took 0.049 seconds
[2026-04-26T23:28:07.269+0000] {processor.py:161} INFO - Started process (PID=2356) to work on /home/airflow/.local/lib/python3.12/site-packages/airflow/example_dags/example_short_circuit_decorator.py
[2026-04-26T23:28:07.269+0000] {processor.py:830} INFO - Processing file /home/airflow/.local/lib/python3.12/site-packages/airflow/example_dags/example_short_circuit_decorator.py for tasks to queue
[2026-04-26T23:28:07.270+0000] {logging_mixin.py:188} INFO - [2026-04-26T23:28:07.270+0000] {dagbag.py:545} INFO - Filling up the DagBag from /home/airflow/.local/lib/python3.12/site-packages/airflow/example_dags/example_short_circuit_decorator.py
[2026-04-26T23:28:07.275+0000] {processor.py:840} INFO - DAG(s) 'example_short_circuit_decorator' retrieved from /home/airflow/.local/lib/python3.12/site-packages/airflow/example_dags/example_short_circuit_decorator.py
[2026-04-26T23:28:07.289+0000] {logging_mixin.py:188} INFO - [2026-04-26T23:28:07.289+0000] {dag.py:3096} INFO - Sync 1 DAGs
[2026-04-26T23:28:07.301+0000] {logging_mixin.py:188} INFO - [2026-04-26T23:28:07.301+0000] {dag.py:3954} INFO - Setting next_dagrun for example_short_circuit_decorator to 2026-04-25 00:00:00+00:00, run_after=2026-04-26 00:00:00+00:00
[2026-04-26T23:28:07.310+0000] {processor.py:183} INFO - Processing /home/airflow/.local/lib/python3.12/site-packages/airflow/example_dags/example_short_circuit_decorator.py took 0.045 seconds
[2026-04-26T23:28:38.010+0000] {processor.py:161} INFO - Started process (PID=2415) to work on /home/airflow/.local/lib/python3.12/site-packages/airflow/example_dags/example_short_circuit_decorator.py
[2026-04-26T23:28:38.010+0000] {processor.py:830} INFO - Processing file /home/airflow/.local/lib/python3.12/site-packages/airflow/example_dags/example_short_circuit_decorator.py for tasks to queue
[2026-04-26T23:28:38.011+0000] {logging_mixin.py:188} INFO - [2026-04-26T23:28:38.011+0000] {dagbag.py:545} INFO - Filling up the DagBag from /home/airflow/.local/lib/python3.12/site-packages/airflow/example_dags/example_short_circuit_decorator.py
[2026-04-26T23:28:38.016+0000] {processor.py:840} INFO - DAG(s) 'example_short_circuit_decorator' retrieved from /home/airflow/.local/lib/python3.12/site-packages/airflow/example_dags/example_short_circuit_decorator.py
[2026-04-26T23:28:38.030+0000] {logging_mixin.py:188} INFO - [2026-04-26T23:28:38.029+0000] {dag.py:3096} INFO - Sync 1 DAGs
[2026-04-26T23:28:38.041+0000] {logging_mixin.py:188} INFO - [2026-04-26T23:28:38.041+0000] {dag.py:3954} INFO - Setting next_dagrun for example_short_circuit_decorator to 2026-04-25 00:00:00+00:00, run_after=2026-04-26 00:00:00+00:00
[2026-04-26T23:28:38.051+0000] {processor.py:183} INFO - Processing /home/airflow/.local/lib/python3.12/site-packages/airflow/example_dags/example_short_circuit_decorator.py took 0.045 seconds
[2026-04-26T23:29:08.285+0000] {processor.py:161} INFO - Started process (PID=2474) to work on /home/airflow/.local/lib/python3.12/site-packages/airflow/example_dags/example_short_circuit_decorator.py
[2026-04-26T23:29:08.285+0000] {processor.py:830} INFO - Processing file /home/airflow/.local/lib/python3.12/site-packages/airflow/example_dags/example_short_circuit_decorator.py for tasks to queue
[2026-04-26T23:29:08.286+0000] {logging_mixin.py:188} INFO - [2026-04-26T23:29:08.286+0000] {dagbag.py:545} INFO - Filling up the DagBag from /home/airflow/.local/lib/python3.12/site-packages/airflow/example_dags/example_short_circuit_decorator.py
[2026-04-26T23:29:08.292+0000] {processor.py:840} INFO - DAG(s) 'example_short_circuit_decorator' retrieved from /home/airflow/.local/lib/python3.12/site-packages/airflow/example_dags/example_short_circuit_decorator.py
[2026-04-26T23:29:08.306+0000] {logging_mixin.py:188} INFO - [2026-04-26T23:29:08.306+0000] {dag.py:3096} INFO - Sync 1 DAGs
[2026-04-26T23:29:08.317+0000] {logging_mixin.py:188} INFO - [2026-04-26T23:29:08.317+0000] {dag.py:3954} INFO - Setting next_dagrun for example_short_circuit_decorator to 2026-04-25 00:00:00+00:00, run_after=2026-04-26 00:00:00+00:00
[2026-04-26T23:29:08.328+0000] {processor.py:183} INFO - Processing /home/airflow/.local/lib/python3.12/site-packages/airflow/example_dags/example_short_circuit_decorator.py took 0.047 seconds
[2026-04-26T23:29:39.131+0000] {processor.py:161} INFO - Started process (PID=2533) to work on /home/airflow/.local/lib/python3.12/site-packages/airflow/example_dags/example_short_circuit_decorator.py
[2026-04-26T23:29:39.132+0000] {processor.py:830} INFO - Processing file /home/airflow/.local/lib/python3.12/site-packages/airflow/example_dags/example_short_circuit_decorator.py for tasks to queue
[2026-04-26T23:29:39.133+0000] {logging_mixin.py:188} INFO - [2026-04-26T23:29:39.133+0000] {dagbag.py:545} INFO - Filling up the DagBag from /home/airflow/.local/lib/python3.12/site-packages/airflow/example_dags/example_short_circuit_decorator.py
[2026-04-26T23:29:39.138+0000] {processor.py:840} INFO - DAG(s) 'example_short_circuit_decorator' retrieved from /home/airflow/.local/lib/python3.12/site-packages/airflow/example_dags/example_short_circuit_decorator.py
[2026-04-26T23:29:39.151+0000] {logging_mixin.py:188} INFO - [2026-04-26T23:29:39.151+0000] {dag.py:3096} INFO - Sync 1 DAGs
[2026-04-26T23:29:39.164+0000] {logging_mixin.py:188} INFO - [2026-04-26T23:29:39.164+0000] {dag.py:3954} INFO - Setting next_dagrun for example_short_circuit_decorator to 2026-04-25 00:00:00+00:00, run_after=2026-04-26 00:00:00+00:00
[2026-04-26T23:29:39.174+0000] {processor.py:183} INFO - Processing /home/airflow/.local/lib/python3.12/site-packages/airflow/example_dags/example_short_circuit_decorator.py took 0.047 seconds
[2026-04-26T23:30:09.892+0000] {processor.py:161} INFO - Started process (PID=2592) to work on /home/airflow/.local/lib/python3.12/site-packages/airflow/example_dags/example_short_circuit_decorator.py
[2026-04-26T23:30:09.893+0000] {processor.py:830} INFO - Processing file /home/airflow/.local/lib/python3.12/site-packages/airflow/example_dags/example_short_circuit_decorator.py for tasks to queue
[2026-04-26T23:30:09.894+0000] {logging_mixin.py:188} INFO - [2026-04-26T23:30:09.894+0000] {dagbag.py:545} INFO - Filling up the DagBag from /home/airflow/.local/lib/python3.12/site-packages/airflow/example_dags/example_short_circuit_decorator.py
[2026-04-26T23:30:09.899+0000] {processor.py:840} INFO - DAG(s) 'example_short_circuit_decorator' retrieved from /home/airflow/.local/lib/python3.12/site-packages/airflow/example_dags/example_short_circuit_decorator.py
[2026-04-26T23:30:09.912+0000] {logging_mixin.py:188} INFO - [2026-04-26T23:30:09.911+0000] {dag.py:3096} INFO - Sync 1 DAGs
[2026-04-26T23:30:09.925+0000] {logging_mixin.py:188} INFO - [2026-04-26T23:30:09.924+0000] {dag.py:3954} INFO - Setting next_dagrun for example_short_circuit_decorator to 2026-04-25 00:00:00+00:00, run_after=2026-04-26 00:00:00+00:00
[2026-04-26T23:30:09.934+0000] {processor.py:183} INFO - Processing /home/airflow/.local/lib/python3.12/site-packages/airflow/example_dags/example_short_circuit_decorator.py took 0.046 seconds
[2026-04-26T23:30:40.567+0000] {processor.py:161} INFO - Started process (PID=2651) to work on /home/airflow/.local/lib/python3.12/site-packages/airflow/example_dags/example_short_circuit_decorator.py
[2026-04-26T23:30:40.568+0000] {processor.py:830} INFO - Processing file /home/airflow/.local/lib/python3.12/site-packages/airflow/example_dags/example_short_circuit_decorator.py for tasks to queue
[2026-04-26T23:30:40.569+0000] {logging_mixin.py:188} INFO - [2026-04-26T23:30:40.569+0000] {dagbag.py:545} INFO - Filling up the DagBag from /home/airflow/.local/lib/python3.12/site-packages/airflow/example_dags/example_short_circuit_decorator.py
[2026-04-26T23:30:40.574+0000] {processor.py:840} INFO - DAG(s) 'example_short_circuit_decorator' retrieved from /home/airflow/.local/lib/python3.12/site-packages/airflow/example_dags/example_short_circuit_decorator.py
[2026-04-26T23:30:40.588+0000] {logging_mixin.py:188} INFO - [2026-04-26T23:30:40.588+0000] {dag.py:3096} INFO - Sync 1 DAGs
[2026-04-26T23:30:40.602+0000] {logging_mixin.py:188} INFO - [2026-04-26T23:30:40.602+0000] {dag.py:3954} INFO - Setting next_dagrun for example_short_circuit_decorator to 2026-04-25 00:00:00+00:00, run_after=2026-04-26 00:00:00+00:00
[2026-04-26T23:30:40.611+0000] {processor.py:183} INFO - Processing /home/airflow/.local/lib/python3.12/site-packages/airflow/example_dags/example_short_circuit_decorator.py took 0.048 seconds
[2026-04-26T23:31:11.363+0000] {processor.py:161} INFO - Started process (PID=2710) to work on /home/airflow/.local/lib/python3.12/site-packages/airflow/example_dags/example_short_circuit_decorator.py
[2026-04-26T23:31:11.363+0000] {processor.py:830} INFO - Processing file /home/airflow/.local/lib/python3.12/site-packages/airflow/example_dags/example_short_circuit_decorator.py for tasks to queue
[2026-04-26T23:31:11.365+0000] {logging_mixin.py:188} INFO - [2026-04-26T23:31:11.364+0000] {dagbag.py:545} INFO - Filling up the DagBag from /home/airflow/.local/lib/python3.12/site-packages/airflow/example_dags/example_short_circuit_decorator.py
[2026-04-26T23:31:11.370+0000] {processor.py:840} INFO - DAG(s) 'example_short_circuit_decorator' retrieved from /home/airflow/.local/lib/python3.12/site-packages/airflow/example_dags/example_short_circuit_decorator.py
[2026-04-26T23:31:11.386+0000] {logging_mixin.py:188} INFO - [2026-04-26T23:31:11.385+0000] {dag.py:3096} INFO - Sync 1 DAGs
[2026-04-26T23:31:11.398+0000] {logging_mixin.py:188} INFO - [2026-04-26T23:31:11.398+0000] {dag.py:3954} INFO - Setting next_dagrun for example_short_circuit_decorator to 2026-04-25 00:00:00+00:00, run_after=2026-04-26 00:00:00+00:00
[2026-04-26T23:31:11.408+0000] {processor.py:183} INFO - Processing /home/airflow/.local/lib/python3.12/site-packages/airflow/example_dags/example_short_circuit_decorator.py took 0.049 seconds
[2026-04-26T23:31:42.128+0000] {processor.py:161} INFO - Started process (PID=2769) to work on /home/airflow/.local/lib/python3.12/site-packages/airflow/example_dags/example_short_circuit_decorator.py
[2026-04-26T23:31:42.128+0000] {processor.py:830} INFO - Processing file /home/airflow/.local/lib/python3.12/site-packages/airflow/example_dags/example_short_circuit_decorator.py for tasks to queue
[2026-04-26T23:31:42.129+0000] {logging_mixin.py:188} INFO - [2026-04-26T23:31:42.129+0000] {dagbag.py:545} INFO - Filling up the DagBag from /home/airflow/.local/lib/python3.12/site-packages/airflow/example_dags/example_short_circuit_decorator.py
[2026-04-26T23:31:42.134+0000] {processor.py:840} INFO - DAG(s) 'example_short_circuit_decorator' retrieved from /home/airflow/.local/lib/python3.12/site-packages/airflow/example_dags/example_short_circuit_decorator.py
[2026-04-26T23:31:42.148+0000] {logging_mixin.py:188} INFO - [2026-04-26T23:31:42.147+0000] {dag.py:3096} INFO - Sync 1 DAGs
[2026-04-26T23:31:42.160+0000] {logging_mixin.py:188} INFO - [2026-04-26T23:31:42.160+0000] {dag.py:3954} INFO - Setting next_dagrun for example_short_circuit_decorator to 2026-04-25 00:00:00+00:00, run_after=2026-04-26 00:00:00+00:00
[2026-04-26T23:31:42.171+0000] {processor.py:183} INFO - Processing /home/airflow/.local/lib/python3.12/site-packages/airflow/example_dags/example_short_circuit_decorator.py took 0.047 seconds
[2026-04-26T23:32:12.918+0000] {processor.py:161} INFO - Started process (PID=2828) to work on /home/airflow/.local/lib/python3.12/site-packages/airflow/example_dags/example_short_circuit_decorator.py
[2026-04-26T23:32:12.919+0000] {processor.py:830} INFO - Processing file /home/airflow/.local/lib/python3.12/site-packages/airflow/example_dags/example_short_circuit_decorator.py for tasks to queue
[2026-04-26T23:32:12.920+0000] {logging_mixin.py:188} INFO - [2026-04-26T23:32:12.920+0000] {dagbag.py:545} INFO - Filling up the DagBag from /home/airflow/.local/lib/python3.12/site-packages/airflow/example_dags/example_short_circuit_decorator.py
[2026-04-26T23:32:12.927+0000] {processor.py:840} INFO - DAG(s) 'example_short_circuit_decorator' retrieved from /home/airflow/.local/lib/python3.12/site-packages/airflow/example_dags/example_short_circuit_decorator.py
[2026-04-26T23:32:12.944+0000] {logging_mixin.py:188} INFO - [2026-04-26T23:32:12.944+0000] {dag.py:3096} INFO - Sync 1 DAGs
[2026-04-26T23:32:12.960+0000] {logging_mixin.py:188} INFO - [2026-04-26T23:32:12.959+0000] {dag.py:3954} INFO - Setting next_dagrun for example_short_circuit_decorator to 2026-04-25 00:00:00+00:00, run_after=2026-04-26 00:00:00+00:00
[2026-04-26T23:32:12.972+0000] {processor.py:183} INFO - Processing /home/airflow/.local/lib/python3.12/site-packages/airflow/example_dags/example_short_circuit_decorator.py took 0.059 seconds
[2026-04-26T23:32:43.096+0000] {processor.py:161} INFO - Started process (PID=2887) to work on /home/airflow/.local/lib/python3.12/site-packages/airflow/example_dags/example_short_circuit_decorator.py
[2026-04-26T23:32:43.096+0000] {processor.py:830} INFO - Processing file /home/airflow/.local/lib/python3.12/site-packages/airflow/example_dags/example_short_circuit_decorator.py for tasks to queue
[2026-04-26T23:32:43.098+0000] {logging_mixin.py:188} INFO - [2026-04-26T23:32:43.097+0000] {dagbag.py:545} INFO - Filling up the DagBag from /home/airflow/.local/lib/python3.12/site-packages/airflow/example_dags/example_short_circuit_decorator.py
[2026-04-26T23:32:43.105+0000] {processor.py:840} INFO - DAG(s) 'example_short_circuit_decorator' retrieved from /home/airflow/.local/lib/python3.12/site-packages/airflow/example_dags/example_short_circuit_decorator.py
[2026-04-26T23:32:43.121+0000] {logging_mixin.py:188} INFO - [2026-04-26T23:32:43.121+0000] {dag.py:3096} INFO - Sync 1 DAGs
[2026-04-26T23:32:43.139+0000] {logging_mixin.py:188} INFO - [2026-04-26T23:32:43.139+0000] {dag.py:3954} INFO - Setting next_dagrun for example_short_circuit_decorator to 2026-04-25 00:00:00+00:00, run_after=2026-04-26 00:00:00+00:00
[2026-04-26T23:32:43.150+0000] {processor.py:183} INFO - Processing /home/airflow/.local/lib/python3.12/site-packages/airflow/example_dags/example_short_circuit_decorator.py took 0.060 seconds
[2026-04-26T23:33:13.357+0000] {processor.py:161} INFO - Started process (PID=2946) to work on /home/airflow/.local/lib/python3.12/site-packages/airflow/example_dags/example_short_circuit_decorator.py
[2026-04-26T23:33:13.358+0000] {processor.py:830} INFO - Processing file /home/airflow/.local/lib/python3.12/site-packages/airflow/example_dags/example_short_circuit_decorator.py for tasks to queue
[2026-04-26T23:33:13.359+0000] {logging_mixin.py:188} INFO - [2026-04-26T23:33:13.359+0000] {dagbag.py:545} INFO - Filling up the DagBag from /home/airflow/.local/lib/python3.12/site-packages/airflow/example_dags/example_short_circuit_decorator.py
[2026-04-26T23:33:13.366+0000] {processor.py:840} INFO - DAG(s) 'example_short_circuit_decorator' retrieved from /home/airflow/.local/lib/python3.12/site-packages/airflow/example_dags/example_short_circuit_decorator.py
[2026-04-26T23:33:13.383+0000] {logging_mixin.py:188} INFO - [2026-04-26T23:33:13.383+0000] {dag.py:3096} INFO - Sync 1 DAGs
[2026-04-26T23:33:13.400+0000] {logging_mixin.py:188} INFO - [2026-04-26T23:33:13.399+0000] {dag.py:3954} INFO - Setting next_dagrun for example_short_circuit_decorator to 2026-04-25 00:00:00+00:00, run_after=2026-04-26 00:00:00+00:00
[2026-04-26T23:33:13.412+0000] {processor.py:183} INFO - Processing /home/airflow/.local/lib/python3.12/site-packages/airflow/example_dags/example_short_circuit_decorator.py took 0.060 seconds
[2026-04-26T23:33:44.254+0000] {processor.py:161} INFO - Started process (PID=3009) to work on /home/airflow/.local/lib/python3.12/site-packages/airflow/example_dags/example_short_circuit_decorator.py
[2026-04-26T23:33:44.255+0000] {processor.py:830} INFO - Processing file /home/airflow/.local/lib/python3.12/site-packages/airflow/example_dags/example_short_circuit_decorator.py for tasks to queue
[2026-04-26T23:33:44.256+0000] {logging_mixin.py:188} INFO - [2026-04-26T23:33:44.256+0000] {dagbag.py:545} INFO - Filling up the DagBag from /home/airflow/.local/lib/python3.12/site-packages/airflow/example_dags/example_short_circuit_decorator.py
[2026-04-26T23:33:44.262+0000] {processor.py:840} INFO - DAG(s) 'example_short_circuit_decorator' retrieved from /home/airflow/.local/lib/python3.12/site-packages/airflow/example_dags/example_short_circuit_decorator.py
[2026-04-26T23:33:44.275+0000] {logging_mixin.py:188} INFO - [2026-04-26T23:33:44.275+0000] {dag.py:3096} INFO - Sync 1 DAGs
[2026-04-26T23:33:44.287+0000] {logging_mixin.py:188} INFO - [2026-04-26T23:33:44.287+0000] {dag.py:3954} INFO - Setting next_dagrun for example_short_circuit_decorator to 2026-04-25 00:00:00+00:00, run_after=2026-04-26 00:00:00+00:00
[2026-04-26T23:33:44.296+0000] {processor.py:183} INFO - Processing /home/airflow/.local/lib/python3.12/site-packages/airflow/example_dags/example_short_circuit_decorator.py took 0.046 seconds
[2026-04-26T23:34:14.391+0000] {processor.py:161} INFO - Started process (PID=3068) to work on /home/airflow/.local/lib/python3.12/site-packages/airflow/example_dags/example_short_circuit_decorator.py
[2026-04-26T23:34:14.391+0000] {processor.py:830} INFO - Processing file /home/airflow/.local/lib/python3.12/site-packages/airflow/example_dags/example_short_circuit_decorator.py for tasks to queue
[2026-04-26T23:34:14.392+0000] {logging_mixin.py:188} INFO - [2026-04-26T23:34:14.392+0000] {dagbag.py:545} INFO - Filling up the DagBag from /home/airflow/.local/lib/python3.12/site-packages/airflow/example_dags/example_short_circuit_decorator.py
[2026-04-26T23:34:14.398+0000] {processor.py:840} INFO - DAG(s) 'example_short_circuit_decorator' retrieved from /home/airflow/.local/lib/python3.12/site-packages/airflow/example_dags/example_short_circuit_decorator.py
[2026-04-26T23:34:14.411+0000] {logging_mixin.py:188} INFO - [2026-04-26T23:34:14.411+0000] {dag.py:3096} INFO - Sync 1 DAGs
[2026-04-26T23:34:14.426+0000] {logging_mixin.py:188} INFO - [2026-04-26T23:34:14.426+0000] {dag.py:3954} INFO - Setting next_dagrun for example_short_circuit_decorator to 2026-04-25 00:00:00+00:00, run_after=2026-04-26 00:00:00+00:00
[2026-04-26T23:34:14.436+0000] {processor.py:183} INFO - Processing /home/airflow/.local/lib/python3.12/site-packages/airflow/example_dags/example_short_circuit_decorator.py took 0.049 seconds
[2026-04-26T23:34:44.601+0000] {processor.py:161} INFO - Started process (PID=3127) to work on /home/airflow/.local/lib/python3.12/site-packages/airflow/example_dags/example_short_circuit_decorator.py
[2026-04-26T23:34:44.602+0000] {processor.py:830} INFO - Processing file /home/airflow/.local/lib/python3.12/site-packages/airflow/example_dags/example_short_circuit_decorator.py for tasks to queue
[2026-04-26T23:34:44.603+0000] {logging_mixin.py:188} INFO - [2026-04-26T23:34:44.603+0000] {dagbag.py:545} INFO - Filling up the DagBag from /home/airflow/.local/lib/python3.12/site-packages/airflow/example_dags/example_short_circuit_decorator.py
[2026-04-26T23:34:44.607+0000] {processor.py:840} INFO - DAG(s) 'example_short_circuit_decorator' retrieved from /home/airflow/.local/lib/python3.12/site-packages/airflow/example_dags/example_short_circuit_decorator.py
[2026-04-26T23:34:44.620+0000] {logging_mixin.py:188} INFO - [2026-04-26T23:34:44.620+0000] {dag.py:3096} INFO - Sync 1 DAGs
[2026-04-26T23:34:44.631+0000] {logging_mixin.py:188} INFO - [2026-04-26T23:34:44.631+0000] {dag.py:3954} INFO - Setting next_dagrun for example_short_circuit_decorator to 2026-04-25 00:00:00+00:00, run_after=2026-04-26 00:00:00+00:00
[2026-04-26T23:34:44.640+0000] {processor.py:183} INFO - Processing /home/airflow/.local/lib/python3.12/site-packages/airflow/example_dags/example_short_circuit_decorator.py took 0.043 seconds
[2026-04-26T23:35:15.296+0000] {processor.py:161} INFO - Started process (PID=3186) to work on /home/airflow/.local/lib/python3.12/site-packages/airflow/example_dags/example_short_circuit_decorator.py
[2026-04-26T23:35:15.297+0000] {processor.py:830} INFO - Processing file /home/airflow/.local/lib/python3.12/site-packages/airflow/example_dags/example_short_circuit_decorator.py for tasks to queue
[2026-04-26T23:35:15.298+0000] {logging_mixin.py:188} INFO - [2026-04-26T23:35:15.298+0000] {dagbag.py:545} INFO - Filling up the DagBag from /home/airflow/.local/lib/python3.12/site-packages/airflow/example_dags/example_short_circuit_decorator.py
[2026-04-26T23:35:15.304+0000] {processor.py:840} INFO - DAG(s) 'example_short_circuit_decorator' retrieved from /home/airflow/.local/lib/python3.12/site-packages/airflow/example_dags/example_short_circuit_decorator.py
[2026-04-26T23:35:15.317+0000] {logging_mixin.py:188} INFO - [2026-04-26T23:35:15.317+0000] {dag.py:3096} INFO - Sync 1 DAGs
[2026-04-26T23:35:15.330+0000] {logging_mixin.py:188} INFO - [2026-04-26T23:35:15.330+0000] {dag.py:3954} INFO - Setting next_dagrun for example_short_circuit_decorator to 2026-04-25 00:00:00+00:00, run_after=2026-04-26 00:00:00+00:00
[2026-04-26T23:35:15.339+0000] {processor.py:183} INFO - Processing /home/airflow/.local/lib/python3.12/site-packages/airflow/example_dags/example_short_circuit_decorator.py took 0.046 seconds
[2026-04-26T23:35:45.952+0000] {processor.py:161} INFO - Started process (PID=3245) to work on /home/airflow/.local/lib/python3.12/site-packages/airflow/example_dags/example_short_circuit_decorator.py
[2026-04-26T23:35:45.953+0000] {processor.py:830} INFO - Processing file /home/airflow/.local/lib/python3.12/site-packages/airflow/example_dags/example_short_circuit_decorator.py for tasks to queue
[2026-04-26T23:35:45.954+0000] {logging_mixin.py:188} INFO - [2026-04-26T23:35:45.954+0000] {dagbag.py:545} INFO - Filling up the DagBag from /home/airflow/.local/lib/python3.12/site-packages/airflow/example_dags/example_short_circuit_decorator.py
[2026-04-26T23:35:45.960+0000] {processor.py:840} INFO - DAG(s) 'example_short_circuit_decorator' retrieved from /home/airflow/.local/lib/python3.12/site-packages/airflow/example_dags/example_short_circuit_decorator.py
[2026-04-26T23:35:45.973+0000] {logging_mixin.py:188} INFO - [2026-04-26T23:35:45.973+0000] {dag.py:3096} INFO - Sync 1 DAGs
[2026-04-26T23:35:45.987+0000] {logging_mixin.py:188} INFO - [2026-04-26T23:35:45.987+0000] {dag.py:3954} INFO - Setting next_dagrun for example_short_circuit_decorator to 2026-04-25 00:00:00+00:00, run_after=2026-04-26 00:00:00+00:00
[2026-04-26T23:35:45.996+0000] {processor.py:183} INFO - Processing /home/airflow/.local/lib/python3.12/site-packages/airflow/example_dags/example_short_circuit_decorator.py took 0.048 seconds
[2026-04-26T23:36:16.744+0000] {processor.py:161} INFO - Started process (PID=3304) to work on /home/airflow/.local/lib/python3.12/site-packages/airflow/example_dags/example_short_circuit_decorator.py
[2026-04-26T23:36:16.745+0000] {processor.py:830} INFO - Processing file /home/airflow/.local/lib/python3.12/site-packages/airflow/example_dags/example_short_circuit_decorator.py for tasks to queue
[2026-04-26T23:36:16.746+0000] {logging_mixin.py:188} INFO - [2026-04-26T23:36:16.746+0000] {dagbag.py:545} INFO - Filling up the DagBag from /home/airflow/.local/lib/python3.12/site-packages/airflow/example_dags/example_short_circuit_decorator.py
[2026-04-26T23:36:16.752+0000] {processor.py:840} INFO - DAG(s) 'example_short_circuit_decorator' retrieved from /home/airflow/.local/lib/python3.12/site-packages/airflow/example_dags/example_short_circuit_decorator.py
[2026-04-26T23:36:16.767+0000] {logging_mixin.py:188} INFO - [2026-04-26T23:36:16.767+0000] {dag.py:3096} INFO - Sync 1 DAGs
[2026-04-26T23:36:16.781+0000] {logging_mixin.py:188} INFO - [2026-04-26T23:36:16.780+0000] {dag.py:3954} INFO - Setting next_dagrun for example_short_circuit_decorator to 2026-04-25 00:00:00+00:00, run_after=2026-04-26 00:00:00+00:00
[2026-04-26T23:36:16.793+0000] {processor.py:183} INFO - Processing /home/airflow/.local/lib/python3.12/site-packages/airflow/example_dags/example_short_circuit_decorator.py took 0.052 seconds
[2026-04-26T23:36:47.375+0000] {processor.py:161} INFO - Started process (PID=3363) to work on /home/airflow/.local/lib/python3.12/site-packages/airflow/example_dags/example_short_circuit_decorator.py
[2026-04-26T23:36:47.375+0000] {processor.py:830} INFO - Processing file /home/airflow/.local/lib/python3.12/site-packages/airflow/example_dags/example_short_circuit_decorator.py for tasks to queue
[2026-04-26T23:36:47.377+0000] {logging_mixin.py:188} INFO - [2026-04-26T23:36:47.376+0000] {dagbag.py:545} INFO - Filling up the DagBag from /home/airflow/.local/lib/python3.12/site-packages/airflow/example_dags/example_short_circuit_decorator.py
[2026-04-26T23:36:47.383+0000] {processor.py:840} INFO - DAG(s) 'example_short_circuit_decorator' retrieved from /home/airflow/.local/lib/python3.12/site-packages/airflow/example_dags/example_short_circuit_decorator.py
[2026-04-26T23:36:47.396+0000] {logging_mixin.py:188} INFO - [2026-04-26T23:36:47.395+0000] {dag.py:3096} INFO - Sync 1 DAGs
[2026-04-26T23:36:47.407+0000] {logging_mixin.py:188} INFO - [2026-04-26T23:36:47.407+0000] {dag.py:3954} INFO - Setting next_dagrun for example_short_circuit_decorator to 2026-04-25 00:00:00+00:00, run_after=2026-04-26 00:00:00+00:00
[2026-04-26T23:36:47.416+0000] {processor.py:183} INFO - Processing /home/airflow/.local/lib/python3.12/site-packages/airflow/example_dags/example_short_circuit_decorator.py took 0.045 seconds
[2026-04-26T23:37:18.119+0000] {processor.py:161} INFO - Started process (PID=3422) to work on /home/airflow/.local/lib/python3.12/site-packages/airflow/example_dags/example_short_circuit_decorator.py
[2026-04-26T23:37:18.119+0000] {processor.py:830} INFO - Processing file /home/airflow/.local/lib/python3.12/site-packages/airflow/example_dags/example_short_circuit_decorator.py for tasks to queue
[2026-04-26T23:37:18.120+0000] {logging_mixin.py:188} INFO - [2026-04-26T23:37:18.120+0000] {dagbag.py:545} INFO - Filling up the DagBag from /home/airflow/.local/lib/python3.12/site-packages/airflow/example_dags/example_short_circuit_decorator.py
[2026-04-26T23:37:18.126+0000] {processor.py:840} INFO - DAG(s) 'example_short_circuit_decorator' retrieved from /home/airflow/.local/lib/python3.12/site-packages/airflow/example_dags/example_short_circuit_decorator.py
[2026-04-26T23:37:18.140+0000] {logging_mixin.py:188} INFO - [2026-04-26T23:37:18.140+0000] {dag.py:3096} INFO - Sync 1 DAGs
[2026-04-26T23:37:18.153+0000] {logging_mixin.py:188} INFO - [2026-04-26T23:37:18.152+0000] {dag.py:3954} INFO - Setting next_dagrun for example_short_circuit_decorator to 2026-04-25 00:00:00+00:00, run_after=2026-04-26 00:00:00+00:00
[2026-04-26T23:37:18.162+0000] {processor.py:183} INFO - Processing /home/airflow/.local/lib/python3.12/site-packages/airflow/example_dags/example_short_circuit_decorator.py took 0.047 seconds
[2026-04-26T23:37:48.903+0000] {processor.py:161} INFO - Started process (PID=3481) to work on /home/airflow/.local/lib/python3.12/site-packages/airflow/example_dags/example_short_circuit_decorator.py
[2026-04-26T23:37:48.903+0000] {processor.py:830} INFO - Processing file /home/airflow/.local/lib/python3.12/site-packages/airflow/example_dags/example_short_circuit_decorator.py for tasks to queue
[2026-04-26T23:37:48.904+0000] {logging_mixin.py:188} INFO - [2026-04-26T23:37:48.904+0000] {dagbag.py:545} INFO - Filling up the DagBag from /home/airflow/.local/lib/python3.12/site-packages/airflow/example_dags/example_short_circuit_decorator.py
[2026-04-26T23:37:48.910+0000] {processor.py:840} INFO - DAG(s) 'example_short_circuit_decorator' retrieved from /home/airflow/.local/lib/python3.12/site-packages/airflow/example_dags/example_short_circuit_decorator.py
[2026-04-26T23:37:48.923+0000] {logging_mixin.py:188} INFO - [2026-04-26T23:37:48.923+0000] {dag.py:3096} INFO - Sync 1 DAGs
[2026-04-26T23:37:48.937+0000] {logging_mixin.py:188} INFO - [2026-04-26T23:37:48.937+0000] {dag.py:3954} INFO - Setting next_dagrun for example_short_circuit_decorator to 2026-04-25 00:00:00+00:00, run_after=2026-04-26 00:00:00+00:00
[2026-04-26T23:37:48.948+0000] {processor.py:183} INFO - Processing /home/airflow/.local/lib/python3.12/site-packages/airflow/example_dags/example_short_circuit_decorator.py took 0.049 seconds
[2026-04-26T23:38:19.584+0000] {processor.py:161} INFO - Started process (PID=3540) to work on /home/airflow/.local/lib/python3.12/site-packages/airflow/example_dags/example_short_circuit_decorator.py
[2026-04-26T23:38:19.585+0000] {processor.py:830} INFO - Processing file /home/airflow/.local/lib/python3.12/site-packages/airflow/example_dags/example_short_circuit_decorator.py for tasks to queue
[2026-04-26T23:38:19.586+0000] {logging_mixin.py:188} INFO - [2026-04-26T23:38:19.586+0000] {dagbag.py:545} INFO - Filling up the DagBag from /home/airflow/.local/lib/python3.12/site-packages/airflow/example_dags/example_short_circuit_decorator.py
[2026-04-26T23:38:19.590+0000] {processor.py:840} INFO - DAG(s) 'example_short_circuit_decorator' retrieved from /home/airflow/.local/lib/python3.12/site-packages/airflow/example_dags/example_short_circuit_decorator.py
[2026-04-26T23:38:19.602+0000] {logging_mixin.py:188} INFO - [2026-04-26T23:38:19.601+0000] {dag.py:3096} INFO - Sync 1 DAGs
[2026-04-26T23:38:19.612+0000] {logging_mixin.py:188} INFO - [2026-04-26T23:38:19.612+0000] {dag.py:3954} INFO - Setting next_dagrun for example_short_circuit_decorator to 2026-04-25 00:00:00+00:00, run_after=2026-04-26 00:00:00+00:00
[2026-04-26T23:38:19.621+0000] {processor.py:183} INFO - Processing /home/airflow/.local/lib/python3.12/site-packages/airflow/example_dags/example_short_circuit_decorator.py took 0.039 seconds
[2026-04-26T23:38:46.648+0000] {processor.py:161} INFO - Started process (PID=82) to work on /home/airflow/.local/lib/python3.12/site-packages/airflow/example_dags/example_short_circuit_decorator.py
[2026-04-26T23:38:46.649+0000] {processor.py:830} INFO - Processing file /home/airflow/.local/lib/python3.12/site-packages/airflow/example_dags/example_short_circuit_decorator.py for tasks to queue
[2026-04-26T23:38:46.650+0000] {logging_mixin.py:188} INFO - [2026-04-26T23:38:46.650+0000] {dagbag.py:545} INFO - Filling up the DagBag from /home/airflow/.local/lib/python3.12/site-packages/airflow/example_dags/example_short_circuit_decorator.py
[2026-04-26T23:38:46.655+0000] {processor.py:840} INFO - DAG(s) 'example_short_circuit_decorator' retrieved from /home/airflow/.local/lib/python3.12/site-packages/airflow/example_dags/example_short_circuit_decorator.py
[2026-04-26T23:38:46.662+0000] {logging_mixin.py:188} INFO - [2026-04-26T23:38:46.662+0000] {dag.py:3096} INFO - Sync 1 DAGs
[2026-04-26T23:38:46.675+0000] {logging_mixin.py:188} INFO - [2026-04-26T23:38:46.675+0000] {dag.py:3954} INFO - Setting next_dagrun for example_short_circuit_decorator to 2026-04-25 00:00:00+00:00, run_after=2026-04-26 00:00:00+00:00
[2026-04-26T23:38:46.685+0000] {processor.py:183} INFO - Processing /home/airflow/.local/lib/python3.12/site-packages/airflow/example_dags/example_short_circuit_decorator.py took 0.040 seconds
[2026-04-26T23:39:17.577+0000] {processor.py:161} INFO - Started process (PID=147) to work on /home/airflow/.local/lib/python3.12/site-packages/airflow/example_dags/example_short_circuit_decorator.py
[2026-04-26T23:39:17.578+0000] {processor.py:830} INFO - Processing file /home/airflow/.local/lib/python3.12/site-packages/airflow/example_dags/example_short_circuit_decorator.py for tasks to queue
[2026-04-26T23:39:17.579+0000] {logging_mixin.py:188} INFO - [2026-04-26T23:39:17.579+0000] {dagbag.py:545} INFO - Filling up the DagBag from /home/airflow/.local/lib/python3.12/site-packages/airflow/example_dags/example_short_circuit_decorator.py
[2026-04-26T23:39:17.585+0000] {processor.py:840} INFO - DAG(s) 'example_short_circuit_decorator' retrieved from /home/airflow/.local/lib/python3.12/site-packages/airflow/example_dags/example_short_circuit_decorator.py
[2026-04-26T23:39:17.649+0000] {logging_mixin.py:188} INFO - [2026-04-26T23:39:17.649+0000] {dag.py:3096} INFO - Sync 1 DAGs
[2026-04-26T23:39:17.662+0000] {logging_mixin.py:188} INFO - [2026-04-26T23:39:17.662+0000] {dag.py:3954} INFO - Setting next_dagrun for example_short_circuit_decorator to 2026-04-25 00:00:00+00:00, run_after=2026-04-26 00:00:00+00:00
[2026-04-26T23:39:17.675+0000] {processor.py:183} INFO - Processing /home/airflow/.local/lib/python3.12/site-packages/airflow/example_dags/example_short_circuit_decorator.py took 0.101 seconds
[2026-04-26T23:39:48.030+0000] {processor.py:161} INFO - Started process (PID=206) to work on /home/airflow/.local/lib/python3.12/site-packages/airflow/example_dags/example_short_circuit_decorator.py
[2026-04-26T23:39:48.031+0000] {processor.py:830} INFO - Processing file /home/airflow/.local/lib/python3.12/site-packages/airflow/example_dags/example_short_circuit_decorator.py for tasks to queue
[2026-04-26T23:39:48.032+0000] {logging_mixin.py:188} INFO - [2026-04-26T23:39:48.032+0000] {dagbag.py:545} INFO - Filling up the DagBag from /home/airflow/.local/lib/python3.12/site-packages/airflow/example_dags/example_short_circuit_decorator.py
[2026-04-26T23:39:48.036+0000] {processor.py:840} INFO - DAG(s) 'example_short_circuit_decorator' retrieved from /home/airflow/.local/lib/python3.12/site-packages/airflow/example_dags/example_short_circuit_decorator.py
[2026-04-26T23:39:48.051+0000] {logging_mixin.py:188} INFO - [2026-04-26T23:39:48.050+0000] {dag.py:3096} INFO - Sync 1 DAGs
[2026-04-26T23:39:48.063+0000] {logging_mixin.py:188} INFO - [2026-04-26T23:39:48.063+0000] {dag.py:3954} INFO - Setting next_dagrun for example_short_circuit_decorator to 2026-04-25 00:00:00+00:00, run_after=2026-04-26 00:00:00+00:00
[2026-04-26T23:39:48.073+0000] {processor.py:183} INFO - Processing /home/airflow/.local/lib/python3.12/site-packages/airflow/example_dags/example_short_circuit_decorator.py took 0.046 seconds
[2026-04-26T23:40:18.874+0000] {processor.py:161} INFO - Started process (PID=265) to work on /home/airflow/.local/lib/python3.12/site-packages/airflow/example_dags/example_short_circuit_decorator.py
[2026-04-26T23:40:18.874+0000] {processor.py:830} INFO - Processing file /home/airflow/.local/lib/python3.12/site-packages/airflow/example_dags/example_short_circuit_decorator.py for tasks to queue
[2026-04-26T23:40:18.875+0000] {logging_mixin.py:188} INFO - [2026-04-26T23:40:18.875+0000] {dagbag.py:545} INFO - Filling up the DagBag from /home/airflow/.local/lib/python3.12/site-packages/airflow/example_dags/example_short_circuit_decorator.py
[2026-04-26T23:40:18.880+0000] {processor.py:840} INFO - DAG(s) 'example_short_circuit_decorator' retrieved from /home/airflow/.local/lib/python3.12/site-packages/airflow/example_dags/example_short_circuit_decorator.py
[2026-04-26T23:40:18.893+0000] {logging_mixin.py:188} INFO - [2026-04-26T23:40:18.893+0000] {dag.py:3096} INFO - Sync 1 DAGs
[2026-04-26T23:40:18.905+0000] {logging_mixin.py:188} INFO - [2026-04-26T23:40:18.905+0000] {dag.py:3954} INFO - Setting next_dagrun for example_short_circuit_decorator to 2026-04-25 00:00:00+00:00, run_after=2026-04-26 00:00:00+00:00
[2026-04-26T23:40:18.916+0000] {processor.py:183} INFO - Processing /home/airflow/.local/lib/python3.12/site-packages/airflow/example_dags/example_short_circuit_decorator.py took 0.045 seconds
[2026-04-26T23:40:49.913+0000] {processor.py:161} INFO - Started process (PID=324) to work on /home/airflow/.local/lib/python3.12/site-packages/airflow/example_dags/example_short_circuit_decorator.py
[2026-04-26T23:40:49.913+0000] {processor.py:830} INFO - Processing file /home/airflow/.local/lib/python3.12/site-packages/airflow/example_dags/example_short_circuit_decorator.py for tasks to queue
[2026-04-26T23:40:49.914+0000] {logging_mixin.py:188} INFO - [2026-04-26T23:40:49.914+0000] {dagbag.py:545} INFO - Filling up the DagBag from /home/airflow/.local/lib/python3.12/site-packages/airflow/example_dags/example_short_circuit_decorator.py
[2026-04-26T23:40:49.919+0000] {processor.py:840} INFO - DAG(s) 'example_short_circuit_decorator' retrieved from /home/airflow/.local/lib/python3.12/site-packages/airflow/example_dags/example_short_circuit_decorator.py
[2026-04-26T23:40:49.931+0000] {logging_mixin.py:188} INFO - [2026-04-26T23:40:49.931+0000] {dag.py:3096} INFO - Sync 1 DAGs
[2026-04-26T23:40:49.942+0000] {logging_mixin.py:188} INFO - [2026-04-26T23:40:49.942+0000] {dag.py:3954} INFO - Setting next_dagrun for example_short_circuit_decorator to 2026-04-25 00:00:00+00:00, run_after=2026-04-26 00:00:00+00:00
[2026-04-26T23:40:49.951+0000] {processor.py:183} INFO - Processing /home/airflow/.local/lib/python3.12/site-packages/airflow/example_dags/example_short_circuit_decorator.py took 0.042 seconds
[2026-04-26T23:41:20.788+0000] {processor.py:161} INFO - Started process (PID=383) to work on /home/airflow/.local/lib/python3.12/site-packages/airflow/example_dags/example_short_circuit_decorator.py
[2026-04-26T23:41:20.789+0000] {processor.py:830} INFO - Processing file /home/airflow/.local/lib/python3.12/site-packages/airflow/example_dags/example_short_circuit_decorator.py for tasks to queue
[2026-04-26T23:41:20.790+0000] {logging_mixin.py:188} INFO - [2026-04-26T23:41:20.790+0000] {dagbag.py:545} INFO - Filling up the DagBag from /home/airflow/.local/lib/python3.12/site-packages/airflow/example_dags/example_short_circuit_decorator.py
[2026-04-26T23:41:20.795+0000] {processor.py:840} INFO - DAG(s) 'example_short_circuit_decorator' retrieved from /home/airflow/.local/lib/python3.12/site-packages/airflow/example_dags/example_short_circuit_decorator.py
[2026-04-26T23:41:20.810+0000] {logging_mixin.py:188} INFO - [2026-04-26T23:41:20.810+0000] {dag.py:3096} INFO - Sync 1 DAGs
[2026-04-26T23:41:20.824+0000] {logging_mixin.py:188} INFO - [2026-04-26T23:41:20.824+0000] {dag.py:3954} INFO - Setting next_dagrun for example_short_circuit_decorator to 2026-04-25 00:00:00+00:00, run_after=2026-04-26 00:00:00+00:00
[2026-04-26T23:41:20.834+0000] {processor.py:183} INFO - Processing /home/airflow/.local/lib/python3.12/site-packages/airflow/example_dags/example_short_circuit_decorator.py took 0.050 seconds
[2026-04-26T23:41:51.051+0000] {processor.py:161} INFO - Started process (PID=442) to work on /home/airflow/.local/lib/python3.12/site-packages/airflow/example_dags/example_short_circuit_decorator.py
[2026-04-26T23:41:51.051+0000] {processor.py:830} INFO - Processing file /home/airflow/.local/lib/python3.12/site-packages/airflow/example_dags/example_short_circuit_decorator.py for tasks to queue
[2026-04-26T23:41:51.052+0000] {logging_mixin.py:188} INFO - [2026-04-26T23:41:51.052+0000] {dagbag.py:545} INFO - Filling up the DagBag from /home/airflow/.local/lib/python3.12/site-packages/airflow/example_dags/example_short_circuit_decorator.py
[2026-04-26T23:41:51.057+0000] {processor.py:840} INFO - DAG(s) 'example_short_circuit_decorator' retrieved from /home/airflow/.local/lib/python3.12/site-packages/airflow/example_dags/example_short_circuit_decorator.py
[2026-04-26T23:41:51.069+0000] {logging_mixin.py:188} INFO - [2026-04-26T23:41:51.069+0000] {dag.py:3096} INFO - Sync 1 DAGs
[2026-04-26T23:41:51.082+0000] {logging_mixin.py:188} INFO - [2026-04-26T23:41:51.081+0000] {dag.py:3954} INFO - Setting next_dagrun for example_short_circuit_decorator to 2026-04-25 00:00:00+00:00, run_after=2026-04-26 00:00:00+00:00
[2026-04-26T23:41:51.092+0000] {processor.py:183} INFO - Processing /home/airflow/.local/lib/python3.12/site-packages/airflow/example_dags/example_short_circuit_decorator.py took 0.046 seconds
[2026-04-26T23:42:21.182+0000] {processor.py:161} INFO - Started process (PID=501) to work on /home/airflow/.local/lib/python3.12/site-packages/airflow/example_dags/example_short_circuit_decorator.py
[2026-04-26T23:42:21.183+0000] {processor.py:830} INFO - Processing file /home/airflow/.local/lib/python3.12/site-packages/airflow/example_dags/example_short_circuit_decorator.py for tasks to queue
[2026-04-26T23:42:21.184+0000] {logging_mixin.py:188} INFO - [2026-04-26T23:42:21.184+0000] {dagbag.py:545} INFO - Filling up the DagBag from /home/airflow/.local/lib/python3.12/site-packages/airflow/example_dags/example_short_circuit_decorator.py
[2026-04-26T23:42:21.189+0000] {processor.py:840} INFO - DAG(s) 'example_short_circuit_decorator' retrieved from /home/airflow/.local/lib/python3.12/site-packages/airflow/example_dags/example_short_circuit_decorator.py
[2026-04-26T23:42:21.203+0000] {logging_mixin.py:188} INFO - [2026-04-26T23:42:21.203+0000] {dag.py:3096} INFO - Sync 1 DAGs
[2026-04-26T23:42:21.216+0000] {logging_mixin.py:188} INFO - [2026-04-26T23:42:21.216+0000] {dag.py:3954} INFO - Setting next_dagrun for example_short_circuit_decorator to 2026-04-25 00:00:00+00:00, run_after=2026-04-26 00:00:00+00:00
[2026-04-26T23:42:21.224+0000] {processor.py:183} INFO - Processing /home/airflow/.local/lib/python3.12/site-packages/airflow/example_dags/example_short_circuit_decorator.py took 0.046 seconds
[2026-04-26T23:43:21.176+0000] {processor.py:161} INFO - Started process (PID=88) to work on /home/airflow/.local/lib/python3.12/site-packages/airflow/example_dags/example_short_circuit_decorator.py
[2026-04-26T23:43:21.177+0000] {processor.py:830} INFO - Processing file /home/airflow/.local/lib/python3.12/site-packages/airflow/example_dags/example_short_circuit_decorator.py for tasks to queue
[2026-04-26T23:43:21.178+0000] {logging_mixin.py:188} INFO - [2026-04-26T23:43:21.177+0000] {dagbag.py:545} INFO - Filling up the DagBag from /home/airflow/.local/lib/python3.12/site-packages/airflow/example_dags/example_short_circuit_decorator.py
[2026-04-26T23:43:21.183+0000] {processor.py:840} INFO - DAG(s) 'example_short_circuit_decorator' retrieved from /home/airflow/.local/lib/python3.12/site-packages/airflow/example_dags/example_short_circuit_decorator.py
[2026-04-26T23:43:21.189+0000] {logging_mixin.py:188} INFO - [2026-04-26T23:43:21.189+0000] {dag.py:3096} INFO - Sync 1 DAGs
[2026-04-26T23:43:21.202+0000] {logging_mixin.py:188} INFO - [2026-04-26T23:43:21.202+0000] {dag.py:3954} INFO - Setting next_dagrun for example_short_circuit_decorator to 2026-04-25 00:00:00+00:00, run_after=2026-04-26 00:00:00+00:00
[2026-04-26T23:43:21.211+0000] {processor.py:183} INFO - Processing /home/airflow/.local/lib/python3.12/site-packages/airflow/example_dags/example_short_circuit_decorator.py took 0.040 seconds
[2026-04-26T23:43:52.386+0000] {processor.py:161} INFO - Started process (PID=147) to work on /home/airflow/.local/lib/python3.12/site-packages/airflow/example_dags/example_short_circuit_decorator.py
[2026-04-26T23:43:52.387+0000] {processor.py:830} INFO - Processing file /home/airflow/.local/lib/python3.12/site-packages/airflow/example_dags/example_short_circuit_decorator.py for tasks to queue
[2026-04-26T23:43:52.388+0000] {logging_mixin.py:188} INFO - [2026-04-26T23:43:52.388+0000] {dagbag.py:545} INFO - Filling up the DagBag from /home/airflow/.local/lib/python3.12/site-packages/airflow/example_dags/example_short_circuit_decorator.py
[2026-04-26T23:43:52.393+0000] {processor.py:840} INFO - DAG(s) 'example_short_circuit_decorator' retrieved from /home/airflow/.local/lib/python3.12/site-packages/airflow/example_dags/example_short_circuit_decorator.py
[2026-04-26T23:43:52.450+0000] {logging_mixin.py:188} INFO - [2026-04-26T23:43:52.449+0000] {dag.py:3096} INFO - Sync 1 DAGs
[2026-04-26T23:43:52.459+0000] {logging_mixin.py:188} INFO - [2026-04-26T23:43:52.459+0000] {dag.py:3954} INFO - Setting next_dagrun for example_short_circuit_decorator to 2026-04-25 00:00:00+00:00, run_after=2026-04-26 00:00:00+00:00
[2026-04-26T23:43:52.502+0000] {processor.py:183} INFO - Processing /home/airflow/.local/lib/python3.12/site-packages/airflow/example_dags/example_short_circuit_decorator.py took 0.118 seconds
[2026-04-26T23:44:23.287+0000] {processor.py:161} INFO - Started process (PID=206) to work on /home/airflow/.local/lib/python3.12/site-packages/airflow/example_dags/example_short_circuit_decorator.py
[2026-04-26T23:44:23.288+0000] {processor.py:830} INFO - Processing file /home/airflow/.local/lib/python3.12/site-packages/airflow/example_dags/example_short_circuit_decorator.py for tasks to queue
[2026-04-26T23:44:23.289+0000] {logging_mixin.py:188} INFO - [2026-04-26T23:44:23.289+0000] {dagbag.py:545} INFO - Filling up the DagBag from /home/airflow/.local/lib/python3.12/site-packages/airflow/example_dags/example_short_circuit_decorator.py
[2026-04-26T23:44:23.294+0000] {processor.py:840} INFO - DAG(s) 'example_short_circuit_decorator' retrieved from /home/airflow/.local/lib/python3.12/site-packages/airflow/example_dags/example_short_circuit_decorator.py
[2026-04-26T23:44:23.306+0000] {logging_mixin.py:188} INFO - [2026-04-26T23:44:23.306+0000] {dag.py:3096} INFO - Sync 1 DAGs
[2026-04-26T23:44:23.318+0000] {logging_mixin.py:188} INFO - [2026-04-26T23:44:23.318+0000] {dag.py:3954} INFO - Setting next_dagrun for example_short_circuit_decorator to 2026-04-25 00:00:00+00:00, run_after=2026-04-26 00:00:00+00:00
[2026-04-26T23:44:23.328+0000] {processor.py:183} INFO - Processing /home/airflow/.local/lib/python3.12/site-packages/airflow/example_dags/example_short_circuit_decorator.py took 0.044 seconds
[2026-04-26T23:44:53.404+0000] {processor.py:161} INFO - Started process (PID=265) to work on /home/airflow/.local/lib/python3.12/site-packages/airflow/example_dags/example_short_circuit_decorator.py
[2026-04-26T23:44:53.404+0000] {processor.py:830} INFO - Processing file /home/airflow/.local/lib/python3.12/site-packages/airflow/example_dags/example_short_circuit_decorator.py for tasks to queue
[2026-04-26T23:44:53.405+0000] {logging_mixin.py:188} INFO - [2026-04-26T23:44:53.405+0000] {dagbag.py:545} INFO - Filling up the DagBag from /home/airflow/.local/lib/python3.12/site-packages/airflow/example_dags/example_short_circuit_decorator.py
[2026-04-26T23:44:53.411+0000] {processor.py:840} INFO - DAG(s) 'example_short_circuit_decorator' retrieved from /home/airflow/.local/lib/python3.12/site-packages/airflow/example_dags/example_short_circuit_decorator.py
[2026-04-26T23:44:53.424+0000] {logging_mixin.py:188} INFO - [2026-04-26T23:44:53.424+0000] {dag.py:3096} INFO - Sync 1 DAGs
[2026-04-26T23:44:53.437+0000] {logging_mixin.py:188} INFO - [2026-04-26T23:44:53.437+0000] {dag.py:3954} INFO - Setting next_dagrun for example_short_circuit_decorator to 2026-04-25 00:00:00+00:00, run_after=2026-04-26 00:00:00+00:00
[2026-04-26T23:44:53.447+0000] {processor.py:183} INFO - Processing /home/airflow/.local/lib/python3.12/site-packages/airflow/example_dags/example_short_circuit_decorator.py took 0.047 seconds
[2026-04-26T23:45:24.270+0000] {processor.py:161} INFO - Started process (PID=324) to work on /home/airflow/.local/lib/python3.12/site-packages/airflow/example_dags/example_short_circuit_decorator.py
[2026-04-26T23:45:24.270+0000] {processor.py:830} INFO - Processing file /home/airflow/.local/lib/python3.12/site-packages/airflow/example_dags/example_short_circuit_decorator.py for tasks to queue
[2026-04-26T23:45:24.271+0000] {logging_mixin.py:188} INFO - [2026-04-26T23:45:24.271+0000] {dagbag.py:545} INFO - Filling up the DagBag from /home/airflow/.local/lib/python3.12/site-packages/airflow/example_dags/example_short_circuit_decorator.py
[2026-04-26T23:45:24.277+0000] {processor.py:840} INFO - DAG(s) 'example_short_circuit_decorator' retrieved from /home/airflow/.local/lib/python3.12/site-packages/airflow/example_dags/example_short_circuit_decorator.py
[2026-04-26T23:45:24.291+0000] {logging_mixin.py:188} INFO - [2026-04-26T23:45:24.291+0000] {dag.py:3096} INFO - Sync 1 DAGs
[2026-04-26T23:45:24.305+0000] {logging_mixin.py:188} INFO - [2026-04-26T23:45:24.305+0000] {dag.py:3954} INFO - Setting next_dagrun for example_short_circuit_decorator to 2026-04-25 00:00:00+00:00, run_after=2026-04-26 00:00:00+00:00
[2026-04-26T23:45:24.317+0000] {processor.py:183} INFO - Processing /home/airflow/.local/lib/python3.12/site-packages/airflow/example_dags/example_short_circuit_decorator.py took 0.051 seconds
[2026-04-26T23:45:55.088+0000] {processor.py:161} INFO - Started process (PID=383) to work on /home/airflow/.local/lib/python3.12/site-packages/airflow/example_dags/example_short_circuit_decorator.py
[2026-04-26T23:45:55.088+0000] {processor.py:830} INFO - Processing file /home/airflow/.local/lib/python3.12/site-packages/airflow/example_dags/example_short_circuit_decorator.py for tasks to queue
[2026-04-26T23:45:55.089+0000] {logging_mixin.py:188} INFO - [2026-04-26T23:45:55.089+0000] {dagbag.py:545} INFO - Filling up the DagBag from /home/airflow/.local/lib/python3.12/site-packages/airflow/example_dags/example_short_circuit_decorator.py
[2026-04-26T23:45:55.095+0000] {processor.py:840} INFO - DAG(s) 'example_short_circuit_decorator' retrieved from /home/airflow/.local/lib/python3.12/site-packages/airflow/example_dags/example_short_circuit_decorator.py
[2026-04-26T23:45:55.109+0000] {logging_mixin.py:188} INFO - [2026-04-26T23:45:55.109+0000] {dag.py:3096} INFO - Sync 1 DAGs
[2026-04-26T23:45:55.122+0000] {logging_mixin.py:188} INFO - [2026-04-26T23:45:55.122+0000] {dag.py:3954} INFO - Setting next_dagrun for example_short_circuit_decorator to 2026-04-25 00:00:00+00:00, run_after=2026-04-26 00:00:00+00:00
[2026-04-26T23:45:55.133+0000] {processor.py:183} INFO - Processing /home/airflow/.local/lib/python3.12/site-packages/airflow/example_dags/example_short_circuit_decorator.py took 0.050 seconds
[2026-04-26T23:46:25.888+0000] {processor.py:161} INFO - Started process (PID=442) to work on /home/airflow/.local/lib/python3.12/site-packages/airflow/example_dags/example_short_circuit_decorator.py
[2026-04-26T23:46:25.888+0000] {processor.py:830} INFO - Processing file /home/airflow/.local/lib/python3.12/site-packages/airflow/example_dags/example_short_circuit_decorator.py for tasks to queue
[2026-04-26T23:46:25.889+0000] {logging_mixin.py:188} INFO - [2026-04-26T23:46:25.889+0000] {dagbag.py:545} INFO - Filling up the DagBag from /home/airflow/.local/lib/python3.12/site-packages/airflow/example_dags/example_short_circuit_decorator.py
[2026-04-26T23:46:25.894+0000] {processor.py:840} INFO - DAG(s) 'example_short_circuit_decorator' retrieved from /home/airflow/.local/lib/python3.12/site-packages/airflow/example_dags/example_short_circuit_decorator.py
[2026-04-26T23:46:25.908+0000] {logging_mixin.py:188} INFO - [2026-04-26T23:46:25.908+0000] {dag.py:3096} INFO - Sync 1 DAGs
[2026-04-26T23:46:25.921+0000] {logging_mixin.py:188} INFO - [2026-04-26T23:46:25.921+0000] {dag.py:3954} INFO - Setting next_dagrun for example_short_circuit_decorator to 2026-04-25 00:00:00+00:00, run_after=2026-04-26 00:00:00+00:00
[2026-04-26T23:46:25.931+0000] {processor.py:183} INFO - Processing /home/airflow/.local/lib/python3.12/site-packages/airflow/example_dags/example_short_circuit_decorator.py took 0.047 seconds
[2026-04-26T23:46:56.687+0000] {processor.py:161} INFO - Started process (PID=501) to work on /home/airflow/.local/lib/python3.12/site-packages/airflow/example_dags/example_short_circuit_decorator.py
[2026-04-26T23:46:56.688+0000] {processor.py:830} INFO - Processing file /home/airflow/.local/lib/python3.12/site-packages/airflow/example_dags/example_short_circuit_decorator.py for tasks to queue
[2026-04-26T23:46:56.689+0000] {logging_mixin.py:188} INFO - [2026-04-26T23:46:56.688+0000] {dagbag.py:545} INFO - Filling up the DagBag from /home/airflow/.local/lib/python3.12/site-packages/airflow/example_dags/example_short_circuit_decorator.py
[2026-04-26T23:46:56.694+0000] {processor.py:840} INFO - DAG(s) 'example_short_circuit_decorator' retrieved from /home/airflow/.local/lib/python3.12/site-packages/airflow/example_dags/example_short_circuit_decorator.py
[2026-04-26T23:46:56.708+0000] {logging_mixin.py:188} INFO - [2026-04-26T23:46:56.708+0000] {dag.py:3096} INFO - Sync 1 DAGs
[2026-04-26T23:46:56.721+0000] {logging_mixin.py:188} INFO - [2026-04-26T23:46:56.721+0000] {dag.py:3954} INFO - Setting next_dagrun for example_short_circuit_decorator to 2026-04-25 00:00:00+00:00, run_after=2026-04-26 00:00:00+00:00
[2026-04-26T23:46:56.730+0000] {processor.py:183} INFO - Processing /home/airflow/.local/lib/python3.12/site-packages/airflow/example_dags/example_short_circuit_decorator.py took 0.047 seconds
[2026-04-26T23:47:27.032+0000] {processor.py:161} INFO - Started process (PID=560) to work on /home/airflow/.local/lib/python3.12/site-packages/airflow/example_dags/example_short_circuit_decorator.py
[2026-04-26T23:47:27.032+0000] {processor.py:830} INFO - Processing file /home/airflow/.local/lib/python3.12/site-packages/airflow/example_dags/example_short_circuit_decorator.py for tasks to queue
[2026-04-26T23:47:27.034+0000] {logging_mixin.py:188} INFO - [2026-04-26T23:47:27.034+0000] {dagbag.py:545} INFO - Filling up the DagBag from /home/airflow/.local/lib/python3.12/site-packages/airflow/example_dags/example_short_circuit_decorator.py
[2026-04-26T23:47:27.042+0000] {processor.py:840} INFO - DAG(s) 'example_short_circuit_decorator' retrieved from /home/airflow/.local/lib/python3.12/site-packages/airflow/example_dags/example_short_circuit_decorator.py
[2026-04-26T23:47:27.064+0000] {logging_mixin.py:188} INFO - [2026-04-26T23:47:27.063+0000] {dag.py:3096} INFO - Sync 1 DAGs
[2026-04-26T23:47:27.083+0000] {logging_mixin.py:188} INFO - [2026-04-26T23:47:27.083+0000] {dag.py:3954} INFO - Setting next_dagrun for example_short_circuit_decorator to 2026-04-25 00:00:00+00:00, run_after=2026-04-26 00:00:00+00:00
[2026-04-26T23:47:27.100+0000] {processor.py:183} INFO - Processing /home/airflow/.local/lib/python3.12/site-packages/airflow/example_dags/example_short_circuit_decorator.py took 0.073 seconds
[2026-04-26T23:47:57.128+0000] {processor.py:161} INFO - Started process (PID=619) to work on /home/airflow/.local/lib/python3.12/site-packages/airflow/example_dags/example_short_circuit_decorator.py
[2026-04-26T23:47:57.129+0000] {processor.py:830} INFO - Processing file /home/airflow/.local/lib/python3.12/site-packages/airflow/example_dags/example_short_circuit_decorator.py for tasks to queue
[2026-04-26T23:47:57.130+0000] {logging_mixin.py:188} INFO - [2026-04-26T23:47:57.130+0000] {dagbag.py:545} INFO - Filling up the DagBag from /home/airflow/.local/lib/python3.12/site-packages/airflow/example_dags/example_short_circuit_decorator.py
[2026-04-26T23:47:57.137+0000] {processor.py:840} INFO - DAG(s) 'example_short_circuit_decorator' retrieved from /home/airflow/.local/lib/python3.12/site-packages/airflow/example_dags/example_short_circuit_decorator.py
[2026-04-26T23:47:57.153+0000] {logging_mixin.py:188} INFO - [2026-04-26T23:47:57.153+0000] {dag.py:3096} INFO - Sync 1 DAGs
[2026-04-26T23:47:57.169+0000] {logging_mixin.py:188} INFO - [2026-04-26T23:47:57.168+0000] {dag.py:3954} INFO - Setting next_dagrun for example_short_circuit_decorator to 2026-04-25 00:00:00+00:00, run_after=2026-04-26 00:00:00+00:00
[2026-04-26T23:47:57.180+0000] {processor.py:183} INFO - Processing /home/airflow/.local/lib/python3.12/site-packages/airflow/example_dags/example_short_circuit_decorator.py took 0.057 seconds
[2026-04-26T23:48:27.262+0000] {processor.py:161} INFO - Started process (PID=678) to work on /home/airflow/.local/lib/python3.12/site-packages/airflow/example_dags/example_short_circuit_decorator.py
[2026-04-26T23:48:27.263+0000] {processor.py:830} INFO - Processing file /home/airflow/.local/lib/python3.12/site-packages/airflow/example_dags/example_short_circuit_decorator.py for tasks to queue
[2026-04-26T23:48:27.264+0000] {logging_mixin.py:188} INFO - [2026-04-26T23:48:27.264+0000] {dagbag.py:545} INFO - Filling up the DagBag from /home/airflow/.local/lib/python3.12/site-packages/airflow/example_dags/example_short_circuit_decorator.py
[2026-04-26T23:48:27.270+0000] {processor.py:840} INFO - DAG(s) 'example_short_circuit_decorator' retrieved from /home/airflow/.local/lib/python3.12/site-packages/airflow/example_dags/example_short_circuit_decorator.py
[2026-04-26T23:48:27.284+0000] {logging_mixin.py:188} INFO - [2026-04-26T23:48:27.284+0000] {dag.py:3096} INFO - Sync 1 DAGs
[2026-04-26T23:48:27.297+0000] {logging_mixin.py:188} INFO - [2026-04-26T23:48:27.297+0000] {dag.py:3954} INFO - Setting next_dagrun for example_short_circuit_decorator to 2026-04-25 00:00:00+00:00, run_after=2026-04-26 00:00:00+00:00
[2026-04-26T23:48:27.307+0000] {processor.py:183} INFO - Processing /home/airflow/.local/lib/python3.12/site-packages/airflow/example_dags/example_short_circuit_decorator.py took 0.049 seconds
[2026-04-26T23:48:58.278+0000] {processor.py:161} INFO - Started process (PID=737) to work on /home/airflow/.local/lib/python3.12/site-packages/airflow/example_dags/example_short_circuit_decorator.py
[2026-04-26T23:48:58.279+0000] {processor.py:830} INFO - Processing file /home/airflow/.local/lib/python3.12/site-packages/airflow/example_dags/example_short_circuit_decorator.py for tasks to queue
[2026-04-26T23:48:58.280+0000] {logging_mixin.py:188} INFO - [2026-04-26T23:48:58.280+0000] {dagbag.py:545} INFO - Filling up the DagBag from /home/airflow/.local/lib/python3.12/site-packages/airflow/example_dags/example_short_circuit_decorator.py
[2026-04-26T23:48:58.286+0000] {processor.py:840} INFO - DAG(s) 'example_short_circuit_decorator' retrieved from /home/airflow/.local/lib/python3.12/site-packages/airflow/example_dags/example_short_circuit_decorator.py
[2026-04-26T23:48:58.299+0000] {logging_mixin.py:188} INFO - [2026-04-26T23:48:58.299+0000] {dag.py:3096} INFO - Sync 1 DAGs
[2026-04-26T23:48:58.311+0000] {logging_mixin.py:188} INFO - [2026-04-26T23:48:58.311+0000] {dag.py:3954} INFO - Setting next_dagrun for example_short_circuit_decorator to 2026-04-25 00:00:00+00:00, run_after=2026-04-26 00:00:00+00:00
[2026-04-26T23:48:58.321+0000] {processor.py:183} INFO - Processing /home/airflow/.local/lib/python3.12/site-packages/airflow/example_dags/example_short_circuit_decorator.py took 0.047 seconds
[2026-04-26T23:49:28.487+0000] {processor.py:161} INFO - Started process (PID=796) to work on /home/airflow/.local/lib/python3.12/site-packages/airflow/example_dags/example_short_circuit_decorator.py
[2026-04-26T23:49:28.487+0000] {processor.py:830} INFO - Processing file /home/airflow/.local/lib/python3.12/site-packages/airflow/example_dags/example_short_circuit_decorator.py for tasks to queue
[2026-04-26T23:49:28.488+0000] {logging_mixin.py:188} INFO - [2026-04-26T23:49:28.488+0000] {dagbag.py:545} INFO - Filling up the DagBag from /home/airflow/.local/lib/python3.12/site-packages/airflow/example_dags/example_short_circuit_decorator.py
[2026-04-26T23:49:28.495+0000] {processor.py:840} INFO - DAG(s) 'example_short_circuit_decorator' retrieved from /home/airflow/.local/lib/python3.12/site-packages/airflow/example_dags/example_short_circuit_decorator.py
[2026-04-26T23:49:28.511+0000] {logging_mixin.py:188} INFO - [2026-04-26T23:49:28.511+0000] {dag.py:3096} INFO - Sync 1 DAGs
[2026-04-26T23:49:28.525+0000] {logging_mixin.py:188} INFO - [2026-04-26T23:49:28.525+0000] {dag.py:3954} INFO - Setting next_dagrun for example_short_circuit_decorator to 2026-04-25 00:00:00+00:00, run_after=2026-04-26 00:00:00+00:00
[2026-04-26T23:49:28.537+0000] {processor.py:183} INFO - Processing /home/airflow/.local/lib/python3.12/site-packages/airflow/example_dags/example_short_circuit_decorator.py took 0.055 seconds
[2026-04-26T23:50:04.064+0000] {processor.py:161} INFO - Started process (PID=88) to work on /home/airflow/.local/lib/python3.12/site-packages/airflow/example_dags/example_short_circuit_decorator.py
[2026-04-26T23:50:04.065+0000] {processor.py:830} INFO - Processing file /home/airflow/.local/lib/python3.12/site-packages/airflow/example_dags/example_short_circuit_decorator.py for tasks to queue
[2026-04-26T23:50:04.066+0000] {logging_mixin.py:188} INFO - [2026-04-26T23:50:04.066+0000] {dagbag.py:545} INFO - Filling up the DagBag from /home/airflow/.local/lib/python3.12/site-packages/airflow/example_dags/example_short_circuit_decorator.py
[2026-04-26T23:50:04.072+0000] {processor.py:840} INFO - DAG(s) 'example_short_circuit_decorator' retrieved from /home/airflow/.local/lib/python3.12/site-packages/airflow/example_dags/example_short_circuit_decorator.py
[2026-04-26T23:50:04.080+0000] {logging_mixin.py:188} INFO - [2026-04-26T23:50:04.080+0000] {dag.py:3096} INFO - Sync 1 DAGs
[2026-04-26T23:50:04.097+0000] {logging_mixin.py:188} INFO - [2026-04-26T23:50:04.097+0000] {dag.py:3954} INFO - Setting next_dagrun for example_short_circuit_decorator to 2026-04-25 00:00:00+00:00, run_after=2026-04-26 00:00:00+00:00
[2026-04-26T23:50:04.109+0000] {processor.py:183} INFO - Processing /home/airflow/.local/lib/python3.12/site-packages/airflow/example_dags/example_short_circuit_decorator.py took 0.049 seconds
[2026-04-26T23:50:35.573+0000] {processor.py:161} INFO - Started process (PID=147) to work on /home/airflow/.local/lib/python3.12/site-packages/airflow/example_dags/example_short_circuit_decorator.py
[2026-04-26T23:50:35.574+0000] {processor.py:830} INFO - Processing file /home/airflow/.local/lib/python3.12/site-packages/airflow/example_dags/example_short_circuit_decorator.py for tasks to queue
[2026-04-26T23:50:35.575+0000] {logging_mixin.py:188} INFO - [2026-04-26T23:50:35.575+0000] {dagbag.py:545} INFO - Filling up the DagBag from /home/airflow/.local/lib/python3.12/site-packages/airflow/example_dags/example_short_circuit_decorator.py
[2026-04-26T23:50:35.581+0000] {processor.py:840} INFO - DAG(s) 'example_short_circuit_decorator' retrieved from /home/airflow/.local/lib/python3.12/site-packages/airflow/example_dags/example_short_circuit_decorator.py
[2026-04-26T23:50:35.646+0000] {logging_mixin.py:188} INFO - [2026-04-26T23:50:35.646+0000] {dag.py:3096} INFO - Sync 1 DAGs
[2026-04-26T23:50:35.657+0000] {logging_mixin.py:188} INFO - [2026-04-26T23:50:35.657+0000] {dag.py:3954} INFO - Setting next_dagrun for example_short_circuit_decorator to 2026-04-25 00:00:00+00:00, run_after=2026-04-26 00:00:00+00:00
[2026-04-26T23:50:35.681+0000] {processor.py:183} INFO - Processing /home/airflow/.local/lib/python3.12/site-packages/airflow/example_dags/example_short_circuit_decorator.py took 0.111 seconds
[2026-04-26T23:51:06.363+0000] {processor.py:161} INFO - Started process (PID=206) to work on /home/airflow/.local/lib/python3.12/site-packages/airflow/example_dags/example_short_circuit_decorator.py
[2026-04-26T23:51:06.364+0000] {processor.py:830} INFO - Processing file /home/airflow/.local/lib/python3.12/site-packages/airflow/example_dags/example_short_circuit_decorator.py for tasks to queue
[2026-04-26T23:51:06.365+0000] {logging_mixin.py:188} INFO - [2026-04-26T23:51:06.365+0000] {dagbag.py:545} INFO - Filling up the DagBag from /home/airflow/.local/lib/python3.12/site-packages/airflow/example_dags/example_short_circuit_decorator.py
[2026-04-26T23:51:06.370+0000] {processor.py:840} INFO - DAG(s) 'example_short_circuit_decorator' retrieved from /home/airflow/.local/lib/python3.12/site-packages/airflow/example_dags/example_short_circuit_decorator.py
[2026-04-26T23:51:06.382+0000] {logging_mixin.py:188} INFO - [2026-04-26T23:51:06.382+0000] {dag.py:3096} INFO - Sync 1 DAGs
[2026-04-26T23:51:06.394+0000] {logging_mixin.py:188} INFO - [2026-04-26T23:51:06.393+0000] {dag.py:3954} INFO - Setting next_dagrun for example_short_circuit_decorator to 2026-04-25 00:00:00+00:00, run_after=2026-04-26 00:00:00+00:00
[2026-04-26T23:51:06.403+0000] {processor.py:183} INFO - Processing /home/airflow/.local/lib/python3.12/site-packages/airflow/example_dags/example_short_circuit_decorator.py took 0.044 seconds
[2026-04-26T23:51:36.516+0000] {processor.py:161} INFO - Started process (PID=265) to work on /home/airflow/.local/lib/python3.12/site-packages/airflow/example_dags/example_short_circuit_decorator.py
[2026-04-26T23:51:36.517+0000] {processor.py:830} INFO - Processing file /home/airflow/.local/lib/python3.12/site-packages/airflow/example_dags/example_short_circuit_decorator.py for tasks to queue
[2026-04-26T23:51:36.518+0000] {logging_mixin.py:188} INFO - [2026-04-26T23:51:36.518+0000] {dagbag.py:545} INFO - Filling up the DagBag from /home/airflow/.local/lib/python3.12/site-packages/airflow/example_dags/example_short_circuit_decorator.py
[2026-04-26T23:51:36.523+0000] {processor.py:840} INFO - DAG(s) 'example_short_circuit_decorator' retrieved from /home/airflow/.local/lib/python3.12/site-packages/airflow/example_dags/example_short_circuit_decorator.py
[2026-04-26T23:51:36.536+0000] {logging_mixin.py:188} INFO - [2026-04-26T23:51:36.536+0000] {dag.py:3096} INFO - Sync 1 DAGs
[2026-04-26T23:51:36.548+0000] {logging_mixin.py:188} INFO - [2026-04-26T23:51:36.548+0000] {dag.py:3954} INFO - Setting next_dagrun for example_short_circuit_decorator to 2026-04-25 00:00:00+00:00, run_after=2026-04-26 00:00:00+00:00
[2026-04-26T23:51:36.559+0000] {processor.py:183} INFO - Processing /home/airflow/.local/lib/python3.12/site-packages/airflow/example_dags/example_short_circuit_decorator.py took 0.047 seconds
[2026-04-26T23:52:07.556+0000] {processor.py:161} INFO - Started process (PID=324) to work on /home/airflow/.local/lib/python3.12/site-packages/airflow/example_dags/example_short_circuit_decorator.py
[2026-04-26T23:52:07.556+0000] {processor.py:830} INFO - Processing file /home/airflow/.local/lib/python3.12/site-packages/airflow/example_dags/example_short_circuit_decorator.py for tasks to queue
[2026-04-26T23:52:07.557+0000] {logging_mixin.py:188} INFO - [2026-04-26T23:52:07.557+0000] {dagbag.py:545} INFO - Filling up the DagBag from /home/airflow/.local/lib/python3.12/site-packages/airflow/example_dags/example_short_circuit_decorator.py
[2026-04-26T23:52:07.562+0000] {processor.py:840} INFO - DAG(s) 'example_short_circuit_decorator' retrieved from /home/airflow/.local/lib/python3.12/site-packages/airflow/example_dags/example_short_circuit_decorator.py
[2026-04-26T23:52:07.573+0000] {logging_mixin.py:188} INFO - [2026-04-26T23:52:07.573+0000] {dag.py:3096} INFO - Sync 1 DAGs
[2026-04-26T23:52:07.584+0000] {logging_mixin.py:188} INFO - [2026-04-26T23:52:07.584+0000] {dag.py:3954} INFO - Setting next_dagrun for example_short_circuit_decorator to 2026-04-25 00:00:00+00:00, run_after=2026-04-26 00:00:00+00:00
[2026-04-26T23:52:07.593+0000] {processor.py:183} INFO - Processing /home/airflow/.local/lib/python3.12/site-packages/airflow/example_dags/example_short_circuit_decorator.py took 0.040 seconds
[2026-04-26T23:52:37.774+0000] {processor.py:161} INFO - Started process (PID=383) to work on /home/airflow/.local/lib/python3.12/site-packages/airflow/example_dags/example_short_circuit_decorator.py
[2026-04-26T23:52:37.794+0000] {processor.py:830} INFO - Processing file /home/airflow/.local/lib/python3.12/site-packages/airflow/example_dags/example_short_circuit_decorator.py for tasks to queue
[2026-04-26T23:52:37.795+0000] {logging_mixin.py:188} INFO - [2026-04-26T23:52:37.795+0000] {dagbag.py:545} INFO - Filling up the DagBag from /home/airflow/.local/lib/python3.12/site-packages/airflow/example_dags/example_short_circuit_decorator.py
[2026-04-26T23:52:37.802+0000] {processor.py:840} INFO - DAG(s) 'example_short_circuit_decorator' retrieved from /home/airflow/.local/lib/python3.12/site-packages/airflow/example_dags/example_short_circuit_decorator.py
[2026-04-26T23:52:37.818+0000] {logging_mixin.py:188} INFO - [2026-04-26T23:52:37.818+0000] {dag.py:3096} INFO - Sync 1 DAGs
[2026-04-26T23:52:37.834+0000] {logging_mixin.py:188} INFO - [2026-04-26T23:52:37.834+0000] {dag.py:3954} INFO - Setting next_dagrun for example_short_circuit_decorator to 2026-04-25 00:00:00+00:00, run_after=2026-04-26 00:00:00+00:00
[2026-04-26T23:52:37.847+0000] {processor.py:183} INFO - Processing /home/airflow/.local/lib/python3.12/site-packages/airflow/example_dags/example_short_circuit_decorator.py took 0.078 seconds
[2026-04-26T23:53:08.661+0000] {processor.py:161} INFO - Started process (PID=442) to work on /home/airflow/.local/lib/python3.12/site-packages/airflow/example_dags/example_short_circuit_decorator.py
[2026-04-26T23:53:08.692+0000] {processor.py:830} INFO - Processing file /home/airflow/.local/lib/python3.12/site-packages/airflow/example_dags/example_short_circuit_decorator.py for tasks to queue
[2026-04-26T23:53:08.695+0000] {logging_mixin.py:188} INFO - [2026-04-26T23:53:08.694+0000] {dagbag.py:545} INFO - Filling up the DagBag from /home/airflow/.local/lib/python3.12/site-packages/airflow/example_dags/example_short_circuit_decorator.py
[2026-04-26T23:53:08.704+0000] {processor.py:840} INFO - DAG(s) 'example_short_circuit_decorator' retrieved from /home/airflow/.local/lib/python3.12/site-packages/airflow/example_dags/example_short_circuit_decorator.py
[2026-04-26T23:53:08.725+0000] {logging_mixin.py:188} INFO - [2026-04-26T23:53:08.724+0000] {dag.py:3096} INFO - Sync 1 DAGs
[2026-04-26T23:53:08.744+0000] {logging_mixin.py:188} INFO - [2026-04-26T23:53:08.744+0000] {dag.py:3954} INFO - Setting next_dagrun for example_short_circuit_decorator to 2026-04-25 00:00:00+00:00, run_after=2026-04-26 00:00:00+00:00
[2026-04-26T23:53:08.766+0000] {processor.py:183} INFO - Processing /home/airflow/.local/lib/python3.12/site-packages/airflow/example_dags/example_short_circuit_decorator.py took 0.110 seconds
[2026-04-26T23:53:38.993+0000] {processor.py:161} INFO - Started process (PID=501) to work on /home/airflow/.local/lib/python3.12/site-packages/airflow/example_dags/example_short_circuit_decorator.py
[2026-04-26T23:53:38.993+0000] {processor.py:830} INFO - Processing file /home/airflow/.local/lib/python3.12/site-packages/airflow/example_dags/example_short_circuit_decorator.py for tasks to queue
[2026-04-26T23:53:38.995+0000] {logging_mixin.py:188} INFO - [2026-04-26T23:53:38.994+0000] {dagbag.py:545} INFO - Filling up the DagBag from /home/airflow/.local/lib/python3.12/site-packages/airflow/example_dags/example_short_circuit_decorator.py
[2026-04-26T23:53:39.001+0000] {processor.py:840} INFO - DAG(s) 'example_short_circuit_decorator' retrieved from /home/airflow/.local/lib/python3.12/site-packages/airflow/example_dags/example_short_circuit_decorator.py
[2026-04-26T23:53:39.016+0000] {logging_mixin.py:188} INFO - [2026-04-26T23:53:39.016+0000] {dag.py:3096} INFO - Sync 1 DAGs
[2026-04-26T23:53:39.031+0000] {logging_mixin.py:188} INFO - [2026-04-26T23:53:39.031+0000] {dag.py:3954} INFO - Setting next_dagrun for example_short_circuit_decorator to 2026-04-25 00:00:00+00:00, run_after=2026-04-26 00:00:00+00:00
[2026-04-26T23:53:39.044+0000] {processor.py:183} INFO - Processing /home/airflow/.local/lib/python3.12/site-packages/airflow/example_dags/example_short_circuit_decorator.py took 0.056 seconds
