[2026-04-26T23:08:15.079+0000] {processor.py:161} INFO - Started process (PID=67) to work on /home/airflow/.local/lib/python3.12/site-packages/airflow/example_dags/example_setup_teardown_taskflow.py
[2026-04-26T23:08:15.079+0000] {processor.py:830} INFO - Processing file /home/airflow/.local/lib/python3.12/site-packages/airflow/example_dags/example_setup_teardown_taskflow.py for tasks to queue
[2026-04-26T23:08:15.080+0000] {logging_mixin.py:188} INFO - [2026-04-26T23:08:15.080+0000] {dagbag.py:545} INFO - Filling up the DagBag from /home/airflow/.local/lib/python3.12/site-packages/airflow/example_dags/example_setup_teardown_taskflow.py
[2026-04-26T23:08:15.088+0000] {processor.py:840} INFO - DAG(s) 'example_setup_teardown_taskflow' retrieved from /home/airflow/.local/lib/python3.12/site-packages/airflow/example_dags/example_setup_teardown_taskflow.py
[2026-04-26T23:08:15.096+0000] {logging_mixin.py:188} INFO - [2026-04-26T23:08:15.096+0000] {dag.py:3096} INFO - Sync 1 DAGs
[2026-04-26T23:08:15.116+0000] {logging_mixin.py:188} INFO - [2026-04-26T23:08:15.116+0000] {dag.py:3954} INFO - Setting next_dagrun for example_setup_teardown_taskflow to 2026-04-25 00:00:00+00:00, run_after=2026-04-26 00:00:00+00:00
[2026-04-26T23:08:15.131+0000] {processor.py:183} INFO - Processing /home/airflow/.local/lib/python3.12/site-packages/airflow/example_dags/example_setup_teardown_taskflow.py took 0.056 seconds
[2026-04-26T23:08:45.950+0000] {processor.py:161} INFO - Started process (PID=125) to work on /home/airflow/.local/lib/python3.12/site-packages/airflow/example_dags/example_setup_teardown_taskflow.py
[2026-04-26T23:08:45.950+0000] {processor.py:830} INFO - Processing file /home/airflow/.local/lib/python3.12/site-packages/airflow/example_dags/example_setup_teardown_taskflow.py for tasks to queue
[2026-04-26T23:08:45.952+0000] {logging_mixin.py:188} INFO - [2026-04-26T23:08:45.952+0000] {dagbag.py:545} INFO - Filling up the DagBag from /home/airflow/.local/lib/python3.12/site-packages/airflow/example_dags/example_setup_teardown_taskflow.py
[2026-04-26T23:08:45.959+0000] {processor.py:840} INFO - DAG(s) 'example_setup_teardown_taskflow' retrieved from /home/airflow/.local/lib/python3.12/site-packages/airflow/example_dags/example_setup_teardown_taskflow.py
[2026-04-26T23:08:46.036+0000] {logging_mixin.py:188} INFO - [2026-04-26T23:08:46.036+0000] {dag.py:3096} INFO - Sync 1 DAGs
[2026-04-26T23:08:46.050+0000] {logging_mixin.py:188} INFO - [2026-04-26T23:08:46.050+0000] {dag.py:3954} INFO - Setting next_dagrun for example_setup_teardown_taskflow to 2026-04-25 00:00:00+00:00, run_after=2026-04-26 00:00:00+00:00
[2026-04-26T23:08:46.064+0000] {processor.py:183} INFO - Processing /home/airflow/.local/lib/python3.12/site-packages/airflow/example_dags/example_setup_teardown_taskflow.py took 0.119 seconds
[2026-04-26T23:09:16.685+0000] {processor.py:161} INFO - Started process (PID=183) to work on /home/airflow/.local/lib/python3.12/site-packages/airflow/example_dags/example_setup_teardown_taskflow.py
[2026-04-26T23:09:16.685+0000] {processor.py:830} INFO - Processing file /home/airflow/.local/lib/python3.12/site-packages/airflow/example_dags/example_setup_teardown_taskflow.py for tasks to queue
[2026-04-26T23:09:16.686+0000] {logging_mixin.py:188} INFO - [2026-04-26T23:09:16.686+0000] {dagbag.py:545} INFO - Filling up the DagBag from /home/airflow/.local/lib/python3.12/site-packages/airflow/example_dags/example_setup_teardown_taskflow.py
[2026-04-26T23:09:16.691+0000] {processor.py:840} INFO - DAG(s) 'example_setup_teardown_taskflow' retrieved from /home/airflow/.local/lib/python3.12/site-packages/airflow/example_dags/example_setup_teardown_taskflow.py
[2026-04-26T23:09:16.702+0000] {logging_mixin.py:188} INFO - [2026-04-26T23:09:16.702+0000] {dag.py:3096} INFO - Sync 1 DAGs
[2026-04-26T23:09:16.713+0000] {logging_mixin.py:188} INFO - [2026-04-26T23:09:16.713+0000] {dag.py:3954} INFO - Setting next_dagrun for example_setup_teardown_taskflow to 2026-04-25 00:00:00+00:00, run_after=2026-04-26 00:00:00+00:00
[2026-04-26T23:09:16.722+0000] {processor.py:183} INFO - Processing /home/airflow/.local/lib/python3.12/site-packages/airflow/example_dags/example_setup_teardown_taskflow.py took 0.040 seconds
[2026-04-26T23:09:47.520+0000] {processor.py:161} INFO - Started process (PID=241) to work on /home/airflow/.local/lib/python3.12/site-packages/airflow/example_dags/example_setup_teardown_taskflow.py
[2026-04-26T23:09:47.521+0000] {processor.py:830} INFO - Processing file /home/airflow/.local/lib/python3.12/site-packages/airflow/example_dags/example_setup_teardown_taskflow.py for tasks to queue
[2026-04-26T23:09:47.522+0000] {logging_mixin.py:188} INFO - [2026-04-26T23:09:47.522+0000] {dagbag.py:545} INFO - Filling up the DagBag from /home/airflow/.local/lib/python3.12/site-packages/airflow/example_dags/example_setup_teardown_taskflow.py
[2026-04-26T23:09:47.527+0000] {processor.py:840} INFO - DAG(s) 'example_setup_teardown_taskflow' retrieved from /home/airflow/.local/lib/python3.12/site-packages/airflow/example_dags/example_setup_teardown_taskflow.py
[2026-04-26T23:09:47.541+0000] {logging_mixin.py:188} INFO - [2026-04-26T23:09:47.541+0000] {dag.py:3096} INFO - Sync 1 DAGs
[2026-04-26T23:09:47.553+0000] {logging_mixin.py:188} INFO - [2026-04-26T23:09:47.553+0000] {dag.py:3954} INFO - Setting next_dagrun for example_setup_teardown_taskflow to 2026-04-25 00:00:00+00:00, run_after=2026-04-26 00:00:00+00:00
[2026-04-26T23:09:47.562+0000] {processor.py:183} INFO - Processing /home/airflow/.local/lib/python3.12/site-packages/airflow/example_dags/example_setup_teardown_taskflow.py took 0.046 seconds
[2026-04-26T23:10:18.456+0000] {processor.py:161} INFO - Started process (PID=305) to work on /home/airflow/.local/lib/python3.12/site-packages/airflow/example_dags/example_setup_teardown_taskflow.py
[2026-04-26T23:10:18.456+0000] {processor.py:830} INFO - Processing file /home/airflow/.local/lib/python3.12/site-packages/airflow/example_dags/example_setup_teardown_taskflow.py for tasks to queue
[2026-04-26T23:10:18.457+0000] {logging_mixin.py:188} INFO - [2026-04-26T23:10:18.457+0000] {dagbag.py:545} INFO - Filling up the DagBag from /home/airflow/.local/lib/python3.12/site-packages/airflow/example_dags/example_setup_teardown_taskflow.py
[2026-04-26T23:10:18.462+0000] {processor.py:840} INFO - DAG(s) 'example_setup_teardown_taskflow' retrieved from /home/airflow/.local/lib/python3.12/site-packages/airflow/example_dags/example_setup_teardown_taskflow.py
[2026-04-26T23:10:18.473+0000] {logging_mixin.py:188} INFO - [2026-04-26T23:10:18.473+0000] {dag.py:3096} INFO - Sync 1 DAGs
[2026-04-26T23:10:18.485+0000] {logging_mixin.py:188} INFO - [2026-04-26T23:10:18.485+0000] {dag.py:3954} INFO - Setting next_dagrun for example_setup_teardown_taskflow to 2026-04-25 00:00:00+00:00, run_after=2026-04-26 00:00:00+00:00
[2026-04-26T23:10:18.493+0000] {processor.py:183} INFO - Processing /home/airflow/.local/lib/python3.12/site-packages/airflow/example_dags/example_setup_teardown_taskflow.py took 0.041 seconds
[2026-04-26T23:10:48.598+0000] {processor.py:161} INFO - Started process (PID=363) to work on /home/airflow/.local/lib/python3.12/site-packages/airflow/example_dags/example_setup_teardown_taskflow.py
[2026-04-26T23:10:48.599+0000] {processor.py:830} INFO - Processing file /home/airflow/.local/lib/python3.12/site-packages/airflow/example_dags/example_setup_teardown_taskflow.py for tasks to queue
[2026-04-26T23:10:48.600+0000] {logging_mixin.py:188} INFO - [2026-04-26T23:10:48.600+0000] {dagbag.py:545} INFO - Filling up the DagBag from /home/airflow/.local/lib/python3.12/site-packages/airflow/example_dags/example_setup_teardown_taskflow.py
[2026-04-26T23:10:48.605+0000] {processor.py:840} INFO - DAG(s) 'example_setup_teardown_taskflow' retrieved from /home/airflow/.local/lib/python3.12/site-packages/airflow/example_dags/example_setup_teardown_taskflow.py
[2026-04-26T23:10:48.617+0000] {logging_mixin.py:188} INFO - [2026-04-26T23:10:48.617+0000] {dag.py:3096} INFO - Sync 1 DAGs
[2026-04-26T23:10:48.629+0000] {logging_mixin.py:188} INFO - [2026-04-26T23:10:48.629+0000] {dag.py:3954} INFO - Setting next_dagrun for example_setup_teardown_taskflow to 2026-04-25 00:00:00+00:00, run_after=2026-04-26 00:00:00+00:00
[2026-04-26T23:10:48.637+0000] {processor.py:183} INFO - Processing /home/airflow/.local/lib/python3.12/site-packages/airflow/example_dags/example_setup_teardown_taskflow.py took 0.043 seconds
[2026-04-26T23:11:19.305+0000] {processor.py:161} INFO - Started process (PID=421) to work on /home/airflow/.local/lib/python3.12/site-packages/airflow/example_dags/example_setup_teardown_taskflow.py
[2026-04-26T23:11:19.305+0000] {processor.py:830} INFO - Processing file /home/airflow/.local/lib/python3.12/site-packages/airflow/example_dags/example_setup_teardown_taskflow.py for tasks to queue
[2026-04-26T23:11:19.306+0000] {logging_mixin.py:188} INFO - [2026-04-26T23:11:19.306+0000] {dagbag.py:545} INFO - Filling up the DagBag from /home/airflow/.local/lib/python3.12/site-packages/airflow/example_dags/example_setup_teardown_taskflow.py
[2026-04-26T23:11:19.313+0000] {processor.py:840} INFO - DAG(s) 'example_setup_teardown_taskflow' retrieved from /home/airflow/.local/lib/python3.12/site-packages/airflow/example_dags/example_setup_teardown_taskflow.py
[2026-04-26T23:11:19.327+0000] {logging_mixin.py:188} INFO - [2026-04-26T23:11:19.327+0000] {dag.py:3096} INFO - Sync 1 DAGs
[2026-04-26T23:11:19.340+0000] {logging_mixin.py:188} INFO - [2026-04-26T23:11:19.340+0000] {dag.py:3954} INFO - Setting next_dagrun for example_setup_teardown_taskflow to 2026-04-25 00:00:00+00:00, run_after=2026-04-26 00:00:00+00:00
[2026-04-26T23:11:19.351+0000] {processor.py:183} INFO - Processing /home/airflow/.local/lib/python3.12/site-packages/airflow/example_dags/example_setup_teardown_taskflow.py took 0.050 seconds
[2026-04-26T23:11:50.074+0000] {processor.py:161} INFO - Started process (PID=479) to work on /home/airflow/.local/lib/python3.12/site-packages/airflow/example_dags/example_setup_teardown_taskflow.py
[2026-04-26T23:11:50.074+0000] {processor.py:830} INFO - Processing file /home/airflow/.local/lib/python3.12/site-packages/airflow/example_dags/example_setup_teardown_taskflow.py for tasks to queue
[2026-04-26T23:11:50.076+0000] {logging_mixin.py:188} INFO - [2026-04-26T23:11:50.075+0000] {dagbag.py:545} INFO - Filling up the DagBag from /home/airflow/.local/lib/python3.12/site-packages/airflow/example_dags/example_setup_teardown_taskflow.py
[2026-04-26T23:11:50.080+0000] {processor.py:840} INFO - DAG(s) 'example_setup_teardown_taskflow' retrieved from /home/airflow/.local/lib/python3.12/site-packages/airflow/example_dags/example_setup_teardown_taskflow.py
[2026-04-26T23:11:50.092+0000] {logging_mixin.py:188} INFO - [2026-04-26T23:11:50.092+0000] {dag.py:3096} INFO - Sync 1 DAGs
[2026-04-26T23:11:50.103+0000] {logging_mixin.py:188} INFO - [2026-04-26T23:11:50.103+0000] {dag.py:3954} INFO - Setting next_dagrun for example_setup_teardown_taskflow to 2026-04-25 00:00:00+00:00, run_after=2026-04-26 00:00:00+00:00
[2026-04-26T23:11:50.111+0000] {processor.py:183} INFO - Processing /home/airflow/.local/lib/python3.12/site-packages/airflow/example_dags/example_setup_teardown_taskflow.py took 0.040 seconds
[2026-04-26T23:12:20.877+0000] {processor.py:161} INFO - Started process (PID=537) to work on /home/airflow/.local/lib/python3.12/site-packages/airflow/example_dags/example_setup_teardown_taskflow.py
[2026-04-26T23:12:20.878+0000] {processor.py:830} INFO - Processing file /home/airflow/.local/lib/python3.12/site-packages/airflow/example_dags/example_setup_teardown_taskflow.py for tasks to queue
[2026-04-26T23:12:20.879+0000] {logging_mixin.py:188} INFO - [2026-04-26T23:12:20.879+0000] {dagbag.py:545} INFO - Filling up the DagBag from /home/airflow/.local/lib/python3.12/site-packages/airflow/example_dags/example_setup_teardown_taskflow.py
[2026-04-26T23:12:20.884+0000] {processor.py:840} INFO - DAG(s) 'example_setup_teardown_taskflow' retrieved from /home/airflow/.local/lib/python3.12/site-packages/airflow/example_dags/example_setup_teardown_taskflow.py
[2026-04-26T23:12:20.898+0000] {logging_mixin.py:188} INFO - [2026-04-26T23:12:20.898+0000] {dag.py:3096} INFO - Sync 1 DAGs
[2026-04-26T23:12:20.913+0000] {logging_mixin.py:188} INFO - [2026-04-26T23:12:20.913+0000] {dag.py:3954} INFO - Setting next_dagrun for example_setup_teardown_taskflow to 2026-04-25 00:00:00+00:00, run_after=2026-04-26 00:00:00+00:00
[2026-04-26T23:12:20.923+0000] {processor.py:183} INFO - Processing /home/airflow/.local/lib/python3.12/site-packages/airflow/example_dags/example_setup_teardown_taskflow.py took 0.049 seconds
[2026-04-26T23:12:51.729+0000] {processor.py:161} INFO - Started process (PID=595) to work on /home/airflow/.local/lib/python3.12/site-packages/airflow/example_dags/example_setup_teardown_taskflow.py
[2026-04-26T23:12:51.729+0000] {processor.py:830} INFO - Processing file /home/airflow/.local/lib/python3.12/site-packages/airflow/example_dags/example_setup_teardown_taskflow.py for tasks to queue
[2026-04-26T23:12:51.731+0000] {logging_mixin.py:188} INFO - [2026-04-26T23:12:51.730+0000] {dagbag.py:545} INFO - Filling up the DagBag from /home/airflow/.local/lib/python3.12/site-packages/airflow/example_dags/example_setup_teardown_taskflow.py
[2026-04-26T23:12:51.736+0000] {processor.py:840} INFO - DAG(s) 'example_setup_teardown_taskflow' retrieved from /home/airflow/.local/lib/python3.12/site-packages/airflow/example_dags/example_setup_teardown_taskflow.py
[2026-04-26T23:12:51.749+0000] {logging_mixin.py:188} INFO - [2026-04-26T23:12:51.749+0000] {dag.py:3096} INFO - Sync 1 DAGs
[2026-04-26T23:12:51.762+0000] {logging_mixin.py:188} INFO - [2026-04-26T23:12:51.762+0000] {dag.py:3954} INFO - Setting next_dagrun for example_setup_teardown_taskflow to 2026-04-25 00:00:00+00:00, run_after=2026-04-26 00:00:00+00:00
[2026-04-26T23:12:51.772+0000] {processor.py:183} INFO - Processing /home/airflow/.local/lib/python3.12/site-packages/airflow/example_dags/example_setup_teardown_taskflow.py took 0.047 seconds
[2026-04-26T23:13:21.812+0000] {processor.py:161} INFO - Started process (PID=653) to work on /home/airflow/.local/lib/python3.12/site-packages/airflow/example_dags/example_setup_teardown_taskflow.py
[2026-04-26T23:13:21.813+0000] {processor.py:830} INFO - Processing file /home/airflow/.local/lib/python3.12/site-packages/airflow/example_dags/example_setup_teardown_taskflow.py for tasks to queue
[2026-04-26T23:13:21.814+0000] {logging_mixin.py:188} INFO - [2026-04-26T23:13:21.813+0000] {dagbag.py:545} INFO - Filling up the DagBag from /home/airflow/.local/lib/python3.12/site-packages/airflow/example_dags/example_setup_teardown_taskflow.py
[2026-04-26T23:13:21.820+0000] {processor.py:840} INFO - DAG(s) 'example_setup_teardown_taskflow' retrieved from /home/airflow/.local/lib/python3.12/site-packages/airflow/example_dags/example_setup_teardown_taskflow.py
[2026-04-26T23:13:21.835+0000] {logging_mixin.py:188} INFO - [2026-04-26T23:13:21.835+0000] {dag.py:3096} INFO - Sync 1 DAGs
[2026-04-26T23:13:21.848+0000] {logging_mixin.py:188} INFO - [2026-04-26T23:13:21.848+0000] {dag.py:3954} INFO - Setting next_dagrun for example_setup_teardown_taskflow to 2026-04-25 00:00:00+00:00, run_after=2026-04-26 00:00:00+00:00
[2026-04-26T23:13:21.860+0000] {processor.py:183} INFO - Processing /home/airflow/.local/lib/python3.12/site-packages/airflow/example_dags/example_setup_teardown_taskflow.py took 0.051 seconds
[2026-04-26T23:13:52.096+0000] {processor.py:161} INFO - Started process (PID=711) to work on /home/airflow/.local/lib/python3.12/site-packages/airflow/example_dags/example_setup_teardown_taskflow.py
[2026-04-26T23:13:52.096+0000] {processor.py:830} INFO - Processing file /home/airflow/.local/lib/python3.12/site-packages/airflow/example_dags/example_setup_teardown_taskflow.py for tasks to queue
[2026-04-26T23:13:52.097+0000] {logging_mixin.py:188} INFO - [2026-04-26T23:13:52.097+0000] {dagbag.py:545} INFO - Filling up the DagBag from /home/airflow/.local/lib/python3.12/site-packages/airflow/example_dags/example_setup_teardown_taskflow.py
[2026-04-26T23:13:52.103+0000] {processor.py:840} INFO - DAG(s) 'example_setup_teardown_taskflow' retrieved from /home/airflow/.local/lib/python3.12/site-packages/airflow/example_dags/example_setup_teardown_taskflow.py
[2026-04-26T23:13:52.115+0000] {logging_mixin.py:188} INFO - [2026-04-26T23:13:52.115+0000] {dag.py:3096} INFO - Sync 1 DAGs
[2026-04-26T23:13:52.127+0000] {logging_mixin.py:188} INFO - [2026-04-26T23:13:52.127+0000] {dag.py:3954} INFO - Setting next_dagrun for example_setup_teardown_taskflow to 2026-04-25 00:00:00+00:00, run_after=2026-04-26 00:00:00+00:00
[2026-04-26T23:13:52.136+0000] {processor.py:183} INFO - Processing /home/airflow/.local/lib/python3.12/site-packages/airflow/example_dags/example_setup_teardown_taskflow.py took 0.044 seconds
[2026-04-26T23:14:22.731+0000] {processor.py:161} INFO - Started process (PID=769) to work on /home/airflow/.local/lib/python3.12/site-packages/airflow/example_dags/example_setup_teardown_taskflow.py
[2026-04-26T23:14:22.731+0000] {processor.py:830} INFO - Processing file /home/airflow/.local/lib/python3.12/site-packages/airflow/example_dags/example_setup_teardown_taskflow.py for tasks to queue
[2026-04-26T23:14:22.732+0000] {logging_mixin.py:188} INFO - [2026-04-26T23:14:22.732+0000] {dagbag.py:545} INFO - Filling up the DagBag from /home/airflow/.local/lib/python3.12/site-packages/airflow/example_dags/example_setup_teardown_taskflow.py
[2026-04-26T23:14:22.737+0000] {processor.py:840} INFO - DAG(s) 'example_setup_teardown_taskflow' retrieved from /home/airflow/.local/lib/python3.12/site-packages/airflow/example_dags/example_setup_teardown_taskflow.py
[2026-04-26T23:14:22.748+0000] {logging_mixin.py:188} INFO - [2026-04-26T23:14:22.748+0000] {dag.py:3096} INFO - Sync 1 DAGs
[2026-04-26T23:14:22.759+0000] {logging_mixin.py:188} INFO - [2026-04-26T23:14:22.759+0000] {dag.py:3954} INFO - Setting next_dagrun for example_setup_teardown_taskflow to 2026-04-25 00:00:00+00:00, run_after=2026-04-26 00:00:00+00:00
[2026-04-26T23:14:22.768+0000] {processor.py:183} INFO - Processing /home/airflow/.local/lib/python3.12/site-packages/airflow/example_dags/example_setup_teardown_taskflow.py took 0.040 seconds
[2026-04-26T23:14:53.532+0000] {processor.py:161} INFO - Started process (PID=827) to work on /home/airflow/.local/lib/python3.12/site-packages/airflow/example_dags/example_setup_teardown_taskflow.py
[2026-04-26T23:14:53.532+0000] {processor.py:830} INFO - Processing file /home/airflow/.local/lib/python3.12/site-packages/airflow/example_dags/example_setup_teardown_taskflow.py for tasks to queue
[2026-04-26T23:14:53.533+0000] {logging_mixin.py:188} INFO - [2026-04-26T23:14:53.533+0000] {dagbag.py:545} INFO - Filling up the DagBag from /home/airflow/.local/lib/python3.12/site-packages/airflow/example_dags/example_setup_teardown_taskflow.py
[2026-04-26T23:14:53.539+0000] {processor.py:840} INFO - DAG(s) 'example_setup_teardown_taskflow' retrieved from /home/airflow/.local/lib/python3.12/site-packages/airflow/example_dags/example_setup_teardown_taskflow.py
[2026-04-26T23:14:53.555+0000] {logging_mixin.py:188} INFO - [2026-04-26T23:14:53.555+0000] {dag.py:3096} INFO - Sync 1 DAGs
[2026-04-26T23:14:53.570+0000] {logging_mixin.py:188} INFO - [2026-04-26T23:14:53.570+0000] {dag.py:3954} INFO - Setting next_dagrun for example_setup_teardown_taskflow to 2026-04-25 00:00:00+00:00, run_after=2026-04-26 00:00:00+00:00
[2026-04-26T23:14:53.582+0000] {processor.py:183} INFO - Processing /home/airflow/.local/lib/python3.12/site-packages/airflow/example_dags/example_setup_teardown_taskflow.py took 0.054 seconds
[2026-04-26T23:15:23.645+0000] {processor.py:161} INFO - Started process (PID=885) to work on /home/airflow/.local/lib/python3.12/site-packages/airflow/example_dags/example_setup_teardown_taskflow.py
[2026-04-26T23:15:23.646+0000] {processor.py:830} INFO - Processing file /home/airflow/.local/lib/python3.12/site-packages/airflow/example_dags/example_setup_teardown_taskflow.py for tasks to queue
[2026-04-26T23:15:23.647+0000] {logging_mixin.py:188} INFO - [2026-04-26T23:15:23.647+0000] {dagbag.py:545} INFO - Filling up the DagBag from /home/airflow/.local/lib/python3.12/site-packages/airflow/example_dags/example_setup_teardown_taskflow.py
[2026-04-26T23:15:23.652+0000] {processor.py:840} INFO - DAG(s) 'example_setup_teardown_taskflow' retrieved from /home/airflow/.local/lib/python3.12/site-packages/airflow/example_dags/example_setup_teardown_taskflow.py
[2026-04-26T23:15:23.666+0000] {logging_mixin.py:188} INFO - [2026-04-26T23:15:23.666+0000] {dag.py:3096} INFO - Sync 1 DAGs
[2026-04-26T23:15:23.678+0000] {logging_mixin.py:188} INFO - [2026-04-26T23:15:23.678+0000] {dag.py:3954} INFO - Setting next_dagrun for example_setup_teardown_taskflow to 2026-04-25 00:00:00+00:00, run_after=2026-04-26 00:00:00+00:00
[2026-04-26T23:15:23.687+0000] {processor.py:183} INFO - Processing /home/airflow/.local/lib/python3.12/site-packages/airflow/example_dags/example_setup_teardown_taskflow.py took 0.046 seconds
[2026-04-26T23:15:53.779+0000] {processor.py:161} INFO - Started process (PID=943) to work on /home/airflow/.local/lib/python3.12/site-packages/airflow/example_dags/example_setup_teardown_taskflow.py
[2026-04-26T23:15:53.780+0000] {processor.py:830} INFO - Processing file /home/airflow/.local/lib/python3.12/site-packages/airflow/example_dags/example_setup_teardown_taskflow.py for tasks to queue
[2026-04-26T23:15:53.781+0000] {logging_mixin.py:188} INFO - [2026-04-26T23:15:53.781+0000] {dagbag.py:545} INFO - Filling up the DagBag from /home/airflow/.local/lib/python3.12/site-packages/airflow/example_dags/example_setup_teardown_taskflow.py
[2026-04-26T23:15:53.786+0000] {processor.py:840} INFO - DAG(s) 'example_setup_teardown_taskflow' retrieved from /home/airflow/.local/lib/python3.12/site-packages/airflow/example_dags/example_setup_teardown_taskflow.py
[2026-04-26T23:15:53.797+0000] {logging_mixin.py:188} INFO - [2026-04-26T23:15:53.797+0000] {dag.py:3096} INFO - Sync 1 DAGs
[2026-04-26T23:15:53.808+0000] {logging_mixin.py:188} INFO - [2026-04-26T23:15:53.808+0000] {dag.py:3954} INFO - Setting next_dagrun for example_setup_teardown_taskflow to 2026-04-25 00:00:00+00:00, run_after=2026-04-26 00:00:00+00:00
[2026-04-26T23:15:53.816+0000] {processor.py:183} INFO - Processing /home/airflow/.local/lib/python3.12/site-packages/airflow/example_dags/example_setup_teardown_taskflow.py took 0.040 seconds
[2026-04-26T23:16:23.995+0000] {processor.py:161} INFO - Started process (PID=1001) to work on /home/airflow/.local/lib/python3.12/site-packages/airflow/example_dags/example_setup_teardown_taskflow.py
[2026-04-26T23:16:23.995+0000] {processor.py:830} INFO - Processing file /home/airflow/.local/lib/python3.12/site-packages/airflow/example_dags/example_setup_teardown_taskflow.py for tasks to queue
[2026-04-26T23:16:23.996+0000] {logging_mixin.py:188} INFO - [2026-04-26T23:16:23.996+0000] {dagbag.py:545} INFO - Filling up the DagBag from /home/airflow/.local/lib/python3.12/site-packages/airflow/example_dags/example_setup_teardown_taskflow.py
[2026-04-26T23:16:24.001+0000] {processor.py:840} INFO - DAG(s) 'example_setup_teardown_taskflow' retrieved from /home/airflow/.local/lib/python3.12/site-packages/airflow/example_dags/example_setup_teardown_taskflow.py
[2026-04-26T23:16:24.013+0000] {logging_mixin.py:188} INFO - [2026-04-26T23:16:24.013+0000] {dag.py:3096} INFO - Sync 1 DAGs
[2026-04-26T23:16:24.024+0000] {logging_mixin.py:188} INFO - [2026-04-26T23:16:24.024+0000] {dag.py:3954} INFO - Setting next_dagrun for example_setup_teardown_taskflow to 2026-04-25 00:00:00+00:00, run_after=2026-04-26 00:00:00+00:00
[2026-04-26T23:16:24.032+0000] {processor.py:183} INFO - Processing /home/airflow/.local/lib/python3.12/site-packages/airflow/example_dags/example_setup_teardown_taskflow.py took 0.041 seconds
[2026-04-26T23:16:54.233+0000] {processor.py:161} INFO - Started process (PID=1059) to work on /home/airflow/.local/lib/python3.12/site-packages/airflow/example_dags/example_setup_teardown_taskflow.py
[2026-04-26T23:16:54.234+0000] {processor.py:830} INFO - Processing file /home/airflow/.local/lib/python3.12/site-packages/airflow/example_dags/example_setup_teardown_taskflow.py for tasks to queue
[2026-04-26T23:16:54.235+0000] {logging_mixin.py:188} INFO - [2026-04-26T23:16:54.235+0000] {dagbag.py:545} INFO - Filling up the DagBag from /home/airflow/.local/lib/python3.12/site-packages/airflow/example_dags/example_setup_teardown_taskflow.py
[2026-04-26T23:16:54.240+0000] {processor.py:840} INFO - DAG(s) 'example_setup_teardown_taskflow' retrieved from /home/airflow/.local/lib/python3.12/site-packages/airflow/example_dags/example_setup_teardown_taskflow.py
[2026-04-26T23:16:54.251+0000] {logging_mixin.py:188} INFO - [2026-04-26T23:16:54.251+0000] {dag.py:3096} INFO - Sync 1 DAGs
[2026-04-26T23:16:54.262+0000] {logging_mixin.py:188} INFO - [2026-04-26T23:16:54.262+0000] {dag.py:3954} INFO - Setting next_dagrun for example_setup_teardown_taskflow to 2026-04-25 00:00:00+00:00, run_after=2026-04-26 00:00:00+00:00
[2026-04-26T23:16:54.270+0000] {processor.py:183} INFO - Processing /home/airflow/.local/lib/python3.12/site-packages/airflow/example_dags/example_setup_teardown_taskflow.py took 0.040 seconds
[2026-04-26T23:17:24.612+0000] {processor.py:161} INFO - Started process (PID=1117) to work on /home/airflow/.local/lib/python3.12/site-packages/airflow/example_dags/example_setup_teardown_taskflow.py
[2026-04-26T23:17:24.613+0000] {processor.py:830} INFO - Processing file /home/airflow/.local/lib/python3.12/site-packages/airflow/example_dags/example_setup_teardown_taskflow.py for tasks to queue
[2026-04-26T23:17:24.614+0000] {logging_mixin.py:188} INFO - [2026-04-26T23:17:24.613+0000] {dagbag.py:545} INFO - Filling up the DagBag from /home/airflow/.local/lib/python3.12/site-packages/airflow/example_dags/example_setup_teardown_taskflow.py
[2026-04-26T23:17:24.618+0000] {processor.py:840} INFO - DAG(s) 'example_setup_teardown_taskflow' retrieved from /home/airflow/.local/lib/python3.12/site-packages/airflow/example_dags/example_setup_teardown_taskflow.py
[2026-04-26T23:17:24.630+0000] {logging_mixin.py:188} INFO - [2026-04-26T23:17:24.630+0000] {dag.py:3096} INFO - Sync 1 DAGs
[2026-04-26T23:17:24.641+0000] {logging_mixin.py:188} INFO - [2026-04-26T23:17:24.641+0000] {dag.py:3954} INFO - Setting next_dagrun for example_setup_teardown_taskflow to 2026-04-25 00:00:00+00:00, run_after=2026-04-26 00:00:00+00:00
[2026-04-26T23:17:24.651+0000] {processor.py:183} INFO - Processing /home/airflow/.local/lib/python3.12/site-packages/airflow/example_dags/example_setup_teardown_taskflow.py took 0.042 seconds
[2026-04-26T23:17:54.925+0000] {processor.py:161} INFO - Started process (PID=1175) to work on /home/airflow/.local/lib/python3.12/site-packages/airflow/example_dags/example_setup_teardown_taskflow.py
[2026-04-26T23:17:54.925+0000] {processor.py:830} INFO - Processing file /home/airflow/.local/lib/python3.12/site-packages/airflow/example_dags/example_setup_teardown_taskflow.py for tasks to queue
[2026-04-26T23:17:54.926+0000] {logging_mixin.py:188} INFO - [2026-04-26T23:17:54.926+0000] {dagbag.py:545} INFO - Filling up the DagBag from /home/airflow/.local/lib/python3.12/site-packages/airflow/example_dags/example_setup_teardown_taskflow.py
[2026-04-26T23:17:54.932+0000] {processor.py:840} INFO - DAG(s) 'example_setup_teardown_taskflow' retrieved from /home/airflow/.local/lib/python3.12/site-packages/airflow/example_dags/example_setup_teardown_taskflow.py
[2026-04-26T23:17:54.944+0000] {logging_mixin.py:188} INFO - [2026-04-26T23:17:54.944+0000] {dag.py:3096} INFO - Sync 1 DAGs
[2026-04-26T23:17:54.955+0000] {logging_mixin.py:188} INFO - [2026-04-26T23:17:54.955+0000] {dag.py:3954} INFO - Setting next_dagrun for example_setup_teardown_taskflow to 2026-04-25 00:00:00+00:00, run_after=2026-04-26 00:00:00+00:00
[2026-04-26T23:17:54.965+0000] {processor.py:183} INFO - Processing /home/airflow/.local/lib/python3.12/site-packages/airflow/example_dags/example_setup_teardown_taskflow.py took 0.043 seconds
[2026-04-26T23:18:25.987+0000] {processor.py:161} INFO - Started process (PID=1234) to work on /home/airflow/.local/lib/python3.12/site-packages/airflow/example_dags/example_setup_teardown_taskflow.py
[2026-04-26T23:18:25.988+0000] {processor.py:830} INFO - Processing file /home/airflow/.local/lib/python3.12/site-packages/airflow/example_dags/example_setup_teardown_taskflow.py for tasks to queue
[2026-04-26T23:18:25.989+0000] {logging_mixin.py:188} INFO - [2026-04-26T23:18:25.989+0000] {dagbag.py:545} INFO - Filling up the DagBag from /home/airflow/.local/lib/python3.12/site-packages/airflow/example_dags/example_setup_teardown_taskflow.py
[2026-04-26T23:18:25.996+0000] {processor.py:840} INFO - DAG(s) 'example_setup_teardown_taskflow' retrieved from /home/airflow/.local/lib/python3.12/site-packages/airflow/example_dags/example_setup_teardown_taskflow.py
[2026-04-26T23:18:26.011+0000] {logging_mixin.py:188} INFO - [2026-04-26T23:18:26.011+0000] {dag.py:3096} INFO - Sync 1 DAGs
[2026-04-26T23:18:26.026+0000] {logging_mixin.py:188} INFO - [2026-04-26T23:18:26.026+0000] {dag.py:3954} INFO - Setting next_dagrun for example_setup_teardown_taskflow to 2026-04-25 00:00:00+00:00, run_after=2026-04-26 00:00:00+00:00
[2026-04-26T23:18:26.036+0000] {processor.py:183} INFO - Processing /home/airflow/.local/lib/python3.12/site-packages/airflow/example_dags/example_setup_teardown_taskflow.py took 0.054 seconds
[2026-04-26T23:18:56.385+0000] {processor.py:161} INFO - Started process (PID=1293) to work on /home/airflow/.local/lib/python3.12/site-packages/airflow/example_dags/example_setup_teardown_taskflow.py
[2026-04-26T23:18:56.386+0000] {processor.py:830} INFO - Processing file /home/airflow/.local/lib/python3.12/site-packages/airflow/example_dags/example_setup_teardown_taskflow.py for tasks to queue
[2026-04-26T23:18:56.386+0000] {logging_mixin.py:188} INFO - [2026-04-26T23:18:56.386+0000] {dagbag.py:545} INFO - Filling up the DagBag from /home/airflow/.local/lib/python3.12/site-packages/airflow/example_dags/example_setup_teardown_taskflow.py
[2026-04-26T23:18:56.391+0000] {processor.py:840} INFO - DAG(s) 'example_setup_teardown_taskflow' retrieved from /home/airflow/.local/lib/python3.12/site-packages/airflow/example_dags/example_setup_teardown_taskflow.py
[2026-04-26T23:18:56.403+0000] {logging_mixin.py:188} INFO - [2026-04-26T23:18:56.402+0000] {dag.py:3096} INFO - Sync 1 DAGs
[2026-04-26T23:18:56.414+0000] {logging_mixin.py:188} INFO - [2026-04-26T23:18:56.414+0000] {dag.py:3954} INFO - Setting next_dagrun for example_setup_teardown_taskflow to 2026-04-25 00:00:00+00:00, run_after=2026-04-26 00:00:00+00:00
[2026-04-26T23:18:56.424+0000] {processor.py:183} INFO - Processing /home/airflow/.local/lib/python3.12/site-packages/airflow/example_dags/example_setup_teardown_taskflow.py took 0.042 seconds
[2026-04-26T23:19:26.648+0000] {processor.py:161} INFO - Started process (PID=1352) to work on /home/airflow/.local/lib/python3.12/site-packages/airflow/example_dags/example_setup_teardown_taskflow.py
[2026-04-26T23:19:26.648+0000] {processor.py:830} INFO - Processing file /home/airflow/.local/lib/python3.12/site-packages/airflow/example_dags/example_setup_teardown_taskflow.py for tasks to queue
[2026-04-26T23:19:26.649+0000] {logging_mixin.py:188} INFO - [2026-04-26T23:19:26.649+0000] {dagbag.py:545} INFO - Filling up the DagBag from /home/airflow/.local/lib/python3.12/site-packages/airflow/example_dags/example_setup_teardown_taskflow.py
[2026-04-26T23:19:26.654+0000] {processor.py:840} INFO - DAG(s) 'example_setup_teardown_taskflow' retrieved from /home/airflow/.local/lib/python3.12/site-packages/airflow/example_dags/example_setup_teardown_taskflow.py
[2026-04-26T23:19:26.665+0000] {logging_mixin.py:188} INFO - [2026-04-26T23:19:26.665+0000] {dag.py:3096} INFO - Sync 1 DAGs
[2026-04-26T23:19:26.676+0000] {logging_mixin.py:188} INFO - [2026-04-26T23:19:26.676+0000] {dag.py:3954} INFO - Setting next_dagrun for example_setup_teardown_taskflow to 2026-04-25 00:00:00+00:00, run_after=2026-04-26 00:00:00+00:00
[2026-04-26T23:19:26.686+0000] {processor.py:183} INFO - Processing /home/airflow/.local/lib/python3.12/site-packages/airflow/example_dags/example_setup_teardown_taskflow.py took 0.041 seconds
[2026-04-26T23:19:56.984+0000] {processor.py:161} INFO - Started process (PID=1411) to work on /home/airflow/.local/lib/python3.12/site-packages/airflow/example_dags/example_setup_teardown_taskflow.py
[2026-04-26T23:19:56.985+0000] {processor.py:830} INFO - Processing file /home/airflow/.local/lib/python3.12/site-packages/airflow/example_dags/example_setup_teardown_taskflow.py for tasks to queue
[2026-04-26T23:19:56.986+0000] {logging_mixin.py:188} INFO - [2026-04-26T23:19:56.986+0000] {dagbag.py:545} INFO - Filling up the DagBag from /home/airflow/.local/lib/python3.12/site-packages/airflow/example_dags/example_setup_teardown_taskflow.py
[2026-04-26T23:19:56.991+0000] {processor.py:840} INFO - DAG(s) 'example_setup_teardown_taskflow' retrieved from /home/airflow/.local/lib/python3.12/site-packages/airflow/example_dags/example_setup_teardown_taskflow.py
[2026-04-26T23:19:57.002+0000] {logging_mixin.py:188} INFO - [2026-04-26T23:19:57.002+0000] {dag.py:3096} INFO - Sync 1 DAGs
[2026-04-26T23:19:57.013+0000] {logging_mixin.py:188} INFO - [2026-04-26T23:19:57.013+0000] {dag.py:3954} INFO - Setting next_dagrun for example_setup_teardown_taskflow to 2026-04-25 00:00:00+00:00, run_after=2026-04-26 00:00:00+00:00
[2026-04-26T23:19:57.022+0000] {processor.py:183} INFO - Processing /home/airflow/.local/lib/python3.12/site-packages/airflow/example_dags/example_setup_teardown_taskflow.py took 0.042 seconds
[2026-04-26T23:20:27.241+0000] {processor.py:161} INFO - Started process (PID=1470) to work on /home/airflow/.local/lib/python3.12/site-packages/airflow/example_dags/example_setup_teardown_taskflow.py
[2026-04-26T23:20:27.242+0000] {processor.py:830} INFO - Processing file /home/airflow/.local/lib/python3.12/site-packages/airflow/example_dags/example_setup_teardown_taskflow.py for tasks to queue
[2026-04-26T23:20:27.243+0000] {logging_mixin.py:188} INFO - [2026-04-26T23:20:27.243+0000] {dagbag.py:545} INFO - Filling up the DagBag from /home/airflow/.local/lib/python3.12/site-packages/airflow/example_dags/example_setup_teardown_taskflow.py
[2026-04-26T23:20:27.247+0000] {processor.py:840} INFO - DAG(s) 'example_setup_teardown_taskflow' retrieved from /home/airflow/.local/lib/python3.12/site-packages/airflow/example_dags/example_setup_teardown_taskflow.py
[2026-04-26T23:20:27.259+0000] {logging_mixin.py:188} INFO - [2026-04-26T23:20:27.259+0000] {dag.py:3096} INFO - Sync 1 DAGs
[2026-04-26T23:20:27.270+0000] {logging_mixin.py:188} INFO - [2026-04-26T23:20:27.270+0000] {dag.py:3954} INFO - Setting next_dagrun for example_setup_teardown_taskflow to 2026-04-25 00:00:00+00:00, run_after=2026-04-26 00:00:00+00:00
[2026-04-26T23:20:27.278+0000] {processor.py:183} INFO - Processing /home/airflow/.local/lib/python3.12/site-packages/airflow/example_dags/example_setup_teardown_taskflow.py took 0.041 seconds
[2026-04-26T23:20:57.440+0000] {processor.py:161} INFO - Started process (PID=1529) to work on /home/airflow/.local/lib/python3.12/site-packages/airflow/example_dags/example_setup_teardown_taskflow.py
[2026-04-26T23:20:57.441+0000] {processor.py:830} INFO - Processing file /home/airflow/.local/lib/python3.12/site-packages/airflow/example_dags/example_setup_teardown_taskflow.py for tasks to queue
[2026-04-26T23:20:57.442+0000] {logging_mixin.py:188} INFO - [2026-04-26T23:20:57.442+0000] {dagbag.py:545} INFO - Filling up the DagBag from /home/airflow/.local/lib/python3.12/site-packages/airflow/example_dags/example_setup_teardown_taskflow.py
[2026-04-26T23:20:57.448+0000] {processor.py:840} INFO - DAG(s) 'example_setup_teardown_taskflow' retrieved from /home/airflow/.local/lib/python3.12/site-packages/airflow/example_dags/example_setup_teardown_taskflow.py
[2026-04-26T23:20:57.463+0000] {logging_mixin.py:188} INFO - [2026-04-26T23:20:57.462+0000] {dag.py:3096} INFO - Sync 1 DAGs
[2026-04-26T23:20:57.479+0000] {logging_mixin.py:188} INFO - [2026-04-26T23:20:57.479+0000] {dag.py:3954} INFO - Setting next_dagrun for example_setup_teardown_taskflow to 2026-04-25 00:00:00+00:00, run_after=2026-04-26 00:00:00+00:00
[2026-04-26T23:20:57.490+0000] {processor.py:183} INFO - Processing /home/airflow/.local/lib/python3.12/site-packages/airflow/example_dags/example_setup_teardown_taskflow.py took 0.054 seconds
[2026-04-26T23:21:27.699+0000] {processor.py:161} INFO - Started process (PID=1588) to work on /home/airflow/.local/lib/python3.12/site-packages/airflow/example_dags/example_setup_teardown_taskflow.py
[2026-04-26T23:21:27.699+0000] {processor.py:830} INFO - Processing file /home/airflow/.local/lib/python3.12/site-packages/airflow/example_dags/example_setup_teardown_taskflow.py for tasks to queue
[2026-04-26T23:21:27.700+0000] {logging_mixin.py:188} INFO - [2026-04-26T23:21:27.700+0000] {dagbag.py:545} INFO - Filling up the DagBag from /home/airflow/.local/lib/python3.12/site-packages/airflow/example_dags/example_setup_teardown_taskflow.py
[2026-04-26T23:21:27.705+0000] {processor.py:840} INFO - DAG(s) 'example_setup_teardown_taskflow' retrieved from /home/airflow/.local/lib/python3.12/site-packages/airflow/example_dags/example_setup_teardown_taskflow.py
[2026-04-26T23:21:27.716+0000] {logging_mixin.py:188} INFO - [2026-04-26T23:21:27.716+0000] {dag.py:3096} INFO - Sync 1 DAGs
[2026-04-26T23:21:27.727+0000] {logging_mixin.py:188} INFO - [2026-04-26T23:21:27.727+0000] {dag.py:3954} INFO - Setting next_dagrun for example_setup_teardown_taskflow to 2026-04-25 00:00:00+00:00, run_after=2026-04-26 00:00:00+00:00
[2026-04-26T23:21:27.737+0000] {processor.py:183} INFO - Processing /home/airflow/.local/lib/python3.12/site-packages/airflow/example_dags/example_setup_teardown_taskflow.py took 0.041 seconds
[2026-04-26T23:21:58.736+0000] {processor.py:161} INFO - Started process (PID=1648) to work on /home/airflow/.local/lib/python3.12/site-packages/airflow/example_dags/example_setup_teardown_taskflow.py
[2026-04-26T23:21:58.737+0000] {processor.py:830} INFO - Processing file /home/airflow/.local/lib/python3.12/site-packages/airflow/example_dags/example_setup_teardown_taskflow.py for tasks to queue
[2026-04-26T23:21:58.738+0000] {logging_mixin.py:188} INFO - [2026-04-26T23:21:58.738+0000] {dagbag.py:545} INFO - Filling up the DagBag from /home/airflow/.local/lib/python3.12/site-packages/airflow/example_dags/example_setup_teardown_taskflow.py
[2026-04-26T23:21:58.743+0000] {processor.py:840} INFO - DAG(s) 'example_setup_teardown_taskflow' retrieved from /home/airflow/.local/lib/python3.12/site-packages/airflow/example_dags/example_setup_teardown_taskflow.py
[2026-04-26T23:21:58.756+0000] {logging_mixin.py:188} INFO - [2026-04-26T23:21:58.756+0000] {dag.py:3096} INFO - Sync 1 DAGs
[2026-04-26T23:21:58.768+0000] {logging_mixin.py:188} INFO - [2026-04-26T23:21:58.768+0000] {dag.py:3954} INFO - Setting next_dagrun for example_setup_teardown_taskflow to 2026-04-25 00:00:00+00:00, run_after=2026-04-26 00:00:00+00:00
[2026-04-26T23:21:58.779+0000] {processor.py:183} INFO - Processing /home/airflow/.local/lib/python3.12/site-packages/airflow/example_dags/example_setup_teardown_taskflow.py took 0.047 seconds
[2026-04-26T23:22:29.080+0000] {processor.py:161} INFO - Started process (PID=1707) to work on /home/airflow/.local/lib/python3.12/site-packages/airflow/example_dags/example_setup_teardown_taskflow.py
[2026-04-26T23:22:29.080+0000] {processor.py:830} INFO - Processing file /home/airflow/.local/lib/python3.12/site-packages/airflow/example_dags/example_setup_teardown_taskflow.py for tasks to queue
[2026-04-26T23:22:29.081+0000] {logging_mixin.py:188} INFO - [2026-04-26T23:22:29.081+0000] {dagbag.py:545} INFO - Filling up the DagBag from /home/airflow/.local/lib/python3.12/site-packages/airflow/example_dags/example_setup_teardown_taskflow.py
[2026-04-26T23:22:29.087+0000] {processor.py:840} INFO - DAG(s) 'example_setup_teardown_taskflow' retrieved from /home/airflow/.local/lib/python3.12/site-packages/airflow/example_dags/example_setup_teardown_taskflow.py
[2026-04-26T23:22:29.098+0000] {logging_mixin.py:188} INFO - [2026-04-26T23:22:29.098+0000] {dag.py:3096} INFO - Sync 1 DAGs
[2026-04-26T23:22:29.110+0000] {logging_mixin.py:188} INFO - [2026-04-26T23:22:29.110+0000] {dag.py:3954} INFO - Setting next_dagrun for example_setup_teardown_taskflow to 2026-04-25 00:00:00+00:00, run_after=2026-04-26 00:00:00+00:00
[2026-04-26T23:22:29.118+0000] {processor.py:183} INFO - Processing /home/airflow/.local/lib/python3.12/site-packages/airflow/example_dags/example_setup_teardown_taskflow.py took 0.042 seconds
[2026-04-26T23:22:59.325+0000] {processor.py:161} INFO - Started process (PID=1767) to work on /home/airflow/.local/lib/python3.12/site-packages/airflow/example_dags/example_setup_teardown_taskflow.py
[2026-04-26T23:22:59.325+0000] {processor.py:830} INFO - Processing file /home/airflow/.local/lib/python3.12/site-packages/airflow/example_dags/example_setup_teardown_taskflow.py for tasks to queue
[2026-04-26T23:22:59.327+0000] {logging_mixin.py:188} INFO - [2026-04-26T23:22:59.326+0000] {dagbag.py:545} INFO - Filling up the DagBag from /home/airflow/.local/lib/python3.12/site-packages/airflow/example_dags/example_setup_teardown_taskflow.py
[2026-04-26T23:22:59.332+0000] {processor.py:840} INFO - DAG(s) 'example_setup_teardown_taskflow' retrieved from /home/airflow/.local/lib/python3.12/site-packages/airflow/example_dags/example_setup_teardown_taskflow.py
[2026-04-26T23:22:59.344+0000] {logging_mixin.py:188} INFO - [2026-04-26T23:22:59.344+0000] {dag.py:3096} INFO - Sync 1 DAGs
[2026-04-26T23:22:59.356+0000] {logging_mixin.py:188} INFO - [2026-04-26T23:22:59.356+0000] {dag.py:3954} INFO - Setting next_dagrun for example_setup_teardown_taskflow to 2026-04-25 00:00:00+00:00, run_after=2026-04-26 00:00:00+00:00
[2026-04-26T23:22:59.367+0000] {processor.py:183} INFO - Processing /home/airflow/.local/lib/python3.12/site-packages/airflow/example_dags/example_setup_teardown_taskflow.py took 0.045 seconds
[2026-04-26T23:23:30.114+0000] {processor.py:161} INFO - Started process (PID=1826) to work on /home/airflow/.local/lib/python3.12/site-packages/airflow/example_dags/example_setup_teardown_taskflow.py
[2026-04-26T23:23:30.115+0000] {processor.py:830} INFO - Processing file /home/airflow/.local/lib/python3.12/site-packages/airflow/example_dags/example_setup_teardown_taskflow.py for tasks to queue
[2026-04-26T23:23:30.116+0000] {logging_mixin.py:188} INFO - [2026-04-26T23:23:30.115+0000] {dagbag.py:545} INFO - Filling up the DagBag from /home/airflow/.local/lib/python3.12/site-packages/airflow/example_dags/example_setup_teardown_taskflow.py
[2026-04-26T23:23:30.120+0000] {processor.py:840} INFO - DAG(s) 'example_setup_teardown_taskflow' retrieved from /home/airflow/.local/lib/python3.12/site-packages/airflow/example_dags/example_setup_teardown_taskflow.py
[2026-04-26T23:23:30.131+0000] {logging_mixin.py:188} INFO - [2026-04-26T23:23:30.131+0000] {dag.py:3096} INFO - Sync 1 DAGs
[2026-04-26T23:23:30.142+0000] {logging_mixin.py:188} INFO - [2026-04-26T23:23:30.142+0000] {dag.py:3954} INFO - Setting next_dagrun for example_setup_teardown_taskflow to 2026-04-25 00:00:00+00:00, run_after=2026-04-26 00:00:00+00:00
[2026-04-26T23:23:30.151+0000] {processor.py:183} INFO - Processing /home/airflow/.local/lib/python3.12/site-packages/airflow/example_dags/example_setup_teardown_taskflow.py took 0.040 seconds
[2026-04-26T23:24:01.388+0000] {processor.py:161} INFO - Started process (PID=1885) to work on /home/airflow/.local/lib/python3.12/site-packages/airflow/example_dags/example_setup_teardown_taskflow.py
[2026-04-26T23:24:01.388+0000] {processor.py:830} INFO - Processing file /home/airflow/.local/lib/python3.12/site-packages/airflow/example_dags/example_setup_teardown_taskflow.py for tasks to queue
[2026-04-26T23:24:01.389+0000] {logging_mixin.py:188} INFO - [2026-04-26T23:24:01.389+0000] {dagbag.py:545} INFO - Filling up the DagBag from /home/airflow/.local/lib/python3.12/site-packages/airflow/example_dags/example_setup_teardown_taskflow.py
[2026-04-26T23:24:01.394+0000] {processor.py:840} INFO - DAG(s) 'example_setup_teardown_taskflow' retrieved from /home/airflow/.local/lib/python3.12/site-packages/airflow/example_dags/example_setup_teardown_taskflow.py
[2026-04-26T23:24:01.526+0000] {logging_mixin.py:188} INFO - [2026-04-26T23:24:01.526+0000] {dag.py:3096} INFO - Sync 1 DAGs
[2026-04-26T23:24:01.536+0000] {logging_mixin.py:188} INFO - [2026-04-26T23:24:01.536+0000] {dag.py:3954} INFO - Setting next_dagrun for example_setup_teardown_taskflow to 2026-04-25 00:00:00+00:00, run_after=2026-04-26 00:00:00+00:00
[2026-04-26T23:24:01.545+0000] {processor.py:183} INFO - Processing /home/airflow/.local/lib/python3.12/site-packages/airflow/example_dags/example_setup_teardown_taskflow.py took 0.161 seconds
[2026-04-26T23:24:32.502+0000] {processor.py:161} INFO - Started process (PID=1945) to work on /home/airflow/.local/lib/python3.12/site-packages/airflow/example_dags/example_setup_teardown_taskflow.py
[2026-04-26T23:24:32.503+0000] {processor.py:830} INFO - Processing file /home/airflow/.local/lib/python3.12/site-packages/airflow/example_dags/example_setup_teardown_taskflow.py for tasks to queue
[2026-04-26T23:24:32.503+0000] {logging_mixin.py:188} INFO - [2026-04-26T23:24:32.503+0000] {dagbag.py:545} INFO - Filling up the DagBag from /home/airflow/.local/lib/python3.12/site-packages/airflow/example_dags/example_setup_teardown_taskflow.py
[2026-04-26T23:24:32.508+0000] {processor.py:840} INFO - DAG(s) 'example_setup_teardown_taskflow' retrieved from /home/airflow/.local/lib/python3.12/site-packages/airflow/example_dags/example_setup_teardown_taskflow.py
[2026-04-26T23:24:32.519+0000] {logging_mixin.py:188} INFO - [2026-04-26T23:24:32.519+0000] {dag.py:3096} INFO - Sync 1 DAGs
[2026-04-26T23:24:32.640+0000] {logging_mixin.py:188} INFO - [2026-04-26T23:24:32.640+0000] {dag.py:3954} INFO - Setting next_dagrun for example_setup_teardown_taskflow to 2026-04-25 00:00:00+00:00, run_after=2026-04-26 00:00:00+00:00
[2026-04-26T23:24:32.650+0000] {processor.py:183} INFO - Processing /home/airflow/.local/lib/python3.12/site-packages/airflow/example_dags/example_setup_teardown_taskflow.py took 0.151 seconds
[2026-04-26T23:25:02.852+0000] {processor.py:161} INFO - Started process (PID=2005) to work on /home/airflow/.local/lib/python3.12/site-packages/airflow/example_dags/example_setup_teardown_taskflow.py
[2026-04-26T23:25:02.853+0000] {processor.py:830} INFO - Processing file /home/airflow/.local/lib/python3.12/site-packages/airflow/example_dags/example_setup_teardown_taskflow.py for tasks to queue
[2026-04-26T23:25:02.854+0000] {logging_mixin.py:188} INFO - [2026-04-26T23:25:02.854+0000] {dagbag.py:545} INFO - Filling up the DagBag from /home/airflow/.local/lib/python3.12/site-packages/airflow/example_dags/example_setup_teardown_taskflow.py
[2026-04-26T23:25:02.860+0000] {processor.py:840} INFO - DAG(s) 'example_setup_teardown_taskflow' retrieved from /home/airflow/.local/lib/python3.12/site-packages/airflow/example_dags/example_setup_teardown_taskflow.py
[2026-04-26T23:25:02.874+0000] {logging_mixin.py:188} INFO - [2026-04-26T23:25:02.873+0000] {dag.py:3096} INFO - Sync 1 DAGs
[2026-04-26T23:25:02.887+0000] {logging_mixin.py:188} INFO - [2026-04-26T23:25:02.887+0000] {dag.py:3954} INFO - Setting next_dagrun for example_setup_teardown_taskflow to 2026-04-25 00:00:00+00:00, run_after=2026-04-26 00:00:00+00:00
[2026-04-26T23:25:02.899+0000] {processor.py:183} INFO - Processing /home/airflow/.local/lib/python3.12/site-packages/airflow/example_dags/example_setup_teardown_taskflow.py took 0.050 seconds
[2026-04-26T23:25:33.619+0000] {processor.py:161} INFO - Started process (PID=2064) to work on /home/airflow/.local/lib/python3.12/site-packages/airflow/example_dags/example_setup_teardown_taskflow.py
[2026-04-26T23:25:33.619+0000] {processor.py:830} INFO - Processing file /home/airflow/.local/lib/python3.12/site-packages/airflow/example_dags/example_setup_teardown_taskflow.py for tasks to queue
[2026-04-26T23:25:33.620+0000] {logging_mixin.py:188} INFO - [2026-04-26T23:25:33.620+0000] {dagbag.py:545} INFO - Filling up the DagBag from /home/airflow/.local/lib/python3.12/site-packages/airflow/example_dags/example_setup_teardown_taskflow.py
[2026-04-26T23:25:33.625+0000] {processor.py:840} INFO - DAG(s) 'example_setup_teardown_taskflow' retrieved from /home/airflow/.local/lib/python3.12/site-packages/airflow/example_dags/example_setup_teardown_taskflow.py
[2026-04-26T23:25:33.637+0000] {logging_mixin.py:188} INFO - [2026-04-26T23:25:33.637+0000] {dag.py:3096} INFO - Sync 1 DAGs
[2026-04-26T23:25:33.649+0000] {logging_mixin.py:188} INFO - [2026-04-26T23:25:33.649+0000] {dag.py:3954} INFO - Setting next_dagrun for example_setup_teardown_taskflow to 2026-04-25 00:00:00+00:00, run_after=2026-04-26 00:00:00+00:00
[2026-04-26T23:25:33.659+0000] {processor.py:183} INFO - Processing /home/airflow/.local/lib/python3.12/site-packages/airflow/example_dags/example_setup_teardown_taskflow.py took 0.045 seconds
[2026-04-26T23:26:04.376+0000] {processor.py:161} INFO - Started process (PID=2123) to work on /home/airflow/.local/lib/python3.12/site-packages/airflow/example_dags/example_setup_teardown_taskflow.py
[2026-04-26T23:26:04.376+0000] {processor.py:830} INFO - Processing file /home/airflow/.local/lib/python3.12/site-packages/airflow/example_dags/example_setup_teardown_taskflow.py for tasks to queue
[2026-04-26T23:26:04.377+0000] {logging_mixin.py:188} INFO - [2026-04-26T23:26:04.377+0000] {dagbag.py:545} INFO - Filling up the DagBag from /home/airflow/.local/lib/python3.12/site-packages/airflow/example_dags/example_setup_teardown_taskflow.py
[2026-04-26T23:26:04.382+0000] {processor.py:840} INFO - DAG(s) 'example_setup_teardown_taskflow' retrieved from /home/airflow/.local/lib/python3.12/site-packages/airflow/example_dags/example_setup_teardown_taskflow.py
[2026-04-26T23:26:04.393+0000] {logging_mixin.py:188} INFO - [2026-04-26T23:26:04.393+0000] {dag.py:3096} INFO - Sync 1 DAGs
[2026-04-26T23:26:04.404+0000] {logging_mixin.py:188} INFO - [2026-04-26T23:26:04.404+0000] {dag.py:3954} INFO - Setting next_dagrun for example_setup_teardown_taskflow to 2026-04-25 00:00:00+00:00, run_after=2026-04-26 00:00:00+00:00
[2026-04-26T23:26:04.412+0000] {processor.py:183} INFO - Processing /home/airflow/.local/lib/python3.12/site-packages/airflow/example_dags/example_setup_teardown_taskflow.py took 0.039 seconds
[2026-04-26T23:26:35.116+0000] {processor.py:161} INFO - Started process (PID=2182) to work on /home/airflow/.local/lib/python3.12/site-packages/airflow/example_dags/example_setup_teardown_taskflow.py
[2026-04-26T23:26:35.116+0000] {processor.py:830} INFO - Processing file /home/airflow/.local/lib/python3.12/site-packages/airflow/example_dags/example_setup_teardown_taskflow.py for tasks to queue
[2026-04-26T23:26:35.117+0000] {logging_mixin.py:188} INFO - [2026-04-26T23:26:35.117+0000] {dagbag.py:545} INFO - Filling up the DagBag from /home/airflow/.local/lib/python3.12/site-packages/airflow/example_dags/example_setup_teardown_taskflow.py
[2026-04-26T23:26:35.122+0000] {processor.py:840} INFO - DAG(s) 'example_setup_teardown_taskflow' retrieved from /home/airflow/.local/lib/python3.12/site-packages/airflow/example_dags/example_setup_teardown_taskflow.py
[2026-04-26T23:26:35.134+0000] {logging_mixin.py:188} INFO - [2026-04-26T23:26:35.134+0000] {dag.py:3096} INFO - Sync 1 DAGs
[2026-04-26T23:26:35.147+0000] {logging_mixin.py:188} INFO - [2026-04-26T23:26:35.147+0000] {dag.py:3954} INFO - Setting next_dagrun for example_setup_teardown_taskflow to 2026-04-25 00:00:00+00:00, run_after=2026-04-26 00:00:00+00:00
[2026-04-26T23:26:35.156+0000] {processor.py:183} INFO - Processing /home/airflow/.local/lib/python3.12/site-packages/airflow/example_dags/example_setup_teardown_taskflow.py took 0.044 seconds
[2026-04-26T23:27:05.929+0000] {processor.py:161} INFO - Started process (PID=2241) to work on /home/airflow/.local/lib/python3.12/site-packages/airflow/example_dags/example_setup_teardown_taskflow.py
[2026-04-26T23:27:05.930+0000] {processor.py:830} INFO - Processing file /home/airflow/.local/lib/python3.12/site-packages/airflow/example_dags/example_setup_teardown_taskflow.py for tasks to queue
[2026-04-26T23:27:05.931+0000] {logging_mixin.py:188} INFO - [2026-04-26T23:27:05.931+0000] {dagbag.py:545} INFO - Filling up the DagBag from /home/airflow/.local/lib/python3.12/site-packages/airflow/example_dags/example_setup_teardown_taskflow.py
[2026-04-26T23:27:05.936+0000] {processor.py:840} INFO - DAG(s) 'example_setup_teardown_taskflow' retrieved from /home/airflow/.local/lib/python3.12/site-packages/airflow/example_dags/example_setup_teardown_taskflow.py
[2026-04-26T23:27:05.949+0000] {logging_mixin.py:188} INFO - [2026-04-26T23:27:05.949+0000] {dag.py:3096} INFO - Sync 1 DAGs
[2026-04-26T23:27:05.962+0000] {logging_mixin.py:188} INFO - [2026-04-26T23:27:05.962+0000] {dag.py:3954} INFO - Setting next_dagrun for example_setup_teardown_taskflow to 2026-04-25 00:00:00+00:00, run_after=2026-04-26 00:00:00+00:00
[2026-04-26T23:27:05.971+0000] {processor.py:183} INFO - Processing /home/airflow/.local/lib/python3.12/site-packages/airflow/example_dags/example_setup_teardown_taskflow.py took 0.045 seconds
[2026-04-26T23:27:36.647+0000] {processor.py:161} INFO - Started process (PID=2300) to work on /home/airflow/.local/lib/python3.12/site-packages/airflow/example_dags/example_setup_teardown_taskflow.py
[2026-04-26T23:27:36.647+0000] {processor.py:830} INFO - Processing file /home/airflow/.local/lib/python3.12/site-packages/airflow/example_dags/example_setup_teardown_taskflow.py for tasks to queue
[2026-04-26T23:27:36.648+0000] {logging_mixin.py:188} INFO - [2026-04-26T23:27:36.648+0000] {dagbag.py:545} INFO - Filling up the DagBag from /home/airflow/.local/lib/python3.12/site-packages/airflow/example_dags/example_setup_teardown_taskflow.py
[2026-04-26T23:27:36.654+0000] {processor.py:840} INFO - DAG(s) 'example_setup_teardown_taskflow' retrieved from /home/airflow/.local/lib/python3.12/site-packages/airflow/example_dags/example_setup_teardown_taskflow.py
[2026-04-26T23:27:36.665+0000] {logging_mixin.py:188} INFO - [2026-04-26T23:27:36.665+0000] {dag.py:3096} INFO - Sync 1 DAGs
[2026-04-26T23:27:36.680+0000] {logging_mixin.py:188} INFO - [2026-04-26T23:27:36.679+0000] {dag.py:3954} INFO - Setting next_dagrun for example_setup_teardown_taskflow to 2026-04-25 00:00:00+00:00, run_after=2026-04-26 00:00:00+00:00
[2026-04-26T23:27:36.691+0000] {processor.py:183} INFO - Processing /home/airflow/.local/lib/python3.12/site-packages/airflow/example_dags/example_setup_teardown_taskflow.py took 0.049 seconds
[2026-04-26T23:28:07.383+0000] {processor.py:161} INFO - Started process (PID=2359) to work on /home/airflow/.local/lib/python3.12/site-packages/airflow/example_dags/example_setup_teardown_taskflow.py
[2026-04-26T23:28:07.383+0000] {processor.py:830} INFO - Processing file /home/airflow/.local/lib/python3.12/site-packages/airflow/example_dags/example_setup_teardown_taskflow.py for tasks to queue
[2026-04-26T23:28:07.384+0000] {logging_mixin.py:188} INFO - [2026-04-26T23:28:07.384+0000] {dagbag.py:545} INFO - Filling up the DagBag from /home/airflow/.local/lib/python3.12/site-packages/airflow/example_dags/example_setup_teardown_taskflow.py
[2026-04-26T23:28:07.390+0000] {processor.py:840} INFO - DAG(s) 'example_setup_teardown_taskflow' retrieved from /home/airflow/.local/lib/python3.12/site-packages/airflow/example_dags/example_setup_teardown_taskflow.py
[2026-04-26T23:28:07.402+0000] {logging_mixin.py:188} INFO - [2026-04-26T23:28:07.402+0000] {dag.py:3096} INFO - Sync 1 DAGs
[2026-04-26T23:28:07.414+0000] {logging_mixin.py:188} INFO - [2026-04-26T23:28:07.414+0000] {dag.py:3954} INFO - Setting next_dagrun for example_setup_teardown_taskflow to 2026-04-25 00:00:00+00:00, run_after=2026-04-26 00:00:00+00:00
[2026-04-26T23:28:07.424+0000] {processor.py:183} INFO - Processing /home/airflow/.local/lib/python3.12/site-packages/airflow/example_dags/example_setup_teardown_taskflow.py took 0.044 seconds
[2026-04-26T23:28:38.129+0000] {processor.py:161} INFO - Started process (PID=2418) to work on /home/airflow/.local/lib/python3.12/site-packages/airflow/example_dags/example_setup_teardown_taskflow.py
[2026-04-26T23:28:38.129+0000] {processor.py:830} INFO - Processing file /home/airflow/.local/lib/python3.12/site-packages/airflow/example_dags/example_setup_teardown_taskflow.py for tasks to queue
[2026-04-26T23:28:38.131+0000] {logging_mixin.py:188} INFO - [2026-04-26T23:28:38.130+0000] {dagbag.py:545} INFO - Filling up the DagBag from /home/airflow/.local/lib/python3.12/site-packages/airflow/example_dags/example_setup_teardown_taskflow.py
[2026-04-26T23:28:38.136+0000] {processor.py:840} INFO - DAG(s) 'example_setup_teardown_taskflow' retrieved from /home/airflow/.local/lib/python3.12/site-packages/airflow/example_dags/example_setup_teardown_taskflow.py
[2026-04-26T23:28:38.149+0000] {logging_mixin.py:188} INFO - [2026-04-26T23:28:38.149+0000] {dag.py:3096} INFO - Sync 1 DAGs
[2026-04-26T23:28:38.160+0000] {logging_mixin.py:188} INFO - [2026-04-26T23:28:38.160+0000] {dag.py:3954} INFO - Setting next_dagrun for example_setup_teardown_taskflow to 2026-04-25 00:00:00+00:00, run_after=2026-04-26 00:00:00+00:00
[2026-04-26T23:28:38.170+0000] {processor.py:183} INFO - Processing /home/airflow/.local/lib/python3.12/site-packages/airflow/example_dags/example_setup_teardown_taskflow.py took 0.045 seconds
[2026-04-26T23:29:08.391+0000] {processor.py:161} INFO - Started process (PID=2477) to work on /home/airflow/.local/lib/python3.12/site-packages/airflow/example_dags/example_setup_teardown_taskflow.py
[2026-04-26T23:29:08.392+0000] {processor.py:830} INFO - Processing file /home/airflow/.local/lib/python3.12/site-packages/airflow/example_dags/example_setup_teardown_taskflow.py for tasks to queue
[2026-04-26T23:29:08.393+0000] {logging_mixin.py:188} INFO - [2026-04-26T23:29:08.392+0000] {dagbag.py:545} INFO - Filling up the DagBag from /home/airflow/.local/lib/python3.12/site-packages/airflow/example_dags/example_setup_teardown_taskflow.py
[2026-04-26T23:29:08.398+0000] {processor.py:840} INFO - DAG(s) 'example_setup_teardown_taskflow' retrieved from /home/airflow/.local/lib/python3.12/site-packages/airflow/example_dags/example_setup_teardown_taskflow.py
[2026-04-26T23:29:08.411+0000] {logging_mixin.py:188} INFO - [2026-04-26T23:29:08.411+0000] {dag.py:3096} INFO - Sync 1 DAGs
[2026-04-26T23:29:08.424+0000] {logging_mixin.py:188} INFO - [2026-04-26T23:29:08.424+0000] {dag.py:3954} INFO - Setting next_dagrun for example_setup_teardown_taskflow to 2026-04-25 00:00:00+00:00, run_after=2026-04-26 00:00:00+00:00
[2026-04-26T23:29:08.433+0000] {processor.py:183} INFO - Processing /home/airflow/.local/lib/python3.12/site-packages/airflow/example_dags/example_setup_teardown_taskflow.py took 0.045 seconds
[2026-04-26T23:29:39.241+0000] {processor.py:161} INFO - Started process (PID=2536) to work on /home/airflow/.local/lib/python3.12/site-packages/airflow/example_dags/example_setup_teardown_taskflow.py
[2026-04-26T23:29:39.241+0000] {processor.py:830} INFO - Processing file /home/airflow/.local/lib/python3.12/site-packages/airflow/example_dags/example_setup_teardown_taskflow.py for tasks to queue
[2026-04-26T23:29:39.242+0000] {logging_mixin.py:188} INFO - [2026-04-26T23:29:39.242+0000] {dagbag.py:545} INFO - Filling up the DagBag from /home/airflow/.local/lib/python3.12/site-packages/airflow/example_dags/example_setup_teardown_taskflow.py
[2026-04-26T23:29:39.249+0000] {processor.py:840} INFO - DAG(s) 'example_setup_teardown_taskflow' retrieved from /home/airflow/.local/lib/python3.12/site-packages/airflow/example_dags/example_setup_teardown_taskflow.py
[2026-04-26T23:29:39.262+0000] {logging_mixin.py:188} INFO - [2026-04-26T23:29:39.262+0000] {dag.py:3096} INFO - Sync 1 DAGs
[2026-04-26T23:29:39.273+0000] {logging_mixin.py:188} INFO - [2026-04-26T23:29:39.273+0000] {dag.py:3954} INFO - Setting next_dagrun for example_setup_teardown_taskflow to 2026-04-25 00:00:00+00:00, run_after=2026-04-26 00:00:00+00:00
[2026-04-26T23:29:39.283+0000] {processor.py:183} INFO - Processing /home/airflow/.local/lib/python3.12/site-packages/airflow/example_dags/example_setup_teardown_taskflow.py took 0.046 seconds
[2026-04-26T23:30:10.002+0000] {processor.py:161} INFO - Started process (PID=2595) to work on /home/airflow/.local/lib/python3.12/site-packages/airflow/example_dags/example_setup_teardown_taskflow.py
[2026-04-26T23:30:10.002+0000] {processor.py:830} INFO - Processing file /home/airflow/.local/lib/python3.12/site-packages/airflow/example_dags/example_setup_teardown_taskflow.py for tasks to queue
[2026-04-26T23:30:10.003+0000] {logging_mixin.py:188} INFO - [2026-04-26T23:30:10.003+0000] {dagbag.py:545} INFO - Filling up the DagBag from /home/airflow/.local/lib/python3.12/site-packages/airflow/example_dags/example_setup_teardown_taskflow.py
[2026-04-26T23:30:10.008+0000] {processor.py:840} INFO - DAG(s) 'example_setup_teardown_taskflow' retrieved from /home/airflow/.local/lib/python3.12/site-packages/airflow/example_dags/example_setup_teardown_taskflow.py
[2026-04-26T23:30:10.021+0000] {logging_mixin.py:188} INFO - [2026-04-26T23:30:10.021+0000] {dag.py:3096} INFO - Sync 1 DAGs
[2026-04-26T23:30:10.033+0000] {logging_mixin.py:188} INFO - [2026-04-26T23:30:10.033+0000] {dag.py:3954} INFO - Setting next_dagrun for example_setup_teardown_taskflow to 2026-04-25 00:00:00+00:00, run_after=2026-04-26 00:00:00+00:00
[2026-04-26T23:30:10.041+0000] {processor.py:183} INFO - Processing /home/airflow/.local/lib/python3.12/site-packages/airflow/example_dags/example_setup_teardown_taskflow.py took 0.043 seconds
[2026-04-26T23:30:40.681+0000] {processor.py:161} INFO - Started process (PID=2654) to work on /home/airflow/.local/lib/python3.12/site-packages/airflow/example_dags/example_setup_teardown_taskflow.py
[2026-04-26T23:30:40.681+0000] {processor.py:830} INFO - Processing file /home/airflow/.local/lib/python3.12/site-packages/airflow/example_dags/example_setup_teardown_taskflow.py for tasks to queue
[2026-04-26T23:30:40.682+0000] {logging_mixin.py:188} INFO - [2026-04-26T23:30:40.682+0000] {dagbag.py:545} INFO - Filling up the DagBag from /home/airflow/.local/lib/python3.12/site-packages/airflow/example_dags/example_setup_teardown_taskflow.py
[2026-04-26T23:30:40.688+0000] {processor.py:840} INFO - DAG(s) 'example_setup_teardown_taskflow' retrieved from /home/airflow/.local/lib/python3.12/site-packages/airflow/example_dags/example_setup_teardown_taskflow.py
[2026-04-26T23:30:40.700+0000] {logging_mixin.py:188} INFO - [2026-04-26T23:30:40.700+0000] {dag.py:3096} INFO - Sync 1 DAGs
[2026-04-26T23:30:40.712+0000] {logging_mixin.py:188} INFO - [2026-04-26T23:30:40.712+0000] {dag.py:3954} INFO - Setting next_dagrun for example_setup_teardown_taskflow to 2026-04-25 00:00:00+00:00, run_after=2026-04-26 00:00:00+00:00
[2026-04-26T23:30:40.723+0000] {processor.py:183} INFO - Processing /home/airflow/.local/lib/python3.12/site-packages/airflow/example_dags/example_setup_teardown_taskflow.py took 0.046 seconds
[2026-04-26T23:31:11.485+0000] {processor.py:161} INFO - Started process (PID=2713) to work on /home/airflow/.local/lib/python3.12/site-packages/airflow/example_dags/example_setup_teardown_taskflow.py
[2026-04-26T23:31:11.486+0000] {processor.py:830} INFO - Processing file /home/airflow/.local/lib/python3.12/site-packages/airflow/example_dags/example_setup_teardown_taskflow.py for tasks to queue
[2026-04-26T23:31:11.487+0000] {logging_mixin.py:188} INFO - [2026-04-26T23:31:11.486+0000] {dagbag.py:545} INFO - Filling up the DagBag from /home/airflow/.local/lib/python3.12/site-packages/airflow/example_dags/example_setup_teardown_taskflow.py
[2026-04-26T23:31:11.492+0000] {processor.py:840} INFO - DAG(s) 'example_setup_teardown_taskflow' retrieved from /home/airflow/.local/lib/python3.12/site-packages/airflow/example_dags/example_setup_teardown_taskflow.py
[2026-04-26T23:31:11.505+0000] {logging_mixin.py:188} INFO - [2026-04-26T23:31:11.505+0000] {dag.py:3096} INFO - Sync 1 DAGs
[2026-04-26T23:31:11.517+0000] {logging_mixin.py:188} INFO - [2026-04-26T23:31:11.516+0000] {dag.py:3954} INFO - Setting next_dagrun for example_setup_teardown_taskflow to 2026-04-25 00:00:00+00:00, run_after=2026-04-26 00:00:00+00:00
[2026-04-26T23:31:11.525+0000] {processor.py:183} INFO - Processing /home/airflow/.local/lib/python3.12/site-packages/airflow/example_dags/example_setup_teardown_taskflow.py took 0.044 seconds
[2026-04-26T23:31:42.233+0000] {processor.py:161} INFO - Started process (PID=2772) to work on /home/airflow/.local/lib/python3.12/site-packages/airflow/example_dags/example_setup_teardown_taskflow.py
[2026-04-26T23:31:42.234+0000] {processor.py:830} INFO - Processing file /home/airflow/.local/lib/python3.12/site-packages/airflow/example_dags/example_setup_teardown_taskflow.py for tasks to queue
[2026-04-26T23:31:42.235+0000] {logging_mixin.py:188} INFO - [2026-04-26T23:31:42.235+0000] {dagbag.py:545} INFO - Filling up the DagBag from /home/airflow/.local/lib/python3.12/site-packages/airflow/example_dags/example_setup_teardown_taskflow.py
[2026-04-26T23:31:42.240+0000] {processor.py:840} INFO - DAG(s) 'example_setup_teardown_taskflow' retrieved from /home/airflow/.local/lib/python3.12/site-packages/airflow/example_dags/example_setup_teardown_taskflow.py
[2026-04-26T23:31:42.252+0000] {logging_mixin.py:188} INFO - [2026-04-26T23:31:42.252+0000] {dag.py:3096} INFO - Sync 1 DAGs
[2026-04-26T23:31:42.264+0000] {logging_mixin.py:188} INFO - [2026-04-26T23:31:42.264+0000] {dag.py:3954} INFO - Setting next_dagrun for example_setup_teardown_taskflow to 2026-04-25 00:00:00+00:00, run_after=2026-04-26 00:00:00+00:00
[2026-04-26T23:31:42.274+0000] {processor.py:183} INFO - Processing /home/airflow/.local/lib/python3.12/site-packages/airflow/example_dags/example_setup_teardown_taskflow.py took 0.045 seconds
[2026-04-26T23:32:13.052+0000] {processor.py:161} INFO - Started process (PID=2831) to work on /home/airflow/.local/lib/python3.12/site-packages/airflow/example_dags/example_setup_teardown_taskflow.py
[2026-04-26T23:32:13.052+0000] {processor.py:830} INFO - Processing file /home/airflow/.local/lib/python3.12/site-packages/airflow/example_dags/example_setup_teardown_taskflow.py for tasks to queue
[2026-04-26T23:32:13.054+0000] {logging_mixin.py:188} INFO - [2026-04-26T23:32:13.053+0000] {dagbag.py:545} INFO - Filling up the DagBag from /home/airflow/.local/lib/python3.12/site-packages/airflow/example_dags/example_setup_teardown_taskflow.py
[2026-04-26T23:32:13.060+0000] {processor.py:840} INFO - DAG(s) 'example_setup_teardown_taskflow' retrieved from /home/airflow/.local/lib/python3.12/site-packages/airflow/example_dags/example_setup_teardown_taskflow.py
[2026-04-26T23:32:13.074+0000] {logging_mixin.py:188} INFO - [2026-04-26T23:32:13.074+0000] {dag.py:3096} INFO - Sync 1 DAGs
[2026-04-26T23:32:13.087+0000] {logging_mixin.py:188} INFO - [2026-04-26T23:32:13.087+0000] {dag.py:3954} INFO - Setting next_dagrun for example_setup_teardown_taskflow to 2026-04-25 00:00:00+00:00, run_after=2026-04-26 00:00:00+00:00
[2026-04-26T23:32:13.098+0000] {processor.py:183} INFO - Processing /home/airflow/.local/lib/python3.12/site-packages/airflow/example_dags/example_setup_teardown_taskflow.py took 0.050 seconds
[2026-04-26T23:32:43.229+0000] {processor.py:161} INFO - Started process (PID=2890) to work on /home/airflow/.local/lib/python3.12/site-packages/airflow/example_dags/example_setup_teardown_taskflow.py
[2026-04-26T23:32:43.229+0000] {processor.py:830} INFO - Processing file /home/airflow/.local/lib/python3.12/site-packages/airflow/example_dags/example_setup_teardown_taskflow.py for tasks to queue
[2026-04-26T23:32:43.231+0000] {logging_mixin.py:188} INFO - [2026-04-26T23:32:43.230+0000] {dagbag.py:545} INFO - Filling up the DagBag from /home/airflow/.local/lib/python3.12/site-packages/airflow/example_dags/example_setup_teardown_taskflow.py
[2026-04-26T23:32:43.237+0000] {processor.py:840} INFO - DAG(s) 'example_setup_teardown_taskflow' retrieved from /home/airflow/.local/lib/python3.12/site-packages/airflow/example_dags/example_setup_teardown_taskflow.py
[2026-04-26T23:32:43.253+0000] {logging_mixin.py:188} INFO - [2026-04-26T23:32:43.252+0000] {dag.py:3096} INFO - Sync 1 DAGs
[2026-04-26T23:32:43.267+0000] {logging_mixin.py:188} INFO - [2026-04-26T23:32:43.267+0000] {dag.py:3954} INFO - Setting next_dagrun for example_setup_teardown_taskflow to 2026-04-25 00:00:00+00:00, run_after=2026-04-26 00:00:00+00:00
[2026-04-26T23:32:43.280+0000] {processor.py:183} INFO - Processing /home/airflow/.local/lib/python3.12/site-packages/airflow/example_dags/example_setup_teardown_taskflow.py took 0.056 seconds
[2026-04-26T23:33:13.492+0000] {processor.py:161} INFO - Started process (PID=2949) to work on /home/airflow/.local/lib/python3.12/site-packages/airflow/example_dags/example_setup_teardown_taskflow.py
[2026-04-26T23:33:13.493+0000] {processor.py:830} INFO - Processing file /home/airflow/.local/lib/python3.12/site-packages/airflow/example_dags/example_setup_teardown_taskflow.py for tasks to queue
[2026-04-26T23:33:13.494+0000] {logging_mixin.py:188} INFO - [2026-04-26T23:33:13.494+0000] {dagbag.py:545} INFO - Filling up the DagBag from /home/airflow/.local/lib/python3.12/site-packages/airflow/example_dags/example_setup_teardown_taskflow.py
[2026-04-26T23:33:13.499+0000] {processor.py:840} INFO - DAG(s) 'example_setup_teardown_taskflow' retrieved from /home/airflow/.local/lib/python3.12/site-packages/airflow/example_dags/example_setup_teardown_taskflow.py
[2026-04-26T23:33:13.511+0000] {logging_mixin.py:188} INFO - [2026-04-26T23:33:13.511+0000] {dag.py:3096} INFO - Sync 1 DAGs
[2026-04-26T23:33:13.523+0000] {logging_mixin.py:188} INFO - [2026-04-26T23:33:13.523+0000] {dag.py:3954} INFO - Setting next_dagrun for example_setup_teardown_taskflow to 2026-04-25 00:00:00+00:00, run_after=2026-04-26 00:00:00+00:00
[2026-04-26T23:33:13.531+0000] {processor.py:183} INFO - Processing /home/airflow/.local/lib/python3.12/site-packages/airflow/example_dags/example_setup_teardown_taskflow.py took 0.042 seconds
[2026-04-26T23:33:44.356+0000] {processor.py:161} INFO - Started process (PID=3012) to work on /home/airflow/.local/lib/python3.12/site-packages/airflow/example_dags/example_setup_teardown_taskflow.py
[2026-04-26T23:33:44.357+0000] {processor.py:830} INFO - Processing file /home/airflow/.local/lib/python3.12/site-packages/airflow/example_dags/example_setup_teardown_taskflow.py for tasks to queue
[2026-04-26T23:33:44.358+0000] {logging_mixin.py:188} INFO - [2026-04-26T23:33:44.358+0000] {dagbag.py:545} INFO - Filling up the DagBag from /home/airflow/.local/lib/python3.12/site-packages/airflow/example_dags/example_setup_teardown_taskflow.py
[2026-04-26T23:33:44.363+0000] {processor.py:840} INFO - DAG(s) 'example_setup_teardown_taskflow' retrieved from /home/airflow/.local/lib/python3.12/site-packages/airflow/example_dags/example_setup_teardown_taskflow.py
[2026-04-26T23:33:44.376+0000] {logging_mixin.py:188} INFO - [2026-04-26T23:33:44.376+0000] {dag.py:3096} INFO - Sync 1 DAGs
[2026-04-26T23:33:44.390+0000] {logging_mixin.py:188} INFO - [2026-04-26T23:33:44.390+0000] {dag.py:3954} INFO - Setting next_dagrun for example_setup_teardown_taskflow to 2026-04-25 00:00:00+00:00, run_after=2026-04-26 00:00:00+00:00
[2026-04-26T23:33:44.401+0000] {processor.py:183} INFO - Processing /home/airflow/.local/lib/python3.12/site-packages/airflow/example_dags/example_setup_teardown_taskflow.py took 0.049 seconds
[2026-04-26T23:34:14.499+0000] {processor.py:161} INFO - Started process (PID=3071) to work on /home/airflow/.local/lib/python3.12/site-packages/airflow/example_dags/example_setup_teardown_taskflow.py
[2026-04-26T23:34:14.500+0000] {processor.py:830} INFO - Processing file /home/airflow/.local/lib/python3.12/site-packages/airflow/example_dags/example_setup_teardown_taskflow.py for tasks to queue
[2026-04-26T23:34:14.501+0000] {logging_mixin.py:188} INFO - [2026-04-26T23:34:14.500+0000] {dagbag.py:545} INFO - Filling up the DagBag from /home/airflow/.local/lib/python3.12/site-packages/airflow/example_dags/example_setup_teardown_taskflow.py
[2026-04-26T23:34:14.506+0000] {processor.py:840} INFO - DAG(s) 'example_setup_teardown_taskflow' retrieved from /home/airflow/.local/lib/python3.12/site-packages/airflow/example_dags/example_setup_teardown_taskflow.py
[2026-04-26T23:34:14.520+0000] {logging_mixin.py:188} INFO - [2026-04-26T23:34:14.520+0000] {dag.py:3096} INFO - Sync 1 DAGs
[2026-04-26T23:34:14.532+0000] {logging_mixin.py:188} INFO - [2026-04-26T23:34:14.532+0000] {dag.py:3954} INFO - Setting next_dagrun for example_setup_teardown_taskflow to 2026-04-25 00:00:00+00:00, run_after=2026-04-26 00:00:00+00:00
[2026-04-26T23:34:14.542+0000] {processor.py:183} INFO - Processing /home/airflow/.local/lib/python3.12/site-packages/airflow/example_dags/example_setup_teardown_taskflow.py took 0.047 seconds
[2026-04-26T23:34:44.724+0000] {processor.py:161} INFO - Started process (PID=3130) to work on /home/airflow/.local/lib/python3.12/site-packages/airflow/example_dags/example_setup_teardown_taskflow.py
[2026-04-26T23:34:44.725+0000] {processor.py:830} INFO - Processing file /home/airflow/.local/lib/python3.12/site-packages/airflow/example_dags/example_setup_teardown_taskflow.py for tasks to queue
[2026-04-26T23:34:44.726+0000] {logging_mixin.py:188} INFO - [2026-04-26T23:34:44.726+0000] {dagbag.py:545} INFO - Filling up the DagBag from /home/airflow/.local/lib/python3.12/site-packages/airflow/example_dags/example_setup_teardown_taskflow.py
[2026-04-26T23:34:44.732+0000] {processor.py:840} INFO - DAG(s) 'example_setup_teardown_taskflow' retrieved from /home/airflow/.local/lib/python3.12/site-packages/airflow/example_dags/example_setup_teardown_taskflow.py
[2026-04-26T23:34:44.746+0000] {logging_mixin.py:188} INFO - [2026-04-26T23:34:44.746+0000] {dag.py:3096} INFO - Sync 1 DAGs
[2026-04-26T23:34:44.759+0000] {logging_mixin.py:188} INFO - [2026-04-26T23:34:44.758+0000] {dag.py:3954} INFO - Setting next_dagrun for example_setup_teardown_taskflow to 2026-04-25 00:00:00+00:00, run_after=2026-04-26 00:00:00+00:00
[2026-04-26T23:34:44.770+0000] {processor.py:183} INFO - Processing /home/airflow/.local/lib/python3.12/site-packages/airflow/example_dags/example_setup_teardown_taskflow.py took 0.050 seconds
[2026-04-26T23:35:15.398+0000] {processor.py:161} INFO - Started process (PID=3189) to work on /home/airflow/.local/lib/python3.12/site-packages/airflow/example_dags/example_setup_teardown_taskflow.py
[2026-04-26T23:35:15.399+0000] {processor.py:830} INFO - Processing file /home/airflow/.local/lib/python3.12/site-packages/airflow/example_dags/example_setup_teardown_taskflow.py for tasks to queue
[2026-04-26T23:35:15.400+0000] {logging_mixin.py:188} INFO - [2026-04-26T23:35:15.400+0000] {dagbag.py:545} INFO - Filling up the DagBag from /home/airflow/.local/lib/python3.12/site-packages/airflow/example_dags/example_setup_teardown_taskflow.py
[2026-04-26T23:35:15.406+0000] {processor.py:840} INFO - DAG(s) 'example_setup_teardown_taskflow' retrieved from /home/airflow/.local/lib/python3.12/site-packages/airflow/example_dags/example_setup_teardown_taskflow.py
[2026-04-26T23:35:15.419+0000] {logging_mixin.py:188} INFO - [2026-04-26T23:35:15.419+0000] {dag.py:3096} INFO - Sync 1 DAGs
[2026-04-26T23:35:15.432+0000] {logging_mixin.py:188} INFO - [2026-04-26T23:35:15.432+0000] {dag.py:3954} INFO - Setting next_dagrun for example_setup_teardown_taskflow to 2026-04-25 00:00:00+00:00, run_after=2026-04-26 00:00:00+00:00
[2026-04-26T23:35:15.444+0000] {processor.py:183} INFO - Processing /home/airflow/.local/lib/python3.12/site-packages/airflow/example_dags/example_setup_teardown_taskflow.py took 0.049 seconds
[2026-04-26T23:35:46.051+0000] {processor.py:161} INFO - Started process (PID=3248) to work on /home/airflow/.local/lib/python3.12/site-packages/airflow/example_dags/example_setup_teardown_taskflow.py
[2026-04-26T23:35:46.052+0000] {processor.py:830} INFO - Processing file /home/airflow/.local/lib/python3.12/site-packages/airflow/example_dags/example_setup_teardown_taskflow.py for tasks to queue
[2026-04-26T23:35:46.053+0000] {logging_mixin.py:188} INFO - [2026-04-26T23:35:46.052+0000] {dagbag.py:545} INFO - Filling up the DagBag from /home/airflow/.local/lib/python3.12/site-packages/airflow/example_dags/example_setup_teardown_taskflow.py
[2026-04-26T23:35:46.058+0000] {processor.py:840} INFO - DAG(s) 'example_setup_teardown_taskflow' retrieved from /home/airflow/.local/lib/python3.12/site-packages/airflow/example_dags/example_setup_teardown_taskflow.py
[2026-04-26T23:35:46.070+0000] {logging_mixin.py:188} INFO - [2026-04-26T23:35:46.070+0000] {dag.py:3096} INFO - Sync 1 DAGs
[2026-04-26T23:35:46.083+0000] {logging_mixin.py:188} INFO - [2026-04-26T23:35:46.083+0000] {dag.py:3954} INFO - Setting next_dagrun for example_setup_teardown_taskflow to 2026-04-25 00:00:00+00:00, run_after=2026-04-26 00:00:00+00:00
[2026-04-26T23:35:46.093+0000] {processor.py:183} INFO - Processing /home/airflow/.local/lib/python3.12/site-packages/airflow/example_dags/example_setup_teardown_taskflow.py took 0.046 seconds
[2026-04-26T23:36:16.848+0000] {processor.py:161} INFO - Started process (PID=3307) to work on /home/airflow/.local/lib/python3.12/site-packages/airflow/example_dags/example_setup_teardown_taskflow.py
[2026-04-26T23:36:16.849+0000] {processor.py:830} INFO - Processing file /home/airflow/.local/lib/python3.12/site-packages/airflow/example_dags/example_setup_teardown_taskflow.py for tasks to queue
[2026-04-26T23:36:16.850+0000] {logging_mixin.py:188} INFO - [2026-04-26T23:36:16.850+0000] {dagbag.py:545} INFO - Filling up the DagBag from /home/airflow/.local/lib/python3.12/site-packages/airflow/example_dags/example_setup_teardown_taskflow.py
[2026-04-26T23:36:16.857+0000] {processor.py:840} INFO - DAG(s) 'example_setup_teardown_taskflow' retrieved from /home/airflow/.local/lib/python3.12/site-packages/airflow/example_dags/example_setup_teardown_taskflow.py
[2026-04-26T23:36:16.871+0000] {logging_mixin.py:188} INFO - [2026-04-26T23:36:16.871+0000] {dag.py:3096} INFO - Sync 1 DAGs
[2026-04-26T23:36:16.884+0000] {logging_mixin.py:188} INFO - [2026-04-26T23:36:16.884+0000] {dag.py:3954} INFO - Setting next_dagrun for example_setup_teardown_taskflow to 2026-04-25 00:00:00+00:00, run_after=2026-04-26 00:00:00+00:00
[2026-04-26T23:36:16.893+0000] {processor.py:183} INFO - Processing /home/airflow/.local/lib/python3.12/site-packages/airflow/example_dags/example_setup_teardown_taskflow.py took 0.049 seconds
[2026-04-26T23:36:47.466+0000] {processor.py:161} INFO - Started process (PID=3366) to work on /home/airflow/.local/lib/python3.12/site-packages/airflow/example_dags/example_setup_teardown_taskflow.py
[2026-04-26T23:36:47.466+0000] {processor.py:830} INFO - Processing file /home/airflow/.local/lib/python3.12/site-packages/airflow/example_dags/example_setup_teardown_taskflow.py for tasks to queue
[2026-04-26T23:36:47.467+0000] {logging_mixin.py:188} INFO - [2026-04-26T23:36:47.467+0000] {dagbag.py:545} INFO - Filling up the DagBag from /home/airflow/.local/lib/python3.12/site-packages/airflow/example_dags/example_setup_teardown_taskflow.py
[2026-04-26T23:36:47.472+0000] {processor.py:840} INFO - DAG(s) 'example_setup_teardown_taskflow' retrieved from /home/airflow/.local/lib/python3.12/site-packages/airflow/example_dags/example_setup_teardown_taskflow.py
[2026-04-26T23:36:47.485+0000] {logging_mixin.py:188} INFO - [2026-04-26T23:36:47.485+0000] {dag.py:3096} INFO - Sync 1 DAGs
[2026-04-26T23:36:47.498+0000] {logging_mixin.py:188} INFO - [2026-04-26T23:36:47.497+0000] {dag.py:3954} INFO - Setting next_dagrun for example_setup_teardown_taskflow to 2026-04-25 00:00:00+00:00, run_after=2026-04-26 00:00:00+00:00
[2026-04-26T23:36:47.508+0000] {processor.py:183} INFO - Processing /home/airflow/.local/lib/python3.12/site-packages/airflow/example_dags/example_setup_teardown_taskflow.py took 0.045 seconds
[2026-04-26T23:37:18.231+0000] {processor.py:161} INFO - Started process (PID=3425) to work on /home/airflow/.local/lib/python3.12/site-packages/airflow/example_dags/example_setup_teardown_taskflow.py
[2026-04-26T23:37:18.231+0000] {processor.py:830} INFO - Processing file /home/airflow/.local/lib/python3.12/site-packages/airflow/example_dags/example_setup_teardown_taskflow.py for tasks to queue
[2026-04-26T23:37:18.232+0000] {logging_mixin.py:188} INFO - [2026-04-26T23:37:18.232+0000] {dagbag.py:545} INFO - Filling up the DagBag from /home/airflow/.local/lib/python3.12/site-packages/airflow/example_dags/example_setup_teardown_taskflow.py
[2026-04-26T23:37:18.238+0000] {processor.py:840} INFO - DAG(s) 'example_setup_teardown_taskflow' retrieved from /home/airflow/.local/lib/python3.12/site-packages/airflow/example_dags/example_setup_teardown_taskflow.py
[2026-04-26T23:37:18.251+0000] {logging_mixin.py:188} INFO - [2026-04-26T23:37:18.251+0000] {dag.py:3096} INFO - Sync 1 DAGs
[2026-04-26T23:37:18.264+0000] {logging_mixin.py:188} INFO - [2026-04-26T23:37:18.264+0000] {dag.py:3954} INFO - Setting next_dagrun for example_setup_teardown_taskflow to 2026-04-25 00:00:00+00:00, run_after=2026-04-26 00:00:00+00:00
[2026-04-26T23:37:18.275+0000] {processor.py:183} INFO - Processing /home/airflow/.local/lib/python3.12/site-packages/airflow/example_dags/example_setup_teardown_taskflow.py took 0.048 seconds
[2026-04-26T23:37:49.024+0000] {processor.py:161} INFO - Started process (PID=3484) to work on /home/airflow/.local/lib/python3.12/site-packages/airflow/example_dags/example_setup_teardown_taskflow.py
[2026-04-26T23:37:49.024+0000] {processor.py:830} INFO - Processing file /home/airflow/.local/lib/python3.12/site-packages/airflow/example_dags/example_setup_teardown_taskflow.py for tasks to queue
[2026-04-26T23:37:49.025+0000] {logging_mixin.py:188} INFO - [2026-04-26T23:37:49.025+0000] {dagbag.py:545} INFO - Filling up the DagBag from /home/airflow/.local/lib/python3.12/site-packages/airflow/example_dags/example_setup_teardown_taskflow.py
[2026-04-26T23:37:49.031+0000] {processor.py:840} INFO - DAG(s) 'example_setup_teardown_taskflow' retrieved from /home/airflow/.local/lib/python3.12/site-packages/airflow/example_dags/example_setup_teardown_taskflow.py
[2026-04-26T23:37:49.043+0000] {logging_mixin.py:188} INFO - [2026-04-26T23:37:49.043+0000] {dag.py:3096} INFO - Sync 1 DAGs
[2026-04-26T23:37:49.056+0000] {logging_mixin.py:188} INFO - [2026-04-26T23:37:49.056+0000] {dag.py:3954} INFO - Setting next_dagrun for example_setup_teardown_taskflow to 2026-04-25 00:00:00+00:00, run_after=2026-04-26 00:00:00+00:00
[2026-04-26T23:37:49.064+0000] {processor.py:183} INFO - Processing /home/airflow/.local/lib/python3.12/site-packages/airflow/example_dags/example_setup_teardown_taskflow.py took 0.045 seconds
[2026-04-26T23:38:19.683+0000] {processor.py:161} INFO - Started process (PID=3543) to work on /home/airflow/.local/lib/python3.12/site-packages/airflow/example_dags/example_setup_teardown_taskflow.py
[2026-04-26T23:38:19.684+0000] {processor.py:830} INFO - Processing file /home/airflow/.local/lib/python3.12/site-packages/airflow/example_dags/example_setup_teardown_taskflow.py for tasks to queue
[2026-04-26T23:38:19.685+0000] {logging_mixin.py:188} INFO - [2026-04-26T23:38:19.685+0000] {dagbag.py:545} INFO - Filling up the DagBag from /home/airflow/.local/lib/python3.12/site-packages/airflow/example_dags/example_setup_teardown_taskflow.py
[2026-04-26T23:38:19.690+0000] {processor.py:840} INFO - DAG(s) 'example_setup_teardown_taskflow' retrieved from /home/airflow/.local/lib/python3.12/site-packages/airflow/example_dags/example_setup_teardown_taskflow.py
[2026-04-26T23:38:19.701+0000] {logging_mixin.py:188} INFO - [2026-04-26T23:38:19.701+0000] {dag.py:3096} INFO - Sync 1 DAGs
[2026-04-26T23:38:19.712+0000] {logging_mixin.py:188} INFO - [2026-04-26T23:38:19.712+0000] {dag.py:3954} INFO - Setting next_dagrun for example_setup_teardown_taskflow to 2026-04-25 00:00:00+00:00, run_after=2026-04-26 00:00:00+00:00
[2026-04-26T23:38:19.721+0000] {processor.py:183} INFO - Processing /home/airflow/.local/lib/python3.12/site-packages/airflow/example_dags/example_setup_teardown_taskflow.py took 0.042 seconds
[2026-04-26T23:38:46.723+0000] {processor.py:161} INFO - Started process (PID=85) to work on /home/airflow/.local/lib/python3.12/site-packages/airflow/example_dags/example_setup_teardown_taskflow.py
[2026-04-26T23:38:46.724+0000] {processor.py:830} INFO - Processing file /home/airflow/.local/lib/python3.12/site-packages/airflow/example_dags/example_setup_teardown_taskflow.py for tasks to queue
[2026-04-26T23:38:46.725+0000] {logging_mixin.py:188} INFO - [2026-04-26T23:38:46.724+0000] {dagbag.py:545} INFO - Filling up the DagBag from /home/airflow/.local/lib/python3.12/site-packages/airflow/example_dags/example_setup_teardown_taskflow.py
[2026-04-26T23:38:46.730+0000] {processor.py:840} INFO - DAG(s) 'example_setup_teardown_taskflow' retrieved from /home/airflow/.local/lib/python3.12/site-packages/airflow/example_dags/example_setup_teardown_taskflow.py
[2026-04-26T23:38:46.737+0000] {logging_mixin.py:188} INFO - [2026-04-26T23:38:46.736+0000] {dag.py:3096} INFO - Sync 1 DAGs
[2026-04-26T23:38:46.751+0000] {logging_mixin.py:188} INFO - [2026-04-26T23:38:46.751+0000] {dag.py:3954} INFO - Setting next_dagrun for example_setup_teardown_taskflow to 2026-04-25 00:00:00+00:00, run_after=2026-04-26 00:00:00+00:00
[2026-04-26T23:38:46.760+0000] {processor.py:183} INFO - Processing /home/airflow/.local/lib/python3.12/site-packages/airflow/example_dags/example_setup_teardown_taskflow.py took 0.040 seconds
[2026-04-26T23:39:17.754+0000] {processor.py:161} INFO - Started process (PID=150) to work on /home/airflow/.local/lib/python3.12/site-packages/airflow/example_dags/example_setup_teardown_taskflow.py
[2026-04-26T23:39:17.756+0000] {processor.py:830} INFO - Processing file /home/airflow/.local/lib/python3.12/site-packages/airflow/example_dags/example_setup_teardown_taskflow.py for tasks to queue
[2026-04-26T23:39:17.757+0000] {logging_mixin.py:188} INFO - [2026-04-26T23:39:17.757+0000] {dagbag.py:545} INFO - Filling up the DagBag from /home/airflow/.local/lib/python3.12/site-packages/airflow/example_dags/example_setup_teardown_taskflow.py
[2026-04-26T23:39:17.762+0000] {processor.py:840} INFO - DAG(s) 'example_setup_teardown_taskflow' retrieved from /home/airflow/.local/lib/python3.12/site-packages/airflow/example_dags/example_setup_teardown_taskflow.py
[2026-04-26T23:39:17.816+0000] {logging_mixin.py:188} INFO - [2026-04-26T23:39:17.816+0000] {dag.py:3096} INFO - Sync 1 DAGs
[2026-04-26T23:39:17.825+0000] {logging_mixin.py:188} INFO - [2026-04-26T23:39:17.825+0000] {dag.py:3954} INFO - Setting next_dagrun for example_setup_teardown_taskflow to 2026-04-25 00:00:00+00:00, run_after=2026-04-26 00:00:00+00:00
[2026-04-26T23:39:17.836+0000] {processor.py:183} INFO - Processing /home/airflow/.local/lib/python3.12/site-packages/airflow/example_dags/example_setup_teardown_taskflow.py took 0.085 seconds
[2026-04-26T23:39:48.112+0000] {processor.py:161} INFO - Started process (PID=209) to work on /home/airflow/.local/lib/python3.12/site-packages/airflow/example_dags/example_setup_teardown_taskflow.py
[2026-04-26T23:39:48.113+0000] {processor.py:830} INFO - Processing file /home/airflow/.local/lib/python3.12/site-packages/airflow/example_dags/example_setup_teardown_taskflow.py for tasks to queue
[2026-04-26T23:39:48.114+0000] {logging_mixin.py:188} INFO - [2026-04-26T23:39:48.114+0000] {dagbag.py:545} INFO - Filling up the DagBag from /home/airflow/.local/lib/python3.12/site-packages/airflow/example_dags/example_setup_teardown_taskflow.py
[2026-04-26T23:39:48.120+0000] {processor.py:840} INFO - DAG(s) 'example_setup_teardown_taskflow' retrieved from /home/airflow/.local/lib/python3.12/site-packages/airflow/example_dags/example_setup_teardown_taskflow.py
[2026-04-26T23:39:48.133+0000] {logging_mixin.py:188} INFO - [2026-04-26T23:39:48.133+0000] {dag.py:3096} INFO - Sync 1 DAGs
[2026-04-26T23:39:48.145+0000] {logging_mixin.py:188} INFO - [2026-04-26T23:39:48.145+0000] {dag.py:3954} INFO - Setting next_dagrun for example_setup_teardown_taskflow to 2026-04-25 00:00:00+00:00, run_after=2026-04-26 00:00:00+00:00
[2026-04-26T23:39:48.155+0000] {processor.py:183} INFO - Processing /home/airflow/.local/lib/python3.12/site-packages/airflow/example_dags/example_setup_teardown_taskflow.py took 0.047 seconds
[2026-04-26T23:40:19.006+0000] {processor.py:161} INFO - Started process (PID=268) to work on /home/airflow/.local/lib/python3.12/site-packages/airflow/example_dags/example_setup_teardown_taskflow.py
[2026-04-26T23:40:19.007+0000] {processor.py:830} INFO - Processing file /home/airflow/.local/lib/python3.12/site-packages/airflow/example_dags/example_setup_teardown_taskflow.py for tasks to queue
[2026-04-26T23:40:19.008+0000] {logging_mixin.py:188} INFO - [2026-04-26T23:40:19.008+0000] {dagbag.py:545} INFO - Filling up the DagBag from /home/airflow/.local/lib/python3.12/site-packages/airflow/example_dags/example_setup_teardown_taskflow.py
[2026-04-26T23:40:19.014+0000] {processor.py:840} INFO - DAG(s) 'example_setup_teardown_taskflow' retrieved from /home/airflow/.local/lib/python3.12/site-packages/airflow/example_dags/example_setup_teardown_taskflow.py
[2026-04-26T23:40:19.027+0000] {logging_mixin.py:188} INFO - [2026-04-26T23:40:19.026+0000] {dag.py:3096} INFO - Sync 1 DAGs
[2026-04-26T23:40:19.038+0000] {logging_mixin.py:188} INFO - [2026-04-26T23:40:19.038+0000] {dag.py:3954} INFO - Setting next_dagrun for example_setup_teardown_taskflow to 2026-04-25 00:00:00+00:00, run_after=2026-04-26 00:00:00+00:00
[2026-04-26T23:40:19.048+0000] {processor.py:183} INFO - Processing /home/airflow/.local/lib/python3.12/site-packages/airflow/example_dags/example_setup_teardown_taskflow.py took 0.046 seconds
[2026-04-26T23:40:50.033+0000] {processor.py:161} INFO - Started process (PID=327) to work on /home/airflow/.local/lib/python3.12/site-packages/airflow/example_dags/example_setup_teardown_taskflow.py
[2026-04-26T23:40:50.033+0000] {processor.py:830} INFO - Processing file /home/airflow/.local/lib/python3.12/site-packages/airflow/example_dags/example_setup_teardown_taskflow.py for tasks to queue
[2026-04-26T23:40:50.034+0000] {logging_mixin.py:188} INFO - [2026-04-26T23:40:50.034+0000] {dagbag.py:545} INFO - Filling up the DagBag from /home/airflow/.local/lib/python3.12/site-packages/airflow/example_dags/example_setup_teardown_taskflow.py
[2026-04-26T23:40:50.039+0000] {processor.py:840} INFO - DAG(s) 'example_setup_teardown_taskflow' retrieved from /home/airflow/.local/lib/python3.12/site-packages/airflow/example_dags/example_setup_teardown_taskflow.py
[2026-04-26T23:40:50.051+0000] {logging_mixin.py:188} INFO - [2026-04-26T23:40:50.050+0000] {dag.py:3096} INFO - Sync 1 DAGs
[2026-04-26T23:40:50.063+0000] {logging_mixin.py:188} INFO - [2026-04-26T23:40:50.063+0000] {dag.py:3954} INFO - Setting next_dagrun for example_setup_teardown_taskflow to 2026-04-25 00:00:00+00:00, run_after=2026-04-26 00:00:00+00:00
[2026-04-26T23:40:50.072+0000] {processor.py:183} INFO - Processing /home/airflow/.local/lib/python3.12/site-packages/airflow/example_dags/example_setup_teardown_taskflow.py took 0.043 seconds
[2026-04-26T23:41:20.922+0000] {processor.py:161} INFO - Started process (PID=386) to work on /home/airflow/.local/lib/python3.12/site-packages/airflow/example_dags/example_setup_teardown_taskflow.py
[2026-04-26T23:41:20.923+0000] {processor.py:830} INFO - Processing file /home/airflow/.local/lib/python3.12/site-packages/airflow/example_dags/example_setup_teardown_taskflow.py for tasks to queue
[2026-04-26T23:41:20.924+0000] {logging_mixin.py:188} INFO - [2026-04-26T23:41:20.924+0000] {dagbag.py:545} INFO - Filling up the DagBag from /home/airflow/.local/lib/python3.12/site-packages/airflow/example_dags/example_setup_teardown_taskflow.py
[2026-04-26T23:41:20.929+0000] {processor.py:840} INFO - DAG(s) 'example_setup_teardown_taskflow' retrieved from /home/airflow/.local/lib/python3.12/site-packages/airflow/example_dags/example_setup_teardown_taskflow.py
[2026-04-26T23:41:20.943+0000] {logging_mixin.py:188} INFO - [2026-04-26T23:41:20.943+0000] {dag.py:3096} INFO - Sync 1 DAGs
[2026-04-26T23:41:20.957+0000] {logging_mixin.py:188} INFO - [2026-04-26T23:41:20.957+0000] {dag.py:3954} INFO - Setting next_dagrun for example_setup_teardown_taskflow to 2026-04-25 00:00:00+00:00, run_after=2026-04-26 00:00:00+00:00
[2026-04-26T23:41:20.967+0000] {processor.py:183} INFO - Processing /home/airflow/.local/lib/python3.12/site-packages/airflow/example_dags/example_setup_teardown_taskflow.py took 0.049 seconds
[2026-04-26T23:41:51.182+0000] {processor.py:161} INFO - Started process (PID=445) to work on /home/airflow/.local/lib/python3.12/site-packages/airflow/example_dags/example_setup_teardown_taskflow.py
[2026-04-26T23:41:51.182+0000] {processor.py:830} INFO - Processing file /home/airflow/.local/lib/python3.12/site-packages/airflow/example_dags/example_setup_teardown_taskflow.py for tasks to queue
[2026-04-26T23:41:51.184+0000] {logging_mixin.py:188} INFO - [2026-04-26T23:41:51.183+0000] {dagbag.py:545} INFO - Filling up the DagBag from /home/airflow/.local/lib/python3.12/site-packages/airflow/example_dags/example_setup_teardown_taskflow.py
[2026-04-26T23:41:51.189+0000] {processor.py:840} INFO - DAG(s) 'example_setup_teardown_taskflow' retrieved from /home/airflow/.local/lib/python3.12/site-packages/airflow/example_dags/example_setup_teardown_taskflow.py
[2026-04-26T23:41:51.201+0000] {logging_mixin.py:188} INFO - [2026-04-26T23:41:51.201+0000] {dag.py:3096} INFO - Sync 1 DAGs
[2026-04-26T23:41:51.213+0000] {logging_mixin.py:188} INFO - [2026-04-26T23:41:51.213+0000] {dag.py:3954} INFO - Setting next_dagrun for example_setup_teardown_taskflow to 2026-04-25 00:00:00+00:00, run_after=2026-04-26 00:00:00+00:00
[2026-04-26T23:41:51.223+0000] {processor.py:183} INFO - Processing /home/airflow/.local/lib/python3.12/site-packages/airflow/example_dags/example_setup_teardown_taskflow.py took 0.045 seconds
[2026-04-26T23:42:21.265+0000] {processor.py:161} INFO - Started process (PID=504) to work on /home/airflow/.local/lib/python3.12/site-packages/airflow/example_dags/example_setup_teardown_taskflow.py
[2026-04-26T23:42:21.266+0000] {processor.py:830} INFO - Processing file /home/airflow/.local/lib/python3.12/site-packages/airflow/example_dags/example_setup_teardown_taskflow.py for tasks to queue
[2026-04-26T23:42:21.267+0000] {logging_mixin.py:188} INFO - [2026-04-26T23:42:21.267+0000] {dagbag.py:545} INFO - Filling up the DagBag from /home/airflow/.local/lib/python3.12/site-packages/airflow/example_dags/example_setup_teardown_taskflow.py
[2026-04-26T23:42:21.272+0000] {processor.py:840} INFO - DAG(s) 'example_setup_teardown_taskflow' retrieved from /home/airflow/.local/lib/python3.12/site-packages/airflow/example_dags/example_setup_teardown_taskflow.py
[2026-04-26T23:42:21.286+0000] {logging_mixin.py:188} INFO - [2026-04-26T23:42:21.286+0000] {dag.py:3096} INFO - Sync 1 DAGs
[2026-04-26T23:42:21.299+0000] {logging_mixin.py:188} INFO - [2026-04-26T23:42:21.299+0000] {dag.py:3954} INFO - Setting next_dagrun for example_setup_teardown_taskflow to 2026-04-25 00:00:00+00:00, run_after=2026-04-26 00:00:00+00:00
[2026-04-26T23:42:21.310+0000] {processor.py:183} INFO - Processing /home/airflow/.local/lib/python3.12/site-packages/airflow/example_dags/example_setup_teardown_taskflow.py took 0.048 seconds
[2026-04-26T23:43:21.263+0000] {processor.py:161} INFO - Started process (PID=91) to work on /home/airflow/.local/lib/python3.12/site-packages/airflow/example_dags/example_setup_teardown_taskflow.py
[2026-04-26T23:43:21.263+0000] {processor.py:830} INFO - Processing file /home/airflow/.local/lib/python3.12/site-packages/airflow/example_dags/example_setup_teardown_taskflow.py for tasks to queue
[2026-04-26T23:43:21.265+0000] {logging_mixin.py:188} INFO - [2026-04-26T23:43:21.264+0000] {dagbag.py:545} INFO - Filling up the DagBag from /home/airflow/.local/lib/python3.12/site-packages/airflow/example_dags/example_setup_teardown_taskflow.py
[2026-04-26T23:43:21.271+0000] {processor.py:840} INFO - DAG(s) 'example_setup_teardown_taskflow' retrieved from /home/airflow/.local/lib/python3.12/site-packages/airflow/example_dags/example_setup_teardown_taskflow.py
[2026-04-26T23:43:21.278+0000] {logging_mixin.py:188} INFO - [2026-04-26T23:43:21.278+0000] {dag.py:3096} INFO - Sync 1 DAGs
[2026-04-26T23:43:21.291+0000] {logging_mixin.py:188} INFO - [2026-04-26T23:43:21.291+0000] {dag.py:3954} INFO - Setting next_dagrun for example_setup_teardown_taskflow to 2026-04-25 00:00:00+00:00, run_after=2026-04-26 00:00:00+00:00
[2026-04-26T23:43:21.301+0000] {processor.py:183} INFO - Processing /home/airflow/.local/lib/python3.12/site-packages/airflow/example_dags/example_setup_teardown_taskflow.py took 0.042 seconds
[2026-04-26T23:43:52.635+0000] {processor.py:161} INFO - Started process (PID=150) to work on /home/airflow/.local/lib/python3.12/site-packages/airflow/example_dags/example_setup_teardown_taskflow.py
[2026-04-26T23:43:52.636+0000] {processor.py:830} INFO - Processing file /home/airflow/.local/lib/python3.12/site-packages/airflow/example_dags/example_setup_teardown_taskflow.py for tasks to queue
[2026-04-26T23:43:52.637+0000] {logging_mixin.py:188} INFO - [2026-04-26T23:43:52.636+0000] {dagbag.py:545} INFO - Filling up the DagBag from /home/airflow/.local/lib/python3.12/site-packages/airflow/example_dags/example_setup_teardown_taskflow.py
[2026-04-26T23:43:52.641+0000] {processor.py:840} INFO - DAG(s) 'example_setup_teardown_taskflow' retrieved from /home/airflow/.local/lib/python3.12/site-packages/airflow/example_dags/example_setup_teardown_taskflow.py
[2026-04-26T23:43:52.697+0000] {logging_mixin.py:188} INFO - [2026-04-26T23:43:52.697+0000] {dag.py:3096} INFO - Sync 1 DAGs
[2026-04-26T23:43:52.707+0000] {logging_mixin.py:188} INFO - [2026-04-26T23:43:52.706+0000] {dag.py:3954} INFO - Setting next_dagrun for example_setup_teardown_taskflow to 2026-04-25 00:00:00+00:00, run_after=2026-04-26 00:00:00+00:00
[2026-04-26T23:43:52.715+0000] {processor.py:183} INFO - Processing /home/airflow/.local/lib/python3.12/site-packages/airflow/example_dags/example_setup_teardown_taskflow.py took 0.083 seconds
[2026-04-26T23:44:23.390+0000] {processor.py:161} INFO - Started process (PID=209) to work on /home/airflow/.local/lib/python3.12/site-packages/airflow/example_dags/example_setup_teardown_taskflow.py
[2026-04-26T23:44:23.391+0000] {processor.py:830} INFO - Processing file /home/airflow/.local/lib/python3.12/site-packages/airflow/example_dags/example_setup_teardown_taskflow.py for tasks to queue
[2026-04-26T23:44:23.392+0000] {logging_mixin.py:188} INFO - [2026-04-26T23:44:23.392+0000] {dagbag.py:545} INFO - Filling up the DagBag from /home/airflow/.local/lib/python3.12/site-packages/airflow/example_dags/example_setup_teardown_taskflow.py
[2026-04-26T23:44:23.398+0000] {processor.py:840} INFO - DAG(s) 'example_setup_teardown_taskflow' retrieved from /home/airflow/.local/lib/python3.12/site-packages/airflow/example_dags/example_setup_teardown_taskflow.py
[2026-04-26T23:44:23.409+0000] {logging_mixin.py:188} INFO - [2026-04-26T23:44:23.409+0000] {dag.py:3096} INFO - Sync 1 DAGs
[2026-04-26T23:44:23.421+0000] {logging_mixin.py:188} INFO - [2026-04-26T23:44:23.421+0000] {dag.py:3954} INFO - Setting next_dagrun for example_setup_teardown_taskflow to 2026-04-25 00:00:00+00:00, run_after=2026-04-26 00:00:00+00:00
[2026-04-26T23:44:23.430+0000] {processor.py:183} INFO - Processing /home/airflow/.local/lib/python3.12/site-packages/airflow/example_dags/example_setup_teardown_taskflow.py took 0.044 seconds
[2026-04-26T23:44:53.528+0000] {processor.py:161} INFO - Started process (PID=268) to work on /home/airflow/.local/lib/python3.12/site-packages/airflow/example_dags/example_setup_teardown_taskflow.py
[2026-04-26T23:44:53.528+0000] {processor.py:830} INFO - Processing file /home/airflow/.local/lib/python3.12/site-packages/airflow/example_dags/example_setup_teardown_taskflow.py for tasks to queue
[2026-04-26T23:44:53.530+0000] {logging_mixin.py:188} INFO - [2026-04-26T23:44:53.529+0000] {dagbag.py:545} INFO - Filling up the DagBag from /home/airflow/.local/lib/python3.12/site-packages/airflow/example_dags/example_setup_teardown_taskflow.py
[2026-04-26T23:44:53.535+0000] {processor.py:840} INFO - DAG(s) 'example_setup_teardown_taskflow' retrieved from /home/airflow/.local/lib/python3.12/site-packages/airflow/example_dags/example_setup_teardown_taskflow.py
[2026-04-26T23:44:53.548+0000] {logging_mixin.py:188} INFO - [2026-04-26T23:44:53.548+0000] {dag.py:3096} INFO - Sync 1 DAGs
[2026-04-26T23:44:53.560+0000] {logging_mixin.py:188} INFO - [2026-04-26T23:44:53.560+0000] {dag.py:3954} INFO - Setting next_dagrun for example_setup_teardown_taskflow to 2026-04-25 00:00:00+00:00, run_after=2026-04-26 00:00:00+00:00
[2026-04-26T23:44:53.569+0000] {processor.py:183} INFO - Processing /home/airflow/.local/lib/python3.12/site-packages/airflow/example_dags/example_setup_teardown_taskflow.py took 0.045 seconds
[2026-04-26T23:45:24.387+0000] {processor.py:161} INFO - Started process (PID=327) to work on /home/airflow/.local/lib/python3.12/site-packages/airflow/example_dags/example_setup_teardown_taskflow.py
[2026-04-26T23:45:24.388+0000] {processor.py:830} INFO - Processing file /home/airflow/.local/lib/python3.12/site-packages/airflow/example_dags/example_setup_teardown_taskflow.py for tasks to queue
[2026-04-26T23:45:24.389+0000] {logging_mixin.py:188} INFO - [2026-04-26T23:45:24.389+0000] {dagbag.py:545} INFO - Filling up the DagBag from /home/airflow/.local/lib/python3.12/site-packages/airflow/example_dags/example_setup_teardown_taskflow.py
[2026-04-26T23:45:24.395+0000] {processor.py:840} INFO - DAG(s) 'example_setup_teardown_taskflow' retrieved from /home/airflow/.local/lib/python3.12/site-packages/airflow/example_dags/example_setup_teardown_taskflow.py
[2026-04-26T23:45:24.408+0000] {logging_mixin.py:188} INFO - [2026-04-26T23:45:24.408+0000] {dag.py:3096} INFO - Sync 1 DAGs
[2026-04-26T23:45:24.422+0000] {logging_mixin.py:188} INFO - [2026-04-26T23:45:24.421+0000] {dag.py:3954} INFO - Setting next_dagrun for example_setup_teardown_taskflow to 2026-04-25 00:00:00+00:00, run_after=2026-04-26 00:00:00+00:00
[2026-04-26T23:45:24.431+0000] {processor.py:183} INFO - Processing /home/airflow/.local/lib/python3.12/site-packages/airflow/example_dags/example_setup_teardown_taskflow.py took 0.048 seconds
[2026-04-26T23:45:55.199+0000] {processor.py:161} INFO - Started process (PID=386) to work on /home/airflow/.local/lib/python3.12/site-packages/airflow/example_dags/example_setup_teardown_taskflow.py
[2026-04-26T23:45:55.200+0000] {processor.py:830} INFO - Processing file /home/airflow/.local/lib/python3.12/site-packages/airflow/example_dags/example_setup_teardown_taskflow.py for tasks to queue
[2026-04-26T23:45:55.201+0000] {logging_mixin.py:188} INFO - [2026-04-26T23:45:55.201+0000] {dagbag.py:545} INFO - Filling up the DagBag from /home/airflow/.local/lib/python3.12/site-packages/airflow/example_dags/example_setup_teardown_taskflow.py
[2026-04-26T23:45:55.207+0000] {processor.py:840} INFO - DAG(s) 'example_setup_teardown_taskflow' retrieved from /home/airflow/.local/lib/python3.12/site-packages/airflow/example_dags/example_setup_teardown_taskflow.py
[2026-04-26T23:45:55.219+0000] {logging_mixin.py:188} INFO - [2026-04-26T23:45:55.219+0000] {dag.py:3096} INFO - Sync 1 DAGs
[2026-04-26T23:45:55.231+0000] {logging_mixin.py:188} INFO - [2026-04-26T23:45:55.231+0000] {dag.py:3954} INFO - Setting next_dagrun for example_setup_teardown_taskflow to 2026-04-25 00:00:00+00:00, run_after=2026-04-26 00:00:00+00:00
[2026-04-26T23:45:55.241+0000] {processor.py:183} INFO - Processing /home/airflow/.local/lib/python3.12/site-packages/airflow/example_dags/example_setup_teardown_taskflow.py took 0.045 seconds
[2026-04-26T23:46:25.995+0000] {processor.py:161} INFO - Started process (PID=445) to work on /home/airflow/.local/lib/python3.12/site-packages/airflow/example_dags/example_setup_teardown_taskflow.py
[2026-04-26T23:46:25.995+0000] {processor.py:830} INFO - Processing file /home/airflow/.local/lib/python3.12/site-packages/airflow/example_dags/example_setup_teardown_taskflow.py for tasks to queue
[2026-04-26T23:46:25.996+0000] {logging_mixin.py:188} INFO - [2026-04-26T23:46:25.996+0000] {dagbag.py:545} INFO - Filling up the DagBag from /home/airflow/.local/lib/python3.12/site-packages/airflow/example_dags/example_setup_teardown_taskflow.py
[2026-04-26T23:46:26.002+0000] {processor.py:840} INFO - DAG(s) 'example_setup_teardown_taskflow' retrieved from /home/airflow/.local/lib/python3.12/site-packages/airflow/example_dags/example_setup_teardown_taskflow.py
[2026-04-26T23:46:26.015+0000] {logging_mixin.py:188} INFO - [2026-04-26T23:46:26.015+0000] {dag.py:3096} INFO - Sync 1 DAGs
[2026-04-26T23:46:26.028+0000] {logging_mixin.py:188} INFO - [2026-04-26T23:46:26.028+0000] {dag.py:3954} INFO - Setting next_dagrun for example_setup_teardown_taskflow to 2026-04-25 00:00:00+00:00, run_after=2026-04-26 00:00:00+00:00
[2026-04-26T23:46:26.039+0000] {processor.py:183} INFO - Processing /home/airflow/.local/lib/python3.12/site-packages/airflow/example_dags/example_setup_teardown_taskflow.py took 0.048 seconds
[2026-04-26T23:46:56.804+0000] {processor.py:161} INFO - Started process (PID=504) to work on /home/airflow/.local/lib/python3.12/site-packages/airflow/example_dags/example_setup_teardown_taskflow.py
[2026-04-26T23:46:56.805+0000] {processor.py:830} INFO - Processing file /home/airflow/.local/lib/python3.12/site-packages/airflow/example_dags/example_setup_teardown_taskflow.py for tasks to queue
[2026-04-26T23:46:56.806+0000] {logging_mixin.py:188} INFO - [2026-04-26T23:46:56.805+0000] {dagbag.py:545} INFO - Filling up the DagBag from /home/airflow/.local/lib/python3.12/site-packages/airflow/example_dags/example_setup_teardown_taskflow.py
[2026-04-26T23:46:56.811+0000] {processor.py:840} INFO - DAG(s) 'example_setup_teardown_taskflow' retrieved from /home/airflow/.local/lib/python3.12/site-packages/airflow/example_dags/example_setup_teardown_taskflow.py
[2026-04-26T23:46:56.824+0000] {logging_mixin.py:188} INFO - [2026-04-26T23:46:56.824+0000] {dag.py:3096} INFO - Sync 1 DAGs
[2026-04-26T23:46:56.836+0000] {logging_mixin.py:188} INFO - [2026-04-26T23:46:56.836+0000] {dag.py:3954} INFO - Setting next_dagrun for example_setup_teardown_taskflow to 2026-04-25 00:00:00+00:00, run_after=2026-04-26 00:00:00+00:00
[2026-04-26T23:46:56.847+0000] {processor.py:183} INFO - Processing /home/airflow/.local/lib/python3.12/site-packages/airflow/example_dags/example_setup_teardown_taskflow.py took 0.047 seconds
[2026-04-26T23:47:27.169+0000] {processor.py:161} INFO - Started process (PID=563) to work on /home/airflow/.local/lib/python3.12/site-packages/airflow/example_dags/example_setup_teardown_taskflow.py
[2026-04-26T23:47:27.169+0000] {processor.py:830} INFO - Processing file /home/airflow/.local/lib/python3.12/site-packages/airflow/example_dags/example_setup_teardown_taskflow.py for tasks to queue
[2026-04-26T23:47:27.171+0000] {logging_mixin.py:188} INFO - [2026-04-26T23:47:27.171+0000] {dagbag.py:545} INFO - Filling up the DagBag from /home/airflow/.local/lib/python3.12/site-packages/airflow/example_dags/example_setup_teardown_taskflow.py
[2026-04-26T23:47:27.180+0000] {processor.py:840} INFO - DAG(s) 'example_setup_teardown_taskflow' retrieved from /home/airflow/.local/lib/python3.12/site-packages/airflow/example_dags/example_setup_teardown_taskflow.py
[2026-04-26T23:47:27.200+0000] {logging_mixin.py:188} INFO - [2026-04-26T23:47:27.200+0000] {dag.py:3096} INFO - Sync 1 DAGs
[2026-04-26T23:47:27.213+0000] {logging_mixin.py:188} INFO - [2026-04-26T23:47:27.213+0000] {dag.py:3954} INFO - Setting next_dagrun for example_setup_teardown_taskflow to 2026-04-25 00:00:00+00:00, run_after=2026-04-26 00:00:00+00:00
[2026-04-26T23:47:27.222+0000] {processor.py:183} INFO - Processing /home/airflow/.local/lib/python3.12/site-packages/airflow/example_dags/example_setup_teardown_taskflow.py took 0.058 seconds
[2026-04-26T23:47:57.265+0000] {processor.py:161} INFO - Started process (PID=622) to work on /home/airflow/.local/lib/python3.12/site-packages/airflow/example_dags/example_setup_teardown_taskflow.py
[2026-04-26T23:47:57.265+0000] {processor.py:830} INFO - Processing file /home/airflow/.local/lib/python3.12/site-packages/airflow/example_dags/example_setup_teardown_taskflow.py for tasks to queue
[2026-04-26T23:47:57.267+0000] {logging_mixin.py:188} INFO - [2026-04-26T23:47:57.266+0000] {dagbag.py:545} INFO - Filling up the DagBag from /home/airflow/.local/lib/python3.12/site-packages/airflow/example_dags/example_setup_teardown_taskflow.py
[2026-04-26T23:47:57.273+0000] {processor.py:840} INFO - DAG(s) 'example_setup_teardown_taskflow' retrieved from /home/airflow/.local/lib/python3.12/site-packages/airflow/example_dags/example_setup_teardown_taskflow.py
[2026-04-26T23:47:57.288+0000] {logging_mixin.py:188} INFO - [2026-04-26T23:47:57.288+0000] {dag.py:3096} INFO - Sync 1 DAGs
[2026-04-26T23:47:57.303+0000] {logging_mixin.py:188} INFO - [2026-04-26T23:47:57.303+0000] {dag.py:3954} INFO - Setting next_dagrun for example_setup_teardown_taskflow to 2026-04-25 00:00:00+00:00, run_after=2026-04-26 00:00:00+00:00
[2026-04-26T23:47:57.315+0000] {processor.py:183} INFO - Processing /home/airflow/.local/lib/python3.12/site-packages/airflow/example_dags/example_setup_teardown_taskflow.py took 0.055 seconds
[2026-04-26T23:48:27.358+0000] {processor.py:161} INFO - Started process (PID=681) to work on /home/airflow/.local/lib/python3.12/site-packages/airflow/example_dags/example_setup_teardown_taskflow.py
[2026-04-26T23:48:27.359+0000] {processor.py:830} INFO - Processing file /home/airflow/.local/lib/python3.12/site-packages/airflow/example_dags/example_setup_teardown_taskflow.py for tasks to queue
[2026-04-26T23:48:27.360+0000] {logging_mixin.py:188} INFO - [2026-04-26T23:48:27.360+0000] {dagbag.py:545} INFO - Filling up the DagBag from /home/airflow/.local/lib/python3.12/site-packages/airflow/example_dags/example_setup_teardown_taskflow.py
[2026-04-26T23:48:27.365+0000] {processor.py:840} INFO - DAG(s) 'example_setup_teardown_taskflow' retrieved from /home/airflow/.local/lib/python3.12/site-packages/airflow/example_dags/example_setup_teardown_taskflow.py
[2026-04-26T23:48:27.376+0000] {logging_mixin.py:188} INFO - [2026-04-26T23:48:27.375+0000] {dag.py:3096} INFO - Sync 1 DAGs
[2026-04-26T23:48:27.386+0000] {logging_mixin.py:188} INFO - [2026-04-26T23:48:27.386+0000] {dag.py:3954} INFO - Setting next_dagrun for example_setup_teardown_taskflow to 2026-04-25 00:00:00+00:00, run_after=2026-04-26 00:00:00+00:00
[2026-04-26T23:48:27.394+0000] {processor.py:183} INFO - Processing /home/airflow/.local/lib/python3.12/site-packages/airflow/example_dags/example_setup_teardown_taskflow.py took 0.040 seconds
[2026-04-26T23:48:58.390+0000] {processor.py:161} INFO - Started process (PID=740) to work on /home/airflow/.local/lib/python3.12/site-packages/airflow/example_dags/example_setup_teardown_taskflow.py
[2026-04-26T23:48:58.390+0000] {processor.py:830} INFO - Processing file /home/airflow/.local/lib/python3.12/site-packages/airflow/example_dags/example_setup_teardown_taskflow.py for tasks to queue
[2026-04-26T23:48:58.391+0000] {logging_mixin.py:188} INFO - [2026-04-26T23:48:58.391+0000] {dagbag.py:545} INFO - Filling up the DagBag from /home/airflow/.local/lib/python3.12/site-packages/airflow/example_dags/example_setup_teardown_taskflow.py
[2026-04-26T23:48:58.397+0000] {processor.py:840} INFO - DAG(s) 'example_setup_teardown_taskflow' retrieved from /home/airflow/.local/lib/python3.12/site-packages/airflow/example_dags/example_setup_teardown_taskflow.py
[2026-04-26T23:48:58.409+0000] {logging_mixin.py:188} INFO - [2026-04-26T23:48:58.409+0000] {dag.py:3096} INFO - Sync 1 DAGs
[2026-04-26T23:48:58.420+0000] {logging_mixin.py:188} INFO - [2026-04-26T23:48:58.420+0000] {dag.py:3954} INFO - Setting next_dagrun for example_setup_teardown_taskflow to 2026-04-25 00:00:00+00:00, run_after=2026-04-26 00:00:00+00:00
[2026-04-26T23:48:58.429+0000] {processor.py:183} INFO - Processing /home/airflow/.local/lib/python3.12/site-packages/airflow/example_dags/example_setup_teardown_taskflow.py took 0.043 seconds
[2026-04-26T23:49:28.695+0000] {processor.py:161} INFO - Started process (PID=799) to work on /home/airflow/.local/lib/python3.12/site-packages/airflow/example_dags/example_setup_teardown_taskflow.py
[2026-04-26T23:49:28.696+0000] {processor.py:830} INFO - Processing file /home/airflow/.local/lib/python3.12/site-packages/airflow/example_dags/example_setup_teardown_taskflow.py for tasks to queue
[2026-04-26T23:49:28.697+0000] {logging_mixin.py:188} INFO - [2026-04-26T23:49:28.697+0000] {dagbag.py:545} INFO - Filling up the DagBag from /home/airflow/.local/lib/python3.12/site-packages/airflow/example_dags/example_setup_teardown_taskflow.py
[2026-04-26T23:49:28.702+0000] {processor.py:840} INFO - DAG(s) 'example_setup_teardown_taskflow' retrieved from /home/airflow/.local/lib/python3.12/site-packages/airflow/example_dags/example_setup_teardown_taskflow.py
[2026-04-26T23:49:28.713+0000] {logging_mixin.py:188} INFO - [2026-04-26T23:49:28.713+0000] {dag.py:3096} INFO - Sync 1 DAGs
[2026-04-26T23:49:28.724+0000] {logging_mixin.py:188} INFO - [2026-04-26T23:49:28.724+0000] {dag.py:3954} INFO - Setting next_dagrun for example_setup_teardown_taskflow to 2026-04-25 00:00:00+00:00, run_after=2026-04-26 00:00:00+00:00
[2026-04-26T23:49:28.735+0000] {processor.py:183} INFO - Processing /home/airflow/.local/lib/python3.12/site-packages/airflow/example_dags/example_setup_teardown_taskflow.py took 0.043 seconds
[2026-04-26T23:50:04.156+0000] {processor.py:161} INFO - Started process (PID=91) to work on /home/airflow/.local/lib/python3.12/site-packages/airflow/example_dags/example_setup_teardown_taskflow.py
[2026-04-26T23:50:04.157+0000] {processor.py:830} INFO - Processing file /home/airflow/.local/lib/python3.12/site-packages/airflow/example_dags/example_setup_teardown_taskflow.py for tasks to queue
[2026-04-26T23:50:04.158+0000] {logging_mixin.py:188} INFO - [2026-04-26T23:50:04.158+0000] {dagbag.py:545} INFO - Filling up the DagBag from /home/airflow/.local/lib/python3.12/site-packages/airflow/example_dags/example_setup_teardown_taskflow.py
[2026-04-26T23:50:04.165+0000] {processor.py:840} INFO - DAG(s) 'example_setup_teardown_taskflow' retrieved from /home/airflow/.local/lib/python3.12/site-packages/airflow/example_dags/example_setup_teardown_taskflow.py
[2026-04-26T23:50:04.173+0000] {logging_mixin.py:188} INFO - [2026-04-26T23:50:04.173+0000] {dag.py:3096} INFO - Sync 1 DAGs
[2026-04-26T23:50:04.190+0000] {logging_mixin.py:188} INFO - [2026-04-26T23:50:04.190+0000] {dag.py:3954} INFO - Setting next_dagrun for example_setup_teardown_taskflow to 2026-04-25 00:00:00+00:00, run_after=2026-04-26 00:00:00+00:00
[2026-04-26T23:50:04.204+0000] {processor.py:183} INFO - Processing /home/airflow/.local/lib/python3.12/site-packages/airflow/example_dags/example_setup_teardown_taskflow.py took 0.052 seconds
[2026-04-26T23:50:35.714+0000] {processor.py:161} INFO - Started process (PID=150) to work on /home/airflow/.local/lib/python3.12/site-packages/airflow/example_dags/example_setup_teardown_taskflow.py
[2026-04-26T23:50:35.715+0000] {processor.py:830} INFO - Processing file /home/airflow/.local/lib/python3.12/site-packages/airflow/example_dags/example_setup_teardown_taskflow.py for tasks to queue
[2026-04-26T23:50:35.716+0000] {logging_mixin.py:188} INFO - [2026-04-26T23:50:35.716+0000] {dagbag.py:545} INFO - Filling up the DagBag from /home/airflow/.local/lib/python3.12/site-packages/airflow/example_dags/example_setup_teardown_taskflow.py
[2026-04-26T23:50:35.722+0000] {processor.py:840} INFO - DAG(s) 'example_setup_teardown_taskflow' retrieved from /home/airflow/.local/lib/python3.12/site-packages/airflow/example_dags/example_setup_teardown_taskflow.py
[2026-04-26T23:50:35.784+0000] {logging_mixin.py:188} INFO - [2026-04-26T23:50:35.784+0000] {dag.py:3096} INFO - Sync 1 DAGs
[2026-04-26T23:50:35.794+0000] {logging_mixin.py:188} INFO - [2026-04-26T23:50:35.794+0000] {dag.py:3954} INFO - Setting next_dagrun for example_setup_teardown_taskflow to 2026-04-25 00:00:00+00:00, run_after=2026-04-26 00:00:00+00:00
[2026-04-26T23:50:35.811+0000] {processor.py:183} INFO - Processing /home/airflow/.local/lib/python3.12/site-packages/airflow/example_dags/example_setup_teardown_taskflow.py took 0.100 seconds
[2026-04-26T23:51:06.464+0000] {processor.py:161} INFO - Started process (PID=209) to work on /home/airflow/.local/lib/python3.12/site-packages/airflow/example_dags/example_setup_teardown_taskflow.py
[2026-04-26T23:51:06.465+0000] {processor.py:830} INFO - Processing file /home/airflow/.local/lib/python3.12/site-packages/airflow/example_dags/example_setup_teardown_taskflow.py for tasks to queue
[2026-04-26T23:51:06.466+0000] {logging_mixin.py:188} INFO - [2026-04-26T23:51:06.466+0000] {dagbag.py:545} INFO - Filling up the DagBag from /home/airflow/.local/lib/python3.12/site-packages/airflow/example_dags/example_setup_teardown_taskflow.py
[2026-04-26T23:51:06.471+0000] {processor.py:840} INFO - DAG(s) 'example_setup_teardown_taskflow' retrieved from /home/airflow/.local/lib/python3.12/site-packages/airflow/example_dags/example_setup_teardown_taskflow.py
[2026-04-26T23:51:06.482+0000] {logging_mixin.py:188} INFO - [2026-04-26T23:51:06.482+0000] {dag.py:3096} INFO - Sync 1 DAGs
[2026-04-26T23:51:06.494+0000] {logging_mixin.py:188} INFO - [2026-04-26T23:51:06.494+0000] {dag.py:3954} INFO - Setting next_dagrun for example_setup_teardown_taskflow to 2026-04-25 00:00:00+00:00, run_after=2026-04-26 00:00:00+00:00
[2026-04-26T23:51:06.503+0000] {processor.py:183} INFO - Processing /home/airflow/.local/lib/python3.12/site-packages/airflow/example_dags/example_setup_teardown_taskflow.py took 0.043 seconds
[2026-04-26T23:51:36.643+0000] {processor.py:161} INFO - Started process (PID=268) to work on /home/airflow/.local/lib/python3.12/site-packages/airflow/example_dags/example_setup_teardown_taskflow.py
[2026-04-26T23:51:36.643+0000] {processor.py:830} INFO - Processing file /home/airflow/.local/lib/python3.12/site-packages/airflow/example_dags/example_setup_teardown_taskflow.py for tasks to queue
[2026-04-26T23:51:36.644+0000] {logging_mixin.py:188} INFO - [2026-04-26T23:51:36.644+0000] {dagbag.py:545} INFO - Filling up the DagBag from /home/airflow/.local/lib/python3.12/site-packages/airflow/example_dags/example_setup_teardown_taskflow.py
[2026-04-26T23:51:36.650+0000] {processor.py:840} INFO - DAG(s) 'example_setup_teardown_taskflow' retrieved from /home/airflow/.local/lib/python3.12/site-packages/airflow/example_dags/example_setup_teardown_taskflow.py
[2026-04-26T23:51:36.663+0000] {logging_mixin.py:188} INFO - [2026-04-26T23:51:36.662+0000] {dag.py:3096} INFO - Sync 1 DAGs
[2026-04-26T23:51:36.676+0000] {logging_mixin.py:188} INFO - [2026-04-26T23:51:36.676+0000] {dag.py:3954} INFO - Setting next_dagrun for example_setup_teardown_taskflow to 2026-04-25 00:00:00+00:00, run_after=2026-04-26 00:00:00+00:00
[2026-04-26T23:51:36.690+0000] {processor.py:183} INFO - Processing /home/airflow/.local/lib/python3.12/site-packages/airflow/example_dags/example_setup_teardown_taskflow.py took 0.051 seconds
[2026-04-26T23:52:07.676+0000] {processor.py:161} INFO - Started process (PID=327) to work on /home/airflow/.local/lib/python3.12/site-packages/airflow/example_dags/example_setup_teardown_taskflow.py
[2026-04-26T23:52:07.677+0000] {processor.py:830} INFO - Processing file /home/airflow/.local/lib/python3.12/site-packages/airflow/example_dags/example_setup_teardown_taskflow.py for tasks to queue
[2026-04-26T23:52:07.678+0000] {logging_mixin.py:188} INFO - [2026-04-26T23:52:07.677+0000] {dagbag.py:545} INFO - Filling up the DagBag from /home/airflow/.local/lib/python3.12/site-packages/airflow/example_dags/example_setup_teardown_taskflow.py
[2026-04-26T23:52:07.683+0000] {processor.py:840} INFO - DAG(s) 'example_setup_teardown_taskflow' retrieved from /home/airflow/.local/lib/python3.12/site-packages/airflow/example_dags/example_setup_teardown_taskflow.py
[2026-04-26T23:52:07.694+0000] {logging_mixin.py:188} INFO - [2026-04-26T23:52:07.694+0000] {dag.py:3096} INFO - Sync 1 DAGs
[2026-04-26T23:52:07.705+0000] {logging_mixin.py:188} INFO - [2026-04-26T23:52:07.705+0000] {dag.py:3954} INFO - Setting next_dagrun for example_setup_teardown_taskflow to 2026-04-25 00:00:00+00:00, run_after=2026-04-26 00:00:00+00:00
[2026-04-26T23:52:07.714+0000] {processor.py:183} INFO - Processing /home/airflow/.local/lib/python3.12/site-packages/airflow/example_dags/example_setup_teardown_taskflow.py took 0.041 seconds
[2026-04-26T23:52:37.986+0000] {processor.py:161} INFO - Started process (PID=386) to work on /home/airflow/.local/lib/python3.12/site-packages/airflow/example_dags/example_setup_teardown_taskflow.py
[2026-04-26T23:52:37.987+0000] {processor.py:830} INFO - Processing file /home/airflow/.local/lib/python3.12/site-packages/airflow/example_dags/example_setup_teardown_taskflow.py for tasks to queue
[2026-04-26T23:52:37.988+0000] {logging_mixin.py:188} INFO - [2026-04-26T23:52:37.988+0000] {dagbag.py:545} INFO - Filling up the DagBag from /home/airflow/.local/lib/python3.12/site-packages/airflow/example_dags/example_setup_teardown_taskflow.py
[2026-04-26T23:52:37.995+0000] {processor.py:840} INFO - DAG(s) 'example_setup_teardown_taskflow' retrieved from /home/airflow/.local/lib/python3.12/site-packages/airflow/example_dags/example_setup_teardown_taskflow.py
[2026-04-26T23:52:38.011+0000] {logging_mixin.py:188} INFO - [2026-04-26T23:52:38.010+0000] {dag.py:3096} INFO - Sync 1 DAGs
[2026-04-26T23:52:38.026+0000] {logging_mixin.py:188} INFO - [2026-04-26T23:52:38.026+0000] {dag.py:3954} INFO - Setting next_dagrun for example_setup_teardown_taskflow to 2026-04-25 00:00:00+00:00, run_after=2026-04-26 00:00:00+00:00
[2026-04-26T23:52:38.039+0000] {processor.py:183} INFO - Processing /home/airflow/.local/lib/python3.12/site-packages/airflow/example_dags/example_setup_teardown_taskflow.py took 0.057 seconds
[2026-04-26T23:53:08.938+0000] {processor.py:161} INFO - Started process (PID=445) to work on /home/airflow/.local/lib/python3.12/site-packages/airflow/example_dags/example_setup_teardown_taskflow.py
[2026-04-26T23:53:08.938+0000] {processor.py:830} INFO - Processing file /home/airflow/.local/lib/python3.12/site-packages/airflow/example_dags/example_setup_teardown_taskflow.py for tasks to queue
[2026-04-26T23:53:08.940+0000] {logging_mixin.py:188} INFO - [2026-04-26T23:53:08.940+0000] {dagbag.py:545} INFO - Filling up the DagBag from /home/airflow/.local/lib/python3.12/site-packages/airflow/example_dags/example_setup_teardown_taskflow.py
[2026-04-26T23:53:08.948+0000] {processor.py:840} INFO - DAG(s) 'example_setup_teardown_taskflow' retrieved from /home/airflow/.local/lib/python3.12/site-packages/airflow/example_dags/example_setup_teardown_taskflow.py
[2026-04-26T23:53:08.968+0000] {logging_mixin.py:188} INFO - [2026-04-26T23:53:08.967+0000] {dag.py:3096} INFO - Sync 1 DAGs
[2026-04-26T23:53:08.990+0000] {logging_mixin.py:188} INFO - [2026-04-26T23:53:08.990+0000] {dag.py:3954} INFO - Setting next_dagrun for example_setup_teardown_taskflow to 2026-04-25 00:00:00+00:00, run_after=2026-04-26 00:00:00+00:00
[2026-04-26T23:53:09.008+0000] {processor.py:183} INFO - Processing /home/airflow/.local/lib/python3.12/site-packages/airflow/example_dags/example_setup_teardown_taskflow.py took 0.075 seconds
[2026-04-26T23:53:39.149+0000] {processor.py:161} INFO - Started process (PID=504) to work on /home/airflow/.local/lib/python3.12/site-packages/airflow/example_dags/example_setup_teardown_taskflow.py
[2026-04-26T23:53:39.150+0000] {processor.py:830} INFO - Processing file /home/airflow/.local/lib/python3.12/site-packages/airflow/example_dags/example_setup_teardown_taskflow.py for tasks to queue
[2026-04-26T23:53:39.151+0000] {logging_mixin.py:188} INFO - [2026-04-26T23:53:39.151+0000] {dagbag.py:545} INFO - Filling up the DagBag from /home/airflow/.local/lib/python3.12/site-packages/airflow/example_dags/example_setup_teardown_taskflow.py
[2026-04-26T23:53:39.158+0000] {processor.py:840} INFO - DAG(s) 'example_setup_teardown_taskflow' retrieved from /home/airflow/.local/lib/python3.12/site-packages/airflow/example_dags/example_setup_teardown_taskflow.py
[2026-04-26T23:53:39.175+0000] {logging_mixin.py:188} INFO - [2026-04-26T23:53:39.175+0000] {dag.py:3096} INFO - Sync 1 DAGs
[2026-04-26T23:53:39.191+0000] {logging_mixin.py:188} INFO - [2026-04-26T23:53:39.191+0000] {dag.py:3954} INFO - Setting next_dagrun for example_setup_teardown_taskflow to 2026-04-25 00:00:00+00:00, run_after=2026-04-26 00:00:00+00:00
[2026-04-26T23:53:39.203+0000] {processor.py:183} INFO - Processing /home/airflow/.local/lib/python3.12/site-packages/airflow/example_dags/example_setup_teardown_taskflow.py took 0.059 seconds
