[2026-04-26T23:08:14.888+0000] {processor.py:161} INFO - Started process (PID=61) to work on /home/airflow/.local/lib/python3.12/site-packages/airflow/example_dags/example_sensor_decorator.py
[2026-04-26T23:08:14.889+0000] {processor.py:830} INFO - Processing file /home/airflow/.local/lib/python3.12/site-packages/airflow/example_dags/example_sensor_decorator.py for tasks to queue
[2026-04-26T23:08:14.890+0000] {logging_mixin.py:188} INFO - [2026-04-26T23:08:14.890+0000] {dagbag.py:545} INFO - Filling up the DagBag from /home/airflow/.local/lib/python3.12/site-packages/airflow/example_dags/example_sensor_decorator.py
[2026-04-26T23:08:14.895+0000] {processor.py:840} INFO - DAG(s) 'example_sensor_decorator' retrieved from /home/airflow/.local/lib/python3.12/site-packages/airflow/example_dags/example_sensor_decorator.py
[2026-04-26T23:08:14.902+0000] {logging_mixin.py:188} INFO - [2026-04-26T23:08:14.902+0000] {dag.py:3096} INFO - Sync 1 DAGs
[2026-04-26T23:08:14.911+0000] {logging_mixin.py:188} INFO - [2026-04-26T23:08:14.911+0000] {dag.py:3954} INFO - Setting next_dagrun for example_sensor_decorator to None, run_after=None
[2026-04-26T23:08:14.922+0000] {processor.py:183} INFO - Processing /home/airflow/.local/lib/python3.12/site-packages/airflow/example_dags/example_sensor_decorator.py took 0.039 seconds
[2026-04-26T23:08:45.539+0000] {processor.py:161} INFO - Started process (PID=119) to work on /home/airflow/.local/lib/python3.12/site-packages/airflow/example_dags/example_sensor_decorator.py
[2026-04-26T23:08:45.540+0000] {processor.py:830} INFO - Processing file /home/airflow/.local/lib/python3.12/site-packages/airflow/example_dags/example_sensor_decorator.py for tasks to queue
[2026-04-26T23:08:45.541+0000] {logging_mixin.py:188} INFO - [2026-04-26T23:08:45.541+0000] {dagbag.py:545} INFO - Filling up the DagBag from /home/airflow/.local/lib/python3.12/site-packages/airflow/example_dags/example_sensor_decorator.py
[2026-04-26T23:08:45.545+0000] {processor.py:840} INFO - DAG(s) 'example_sensor_decorator' retrieved from /home/airflow/.local/lib/python3.12/site-packages/airflow/example_dags/example_sensor_decorator.py
[2026-04-26T23:08:45.616+0000] {logging_mixin.py:188} INFO - [2026-04-26T23:08:45.616+0000] {dag.py:3096} INFO - Sync 1 DAGs
[2026-04-26T23:08:45.622+0000] {logging_mixin.py:188} INFO - [2026-04-26T23:08:45.622+0000] {dag.py:3954} INFO - Setting next_dagrun for example_sensor_decorator to None, run_after=None
[2026-04-26T23:08:45.634+0000] {processor.py:183} INFO - Processing /home/airflow/.local/lib/python3.12/site-packages/airflow/example_dags/example_sensor_decorator.py took 0.099 seconds
[2026-04-26T23:09:16.472+0000] {processor.py:161} INFO - Started process (PID=177) to work on /home/airflow/.local/lib/python3.12/site-packages/airflow/example_dags/example_sensor_decorator.py
[2026-04-26T23:09:16.472+0000] {processor.py:830} INFO - Processing file /home/airflow/.local/lib/python3.12/site-packages/airflow/example_dags/example_sensor_decorator.py for tasks to queue
[2026-04-26T23:09:16.474+0000] {logging_mixin.py:188} INFO - [2026-04-26T23:09:16.473+0000] {dagbag.py:545} INFO - Filling up the DagBag from /home/airflow/.local/lib/python3.12/site-packages/airflow/example_dags/example_sensor_decorator.py
[2026-04-26T23:09:16.478+0000] {processor.py:840} INFO - DAG(s) 'example_sensor_decorator' retrieved from /home/airflow/.local/lib/python3.12/site-packages/airflow/example_dags/example_sensor_decorator.py
[2026-04-26T23:09:16.493+0000] {logging_mixin.py:188} INFO - [2026-04-26T23:09:16.493+0000] {dag.py:3096} INFO - Sync 1 DAGs
[2026-04-26T23:09:16.503+0000] {logging_mixin.py:188} INFO - [2026-04-26T23:09:16.503+0000] {dag.py:3954} INFO - Setting next_dagrun for example_sensor_decorator to None, run_after=None
[2026-04-26T23:09:16.516+0000] {processor.py:183} INFO - Processing /home/airflow/.local/lib/python3.12/site-packages/airflow/example_dags/example_sensor_decorator.py took 0.049 seconds
[2026-04-26T23:09:47.321+0000] {processor.py:161} INFO - Started process (PID=235) to work on /home/airflow/.local/lib/python3.12/site-packages/airflow/example_dags/example_sensor_decorator.py
[2026-04-26T23:09:47.321+0000] {processor.py:830} INFO - Processing file /home/airflow/.local/lib/python3.12/site-packages/airflow/example_dags/example_sensor_decorator.py for tasks to queue
[2026-04-26T23:09:47.323+0000] {logging_mixin.py:188} INFO - [2026-04-26T23:09:47.322+0000] {dagbag.py:545} INFO - Filling up the DagBag from /home/airflow/.local/lib/python3.12/site-packages/airflow/example_dags/example_sensor_decorator.py
[2026-04-26T23:09:47.326+0000] {processor.py:840} INFO - DAG(s) 'example_sensor_decorator' retrieved from /home/airflow/.local/lib/python3.12/site-packages/airflow/example_dags/example_sensor_decorator.py
[2026-04-26T23:09:47.339+0000] {logging_mixin.py:188} INFO - [2026-04-26T23:09:47.339+0000] {dag.py:3096} INFO - Sync 1 DAGs
[2026-04-26T23:09:47.347+0000] {logging_mixin.py:188} INFO - [2026-04-26T23:09:47.347+0000] {dag.py:3954} INFO - Setting next_dagrun for example_sensor_decorator to None, run_after=None
[2026-04-26T23:09:47.358+0000] {processor.py:183} INFO - Processing /home/airflow/.local/lib/python3.12/site-packages/airflow/example_dags/example_sensor_decorator.py took 0.042 seconds
[2026-04-26T23:10:18.233+0000] {processor.py:161} INFO - Started process (PID=299) to work on /home/airflow/.local/lib/python3.12/site-packages/airflow/example_dags/example_sensor_decorator.py
[2026-04-26T23:10:18.233+0000] {processor.py:830} INFO - Processing file /home/airflow/.local/lib/python3.12/site-packages/airflow/example_dags/example_sensor_decorator.py for tasks to queue
[2026-04-26T23:10:18.235+0000] {logging_mixin.py:188} INFO - [2026-04-26T23:10:18.234+0000] {dagbag.py:545} INFO - Filling up the DagBag from /home/airflow/.local/lib/python3.12/site-packages/airflow/example_dags/example_sensor_decorator.py
[2026-04-26T23:10:18.239+0000] {processor.py:840} INFO - DAG(s) 'example_sensor_decorator' retrieved from /home/airflow/.local/lib/python3.12/site-packages/airflow/example_dags/example_sensor_decorator.py
[2026-04-26T23:10:18.253+0000] {logging_mixin.py:188} INFO - [2026-04-26T23:10:18.253+0000] {dag.py:3096} INFO - Sync 1 DAGs
[2026-04-26T23:10:18.262+0000] {logging_mixin.py:188} INFO - [2026-04-26T23:10:18.262+0000] {dag.py:3954} INFO - Setting next_dagrun for example_sensor_decorator to None, run_after=None
[2026-04-26T23:10:18.274+0000] {processor.py:183} INFO - Processing /home/airflow/.local/lib/python3.12/site-packages/airflow/example_dags/example_sensor_decorator.py took 0.046 seconds
[2026-04-26T23:10:48.371+0000] {processor.py:161} INFO - Started process (PID=357) to work on /home/airflow/.local/lib/python3.12/site-packages/airflow/example_dags/example_sensor_decorator.py
[2026-04-26T23:10:48.372+0000] {processor.py:830} INFO - Processing file /home/airflow/.local/lib/python3.12/site-packages/airflow/example_dags/example_sensor_decorator.py for tasks to queue
[2026-04-26T23:10:48.373+0000] {logging_mixin.py:188} INFO - [2026-04-26T23:10:48.373+0000] {dagbag.py:545} INFO - Filling up the DagBag from /home/airflow/.local/lib/python3.12/site-packages/airflow/example_dags/example_sensor_decorator.py
[2026-04-26T23:10:48.378+0000] {processor.py:840} INFO - DAG(s) 'example_sensor_decorator' retrieved from /home/airflow/.local/lib/python3.12/site-packages/airflow/example_dags/example_sensor_decorator.py
[2026-04-26T23:10:48.392+0000] {logging_mixin.py:188} INFO - [2026-04-26T23:10:48.391+0000] {dag.py:3096} INFO - Sync 1 DAGs
[2026-04-26T23:10:48.401+0000] {logging_mixin.py:188} INFO - [2026-04-26T23:10:48.401+0000] {dag.py:3954} INFO - Setting next_dagrun for example_sensor_decorator to None, run_after=None
[2026-04-26T23:10:48.413+0000] {processor.py:183} INFO - Processing /home/airflow/.local/lib/python3.12/site-packages/airflow/example_dags/example_sensor_decorator.py took 0.047 seconds
[2026-04-26T23:11:19.103+0000] {processor.py:161} INFO - Started process (PID=415) to work on /home/airflow/.local/lib/python3.12/site-packages/airflow/example_dags/example_sensor_decorator.py
[2026-04-26T23:11:19.104+0000] {processor.py:830} INFO - Processing file /home/airflow/.local/lib/python3.12/site-packages/airflow/example_dags/example_sensor_decorator.py for tasks to queue
[2026-04-26T23:11:19.105+0000] {logging_mixin.py:188} INFO - [2026-04-26T23:11:19.105+0000] {dagbag.py:545} INFO - Filling up the DagBag from /home/airflow/.local/lib/python3.12/site-packages/airflow/example_dags/example_sensor_decorator.py
[2026-04-26T23:11:19.109+0000] {processor.py:840} INFO - DAG(s) 'example_sensor_decorator' retrieved from /home/airflow/.local/lib/python3.12/site-packages/airflow/example_dags/example_sensor_decorator.py
[2026-04-26T23:11:19.120+0000] {logging_mixin.py:188} INFO - [2026-04-26T23:11:19.119+0000] {dag.py:3096} INFO - Sync 1 DAGs
[2026-04-26T23:11:19.126+0000] {logging_mixin.py:188} INFO - [2026-04-26T23:11:19.126+0000] {dag.py:3954} INFO - Setting next_dagrun for example_sensor_decorator to None, run_after=None
[2026-04-26T23:11:19.135+0000] {processor.py:183} INFO - Processing /home/airflow/.local/lib/python3.12/site-packages/airflow/example_dags/example_sensor_decorator.py took 0.036 seconds
[2026-04-26T23:11:49.902+0000] {processor.py:161} INFO - Started process (PID=473) to work on /home/airflow/.local/lib/python3.12/site-packages/airflow/example_dags/example_sensor_decorator.py
[2026-04-26T23:11:49.903+0000] {processor.py:830} INFO - Processing file /home/airflow/.local/lib/python3.12/site-packages/airflow/example_dags/example_sensor_decorator.py for tasks to queue
[2026-04-26T23:11:49.904+0000] {logging_mixin.py:188} INFO - [2026-04-26T23:11:49.903+0000] {dagbag.py:545} INFO - Filling up the DagBag from /home/airflow/.local/lib/python3.12/site-packages/airflow/example_dags/example_sensor_decorator.py
[2026-04-26T23:11:49.907+0000] {processor.py:840} INFO - DAG(s) 'example_sensor_decorator' retrieved from /home/airflow/.local/lib/python3.12/site-packages/airflow/example_dags/example_sensor_decorator.py
[2026-04-26T23:11:49.918+0000] {logging_mixin.py:188} INFO - [2026-04-26T23:11:49.917+0000] {dag.py:3096} INFO - Sync 1 DAGs
[2026-04-26T23:11:49.924+0000] {logging_mixin.py:188} INFO - [2026-04-26T23:11:49.924+0000] {dag.py:3954} INFO - Setting next_dagrun for example_sensor_decorator to None, run_after=None
[2026-04-26T23:11:49.933+0000] {processor.py:183} INFO - Processing /home/airflow/.local/lib/python3.12/site-packages/airflow/example_dags/example_sensor_decorator.py took 0.035 seconds
[2026-04-26T23:12:20.683+0000] {processor.py:161} INFO - Started process (PID=531) to work on /home/airflow/.local/lib/python3.12/site-packages/airflow/example_dags/example_sensor_decorator.py
[2026-04-26T23:12:20.684+0000] {processor.py:830} INFO - Processing file /home/airflow/.local/lib/python3.12/site-packages/airflow/example_dags/example_sensor_decorator.py for tasks to queue
[2026-04-26T23:12:20.685+0000] {logging_mixin.py:188} INFO - [2026-04-26T23:12:20.685+0000] {dagbag.py:545} INFO - Filling up the DagBag from /home/airflow/.local/lib/python3.12/site-packages/airflow/example_dags/example_sensor_decorator.py
[2026-04-26T23:12:20.689+0000] {processor.py:840} INFO - DAG(s) 'example_sensor_decorator' retrieved from /home/airflow/.local/lib/python3.12/site-packages/airflow/example_dags/example_sensor_decorator.py
[2026-04-26T23:12:20.701+0000] {logging_mixin.py:188} INFO - [2026-04-26T23:12:20.701+0000] {dag.py:3096} INFO - Sync 1 DAGs
[2026-04-26T23:12:20.708+0000] {logging_mixin.py:188} INFO - [2026-04-26T23:12:20.708+0000] {dag.py:3954} INFO - Setting next_dagrun for example_sensor_decorator to None, run_after=None
[2026-04-26T23:12:20.717+0000] {processor.py:183} INFO - Processing /home/airflow/.local/lib/python3.12/site-packages/airflow/example_dags/example_sensor_decorator.py took 0.037 seconds
[2026-04-26T23:12:51.473+0000] {processor.py:161} INFO - Started process (PID=589) to work on /home/airflow/.local/lib/python3.12/site-packages/airflow/example_dags/example_sensor_decorator.py
[2026-04-26T23:12:51.473+0000] {processor.py:830} INFO - Processing file /home/airflow/.local/lib/python3.12/site-packages/airflow/example_dags/example_sensor_decorator.py for tasks to queue
[2026-04-26T23:12:51.475+0000] {logging_mixin.py:188} INFO - [2026-04-26T23:12:51.474+0000] {dagbag.py:545} INFO - Filling up the DagBag from /home/airflow/.local/lib/python3.12/site-packages/airflow/example_dags/example_sensor_decorator.py
[2026-04-26T23:12:51.478+0000] {processor.py:840} INFO - DAG(s) 'example_sensor_decorator' retrieved from /home/airflow/.local/lib/python3.12/site-packages/airflow/example_dags/example_sensor_decorator.py
[2026-04-26T23:12:51.491+0000] {logging_mixin.py:188} INFO - [2026-04-26T23:12:51.491+0000] {dag.py:3096} INFO - Sync 1 DAGs
[2026-04-26T23:12:51.499+0000] {logging_mixin.py:188} INFO - [2026-04-26T23:12:51.499+0000] {dag.py:3954} INFO - Setting next_dagrun for example_sensor_decorator to None, run_after=None
[2026-04-26T23:12:51.509+0000] {processor.py:183} INFO - Processing /home/airflow/.local/lib/python3.12/site-packages/airflow/example_dags/example_sensor_decorator.py took 0.040 seconds
[2026-04-26T23:13:21.606+0000] {processor.py:161} INFO - Started process (PID=647) to work on /home/airflow/.local/lib/python3.12/site-packages/airflow/example_dags/example_sensor_decorator.py
[2026-04-26T23:13:21.607+0000] {processor.py:830} INFO - Processing file /home/airflow/.local/lib/python3.12/site-packages/airflow/example_dags/example_sensor_decorator.py for tasks to queue
[2026-04-26T23:13:21.608+0000] {logging_mixin.py:188} INFO - [2026-04-26T23:13:21.607+0000] {dagbag.py:545} INFO - Filling up the DagBag from /home/airflow/.local/lib/python3.12/site-packages/airflow/example_dags/example_sensor_decorator.py
[2026-04-26T23:13:21.611+0000] {processor.py:840} INFO - DAG(s) 'example_sensor_decorator' retrieved from /home/airflow/.local/lib/python3.12/site-packages/airflow/example_dags/example_sensor_decorator.py
[2026-04-26T23:13:21.623+0000] {logging_mixin.py:188} INFO - [2026-04-26T23:13:21.623+0000] {dag.py:3096} INFO - Sync 1 DAGs
[2026-04-26T23:13:21.630+0000] {logging_mixin.py:188} INFO - [2026-04-26T23:13:21.630+0000] {dag.py:3954} INFO - Setting next_dagrun for example_sensor_decorator to None, run_after=None
[2026-04-26T23:13:21.641+0000] {processor.py:183} INFO - Processing /home/airflow/.local/lib/python3.12/site-packages/airflow/example_dags/example_sensor_decorator.py took 0.038 seconds
[2026-04-26T23:13:51.911+0000] {processor.py:161} INFO - Started process (PID=705) to work on /home/airflow/.local/lib/python3.12/site-packages/airflow/example_dags/example_sensor_decorator.py
[2026-04-26T23:13:51.912+0000] {processor.py:830} INFO - Processing file /home/airflow/.local/lib/python3.12/site-packages/airflow/example_dags/example_sensor_decorator.py for tasks to queue
[2026-04-26T23:13:51.913+0000] {logging_mixin.py:188} INFO - [2026-04-26T23:13:51.913+0000] {dagbag.py:545} INFO - Filling up the DagBag from /home/airflow/.local/lib/python3.12/site-packages/airflow/example_dags/example_sensor_decorator.py
[2026-04-26T23:13:51.917+0000] {processor.py:840} INFO - DAG(s) 'example_sensor_decorator' retrieved from /home/airflow/.local/lib/python3.12/site-packages/airflow/example_dags/example_sensor_decorator.py
[2026-04-26T23:13:51.928+0000] {logging_mixin.py:188} INFO - [2026-04-26T23:13:51.928+0000] {dag.py:3096} INFO - Sync 1 DAGs
[2026-04-26T23:13:51.935+0000] {logging_mixin.py:188} INFO - [2026-04-26T23:13:51.935+0000] {dag.py:3954} INFO - Setting next_dagrun for example_sensor_decorator to None, run_after=None
[2026-04-26T23:13:51.944+0000] {processor.py:183} INFO - Processing /home/airflow/.local/lib/python3.12/site-packages/airflow/example_dags/example_sensor_decorator.py took 0.037 seconds
[2026-04-26T23:14:22.563+0000] {processor.py:161} INFO - Started process (PID=763) to work on /home/airflow/.local/lib/python3.12/site-packages/airflow/example_dags/example_sensor_decorator.py
[2026-04-26T23:14:22.563+0000] {processor.py:830} INFO - Processing file /home/airflow/.local/lib/python3.12/site-packages/airflow/example_dags/example_sensor_decorator.py for tasks to queue
[2026-04-26T23:14:22.564+0000] {logging_mixin.py:188} INFO - [2026-04-26T23:14:22.564+0000] {dagbag.py:545} INFO - Filling up the DagBag from /home/airflow/.local/lib/python3.12/site-packages/airflow/example_dags/example_sensor_decorator.py
[2026-04-26T23:14:22.568+0000] {processor.py:840} INFO - DAG(s) 'example_sensor_decorator' retrieved from /home/airflow/.local/lib/python3.12/site-packages/airflow/example_dags/example_sensor_decorator.py
[2026-04-26T23:14:22.578+0000] {logging_mixin.py:188} INFO - [2026-04-26T23:14:22.578+0000] {dag.py:3096} INFO - Sync 1 DAGs
[2026-04-26T23:14:22.585+0000] {logging_mixin.py:188} INFO - [2026-04-26T23:14:22.585+0000] {dag.py:3954} INFO - Setting next_dagrun for example_sensor_decorator to None, run_after=None
[2026-04-26T23:14:22.593+0000] {processor.py:183} INFO - Processing /home/airflow/.local/lib/python3.12/site-packages/airflow/example_dags/example_sensor_decorator.py took 0.034 seconds
[2026-04-26T23:14:53.325+0000] {processor.py:161} INFO - Started process (PID=821) to work on /home/airflow/.local/lib/python3.12/site-packages/airflow/example_dags/example_sensor_decorator.py
[2026-04-26T23:14:53.325+0000] {processor.py:830} INFO - Processing file /home/airflow/.local/lib/python3.12/site-packages/airflow/example_dags/example_sensor_decorator.py for tasks to queue
[2026-04-26T23:14:53.326+0000] {logging_mixin.py:188} INFO - [2026-04-26T23:14:53.326+0000] {dagbag.py:545} INFO - Filling up the DagBag from /home/airflow/.local/lib/python3.12/site-packages/airflow/example_dags/example_sensor_decorator.py
[2026-04-26T23:14:53.330+0000] {processor.py:840} INFO - DAG(s) 'example_sensor_decorator' retrieved from /home/airflow/.local/lib/python3.12/site-packages/airflow/example_dags/example_sensor_decorator.py
[2026-04-26T23:14:53.342+0000] {logging_mixin.py:188} INFO - [2026-04-26T23:14:53.342+0000] {dag.py:3096} INFO - Sync 1 DAGs
[2026-04-26T23:14:53.349+0000] {logging_mixin.py:188} INFO - [2026-04-26T23:14:53.349+0000] {dag.py:3954} INFO - Setting next_dagrun for example_sensor_decorator to None, run_after=None
[2026-04-26T23:14:53.360+0000] {processor.py:183} INFO - Processing /home/airflow/.local/lib/python3.12/site-packages/airflow/example_dags/example_sensor_decorator.py took 0.039 seconds
[2026-04-26T23:15:23.421+0000] {processor.py:161} INFO - Started process (PID=879) to work on /home/airflow/.local/lib/python3.12/site-packages/airflow/example_dags/example_sensor_decorator.py
[2026-04-26T23:15:23.422+0000] {processor.py:830} INFO - Processing file /home/airflow/.local/lib/python3.12/site-packages/airflow/example_dags/example_sensor_decorator.py for tasks to queue
[2026-04-26T23:15:23.423+0000] {logging_mixin.py:188} INFO - [2026-04-26T23:15:23.422+0000] {dagbag.py:545} INFO - Filling up the DagBag from /home/airflow/.local/lib/python3.12/site-packages/airflow/example_dags/example_sensor_decorator.py
[2026-04-26T23:15:23.426+0000] {processor.py:840} INFO - DAG(s) 'example_sensor_decorator' retrieved from /home/airflow/.local/lib/python3.12/site-packages/airflow/example_dags/example_sensor_decorator.py
[2026-04-26T23:15:23.437+0000] {logging_mixin.py:188} INFO - [2026-04-26T23:15:23.436+0000] {dag.py:3096} INFO - Sync 1 DAGs
[2026-04-26T23:15:23.443+0000] {logging_mixin.py:188} INFO - [2026-04-26T23:15:23.443+0000] {dag.py:3954} INFO - Setting next_dagrun for example_sensor_decorator to None, run_after=None
[2026-04-26T23:15:23.453+0000] {processor.py:183} INFO - Processing /home/airflow/.local/lib/python3.12/site-packages/airflow/example_dags/example_sensor_decorator.py took 0.035 seconds
[2026-04-26T23:15:53.612+0000] {processor.py:161} INFO - Started process (PID=937) to work on /home/airflow/.local/lib/python3.12/site-packages/airflow/example_dags/example_sensor_decorator.py
[2026-04-26T23:15:53.613+0000] {processor.py:830} INFO - Processing file /home/airflow/.local/lib/python3.12/site-packages/airflow/example_dags/example_sensor_decorator.py for tasks to queue
[2026-04-26T23:15:53.614+0000] {logging_mixin.py:188} INFO - [2026-04-26T23:15:53.613+0000] {dagbag.py:545} INFO - Filling up the DagBag from /home/airflow/.local/lib/python3.12/site-packages/airflow/example_dags/example_sensor_decorator.py
[2026-04-26T23:15:53.617+0000] {processor.py:840} INFO - DAG(s) 'example_sensor_decorator' retrieved from /home/airflow/.local/lib/python3.12/site-packages/airflow/example_dags/example_sensor_decorator.py
[2026-04-26T23:15:53.627+0000] {logging_mixin.py:188} INFO - [2026-04-26T23:15:53.627+0000] {dag.py:3096} INFO - Sync 1 DAGs
[2026-04-26T23:15:53.634+0000] {logging_mixin.py:188} INFO - [2026-04-26T23:15:53.634+0000] {dag.py:3954} INFO - Setting next_dagrun for example_sensor_decorator to None, run_after=None
[2026-04-26T23:15:53.643+0000] {processor.py:183} INFO - Processing /home/airflow/.local/lib/python3.12/site-packages/airflow/example_dags/example_sensor_decorator.py took 0.034 seconds
[2026-04-26T23:16:23.820+0000] {processor.py:161} INFO - Started process (PID=995) to work on /home/airflow/.local/lib/python3.12/site-packages/airflow/example_dags/example_sensor_decorator.py
[2026-04-26T23:16:23.820+0000] {processor.py:830} INFO - Processing file /home/airflow/.local/lib/python3.12/site-packages/airflow/example_dags/example_sensor_decorator.py for tasks to queue
[2026-04-26T23:16:23.821+0000] {logging_mixin.py:188} INFO - [2026-04-26T23:16:23.821+0000] {dagbag.py:545} INFO - Filling up the DagBag from /home/airflow/.local/lib/python3.12/site-packages/airflow/example_dags/example_sensor_decorator.py
[2026-04-26T23:16:23.825+0000] {processor.py:840} INFO - DAG(s) 'example_sensor_decorator' retrieved from /home/airflow/.local/lib/python3.12/site-packages/airflow/example_dags/example_sensor_decorator.py
[2026-04-26T23:16:23.836+0000] {logging_mixin.py:188} INFO - [2026-04-26T23:16:23.836+0000] {dag.py:3096} INFO - Sync 1 DAGs
[2026-04-26T23:16:23.843+0000] {logging_mixin.py:188} INFO - [2026-04-26T23:16:23.843+0000] {dag.py:3954} INFO - Setting next_dagrun for example_sensor_decorator to None, run_after=None
[2026-04-26T23:16:23.853+0000] {processor.py:183} INFO - Processing /home/airflow/.local/lib/python3.12/site-packages/airflow/example_dags/example_sensor_decorator.py took 0.036 seconds
[2026-04-26T23:16:54.058+0000] {processor.py:161} INFO - Started process (PID=1053) to work on /home/airflow/.local/lib/python3.12/site-packages/airflow/example_dags/example_sensor_decorator.py
[2026-04-26T23:16:54.059+0000] {processor.py:830} INFO - Processing file /home/airflow/.local/lib/python3.12/site-packages/airflow/example_dags/example_sensor_decorator.py for tasks to queue
[2026-04-26T23:16:54.060+0000] {logging_mixin.py:188} INFO - [2026-04-26T23:16:54.060+0000] {dagbag.py:545} INFO - Filling up the DagBag from /home/airflow/.local/lib/python3.12/site-packages/airflow/example_dags/example_sensor_decorator.py
[2026-04-26T23:16:54.065+0000] {processor.py:840} INFO - DAG(s) 'example_sensor_decorator' retrieved from /home/airflow/.local/lib/python3.12/site-packages/airflow/example_dags/example_sensor_decorator.py
[2026-04-26T23:16:54.077+0000] {logging_mixin.py:188} INFO - [2026-04-26T23:16:54.077+0000] {dag.py:3096} INFO - Sync 1 DAGs
[2026-04-26T23:16:54.085+0000] {logging_mixin.py:188} INFO - [2026-04-26T23:16:54.085+0000] {dag.py:3954} INFO - Setting next_dagrun for example_sensor_decorator to None, run_after=None
[2026-04-26T23:16:54.095+0000] {processor.py:183} INFO - Processing /home/airflow/.local/lib/python3.12/site-packages/airflow/example_dags/example_sensor_decorator.py took 0.041 seconds
[2026-04-26T23:17:24.353+0000] {processor.py:161} INFO - Started process (PID=1111) to work on /home/airflow/.local/lib/python3.12/site-packages/airflow/example_dags/example_sensor_decorator.py
[2026-04-26T23:17:24.354+0000] {processor.py:830} INFO - Processing file /home/airflow/.local/lib/python3.12/site-packages/airflow/example_dags/example_sensor_decorator.py for tasks to queue
[2026-04-26T23:17:24.355+0000] {logging_mixin.py:188} INFO - [2026-04-26T23:17:24.355+0000] {dagbag.py:545} INFO - Filling up the DagBag from /home/airflow/.local/lib/python3.12/site-packages/airflow/example_dags/example_sensor_decorator.py
[2026-04-26T23:17:24.359+0000] {processor.py:840} INFO - DAG(s) 'example_sensor_decorator' retrieved from /home/airflow/.local/lib/python3.12/site-packages/airflow/example_dags/example_sensor_decorator.py
[2026-04-26T23:17:24.372+0000] {logging_mixin.py:188} INFO - [2026-04-26T23:17:24.372+0000] {dag.py:3096} INFO - Sync 1 DAGs
[2026-04-26T23:17:24.381+0000] {logging_mixin.py:188} INFO - [2026-04-26T23:17:24.381+0000] {dag.py:3954} INFO - Setting next_dagrun for example_sensor_decorator to None, run_after=None
[2026-04-26T23:17:24.394+0000] {processor.py:183} INFO - Processing /home/airflow/.local/lib/python3.12/site-packages/airflow/example_dags/example_sensor_decorator.py took 0.046 seconds
[2026-04-26T23:17:54.657+0000] {processor.py:161} INFO - Started process (PID=1169) to work on /home/airflow/.local/lib/python3.12/site-packages/airflow/example_dags/example_sensor_decorator.py
[2026-04-26T23:17:54.658+0000] {processor.py:830} INFO - Processing file /home/airflow/.local/lib/python3.12/site-packages/airflow/example_dags/example_sensor_decorator.py for tasks to queue
[2026-04-26T23:17:54.659+0000] {logging_mixin.py:188} INFO - [2026-04-26T23:17:54.659+0000] {dagbag.py:545} INFO - Filling up the DagBag from /home/airflow/.local/lib/python3.12/site-packages/airflow/example_dags/example_sensor_decorator.py
[2026-04-26T23:17:54.662+0000] {processor.py:840} INFO - DAG(s) 'example_sensor_decorator' retrieved from /home/airflow/.local/lib/python3.12/site-packages/airflow/example_dags/example_sensor_decorator.py
[2026-04-26T23:17:54.673+0000] {logging_mixin.py:188} INFO - [2026-04-26T23:17:54.673+0000] {dag.py:3096} INFO - Sync 1 DAGs
[2026-04-26T23:17:54.679+0000] {logging_mixin.py:188} INFO - [2026-04-26T23:17:54.679+0000] {dag.py:3954} INFO - Setting next_dagrun for example_sensor_decorator to None, run_after=None
[2026-04-26T23:17:54.688+0000] {processor.py:183} INFO - Processing /home/airflow/.local/lib/python3.12/site-packages/airflow/example_dags/example_sensor_decorator.py took 0.035 seconds
[2026-04-26T23:18:25.737+0000] {processor.py:161} INFO - Started process (PID=1228) to work on /home/airflow/.local/lib/python3.12/site-packages/airflow/example_dags/example_sensor_decorator.py
[2026-04-26T23:18:25.737+0000] {processor.py:830} INFO - Processing file /home/airflow/.local/lib/python3.12/site-packages/airflow/example_dags/example_sensor_decorator.py for tasks to queue
[2026-04-26T23:18:25.738+0000] {logging_mixin.py:188} INFO - [2026-04-26T23:18:25.738+0000] {dagbag.py:545} INFO - Filling up the DagBag from /home/airflow/.local/lib/python3.12/site-packages/airflow/example_dags/example_sensor_decorator.py
[2026-04-26T23:18:25.743+0000] {processor.py:840} INFO - DAG(s) 'example_sensor_decorator' retrieved from /home/airflow/.local/lib/python3.12/site-packages/airflow/example_dags/example_sensor_decorator.py
[2026-04-26T23:18:25.756+0000] {logging_mixin.py:188} INFO - [2026-04-26T23:18:25.756+0000] {dag.py:3096} INFO - Sync 1 DAGs
[2026-04-26T23:18:25.765+0000] {logging_mixin.py:188} INFO - [2026-04-26T23:18:25.765+0000] {dag.py:3954} INFO - Setting next_dagrun for example_sensor_decorator to None, run_after=None
[2026-04-26T23:18:25.776+0000] {processor.py:183} INFO - Processing /home/airflow/.local/lib/python3.12/site-packages/airflow/example_dags/example_sensor_decorator.py took 0.044 seconds
[2026-04-26T23:18:56.196+0000] {processor.py:161} INFO - Started process (PID=1287) to work on /home/airflow/.local/lib/python3.12/site-packages/airflow/example_dags/example_sensor_decorator.py
[2026-04-26T23:18:56.197+0000] {processor.py:830} INFO - Processing file /home/airflow/.local/lib/python3.12/site-packages/airflow/example_dags/example_sensor_decorator.py for tasks to queue
[2026-04-26T23:18:56.198+0000] {logging_mixin.py:188} INFO - [2026-04-26T23:18:56.198+0000] {dagbag.py:545} INFO - Filling up the DagBag from /home/airflow/.local/lib/python3.12/site-packages/airflow/example_dags/example_sensor_decorator.py
[2026-04-26T23:18:56.203+0000] {processor.py:840} INFO - DAG(s) 'example_sensor_decorator' retrieved from /home/airflow/.local/lib/python3.12/site-packages/airflow/example_dags/example_sensor_decorator.py
[2026-04-26T23:18:56.216+0000] {logging_mixin.py:188} INFO - [2026-04-26T23:18:56.216+0000] {dag.py:3096} INFO - Sync 1 DAGs
[2026-04-26T23:18:56.225+0000] {logging_mixin.py:188} INFO - [2026-04-26T23:18:56.224+0000] {dag.py:3954} INFO - Setting next_dagrun for example_sensor_decorator to None, run_after=None
[2026-04-26T23:18:56.236+0000] {processor.py:183} INFO - Processing /home/airflow/.local/lib/python3.12/site-packages/airflow/example_dags/example_sensor_decorator.py took 0.044 seconds
[2026-04-26T23:19:26.438+0000] {processor.py:161} INFO - Started process (PID=1346) to work on /home/airflow/.local/lib/python3.12/site-packages/airflow/example_dags/example_sensor_decorator.py
[2026-04-26T23:19:26.439+0000] {processor.py:830} INFO - Processing file /home/airflow/.local/lib/python3.12/site-packages/airflow/example_dags/example_sensor_decorator.py for tasks to queue
[2026-04-26T23:19:26.440+0000] {logging_mixin.py:188} INFO - [2026-04-26T23:19:26.440+0000] {dagbag.py:545} INFO - Filling up the DagBag from /home/airflow/.local/lib/python3.12/site-packages/airflow/example_dags/example_sensor_decorator.py
[2026-04-26T23:19:26.445+0000] {processor.py:840} INFO - DAG(s) 'example_sensor_decorator' retrieved from /home/airflow/.local/lib/python3.12/site-packages/airflow/example_dags/example_sensor_decorator.py
[2026-04-26T23:19:26.459+0000] {logging_mixin.py:188} INFO - [2026-04-26T23:19:26.458+0000] {dag.py:3096} INFO - Sync 1 DAGs
[2026-04-26T23:19:26.468+0000] {logging_mixin.py:188} INFO - [2026-04-26T23:19:26.467+0000] {dag.py:3954} INFO - Setting next_dagrun for example_sensor_decorator to None, run_after=None
[2026-04-26T23:19:26.480+0000] {processor.py:183} INFO - Processing /home/airflow/.local/lib/python3.12/site-packages/airflow/example_dags/example_sensor_decorator.py took 0.047 seconds
[2026-04-26T23:19:56.811+0000] {processor.py:161} INFO - Started process (PID=1405) to work on /home/airflow/.local/lib/python3.12/site-packages/airflow/example_dags/example_sensor_decorator.py
[2026-04-26T23:19:56.812+0000] {processor.py:830} INFO - Processing file /home/airflow/.local/lib/python3.12/site-packages/airflow/example_dags/example_sensor_decorator.py for tasks to queue
[2026-04-26T23:19:56.813+0000] {logging_mixin.py:188} INFO - [2026-04-26T23:19:56.813+0000] {dagbag.py:545} INFO - Filling up the DagBag from /home/airflow/.local/lib/python3.12/site-packages/airflow/example_dags/example_sensor_decorator.py
[2026-04-26T23:19:56.817+0000] {processor.py:840} INFO - DAG(s) 'example_sensor_decorator' retrieved from /home/airflow/.local/lib/python3.12/site-packages/airflow/example_dags/example_sensor_decorator.py
[2026-04-26T23:19:56.828+0000] {logging_mixin.py:188} INFO - [2026-04-26T23:19:56.828+0000] {dag.py:3096} INFO - Sync 1 DAGs
[2026-04-26T23:19:56.835+0000] {logging_mixin.py:188} INFO - [2026-04-26T23:19:56.835+0000] {dag.py:3954} INFO - Setting next_dagrun for example_sensor_decorator to None, run_after=None
[2026-04-26T23:19:56.844+0000] {processor.py:183} INFO - Processing /home/airflow/.local/lib/python3.12/site-packages/airflow/example_dags/example_sensor_decorator.py took 0.037 seconds
[2026-04-26T23:20:27.044+0000] {processor.py:161} INFO - Started process (PID=1464) to work on /home/airflow/.local/lib/python3.12/site-packages/airflow/example_dags/example_sensor_decorator.py
[2026-04-26T23:20:27.045+0000] {processor.py:830} INFO - Processing file /home/airflow/.local/lib/python3.12/site-packages/airflow/example_dags/example_sensor_decorator.py for tasks to queue
[2026-04-26T23:20:27.046+0000] {logging_mixin.py:188} INFO - [2026-04-26T23:20:27.046+0000] {dagbag.py:545} INFO - Filling up the DagBag from /home/airflow/.local/lib/python3.12/site-packages/airflow/example_dags/example_sensor_decorator.py
[2026-04-26T23:20:27.050+0000] {processor.py:840} INFO - DAG(s) 'example_sensor_decorator' retrieved from /home/airflow/.local/lib/python3.12/site-packages/airflow/example_dags/example_sensor_decorator.py
[2026-04-26T23:20:27.064+0000] {logging_mixin.py:188} INFO - [2026-04-26T23:20:27.064+0000] {dag.py:3096} INFO - Sync 1 DAGs
[2026-04-26T23:20:27.073+0000] {logging_mixin.py:188} INFO - [2026-04-26T23:20:27.073+0000] {dag.py:3954} INFO - Setting next_dagrun for example_sensor_decorator to None, run_after=None
[2026-04-26T23:20:27.083+0000] {processor.py:183} INFO - Processing /home/airflow/.local/lib/python3.12/site-packages/airflow/example_dags/example_sensor_decorator.py took 0.044 seconds
[2026-04-26T23:20:57.210+0000] {processor.py:161} INFO - Started process (PID=1523) to work on /home/airflow/.local/lib/python3.12/site-packages/airflow/example_dags/example_sensor_decorator.py
[2026-04-26T23:20:57.211+0000] {processor.py:830} INFO - Processing file /home/airflow/.local/lib/python3.12/site-packages/airflow/example_dags/example_sensor_decorator.py for tasks to queue
[2026-04-26T23:20:57.212+0000] {logging_mixin.py:188} INFO - [2026-04-26T23:20:57.212+0000] {dagbag.py:545} INFO - Filling up the DagBag from /home/airflow/.local/lib/python3.12/site-packages/airflow/example_dags/example_sensor_decorator.py
[2026-04-26T23:20:57.217+0000] {processor.py:840} INFO - DAG(s) 'example_sensor_decorator' retrieved from /home/airflow/.local/lib/python3.12/site-packages/airflow/example_dags/example_sensor_decorator.py
[2026-04-26T23:20:57.230+0000] {logging_mixin.py:188} INFO - [2026-04-26T23:20:57.230+0000] {dag.py:3096} INFO - Sync 1 DAGs
[2026-04-26T23:20:57.240+0000] {logging_mixin.py:188} INFO - [2026-04-26T23:20:57.240+0000] {dag.py:3954} INFO - Setting next_dagrun for example_sensor_decorator to None, run_after=None
[2026-04-26T23:20:57.251+0000] {processor.py:183} INFO - Processing /home/airflow/.local/lib/python3.12/site-packages/airflow/example_dags/example_sensor_decorator.py took 0.046 seconds
[2026-04-26T23:21:27.513+0000] {processor.py:161} INFO - Started process (PID=1582) to work on /home/airflow/.local/lib/python3.12/site-packages/airflow/example_dags/example_sensor_decorator.py
[2026-04-26T23:21:27.513+0000] {processor.py:830} INFO - Processing file /home/airflow/.local/lib/python3.12/site-packages/airflow/example_dags/example_sensor_decorator.py for tasks to queue
[2026-04-26T23:21:27.514+0000] {logging_mixin.py:188} INFO - [2026-04-26T23:21:27.514+0000] {dagbag.py:545} INFO - Filling up the DagBag from /home/airflow/.local/lib/python3.12/site-packages/airflow/example_dags/example_sensor_decorator.py
[2026-04-26T23:21:27.518+0000] {processor.py:840} INFO - DAG(s) 'example_sensor_decorator' retrieved from /home/airflow/.local/lib/python3.12/site-packages/airflow/example_dags/example_sensor_decorator.py
[2026-04-26T23:21:27.529+0000] {logging_mixin.py:188} INFO - [2026-04-26T23:21:27.529+0000] {dag.py:3096} INFO - Sync 1 DAGs
[2026-04-26T23:21:27.535+0000] {logging_mixin.py:188} INFO - [2026-04-26T23:21:27.535+0000] {dag.py:3954} INFO - Setting next_dagrun for example_sensor_decorator to None, run_after=None
[2026-04-26T23:21:27.545+0000] {processor.py:183} INFO - Processing /home/airflow/.local/lib/python3.12/site-packages/airflow/example_dags/example_sensor_decorator.py took 0.036 seconds
[2026-04-26T23:21:58.514+0000] {processor.py:161} INFO - Started process (PID=1642) to work on /home/airflow/.local/lib/python3.12/site-packages/airflow/example_dags/example_sensor_decorator.py
[2026-04-26T23:21:58.514+0000] {processor.py:830} INFO - Processing file /home/airflow/.local/lib/python3.12/site-packages/airflow/example_dags/example_sensor_decorator.py for tasks to queue
[2026-04-26T23:21:58.515+0000] {logging_mixin.py:188} INFO - [2026-04-26T23:21:58.515+0000] {dagbag.py:545} INFO - Filling up the DagBag from /home/airflow/.local/lib/python3.12/site-packages/airflow/example_dags/example_sensor_decorator.py
[2026-04-26T23:21:58.519+0000] {processor.py:840} INFO - DAG(s) 'example_sensor_decorator' retrieved from /home/airflow/.local/lib/python3.12/site-packages/airflow/example_dags/example_sensor_decorator.py
[2026-04-26T23:21:58.530+0000] {logging_mixin.py:188} INFO - [2026-04-26T23:21:58.530+0000] {dag.py:3096} INFO - Sync 1 DAGs
[2026-04-26T23:21:58.537+0000] {logging_mixin.py:188} INFO - [2026-04-26T23:21:58.537+0000] {dag.py:3954} INFO - Setting next_dagrun for example_sensor_decorator to None, run_after=None
[2026-04-26T23:21:58.546+0000] {processor.py:183} INFO - Processing /home/airflow/.local/lib/python3.12/site-packages/airflow/example_dags/example_sensor_decorator.py took 0.037 seconds
[2026-04-26T23:22:28.884+0000] {processor.py:161} INFO - Started process (PID=1701) to work on /home/airflow/.local/lib/python3.12/site-packages/airflow/example_dags/example_sensor_decorator.py
[2026-04-26T23:22:28.885+0000] {processor.py:830} INFO - Processing file /home/airflow/.local/lib/python3.12/site-packages/airflow/example_dags/example_sensor_decorator.py for tasks to queue
[2026-04-26T23:22:28.886+0000] {logging_mixin.py:188} INFO - [2026-04-26T23:22:28.886+0000] {dagbag.py:545} INFO - Filling up the DagBag from /home/airflow/.local/lib/python3.12/site-packages/airflow/example_dags/example_sensor_decorator.py
[2026-04-26T23:22:28.891+0000] {processor.py:840} INFO - DAG(s) 'example_sensor_decorator' retrieved from /home/airflow/.local/lib/python3.12/site-packages/airflow/example_dags/example_sensor_decorator.py
[2026-04-26T23:22:28.904+0000] {logging_mixin.py:188} INFO - [2026-04-26T23:22:28.904+0000] {dag.py:3096} INFO - Sync 1 DAGs
[2026-04-26T23:22:28.912+0000] {logging_mixin.py:188} INFO - [2026-04-26T23:22:28.912+0000] {dag.py:3954} INFO - Setting next_dagrun for example_sensor_decorator to None, run_after=None
[2026-04-26T23:22:28.923+0000] {processor.py:183} INFO - Processing /home/airflow/.local/lib/python3.12/site-packages/airflow/example_dags/example_sensor_decorator.py took 0.043 seconds
[2026-04-26T23:22:59.132+0000] {processor.py:161} INFO - Started process (PID=1761) to work on /home/airflow/.local/lib/python3.12/site-packages/airflow/example_dags/example_sensor_decorator.py
[2026-04-26T23:22:59.132+0000] {processor.py:830} INFO - Processing file /home/airflow/.local/lib/python3.12/site-packages/airflow/example_dags/example_sensor_decorator.py for tasks to queue
[2026-04-26T23:22:59.133+0000] {logging_mixin.py:188} INFO - [2026-04-26T23:22:59.133+0000] {dagbag.py:545} INFO - Filling up the DagBag from /home/airflow/.local/lib/python3.12/site-packages/airflow/example_dags/example_sensor_decorator.py
[2026-04-26T23:22:59.137+0000] {processor.py:840} INFO - DAG(s) 'example_sensor_decorator' retrieved from /home/airflow/.local/lib/python3.12/site-packages/airflow/example_dags/example_sensor_decorator.py
[2026-04-26T23:22:59.149+0000] {logging_mixin.py:188} INFO - [2026-04-26T23:22:59.149+0000] {dag.py:3096} INFO - Sync 1 DAGs
[2026-04-26T23:22:59.157+0000] {logging_mixin.py:188} INFO - [2026-04-26T23:22:59.157+0000] {dag.py:3954} INFO - Setting next_dagrun for example_sensor_decorator to None, run_after=None
[2026-04-26T23:22:59.167+0000] {processor.py:183} INFO - Processing /home/airflow/.local/lib/python3.12/site-packages/airflow/example_dags/example_sensor_decorator.py took 0.039 seconds
[2026-04-26T23:23:29.920+0000] {processor.py:161} INFO - Started process (PID=1820) to work on /home/airflow/.local/lib/python3.12/site-packages/airflow/example_dags/example_sensor_decorator.py
[2026-04-26T23:23:29.921+0000] {processor.py:830} INFO - Processing file /home/airflow/.local/lib/python3.12/site-packages/airflow/example_dags/example_sensor_decorator.py for tasks to queue
[2026-04-26T23:23:29.922+0000] {logging_mixin.py:188} INFO - [2026-04-26T23:23:29.922+0000] {dagbag.py:545} INFO - Filling up the DagBag from /home/airflow/.local/lib/python3.12/site-packages/airflow/example_dags/example_sensor_decorator.py
[2026-04-26T23:23:29.927+0000] {processor.py:840} INFO - DAG(s) 'example_sensor_decorator' retrieved from /home/airflow/.local/lib/python3.12/site-packages/airflow/example_dags/example_sensor_decorator.py
[2026-04-26T23:23:29.941+0000] {logging_mixin.py:188} INFO - [2026-04-26T23:23:29.940+0000] {dag.py:3096} INFO - Sync 1 DAGs
[2026-04-26T23:23:29.949+0000] {logging_mixin.py:188} INFO - [2026-04-26T23:23:29.949+0000] {dag.py:3954} INFO - Setting next_dagrun for example_sensor_decorator to None, run_after=None
[2026-04-26T23:23:29.961+0000] {processor.py:183} INFO - Processing /home/airflow/.local/lib/python3.12/site-packages/airflow/example_dags/example_sensor_decorator.py took 0.046 seconds
[2026-04-26T23:24:00.885+0000] {processor.py:161} INFO - Started process (PID=1879) to work on /home/airflow/.local/lib/python3.12/site-packages/airflow/example_dags/example_sensor_decorator.py
[2026-04-26T23:24:00.886+0000] {processor.py:830} INFO - Processing file /home/airflow/.local/lib/python3.12/site-packages/airflow/example_dags/example_sensor_decorator.py for tasks to queue
[2026-04-26T23:24:00.887+0000] {logging_mixin.py:188} INFO - [2026-04-26T23:24:00.887+0000] {dagbag.py:545} INFO - Filling up the DagBag from /home/airflow/.local/lib/python3.12/site-packages/airflow/example_dags/example_sensor_decorator.py
[2026-04-26T23:24:00.890+0000] {processor.py:840} INFO - DAG(s) 'example_sensor_decorator' retrieved from /home/airflow/.local/lib/python3.12/site-packages/airflow/example_dags/example_sensor_decorator.py
[2026-04-26T23:24:00.903+0000] {logging_mixin.py:188} INFO - [2026-04-26T23:24:00.903+0000] {dag.py:3096} INFO - Sync 1 DAGs
[2026-04-26T23:24:01.013+0000] {logging_mixin.py:188} INFO - [2026-04-26T23:24:01.013+0000] {dag.py:3954} INFO - Setting next_dagrun for example_sensor_decorator to None, run_after=None
[2026-04-26T23:24:01.029+0000] {processor.py:183} INFO - Processing /home/airflow/.local/lib/python3.12/site-packages/airflow/example_dags/example_sensor_decorator.py took 0.148 seconds
[2026-04-26T23:24:32.000+0000] {processor.py:161} INFO - Started process (PID=1939) to work on /home/airflow/.local/lib/python3.12/site-packages/airflow/example_dags/example_sensor_decorator.py
[2026-04-26T23:24:32.001+0000] {processor.py:830} INFO - Processing file /home/airflow/.local/lib/python3.12/site-packages/airflow/example_dags/example_sensor_decorator.py for tasks to queue
[2026-04-26T23:24:32.002+0000] {logging_mixin.py:188} INFO - [2026-04-26T23:24:32.001+0000] {dagbag.py:545} INFO - Filling up the DagBag from /home/airflow/.local/lib/python3.12/site-packages/airflow/example_dags/example_sensor_decorator.py
[2026-04-26T23:24:32.005+0000] {processor.py:840} INFO - DAG(s) 'example_sensor_decorator' retrieved from /home/airflow/.local/lib/python3.12/site-packages/airflow/example_dags/example_sensor_decorator.py
[2026-04-26T23:24:32.015+0000] {logging_mixin.py:188} INFO - [2026-04-26T23:24:32.015+0000] {dag.py:3096} INFO - Sync 1 DAGs
[2026-04-26T23:24:32.022+0000] {logging_mixin.py:188} INFO - [2026-04-26T23:24:32.022+0000] {dag.py:3954} INFO - Setting next_dagrun for example_sensor_decorator to None, run_after=None
[2026-04-26T23:24:32.031+0000] {processor.py:183} INFO - Processing /home/airflow/.local/lib/python3.12/site-packages/airflow/example_dags/example_sensor_decorator.py took 0.035 seconds
[2026-04-26T23:25:02.632+0000] {processor.py:161} INFO - Started process (PID=1999) to work on /home/airflow/.local/lib/python3.12/site-packages/airflow/example_dags/example_sensor_decorator.py
[2026-04-26T23:25:02.633+0000] {processor.py:830} INFO - Processing file /home/airflow/.local/lib/python3.12/site-packages/airflow/example_dags/example_sensor_decorator.py for tasks to queue
[2026-04-26T23:25:02.634+0000] {logging_mixin.py:188} INFO - [2026-04-26T23:25:02.633+0000] {dagbag.py:545} INFO - Filling up the DagBag from /home/airflow/.local/lib/python3.12/site-packages/airflow/example_dags/example_sensor_decorator.py
[2026-04-26T23:25:02.637+0000] {processor.py:840} INFO - DAG(s) 'example_sensor_decorator' retrieved from /home/airflow/.local/lib/python3.12/site-packages/airflow/example_dags/example_sensor_decorator.py
[2026-04-26T23:25:02.649+0000] {logging_mixin.py:188} INFO - [2026-04-26T23:25:02.648+0000] {dag.py:3096} INFO - Sync 1 DAGs
[2026-04-26T23:25:02.656+0000] {logging_mixin.py:188} INFO - [2026-04-26T23:25:02.656+0000] {dag.py:3954} INFO - Setting next_dagrun for example_sensor_decorator to None, run_after=None
[2026-04-26T23:25:02.667+0000] {processor.py:183} INFO - Processing /home/airflow/.local/lib/python3.12/site-packages/airflow/example_dags/example_sensor_decorator.py took 0.038 seconds
[2026-04-26T23:25:33.409+0000] {processor.py:161} INFO - Started process (PID=2058) to work on /home/airflow/.local/lib/python3.12/site-packages/airflow/example_dags/example_sensor_decorator.py
[2026-04-26T23:25:33.410+0000] {processor.py:830} INFO - Processing file /home/airflow/.local/lib/python3.12/site-packages/airflow/example_dags/example_sensor_decorator.py for tasks to queue
[2026-04-26T23:25:33.412+0000] {logging_mixin.py:188} INFO - [2026-04-26T23:25:33.411+0000] {dagbag.py:545} INFO - Filling up the DagBag from /home/airflow/.local/lib/python3.12/site-packages/airflow/example_dags/example_sensor_decorator.py
[2026-04-26T23:25:33.416+0000] {processor.py:840} INFO - DAG(s) 'example_sensor_decorator' retrieved from /home/airflow/.local/lib/python3.12/site-packages/airflow/example_dags/example_sensor_decorator.py
[2026-04-26T23:25:33.430+0000] {logging_mixin.py:188} INFO - [2026-04-26T23:25:33.430+0000] {dag.py:3096} INFO - Sync 1 DAGs
[2026-04-26T23:25:33.439+0000] {logging_mixin.py:188} INFO - [2026-04-26T23:25:33.439+0000] {dag.py:3954} INFO - Setting next_dagrun for example_sensor_decorator to None, run_after=None
[2026-04-26T23:25:33.451+0000] {processor.py:183} INFO - Processing /home/airflow/.local/lib/python3.12/site-packages/airflow/example_dags/example_sensor_decorator.py took 0.047 seconds
[2026-04-26T23:26:04.195+0000] {processor.py:161} INFO - Started process (PID=2117) to work on /home/airflow/.local/lib/python3.12/site-packages/airflow/example_dags/example_sensor_decorator.py
[2026-04-26T23:26:04.196+0000] {processor.py:830} INFO - Processing file /home/airflow/.local/lib/python3.12/site-packages/airflow/example_dags/example_sensor_decorator.py for tasks to queue
[2026-04-26T23:26:04.197+0000] {logging_mixin.py:188} INFO - [2026-04-26T23:26:04.197+0000] {dagbag.py:545} INFO - Filling up the DagBag from /home/airflow/.local/lib/python3.12/site-packages/airflow/example_dags/example_sensor_decorator.py
[2026-04-26T23:26:04.201+0000] {processor.py:840} INFO - DAG(s) 'example_sensor_decorator' retrieved from /home/airflow/.local/lib/python3.12/site-packages/airflow/example_dags/example_sensor_decorator.py
[2026-04-26T23:26:04.214+0000] {logging_mixin.py:188} INFO - [2026-04-26T23:26:04.213+0000] {dag.py:3096} INFO - Sync 1 DAGs
[2026-04-26T23:26:04.221+0000] {logging_mixin.py:188} INFO - [2026-04-26T23:26:04.221+0000] {dag.py:3954} INFO - Setting next_dagrun for example_sensor_decorator to None, run_after=None
[2026-04-26T23:26:04.232+0000] {processor.py:183} INFO - Processing /home/airflow/.local/lib/python3.12/site-packages/airflow/example_dags/example_sensor_decorator.py took 0.041 seconds
[2026-04-26T23:26:34.921+0000] {processor.py:161} INFO - Started process (PID=2176) to work on /home/airflow/.local/lib/python3.12/site-packages/airflow/example_dags/example_sensor_decorator.py
[2026-04-26T23:26:34.922+0000] {processor.py:830} INFO - Processing file /home/airflow/.local/lib/python3.12/site-packages/airflow/example_dags/example_sensor_decorator.py for tasks to queue
[2026-04-26T23:26:34.923+0000] {logging_mixin.py:188} INFO - [2026-04-26T23:26:34.923+0000] {dagbag.py:545} INFO - Filling up the DagBag from /home/airflow/.local/lib/python3.12/site-packages/airflow/example_dags/example_sensor_decorator.py
[2026-04-26T23:26:34.927+0000] {processor.py:840} INFO - DAG(s) 'example_sensor_decorator' retrieved from /home/airflow/.local/lib/python3.12/site-packages/airflow/example_dags/example_sensor_decorator.py
[2026-04-26T23:26:34.938+0000] {logging_mixin.py:188} INFO - [2026-04-26T23:26:34.938+0000] {dag.py:3096} INFO - Sync 1 DAGs
[2026-04-26T23:26:34.945+0000] {logging_mixin.py:188} INFO - [2026-04-26T23:26:34.945+0000] {dag.py:3954} INFO - Setting next_dagrun for example_sensor_decorator to None, run_after=None
[2026-04-26T23:26:34.955+0000] {processor.py:183} INFO - Processing /home/airflow/.local/lib/python3.12/site-packages/airflow/example_dags/example_sensor_decorator.py took 0.038 seconds
[2026-04-26T23:27:05.732+0000] {processor.py:161} INFO - Started process (PID=2235) to work on /home/airflow/.local/lib/python3.12/site-packages/airflow/example_dags/example_sensor_decorator.py
[2026-04-26T23:27:05.734+0000] {processor.py:830} INFO - Processing file /home/airflow/.local/lib/python3.12/site-packages/airflow/example_dags/example_sensor_decorator.py for tasks to queue
[2026-04-26T23:27:05.735+0000] {logging_mixin.py:188} INFO - [2026-04-26T23:27:05.735+0000] {dagbag.py:545} INFO - Filling up the DagBag from /home/airflow/.local/lib/python3.12/site-packages/airflow/example_dags/example_sensor_decorator.py
[2026-04-26T23:27:05.739+0000] {processor.py:840} INFO - DAG(s) 'example_sensor_decorator' retrieved from /home/airflow/.local/lib/python3.12/site-packages/airflow/example_dags/example_sensor_decorator.py
[2026-04-26T23:27:05.751+0000] {logging_mixin.py:188} INFO - [2026-04-26T23:27:05.750+0000] {dag.py:3096} INFO - Sync 1 DAGs
[2026-04-26T23:27:05.758+0000] {logging_mixin.py:188} INFO - [2026-04-26T23:27:05.758+0000] {dag.py:3954} INFO - Setting next_dagrun for example_sensor_decorator to None, run_after=None
[2026-04-26T23:27:05.767+0000] {processor.py:183} INFO - Processing /home/airflow/.local/lib/python3.12/site-packages/airflow/example_dags/example_sensor_decorator.py took 0.038 seconds
[2026-04-26T23:27:36.445+0000] {processor.py:161} INFO - Started process (PID=2294) to work on /home/airflow/.local/lib/python3.12/site-packages/airflow/example_dags/example_sensor_decorator.py
[2026-04-26T23:27:36.446+0000] {processor.py:830} INFO - Processing file /home/airflow/.local/lib/python3.12/site-packages/airflow/example_dags/example_sensor_decorator.py for tasks to queue
[2026-04-26T23:27:36.447+0000] {logging_mixin.py:188} INFO - [2026-04-26T23:27:36.447+0000] {dagbag.py:545} INFO - Filling up the DagBag from /home/airflow/.local/lib/python3.12/site-packages/airflow/example_dags/example_sensor_decorator.py
[2026-04-26T23:27:36.450+0000] {processor.py:840} INFO - DAG(s) 'example_sensor_decorator' retrieved from /home/airflow/.local/lib/python3.12/site-packages/airflow/example_dags/example_sensor_decorator.py
[2026-04-26T23:27:36.462+0000] {logging_mixin.py:188} INFO - [2026-04-26T23:27:36.462+0000] {dag.py:3096} INFO - Sync 1 DAGs
[2026-04-26T23:27:36.469+0000] {logging_mixin.py:188} INFO - [2026-04-26T23:27:36.469+0000] {dag.py:3954} INFO - Setting next_dagrun for example_sensor_decorator to None, run_after=None
[2026-04-26T23:27:36.479+0000] {processor.py:183} INFO - Processing /home/airflow/.local/lib/python3.12/site-packages/airflow/example_dags/example_sensor_decorator.py took 0.038 seconds
[2026-04-26T23:28:07.188+0000] {processor.py:161} INFO - Started process (PID=2353) to work on /home/airflow/.local/lib/python3.12/site-packages/airflow/example_dags/example_sensor_decorator.py
[2026-04-26T23:28:07.188+0000] {processor.py:830} INFO - Processing file /home/airflow/.local/lib/python3.12/site-packages/airflow/example_dags/example_sensor_decorator.py for tasks to queue
[2026-04-26T23:28:07.190+0000] {logging_mixin.py:188} INFO - [2026-04-26T23:28:07.189+0000] {dagbag.py:545} INFO - Filling up the DagBag from /home/airflow/.local/lib/python3.12/site-packages/airflow/example_dags/example_sensor_decorator.py
[2026-04-26T23:28:07.193+0000] {processor.py:840} INFO - DAG(s) 'example_sensor_decorator' retrieved from /home/airflow/.local/lib/python3.12/site-packages/airflow/example_dags/example_sensor_decorator.py
[2026-04-26T23:28:07.205+0000] {logging_mixin.py:188} INFO - [2026-04-26T23:28:07.205+0000] {dag.py:3096} INFO - Sync 1 DAGs
[2026-04-26T23:28:07.212+0000] {logging_mixin.py:188} INFO - [2026-04-26T23:28:07.212+0000] {dag.py:3954} INFO - Setting next_dagrun for example_sensor_decorator to None, run_after=None
[2026-04-26T23:28:07.221+0000] {processor.py:183} INFO - Processing /home/airflow/.local/lib/python3.12/site-packages/airflow/example_dags/example_sensor_decorator.py took 0.038 seconds
[2026-04-26T23:28:37.923+0000] {processor.py:161} INFO - Started process (PID=2412) to work on /home/airflow/.local/lib/python3.12/site-packages/airflow/example_dags/example_sensor_decorator.py
[2026-04-26T23:28:37.924+0000] {processor.py:830} INFO - Processing file /home/airflow/.local/lib/python3.12/site-packages/airflow/example_dags/example_sensor_decorator.py for tasks to queue
[2026-04-26T23:28:37.925+0000] {logging_mixin.py:188} INFO - [2026-04-26T23:28:37.925+0000] {dagbag.py:545} INFO - Filling up the DagBag from /home/airflow/.local/lib/python3.12/site-packages/airflow/example_dags/example_sensor_decorator.py
[2026-04-26T23:28:37.930+0000] {processor.py:840} INFO - DAG(s) 'example_sensor_decorator' retrieved from /home/airflow/.local/lib/python3.12/site-packages/airflow/example_dags/example_sensor_decorator.py
[2026-04-26T23:28:37.942+0000] {logging_mixin.py:188} INFO - [2026-04-26T23:28:37.942+0000] {dag.py:3096} INFO - Sync 1 DAGs
[2026-04-26T23:28:37.950+0000] {logging_mixin.py:188} INFO - [2026-04-26T23:28:37.950+0000] {dag.py:3954} INFO - Setting next_dagrun for example_sensor_decorator to None, run_after=None
[2026-04-26T23:28:37.961+0000] {processor.py:183} INFO - Processing /home/airflow/.local/lib/python3.12/site-packages/airflow/example_dags/example_sensor_decorator.py took 0.042 seconds
[2026-04-26T23:29:08.190+0000] {processor.py:161} INFO - Started process (PID=2471) to work on /home/airflow/.local/lib/python3.12/site-packages/airflow/example_dags/example_sensor_decorator.py
[2026-04-26T23:29:08.191+0000] {processor.py:830} INFO - Processing file /home/airflow/.local/lib/python3.12/site-packages/airflow/example_dags/example_sensor_decorator.py for tasks to queue
[2026-04-26T23:29:08.192+0000] {logging_mixin.py:188} INFO - [2026-04-26T23:29:08.192+0000] {dagbag.py:545} INFO - Filling up the DagBag from /home/airflow/.local/lib/python3.12/site-packages/airflow/example_dags/example_sensor_decorator.py
[2026-04-26T23:29:08.196+0000] {processor.py:840} INFO - DAG(s) 'example_sensor_decorator' retrieved from /home/airflow/.local/lib/python3.12/site-packages/airflow/example_dags/example_sensor_decorator.py
[2026-04-26T23:29:08.209+0000] {logging_mixin.py:188} INFO - [2026-04-26T23:29:08.208+0000] {dag.py:3096} INFO - Sync 1 DAGs
[2026-04-26T23:29:08.216+0000] {logging_mixin.py:188} INFO - [2026-04-26T23:29:08.216+0000] {dag.py:3954} INFO - Setting next_dagrun for example_sensor_decorator to None, run_after=None
[2026-04-26T23:29:08.226+0000] {processor.py:183} INFO - Processing /home/airflow/.local/lib/python3.12/site-packages/airflow/example_dags/example_sensor_decorator.py took 0.040 seconds
[2026-04-26T23:29:39.039+0000] {processor.py:161} INFO - Started process (PID=2530) to work on /home/airflow/.local/lib/python3.12/site-packages/airflow/example_dags/example_sensor_decorator.py
[2026-04-26T23:29:39.039+0000] {processor.py:830} INFO - Processing file /home/airflow/.local/lib/python3.12/site-packages/airflow/example_dags/example_sensor_decorator.py for tasks to queue
[2026-04-26T23:29:39.040+0000] {logging_mixin.py:188} INFO - [2026-04-26T23:29:39.040+0000] {dagbag.py:545} INFO - Filling up the DagBag from /home/airflow/.local/lib/python3.12/site-packages/airflow/example_dags/example_sensor_decorator.py
[2026-04-26T23:29:39.044+0000] {processor.py:840} INFO - DAG(s) 'example_sensor_decorator' retrieved from /home/airflow/.local/lib/python3.12/site-packages/airflow/example_dags/example_sensor_decorator.py
[2026-04-26T23:29:39.055+0000] {logging_mixin.py:188} INFO - [2026-04-26T23:29:39.055+0000] {dag.py:3096} INFO - Sync 1 DAGs
[2026-04-26T23:29:39.063+0000] {logging_mixin.py:188} INFO - [2026-04-26T23:29:39.063+0000] {dag.py:3954} INFO - Setting next_dagrun for example_sensor_decorator to None, run_after=None
[2026-04-26T23:29:39.074+0000] {processor.py:183} INFO - Processing /home/airflow/.local/lib/python3.12/site-packages/airflow/example_dags/example_sensor_decorator.py took 0.038 seconds
[2026-04-26T23:30:09.795+0000] {processor.py:161} INFO - Started process (PID=2589) to work on /home/airflow/.local/lib/python3.12/site-packages/airflow/example_dags/example_sensor_decorator.py
[2026-04-26T23:30:09.796+0000] {processor.py:830} INFO - Processing file /home/airflow/.local/lib/python3.12/site-packages/airflow/example_dags/example_sensor_decorator.py for tasks to queue
[2026-04-26T23:30:09.797+0000] {logging_mixin.py:188} INFO - [2026-04-26T23:30:09.797+0000] {dagbag.py:545} INFO - Filling up the DagBag from /home/airflow/.local/lib/python3.12/site-packages/airflow/example_dags/example_sensor_decorator.py
[2026-04-26T23:30:09.802+0000] {processor.py:840} INFO - DAG(s) 'example_sensor_decorator' retrieved from /home/airflow/.local/lib/python3.12/site-packages/airflow/example_dags/example_sensor_decorator.py
[2026-04-26T23:30:09.816+0000] {logging_mixin.py:188} INFO - [2026-04-26T23:30:09.816+0000] {dag.py:3096} INFO - Sync 1 DAGs
[2026-04-26T23:30:09.826+0000] {logging_mixin.py:188} INFO - [2026-04-26T23:30:09.826+0000] {dag.py:3954} INFO - Setting next_dagrun for example_sensor_decorator to None, run_after=None
[2026-04-26T23:30:09.838+0000] {processor.py:183} INFO - Processing /home/airflow/.local/lib/python3.12/site-packages/airflow/example_dags/example_sensor_decorator.py took 0.047 seconds
[2026-04-26T23:30:40.480+0000] {processor.py:161} INFO - Started process (PID=2648) to work on /home/airflow/.local/lib/python3.12/site-packages/airflow/example_dags/example_sensor_decorator.py
[2026-04-26T23:30:40.480+0000] {processor.py:830} INFO - Processing file /home/airflow/.local/lib/python3.12/site-packages/airflow/example_dags/example_sensor_decorator.py for tasks to queue
[2026-04-26T23:30:40.481+0000] {logging_mixin.py:188} INFO - [2026-04-26T23:30:40.481+0000] {dagbag.py:545} INFO - Filling up the DagBag from /home/airflow/.local/lib/python3.12/site-packages/airflow/example_dags/example_sensor_decorator.py
[2026-04-26T23:30:40.484+0000] {processor.py:840} INFO - DAG(s) 'example_sensor_decorator' retrieved from /home/airflow/.local/lib/python3.12/site-packages/airflow/example_dags/example_sensor_decorator.py
[2026-04-26T23:30:40.496+0000] {logging_mixin.py:188} INFO - [2026-04-26T23:30:40.496+0000] {dag.py:3096} INFO - Sync 1 DAGs
[2026-04-26T23:30:40.504+0000] {logging_mixin.py:188} INFO - [2026-04-26T23:30:40.504+0000] {dag.py:3954} INFO - Setting next_dagrun for example_sensor_decorator to None, run_after=None
[2026-04-26T23:30:40.514+0000] {processor.py:183} INFO - Processing /home/airflow/.local/lib/python3.12/site-packages/airflow/example_dags/example_sensor_decorator.py took 0.038 seconds
[2026-04-26T23:31:11.286+0000] {processor.py:161} INFO - Started process (PID=2707) to work on /home/airflow/.local/lib/python3.12/site-packages/airflow/example_dags/example_sensor_decorator.py
[2026-04-26T23:31:11.287+0000] {processor.py:830} INFO - Processing file /home/airflow/.local/lib/python3.12/site-packages/airflow/example_dags/example_sensor_decorator.py for tasks to queue
[2026-04-26T23:31:11.288+0000] {logging_mixin.py:188} INFO - [2026-04-26T23:31:11.288+0000] {dagbag.py:545} INFO - Filling up the DagBag from /home/airflow/.local/lib/python3.12/site-packages/airflow/example_dags/example_sensor_decorator.py
[2026-04-26T23:31:11.292+0000] {processor.py:840} INFO - DAG(s) 'example_sensor_decorator' retrieved from /home/airflow/.local/lib/python3.12/site-packages/airflow/example_dags/example_sensor_decorator.py
[2026-04-26T23:31:11.303+0000] {logging_mixin.py:188} INFO - [2026-04-26T23:31:11.303+0000] {dag.py:3096} INFO - Sync 1 DAGs
[2026-04-26T23:31:11.310+0000] {logging_mixin.py:188} INFO - [2026-04-26T23:31:11.310+0000] {dag.py:3954} INFO - Setting next_dagrun for example_sensor_decorator to None, run_after=None
[2026-04-26T23:31:11.321+0000] {processor.py:183} INFO - Processing /home/airflow/.local/lib/python3.12/site-packages/airflow/example_dags/example_sensor_decorator.py took 0.038 seconds
[2026-04-26T23:31:42.035+0000] {processor.py:161} INFO - Started process (PID=2766) to work on /home/airflow/.local/lib/python3.12/site-packages/airflow/example_dags/example_sensor_decorator.py
[2026-04-26T23:31:42.036+0000] {processor.py:830} INFO - Processing file /home/airflow/.local/lib/python3.12/site-packages/airflow/example_dags/example_sensor_decorator.py for tasks to queue
[2026-04-26T23:31:42.037+0000] {logging_mixin.py:188} INFO - [2026-04-26T23:31:42.037+0000] {dagbag.py:545} INFO - Filling up the DagBag from /home/airflow/.local/lib/python3.12/site-packages/airflow/example_dags/example_sensor_decorator.py
[2026-04-26T23:31:42.041+0000] {processor.py:840} INFO - DAG(s) 'example_sensor_decorator' retrieved from /home/airflow/.local/lib/python3.12/site-packages/airflow/example_dags/example_sensor_decorator.py
[2026-04-26T23:31:42.053+0000] {logging_mixin.py:188} INFO - [2026-04-26T23:31:42.053+0000] {dag.py:3096} INFO - Sync 1 DAGs
[2026-04-26T23:31:42.061+0000] {logging_mixin.py:188} INFO - [2026-04-26T23:31:42.061+0000] {dag.py:3954} INFO - Setting next_dagrun for example_sensor_decorator to None, run_after=None
[2026-04-26T23:31:42.071+0000] {processor.py:183} INFO - Processing /home/airflow/.local/lib/python3.12/site-packages/airflow/example_dags/example_sensor_decorator.py took 0.040 seconds
[2026-04-26T23:32:12.819+0000] {processor.py:161} INFO - Started process (PID=2825) to work on /home/airflow/.local/lib/python3.12/site-packages/airflow/example_dags/example_sensor_decorator.py
[2026-04-26T23:32:12.820+0000] {processor.py:830} INFO - Processing file /home/airflow/.local/lib/python3.12/site-packages/airflow/example_dags/example_sensor_decorator.py for tasks to queue
[2026-04-26T23:32:12.821+0000] {logging_mixin.py:188} INFO - [2026-04-26T23:32:12.821+0000] {dagbag.py:545} INFO - Filling up the DagBag from /home/airflow/.local/lib/python3.12/site-packages/airflow/example_dags/example_sensor_decorator.py
[2026-04-26T23:32:12.825+0000] {processor.py:840} INFO - DAG(s) 'example_sensor_decorator' retrieved from /home/airflow/.local/lib/python3.12/site-packages/airflow/example_dags/example_sensor_decorator.py
[2026-04-26T23:32:12.840+0000] {logging_mixin.py:188} INFO - [2026-04-26T23:32:12.839+0000] {dag.py:3096} INFO - Sync 1 DAGs
[2026-04-26T23:32:12.849+0000] {logging_mixin.py:188} INFO - [2026-04-26T23:32:12.849+0000] {dag.py:3954} INFO - Setting next_dagrun for example_sensor_decorator to None, run_after=None
[2026-04-26T23:32:12.861+0000] {processor.py:183} INFO - Processing /home/airflow/.local/lib/python3.12/site-packages/airflow/example_dags/example_sensor_decorator.py took 0.046 seconds
[2026-04-26T23:32:42.993+0000] {processor.py:161} INFO - Started process (PID=2884) to work on /home/airflow/.local/lib/python3.12/site-packages/airflow/example_dags/example_sensor_decorator.py
[2026-04-26T23:32:42.993+0000] {processor.py:830} INFO - Processing file /home/airflow/.local/lib/python3.12/site-packages/airflow/example_dags/example_sensor_decorator.py for tasks to queue
[2026-04-26T23:32:42.995+0000] {logging_mixin.py:188} INFO - [2026-04-26T23:32:42.995+0000] {dagbag.py:545} INFO - Filling up the DagBag from /home/airflow/.local/lib/python3.12/site-packages/airflow/example_dags/example_sensor_decorator.py
[2026-04-26T23:32:42.999+0000] {processor.py:840} INFO - DAG(s) 'example_sensor_decorator' retrieved from /home/airflow/.local/lib/python3.12/site-packages/airflow/example_dags/example_sensor_decorator.py
[2026-04-26T23:32:43.013+0000] {logging_mixin.py:188} INFO - [2026-04-26T23:32:43.013+0000] {dag.py:3096} INFO - Sync 1 DAGs
[2026-04-26T23:32:43.022+0000] {logging_mixin.py:188} INFO - [2026-04-26T23:32:43.022+0000] {dag.py:3954} INFO - Setting next_dagrun for example_sensor_decorator to None, run_after=None
[2026-04-26T23:32:43.034+0000] {processor.py:183} INFO - Processing /home/airflow/.local/lib/python3.12/site-packages/airflow/example_dags/example_sensor_decorator.py took 0.046 seconds
[2026-04-26T23:33:13.259+0000] {processor.py:161} INFO - Started process (PID=2943) to work on /home/airflow/.local/lib/python3.12/site-packages/airflow/example_dags/example_sensor_decorator.py
[2026-04-26T23:33:13.260+0000] {processor.py:830} INFO - Processing file /home/airflow/.local/lib/python3.12/site-packages/airflow/example_dags/example_sensor_decorator.py for tasks to queue
[2026-04-26T23:33:13.261+0000] {logging_mixin.py:188} INFO - [2026-04-26T23:33:13.261+0000] {dagbag.py:545} INFO - Filling up the DagBag from /home/airflow/.local/lib/python3.12/site-packages/airflow/example_dags/example_sensor_decorator.py
[2026-04-26T23:33:13.266+0000] {processor.py:840} INFO - DAG(s) 'example_sensor_decorator' retrieved from /home/airflow/.local/lib/python3.12/site-packages/airflow/example_dags/example_sensor_decorator.py
[2026-04-26T23:33:13.279+0000] {logging_mixin.py:188} INFO - [2026-04-26T23:33:13.279+0000] {dag.py:3096} INFO - Sync 1 DAGs
[2026-04-26T23:33:13.289+0000] {logging_mixin.py:188} INFO - [2026-04-26T23:33:13.289+0000] {dag.py:3954} INFO - Setting next_dagrun for example_sensor_decorator to None, run_after=None
[2026-04-26T23:33:13.300+0000] {processor.py:183} INFO - Processing /home/airflow/.local/lib/python3.12/site-packages/airflow/example_dags/example_sensor_decorator.py took 0.046 seconds
[2026-04-26T23:33:44.159+0000] {processor.py:161} INFO - Started process (PID=3006) to work on /home/airflow/.local/lib/python3.12/site-packages/airflow/example_dags/example_sensor_decorator.py
[2026-04-26T23:33:44.160+0000] {processor.py:830} INFO - Processing file /home/airflow/.local/lib/python3.12/site-packages/airflow/example_dags/example_sensor_decorator.py for tasks to queue
[2026-04-26T23:33:44.161+0000] {logging_mixin.py:188} INFO - [2026-04-26T23:33:44.161+0000] {dagbag.py:545} INFO - Filling up the DagBag from /home/airflow/.local/lib/python3.12/site-packages/airflow/example_dags/example_sensor_decorator.py
[2026-04-26T23:33:44.165+0000] {processor.py:840} INFO - DAG(s) 'example_sensor_decorator' retrieved from /home/airflow/.local/lib/python3.12/site-packages/airflow/example_dags/example_sensor_decorator.py
[2026-04-26T23:33:44.177+0000] {logging_mixin.py:188} INFO - [2026-04-26T23:33:44.176+0000] {dag.py:3096} INFO - Sync 1 DAGs
[2026-04-26T23:33:44.184+0000] {logging_mixin.py:188} INFO - [2026-04-26T23:33:44.184+0000] {dag.py:3954} INFO - Setting next_dagrun for example_sensor_decorator to None, run_after=None
[2026-04-26T23:33:44.193+0000] {processor.py:183} INFO - Processing /home/airflow/.local/lib/python3.12/site-packages/airflow/example_dags/example_sensor_decorator.py took 0.037 seconds
[2026-04-26T23:34:14.290+0000] {processor.py:161} INFO - Started process (PID=3065) to work on /home/airflow/.local/lib/python3.12/site-packages/airflow/example_dags/example_sensor_decorator.py
[2026-04-26T23:34:14.291+0000] {processor.py:830} INFO - Processing file /home/airflow/.local/lib/python3.12/site-packages/airflow/example_dags/example_sensor_decorator.py for tasks to queue
[2026-04-26T23:34:14.291+0000] {logging_mixin.py:188} INFO - [2026-04-26T23:34:14.291+0000] {dagbag.py:545} INFO - Filling up the DagBag from /home/airflow/.local/lib/python3.12/site-packages/airflow/example_dags/example_sensor_decorator.py
[2026-04-26T23:34:14.295+0000] {processor.py:840} INFO - DAG(s) 'example_sensor_decorator' retrieved from /home/airflow/.local/lib/python3.12/site-packages/airflow/example_dags/example_sensor_decorator.py
[2026-04-26T23:34:14.308+0000] {logging_mixin.py:188} INFO - [2026-04-26T23:34:14.308+0000] {dag.py:3096} INFO - Sync 1 DAGs
[2026-04-26T23:34:14.316+0000] {logging_mixin.py:188} INFO - [2026-04-26T23:34:14.316+0000] {dag.py:3954} INFO - Setting next_dagrun for example_sensor_decorator to None, run_after=None
[2026-04-26T23:34:14.328+0000] {processor.py:183} INFO - Processing /home/airflow/.local/lib/python3.12/site-packages/airflow/example_dags/example_sensor_decorator.py took 0.042 seconds
[2026-04-26T23:34:44.482+0000] {processor.py:161} INFO - Started process (PID=3124) to work on /home/airflow/.local/lib/python3.12/site-packages/airflow/example_dags/example_sensor_decorator.py
[2026-04-26T23:34:44.483+0000] {processor.py:830} INFO - Processing file /home/airflow/.local/lib/python3.12/site-packages/airflow/example_dags/example_sensor_decorator.py for tasks to queue
[2026-04-26T23:34:44.484+0000] {logging_mixin.py:188} INFO - [2026-04-26T23:34:44.484+0000] {dagbag.py:545} INFO - Filling up the DagBag from /home/airflow/.local/lib/python3.12/site-packages/airflow/example_dags/example_sensor_decorator.py
[2026-04-26T23:34:44.487+0000] {processor.py:840} INFO - DAG(s) 'example_sensor_decorator' retrieved from /home/airflow/.local/lib/python3.12/site-packages/airflow/example_dags/example_sensor_decorator.py
[2026-04-26T23:34:44.500+0000] {logging_mixin.py:188} INFO - [2026-04-26T23:34:44.499+0000] {dag.py:3096} INFO - Sync 1 DAGs
[2026-04-26T23:34:44.507+0000] {logging_mixin.py:188} INFO - [2026-04-26T23:34:44.507+0000] {dag.py:3954} INFO - Setting next_dagrun for example_sensor_decorator to None, run_after=None
[2026-04-26T23:34:44.518+0000] {processor.py:183} INFO - Processing /home/airflow/.local/lib/python3.12/site-packages/airflow/example_dags/example_sensor_decorator.py took 0.039 seconds
[2026-04-26T23:35:15.200+0000] {processor.py:161} INFO - Started process (PID=3183) to work on /home/airflow/.local/lib/python3.12/site-packages/airflow/example_dags/example_sensor_decorator.py
[2026-04-26T23:35:15.200+0000] {processor.py:830} INFO - Processing file /home/airflow/.local/lib/python3.12/site-packages/airflow/example_dags/example_sensor_decorator.py for tasks to queue
[2026-04-26T23:35:15.201+0000] {logging_mixin.py:188} INFO - [2026-04-26T23:35:15.201+0000] {dagbag.py:545} INFO - Filling up the DagBag from /home/airflow/.local/lib/python3.12/site-packages/airflow/example_dags/example_sensor_decorator.py
[2026-04-26T23:35:15.205+0000] {processor.py:840} INFO - DAG(s) 'example_sensor_decorator' retrieved from /home/airflow/.local/lib/python3.12/site-packages/airflow/example_dags/example_sensor_decorator.py
[2026-04-26T23:35:15.216+0000] {logging_mixin.py:188} INFO - [2026-04-26T23:35:15.216+0000] {dag.py:3096} INFO - Sync 1 DAGs
[2026-04-26T23:35:15.223+0000] {logging_mixin.py:188} INFO - [2026-04-26T23:35:15.223+0000] {dag.py:3954} INFO - Setting next_dagrun for example_sensor_decorator to None, run_after=None
[2026-04-26T23:35:15.233+0000] {processor.py:183} INFO - Processing /home/airflow/.local/lib/python3.12/site-packages/airflow/example_dags/example_sensor_decorator.py took 0.037 seconds
[2026-04-26T23:35:45.838+0000] {processor.py:161} INFO - Started process (PID=3242) to work on /home/airflow/.local/lib/python3.12/site-packages/airflow/example_dags/example_sensor_decorator.py
[2026-04-26T23:35:45.838+0000] {processor.py:830} INFO - Processing file /home/airflow/.local/lib/python3.12/site-packages/airflow/example_dags/example_sensor_decorator.py for tasks to queue
[2026-04-26T23:35:45.840+0000] {logging_mixin.py:188} INFO - [2026-04-26T23:35:45.839+0000] {dagbag.py:545} INFO - Filling up the DagBag from /home/airflow/.local/lib/python3.12/site-packages/airflow/example_dags/example_sensor_decorator.py
[2026-04-26T23:35:45.843+0000] {processor.py:840} INFO - DAG(s) 'example_sensor_decorator' retrieved from /home/airflow/.local/lib/python3.12/site-packages/airflow/example_dags/example_sensor_decorator.py
[2026-04-26T23:35:45.854+0000] {logging_mixin.py:188} INFO - [2026-04-26T23:35:45.854+0000] {dag.py:3096} INFO - Sync 1 DAGs
[2026-04-26T23:35:45.861+0000] {logging_mixin.py:188} INFO - [2026-04-26T23:35:45.861+0000] {dag.py:3954} INFO - Setting next_dagrun for example_sensor_decorator to None, run_after=None
[2026-04-26T23:35:45.873+0000] {processor.py:183} INFO - Processing /home/airflow/.local/lib/python3.12/site-packages/airflow/example_dags/example_sensor_decorator.py took 0.039 seconds
[2026-04-26T23:36:16.636+0000] {processor.py:161} INFO - Started process (PID=3301) to work on /home/airflow/.local/lib/python3.12/site-packages/airflow/example_dags/example_sensor_decorator.py
[2026-04-26T23:36:16.636+0000] {processor.py:830} INFO - Processing file /home/airflow/.local/lib/python3.12/site-packages/airflow/example_dags/example_sensor_decorator.py for tasks to queue
[2026-04-26T23:36:16.637+0000] {logging_mixin.py:188} INFO - [2026-04-26T23:36:16.637+0000] {dagbag.py:545} INFO - Filling up the DagBag from /home/airflow/.local/lib/python3.12/site-packages/airflow/example_dags/example_sensor_decorator.py
[2026-04-26T23:36:16.641+0000] {processor.py:840} INFO - DAG(s) 'example_sensor_decorator' retrieved from /home/airflow/.local/lib/python3.12/site-packages/airflow/example_dags/example_sensor_decorator.py
[2026-04-26T23:36:16.654+0000] {logging_mixin.py:188} INFO - [2026-04-26T23:36:16.654+0000] {dag.py:3096} INFO - Sync 1 DAGs
[2026-04-26T23:36:16.661+0000] {logging_mixin.py:188} INFO - [2026-04-26T23:36:16.661+0000] {dag.py:3954} INFO - Setting next_dagrun for example_sensor_decorator to None, run_after=None
[2026-04-26T23:36:16.672+0000] {processor.py:183} INFO - Processing /home/airflow/.local/lib/python3.12/site-packages/airflow/example_dags/example_sensor_decorator.py took 0.040 seconds
[2026-04-26T23:36:47.272+0000] {processor.py:161} INFO - Started process (PID=3360) to work on /home/airflow/.local/lib/python3.12/site-packages/airflow/example_dags/example_sensor_decorator.py
[2026-04-26T23:36:47.272+0000] {processor.py:830} INFO - Processing file /home/airflow/.local/lib/python3.12/site-packages/airflow/example_dags/example_sensor_decorator.py for tasks to queue
[2026-04-26T23:36:47.273+0000] {logging_mixin.py:188} INFO - [2026-04-26T23:36:47.273+0000] {dagbag.py:545} INFO - Filling up the DagBag from /home/airflow/.local/lib/python3.12/site-packages/airflow/example_dags/example_sensor_decorator.py
[2026-04-26T23:36:47.277+0000] {processor.py:840} INFO - DAG(s) 'example_sensor_decorator' retrieved from /home/airflow/.local/lib/python3.12/site-packages/airflow/example_dags/example_sensor_decorator.py
[2026-04-26T23:36:47.289+0000] {logging_mixin.py:188} INFO - [2026-04-26T23:36:47.289+0000] {dag.py:3096} INFO - Sync 1 DAGs
[2026-04-26T23:36:47.296+0000] {logging_mixin.py:188} INFO - [2026-04-26T23:36:47.296+0000] {dag.py:3954} INFO - Setting next_dagrun for example_sensor_decorator to None, run_after=None
[2026-04-26T23:36:47.305+0000] {processor.py:183} INFO - Processing /home/airflow/.local/lib/python3.12/site-packages/airflow/example_dags/example_sensor_decorator.py took 0.037 seconds
[2026-04-26T23:37:18.024+0000] {processor.py:161} INFO - Started process (PID=3419) to work on /home/airflow/.local/lib/python3.12/site-packages/airflow/example_dags/example_sensor_decorator.py
[2026-04-26T23:37:18.025+0000] {processor.py:830} INFO - Processing file /home/airflow/.local/lib/python3.12/site-packages/airflow/example_dags/example_sensor_decorator.py for tasks to queue
[2026-04-26T23:37:18.026+0000] {logging_mixin.py:188} INFO - [2026-04-26T23:37:18.025+0000] {dagbag.py:545} INFO - Filling up the DagBag from /home/airflow/.local/lib/python3.12/site-packages/airflow/example_dags/example_sensor_decorator.py
[2026-04-26T23:37:18.030+0000] {processor.py:840} INFO - DAG(s) 'example_sensor_decorator' retrieved from /home/airflow/.local/lib/python3.12/site-packages/airflow/example_dags/example_sensor_decorator.py
[2026-04-26T23:37:18.042+0000] {logging_mixin.py:188} INFO - [2026-04-26T23:37:18.042+0000] {dag.py:3096} INFO - Sync 1 DAGs
[2026-04-26T23:37:18.051+0000] {logging_mixin.py:188} INFO - [2026-04-26T23:37:18.050+0000] {dag.py:3954} INFO - Setting next_dagrun for example_sensor_decorator to None, run_after=None
[2026-04-26T23:37:18.060+0000] {processor.py:183} INFO - Processing /home/airflow/.local/lib/python3.12/site-packages/airflow/example_dags/example_sensor_decorator.py took 0.040 seconds
[2026-04-26T23:37:48.822+0000] {processor.py:161} INFO - Started process (PID=3478) to work on /home/airflow/.local/lib/python3.12/site-packages/airflow/example_dags/example_sensor_decorator.py
[2026-04-26T23:37:48.822+0000] {processor.py:830} INFO - Processing file /home/airflow/.local/lib/python3.12/site-packages/airflow/example_dags/example_sensor_decorator.py for tasks to queue
[2026-04-26T23:37:48.823+0000] {logging_mixin.py:188} INFO - [2026-04-26T23:37:48.823+0000] {dagbag.py:545} INFO - Filling up the DagBag from /home/airflow/.local/lib/python3.12/site-packages/airflow/example_dags/example_sensor_decorator.py
[2026-04-26T23:37:48.827+0000] {processor.py:840} INFO - DAG(s) 'example_sensor_decorator' retrieved from /home/airflow/.local/lib/python3.12/site-packages/airflow/example_dags/example_sensor_decorator.py
[2026-04-26T23:37:48.838+0000] {logging_mixin.py:188} INFO - [2026-04-26T23:37:48.838+0000] {dag.py:3096} INFO - Sync 1 DAGs
[2026-04-26T23:37:48.846+0000] {logging_mixin.py:188} INFO - [2026-04-26T23:37:48.846+0000] {dag.py:3954} INFO - Setting next_dagrun for example_sensor_decorator to None, run_after=None
[2026-04-26T23:37:48.855+0000] {processor.py:183} INFO - Processing /home/airflow/.local/lib/python3.12/site-packages/airflow/example_dags/example_sensor_decorator.py took 0.038 seconds
[2026-04-26T23:38:19.511+0000] {processor.py:161} INFO - Started process (PID=3537) to work on /home/airflow/.local/lib/python3.12/site-packages/airflow/example_dags/example_sensor_decorator.py
[2026-04-26T23:38:19.512+0000] {processor.py:830} INFO - Processing file /home/airflow/.local/lib/python3.12/site-packages/airflow/example_dags/example_sensor_decorator.py for tasks to queue
[2026-04-26T23:38:19.513+0000] {logging_mixin.py:188} INFO - [2026-04-26T23:38:19.513+0000] {dagbag.py:545} INFO - Filling up the DagBag from /home/airflow/.local/lib/python3.12/site-packages/airflow/example_dags/example_sensor_decorator.py
[2026-04-26T23:38:19.516+0000] {processor.py:840} INFO - DAG(s) 'example_sensor_decorator' retrieved from /home/airflow/.local/lib/python3.12/site-packages/airflow/example_dags/example_sensor_decorator.py
[2026-04-26T23:38:19.526+0000] {logging_mixin.py:188} INFO - [2026-04-26T23:38:19.526+0000] {dag.py:3096} INFO - Sync 1 DAGs
[2026-04-26T23:38:19.532+0000] {logging_mixin.py:188} INFO - [2026-04-26T23:38:19.532+0000] {dag.py:3954} INFO - Setting next_dagrun for example_sensor_decorator to None, run_after=None
[2026-04-26T23:38:19.541+0000] {processor.py:183} INFO - Processing /home/airflow/.local/lib/python3.12/site-packages/airflow/example_dags/example_sensor_decorator.py took 0.033 seconds
[2026-04-26T23:38:46.556+0000] {processor.py:161} INFO - Started process (PID=79) to work on /home/airflow/.local/lib/python3.12/site-packages/airflow/example_dags/example_sensor_decorator.py
[2026-04-26T23:38:46.557+0000] {processor.py:830} INFO - Processing file /home/airflow/.local/lib/python3.12/site-packages/airflow/example_dags/example_sensor_decorator.py for tasks to queue
[2026-04-26T23:38:46.558+0000] {logging_mixin.py:188} INFO - [2026-04-26T23:38:46.558+0000] {dagbag.py:545} INFO - Filling up the DagBag from /home/airflow/.local/lib/python3.12/site-packages/airflow/example_dags/example_sensor_decorator.py
[2026-04-26T23:38:46.563+0000] {processor.py:840} INFO - DAG(s) 'example_sensor_decorator' retrieved from /home/airflow/.local/lib/python3.12/site-packages/airflow/example_dags/example_sensor_decorator.py
[2026-04-26T23:38:46.570+0000] {logging_mixin.py:188} INFO - [2026-04-26T23:38:46.570+0000] {dag.py:3096} INFO - Sync 1 DAGs
[2026-04-26T23:38:46.577+0000] {logging_mixin.py:188} INFO - [2026-04-26T23:38:46.577+0000] {dag.py:3954} INFO - Setting next_dagrun for example_sensor_decorator to None, run_after=None
[2026-04-26T23:38:46.586+0000] {processor.py:183} INFO - Processing /home/airflow/.local/lib/python3.12/site-packages/airflow/example_dags/example_sensor_decorator.py took 0.033 seconds
[2026-04-26T23:39:17.417+0000] {processor.py:161} INFO - Started process (PID=144) to work on /home/airflow/.local/lib/python3.12/site-packages/airflow/example_dags/example_sensor_decorator.py
[2026-04-26T23:39:17.417+0000] {processor.py:830} INFO - Processing file /home/airflow/.local/lib/python3.12/site-packages/airflow/example_dags/example_sensor_decorator.py for tasks to queue
[2026-04-26T23:39:17.419+0000] {logging_mixin.py:188} INFO - [2026-04-26T23:39:17.418+0000] {dagbag.py:545} INFO - Filling up the DagBag from /home/airflow/.local/lib/python3.12/site-packages/airflow/example_dags/example_sensor_decorator.py
[2026-04-26T23:39:17.422+0000] {processor.py:840} INFO - DAG(s) 'example_sensor_decorator' retrieved from /home/airflow/.local/lib/python3.12/site-packages/airflow/example_dags/example_sensor_decorator.py
[2026-04-26T23:39:17.481+0000] {logging_mixin.py:188} INFO - [2026-04-26T23:39:17.481+0000] {dag.py:3096} INFO - Sync 1 DAGs
[2026-04-26T23:39:17.487+0000] {logging_mixin.py:188} INFO - [2026-04-26T23:39:17.487+0000] {dag.py:3954} INFO - Setting next_dagrun for example_sensor_decorator to None, run_after=None
[2026-04-26T23:39:17.495+0000] {processor.py:183} INFO - Processing /home/airflow/.local/lib/python3.12/site-packages/airflow/example_dags/example_sensor_decorator.py took 0.082 seconds
[2026-04-26T23:39:47.918+0000] {processor.py:161} INFO - Started process (PID=203) to work on /home/airflow/.local/lib/python3.12/site-packages/airflow/example_dags/example_sensor_decorator.py
[2026-04-26T23:39:47.919+0000] {processor.py:830} INFO - Processing file /home/airflow/.local/lib/python3.12/site-packages/airflow/example_dags/example_sensor_decorator.py for tasks to queue
[2026-04-26T23:39:47.920+0000] {logging_mixin.py:188} INFO - [2026-04-26T23:39:47.920+0000] {dagbag.py:545} INFO - Filling up the DagBag from /home/airflow/.local/lib/python3.12/site-packages/airflow/example_dags/example_sensor_decorator.py
[2026-04-26T23:39:47.923+0000] {processor.py:840} INFO - DAG(s) 'example_sensor_decorator' retrieved from /home/airflow/.local/lib/python3.12/site-packages/airflow/example_dags/example_sensor_decorator.py
[2026-04-26T23:39:47.934+0000] {logging_mixin.py:188} INFO - [2026-04-26T23:39:47.934+0000] {dag.py:3096} INFO - Sync 1 DAGs
[2026-04-26T23:39:47.941+0000] {logging_mixin.py:188} INFO - [2026-04-26T23:39:47.941+0000] {dag.py:3954} INFO - Setting next_dagrun for example_sensor_decorator to None, run_after=None
[2026-04-26T23:39:47.951+0000] {processor.py:183} INFO - Processing /home/airflow/.local/lib/python3.12/site-packages/airflow/example_dags/example_sensor_decorator.py took 0.036 seconds
[2026-04-26T23:40:18.814+0000] {processor.py:161} INFO - Started process (PID=262) to work on /home/airflow/.local/lib/python3.12/site-packages/airflow/example_dags/example_sensor_decorator.py
[2026-04-26T23:40:18.814+0000] {processor.py:830} INFO - Processing file /home/airflow/.local/lib/python3.12/site-packages/airflow/example_dags/example_sensor_decorator.py for tasks to queue
[2026-04-26T23:40:18.815+0000] {logging_mixin.py:188} INFO - [2026-04-26T23:40:18.815+0000] {dagbag.py:545} INFO - Filling up the DagBag from /home/airflow/.local/lib/python3.12/site-packages/airflow/example_dags/example_sensor_decorator.py
[2026-04-26T23:40:18.818+0000] {processor.py:840} INFO - DAG(s) 'example_sensor_decorator' retrieved from /home/airflow/.local/lib/python3.12/site-packages/airflow/example_dags/example_sensor_decorator.py
[2026-04-26T23:40:18.830+0000] {logging_mixin.py:188} INFO - [2026-04-26T23:40:18.830+0000] {dag.py:3096} INFO - Sync 1 DAGs
[2026-04-26T23:40:18.837+0000] {logging_mixin.py:188} INFO - [2026-04-26T23:40:18.837+0000] {dag.py:3954} INFO - Setting next_dagrun for example_sensor_decorator to None, run_after=None
[2026-04-26T23:40:18.846+0000] {processor.py:183} INFO - Processing /home/airflow/.local/lib/python3.12/site-packages/airflow/example_dags/example_sensor_decorator.py took 0.035 seconds
[2026-04-26T23:40:49.810+0000] {processor.py:161} INFO - Started process (PID=321) to work on /home/airflow/.local/lib/python3.12/site-packages/airflow/example_dags/example_sensor_decorator.py
[2026-04-26T23:40:49.810+0000] {processor.py:830} INFO - Processing file /home/airflow/.local/lib/python3.12/site-packages/airflow/example_dags/example_sensor_decorator.py for tasks to queue
[2026-04-26T23:40:49.811+0000] {logging_mixin.py:188} INFO - [2026-04-26T23:40:49.811+0000] {dagbag.py:545} INFO - Filling up the DagBag from /home/airflow/.local/lib/python3.12/site-packages/airflow/example_dags/example_sensor_decorator.py
[2026-04-26T23:40:49.815+0000] {processor.py:840} INFO - DAG(s) 'example_sensor_decorator' retrieved from /home/airflow/.local/lib/python3.12/site-packages/airflow/example_dags/example_sensor_decorator.py
[2026-04-26T23:40:49.825+0000] {logging_mixin.py:188} INFO - [2026-04-26T23:40:49.825+0000] {dag.py:3096} INFO - Sync 1 DAGs
[2026-04-26T23:40:49.832+0000] {logging_mixin.py:188} INFO - [2026-04-26T23:40:49.832+0000] {dag.py:3954} INFO - Setting next_dagrun for example_sensor_decorator to None, run_after=None
[2026-04-26T23:40:49.841+0000] {processor.py:183} INFO - Processing /home/airflow/.local/lib/python3.12/site-packages/airflow/example_dags/example_sensor_decorator.py took 0.035 seconds
[2026-04-26T23:41:20.721+0000] {processor.py:161} INFO - Started process (PID=380) to work on /home/airflow/.local/lib/python3.12/site-packages/airflow/example_dags/example_sensor_decorator.py
[2026-04-26T23:41:20.722+0000] {processor.py:830} INFO - Processing file /home/airflow/.local/lib/python3.12/site-packages/airflow/example_dags/example_sensor_decorator.py for tasks to queue
[2026-04-26T23:41:20.723+0000] {logging_mixin.py:188} INFO - [2026-04-26T23:41:20.723+0000] {dagbag.py:545} INFO - Filling up the DagBag from /home/airflow/.local/lib/python3.12/site-packages/airflow/example_dags/example_sensor_decorator.py
[2026-04-26T23:41:20.727+0000] {processor.py:840} INFO - DAG(s) 'example_sensor_decorator' retrieved from /home/airflow/.local/lib/python3.12/site-packages/airflow/example_dags/example_sensor_decorator.py
[2026-04-26T23:41:20.739+0000] {logging_mixin.py:188} INFO - [2026-04-26T23:41:20.739+0000] {dag.py:3096} INFO - Sync 1 DAGs
[2026-04-26T23:41:20.747+0000] {logging_mixin.py:188} INFO - [2026-04-26T23:41:20.746+0000] {dag.py:3954} INFO - Setting next_dagrun for example_sensor_decorator to None, run_after=None
[2026-04-26T23:41:20.756+0000] {processor.py:183} INFO - Processing /home/airflow/.local/lib/python3.12/site-packages/airflow/example_dags/example_sensor_decorator.py took 0.039 seconds
[2026-04-26T23:41:50.943+0000] {processor.py:161} INFO - Started process (PID=439) to work on /home/airflow/.local/lib/python3.12/site-packages/airflow/example_dags/example_sensor_decorator.py
[2026-04-26T23:41:50.944+0000] {processor.py:830} INFO - Processing file /home/airflow/.local/lib/python3.12/site-packages/airflow/example_dags/example_sensor_decorator.py for tasks to queue
[2026-04-26T23:41:50.945+0000] {logging_mixin.py:188} INFO - [2026-04-26T23:41:50.944+0000] {dagbag.py:545} INFO - Filling up the DagBag from /home/airflow/.local/lib/python3.12/site-packages/airflow/example_dags/example_sensor_decorator.py
[2026-04-26T23:41:50.948+0000] {processor.py:840} INFO - DAG(s) 'example_sensor_decorator' retrieved from /home/airflow/.local/lib/python3.12/site-packages/airflow/example_dags/example_sensor_decorator.py
[2026-04-26T23:41:50.958+0000] {logging_mixin.py:188} INFO - [2026-04-26T23:41:50.958+0000] {dag.py:3096} INFO - Sync 1 DAGs
[2026-04-26T23:41:50.965+0000] {logging_mixin.py:188} INFO - [2026-04-26T23:41:50.965+0000] {dag.py:3954} INFO - Setting next_dagrun for example_sensor_decorator to None, run_after=None
[2026-04-26T23:41:50.973+0000] {processor.py:183} INFO - Processing /home/airflow/.local/lib/python3.12/site-packages/airflow/example_dags/example_sensor_decorator.py took 0.033 seconds
[2026-04-26T23:42:21.063+0000] {processor.py:161} INFO - Started process (PID=498) to work on /home/airflow/.local/lib/python3.12/site-packages/airflow/example_dags/example_sensor_decorator.py
[2026-04-26T23:42:21.063+0000] {processor.py:830} INFO - Processing file /home/airflow/.local/lib/python3.12/site-packages/airflow/example_dags/example_sensor_decorator.py for tasks to queue
[2026-04-26T23:42:21.064+0000] {logging_mixin.py:188} INFO - [2026-04-26T23:42:21.064+0000] {dagbag.py:545} INFO - Filling up the DagBag from /home/airflow/.local/lib/python3.12/site-packages/airflow/example_dags/example_sensor_decorator.py
[2026-04-26T23:42:21.068+0000] {processor.py:840} INFO - DAG(s) 'example_sensor_decorator' retrieved from /home/airflow/.local/lib/python3.12/site-packages/airflow/example_dags/example_sensor_decorator.py
[2026-04-26T23:42:21.079+0000] {logging_mixin.py:188} INFO - [2026-04-26T23:42:21.079+0000] {dag.py:3096} INFO - Sync 1 DAGs
[2026-04-26T23:42:21.086+0000] {logging_mixin.py:188} INFO - [2026-04-26T23:42:21.086+0000] {dag.py:3954} INFO - Setting next_dagrun for example_sensor_decorator to None, run_after=None
[2026-04-26T23:42:21.096+0000] {processor.py:183} INFO - Processing /home/airflow/.local/lib/python3.12/site-packages/airflow/example_dags/example_sensor_decorator.py took 0.037 seconds
[2026-04-26T23:43:21.085+0000] {processor.py:161} INFO - Started process (PID=85) to work on /home/airflow/.local/lib/python3.12/site-packages/airflow/example_dags/example_sensor_decorator.py
[2026-04-26T23:43:21.086+0000] {processor.py:830} INFO - Processing file /home/airflow/.local/lib/python3.12/site-packages/airflow/example_dags/example_sensor_decorator.py for tasks to queue
[2026-04-26T23:43:21.087+0000] {logging_mixin.py:188} INFO - [2026-04-26T23:43:21.087+0000] {dagbag.py:545} INFO - Filling up the DagBag from /home/airflow/.local/lib/python3.12/site-packages/airflow/example_dags/example_sensor_decorator.py
[2026-04-26T23:43:21.092+0000] {processor.py:840} INFO - DAG(s) 'example_sensor_decorator' retrieved from /home/airflow/.local/lib/python3.12/site-packages/airflow/example_dags/example_sensor_decorator.py
[2026-04-26T23:43:21.099+0000] {logging_mixin.py:188} INFO - [2026-04-26T23:43:21.099+0000] {dag.py:3096} INFO - Sync 1 DAGs
[2026-04-26T23:43:21.107+0000] {logging_mixin.py:188} INFO - [2026-04-26T23:43:21.107+0000] {dag.py:3954} INFO - Setting next_dagrun for example_sensor_decorator to None, run_after=None
[2026-04-26T23:43:21.118+0000] {processor.py:183} INFO - Processing /home/airflow/.local/lib/python3.12/site-packages/airflow/example_dags/example_sensor_decorator.py took 0.037 seconds
[2026-04-26T23:43:52.255+0000] {processor.py:161} INFO - Started process (PID=144) to work on /home/airflow/.local/lib/python3.12/site-packages/airflow/example_dags/example_sensor_decorator.py
[2026-04-26T23:43:52.256+0000] {processor.py:830} INFO - Processing file /home/airflow/.local/lib/python3.12/site-packages/airflow/example_dags/example_sensor_decorator.py for tasks to queue
[2026-04-26T23:43:52.257+0000] {logging_mixin.py:188} INFO - [2026-04-26T23:43:52.257+0000] {dagbag.py:545} INFO - Filling up the DagBag from /home/airflow/.local/lib/python3.12/site-packages/airflow/example_dags/example_sensor_decorator.py
[2026-04-26T23:43:52.261+0000] {processor.py:840} INFO - DAG(s) 'example_sensor_decorator' retrieved from /home/airflow/.local/lib/python3.12/site-packages/airflow/example_dags/example_sensor_decorator.py
[2026-04-26T23:43:52.318+0000] {logging_mixin.py:188} INFO - [2026-04-26T23:43:52.318+0000] {dag.py:3096} INFO - Sync 1 DAGs
[2026-04-26T23:43:52.324+0000] {logging_mixin.py:188} INFO - [2026-04-26T23:43:52.324+0000] {dag.py:3954} INFO - Setting next_dagrun for example_sensor_decorator to None, run_after=None
[2026-04-26T23:43:52.358+0000] {processor.py:183} INFO - Processing /home/airflow/.local/lib/python3.12/site-packages/airflow/example_dags/example_sensor_decorator.py took 0.106 seconds
[2026-04-26T23:44:23.195+0000] {processor.py:161} INFO - Started process (PID=203) to work on /home/airflow/.local/lib/python3.12/site-packages/airflow/example_dags/example_sensor_decorator.py
[2026-04-26T23:44:23.196+0000] {processor.py:830} INFO - Processing file /home/airflow/.local/lib/python3.12/site-packages/airflow/example_dags/example_sensor_decorator.py for tasks to queue
[2026-04-26T23:44:23.197+0000] {logging_mixin.py:188} INFO - [2026-04-26T23:44:23.197+0000] {dagbag.py:545} INFO - Filling up the DagBag from /home/airflow/.local/lib/python3.12/site-packages/airflow/example_dags/example_sensor_decorator.py
[2026-04-26T23:44:23.201+0000] {processor.py:840} INFO - DAG(s) 'example_sensor_decorator' retrieved from /home/airflow/.local/lib/python3.12/site-packages/airflow/example_dags/example_sensor_decorator.py
[2026-04-26T23:44:23.212+0000] {logging_mixin.py:188} INFO - [2026-04-26T23:44:23.212+0000] {dag.py:3096} INFO - Sync 1 DAGs
[2026-04-26T23:44:23.220+0000] {logging_mixin.py:188} INFO - [2026-04-26T23:44:23.220+0000] {dag.py:3954} INFO - Setting next_dagrun for example_sensor_decorator to None, run_after=None
[2026-04-26T23:44:23.229+0000] {processor.py:183} INFO - Processing /home/airflow/.local/lib/python3.12/site-packages/airflow/example_dags/example_sensor_decorator.py took 0.038 seconds
[2026-04-26T23:44:53.322+0000] {processor.py:161} INFO - Started process (PID=262) to work on /home/airflow/.local/lib/python3.12/site-packages/airflow/example_dags/example_sensor_decorator.py
[2026-04-26T23:44:53.322+0000] {processor.py:830} INFO - Processing file /home/airflow/.local/lib/python3.12/site-packages/airflow/example_dags/example_sensor_decorator.py for tasks to queue
[2026-04-26T23:44:53.324+0000] {logging_mixin.py:188} INFO - [2026-04-26T23:44:53.324+0000] {dagbag.py:545} INFO - Filling up the DagBag from /home/airflow/.local/lib/python3.12/site-packages/airflow/example_dags/example_sensor_decorator.py
[2026-04-26T23:44:53.328+0000] {processor.py:840} INFO - DAG(s) 'example_sensor_decorator' retrieved from /home/airflow/.local/lib/python3.12/site-packages/airflow/example_dags/example_sensor_decorator.py
[2026-04-26T23:44:53.340+0000] {logging_mixin.py:188} INFO - [2026-04-26T23:44:53.339+0000] {dag.py:3096} INFO - Sync 1 DAGs
[2026-04-26T23:44:53.347+0000] {logging_mixin.py:188} INFO - [2026-04-26T23:44:53.347+0000] {dag.py:3954} INFO - Setting next_dagrun for example_sensor_decorator to None, run_after=None
[2026-04-26T23:44:53.357+0000] {processor.py:183} INFO - Processing /home/airflow/.local/lib/python3.12/site-packages/airflow/example_dags/example_sensor_decorator.py took 0.039 seconds
[2026-04-26T23:45:24.180+0000] {processor.py:161} INFO - Started process (PID=321) to work on /home/airflow/.local/lib/python3.12/site-packages/airflow/example_dags/example_sensor_decorator.py
[2026-04-26T23:45:24.180+0000] {processor.py:830} INFO - Processing file /home/airflow/.local/lib/python3.12/site-packages/airflow/example_dags/example_sensor_decorator.py for tasks to queue
[2026-04-26T23:45:24.181+0000] {logging_mixin.py:188} INFO - [2026-04-26T23:45:24.181+0000] {dagbag.py:545} INFO - Filling up the DagBag from /home/airflow/.local/lib/python3.12/site-packages/airflow/example_dags/example_sensor_decorator.py
[2026-04-26T23:45:24.185+0000] {processor.py:840} INFO - DAG(s) 'example_sensor_decorator' retrieved from /home/airflow/.local/lib/python3.12/site-packages/airflow/example_dags/example_sensor_decorator.py
[2026-04-26T23:45:24.196+0000] {logging_mixin.py:188} INFO - [2026-04-26T23:45:24.196+0000] {dag.py:3096} INFO - Sync 1 DAGs
[2026-04-26T23:45:24.204+0000] {logging_mixin.py:188} INFO - [2026-04-26T23:45:24.203+0000] {dag.py:3954} INFO - Setting next_dagrun for example_sensor_decorator to None, run_after=None
[2026-04-26T23:45:24.215+0000] {processor.py:183} INFO - Processing /home/airflow/.local/lib/python3.12/site-packages/airflow/example_dags/example_sensor_decorator.py took 0.039 seconds
[2026-04-26T23:45:54.999+0000] {processor.py:161} INFO - Started process (PID=380) to work on /home/airflow/.local/lib/python3.12/site-packages/airflow/example_dags/example_sensor_decorator.py
[2026-04-26T23:45:55.000+0000] {processor.py:830} INFO - Processing file /home/airflow/.local/lib/python3.12/site-packages/airflow/example_dags/example_sensor_decorator.py for tasks to queue
[2026-04-26T23:45:55.001+0000] {logging_mixin.py:188} INFO - [2026-04-26T23:45:55.001+0000] {dagbag.py:545} INFO - Filling up the DagBag from /home/airflow/.local/lib/python3.12/site-packages/airflow/example_dags/example_sensor_decorator.py
[2026-04-26T23:45:55.005+0000] {processor.py:840} INFO - DAG(s) 'example_sensor_decorator' retrieved from /home/airflow/.local/lib/python3.12/site-packages/airflow/example_dags/example_sensor_decorator.py
[2026-04-26T23:45:55.017+0000] {logging_mixin.py:188} INFO - [2026-04-26T23:45:55.016+0000] {dag.py:3096} INFO - Sync 1 DAGs
[2026-04-26T23:45:55.024+0000] {logging_mixin.py:188} INFO - [2026-04-26T23:45:55.024+0000] {dag.py:3954} INFO - Setting next_dagrun for example_sensor_decorator to None, run_after=None
[2026-04-26T23:45:55.035+0000] {processor.py:183} INFO - Processing /home/airflow/.local/lib/python3.12/site-packages/airflow/example_dags/example_sensor_decorator.py took 0.039 seconds
[2026-04-26T23:46:25.799+0000] {processor.py:161} INFO - Started process (PID=439) to work on /home/airflow/.local/lib/python3.12/site-packages/airflow/example_dags/example_sensor_decorator.py
[2026-04-26T23:46:25.800+0000] {processor.py:830} INFO - Processing file /home/airflow/.local/lib/python3.12/site-packages/airflow/example_dags/example_sensor_decorator.py for tasks to queue
[2026-04-26T23:46:25.801+0000] {logging_mixin.py:188} INFO - [2026-04-26T23:46:25.801+0000] {dagbag.py:545} INFO - Filling up the DagBag from /home/airflow/.local/lib/python3.12/site-packages/airflow/example_dags/example_sensor_decorator.py
[2026-04-26T23:46:25.804+0000] {processor.py:840} INFO - DAG(s) 'example_sensor_decorator' retrieved from /home/airflow/.local/lib/python3.12/site-packages/airflow/example_dags/example_sensor_decorator.py
[2026-04-26T23:46:25.816+0000] {logging_mixin.py:188} INFO - [2026-04-26T23:46:25.816+0000] {dag.py:3096} INFO - Sync 1 DAGs
[2026-04-26T23:46:25.823+0000] {logging_mixin.py:188} INFO - [2026-04-26T23:46:25.823+0000] {dag.py:3954} INFO - Setting next_dagrun for example_sensor_decorator to None, run_after=None
[2026-04-26T23:46:25.832+0000] {processor.py:183} INFO - Processing /home/airflow/.local/lib/python3.12/site-packages/airflow/example_dags/example_sensor_decorator.py took 0.037 seconds
[2026-04-26T23:46:56.596+0000] {processor.py:161} INFO - Started process (PID=498) to work on /home/airflow/.local/lib/python3.12/site-packages/airflow/example_dags/example_sensor_decorator.py
[2026-04-26T23:46:56.596+0000] {processor.py:830} INFO - Processing file /home/airflow/.local/lib/python3.12/site-packages/airflow/example_dags/example_sensor_decorator.py for tasks to queue
[2026-04-26T23:46:56.598+0000] {logging_mixin.py:188} INFO - [2026-04-26T23:46:56.597+0000] {dagbag.py:545} INFO - Filling up the DagBag from /home/airflow/.local/lib/python3.12/site-packages/airflow/example_dags/example_sensor_decorator.py
[2026-04-26T23:46:56.602+0000] {processor.py:840} INFO - DAG(s) 'example_sensor_decorator' retrieved from /home/airflow/.local/lib/python3.12/site-packages/airflow/example_dags/example_sensor_decorator.py
[2026-04-26T23:46:56.616+0000] {logging_mixin.py:188} INFO - [2026-04-26T23:46:56.616+0000] {dag.py:3096} INFO - Sync 1 DAGs
[2026-04-26T23:46:56.624+0000] {logging_mixin.py:188} INFO - [2026-04-26T23:46:56.624+0000] {dag.py:3954} INFO - Setting next_dagrun for example_sensor_decorator to None, run_after=None
[2026-04-26T23:46:56.636+0000] {processor.py:183} INFO - Processing /home/airflow/.local/lib/python3.12/site-packages/airflow/example_dags/example_sensor_decorator.py took 0.045 seconds
[2026-04-26T23:47:26.871+0000] {processor.py:161} INFO - Started process (PID=557) to work on /home/airflow/.local/lib/python3.12/site-packages/airflow/example_dags/example_sensor_decorator.py
[2026-04-26T23:47:26.872+0000] {processor.py:830} INFO - Processing file /home/airflow/.local/lib/python3.12/site-packages/airflow/example_dags/example_sensor_decorator.py for tasks to queue
[2026-04-26T23:47:26.874+0000] {logging_mixin.py:188} INFO - [2026-04-26T23:47:26.874+0000] {dagbag.py:545} INFO - Filling up the DagBag from /home/airflow/.local/lib/python3.12/site-packages/airflow/example_dags/example_sensor_decorator.py
[2026-04-26T23:47:26.880+0000] {processor.py:840} INFO - DAG(s) 'example_sensor_decorator' retrieved from /home/airflow/.local/lib/python3.12/site-packages/airflow/example_dags/example_sensor_decorator.py
[2026-04-26T23:47:26.898+0000] {logging_mixin.py:188} INFO - [2026-04-26T23:47:26.898+0000] {dag.py:3096} INFO - Sync 1 DAGs
[2026-04-26T23:47:26.910+0000] {logging_mixin.py:188} INFO - [2026-04-26T23:47:26.910+0000] {dag.py:3954} INFO - Setting next_dagrun for example_sensor_decorator to None, run_after=None
[2026-04-26T23:47:26.930+0000] {processor.py:183} INFO - Processing /home/airflow/.local/lib/python3.12/site-packages/airflow/example_dags/example_sensor_decorator.py took 0.064 seconds
[2026-04-26T23:47:57.026+0000] {processor.py:161} INFO - Started process (PID=616) to work on /home/airflow/.local/lib/python3.12/site-packages/airflow/example_dags/example_sensor_decorator.py
[2026-04-26T23:47:57.026+0000] {processor.py:830} INFO - Processing file /home/airflow/.local/lib/python3.12/site-packages/airflow/example_dags/example_sensor_decorator.py for tasks to queue
[2026-04-26T23:47:57.028+0000] {logging_mixin.py:188} INFO - [2026-04-26T23:47:57.027+0000] {dagbag.py:545} INFO - Filling up the DagBag from /home/airflow/.local/lib/python3.12/site-packages/airflow/example_dags/example_sensor_decorator.py
[2026-04-26T23:47:57.032+0000] {processor.py:840} INFO - DAG(s) 'example_sensor_decorator' retrieved from /home/airflow/.local/lib/python3.12/site-packages/airflow/example_dags/example_sensor_decorator.py
[2026-04-26T23:47:57.046+0000] {logging_mixin.py:188} INFO - [2026-04-26T23:47:57.046+0000] {dag.py:3096} INFO - Sync 1 DAGs
[2026-04-26T23:47:57.055+0000] {logging_mixin.py:188} INFO - [2026-04-26T23:47:57.055+0000] {dag.py:3954} INFO - Setting next_dagrun for example_sensor_decorator to None, run_after=None
[2026-04-26T23:47:57.066+0000] {processor.py:183} INFO - Processing /home/airflow/.local/lib/python3.12/site-packages/airflow/example_dags/example_sensor_decorator.py took 0.045 seconds
[2026-04-26T23:48:27.148+0000] {processor.py:161} INFO - Started process (PID=675) to work on /home/airflow/.local/lib/python3.12/site-packages/airflow/example_dags/example_sensor_decorator.py
[2026-04-26T23:48:27.148+0000] {processor.py:830} INFO - Processing file /home/airflow/.local/lib/python3.12/site-packages/airflow/example_dags/example_sensor_decorator.py for tasks to queue
[2026-04-26T23:48:27.150+0000] {logging_mixin.py:188} INFO - [2026-04-26T23:48:27.150+0000] {dagbag.py:545} INFO - Filling up the DagBag from /home/airflow/.local/lib/python3.12/site-packages/airflow/example_dags/example_sensor_decorator.py
[2026-04-26T23:48:27.155+0000] {processor.py:840} INFO - DAG(s) 'example_sensor_decorator' retrieved from /home/airflow/.local/lib/python3.12/site-packages/airflow/example_dags/example_sensor_decorator.py
[2026-04-26T23:48:27.170+0000] {logging_mixin.py:188} INFO - [2026-04-26T23:48:27.169+0000] {dag.py:3096} INFO - Sync 1 DAGs
[2026-04-26T23:48:27.179+0000] {logging_mixin.py:188} INFO - [2026-04-26T23:48:27.179+0000] {dag.py:3954} INFO - Setting next_dagrun for example_sensor_decorator to None, run_after=None
[2026-04-26T23:48:27.191+0000] {processor.py:183} INFO - Processing /home/airflow/.local/lib/python3.12/site-packages/airflow/example_dags/example_sensor_decorator.py took 0.048 seconds
[2026-04-26T23:48:58.172+0000] {processor.py:161} INFO - Started process (PID=734) to work on /home/airflow/.local/lib/python3.12/site-packages/airflow/example_dags/example_sensor_decorator.py
[2026-04-26T23:48:58.173+0000] {processor.py:830} INFO - Processing file /home/airflow/.local/lib/python3.12/site-packages/airflow/example_dags/example_sensor_decorator.py for tasks to queue
[2026-04-26T23:48:58.174+0000] {logging_mixin.py:188} INFO - [2026-04-26T23:48:58.174+0000] {dagbag.py:545} INFO - Filling up the DagBag from /home/airflow/.local/lib/python3.12/site-packages/airflow/example_dags/example_sensor_decorator.py
[2026-04-26T23:48:58.179+0000] {processor.py:840} INFO - DAG(s) 'example_sensor_decorator' retrieved from /home/airflow/.local/lib/python3.12/site-packages/airflow/example_dags/example_sensor_decorator.py
[2026-04-26T23:48:58.194+0000] {logging_mixin.py:188} INFO - [2026-04-26T23:48:58.193+0000] {dag.py:3096} INFO - Sync 1 DAGs
[2026-04-26T23:48:58.204+0000] {logging_mixin.py:188} INFO - [2026-04-26T23:48:58.204+0000] {dag.py:3954} INFO - Setting next_dagrun for example_sensor_decorator to None, run_after=None
[2026-04-26T23:48:58.217+0000] {processor.py:183} INFO - Processing /home/airflow/.local/lib/python3.12/site-packages/airflow/example_dags/example_sensor_decorator.py took 0.049 seconds
[2026-04-26T23:49:28.409+0000] {processor.py:161} INFO - Started process (PID=793) to work on /home/airflow/.local/lib/python3.12/site-packages/airflow/example_dags/example_sensor_decorator.py
[2026-04-26T23:49:28.409+0000] {processor.py:830} INFO - Processing file /home/airflow/.local/lib/python3.12/site-packages/airflow/example_dags/example_sensor_decorator.py for tasks to queue
[2026-04-26T23:49:28.411+0000] {logging_mixin.py:188} INFO - [2026-04-26T23:49:28.410+0000] {dagbag.py:545} INFO - Filling up the DagBag from /home/airflow/.local/lib/python3.12/site-packages/airflow/example_dags/example_sensor_decorator.py
[2026-04-26T23:49:28.415+0000] {processor.py:840} INFO - DAG(s) 'example_sensor_decorator' retrieved from /home/airflow/.local/lib/python3.12/site-packages/airflow/example_dags/example_sensor_decorator.py
[2026-04-26T23:49:28.429+0000] {logging_mixin.py:188} INFO - [2026-04-26T23:49:28.429+0000] {dag.py:3096} INFO - Sync 1 DAGs
[2026-04-26T23:49:28.438+0000] {logging_mixin.py:188} INFO - [2026-04-26T23:49:28.438+0000] {dag.py:3954} INFO - Setting next_dagrun for example_sensor_decorator to None, run_after=None
[2026-04-26T23:49:28.449+0000] {processor.py:183} INFO - Processing /home/airflow/.local/lib/python3.12/site-packages/airflow/example_dags/example_sensor_decorator.py took 0.045 seconds
[2026-04-26T23:50:03.960+0000] {processor.py:161} INFO - Started process (PID=85) to work on /home/airflow/.local/lib/python3.12/site-packages/airflow/example_dags/example_sensor_decorator.py
[2026-04-26T23:50:03.960+0000] {processor.py:830} INFO - Processing file /home/airflow/.local/lib/python3.12/site-packages/airflow/example_dags/example_sensor_decorator.py for tasks to queue
[2026-04-26T23:50:03.961+0000] {logging_mixin.py:188} INFO - [2026-04-26T23:50:03.961+0000] {dagbag.py:545} INFO - Filling up the DagBag from /home/airflow/.local/lib/python3.12/site-packages/airflow/example_dags/example_sensor_decorator.py
[2026-04-26T23:50:03.967+0000] {processor.py:840} INFO - DAG(s) 'example_sensor_decorator' retrieved from /home/airflow/.local/lib/python3.12/site-packages/airflow/example_dags/example_sensor_decorator.py
[2026-04-26T23:50:03.974+0000] {logging_mixin.py:188} INFO - [2026-04-26T23:50:03.974+0000] {dag.py:3096} INFO - Sync 1 DAGs
[2026-04-26T23:50:03.982+0000] {logging_mixin.py:188} INFO - [2026-04-26T23:50:03.982+0000] {dag.py:3954} INFO - Setting next_dagrun for example_sensor_decorator to None, run_after=None
[2026-04-26T23:50:03.991+0000] {processor.py:183} INFO - Processing /home/airflow/.local/lib/python3.12/site-packages/airflow/example_dags/example_sensor_decorator.py took 0.035 seconds
[2026-04-26T23:50:35.339+0000] {processor.py:161} INFO - Started process (PID=144) to work on /home/airflow/.local/lib/python3.12/site-packages/airflow/example_dags/example_sensor_decorator.py
[2026-04-26T23:50:35.341+0000] {processor.py:830} INFO - Processing file /home/airflow/.local/lib/python3.12/site-packages/airflow/example_dags/example_sensor_decorator.py for tasks to queue
[2026-04-26T23:50:35.342+0000] {logging_mixin.py:188} INFO - [2026-04-26T23:50:35.342+0000] {dagbag.py:545} INFO - Filling up the DagBag from /home/airflow/.local/lib/python3.12/site-packages/airflow/example_dags/example_sensor_decorator.py
[2026-04-26T23:50:35.346+0000] {processor.py:840} INFO - DAG(s) 'example_sensor_decorator' retrieved from /home/airflow/.local/lib/python3.12/site-packages/airflow/example_dags/example_sensor_decorator.py
[2026-04-26T23:50:35.403+0000] {logging_mixin.py:188} INFO - [2026-04-26T23:50:35.403+0000] {dag.py:3096} INFO - Sync 1 DAGs
[2026-04-26T23:50:35.410+0000] {logging_mixin.py:188} INFO - [2026-04-26T23:50:35.409+0000] {dag.py:3954} INFO - Setting next_dagrun for example_sensor_decorator to None, run_after=None
[2026-04-26T23:50:35.430+0000] {processor.py:183} INFO - Processing /home/airflow/.local/lib/python3.12/site-packages/airflow/example_dags/example_sensor_decorator.py took 0.094 seconds
[2026-04-26T23:51:06.271+0000] {processor.py:161} INFO - Started process (PID=203) to work on /home/airflow/.local/lib/python3.12/site-packages/airflow/example_dags/example_sensor_decorator.py
[2026-04-26T23:51:06.272+0000] {processor.py:830} INFO - Processing file /home/airflow/.local/lib/python3.12/site-packages/airflow/example_dags/example_sensor_decorator.py for tasks to queue
[2026-04-26T23:51:06.273+0000] {logging_mixin.py:188} INFO - [2026-04-26T23:51:06.273+0000] {dagbag.py:545} INFO - Filling up the DagBag from /home/airflow/.local/lib/python3.12/site-packages/airflow/example_dags/example_sensor_decorator.py
[2026-04-26T23:51:06.278+0000] {processor.py:840} INFO - DAG(s) 'example_sensor_decorator' retrieved from /home/airflow/.local/lib/python3.12/site-packages/airflow/example_dags/example_sensor_decorator.py
[2026-04-26T23:51:06.292+0000] {logging_mixin.py:188} INFO - [2026-04-26T23:51:06.292+0000] {dag.py:3096} INFO - Sync 1 DAGs
[2026-04-26T23:51:06.301+0000] {logging_mixin.py:188} INFO - [2026-04-26T23:51:06.301+0000] {dag.py:3954} INFO - Setting next_dagrun for example_sensor_decorator to None, run_after=None
[2026-04-26T23:51:06.311+0000] {processor.py:183} INFO - Processing /home/airflow/.local/lib/python3.12/site-packages/airflow/example_dags/example_sensor_decorator.py took 0.045 seconds
[2026-04-26T23:51:36.390+0000] {processor.py:161} INFO - Started process (PID=262) to work on /home/airflow/.local/lib/python3.12/site-packages/airflow/example_dags/example_sensor_decorator.py
[2026-04-26T23:51:36.391+0000] {processor.py:830} INFO - Processing file /home/airflow/.local/lib/python3.12/site-packages/airflow/example_dags/example_sensor_decorator.py for tasks to queue
[2026-04-26T23:51:36.392+0000] {logging_mixin.py:188} INFO - [2026-04-26T23:51:36.392+0000] {dagbag.py:545} INFO - Filling up the DagBag from /home/airflow/.local/lib/python3.12/site-packages/airflow/example_dags/example_sensor_decorator.py
[2026-04-26T23:51:36.395+0000] {processor.py:840} INFO - DAG(s) 'example_sensor_decorator' retrieved from /home/airflow/.local/lib/python3.12/site-packages/airflow/example_dags/example_sensor_decorator.py
[2026-04-26T23:51:36.408+0000] {logging_mixin.py:188} INFO - [2026-04-26T23:51:36.408+0000] {dag.py:3096} INFO - Sync 1 DAGs
[2026-04-26T23:51:36.415+0000] {logging_mixin.py:188} INFO - [2026-04-26T23:51:36.415+0000] {dag.py:3954} INFO - Setting next_dagrun for example_sensor_decorator to None, run_after=None
[2026-04-26T23:51:36.424+0000] {processor.py:183} INFO - Processing /home/airflow/.local/lib/python3.12/site-packages/airflow/example_dags/example_sensor_decorator.py took 0.037 seconds
[2026-04-26T23:52:06.496+0000] {processor.py:161} INFO - Started process (PID=321) to work on /home/airflow/.local/lib/python3.12/site-packages/airflow/example_dags/example_sensor_decorator.py
[2026-04-26T23:52:06.496+0000] {processor.py:830} INFO - Processing file /home/airflow/.local/lib/python3.12/site-packages/airflow/example_dags/example_sensor_decorator.py for tasks to queue
[2026-04-26T23:52:06.497+0000] {logging_mixin.py:188} INFO - [2026-04-26T23:52:06.497+0000] {dagbag.py:545} INFO - Filling up the DagBag from /home/airflow/.local/lib/python3.12/site-packages/airflow/example_dags/example_sensor_decorator.py
[2026-04-26T23:52:06.501+0000] {processor.py:840} INFO - DAG(s) 'example_sensor_decorator' retrieved from /home/airflow/.local/lib/python3.12/site-packages/airflow/example_dags/example_sensor_decorator.py
[2026-04-26T23:52:06.511+0000] {logging_mixin.py:188} INFO - [2026-04-26T23:52:06.510+0000] {dag.py:3096} INFO - Sync 1 DAGs
[2026-04-26T23:52:06.518+0000] {logging_mixin.py:188} INFO - [2026-04-26T23:52:06.517+0000] {dag.py:3954} INFO - Setting next_dagrun for example_sensor_decorator to None, run_after=None
[2026-04-26T23:52:06.527+0000] {processor.py:183} INFO - Processing /home/airflow/.local/lib/python3.12/site-packages/airflow/example_dags/example_sensor_decorator.py took 0.035 seconds
[2026-04-26T23:52:36.707+0000] {processor.py:161} INFO - Started process (PID=380) to work on /home/airflow/.local/lib/python3.12/site-packages/airflow/example_dags/example_sensor_decorator.py
[2026-04-26T23:52:36.708+0000] {processor.py:830} INFO - Processing file /home/airflow/.local/lib/python3.12/site-packages/airflow/example_dags/example_sensor_decorator.py for tasks to queue
[2026-04-26T23:52:36.709+0000] {logging_mixin.py:188} INFO - [2026-04-26T23:52:36.709+0000] {dagbag.py:545} INFO - Filling up the DagBag from /home/airflow/.local/lib/python3.12/site-packages/airflow/example_dags/example_sensor_decorator.py
[2026-04-26T23:52:36.713+0000] {processor.py:840} INFO - DAG(s) 'example_sensor_decorator' retrieved from /home/airflow/.local/lib/python3.12/site-packages/airflow/example_dags/example_sensor_decorator.py
[2026-04-26T23:52:36.722+0000] {logging_mixin.py:188} INFO - [2026-04-26T23:52:36.722+0000] {dag.py:3096} INFO - Sync 1 DAGs
[2026-04-26T23:52:36.729+0000] {logging_mixin.py:188} INFO - [2026-04-26T23:52:36.729+0000] {dag.py:3954} INFO - Setting next_dagrun for example_sensor_decorator to None, run_after=None
[2026-04-26T23:52:36.739+0000] {processor.py:183} INFO - Processing /home/airflow/.local/lib/python3.12/site-packages/airflow/example_dags/example_sensor_decorator.py took 0.034 seconds
[2026-04-26T23:53:07.582+0000] {processor.py:161} INFO - Started process (PID=439) to work on /home/airflow/.local/lib/python3.12/site-packages/airflow/example_dags/example_sensor_decorator.py
[2026-04-26T23:53:07.583+0000] {processor.py:830} INFO - Processing file /home/airflow/.local/lib/python3.12/site-packages/airflow/example_dags/example_sensor_decorator.py for tasks to queue
[2026-04-26T23:53:07.584+0000] {logging_mixin.py:188} INFO - [2026-04-26T23:53:07.584+0000] {dagbag.py:545} INFO - Filling up the DagBag from /home/airflow/.local/lib/python3.12/site-packages/airflow/example_dags/example_sensor_decorator.py
[2026-04-26T23:53:07.589+0000] {processor.py:840} INFO - DAG(s) 'example_sensor_decorator' retrieved from /home/airflow/.local/lib/python3.12/site-packages/airflow/example_dags/example_sensor_decorator.py
[2026-04-26T23:53:07.602+0000] {logging_mixin.py:188} INFO - [2026-04-26T23:53:07.602+0000] {dag.py:3096} INFO - Sync 1 DAGs
[2026-04-26T23:53:07.611+0000] {logging_mixin.py:188} INFO - [2026-04-26T23:53:07.611+0000] {dag.py:3954} INFO - Setting next_dagrun for example_sensor_decorator to None, run_after=None
[2026-04-26T23:53:07.624+0000] {processor.py:183} INFO - Processing /home/airflow/.local/lib/python3.12/site-packages/airflow/example_dags/example_sensor_decorator.py took 0.046 seconds
[2026-04-26T23:53:37.918+0000] {processor.py:161} INFO - Started process (PID=498) to work on /home/airflow/.local/lib/python3.12/site-packages/airflow/example_dags/example_sensor_decorator.py
[2026-04-26T23:53:37.919+0000] {processor.py:830} INFO - Processing file /home/airflow/.local/lib/python3.12/site-packages/airflow/example_dags/example_sensor_decorator.py for tasks to queue
[2026-04-26T23:53:37.920+0000] {logging_mixin.py:188} INFO - [2026-04-26T23:53:37.920+0000] {dagbag.py:545} INFO - Filling up the DagBag from /home/airflow/.local/lib/python3.12/site-packages/airflow/example_dags/example_sensor_decorator.py
[2026-04-26T23:53:37.925+0000] {processor.py:840} INFO - DAG(s) 'example_sensor_decorator' retrieved from /home/airflow/.local/lib/python3.12/site-packages/airflow/example_dags/example_sensor_decorator.py
[2026-04-26T23:53:37.938+0000] {logging_mixin.py:188} INFO - [2026-04-26T23:53:37.938+0000] {dag.py:3096} INFO - Sync 1 DAGs
[2026-04-26T23:53:37.947+0000] {logging_mixin.py:188} INFO - [2026-04-26T23:53:37.947+0000] {dag.py:3954} INFO - Setting next_dagrun for example_sensor_decorator to None, run_after=None
[2026-04-26T23:53:37.958+0000] {processor.py:183} INFO - Processing /home/airflow/.local/lib/python3.12/site-packages/airflow/example_dags/example_sensor_decorator.py took 0.045 seconds
