[2026-04-26T23:08:14.233+0000] {processor.py:161} INFO - Started process (PID=48) to work on /home/airflow/.local/lib/python3.12/site-packages/airflow/example_dags/example_dynamic_task_mapping_with_no_taskflow_operators.py
[2026-04-26T23:08:14.233+0000] {processor.py:830} INFO - Processing file /home/airflow/.local/lib/python3.12/site-packages/airflow/example_dags/example_dynamic_task_mapping_with_no_taskflow_operators.py for tasks to queue
[2026-04-26T23:08:14.235+0000] {logging_mixin.py:188} INFO - [2026-04-26T23:08:14.234+0000] {dagbag.py:545} INFO - Filling up the DagBag from /home/airflow/.local/lib/python3.12/site-packages/airflow/example_dags/example_dynamic_task_mapping_with_no_taskflow_operators.py
[2026-04-26T23:08:14.262+0000] {processor.py:840} INFO - DAG(s) 'example_dynamic_task_mapping_with_no_taskflow_operators' retrieved from /home/airflow/.local/lib/python3.12/site-packages/airflow/example_dags/example_dynamic_task_mapping_with_no_taskflow_operators.py
[2026-04-26T23:08:14.278+0000] {logging_mixin.py:188} INFO - [2026-04-26T23:08:14.277+0000] {dag.py:3096} INFO - Sync 1 DAGs
[2026-04-26T23:08:14.290+0000] {logging_mixin.py:188} INFO - [2026-04-26T23:08:14.290+0000] {dag.py:3954} INFO - Setting next_dagrun for example_dynamic_task_mapping_with_no_taskflow_operators to 2026-04-25 00:00:00+00:00, run_after=2026-04-26 00:00:00+00:00
[2026-04-26T23:08:14.301+0000] {processor.py:183} INFO - Processing /home/airflow/.local/lib/python3.12/site-packages/airflow/example_dags/example_dynamic_task_mapping_with_no_taskflow_operators.py took 0.073 seconds
[2026-04-26T23:08:44.390+0000] {processor.py:161} INFO - Started process (PID=106) to work on /home/airflow/.local/lib/python3.12/site-packages/airflow/example_dags/example_dynamic_task_mapping_with_no_taskflow_operators.py
[2026-04-26T23:08:44.391+0000] {processor.py:830} INFO - Processing file /home/airflow/.local/lib/python3.12/site-packages/airflow/example_dags/example_dynamic_task_mapping_with_no_taskflow_operators.py for tasks to queue
[2026-04-26T23:08:44.392+0000] {logging_mixin.py:188} INFO - [2026-04-26T23:08:44.392+0000] {dagbag.py:545} INFO - Filling up the DagBag from /home/airflow/.local/lib/python3.12/site-packages/airflow/example_dags/example_dynamic_task_mapping_with_no_taskflow_operators.py
[2026-04-26T23:08:44.397+0000] {processor.py:840} INFO - DAG(s) 'example_dynamic_task_mapping_with_no_taskflow_operators' retrieved from /home/airflow/.local/lib/python3.12/site-packages/airflow/example_dags/example_dynamic_task_mapping_with_no_taskflow_operators.py
[2026-04-26T23:08:44.614+0000] {logging_mixin.py:188} INFO - [2026-04-26T23:08:44.614+0000] {dag.py:3096} INFO - Sync 1 DAGs
[2026-04-26T23:08:44.624+0000] {logging_mixin.py:188} INFO - [2026-04-26T23:08:44.624+0000] {dag.py:3954} INFO - Setting next_dagrun for example_dynamic_task_mapping_with_no_taskflow_operators to 2026-04-25 00:00:00+00:00, run_after=2026-04-26 00:00:00+00:00
[2026-04-26T23:08:44.633+0000] {processor.py:183} INFO - Processing /home/airflow/.local/lib/python3.12/site-packages/airflow/example_dags/example_dynamic_task_mapping_with_no_taskflow_operators.py took 0.246 seconds
[2026-04-26T23:09:14.918+0000] {processor.py:161} INFO - Started process (PID=164) to work on /home/airflow/.local/lib/python3.12/site-packages/airflow/example_dags/example_dynamic_task_mapping_with_no_taskflow_operators.py
[2026-04-26T23:09:14.919+0000] {processor.py:830} INFO - Processing file /home/airflow/.local/lib/python3.12/site-packages/airflow/example_dags/example_dynamic_task_mapping_with_no_taskflow_operators.py for tasks to queue
[2026-04-26T23:09:14.920+0000] {logging_mixin.py:188} INFO - [2026-04-26T23:09:14.920+0000] {dagbag.py:545} INFO - Filling up the DagBag from /home/airflow/.local/lib/python3.12/site-packages/airflow/example_dags/example_dynamic_task_mapping_with_no_taskflow_operators.py
[2026-04-26T23:09:14.925+0000] {processor.py:840} INFO - DAG(s) 'example_dynamic_task_mapping_with_no_taskflow_operators' retrieved from /home/airflow/.local/lib/python3.12/site-packages/airflow/example_dags/example_dynamic_task_mapping_with_no_taskflow_operators.py
[2026-04-26T23:09:14.938+0000] {logging_mixin.py:188} INFO - [2026-04-26T23:09:14.937+0000] {dag.py:3096} INFO - Sync 1 DAGs
[2026-04-26T23:09:14.954+0000] {logging_mixin.py:188} INFO - [2026-04-26T23:09:14.954+0000] {dag.py:3954} INFO - Setting next_dagrun for example_dynamic_task_mapping_with_no_taskflow_operators to 2026-04-25 00:00:00+00:00, run_after=2026-04-26 00:00:00+00:00
[2026-04-26T23:09:14.965+0000] {processor.py:183} INFO - Processing /home/airflow/.local/lib/python3.12/site-packages/airflow/example_dags/example_dynamic_task_mapping_with_no_taskflow_operators.py took 0.051 seconds
[2026-04-26T23:09:45.797+0000] {processor.py:161} INFO - Started process (PID=222) to work on /home/airflow/.local/lib/python3.12/site-packages/airflow/example_dags/example_dynamic_task_mapping_with_no_taskflow_operators.py
[2026-04-26T23:09:45.806+0000] {processor.py:830} INFO - Processing file /home/airflow/.local/lib/python3.12/site-packages/airflow/example_dags/example_dynamic_task_mapping_with_no_taskflow_operators.py for tasks to queue
[2026-04-26T23:09:45.807+0000] {logging_mixin.py:188} INFO - [2026-04-26T23:09:45.807+0000] {dagbag.py:545} INFO - Filling up the DagBag from /home/airflow/.local/lib/python3.12/site-packages/airflow/example_dags/example_dynamic_task_mapping_with_no_taskflow_operators.py
[2026-04-26T23:09:45.812+0000] {processor.py:840} INFO - DAG(s) 'example_dynamic_task_mapping_with_no_taskflow_operators' retrieved from /home/airflow/.local/lib/python3.12/site-packages/airflow/example_dags/example_dynamic_task_mapping_with_no_taskflow_operators.py
[2026-04-26T23:09:45.825+0000] {logging_mixin.py:188} INFO - [2026-04-26T23:09:45.825+0000] {dag.py:3096} INFO - Sync 1 DAGs
[2026-04-26T23:09:45.839+0000] {logging_mixin.py:188} INFO - [2026-04-26T23:09:45.839+0000] {dag.py:3954} INFO - Setting next_dagrun for example_dynamic_task_mapping_with_no_taskflow_operators to 2026-04-25 00:00:00+00:00, run_after=2026-04-26 00:00:00+00:00
[2026-04-26T23:09:45.851+0000] {processor.py:183} INFO - Processing /home/airflow/.local/lib/python3.12/site-packages/airflow/example_dags/example_dynamic_task_mapping_with_no_taskflow_operators.py took 0.058 seconds
[2026-04-26T23:10:16.629+0000] {processor.py:161} INFO - Started process (PID=280) to work on /home/airflow/.local/lib/python3.12/site-packages/airflow/example_dags/example_dynamic_task_mapping_with_no_taskflow_operators.py
[2026-04-26T23:10:16.641+0000] {processor.py:830} INFO - Processing file /home/airflow/.local/lib/python3.12/site-packages/airflow/example_dags/example_dynamic_task_mapping_with_no_taskflow_operators.py for tasks to queue
[2026-04-26T23:10:16.642+0000] {logging_mixin.py:188} INFO - [2026-04-26T23:10:16.642+0000] {dagbag.py:545} INFO - Filling up the DagBag from /home/airflow/.local/lib/python3.12/site-packages/airflow/example_dags/example_dynamic_task_mapping_with_no_taskflow_operators.py
[2026-04-26T23:10:16.647+0000] {processor.py:840} INFO - DAG(s) 'example_dynamic_task_mapping_with_no_taskflow_operators' retrieved from /home/airflow/.local/lib/python3.12/site-packages/airflow/example_dags/example_dynamic_task_mapping_with_no_taskflow_operators.py
[2026-04-26T23:10:16.661+0000] {logging_mixin.py:188} INFO - [2026-04-26T23:10:16.660+0000] {dag.py:3096} INFO - Sync 1 DAGs
[2026-04-26T23:10:16.675+0000] {logging_mixin.py:188} INFO - [2026-04-26T23:10:16.675+0000] {dag.py:3954} INFO - Setting next_dagrun for example_dynamic_task_mapping_with_no_taskflow_operators to 2026-04-25 00:00:00+00:00, run_after=2026-04-26 00:00:00+00:00
[2026-04-26T23:10:16.686+0000] {processor.py:183} INFO - Processing /home/airflow/.local/lib/python3.12/site-packages/airflow/example_dags/example_dynamic_task_mapping_with_no_taskflow_operators.py took 0.062 seconds
[2026-04-26T23:10:46.764+0000] {processor.py:161} INFO - Started process (PID=338) to work on /home/airflow/.local/lib/python3.12/site-packages/airflow/example_dags/example_dynamic_task_mapping_with_no_taskflow_operators.py
[2026-04-26T23:10:46.764+0000] {processor.py:830} INFO - Processing file /home/airflow/.local/lib/python3.12/site-packages/airflow/example_dags/example_dynamic_task_mapping_with_no_taskflow_operators.py for tasks to queue
[2026-04-26T23:10:46.766+0000] {logging_mixin.py:188} INFO - [2026-04-26T23:10:46.765+0000] {dagbag.py:545} INFO - Filling up the DagBag from /home/airflow/.local/lib/python3.12/site-packages/airflow/example_dags/example_dynamic_task_mapping_with_no_taskflow_operators.py
[2026-04-26T23:10:46.770+0000] {processor.py:840} INFO - DAG(s) 'example_dynamic_task_mapping_with_no_taskflow_operators' retrieved from /home/airflow/.local/lib/python3.12/site-packages/airflow/example_dags/example_dynamic_task_mapping_with_no_taskflow_operators.py
[2026-04-26T23:10:46.783+0000] {logging_mixin.py:188} INFO - [2026-04-26T23:10:46.783+0000] {dag.py:3096} INFO - Sync 1 DAGs
[2026-04-26T23:10:46.798+0000] {logging_mixin.py:188} INFO - [2026-04-26T23:10:46.798+0000] {dag.py:3954} INFO - Setting next_dagrun for example_dynamic_task_mapping_with_no_taskflow_operators to 2026-04-25 00:00:00+00:00, run_after=2026-04-26 00:00:00+00:00
[2026-04-26T23:10:46.809+0000] {processor.py:183} INFO - Processing /home/airflow/.local/lib/python3.12/site-packages/airflow/example_dags/example_dynamic_task_mapping_with_no_taskflow_operators.py took 0.050 seconds
[2026-04-26T23:11:17.625+0000] {processor.py:161} INFO - Started process (PID=396) to work on /home/airflow/.local/lib/python3.12/site-packages/airflow/example_dags/example_dynamic_task_mapping_with_no_taskflow_operators.py
[2026-04-26T23:11:17.636+0000] {processor.py:830} INFO - Processing file /home/airflow/.local/lib/python3.12/site-packages/airflow/example_dags/example_dynamic_task_mapping_with_no_taskflow_operators.py for tasks to queue
[2026-04-26T23:11:17.637+0000] {logging_mixin.py:188} INFO - [2026-04-26T23:11:17.637+0000] {dagbag.py:545} INFO - Filling up the DagBag from /home/airflow/.local/lib/python3.12/site-packages/airflow/example_dags/example_dynamic_task_mapping_with_no_taskflow_operators.py
[2026-04-26T23:11:17.643+0000] {processor.py:840} INFO - DAG(s) 'example_dynamic_task_mapping_with_no_taskflow_operators' retrieved from /home/airflow/.local/lib/python3.12/site-packages/airflow/example_dags/example_dynamic_task_mapping_with_no_taskflow_operators.py
[2026-04-26T23:11:17.655+0000] {logging_mixin.py:188} INFO - [2026-04-26T23:11:17.654+0000] {dag.py:3096} INFO - Sync 1 DAGs
[2026-04-26T23:11:17.667+0000] {logging_mixin.py:188} INFO - [2026-04-26T23:11:17.667+0000] {dag.py:3954} INFO - Setting next_dagrun for example_dynamic_task_mapping_with_no_taskflow_operators to 2026-04-25 00:00:00+00:00, run_after=2026-04-26 00:00:00+00:00
[2026-04-26T23:11:17.678+0000] {processor.py:183} INFO - Processing /home/airflow/.local/lib/python3.12/site-packages/airflow/example_dags/example_dynamic_task_mapping_with_no_taskflow_operators.py took 0.057 seconds
[2026-04-26T23:11:48.396+0000] {processor.py:161} INFO - Started process (PID=460) to work on /home/airflow/.local/lib/python3.12/site-packages/airflow/example_dags/example_dynamic_task_mapping_with_no_taskflow_operators.py
[2026-04-26T23:11:48.408+0000] {processor.py:830} INFO - Processing file /home/airflow/.local/lib/python3.12/site-packages/airflow/example_dags/example_dynamic_task_mapping_with_no_taskflow_operators.py for tasks to queue
[2026-04-26T23:11:48.409+0000] {logging_mixin.py:188} INFO - [2026-04-26T23:11:48.409+0000] {dagbag.py:545} INFO - Filling up the DagBag from /home/airflow/.local/lib/python3.12/site-packages/airflow/example_dags/example_dynamic_task_mapping_with_no_taskflow_operators.py
[2026-04-26T23:11:48.414+0000] {processor.py:840} INFO - DAG(s) 'example_dynamic_task_mapping_with_no_taskflow_operators' retrieved from /home/airflow/.local/lib/python3.12/site-packages/airflow/example_dags/example_dynamic_task_mapping_with_no_taskflow_operators.py
[2026-04-26T23:11:48.426+0000] {logging_mixin.py:188} INFO - [2026-04-26T23:11:48.426+0000] {dag.py:3096} INFO - Sync 1 DAGs
[2026-04-26T23:11:48.440+0000] {logging_mixin.py:188} INFO - [2026-04-26T23:11:48.439+0000] {dag.py:3954} INFO - Setting next_dagrun for example_dynamic_task_mapping_with_no_taskflow_operators to 2026-04-25 00:00:00+00:00, run_after=2026-04-26 00:00:00+00:00
[2026-04-26T23:11:48.450+0000] {processor.py:183} INFO - Processing /home/airflow/.local/lib/python3.12/site-packages/airflow/example_dags/example_dynamic_task_mapping_with_no_taskflow_operators.py took 0.057 seconds
[2026-04-26T23:12:19.190+0000] {processor.py:161} INFO - Started process (PID=518) to work on /home/airflow/.local/lib/python3.12/site-packages/airflow/example_dags/example_dynamic_task_mapping_with_no_taskflow_operators.py
[2026-04-26T23:12:19.191+0000] {processor.py:830} INFO - Processing file /home/airflow/.local/lib/python3.12/site-packages/airflow/example_dags/example_dynamic_task_mapping_with_no_taskflow_operators.py for tasks to queue
[2026-04-26T23:12:19.192+0000] {logging_mixin.py:188} INFO - [2026-04-26T23:12:19.192+0000] {dagbag.py:545} INFO - Filling up the DagBag from /home/airflow/.local/lib/python3.12/site-packages/airflow/example_dags/example_dynamic_task_mapping_with_no_taskflow_operators.py
[2026-04-26T23:12:19.197+0000] {processor.py:840} INFO - DAG(s) 'example_dynamic_task_mapping_with_no_taskflow_operators' retrieved from /home/airflow/.local/lib/python3.12/site-packages/airflow/example_dags/example_dynamic_task_mapping_with_no_taskflow_operators.py
[2026-04-26T23:12:19.209+0000] {logging_mixin.py:188} INFO - [2026-04-26T23:12:19.209+0000] {dag.py:3096} INFO - Sync 1 DAGs
[2026-04-26T23:12:19.223+0000] {logging_mixin.py:188} INFO - [2026-04-26T23:12:19.223+0000] {dag.py:3954} INFO - Setting next_dagrun for example_dynamic_task_mapping_with_no_taskflow_operators to 2026-04-25 00:00:00+00:00, run_after=2026-04-26 00:00:00+00:00
[2026-04-26T23:12:19.234+0000] {processor.py:183} INFO - Processing /home/airflow/.local/lib/python3.12/site-packages/airflow/example_dags/example_dynamic_task_mapping_with_no_taskflow_operators.py took 0.048 seconds
[2026-04-26T23:12:49.935+0000] {processor.py:161} INFO - Started process (PID=576) to work on /home/airflow/.local/lib/python3.12/site-packages/airflow/example_dags/example_dynamic_task_mapping_with_no_taskflow_operators.py
[2026-04-26T23:12:49.936+0000] {processor.py:830} INFO - Processing file /home/airflow/.local/lib/python3.12/site-packages/airflow/example_dags/example_dynamic_task_mapping_with_no_taskflow_operators.py for tasks to queue
[2026-04-26T23:12:49.938+0000] {logging_mixin.py:188} INFO - [2026-04-26T23:12:49.937+0000] {dagbag.py:545} INFO - Filling up the DagBag from /home/airflow/.local/lib/python3.12/site-packages/airflow/example_dags/example_dynamic_task_mapping_with_no_taskflow_operators.py
[2026-04-26T23:12:49.943+0000] {processor.py:840} INFO - DAG(s) 'example_dynamic_task_mapping_with_no_taskflow_operators' retrieved from /home/airflow/.local/lib/python3.12/site-packages/airflow/example_dags/example_dynamic_task_mapping_with_no_taskflow_operators.py
[2026-04-26T23:12:49.960+0000] {logging_mixin.py:188} INFO - [2026-04-26T23:12:49.960+0000] {dag.py:3096} INFO - Sync 1 DAGs
[2026-04-26T23:12:49.980+0000] {logging_mixin.py:188} INFO - [2026-04-26T23:12:49.979+0000] {dag.py:3954} INFO - Setting next_dagrun for example_dynamic_task_mapping_with_no_taskflow_operators to 2026-04-25 00:00:00+00:00, run_after=2026-04-26 00:00:00+00:00
[2026-04-26T23:12:49.993+0000] {processor.py:183} INFO - Processing /home/airflow/.local/lib/python3.12/site-packages/airflow/example_dags/example_dynamic_task_mapping_with_no_taskflow_operators.py took 0.063 seconds
[2026-04-26T23:13:20.109+0000] {processor.py:161} INFO - Started process (PID=634) to work on /home/airflow/.local/lib/python3.12/site-packages/airflow/example_dags/example_dynamic_task_mapping_with_no_taskflow_operators.py
[2026-04-26T23:13:20.110+0000] {processor.py:830} INFO - Processing file /home/airflow/.local/lib/python3.12/site-packages/airflow/example_dags/example_dynamic_task_mapping_with_no_taskflow_operators.py for tasks to queue
[2026-04-26T23:13:20.111+0000] {logging_mixin.py:188} INFO - [2026-04-26T23:13:20.110+0000] {dagbag.py:545} INFO - Filling up the DagBag from /home/airflow/.local/lib/python3.12/site-packages/airflow/example_dags/example_dynamic_task_mapping_with_no_taskflow_operators.py
[2026-04-26T23:13:20.116+0000] {processor.py:840} INFO - DAG(s) 'example_dynamic_task_mapping_with_no_taskflow_operators' retrieved from /home/airflow/.local/lib/python3.12/site-packages/airflow/example_dags/example_dynamic_task_mapping_with_no_taskflow_operators.py
[2026-04-26T23:13:20.128+0000] {logging_mixin.py:188} INFO - [2026-04-26T23:13:20.128+0000] {dag.py:3096} INFO - Sync 1 DAGs
[2026-04-26T23:13:20.140+0000] {logging_mixin.py:188} INFO - [2026-04-26T23:13:20.140+0000] {dag.py:3954} INFO - Setting next_dagrun for example_dynamic_task_mapping_with_no_taskflow_operators to 2026-04-25 00:00:00+00:00, run_after=2026-04-26 00:00:00+00:00
[2026-04-26T23:13:20.150+0000] {processor.py:183} INFO - Processing /home/airflow/.local/lib/python3.12/site-packages/airflow/example_dags/example_dynamic_task_mapping_with_no_taskflow_operators.py took 0.045 seconds
[2026-04-26T23:13:50.351+0000] {processor.py:161} INFO - Started process (PID=692) to work on /home/airflow/.local/lib/python3.12/site-packages/airflow/example_dags/example_dynamic_task_mapping_with_no_taskflow_operators.py
[2026-04-26T23:13:50.352+0000] {processor.py:830} INFO - Processing file /home/airflow/.local/lib/python3.12/site-packages/airflow/example_dags/example_dynamic_task_mapping_with_no_taskflow_operators.py for tasks to queue
[2026-04-26T23:13:50.354+0000] {logging_mixin.py:188} INFO - [2026-04-26T23:13:50.353+0000] {dagbag.py:545} INFO - Filling up the DagBag from /home/airflow/.local/lib/python3.12/site-packages/airflow/example_dags/example_dynamic_task_mapping_with_no_taskflow_operators.py
[2026-04-26T23:13:50.359+0000] {processor.py:840} INFO - DAG(s) 'example_dynamic_task_mapping_with_no_taskflow_operators' retrieved from /home/airflow/.local/lib/python3.12/site-packages/airflow/example_dags/example_dynamic_task_mapping_with_no_taskflow_operators.py
[2026-04-26T23:13:50.374+0000] {logging_mixin.py:188} INFO - [2026-04-26T23:13:50.374+0000] {dag.py:3096} INFO - Sync 1 DAGs
[2026-04-26T23:13:50.392+0000] {logging_mixin.py:188} INFO - [2026-04-26T23:13:50.392+0000] {dag.py:3954} INFO - Setting next_dagrun for example_dynamic_task_mapping_with_no_taskflow_operators to 2026-04-25 00:00:00+00:00, run_after=2026-04-26 00:00:00+00:00
[2026-04-26T23:13:50.405+0000] {processor.py:183} INFO - Processing /home/airflow/.local/lib/python3.12/site-packages/airflow/example_dags/example_dynamic_task_mapping_with_no_taskflow_operators.py took 0.059 seconds
[2026-04-26T23:14:21.084+0000] {processor.py:161} INFO - Started process (PID=750) to work on /home/airflow/.local/lib/python3.12/site-packages/airflow/example_dags/example_dynamic_task_mapping_with_no_taskflow_operators.py
[2026-04-26T23:14:21.084+0000] {processor.py:830} INFO - Processing file /home/airflow/.local/lib/python3.12/site-packages/airflow/example_dags/example_dynamic_task_mapping_with_no_taskflow_operators.py for tasks to queue
[2026-04-26T23:14:21.085+0000] {logging_mixin.py:188} INFO - [2026-04-26T23:14:21.085+0000] {dagbag.py:545} INFO - Filling up the DagBag from /home/airflow/.local/lib/python3.12/site-packages/airflow/example_dags/example_dynamic_task_mapping_with_no_taskflow_operators.py
[2026-04-26T23:14:21.089+0000] {processor.py:840} INFO - DAG(s) 'example_dynamic_task_mapping_with_no_taskflow_operators' retrieved from /home/airflow/.local/lib/python3.12/site-packages/airflow/example_dags/example_dynamic_task_mapping_with_no_taskflow_operators.py
[2026-04-26T23:14:21.100+0000] {logging_mixin.py:188} INFO - [2026-04-26T23:14:21.099+0000] {dag.py:3096} INFO - Sync 1 DAGs
[2026-04-26T23:14:21.111+0000] {logging_mixin.py:188} INFO - [2026-04-26T23:14:21.111+0000] {dag.py:3954} INFO - Setting next_dagrun for example_dynamic_task_mapping_with_no_taskflow_operators to 2026-04-25 00:00:00+00:00, run_after=2026-04-26 00:00:00+00:00
[2026-04-26T23:14:21.120+0000] {processor.py:183} INFO - Processing /home/airflow/.local/lib/python3.12/site-packages/airflow/example_dags/example_dynamic_task_mapping_with_no_taskflow_operators.py took 0.040 seconds
[2026-04-26T23:14:51.755+0000] {processor.py:161} INFO - Started process (PID=808) to work on /home/airflow/.local/lib/python3.12/site-packages/airflow/example_dags/example_dynamic_task_mapping_with_no_taskflow_operators.py
[2026-04-26T23:14:51.759+0000] {processor.py:830} INFO - Processing file /home/airflow/.local/lib/python3.12/site-packages/airflow/example_dags/example_dynamic_task_mapping_with_no_taskflow_operators.py for tasks to queue
[2026-04-26T23:14:51.760+0000] {logging_mixin.py:188} INFO - [2026-04-26T23:14:51.760+0000] {dagbag.py:545} INFO - Filling up the DagBag from /home/airflow/.local/lib/python3.12/site-packages/airflow/example_dags/example_dynamic_task_mapping_with_no_taskflow_operators.py
[2026-04-26T23:14:51.765+0000] {processor.py:840} INFO - DAG(s) 'example_dynamic_task_mapping_with_no_taskflow_operators' retrieved from /home/airflow/.local/lib/python3.12/site-packages/airflow/example_dags/example_dynamic_task_mapping_with_no_taskflow_operators.py
[2026-04-26T23:14:51.779+0000] {logging_mixin.py:188} INFO - [2026-04-26T23:14:51.779+0000] {dag.py:3096} INFO - Sync 1 DAGs
[2026-04-26T23:14:51.795+0000] {logging_mixin.py:188} INFO - [2026-04-26T23:14:51.795+0000] {dag.py:3954} INFO - Setting next_dagrun for example_dynamic_task_mapping_with_no_taskflow_operators to 2026-04-25 00:00:00+00:00, run_after=2026-04-26 00:00:00+00:00
[2026-04-26T23:14:51.808+0000] {processor.py:183} INFO - Processing /home/airflow/.local/lib/python3.12/site-packages/airflow/example_dags/example_dynamic_task_mapping_with_no_taskflow_operators.py took 0.057 seconds
[2026-04-26T23:15:21.900+0000] {processor.py:161} INFO - Started process (PID=866) to work on /home/airflow/.local/lib/python3.12/site-packages/airflow/example_dags/example_dynamic_task_mapping_with_no_taskflow_operators.py
[2026-04-26T23:15:21.900+0000] {processor.py:830} INFO - Processing file /home/airflow/.local/lib/python3.12/site-packages/airflow/example_dags/example_dynamic_task_mapping_with_no_taskflow_operators.py for tasks to queue
[2026-04-26T23:15:21.902+0000] {logging_mixin.py:188} INFO - [2026-04-26T23:15:21.901+0000] {dagbag.py:545} INFO - Filling up the DagBag from /home/airflow/.local/lib/python3.12/site-packages/airflow/example_dags/example_dynamic_task_mapping_with_no_taskflow_operators.py
[2026-04-26T23:15:21.906+0000] {processor.py:840} INFO - DAG(s) 'example_dynamic_task_mapping_with_no_taskflow_operators' retrieved from /home/airflow/.local/lib/python3.12/site-packages/airflow/example_dags/example_dynamic_task_mapping_with_no_taskflow_operators.py
[2026-04-26T23:15:21.917+0000] {logging_mixin.py:188} INFO - [2026-04-26T23:15:21.917+0000] {dag.py:3096} INFO - Sync 1 DAGs
[2026-04-26T23:15:21.930+0000] {logging_mixin.py:188} INFO - [2026-04-26T23:15:21.929+0000] {dag.py:3954} INFO - Setting next_dagrun for example_dynamic_task_mapping_with_no_taskflow_operators to 2026-04-25 00:00:00+00:00, run_after=2026-04-26 00:00:00+00:00
[2026-04-26T23:15:21.939+0000] {processor.py:183} INFO - Processing /home/airflow/.local/lib/python3.12/site-packages/airflow/example_dags/example_dynamic_task_mapping_with_no_taskflow_operators.py took 0.043 seconds
[2026-04-26T23:15:52.146+0000] {processor.py:161} INFO - Started process (PID=924) to work on /home/airflow/.local/lib/python3.12/site-packages/airflow/example_dags/example_dynamic_task_mapping_with_no_taskflow_operators.py
[2026-04-26T23:15:52.153+0000] {processor.py:830} INFO - Processing file /home/airflow/.local/lib/python3.12/site-packages/airflow/example_dags/example_dynamic_task_mapping_with_no_taskflow_operators.py for tasks to queue
[2026-04-26T23:15:52.154+0000] {logging_mixin.py:188} INFO - [2026-04-26T23:15:52.154+0000] {dagbag.py:545} INFO - Filling up the DagBag from /home/airflow/.local/lib/python3.12/site-packages/airflow/example_dags/example_dynamic_task_mapping_with_no_taskflow_operators.py
[2026-04-26T23:15:52.159+0000] {processor.py:840} INFO - DAG(s) 'example_dynamic_task_mapping_with_no_taskflow_operators' retrieved from /home/airflow/.local/lib/python3.12/site-packages/airflow/example_dags/example_dynamic_task_mapping_with_no_taskflow_operators.py
[2026-04-26T23:15:52.174+0000] {logging_mixin.py:188} INFO - [2026-04-26T23:15:52.173+0000] {dag.py:3096} INFO - Sync 1 DAGs
[2026-04-26T23:15:52.189+0000] {logging_mixin.py:188} INFO - [2026-04-26T23:15:52.189+0000] {dag.py:3954} INFO - Setting next_dagrun for example_dynamic_task_mapping_with_no_taskflow_operators to 2026-04-25 00:00:00+00:00, run_after=2026-04-26 00:00:00+00:00
[2026-04-26T23:15:52.201+0000] {processor.py:183} INFO - Processing /home/airflow/.local/lib/python3.12/site-packages/airflow/example_dags/example_dynamic_task_mapping_with_no_taskflow_operators.py took 0.060 seconds
[2026-04-26T23:16:22.317+0000] {processor.py:161} INFO - Started process (PID=982) to work on /home/airflow/.local/lib/python3.12/site-packages/airflow/example_dags/example_dynamic_task_mapping_with_no_taskflow_operators.py
[2026-04-26T23:16:22.317+0000] {processor.py:830} INFO - Processing file /home/airflow/.local/lib/python3.12/site-packages/airflow/example_dags/example_dynamic_task_mapping_with_no_taskflow_operators.py for tasks to queue
[2026-04-26T23:16:22.318+0000] {logging_mixin.py:188} INFO - [2026-04-26T23:16:22.318+0000] {dagbag.py:545} INFO - Filling up the DagBag from /home/airflow/.local/lib/python3.12/site-packages/airflow/example_dags/example_dynamic_task_mapping_with_no_taskflow_operators.py
[2026-04-26T23:16:22.323+0000] {processor.py:840} INFO - DAG(s) 'example_dynamic_task_mapping_with_no_taskflow_operators' retrieved from /home/airflow/.local/lib/python3.12/site-packages/airflow/example_dags/example_dynamic_task_mapping_with_no_taskflow_operators.py
[2026-04-26T23:16:22.338+0000] {logging_mixin.py:188} INFO - [2026-04-26T23:16:22.338+0000] {dag.py:3096} INFO - Sync 1 DAGs
[2026-04-26T23:16:22.355+0000] {logging_mixin.py:188} INFO - [2026-04-26T23:16:22.355+0000] {dag.py:3954} INFO - Setting next_dagrun for example_dynamic_task_mapping_with_no_taskflow_operators to 2026-04-25 00:00:00+00:00, run_after=2026-04-26 00:00:00+00:00
[2026-04-26T23:16:22.368+0000] {processor.py:183} INFO - Processing /home/airflow/.local/lib/python3.12/site-packages/airflow/example_dags/example_dynamic_task_mapping_with_no_taskflow_operators.py took 0.056 seconds
[2026-04-26T23:16:52.457+0000] {processor.py:161} INFO - Started process (PID=1040) to work on /home/airflow/.local/lib/python3.12/site-packages/airflow/example_dags/example_dynamic_task_mapping_with_no_taskflow_operators.py
[2026-04-26T23:16:52.467+0000] {processor.py:830} INFO - Processing file /home/airflow/.local/lib/python3.12/site-packages/airflow/example_dags/example_dynamic_task_mapping_with_no_taskflow_operators.py for tasks to queue
[2026-04-26T23:16:52.469+0000] {logging_mixin.py:188} INFO - [2026-04-26T23:16:52.468+0000] {dagbag.py:545} INFO - Filling up the DagBag from /home/airflow/.local/lib/python3.12/site-packages/airflow/example_dags/example_dynamic_task_mapping_with_no_taskflow_operators.py
[2026-04-26T23:16:52.473+0000] {processor.py:840} INFO - DAG(s) 'example_dynamic_task_mapping_with_no_taskflow_operators' retrieved from /home/airflow/.local/lib/python3.12/site-packages/airflow/example_dags/example_dynamic_task_mapping_with_no_taskflow_operators.py
[2026-04-26T23:16:52.487+0000] {logging_mixin.py:188} INFO - [2026-04-26T23:16:52.487+0000] {dag.py:3096} INFO - Sync 1 DAGs
[2026-04-26T23:16:52.502+0000] {logging_mixin.py:188} INFO - [2026-04-26T23:16:52.502+0000] {dag.py:3954} INFO - Setting next_dagrun for example_dynamic_task_mapping_with_no_taskflow_operators to 2026-04-25 00:00:00+00:00, run_after=2026-04-26 00:00:00+00:00
[2026-04-26T23:16:52.515+0000] {processor.py:183} INFO - Processing /home/airflow/.local/lib/python3.12/site-packages/airflow/example_dags/example_dynamic_task_mapping_with_no_taskflow_operators.py took 0.062 seconds
[2026-04-26T23:17:22.737+0000] {processor.py:161} INFO - Started process (PID=1098) to work on /home/airflow/.local/lib/python3.12/site-packages/airflow/example_dags/example_dynamic_task_mapping_with_no_taskflow_operators.py
[2026-04-26T23:17:22.738+0000] {processor.py:830} INFO - Processing file /home/airflow/.local/lib/python3.12/site-packages/airflow/example_dags/example_dynamic_task_mapping_with_no_taskflow_operators.py for tasks to queue
[2026-04-26T23:17:22.739+0000] {logging_mixin.py:188} INFO - [2026-04-26T23:17:22.739+0000] {dagbag.py:545} INFO - Filling up the DagBag from /home/airflow/.local/lib/python3.12/site-packages/airflow/example_dags/example_dynamic_task_mapping_with_no_taskflow_operators.py
[2026-04-26T23:17:22.744+0000] {processor.py:840} INFO - DAG(s) 'example_dynamic_task_mapping_with_no_taskflow_operators' retrieved from /home/airflow/.local/lib/python3.12/site-packages/airflow/example_dags/example_dynamic_task_mapping_with_no_taskflow_operators.py
[2026-04-26T23:17:22.758+0000] {logging_mixin.py:188} INFO - [2026-04-26T23:17:22.758+0000] {dag.py:3096} INFO - Sync 1 DAGs
[2026-04-26T23:17:22.775+0000] {logging_mixin.py:188} INFO - [2026-04-26T23:17:22.775+0000] {dag.py:3954} INFO - Setting next_dagrun for example_dynamic_task_mapping_with_no_taskflow_operators to 2026-04-25 00:00:00+00:00, run_after=2026-04-26 00:00:00+00:00
[2026-04-26T23:17:22.786+0000] {processor.py:183} INFO - Processing /home/airflow/.local/lib/python3.12/site-packages/airflow/example_dags/example_dynamic_task_mapping_with_no_taskflow_operators.py took 0.054 seconds
[2026-04-26T23:17:53.005+0000] {processor.py:161} INFO - Started process (PID=1156) to work on /home/airflow/.local/lib/python3.12/site-packages/airflow/example_dags/example_dynamic_task_mapping_with_no_taskflow_operators.py
[2026-04-26T23:17:53.016+0000] {processor.py:830} INFO - Processing file /home/airflow/.local/lib/python3.12/site-packages/airflow/example_dags/example_dynamic_task_mapping_with_no_taskflow_operators.py for tasks to queue
[2026-04-26T23:17:53.017+0000] {logging_mixin.py:188} INFO - [2026-04-26T23:17:53.017+0000] {dagbag.py:545} INFO - Filling up the DagBag from /home/airflow/.local/lib/python3.12/site-packages/airflow/example_dags/example_dynamic_task_mapping_with_no_taskflow_operators.py
[2026-04-26T23:17:53.022+0000] {processor.py:840} INFO - DAG(s) 'example_dynamic_task_mapping_with_no_taskflow_operators' retrieved from /home/airflow/.local/lib/python3.12/site-packages/airflow/example_dags/example_dynamic_task_mapping_with_no_taskflow_operators.py
[2026-04-26T23:17:53.036+0000] {logging_mixin.py:188} INFO - [2026-04-26T23:17:53.036+0000] {dag.py:3096} INFO - Sync 1 DAGs
[2026-04-26T23:17:53.054+0000] {logging_mixin.py:188} INFO - [2026-04-26T23:17:53.054+0000] {dag.py:3954} INFO - Setting next_dagrun for example_dynamic_task_mapping_with_no_taskflow_operators to 2026-04-25 00:00:00+00:00, run_after=2026-04-26 00:00:00+00:00
[2026-04-26T23:17:53.066+0000] {processor.py:183} INFO - Processing /home/airflow/.local/lib/python3.12/site-packages/airflow/example_dags/example_dynamic_task_mapping_with_no_taskflow_operators.py took 0.065 seconds
[2026-04-26T23:18:24.061+0000] {processor.py:161} INFO - Started process (PID=1215) to work on /home/airflow/.local/lib/python3.12/site-packages/airflow/example_dags/example_dynamic_task_mapping_with_no_taskflow_operators.py
[2026-04-26T23:18:24.061+0000] {processor.py:830} INFO - Processing file /home/airflow/.local/lib/python3.12/site-packages/airflow/example_dags/example_dynamic_task_mapping_with_no_taskflow_operators.py for tasks to queue
[2026-04-26T23:18:24.063+0000] {logging_mixin.py:188} INFO - [2026-04-26T23:18:24.062+0000] {dagbag.py:545} INFO - Filling up the DagBag from /home/airflow/.local/lib/python3.12/site-packages/airflow/example_dags/example_dynamic_task_mapping_with_no_taskflow_operators.py
[2026-04-26T23:18:24.067+0000] {processor.py:840} INFO - DAG(s) 'example_dynamic_task_mapping_with_no_taskflow_operators' retrieved from /home/airflow/.local/lib/python3.12/site-packages/airflow/example_dags/example_dynamic_task_mapping_with_no_taskflow_operators.py
[2026-04-26T23:18:24.080+0000] {logging_mixin.py:188} INFO - [2026-04-26T23:18:24.079+0000] {dag.py:3096} INFO - Sync 1 DAGs
[2026-04-26T23:18:24.095+0000] {logging_mixin.py:188} INFO - [2026-04-26T23:18:24.095+0000] {dag.py:3954} INFO - Setting next_dagrun for example_dynamic_task_mapping_with_no_taskflow_operators to 2026-04-25 00:00:00+00:00, run_after=2026-04-26 00:00:00+00:00
[2026-04-26T23:18:24.107+0000] {processor.py:183} INFO - Processing /home/airflow/.local/lib/python3.12/site-packages/airflow/example_dags/example_dynamic_task_mapping_with_no_taskflow_operators.py took 0.051 seconds
[2026-04-26T23:18:54.586+0000] {processor.py:161} INFO - Started process (PID=1274) to work on /home/airflow/.local/lib/python3.12/site-packages/airflow/example_dags/example_dynamic_task_mapping_with_no_taskflow_operators.py
[2026-04-26T23:18:54.598+0000] {processor.py:830} INFO - Processing file /home/airflow/.local/lib/python3.12/site-packages/airflow/example_dags/example_dynamic_task_mapping_with_no_taskflow_operators.py for tasks to queue
[2026-04-26T23:18:54.600+0000] {logging_mixin.py:188} INFO - [2026-04-26T23:18:54.600+0000] {dagbag.py:545} INFO - Filling up the DagBag from /home/airflow/.local/lib/python3.12/site-packages/airflow/example_dags/example_dynamic_task_mapping_with_no_taskflow_operators.py
[2026-04-26T23:18:54.604+0000] {processor.py:840} INFO - DAG(s) 'example_dynamic_task_mapping_with_no_taskflow_operators' retrieved from /home/airflow/.local/lib/python3.12/site-packages/airflow/example_dags/example_dynamic_task_mapping_with_no_taskflow_operators.py
[2026-04-26T23:18:54.618+0000] {logging_mixin.py:188} INFO - [2026-04-26T23:18:54.618+0000] {dag.py:3096} INFO - Sync 1 DAGs
[2026-04-26T23:18:54.634+0000] {logging_mixin.py:188} INFO - [2026-04-26T23:18:54.633+0000] {dag.py:3954} INFO - Setting next_dagrun for example_dynamic_task_mapping_with_no_taskflow_operators to 2026-04-25 00:00:00+00:00, run_after=2026-04-26 00:00:00+00:00
[2026-04-26T23:18:54.645+0000] {processor.py:183} INFO - Processing /home/airflow/.local/lib/python3.12/site-packages/airflow/example_dags/example_dynamic_task_mapping_with_no_taskflow_operators.py took 0.063 seconds
[2026-04-26T23:19:24.964+0000] {processor.py:161} INFO - Started process (PID=1333) to work on /home/airflow/.local/lib/python3.12/site-packages/airflow/example_dags/example_dynamic_task_mapping_with_no_taskflow_operators.py
[2026-04-26T23:19:24.964+0000] {processor.py:830} INFO - Processing file /home/airflow/.local/lib/python3.12/site-packages/airflow/example_dags/example_dynamic_task_mapping_with_no_taskflow_operators.py for tasks to queue
[2026-04-26T23:19:24.965+0000] {logging_mixin.py:188} INFO - [2026-04-26T23:19:24.965+0000] {dagbag.py:545} INFO - Filling up the DagBag from /home/airflow/.local/lib/python3.12/site-packages/airflow/example_dags/example_dynamic_task_mapping_with_no_taskflow_operators.py
[2026-04-26T23:19:24.971+0000] {processor.py:840} INFO - DAG(s) 'example_dynamic_task_mapping_with_no_taskflow_operators' retrieved from /home/airflow/.local/lib/python3.12/site-packages/airflow/example_dags/example_dynamic_task_mapping_with_no_taskflow_operators.py
[2026-04-26T23:19:24.984+0000] {logging_mixin.py:188} INFO - [2026-04-26T23:19:24.984+0000] {dag.py:3096} INFO - Sync 1 DAGs
[2026-04-26T23:19:25.000+0000] {logging_mixin.py:188} INFO - [2026-04-26T23:19:25.000+0000] {dag.py:3954} INFO - Setting next_dagrun for example_dynamic_task_mapping_with_no_taskflow_operators to 2026-04-25 00:00:00+00:00, run_after=2026-04-26 00:00:00+00:00
[2026-04-26T23:19:25.012+0000] {processor.py:183} INFO - Processing /home/airflow/.local/lib/python3.12/site-packages/airflow/example_dags/example_dynamic_task_mapping_with_no_taskflow_operators.py took 0.053 seconds
[2026-04-26T23:19:55.235+0000] {processor.py:161} INFO - Started process (PID=1392) to work on /home/airflow/.local/lib/python3.12/site-packages/airflow/example_dags/example_dynamic_task_mapping_with_no_taskflow_operators.py
[2026-04-26T23:19:55.248+0000] {processor.py:830} INFO - Processing file /home/airflow/.local/lib/python3.12/site-packages/airflow/example_dags/example_dynamic_task_mapping_with_no_taskflow_operators.py for tasks to queue
[2026-04-26T23:19:55.250+0000] {logging_mixin.py:188} INFO - [2026-04-26T23:19:55.249+0000] {dagbag.py:545} INFO - Filling up the DagBag from /home/airflow/.local/lib/python3.12/site-packages/airflow/example_dags/example_dynamic_task_mapping_with_no_taskflow_operators.py
[2026-04-26T23:19:55.255+0000] {processor.py:840} INFO - DAG(s) 'example_dynamic_task_mapping_with_no_taskflow_operators' retrieved from /home/airflow/.local/lib/python3.12/site-packages/airflow/example_dags/example_dynamic_task_mapping_with_no_taskflow_operators.py
[2026-04-26T23:19:55.269+0000] {logging_mixin.py:188} INFO - [2026-04-26T23:19:55.269+0000] {dag.py:3096} INFO - Sync 1 DAGs
[2026-04-26T23:19:55.284+0000] {logging_mixin.py:188} INFO - [2026-04-26T23:19:55.284+0000] {dag.py:3954} INFO - Setting next_dagrun for example_dynamic_task_mapping_with_no_taskflow_operators to 2026-04-25 00:00:00+00:00, run_after=2026-04-26 00:00:00+00:00
[2026-04-26T23:19:55.296+0000] {processor.py:183} INFO - Processing /home/airflow/.local/lib/python3.12/site-packages/airflow/example_dags/example_dynamic_task_mapping_with_no_taskflow_operators.py took 0.066 seconds
[2026-04-26T23:20:25.508+0000] {processor.py:161} INFO - Started process (PID=1451) to work on /home/airflow/.local/lib/python3.12/site-packages/airflow/example_dags/example_dynamic_task_mapping_with_no_taskflow_operators.py
[2026-04-26T23:20:25.508+0000] {processor.py:830} INFO - Processing file /home/airflow/.local/lib/python3.12/site-packages/airflow/example_dags/example_dynamic_task_mapping_with_no_taskflow_operators.py for tasks to queue
[2026-04-26T23:20:25.510+0000] {logging_mixin.py:188} INFO - [2026-04-26T23:20:25.510+0000] {dagbag.py:545} INFO - Filling up the DagBag from /home/airflow/.local/lib/python3.12/site-packages/airflow/example_dags/example_dynamic_task_mapping_with_no_taskflow_operators.py
[2026-04-26T23:20:25.515+0000] {processor.py:840} INFO - DAG(s) 'example_dynamic_task_mapping_with_no_taskflow_operators' retrieved from /home/airflow/.local/lib/python3.12/site-packages/airflow/example_dags/example_dynamic_task_mapping_with_no_taskflow_operators.py
[2026-04-26T23:20:25.528+0000] {logging_mixin.py:188} INFO - [2026-04-26T23:20:25.528+0000] {dag.py:3096} INFO - Sync 1 DAGs
[2026-04-26T23:20:25.544+0000] {logging_mixin.py:188} INFO - [2026-04-26T23:20:25.544+0000] {dag.py:3954} INFO - Setting next_dagrun for example_dynamic_task_mapping_with_no_taskflow_operators to 2026-04-25 00:00:00+00:00, run_after=2026-04-26 00:00:00+00:00
[2026-04-26T23:20:25.555+0000] {processor.py:183} INFO - Processing /home/airflow/.local/lib/python3.12/site-packages/airflow/example_dags/example_dynamic_task_mapping_with_no_taskflow_operators.py took 0.052 seconds
[2026-04-26T23:20:55.656+0000] {processor.py:161} INFO - Started process (PID=1510) to work on /home/airflow/.local/lib/python3.12/site-packages/airflow/example_dags/example_dynamic_task_mapping_with_no_taskflow_operators.py
[2026-04-26T23:20:55.669+0000] {processor.py:830} INFO - Processing file /home/airflow/.local/lib/python3.12/site-packages/airflow/example_dags/example_dynamic_task_mapping_with_no_taskflow_operators.py for tasks to queue
[2026-04-26T23:20:55.670+0000] {logging_mixin.py:188} INFO - [2026-04-26T23:20:55.670+0000] {dagbag.py:545} INFO - Filling up the DagBag from /home/airflow/.local/lib/python3.12/site-packages/airflow/example_dags/example_dynamic_task_mapping_with_no_taskflow_operators.py
[2026-04-26T23:20:55.674+0000] {processor.py:840} INFO - DAG(s) 'example_dynamic_task_mapping_with_no_taskflow_operators' retrieved from /home/airflow/.local/lib/python3.12/site-packages/airflow/example_dags/example_dynamic_task_mapping_with_no_taskflow_operators.py
[2026-04-26T23:20:55.688+0000] {logging_mixin.py:188} INFO - [2026-04-26T23:20:55.688+0000] {dag.py:3096} INFO - Sync 1 DAGs
[2026-04-26T23:20:55.701+0000] {logging_mixin.py:188} INFO - [2026-04-26T23:20:55.701+0000] {dag.py:3954} INFO - Setting next_dagrun for example_dynamic_task_mapping_with_no_taskflow_operators to 2026-04-25 00:00:00+00:00, run_after=2026-04-26 00:00:00+00:00
[2026-04-26T23:20:55.712+0000] {processor.py:183} INFO - Processing /home/airflow/.local/lib/python3.12/site-packages/airflow/example_dags/example_dynamic_task_mapping_with_no_taskflow_operators.py took 0.060 seconds
[2026-04-26T23:21:25.997+0000] {processor.py:161} INFO - Started process (PID=1569) to work on /home/airflow/.local/lib/python3.12/site-packages/airflow/example_dags/example_dynamic_task_mapping_with_no_taskflow_operators.py
[2026-04-26T23:21:25.998+0000] {processor.py:830} INFO - Processing file /home/airflow/.local/lib/python3.12/site-packages/airflow/example_dags/example_dynamic_task_mapping_with_no_taskflow_operators.py for tasks to queue
[2026-04-26T23:21:25.999+0000] {logging_mixin.py:188} INFO - [2026-04-26T23:21:25.999+0000] {dagbag.py:545} INFO - Filling up the DagBag from /home/airflow/.local/lib/python3.12/site-packages/airflow/example_dags/example_dynamic_task_mapping_with_no_taskflow_operators.py
[2026-04-26T23:21:26.004+0000] {processor.py:840} INFO - DAG(s) 'example_dynamic_task_mapping_with_no_taskflow_operators' retrieved from /home/airflow/.local/lib/python3.12/site-packages/airflow/example_dags/example_dynamic_task_mapping_with_no_taskflow_operators.py
[2026-04-26T23:21:26.018+0000] {logging_mixin.py:188} INFO - [2026-04-26T23:21:26.017+0000] {dag.py:3096} INFO - Sync 1 DAGs
[2026-04-26T23:21:26.033+0000] {logging_mixin.py:188} INFO - [2026-04-26T23:21:26.033+0000] {dag.py:3954} INFO - Setting next_dagrun for example_dynamic_task_mapping_with_no_taskflow_operators to 2026-04-25 00:00:00+00:00, run_after=2026-04-26 00:00:00+00:00
[2026-04-26T23:21:26.046+0000] {processor.py:183} INFO - Processing /home/airflow/.local/lib/python3.12/site-packages/airflow/example_dags/example_dynamic_task_mapping_with_no_taskflow_operators.py took 0.053 seconds
[2026-04-26T23:21:56.964+0000] {processor.py:161} INFO - Started process (PID=1629) to work on /home/airflow/.local/lib/python3.12/site-packages/airflow/example_dags/example_dynamic_task_mapping_with_no_taskflow_operators.py
[2026-04-26T23:21:56.968+0000] {processor.py:830} INFO - Processing file /home/airflow/.local/lib/python3.12/site-packages/airflow/example_dags/example_dynamic_task_mapping_with_no_taskflow_operators.py for tasks to queue
[2026-04-26T23:21:56.969+0000] {logging_mixin.py:188} INFO - [2026-04-26T23:21:56.969+0000] {dagbag.py:545} INFO - Filling up the DagBag from /home/airflow/.local/lib/python3.12/site-packages/airflow/example_dags/example_dynamic_task_mapping_with_no_taskflow_operators.py
[2026-04-26T23:21:56.974+0000] {processor.py:840} INFO - DAG(s) 'example_dynamic_task_mapping_with_no_taskflow_operators' retrieved from /home/airflow/.local/lib/python3.12/site-packages/airflow/example_dags/example_dynamic_task_mapping_with_no_taskflow_operators.py
[2026-04-26T23:21:56.988+0000] {logging_mixin.py:188} INFO - [2026-04-26T23:21:56.988+0000] {dag.py:3096} INFO - Sync 1 DAGs
[2026-04-26T23:21:57.004+0000] {logging_mixin.py:188} INFO - [2026-04-26T23:21:57.003+0000] {dag.py:3954} INFO - Setting next_dagrun for example_dynamic_task_mapping_with_no_taskflow_operators to 2026-04-25 00:00:00+00:00, run_after=2026-04-26 00:00:00+00:00
[2026-04-26T23:21:57.018+0000] {processor.py:183} INFO - Processing /home/airflow/.local/lib/python3.12/site-packages/airflow/example_dags/example_dynamic_task_mapping_with_no_taskflow_operators.py took 0.059 seconds
[2026-04-26T23:22:27.046+0000] {processor.py:161} INFO - Started process (PID=1687) to work on /home/airflow/.local/lib/python3.12/site-packages/airflow/example_dags/example_dynamic_task_mapping_with_no_taskflow_operators.py
[2026-04-26T23:22:27.046+0000] {processor.py:830} INFO - Processing file /home/airflow/.local/lib/python3.12/site-packages/airflow/example_dags/example_dynamic_task_mapping_with_no_taskflow_operators.py for tasks to queue
[2026-04-26T23:22:27.048+0000] {logging_mixin.py:188} INFO - [2026-04-26T23:22:27.047+0000] {dagbag.py:545} INFO - Filling up the DagBag from /home/airflow/.local/lib/python3.12/site-packages/airflow/example_dags/example_dynamic_task_mapping_with_no_taskflow_operators.py
[2026-04-26T23:22:27.052+0000] {processor.py:840} INFO - DAG(s) 'example_dynamic_task_mapping_with_no_taskflow_operators' retrieved from /home/airflow/.local/lib/python3.12/site-packages/airflow/example_dags/example_dynamic_task_mapping_with_no_taskflow_operators.py
[2026-04-26T23:22:27.066+0000] {logging_mixin.py:188} INFO - [2026-04-26T23:22:27.066+0000] {dag.py:3096} INFO - Sync 1 DAGs
[2026-04-26T23:22:27.081+0000] {logging_mixin.py:188} INFO - [2026-04-26T23:22:27.081+0000] {dag.py:3954} INFO - Setting next_dagrun for example_dynamic_task_mapping_with_no_taskflow_operators to 2026-04-25 00:00:00+00:00, run_after=2026-04-26 00:00:00+00:00
[2026-04-26T23:22:27.300+0000] {processor.py:183} INFO - Processing /home/airflow/.local/lib/python3.12/site-packages/airflow/example_dags/example_dynamic_task_mapping_with_no_taskflow_operators.py took 0.259 seconds
[2026-04-26T23:22:57.598+0000] {processor.py:161} INFO - Started process (PID=1748) to work on /home/airflow/.local/lib/python3.12/site-packages/airflow/example_dags/example_dynamic_task_mapping_with_no_taskflow_operators.py
[2026-04-26T23:22:57.602+0000] {processor.py:830} INFO - Processing file /home/airflow/.local/lib/python3.12/site-packages/airflow/example_dags/example_dynamic_task_mapping_with_no_taskflow_operators.py for tasks to queue
[2026-04-26T23:22:57.603+0000] {logging_mixin.py:188} INFO - [2026-04-26T23:22:57.603+0000] {dagbag.py:545} INFO - Filling up the DagBag from /home/airflow/.local/lib/python3.12/site-packages/airflow/example_dags/example_dynamic_task_mapping_with_no_taskflow_operators.py
[2026-04-26T23:22:57.608+0000] {processor.py:840} INFO - DAG(s) 'example_dynamic_task_mapping_with_no_taskflow_operators' retrieved from /home/airflow/.local/lib/python3.12/site-packages/airflow/example_dags/example_dynamic_task_mapping_with_no_taskflow_operators.py
[2026-04-26T23:22:57.621+0000] {logging_mixin.py:188} INFO - [2026-04-26T23:22:57.621+0000] {dag.py:3096} INFO - Sync 1 DAGs
[2026-04-26T23:22:57.636+0000] {logging_mixin.py:188} INFO - [2026-04-26T23:22:57.635+0000] {dag.py:3954} INFO - Setting next_dagrun for example_dynamic_task_mapping_with_no_taskflow_operators to 2026-04-25 00:00:00+00:00, run_after=2026-04-26 00:00:00+00:00
[2026-04-26T23:22:57.647+0000] {processor.py:183} INFO - Processing /home/airflow/.local/lib/python3.12/site-packages/airflow/example_dags/example_dynamic_task_mapping_with_no_taskflow_operators.py took 0.053 seconds
[2026-04-26T23:23:27.977+0000] {processor.py:161} INFO - Started process (PID=1807) to work on /home/airflow/.local/lib/python3.12/site-packages/airflow/example_dags/example_dynamic_task_mapping_with_no_taskflow_operators.py
[2026-04-26T23:23:27.978+0000] {processor.py:830} INFO - Processing file /home/airflow/.local/lib/python3.12/site-packages/airflow/example_dags/example_dynamic_task_mapping_with_no_taskflow_operators.py for tasks to queue
[2026-04-26T23:23:27.979+0000] {logging_mixin.py:188} INFO - [2026-04-26T23:23:27.979+0000] {dagbag.py:545} INFO - Filling up the DagBag from /home/airflow/.local/lib/python3.12/site-packages/airflow/example_dags/example_dynamic_task_mapping_with_no_taskflow_operators.py
[2026-04-26T23:23:27.984+0000] {processor.py:840} INFO - DAG(s) 'example_dynamic_task_mapping_with_no_taskflow_operators' retrieved from /home/airflow/.local/lib/python3.12/site-packages/airflow/example_dags/example_dynamic_task_mapping_with_no_taskflow_operators.py
[2026-04-26T23:23:27.997+0000] {logging_mixin.py:188} INFO - [2026-04-26T23:23:27.997+0000] {dag.py:3096} INFO - Sync 1 DAGs
[2026-04-26T23:23:28.139+0000] {logging_mixin.py:188} INFO - [2026-04-26T23:23:28.139+0000] {dag.py:3954} INFO - Setting next_dagrun for example_dynamic_task_mapping_with_no_taskflow_operators to 2026-04-25 00:00:00+00:00, run_after=2026-04-26 00:00:00+00:00
[2026-04-26T23:23:28.162+0000] {processor.py:183} INFO - Processing /home/airflow/.local/lib/python3.12/site-packages/airflow/example_dags/example_dynamic_task_mapping_with_no_taskflow_operators.py took 0.190 seconds
[2026-04-26T23:23:58.674+0000] {processor.py:161} INFO - Started process (PID=1866) to work on /home/airflow/.local/lib/python3.12/site-packages/airflow/example_dags/example_dynamic_task_mapping_with_no_taskflow_operators.py
[2026-04-26T23:23:58.675+0000] {processor.py:830} INFO - Processing file /home/airflow/.local/lib/python3.12/site-packages/airflow/example_dags/example_dynamic_task_mapping_with_no_taskflow_operators.py for tasks to queue
[2026-04-26T23:23:58.677+0000] {logging_mixin.py:188} INFO - [2026-04-26T23:23:58.677+0000] {dagbag.py:545} INFO - Filling up the DagBag from /home/airflow/.local/lib/python3.12/site-packages/airflow/example_dags/example_dynamic_task_mapping_with_no_taskflow_operators.py
[2026-04-26T23:23:58.683+0000] {processor.py:840} INFO - DAG(s) 'example_dynamic_task_mapping_with_no_taskflow_operators' retrieved from /home/airflow/.local/lib/python3.12/site-packages/airflow/example_dags/example_dynamic_task_mapping_with_no_taskflow_operators.py
[2026-04-26T23:23:58.700+0000] {logging_mixin.py:188} INFO - [2026-04-26T23:23:58.700+0000] {dag.py:3096} INFO - Sync 1 DAGs
[2026-04-26T23:23:58.717+0000] {logging_mixin.py:188} INFO - [2026-04-26T23:23:58.717+0000] {dag.py:3954} INFO - Setting next_dagrun for example_dynamic_task_mapping_with_no_taskflow_operators to 2026-04-25 00:00:00+00:00, run_after=2026-04-26 00:00:00+00:00
[2026-04-26T23:23:58.858+0000] {processor.py:183} INFO - Processing /home/airflow/.local/lib/python3.12/site-packages/airflow/example_dags/example_dynamic_task_mapping_with_no_taskflow_operators.py took 0.188 seconds
[2026-04-26T23:24:29.288+0000] {processor.py:161} INFO - Started process (PID=1926) to work on /home/airflow/.local/lib/python3.12/site-packages/airflow/example_dags/example_dynamic_task_mapping_with_no_taskflow_operators.py
[2026-04-26T23:24:29.288+0000] {processor.py:830} INFO - Processing file /home/airflow/.local/lib/python3.12/site-packages/airflow/example_dags/example_dynamic_task_mapping_with_no_taskflow_operators.py for tasks to queue
[2026-04-26T23:24:29.289+0000] {logging_mixin.py:188} INFO - [2026-04-26T23:24:29.289+0000] {dagbag.py:545} INFO - Filling up the DagBag from /home/airflow/.local/lib/python3.12/site-packages/airflow/example_dags/example_dynamic_task_mapping_with_no_taskflow_operators.py
[2026-04-26T23:24:29.294+0000] {processor.py:840} INFO - DAG(s) 'example_dynamic_task_mapping_with_no_taskflow_operators' retrieved from /home/airflow/.local/lib/python3.12/site-packages/airflow/example_dags/example_dynamic_task_mapping_with_no_taskflow_operators.py
[2026-04-26T23:24:29.306+0000] {logging_mixin.py:188} INFO - [2026-04-26T23:24:29.306+0000] {dag.py:3096} INFO - Sync 1 DAGs
[2026-04-26T23:24:29.319+0000] {logging_mixin.py:188} INFO - [2026-04-26T23:24:29.319+0000] {dag.py:3954} INFO - Setting next_dagrun for example_dynamic_task_mapping_with_no_taskflow_operators to 2026-04-25 00:00:00+00:00, run_after=2026-04-26 00:00:00+00:00
[2026-04-26T23:24:29.329+0000] {processor.py:183} INFO - Processing /home/airflow/.local/lib/python3.12/site-packages/airflow/example_dags/example_dynamic_task_mapping_with_no_taskflow_operators.py took 0.045 seconds
[2026-04-26T23:25:00.163+0000] {processor.py:161} INFO - Started process (PID=1986) to work on /home/airflow/.local/lib/python3.12/site-packages/airflow/example_dags/example_dynamic_task_mapping_with_no_taskflow_operators.py
[2026-04-26T23:25:00.164+0000] {processor.py:830} INFO - Processing file /home/airflow/.local/lib/python3.12/site-packages/airflow/example_dags/example_dynamic_task_mapping_with_no_taskflow_operators.py for tasks to queue
[2026-04-26T23:25:00.165+0000] {logging_mixin.py:188} INFO - [2026-04-26T23:25:00.165+0000] {dagbag.py:545} INFO - Filling up the DagBag from /home/airflow/.local/lib/python3.12/site-packages/airflow/example_dags/example_dynamic_task_mapping_with_no_taskflow_operators.py
[2026-04-26T23:25:00.170+0000] {processor.py:840} INFO - DAG(s) 'example_dynamic_task_mapping_with_no_taskflow_operators' retrieved from /home/airflow/.local/lib/python3.12/site-packages/airflow/example_dags/example_dynamic_task_mapping_with_no_taskflow_operators.py
[2026-04-26T23:25:00.183+0000] {logging_mixin.py:188} INFO - [2026-04-26T23:25:00.182+0000] {dag.py:3096} INFO - Sync 1 DAGs
[2026-04-26T23:25:00.197+0000] {logging_mixin.py:188} INFO - [2026-04-26T23:25:00.197+0000] {dag.py:3954} INFO - Setting next_dagrun for example_dynamic_task_mapping_with_no_taskflow_operators to 2026-04-25 00:00:00+00:00, run_after=2026-04-26 00:00:00+00:00
[2026-04-26T23:25:00.207+0000] {processor.py:183} INFO - Processing /home/airflow/.local/lib/python3.12/site-packages/airflow/example_dags/example_dynamic_task_mapping_with_no_taskflow_operators.py took 0.049 seconds
[2026-04-26T23:25:30.943+0000] {processor.py:161} INFO - Started process (PID=2045) to work on /home/airflow/.local/lib/python3.12/site-packages/airflow/example_dags/example_dynamic_task_mapping_with_no_taskflow_operators.py
[2026-04-26T23:25:30.944+0000] {processor.py:830} INFO - Processing file /home/airflow/.local/lib/python3.12/site-packages/airflow/example_dags/example_dynamic_task_mapping_with_no_taskflow_operators.py for tasks to queue
[2026-04-26T23:25:30.945+0000] {logging_mixin.py:188} INFO - [2026-04-26T23:25:30.944+0000] {dagbag.py:545} INFO - Filling up the DagBag from /home/airflow/.local/lib/python3.12/site-packages/airflow/example_dags/example_dynamic_task_mapping_with_no_taskflow_operators.py
[2026-04-26T23:25:30.949+0000] {processor.py:840} INFO - DAG(s) 'example_dynamic_task_mapping_with_no_taskflow_operators' retrieved from /home/airflow/.local/lib/python3.12/site-packages/airflow/example_dags/example_dynamic_task_mapping_with_no_taskflow_operators.py
[2026-04-26T23:25:30.961+0000] {logging_mixin.py:188} INFO - [2026-04-26T23:25:30.960+0000] {dag.py:3096} INFO - Sync 1 DAGs
[2026-04-26T23:25:30.975+0000] {logging_mixin.py:188} INFO - [2026-04-26T23:25:30.975+0000] {dag.py:3954} INFO - Setting next_dagrun for example_dynamic_task_mapping_with_no_taskflow_operators to 2026-04-25 00:00:00+00:00, run_after=2026-04-26 00:00:00+00:00
[2026-04-26T23:25:30.986+0000] {processor.py:183} INFO - Processing /home/airflow/.local/lib/python3.12/site-packages/airflow/example_dags/example_dynamic_task_mapping_with_no_taskflow_operators.py took 0.047 seconds
[2026-04-26T23:26:01.656+0000] {processor.py:161} INFO - Started process (PID=2104) to work on /home/airflow/.local/lib/python3.12/site-packages/airflow/example_dags/example_dynamic_task_mapping_with_no_taskflow_operators.py
[2026-04-26T23:26:01.657+0000] {processor.py:830} INFO - Processing file /home/airflow/.local/lib/python3.12/site-packages/airflow/example_dags/example_dynamic_task_mapping_with_no_taskflow_operators.py for tasks to queue
[2026-04-26T23:26:01.658+0000] {logging_mixin.py:188} INFO - [2026-04-26T23:26:01.658+0000] {dagbag.py:545} INFO - Filling up the DagBag from /home/airflow/.local/lib/python3.12/site-packages/airflow/example_dags/example_dynamic_task_mapping_with_no_taskflow_operators.py
[2026-04-26T23:26:01.662+0000] {processor.py:840} INFO - DAG(s) 'example_dynamic_task_mapping_with_no_taskflow_operators' retrieved from /home/airflow/.local/lib/python3.12/site-packages/airflow/example_dags/example_dynamic_task_mapping_with_no_taskflow_operators.py
[2026-04-26T23:26:01.676+0000] {logging_mixin.py:188} INFO - [2026-04-26T23:26:01.676+0000] {dag.py:3096} INFO - Sync 1 DAGs
[2026-04-26T23:26:01.692+0000] {logging_mixin.py:188} INFO - [2026-04-26T23:26:01.692+0000] {dag.py:3954} INFO - Setting next_dagrun for example_dynamic_task_mapping_with_no_taskflow_operators to 2026-04-25 00:00:00+00:00, run_after=2026-04-26 00:00:00+00:00
[2026-04-26T23:26:01.705+0000] {processor.py:183} INFO - Processing /home/airflow/.local/lib/python3.12/site-packages/airflow/example_dags/example_dynamic_task_mapping_with_no_taskflow_operators.py took 0.054 seconds
[2026-04-26T23:26:32.467+0000] {processor.py:161} INFO - Started process (PID=2163) to work on /home/airflow/.local/lib/python3.12/site-packages/airflow/example_dags/example_dynamic_task_mapping_with_no_taskflow_operators.py
[2026-04-26T23:26:32.468+0000] {processor.py:830} INFO - Processing file /home/airflow/.local/lib/python3.12/site-packages/airflow/example_dags/example_dynamic_task_mapping_with_no_taskflow_operators.py for tasks to queue
[2026-04-26T23:26:32.469+0000] {logging_mixin.py:188} INFO - [2026-04-26T23:26:32.469+0000] {dagbag.py:545} INFO - Filling up the DagBag from /home/airflow/.local/lib/python3.12/site-packages/airflow/example_dags/example_dynamic_task_mapping_with_no_taskflow_operators.py
[2026-04-26T23:26:32.475+0000] {processor.py:840} INFO - DAG(s) 'example_dynamic_task_mapping_with_no_taskflow_operators' retrieved from /home/airflow/.local/lib/python3.12/site-packages/airflow/example_dags/example_dynamic_task_mapping_with_no_taskflow_operators.py
[2026-04-26T23:26:32.489+0000] {logging_mixin.py:188} INFO - [2026-04-26T23:26:32.489+0000] {dag.py:3096} INFO - Sync 1 DAGs
[2026-04-26T23:26:32.506+0000] {logging_mixin.py:188} INFO - [2026-04-26T23:26:32.506+0000] {dag.py:3954} INFO - Setting next_dagrun for example_dynamic_task_mapping_with_no_taskflow_operators to 2026-04-25 00:00:00+00:00, run_after=2026-04-26 00:00:00+00:00
[2026-04-26T23:26:32.519+0000] {processor.py:183} INFO - Processing /home/airflow/.local/lib/python3.12/site-packages/airflow/example_dags/example_dynamic_task_mapping_with_no_taskflow_operators.py took 0.057 seconds
[2026-04-26T23:27:03.219+0000] {processor.py:161} INFO - Started process (PID=2222) to work on /home/airflow/.local/lib/python3.12/site-packages/airflow/example_dags/example_dynamic_task_mapping_with_no_taskflow_operators.py
[2026-04-26T23:27:03.226+0000] {processor.py:830} INFO - Processing file /home/airflow/.local/lib/python3.12/site-packages/airflow/example_dags/example_dynamic_task_mapping_with_no_taskflow_operators.py for tasks to queue
[2026-04-26T23:27:03.227+0000] {logging_mixin.py:188} INFO - [2026-04-26T23:27:03.227+0000] {dagbag.py:545} INFO - Filling up the DagBag from /home/airflow/.local/lib/python3.12/site-packages/airflow/example_dags/example_dynamic_task_mapping_with_no_taskflow_operators.py
[2026-04-26T23:27:03.234+0000] {processor.py:840} INFO - DAG(s) 'example_dynamic_task_mapping_with_no_taskflow_operators' retrieved from /home/airflow/.local/lib/python3.12/site-packages/airflow/example_dags/example_dynamic_task_mapping_with_no_taskflow_operators.py
[2026-04-26T23:27:03.251+0000] {logging_mixin.py:188} INFO - [2026-04-26T23:27:03.250+0000] {dag.py:3096} INFO - Sync 1 DAGs
[2026-04-26T23:27:03.268+0000] {logging_mixin.py:188} INFO - [2026-04-26T23:27:03.268+0000] {dag.py:3954} INFO - Setting next_dagrun for example_dynamic_task_mapping_with_no_taskflow_operators to 2026-04-25 00:00:00+00:00, run_after=2026-04-26 00:00:00+00:00
[2026-04-26T23:27:03.281+0000] {processor.py:183} INFO - Processing /home/airflow/.local/lib/python3.12/site-packages/airflow/example_dags/example_dynamic_task_mapping_with_no_taskflow_operators.py took 0.066 seconds
[2026-04-26T23:27:33.993+0000] {processor.py:161} INFO - Started process (PID=2281) to work on /home/airflow/.local/lib/python3.12/site-packages/airflow/example_dags/example_dynamic_task_mapping_with_no_taskflow_operators.py
[2026-04-26T23:27:34.000+0000] {processor.py:830} INFO - Processing file /home/airflow/.local/lib/python3.12/site-packages/airflow/example_dags/example_dynamic_task_mapping_with_no_taskflow_operators.py for tasks to queue
[2026-04-26T23:27:34.002+0000] {logging_mixin.py:188} INFO - [2026-04-26T23:27:34.001+0000] {dagbag.py:545} INFO - Filling up the DagBag from /home/airflow/.local/lib/python3.12/site-packages/airflow/example_dags/example_dynamic_task_mapping_with_no_taskflow_operators.py
[2026-04-26T23:27:34.007+0000] {processor.py:840} INFO - DAG(s) 'example_dynamic_task_mapping_with_no_taskflow_operators' retrieved from /home/airflow/.local/lib/python3.12/site-packages/airflow/example_dags/example_dynamic_task_mapping_with_no_taskflow_operators.py
[2026-04-26T23:27:34.022+0000] {logging_mixin.py:188} INFO - [2026-04-26T23:27:34.022+0000] {dag.py:3096} INFO - Sync 1 DAGs
[2026-04-26T23:27:34.040+0000] {logging_mixin.py:188} INFO - [2026-04-26T23:27:34.040+0000] {dag.py:3954} INFO - Setting next_dagrun for example_dynamic_task_mapping_with_no_taskflow_operators to 2026-04-25 00:00:00+00:00, run_after=2026-04-26 00:00:00+00:00
[2026-04-26T23:27:34.052+0000] {processor.py:183} INFO - Processing /home/airflow/.local/lib/python3.12/site-packages/airflow/example_dags/example_dynamic_task_mapping_with_no_taskflow_operators.py took 0.064 seconds
[2026-04-26T23:28:04.716+0000] {processor.py:161} INFO - Started process (PID=2340) to work on /home/airflow/.local/lib/python3.12/site-packages/airflow/example_dags/example_dynamic_task_mapping_with_no_taskflow_operators.py
[2026-04-26T23:28:04.725+0000] {processor.py:830} INFO - Processing file /home/airflow/.local/lib/python3.12/site-packages/airflow/example_dags/example_dynamic_task_mapping_with_no_taskflow_operators.py for tasks to queue
[2026-04-26T23:28:04.726+0000] {logging_mixin.py:188} INFO - [2026-04-26T23:28:04.726+0000] {dagbag.py:545} INFO - Filling up the DagBag from /home/airflow/.local/lib/python3.12/site-packages/airflow/example_dags/example_dynamic_task_mapping_with_no_taskflow_operators.py
[2026-04-26T23:28:04.730+0000] {processor.py:840} INFO - DAG(s) 'example_dynamic_task_mapping_with_no_taskflow_operators' retrieved from /home/airflow/.local/lib/python3.12/site-packages/airflow/example_dags/example_dynamic_task_mapping_with_no_taskflow_operators.py
[2026-04-26T23:28:04.742+0000] {logging_mixin.py:188} INFO - [2026-04-26T23:28:04.742+0000] {dag.py:3096} INFO - Sync 1 DAGs
[2026-04-26T23:28:04.755+0000] {logging_mixin.py:188} INFO - [2026-04-26T23:28:04.754+0000] {dag.py:3954} INFO - Setting next_dagrun for example_dynamic_task_mapping_with_no_taskflow_operators to 2026-04-25 00:00:00+00:00, run_after=2026-04-26 00:00:00+00:00
[2026-04-26T23:28:04.765+0000] {processor.py:183} INFO - Processing /home/airflow/.local/lib/python3.12/site-packages/airflow/example_dags/example_dynamic_task_mapping_with_no_taskflow_operators.py took 0.053 seconds
[2026-04-26T23:28:35.477+0000] {processor.py:161} INFO - Started process (PID=2399) to work on /home/airflow/.local/lib/python3.12/site-packages/airflow/example_dags/example_dynamic_task_mapping_with_no_taskflow_operators.py
[2026-04-26T23:28:35.485+0000] {processor.py:830} INFO - Processing file /home/airflow/.local/lib/python3.12/site-packages/airflow/example_dags/example_dynamic_task_mapping_with_no_taskflow_operators.py for tasks to queue
[2026-04-26T23:28:35.487+0000] {logging_mixin.py:188} INFO - [2026-04-26T23:28:35.487+0000] {dagbag.py:545} INFO - Filling up the DagBag from /home/airflow/.local/lib/python3.12/site-packages/airflow/example_dags/example_dynamic_task_mapping_with_no_taskflow_operators.py
[2026-04-26T23:28:35.492+0000] {processor.py:840} INFO - DAG(s) 'example_dynamic_task_mapping_with_no_taskflow_operators' retrieved from /home/airflow/.local/lib/python3.12/site-packages/airflow/example_dags/example_dynamic_task_mapping_with_no_taskflow_operators.py
[2026-04-26T23:28:35.509+0000] {logging_mixin.py:188} INFO - [2026-04-26T23:28:35.509+0000] {dag.py:3096} INFO - Sync 1 DAGs
[2026-04-26T23:28:35.525+0000] {logging_mixin.py:188} INFO - [2026-04-26T23:28:35.525+0000] {dag.py:3954} INFO - Setting next_dagrun for example_dynamic_task_mapping_with_no_taskflow_operators to 2026-04-25 00:00:00+00:00, run_after=2026-04-26 00:00:00+00:00
[2026-04-26T23:28:35.537+0000] {processor.py:183} INFO - Processing /home/airflow/.local/lib/python3.12/site-packages/airflow/example_dags/example_dynamic_task_mapping_with_no_taskflow_operators.py took 0.064 seconds
[2026-04-26T23:29:05.733+0000] {processor.py:161} INFO - Started process (PID=2458) to work on /home/airflow/.local/lib/python3.12/site-packages/airflow/example_dags/example_dynamic_task_mapping_with_no_taskflow_operators.py
[2026-04-26T23:29:05.733+0000] {processor.py:830} INFO - Processing file /home/airflow/.local/lib/python3.12/site-packages/airflow/example_dags/example_dynamic_task_mapping_with_no_taskflow_operators.py for tasks to queue
[2026-04-26T23:29:05.734+0000] {logging_mixin.py:188} INFO - [2026-04-26T23:29:05.734+0000] {dagbag.py:545} INFO - Filling up the DagBag from /home/airflow/.local/lib/python3.12/site-packages/airflow/example_dags/example_dynamic_task_mapping_with_no_taskflow_operators.py
[2026-04-26T23:29:05.739+0000] {processor.py:840} INFO - DAG(s) 'example_dynamic_task_mapping_with_no_taskflow_operators' retrieved from /home/airflow/.local/lib/python3.12/site-packages/airflow/example_dags/example_dynamic_task_mapping_with_no_taskflow_operators.py
[2026-04-26T23:29:05.750+0000] {logging_mixin.py:188} INFO - [2026-04-26T23:29:05.749+0000] {dag.py:3096} INFO - Sync 1 DAGs
[2026-04-26T23:29:05.761+0000] {logging_mixin.py:188} INFO - [2026-04-26T23:29:05.761+0000] {dag.py:3954} INFO - Setting next_dagrun for example_dynamic_task_mapping_with_no_taskflow_operators to 2026-04-25 00:00:00+00:00, run_after=2026-04-26 00:00:00+00:00
[2026-04-26T23:29:05.770+0000] {processor.py:183} INFO - Processing /home/airflow/.local/lib/python3.12/site-packages/airflow/example_dags/example_dynamic_task_mapping_with_no_taskflow_operators.py took 0.041 seconds
[2026-04-26T23:29:36.589+0000] {processor.py:161} INFO - Started process (PID=2517) to work on /home/airflow/.local/lib/python3.12/site-packages/airflow/example_dags/example_dynamic_task_mapping_with_no_taskflow_operators.py
[2026-04-26T23:29:36.599+0000] {processor.py:830} INFO - Processing file /home/airflow/.local/lib/python3.12/site-packages/airflow/example_dags/example_dynamic_task_mapping_with_no_taskflow_operators.py for tasks to queue
[2026-04-26T23:29:36.600+0000] {logging_mixin.py:188} INFO - [2026-04-26T23:29:36.600+0000] {dagbag.py:545} INFO - Filling up the DagBag from /home/airflow/.local/lib/python3.12/site-packages/airflow/example_dags/example_dynamic_task_mapping_with_no_taskflow_operators.py
[2026-04-26T23:29:36.604+0000] {processor.py:840} INFO - DAG(s) 'example_dynamic_task_mapping_with_no_taskflow_operators' retrieved from /home/airflow/.local/lib/python3.12/site-packages/airflow/example_dags/example_dynamic_task_mapping_with_no_taskflow_operators.py
[2026-04-26T23:29:36.616+0000] {logging_mixin.py:188} INFO - [2026-04-26T23:29:36.616+0000] {dag.py:3096} INFO - Sync 1 DAGs
[2026-04-26T23:29:36.628+0000] {logging_mixin.py:188} INFO - [2026-04-26T23:29:36.628+0000] {dag.py:3954} INFO - Setting next_dagrun for example_dynamic_task_mapping_with_no_taskflow_operators to 2026-04-25 00:00:00+00:00, run_after=2026-04-26 00:00:00+00:00
[2026-04-26T23:29:36.637+0000] {processor.py:183} INFO - Processing /home/airflow/.local/lib/python3.12/site-packages/airflow/example_dags/example_dynamic_task_mapping_with_no_taskflow_operators.py took 0.052 seconds
[2026-04-26T23:30:07.267+0000] {processor.py:161} INFO - Started process (PID=2576) to work on /home/airflow/.local/lib/python3.12/site-packages/airflow/example_dags/example_dynamic_task_mapping_with_no_taskflow_operators.py
[2026-04-26T23:30:07.271+0000] {processor.py:830} INFO - Processing file /home/airflow/.local/lib/python3.12/site-packages/airflow/example_dags/example_dynamic_task_mapping_with_no_taskflow_operators.py for tasks to queue
[2026-04-26T23:30:07.272+0000] {logging_mixin.py:188} INFO - [2026-04-26T23:30:07.272+0000] {dagbag.py:545} INFO - Filling up the DagBag from /home/airflow/.local/lib/python3.12/site-packages/airflow/example_dags/example_dynamic_task_mapping_with_no_taskflow_operators.py
[2026-04-26T23:30:07.277+0000] {processor.py:840} INFO - DAG(s) 'example_dynamic_task_mapping_with_no_taskflow_operators' retrieved from /home/airflow/.local/lib/python3.12/site-packages/airflow/example_dags/example_dynamic_task_mapping_with_no_taskflow_operators.py
[2026-04-26T23:30:07.294+0000] {logging_mixin.py:188} INFO - [2026-04-26T23:30:07.294+0000] {dag.py:3096} INFO - Sync 1 DAGs
[2026-04-26T23:30:07.311+0000] {logging_mixin.py:188} INFO - [2026-04-26T23:30:07.311+0000] {dag.py:3954} INFO - Setting next_dagrun for example_dynamic_task_mapping_with_no_taskflow_operators to 2026-04-25 00:00:00+00:00, run_after=2026-04-26 00:00:00+00:00
[2026-04-26T23:30:07.323+0000] {processor.py:183} INFO - Processing /home/airflow/.local/lib/python3.12/site-packages/airflow/example_dags/example_dynamic_task_mapping_with_no_taskflow_operators.py took 0.060 seconds
[2026-04-26T23:30:38.042+0000] {processor.py:161} INFO - Started process (PID=2635) to work on /home/airflow/.local/lib/python3.12/site-packages/airflow/example_dags/example_dynamic_task_mapping_with_no_taskflow_operators.py
[2026-04-26T23:30:38.055+0000] {processor.py:830} INFO - Processing file /home/airflow/.local/lib/python3.12/site-packages/airflow/example_dags/example_dynamic_task_mapping_with_no_taskflow_operators.py for tasks to queue
[2026-04-26T23:30:38.056+0000] {logging_mixin.py:188} INFO - [2026-04-26T23:30:38.056+0000] {dagbag.py:545} INFO - Filling up the DagBag from /home/airflow/.local/lib/python3.12/site-packages/airflow/example_dags/example_dynamic_task_mapping_with_no_taskflow_operators.py
[2026-04-26T23:30:38.060+0000] {processor.py:840} INFO - DAG(s) 'example_dynamic_task_mapping_with_no_taskflow_operators' retrieved from /home/airflow/.local/lib/python3.12/site-packages/airflow/example_dags/example_dynamic_task_mapping_with_no_taskflow_operators.py
[2026-04-26T23:30:38.072+0000] {logging_mixin.py:188} INFO - [2026-04-26T23:30:38.072+0000] {dag.py:3096} INFO - Sync 1 DAGs
[2026-04-26T23:30:38.085+0000] {logging_mixin.py:188} INFO - [2026-04-26T23:30:38.084+0000] {dag.py:3954} INFO - Setting next_dagrun for example_dynamic_task_mapping_with_no_taskflow_operators to 2026-04-25 00:00:00+00:00, run_after=2026-04-26 00:00:00+00:00
[2026-04-26T23:30:38.095+0000] {processor.py:183} INFO - Processing /home/airflow/.local/lib/python3.12/site-packages/airflow/example_dags/example_dynamic_task_mapping_with_no_taskflow_operators.py took 0.057 seconds
[2026-04-26T23:31:08.804+0000] {processor.py:161} INFO - Started process (PID=2694) to work on /home/airflow/.local/lib/python3.12/site-packages/airflow/example_dags/example_dynamic_task_mapping_with_no_taskflow_operators.py
[2026-04-26T23:31:08.805+0000] {processor.py:830} INFO - Processing file /home/airflow/.local/lib/python3.12/site-packages/airflow/example_dags/example_dynamic_task_mapping_with_no_taskflow_operators.py for tasks to queue
[2026-04-26T23:31:08.805+0000] {logging_mixin.py:188} INFO - [2026-04-26T23:31:08.805+0000] {dagbag.py:545} INFO - Filling up the DagBag from /home/airflow/.local/lib/python3.12/site-packages/airflow/example_dags/example_dynamic_task_mapping_with_no_taskflow_operators.py
[2026-04-26T23:31:08.809+0000] {processor.py:840} INFO - DAG(s) 'example_dynamic_task_mapping_with_no_taskflow_operators' retrieved from /home/airflow/.local/lib/python3.12/site-packages/airflow/example_dags/example_dynamic_task_mapping_with_no_taskflow_operators.py
[2026-04-26T23:31:08.820+0000] {logging_mixin.py:188} INFO - [2026-04-26T23:31:08.820+0000] {dag.py:3096} INFO - Sync 1 DAGs
[2026-04-26T23:31:08.833+0000] {logging_mixin.py:188} INFO - [2026-04-26T23:31:08.832+0000] {dag.py:3954} INFO - Setting next_dagrun for example_dynamic_task_mapping_with_no_taskflow_operators to 2026-04-25 00:00:00+00:00, run_after=2026-04-26 00:00:00+00:00
[2026-04-26T23:31:08.845+0000] {processor.py:183} INFO - Processing /home/airflow/.local/lib/python3.12/site-packages/airflow/example_dags/example_dynamic_task_mapping_with_no_taskflow_operators.py took 0.044 seconds
[2026-04-26T23:31:39.532+0000] {processor.py:161} INFO - Started process (PID=2753) to work on /home/airflow/.local/lib/python3.12/site-packages/airflow/example_dags/example_dynamic_task_mapping_with_no_taskflow_operators.py
[2026-04-26T23:31:39.539+0000] {processor.py:830} INFO - Processing file /home/airflow/.local/lib/python3.12/site-packages/airflow/example_dags/example_dynamic_task_mapping_with_no_taskflow_operators.py for tasks to queue
[2026-04-26T23:31:39.540+0000] {logging_mixin.py:188} INFO - [2026-04-26T23:31:39.540+0000] {dagbag.py:545} INFO - Filling up the DagBag from /home/airflow/.local/lib/python3.12/site-packages/airflow/example_dags/example_dynamic_task_mapping_with_no_taskflow_operators.py
[2026-04-26T23:31:39.545+0000] {processor.py:840} INFO - DAG(s) 'example_dynamic_task_mapping_with_no_taskflow_operators' retrieved from /home/airflow/.local/lib/python3.12/site-packages/airflow/example_dags/example_dynamic_task_mapping_with_no_taskflow_operators.py
[2026-04-26T23:31:39.562+0000] {logging_mixin.py:188} INFO - [2026-04-26T23:31:39.562+0000] {dag.py:3096} INFO - Sync 1 DAGs
[2026-04-26T23:31:39.579+0000] {logging_mixin.py:188} INFO - [2026-04-26T23:31:39.578+0000] {dag.py:3954} INFO - Setting next_dagrun for example_dynamic_task_mapping_with_no_taskflow_operators to 2026-04-25 00:00:00+00:00, run_after=2026-04-26 00:00:00+00:00
[2026-04-26T23:31:39.591+0000] {processor.py:183} INFO - Processing /home/airflow/.local/lib/python3.12/site-packages/airflow/example_dags/example_dynamic_task_mapping_with_no_taskflow_operators.py took 0.064 seconds
[2026-04-26T23:32:10.269+0000] {processor.py:161} INFO - Started process (PID=2812) to work on /home/airflow/.local/lib/python3.12/site-packages/airflow/example_dags/example_dynamic_task_mapping_with_no_taskflow_operators.py
[2026-04-26T23:32:10.270+0000] {processor.py:830} INFO - Processing file /home/airflow/.local/lib/python3.12/site-packages/airflow/example_dags/example_dynamic_task_mapping_with_no_taskflow_operators.py for tasks to queue
[2026-04-26T23:32:10.271+0000] {logging_mixin.py:188} INFO - [2026-04-26T23:32:10.271+0000] {dagbag.py:545} INFO - Filling up the DagBag from /home/airflow/.local/lib/python3.12/site-packages/airflow/example_dags/example_dynamic_task_mapping_with_no_taskflow_operators.py
[2026-04-26T23:32:10.276+0000] {processor.py:840} INFO - DAG(s) 'example_dynamic_task_mapping_with_no_taskflow_operators' retrieved from /home/airflow/.local/lib/python3.12/site-packages/airflow/example_dags/example_dynamic_task_mapping_with_no_taskflow_operators.py
[2026-04-26T23:32:10.289+0000] {logging_mixin.py:188} INFO - [2026-04-26T23:32:10.288+0000] {dag.py:3096} INFO - Sync 1 DAGs
[2026-04-26T23:32:10.304+0000] {logging_mixin.py:188} INFO - [2026-04-26T23:32:10.304+0000] {dag.py:3954} INFO - Setting next_dagrun for example_dynamic_task_mapping_with_no_taskflow_operators to 2026-04-25 00:00:00+00:00, run_after=2026-04-26 00:00:00+00:00
[2026-04-26T23:32:10.316+0000] {processor.py:183} INFO - Processing /home/airflow/.local/lib/python3.12/site-packages/airflow/example_dags/example_dynamic_task_mapping_with_no_taskflow_operators.py took 0.052 seconds
[2026-04-26T23:32:40.481+0000] {processor.py:161} INFO - Started process (PID=2871) to work on /home/airflow/.local/lib/python3.12/site-packages/airflow/example_dags/example_dynamic_task_mapping_with_no_taskflow_operators.py
[2026-04-26T23:32:40.482+0000] {processor.py:830} INFO - Processing file /home/airflow/.local/lib/python3.12/site-packages/airflow/example_dags/example_dynamic_task_mapping_with_no_taskflow_operators.py for tasks to queue
[2026-04-26T23:32:40.483+0000] {logging_mixin.py:188} INFO - [2026-04-26T23:32:40.483+0000] {dagbag.py:545} INFO - Filling up the DagBag from /home/airflow/.local/lib/python3.12/site-packages/airflow/example_dags/example_dynamic_task_mapping_with_no_taskflow_operators.py
[2026-04-26T23:32:40.488+0000] {processor.py:840} INFO - DAG(s) 'example_dynamic_task_mapping_with_no_taskflow_operators' retrieved from /home/airflow/.local/lib/python3.12/site-packages/airflow/example_dags/example_dynamic_task_mapping_with_no_taskflow_operators.py
[2026-04-26T23:32:40.500+0000] {logging_mixin.py:188} INFO - [2026-04-26T23:32:40.500+0000] {dag.py:3096} INFO - Sync 1 DAGs
[2026-04-26T23:32:40.516+0000] {logging_mixin.py:188} INFO - [2026-04-26T23:32:40.516+0000] {dag.py:3954} INFO - Setting next_dagrun for example_dynamic_task_mapping_with_no_taskflow_operators to 2026-04-25 00:00:00+00:00, run_after=2026-04-26 00:00:00+00:00
[2026-04-26T23:32:40.528+0000] {processor.py:183} INFO - Processing /home/airflow/.local/lib/python3.12/site-packages/airflow/example_dags/example_dynamic_task_mapping_with_no_taskflow_operators.py took 0.052 seconds
[2026-04-26T23:33:10.761+0000] {processor.py:161} INFO - Started process (PID=2930) to work on /home/airflow/.local/lib/python3.12/site-packages/airflow/example_dags/example_dynamic_task_mapping_with_no_taskflow_operators.py
[2026-04-26T23:33:10.776+0000] {processor.py:830} INFO - Processing file /home/airflow/.local/lib/python3.12/site-packages/airflow/example_dags/example_dynamic_task_mapping_with_no_taskflow_operators.py for tasks to queue
[2026-04-26T23:33:10.778+0000] {logging_mixin.py:188} INFO - [2026-04-26T23:33:10.777+0000] {dagbag.py:545} INFO - Filling up the DagBag from /home/airflow/.local/lib/python3.12/site-packages/airflow/example_dags/example_dynamic_task_mapping_with_no_taskflow_operators.py
[2026-04-26T23:33:10.781+0000] {processor.py:840} INFO - DAG(s) 'example_dynamic_task_mapping_with_no_taskflow_operators' retrieved from /home/airflow/.local/lib/python3.12/site-packages/airflow/example_dags/example_dynamic_task_mapping_with_no_taskflow_operators.py
[2026-04-26T23:33:10.794+0000] {logging_mixin.py:188} INFO - [2026-04-26T23:33:10.794+0000] {dag.py:3096} INFO - Sync 1 DAGs
[2026-04-26T23:33:10.807+0000] {logging_mixin.py:188} INFO - [2026-04-26T23:33:10.807+0000] {dag.py:3954} INFO - Setting next_dagrun for example_dynamic_task_mapping_with_no_taskflow_operators to 2026-04-25 00:00:00+00:00, run_after=2026-04-26 00:00:00+00:00
[2026-04-26T23:33:10.816+0000] {processor.py:183} INFO - Processing /home/airflow/.local/lib/python3.12/site-packages/airflow/example_dags/example_dynamic_task_mapping_with_no_taskflow_operators.py took 0.059 seconds
[2026-04-26T23:33:41.644+0000] {processor.py:161} INFO - Started process (PID=2993) to work on /home/airflow/.local/lib/python3.12/site-packages/airflow/example_dags/example_dynamic_task_mapping_with_no_taskflow_operators.py
[2026-04-26T23:33:41.645+0000] {processor.py:830} INFO - Processing file /home/airflow/.local/lib/python3.12/site-packages/airflow/example_dags/example_dynamic_task_mapping_with_no_taskflow_operators.py for tasks to queue
[2026-04-26T23:33:41.646+0000] {logging_mixin.py:188} INFO - [2026-04-26T23:33:41.646+0000] {dagbag.py:545} INFO - Filling up the DagBag from /home/airflow/.local/lib/python3.12/site-packages/airflow/example_dags/example_dynamic_task_mapping_with_no_taskflow_operators.py
[2026-04-26T23:33:41.651+0000] {processor.py:840} INFO - DAG(s) 'example_dynamic_task_mapping_with_no_taskflow_operators' retrieved from /home/airflow/.local/lib/python3.12/site-packages/airflow/example_dags/example_dynamic_task_mapping_with_no_taskflow_operators.py
[2026-04-26T23:33:41.664+0000] {logging_mixin.py:188} INFO - [2026-04-26T23:33:41.663+0000] {dag.py:3096} INFO - Sync 1 DAGs
[2026-04-26T23:33:41.680+0000] {logging_mixin.py:188} INFO - [2026-04-26T23:33:41.680+0000] {dag.py:3954} INFO - Setting next_dagrun for example_dynamic_task_mapping_with_no_taskflow_operators to 2026-04-25 00:00:00+00:00, run_after=2026-04-26 00:00:00+00:00
[2026-04-26T23:33:41.691+0000] {processor.py:183} INFO - Processing /home/airflow/.local/lib/python3.12/site-packages/airflow/example_dags/example_dynamic_task_mapping_with_no_taskflow_operators.py took 0.052 seconds
[2026-04-26T23:34:11.731+0000] {processor.py:161} INFO - Started process (PID=3052) to work on /home/airflow/.local/lib/python3.12/site-packages/airflow/example_dags/example_dynamic_task_mapping_with_no_taskflow_operators.py
[2026-04-26T23:34:11.739+0000] {processor.py:830} INFO - Processing file /home/airflow/.local/lib/python3.12/site-packages/airflow/example_dags/example_dynamic_task_mapping_with_no_taskflow_operators.py for tasks to queue
[2026-04-26T23:34:11.740+0000] {logging_mixin.py:188} INFO - [2026-04-26T23:34:11.740+0000] {dagbag.py:545} INFO - Filling up the DagBag from /home/airflow/.local/lib/python3.12/site-packages/airflow/example_dags/example_dynamic_task_mapping_with_no_taskflow_operators.py
[2026-04-26T23:34:11.744+0000] {processor.py:840} INFO - DAG(s) 'example_dynamic_task_mapping_with_no_taskflow_operators' retrieved from /home/airflow/.local/lib/python3.12/site-packages/airflow/example_dags/example_dynamic_task_mapping_with_no_taskflow_operators.py
[2026-04-26T23:34:11.756+0000] {logging_mixin.py:188} INFO - [2026-04-26T23:34:11.756+0000] {dag.py:3096} INFO - Sync 1 DAGs
[2026-04-26T23:34:11.767+0000] {logging_mixin.py:188} INFO - [2026-04-26T23:34:11.767+0000] {dag.py:3954} INFO - Setting next_dagrun for example_dynamic_task_mapping_with_no_taskflow_operators to 2026-04-25 00:00:00+00:00, run_after=2026-04-26 00:00:00+00:00
[2026-04-26T23:34:11.776+0000] {processor.py:183} INFO - Processing /home/airflow/.local/lib/python3.12/site-packages/airflow/example_dags/example_dynamic_task_mapping_with_no_taskflow_operators.py took 0.049 seconds
[2026-04-26T23:34:41.889+0000] {processor.py:161} INFO - Started process (PID=3111) to work on /home/airflow/.local/lib/python3.12/site-packages/airflow/example_dags/example_dynamic_task_mapping_with_no_taskflow_operators.py
[2026-04-26T23:34:41.889+0000] {processor.py:830} INFO - Processing file /home/airflow/.local/lib/python3.12/site-packages/airflow/example_dags/example_dynamic_task_mapping_with_no_taskflow_operators.py for tasks to queue
[2026-04-26T23:34:41.890+0000] {logging_mixin.py:188} INFO - [2026-04-26T23:34:41.890+0000] {dagbag.py:545} INFO - Filling up the DagBag from /home/airflow/.local/lib/python3.12/site-packages/airflow/example_dags/example_dynamic_task_mapping_with_no_taskflow_operators.py
[2026-04-26T23:34:41.895+0000] {processor.py:840} INFO - DAG(s) 'example_dynamic_task_mapping_with_no_taskflow_operators' retrieved from /home/airflow/.local/lib/python3.12/site-packages/airflow/example_dags/example_dynamic_task_mapping_with_no_taskflow_operators.py
[2026-04-26T23:34:41.905+0000] {logging_mixin.py:188} INFO - [2026-04-26T23:34:41.905+0000] {dag.py:3096} INFO - Sync 1 DAGs
[2026-04-26T23:34:41.918+0000] {logging_mixin.py:188} INFO - [2026-04-26T23:34:41.917+0000] {dag.py:3954} INFO - Setting next_dagrun for example_dynamic_task_mapping_with_no_taskflow_operators to 2026-04-25 00:00:00+00:00, run_after=2026-04-26 00:00:00+00:00
[2026-04-26T23:34:41.926+0000] {processor.py:183} INFO - Processing /home/airflow/.local/lib/python3.12/site-packages/airflow/example_dags/example_dynamic_task_mapping_with_no_taskflow_operators.py took 0.041 seconds
[2026-04-26T23:35:12.754+0000] {processor.py:161} INFO - Started process (PID=3170) to work on /home/airflow/.local/lib/python3.12/site-packages/airflow/example_dags/example_dynamic_task_mapping_with_no_taskflow_operators.py
[2026-04-26T23:35:12.765+0000] {processor.py:830} INFO - Processing file /home/airflow/.local/lib/python3.12/site-packages/airflow/example_dags/example_dynamic_task_mapping_with_no_taskflow_operators.py for tasks to queue
[2026-04-26T23:35:12.766+0000] {logging_mixin.py:188} INFO - [2026-04-26T23:35:12.766+0000] {dagbag.py:545} INFO - Filling up the DagBag from /home/airflow/.local/lib/python3.12/site-packages/airflow/example_dags/example_dynamic_task_mapping_with_no_taskflow_operators.py
[2026-04-26T23:35:12.770+0000] {processor.py:840} INFO - DAG(s) 'example_dynamic_task_mapping_with_no_taskflow_operators' retrieved from /home/airflow/.local/lib/python3.12/site-packages/airflow/example_dags/example_dynamic_task_mapping_with_no_taskflow_operators.py
[2026-04-26T23:35:12.781+0000] {logging_mixin.py:188} INFO - [2026-04-26T23:35:12.781+0000] {dag.py:3096} INFO - Sync 1 DAGs
[2026-04-26T23:35:12.794+0000] {logging_mixin.py:188} INFO - [2026-04-26T23:35:12.794+0000] {dag.py:3954} INFO - Setting next_dagrun for example_dynamic_task_mapping_with_no_taskflow_operators to 2026-04-25 00:00:00+00:00, run_after=2026-04-26 00:00:00+00:00
[2026-04-26T23:35:12.804+0000] {processor.py:183} INFO - Processing /home/airflow/.local/lib/python3.12/site-packages/airflow/example_dags/example_dynamic_task_mapping_with_no_taskflow_operators.py took 0.053 seconds
[2026-04-26T23:35:43.384+0000] {processor.py:161} INFO - Started process (PID=3229) to work on /home/airflow/.local/lib/python3.12/site-packages/airflow/example_dags/example_dynamic_task_mapping_with_no_taskflow_operators.py
[2026-04-26T23:35:43.384+0000] {processor.py:830} INFO - Processing file /home/airflow/.local/lib/python3.12/site-packages/airflow/example_dags/example_dynamic_task_mapping_with_no_taskflow_operators.py for tasks to queue
[2026-04-26T23:35:43.385+0000] {logging_mixin.py:188} INFO - [2026-04-26T23:35:43.385+0000] {dagbag.py:545} INFO - Filling up the DagBag from /home/airflow/.local/lib/python3.12/site-packages/airflow/example_dags/example_dynamic_task_mapping_with_no_taskflow_operators.py
[2026-04-26T23:35:43.389+0000] {processor.py:840} INFO - DAG(s) 'example_dynamic_task_mapping_with_no_taskflow_operators' retrieved from /home/airflow/.local/lib/python3.12/site-packages/airflow/example_dags/example_dynamic_task_mapping_with_no_taskflow_operators.py
[2026-04-26T23:35:43.403+0000] {logging_mixin.py:188} INFO - [2026-04-26T23:35:43.403+0000] {dag.py:3096} INFO - Sync 1 DAGs
[2026-04-26T23:35:43.416+0000] {logging_mixin.py:188} INFO - [2026-04-26T23:35:43.415+0000] {dag.py:3954} INFO - Setting next_dagrun for example_dynamic_task_mapping_with_no_taskflow_operators to 2026-04-25 00:00:00+00:00, run_after=2026-04-26 00:00:00+00:00
[2026-04-26T23:35:43.426+0000] {processor.py:183} INFO - Processing /home/airflow/.local/lib/python3.12/site-packages/airflow/example_dags/example_dynamic_task_mapping_with_no_taskflow_operators.py took 0.046 seconds
[2026-04-26T23:36:14.195+0000] {processor.py:161} INFO - Started process (PID=3288) to work on /home/airflow/.local/lib/python3.12/site-packages/airflow/example_dags/example_dynamic_task_mapping_with_no_taskflow_operators.py
[2026-04-26T23:36:14.196+0000] {processor.py:830} INFO - Processing file /home/airflow/.local/lib/python3.12/site-packages/airflow/example_dags/example_dynamic_task_mapping_with_no_taskflow_operators.py for tasks to queue
[2026-04-26T23:36:14.197+0000] {logging_mixin.py:188} INFO - [2026-04-26T23:36:14.196+0000] {dagbag.py:545} INFO - Filling up the DagBag from /home/airflow/.local/lib/python3.12/site-packages/airflow/example_dags/example_dynamic_task_mapping_with_no_taskflow_operators.py
[2026-04-26T23:36:14.201+0000] {processor.py:840} INFO - DAG(s) 'example_dynamic_task_mapping_with_no_taskflow_operators' retrieved from /home/airflow/.local/lib/python3.12/site-packages/airflow/example_dags/example_dynamic_task_mapping_with_no_taskflow_operators.py
[2026-04-26T23:36:14.212+0000] {logging_mixin.py:188} INFO - [2026-04-26T23:36:14.212+0000] {dag.py:3096} INFO - Sync 1 DAGs
[2026-04-26T23:36:14.224+0000] {logging_mixin.py:188} INFO - [2026-04-26T23:36:14.224+0000] {dag.py:3954} INFO - Setting next_dagrun for example_dynamic_task_mapping_with_no_taskflow_operators to 2026-04-25 00:00:00+00:00, run_after=2026-04-26 00:00:00+00:00
[2026-04-26T23:36:14.233+0000] {processor.py:183} INFO - Processing /home/airflow/.local/lib/python3.12/site-packages/airflow/example_dags/example_dynamic_task_mapping_with_no_taskflow_operators.py took 0.041 seconds
[2026-04-26T23:36:44.837+0000] {processor.py:161} INFO - Started process (PID=3347) to work on /home/airflow/.local/lib/python3.12/site-packages/airflow/example_dags/example_dynamic_task_mapping_with_no_taskflow_operators.py
[2026-04-26T23:36:44.838+0000] {processor.py:830} INFO - Processing file /home/airflow/.local/lib/python3.12/site-packages/airflow/example_dags/example_dynamic_task_mapping_with_no_taskflow_operators.py for tasks to queue
[2026-04-26T23:36:44.839+0000] {logging_mixin.py:188} INFO - [2026-04-26T23:36:44.838+0000] {dagbag.py:545} INFO - Filling up the DagBag from /home/airflow/.local/lib/python3.12/site-packages/airflow/example_dags/example_dynamic_task_mapping_with_no_taskflow_operators.py
[2026-04-26T23:36:44.842+0000] {processor.py:840} INFO - DAG(s) 'example_dynamic_task_mapping_with_no_taskflow_operators' retrieved from /home/airflow/.local/lib/python3.12/site-packages/airflow/example_dags/example_dynamic_task_mapping_with_no_taskflow_operators.py
[2026-04-26T23:36:44.853+0000] {logging_mixin.py:188} INFO - [2026-04-26T23:36:44.853+0000] {dag.py:3096} INFO - Sync 1 DAGs
[2026-04-26T23:36:44.865+0000] {logging_mixin.py:188} INFO - [2026-04-26T23:36:44.864+0000] {dag.py:3954} INFO - Setting next_dagrun for example_dynamic_task_mapping_with_no_taskflow_operators to 2026-04-25 00:00:00+00:00, run_after=2026-04-26 00:00:00+00:00
[2026-04-26T23:36:44.886+0000] {processor.py:183} INFO - Processing /home/airflow/.local/lib/python3.12/site-packages/airflow/example_dags/example_dynamic_task_mapping_with_no_taskflow_operators.py took 0.052 seconds
[2026-04-26T23:37:15.602+0000] {processor.py:161} INFO - Started process (PID=3406) to work on /home/airflow/.local/lib/python3.12/site-packages/airflow/example_dags/example_dynamic_task_mapping_with_no_taskflow_operators.py
[2026-04-26T23:37:15.604+0000] {processor.py:830} INFO - Processing file /home/airflow/.local/lib/python3.12/site-packages/airflow/example_dags/example_dynamic_task_mapping_with_no_taskflow_operators.py for tasks to queue
[2026-04-26T23:37:15.605+0000] {logging_mixin.py:188} INFO - [2026-04-26T23:37:15.604+0000] {dagbag.py:545} INFO - Filling up the DagBag from /home/airflow/.local/lib/python3.12/site-packages/airflow/example_dags/example_dynamic_task_mapping_with_no_taskflow_operators.py
[2026-04-26T23:37:15.610+0000] {processor.py:840} INFO - DAG(s) 'example_dynamic_task_mapping_with_no_taskflow_operators' retrieved from /home/airflow/.local/lib/python3.12/site-packages/airflow/example_dags/example_dynamic_task_mapping_with_no_taskflow_operators.py
[2026-04-26T23:37:15.623+0000] {logging_mixin.py:188} INFO - [2026-04-26T23:37:15.623+0000] {dag.py:3096} INFO - Sync 1 DAGs
[2026-04-26T23:37:15.637+0000] {logging_mixin.py:188} INFO - [2026-04-26T23:37:15.637+0000] {dag.py:3954} INFO - Setting next_dagrun for example_dynamic_task_mapping_with_no_taskflow_operators to 2026-04-25 00:00:00+00:00, run_after=2026-04-26 00:00:00+00:00
[2026-04-26T23:37:15.647+0000] {processor.py:183} INFO - Processing /home/airflow/.local/lib/python3.12/site-packages/airflow/example_dags/example_dynamic_task_mapping_with_no_taskflow_operators.py took 0.049 seconds
[2026-04-26T23:37:46.345+0000] {processor.py:161} INFO - Started process (PID=3465) to work on /home/airflow/.local/lib/python3.12/site-packages/airflow/example_dags/example_dynamic_task_mapping_with_no_taskflow_operators.py
[2026-04-26T23:37:46.345+0000] {processor.py:830} INFO - Processing file /home/airflow/.local/lib/python3.12/site-packages/airflow/example_dags/example_dynamic_task_mapping_with_no_taskflow_operators.py for tasks to queue
[2026-04-26T23:37:46.347+0000] {logging_mixin.py:188} INFO - [2026-04-26T23:37:46.346+0000] {dagbag.py:545} INFO - Filling up the DagBag from /home/airflow/.local/lib/python3.12/site-packages/airflow/example_dags/example_dynamic_task_mapping_with_no_taskflow_operators.py
[2026-04-26T23:37:46.351+0000] {processor.py:840} INFO - DAG(s) 'example_dynamic_task_mapping_with_no_taskflow_operators' retrieved from /home/airflow/.local/lib/python3.12/site-packages/airflow/example_dags/example_dynamic_task_mapping_with_no_taskflow_operators.py
[2026-04-26T23:37:46.365+0000] {logging_mixin.py:188} INFO - [2026-04-26T23:37:46.364+0000] {dag.py:3096} INFO - Sync 1 DAGs
[2026-04-26T23:37:46.380+0000] {logging_mixin.py:188} INFO - [2026-04-26T23:37:46.379+0000] {dag.py:3954} INFO - Setting next_dagrun for example_dynamic_task_mapping_with_no_taskflow_operators to 2026-04-25 00:00:00+00:00, run_after=2026-04-26 00:00:00+00:00
[2026-04-26T23:37:46.390+0000] {processor.py:183} INFO - Processing /home/airflow/.local/lib/python3.12/site-packages/airflow/example_dags/example_dynamic_task_mapping_with_no_taskflow_operators.py took 0.050 seconds
[2026-04-26T23:38:17.118+0000] {processor.py:161} INFO - Started process (PID=3524) to work on /home/airflow/.local/lib/python3.12/site-packages/airflow/example_dags/example_dynamic_task_mapping_with_no_taskflow_operators.py
[2026-04-26T23:38:17.123+0000] {processor.py:830} INFO - Processing file /home/airflow/.local/lib/python3.12/site-packages/airflow/example_dags/example_dynamic_task_mapping_with_no_taskflow_operators.py for tasks to queue
[2026-04-26T23:38:17.124+0000] {logging_mixin.py:188} INFO - [2026-04-26T23:38:17.123+0000] {dagbag.py:545} INFO - Filling up the DagBag from /home/airflow/.local/lib/python3.12/site-packages/airflow/example_dags/example_dynamic_task_mapping_with_no_taskflow_operators.py
[2026-04-26T23:38:17.127+0000] {processor.py:840} INFO - DAG(s) 'example_dynamic_task_mapping_with_no_taskflow_operators' retrieved from /home/airflow/.local/lib/python3.12/site-packages/airflow/example_dags/example_dynamic_task_mapping_with_no_taskflow_operators.py
[2026-04-26T23:38:17.138+0000] {logging_mixin.py:188} INFO - [2026-04-26T23:38:17.137+0000] {dag.py:3096} INFO - Sync 1 DAGs
[2026-04-26T23:38:17.149+0000] {logging_mixin.py:188} INFO - [2026-04-26T23:38:17.149+0000] {dag.py:3954} INFO - Setting next_dagrun for example_dynamic_task_mapping_with_no_taskflow_operators to 2026-04-25 00:00:00+00:00, run_after=2026-04-26 00:00:00+00:00
[2026-04-26T23:38:17.158+0000] {processor.py:183} INFO - Processing /home/airflow/.local/lib/python3.12/site-packages/airflow/example_dags/example_dynamic_task_mapping_with_no_taskflow_operators.py took 0.044 seconds
[2026-04-26T23:38:46.001+0000] {processor.py:161} INFO - Started process (PID=66) to work on /home/airflow/.local/lib/python3.12/site-packages/airflow/example_dags/example_dynamic_task_mapping_with_no_taskflow_operators.py
[2026-04-26T23:38:46.001+0000] {processor.py:830} INFO - Processing file /home/airflow/.local/lib/python3.12/site-packages/airflow/example_dags/example_dynamic_task_mapping_with_no_taskflow_operators.py for tasks to queue
[2026-04-26T23:38:46.003+0000] {logging_mixin.py:188} INFO - [2026-04-26T23:38:46.002+0000] {dagbag.py:545} INFO - Filling up the DagBag from /home/airflow/.local/lib/python3.12/site-packages/airflow/example_dags/example_dynamic_task_mapping_with_no_taskflow_operators.py
[2026-04-26T23:38:46.009+0000] {processor.py:840} INFO - DAG(s) 'example_dynamic_task_mapping_with_no_taskflow_operators' retrieved from /home/airflow/.local/lib/python3.12/site-packages/airflow/example_dags/example_dynamic_task_mapping_with_no_taskflow_operators.py
[2026-04-26T23:38:46.015+0000] {logging_mixin.py:188} INFO - [2026-04-26T23:38:46.015+0000] {dag.py:3096} INFO - Sync 1 DAGs
[2026-04-26T23:38:46.027+0000] {logging_mixin.py:188} INFO - [2026-04-26T23:38:46.027+0000] {dag.py:3954} INFO - Setting next_dagrun for example_dynamic_task_mapping_with_no_taskflow_operators to 2026-04-25 00:00:00+00:00, run_after=2026-04-26 00:00:00+00:00
[2026-04-26T23:38:46.037+0000] {processor.py:183} INFO - Processing /home/airflow/.local/lib/python3.12/site-packages/airflow/example_dags/example_dynamic_task_mapping_with_no_taskflow_operators.py took 0.041 seconds
[2026-04-26T23:39:16.666+0000] {processor.py:161} INFO - Started process (PID=125) to work on /home/airflow/.local/lib/python3.12/site-packages/airflow/example_dags/example_dynamic_task_mapping_with_no_taskflow_operators.py
[2026-04-26T23:39:16.667+0000] {processor.py:830} INFO - Processing file /home/airflow/.local/lib/python3.12/site-packages/airflow/example_dags/example_dynamic_task_mapping_with_no_taskflow_operators.py for tasks to queue
[2026-04-26T23:39:16.668+0000] {logging_mixin.py:188} INFO - [2026-04-26T23:39:16.668+0000] {dagbag.py:545} INFO - Filling up the DagBag from /home/airflow/.local/lib/python3.12/site-packages/airflow/example_dags/example_dynamic_task_mapping_with_no_taskflow_operators.py
[2026-04-26T23:39:16.672+0000] {processor.py:840} INFO - DAG(s) 'example_dynamic_task_mapping_with_no_taskflow_operators' retrieved from /home/airflow/.local/lib/python3.12/site-packages/airflow/example_dags/example_dynamic_task_mapping_with_no_taskflow_operators.py
[2026-04-26T23:39:16.729+0000] {logging_mixin.py:188} INFO - [2026-04-26T23:39:16.729+0000] {dag.py:3096} INFO - Sync 1 DAGs
[2026-04-26T23:39:16.739+0000] {logging_mixin.py:188} INFO - [2026-04-26T23:39:16.739+0000] {dag.py:3954} INFO - Setting next_dagrun for example_dynamic_task_mapping_with_no_taskflow_operators to 2026-04-25 00:00:00+00:00, run_after=2026-04-26 00:00:00+00:00
[2026-04-26T23:39:16.749+0000] {processor.py:183} INFO - Processing /home/airflow/.local/lib/python3.12/site-packages/airflow/example_dags/example_dynamic_task_mapping_with_no_taskflow_operators.py took 0.086 seconds
[2026-04-26T23:39:47.532+0000] {processor.py:161} INFO - Started process (PID=190) to work on /home/airflow/.local/lib/python3.12/site-packages/airflow/example_dags/example_dynamic_task_mapping_with_no_taskflow_operators.py
[2026-04-26T23:39:47.533+0000] {processor.py:830} INFO - Processing file /home/airflow/.local/lib/python3.12/site-packages/airflow/example_dags/example_dynamic_task_mapping_with_no_taskflow_operators.py for tasks to queue
[2026-04-26T23:39:47.534+0000] {logging_mixin.py:188} INFO - [2026-04-26T23:39:47.534+0000] {dagbag.py:545} INFO - Filling up the DagBag from /home/airflow/.local/lib/python3.12/site-packages/airflow/example_dags/example_dynamic_task_mapping_with_no_taskflow_operators.py
[2026-04-26T23:39:47.538+0000] {processor.py:840} INFO - DAG(s) 'example_dynamic_task_mapping_with_no_taskflow_operators' retrieved from /home/airflow/.local/lib/python3.12/site-packages/airflow/example_dags/example_dynamic_task_mapping_with_no_taskflow_operators.py
[2026-04-26T23:39:47.548+0000] {logging_mixin.py:188} INFO - [2026-04-26T23:39:47.548+0000] {dag.py:3096} INFO - Sync 1 DAGs
[2026-04-26T23:39:47.561+0000] {logging_mixin.py:188} INFO - [2026-04-26T23:39:47.561+0000] {dag.py:3954} INFO - Setting next_dagrun for example_dynamic_task_mapping_with_no_taskflow_operators to 2026-04-25 00:00:00+00:00, run_after=2026-04-26 00:00:00+00:00
[2026-04-26T23:39:47.569+0000] {processor.py:183} INFO - Processing /home/airflow/.local/lib/python3.12/site-packages/airflow/example_dags/example_dynamic_task_mapping_with_no_taskflow_operators.py took 0.041 seconds
[2026-04-26T23:40:18.317+0000] {processor.py:161} INFO - Started process (PID=249) to work on /home/airflow/.local/lib/python3.12/site-packages/airflow/example_dags/example_dynamic_task_mapping_with_no_taskflow_operators.py
[2026-04-26T23:40:18.318+0000] {processor.py:830} INFO - Processing file /home/airflow/.local/lib/python3.12/site-packages/airflow/example_dags/example_dynamic_task_mapping_with_no_taskflow_operators.py for tasks to queue
[2026-04-26T23:40:18.319+0000] {logging_mixin.py:188} INFO - [2026-04-26T23:40:18.319+0000] {dagbag.py:545} INFO - Filling up the DagBag from /home/airflow/.local/lib/python3.12/site-packages/airflow/example_dags/example_dynamic_task_mapping_with_no_taskflow_operators.py
[2026-04-26T23:40:18.324+0000] {processor.py:840} INFO - DAG(s) 'example_dynamic_task_mapping_with_no_taskflow_operators' retrieved from /home/airflow/.local/lib/python3.12/site-packages/airflow/example_dags/example_dynamic_task_mapping_with_no_taskflow_operators.py
[2026-04-26T23:40:18.338+0000] {logging_mixin.py:188} INFO - [2026-04-26T23:40:18.337+0000] {dag.py:3096} INFO - Sync 1 DAGs
[2026-04-26T23:40:18.353+0000] {logging_mixin.py:188} INFO - [2026-04-26T23:40:18.353+0000] {dag.py:3954} INFO - Setting next_dagrun for example_dynamic_task_mapping_with_no_taskflow_operators to 2026-04-25 00:00:00+00:00, run_after=2026-04-26 00:00:00+00:00
[2026-04-26T23:40:18.365+0000] {processor.py:183} INFO - Processing /home/airflow/.local/lib/python3.12/site-packages/airflow/example_dags/example_dynamic_task_mapping_with_no_taskflow_operators.py took 0.052 seconds
[2026-04-26T23:40:49.319+0000] {processor.py:161} INFO - Started process (PID=308) to work on /home/airflow/.local/lib/python3.12/site-packages/airflow/example_dags/example_dynamic_task_mapping_with_no_taskflow_operators.py
[2026-04-26T23:40:49.320+0000] {processor.py:830} INFO - Processing file /home/airflow/.local/lib/python3.12/site-packages/airflow/example_dags/example_dynamic_task_mapping_with_no_taskflow_operators.py for tasks to queue
[2026-04-26T23:40:49.321+0000] {logging_mixin.py:188} INFO - [2026-04-26T23:40:49.321+0000] {dagbag.py:545} INFO - Filling up the DagBag from /home/airflow/.local/lib/python3.12/site-packages/airflow/example_dags/example_dynamic_task_mapping_with_no_taskflow_operators.py
[2026-04-26T23:40:49.328+0000] {processor.py:840} INFO - DAG(s) 'example_dynamic_task_mapping_with_no_taskflow_operators' retrieved from /home/airflow/.local/lib/python3.12/site-packages/airflow/example_dags/example_dynamic_task_mapping_with_no_taskflow_operators.py
[2026-04-26T23:40:49.345+0000] {logging_mixin.py:188} INFO - [2026-04-26T23:40:49.345+0000] {dag.py:3096} INFO - Sync 1 DAGs
[2026-04-26T23:40:49.363+0000] {logging_mixin.py:188} INFO - [2026-04-26T23:40:49.363+0000] {dag.py:3954} INFO - Setting next_dagrun for example_dynamic_task_mapping_with_no_taskflow_operators to 2026-04-25 00:00:00+00:00, run_after=2026-04-26 00:00:00+00:00
[2026-04-26T23:40:49.375+0000] {processor.py:183} INFO - Processing /home/airflow/.local/lib/python3.12/site-packages/airflow/example_dags/example_dynamic_task_mapping_with_no_taskflow_operators.py took 0.062 seconds
[2026-04-26T23:41:20.220+0000] {processor.py:161} INFO - Started process (PID=367) to work on /home/airflow/.local/lib/python3.12/site-packages/airflow/example_dags/example_dynamic_task_mapping_with_no_taskflow_operators.py
[2026-04-26T23:41:20.221+0000] {processor.py:830} INFO - Processing file /home/airflow/.local/lib/python3.12/site-packages/airflow/example_dags/example_dynamic_task_mapping_with_no_taskflow_operators.py for tasks to queue
[2026-04-26T23:41:20.222+0000] {logging_mixin.py:188} INFO - [2026-04-26T23:41:20.222+0000] {dagbag.py:545} INFO - Filling up the DagBag from /home/airflow/.local/lib/python3.12/site-packages/airflow/example_dags/example_dynamic_task_mapping_with_no_taskflow_operators.py
[2026-04-26T23:41:20.226+0000] {processor.py:840} INFO - DAG(s) 'example_dynamic_task_mapping_with_no_taskflow_operators' retrieved from /home/airflow/.local/lib/python3.12/site-packages/airflow/example_dags/example_dynamic_task_mapping_with_no_taskflow_operators.py
[2026-04-26T23:41:20.239+0000] {logging_mixin.py:188} INFO - [2026-04-26T23:41:20.238+0000] {dag.py:3096} INFO - Sync 1 DAGs
[2026-04-26T23:41:20.252+0000] {logging_mixin.py:188} INFO - [2026-04-26T23:41:20.252+0000] {dag.py:3954} INFO - Setting next_dagrun for example_dynamic_task_mapping_with_no_taskflow_operators to 2026-04-25 00:00:00+00:00, run_after=2026-04-26 00:00:00+00:00
[2026-04-26T23:41:20.262+0000] {processor.py:183} INFO - Processing /home/airflow/.local/lib/python3.12/site-packages/airflow/example_dags/example_dynamic_task_mapping_with_no_taskflow_operators.py took 0.045 seconds
[2026-04-26T23:41:50.348+0000] {processor.py:161} INFO - Started process (PID=426) to work on /home/airflow/.local/lib/python3.12/site-packages/airflow/example_dags/example_dynamic_task_mapping_with_no_taskflow_operators.py
[2026-04-26T23:41:50.349+0000] {processor.py:830} INFO - Processing file /home/airflow/.local/lib/python3.12/site-packages/airflow/example_dags/example_dynamic_task_mapping_with_no_taskflow_operators.py for tasks to queue
[2026-04-26T23:41:50.350+0000] {logging_mixin.py:188} INFO - [2026-04-26T23:41:50.350+0000] {dagbag.py:545} INFO - Filling up the DagBag from /home/airflow/.local/lib/python3.12/site-packages/airflow/example_dags/example_dynamic_task_mapping_with_no_taskflow_operators.py
[2026-04-26T23:41:50.356+0000] {processor.py:840} INFO - DAG(s) 'example_dynamic_task_mapping_with_no_taskflow_operators' retrieved from /home/airflow/.local/lib/python3.12/site-packages/airflow/example_dags/example_dynamic_task_mapping_with_no_taskflow_operators.py
[2026-04-26T23:41:50.370+0000] {logging_mixin.py:188} INFO - [2026-04-26T23:41:50.370+0000] {dag.py:3096} INFO - Sync 1 DAGs
[2026-04-26T23:41:50.386+0000] {logging_mixin.py:188} INFO - [2026-04-26T23:41:50.386+0000] {dag.py:3954} INFO - Setting next_dagrun for example_dynamic_task_mapping_with_no_taskflow_operators to 2026-04-25 00:00:00+00:00, run_after=2026-04-26 00:00:00+00:00
[2026-04-26T23:41:50.398+0000] {processor.py:183} INFO - Processing /home/airflow/.local/lib/python3.12/site-packages/airflow/example_dags/example_dynamic_task_mapping_with_no_taskflow_operators.py took 0.054 seconds
[2026-04-26T23:42:20.495+0000] {processor.py:161} INFO - Started process (PID=485) to work on /home/airflow/.local/lib/python3.12/site-packages/airflow/example_dags/example_dynamic_task_mapping_with_no_taskflow_operators.py
[2026-04-26T23:42:20.496+0000] {processor.py:830} INFO - Processing file /home/airflow/.local/lib/python3.12/site-packages/airflow/example_dags/example_dynamic_task_mapping_with_no_taskflow_operators.py for tasks to queue
[2026-04-26T23:42:20.497+0000] {logging_mixin.py:188} INFO - [2026-04-26T23:42:20.497+0000] {dagbag.py:545} INFO - Filling up the DagBag from /home/airflow/.local/lib/python3.12/site-packages/airflow/example_dags/example_dynamic_task_mapping_with_no_taskflow_operators.py
[2026-04-26T23:42:20.501+0000] {processor.py:840} INFO - DAG(s) 'example_dynamic_task_mapping_with_no_taskflow_operators' retrieved from /home/airflow/.local/lib/python3.12/site-packages/airflow/example_dags/example_dynamic_task_mapping_with_no_taskflow_operators.py
[2026-04-26T23:42:20.513+0000] {logging_mixin.py:188} INFO - [2026-04-26T23:42:20.513+0000] {dag.py:3096} INFO - Sync 1 DAGs
[2026-04-26T23:42:20.525+0000] {logging_mixin.py:188} INFO - [2026-04-26T23:42:20.525+0000] {dag.py:3954} INFO - Setting next_dagrun for example_dynamic_task_mapping_with_no_taskflow_operators to 2026-04-25 00:00:00+00:00, run_after=2026-04-26 00:00:00+00:00
[2026-04-26T23:42:20.536+0000] {processor.py:183} INFO - Processing /home/airflow/.local/lib/python3.12/site-packages/airflow/example_dags/example_dynamic_task_mapping_with_no_taskflow_operators.py took 0.044 seconds
[2026-04-26T23:42:50.712+0000] {processor.py:161} INFO - Started process (PID=544) to work on /home/airflow/.local/lib/python3.12/site-packages/airflow/example_dags/example_dynamic_task_mapping_with_no_taskflow_operators.py
[2026-04-26T23:42:50.713+0000] {processor.py:830} INFO - Processing file /home/airflow/.local/lib/python3.12/site-packages/airflow/example_dags/example_dynamic_task_mapping_with_no_taskflow_operators.py for tasks to queue
[2026-04-26T23:42:50.714+0000] {logging_mixin.py:188} INFO - [2026-04-26T23:42:50.714+0000] {dagbag.py:545} INFO - Filling up the DagBag from /home/airflow/.local/lib/python3.12/site-packages/airflow/example_dags/example_dynamic_task_mapping_with_no_taskflow_operators.py
[2026-04-26T23:42:50.718+0000] {processor.py:840} INFO - DAG(s) 'example_dynamic_task_mapping_with_no_taskflow_operators' retrieved from /home/airflow/.local/lib/python3.12/site-packages/airflow/example_dags/example_dynamic_task_mapping_with_no_taskflow_operators.py
[2026-04-26T23:42:50.731+0000] {logging_mixin.py:188} INFO - [2026-04-26T23:42:50.731+0000] {dag.py:3096} INFO - Sync 1 DAGs
[2026-04-26T23:42:50.749+0000] {logging_mixin.py:188} INFO - [2026-04-26T23:42:50.749+0000] {dag.py:3954} INFO - Setting next_dagrun for example_dynamic_task_mapping_with_no_taskflow_operators to 2026-04-25 00:00:00+00:00, run_after=2026-04-26 00:00:00+00:00
[2026-04-26T23:42:50.762+0000] {processor.py:183} INFO - Processing /home/airflow/.local/lib/python3.12/site-packages/airflow/example_dags/example_dynamic_task_mapping_with_no_taskflow_operators.py took 0.054 seconds
[2026-04-26T23:43:20.498+0000] {processor.py:161} INFO - Started process (PID=72) to work on /home/airflow/.local/lib/python3.12/site-packages/airflow/example_dags/example_dynamic_task_mapping_with_no_taskflow_operators.py
[2026-04-26T23:43:20.500+0000] {processor.py:830} INFO - Processing file /home/airflow/.local/lib/python3.12/site-packages/airflow/example_dags/example_dynamic_task_mapping_with_no_taskflow_operators.py for tasks to queue
[2026-04-26T23:43:20.501+0000] {logging_mixin.py:188} INFO - [2026-04-26T23:43:20.501+0000] {dagbag.py:545} INFO - Filling up the DagBag from /home/airflow/.local/lib/python3.12/site-packages/airflow/example_dags/example_dynamic_task_mapping_with_no_taskflow_operators.py
[2026-04-26T23:43:20.509+0000] {processor.py:840} INFO - DAG(s) 'example_dynamic_task_mapping_with_no_taskflow_operators' retrieved from /home/airflow/.local/lib/python3.12/site-packages/airflow/example_dags/example_dynamic_task_mapping_with_no_taskflow_operators.py
[2026-04-26T23:43:20.516+0000] {logging_mixin.py:188} INFO - [2026-04-26T23:43:20.516+0000] {dag.py:3096} INFO - Sync 1 DAGs
[2026-04-26T23:43:20.530+0000] {logging_mixin.py:188} INFO - [2026-04-26T23:43:20.529+0000] {dag.py:3954} INFO - Setting next_dagrun for example_dynamic_task_mapping_with_no_taskflow_operators to 2026-04-25 00:00:00+00:00, run_after=2026-04-26 00:00:00+00:00
[2026-04-26T23:43:20.539+0000] {processor.py:183} INFO - Processing /home/airflow/.local/lib/python3.12/site-packages/airflow/example_dags/example_dynamic_task_mapping_with_no_taskflow_operators.py took 0.044 seconds
[2026-04-26T23:43:51.395+0000] {processor.py:161} INFO - Started process (PID=131) to work on /home/airflow/.local/lib/python3.12/site-packages/airflow/example_dags/example_dynamic_task_mapping_with_no_taskflow_operators.py
[2026-04-26T23:43:51.396+0000] {processor.py:830} INFO - Processing file /home/airflow/.local/lib/python3.12/site-packages/airflow/example_dags/example_dynamic_task_mapping_with_no_taskflow_operators.py for tasks to queue
[2026-04-26T23:43:51.397+0000] {logging_mixin.py:188} INFO - [2026-04-26T23:43:51.396+0000] {dagbag.py:545} INFO - Filling up the DagBag from /home/airflow/.local/lib/python3.12/site-packages/airflow/example_dags/example_dynamic_task_mapping_with_no_taskflow_operators.py
[2026-04-26T23:43:51.400+0000] {processor.py:840} INFO - DAG(s) 'example_dynamic_task_mapping_with_no_taskflow_operators' retrieved from /home/airflow/.local/lib/python3.12/site-packages/airflow/example_dags/example_dynamic_task_mapping_with_no_taskflow_operators.py
[2026-04-26T23:43:51.460+0000] {logging_mixin.py:188} INFO - [2026-04-26T23:43:51.460+0000] {dag.py:3096} INFO - Sync 1 DAGs
[2026-04-26T23:43:51.471+0000] {logging_mixin.py:188} INFO - [2026-04-26T23:43:51.471+0000] {dag.py:3954} INFO - Setting next_dagrun for example_dynamic_task_mapping_with_no_taskflow_operators to 2026-04-25 00:00:00+00:00, run_after=2026-04-26 00:00:00+00:00
[2026-04-26T23:43:51.480+0000] {processor.py:183} INFO - Processing /home/airflow/.local/lib/python3.12/site-packages/airflow/example_dags/example_dynamic_task_mapping_with_no_taskflow_operators.py took 0.089 seconds
[2026-04-26T23:44:21.726+0000] {processor.py:161} INFO - Started process (PID=190) to work on /home/airflow/.local/lib/python3.12/site-packages/airflow/example_dags/example_dynamic_task_mapping_with_no_taskflow_operators.py
[2026-04-26T23:44:21.726+0000] {processor.py:830} INFO - Processing file /home/airflow/.local/lib/python3.12/site-packages/airflow/example_dags/example_dynamic_task_mapping_with_no_taskflow_operators.py for tasks to queue
[2026-04-26T23:44:21.728+0000] {logging_mixin.py:188} INFO - [2026-04-26T23:44:21.728+0000] {dagbag.py:545} INFO - Filling up the DagBag from /home/airflow/.local/lib/python3.12/site-packages/airflow/example_dags/example_dynamic_task_mapping_with_no_taskflow_operators.py
[2026-04-26T23:44:21.732+0000] {processor.py:840} INFO - DAG(s) 'example_dynamic_task_mapping_with_no_taskflow_operators' retrieved from /home/airflow/.local/lib/python3.12/site-packages/airflow/example_dags/example_dynamic_task_mapping_with_no_taskflow_operators.py
[2026-04-26T23:44:21.746+0000] {logging_mixin.py:188} INFO - [2026-04-26T23:44:21.745+0000] {dag.py:3096} INFO - Sync 1 DAGs
[2026-04-26T23:44:21.763+0000] {logging_mixin.py:188} INFO - [2026-04-26T23:44:21.763+0000] {dag.py:3954} INFO - Setting next_dagrun for example_dynamic_task_mapping_with_no_taskflow_operators to 2026-04-25 00:00:00+00:00, run_after=2026-04-26 00:00:00+00:00
[2026-04-26T23:44:21.775+0000] {processor.py:183} INFO - Processing /home/airflow/.local/lib/python3.12/site-packages/airflow/example_dags/example_dynamic_task_mapping_with_no_taskflow_operators.py took 0.054 seconds
[2026-04-26T23:44:51.821+0000] {processor.py:161} INFO - Started process (PID=249) to work on /home/airflow/.local/lib/python3.12/site-packages/airflow/example_dags/example_dynamic_task_mapping_with_no_taskflow_operators.py
[2026-04-26T23:44:51.821+0000] {processor.py:830} INFO - Processing file /home/airflow/.local/lib/python3.12/site-packages/airflow/example_dags/example_dynamic_task_mapping_with_no_taskflow_operators.py for tasks to queue
[2026-04-26T23:44:51.823+0000] {logging_mixin.py:188} INFO - [2026-04-26T23:44:51.822+0000] {dagbag.py:545} INFO - Filling up the DagBag from /home/airflow/.local/lib/python3.12/site-packages/airflow/example_dags/example_dynamic_task_mapping_with_no_taskflow_operators.py
[2026-04-26T23:44:51.827+0000] {processor.py:840} INFO - DAG(s) 'example_dynamic_task_mapping_with_no_taskflow_operators' retrieved from /home/airflow/.local/lib/python3.12/site-packages/airflow/example_dags/example_dynamic_task_mapping_with_no_taskflow_operators.py
[2026-04-26T23:44:51.839+0000] {logging_mixin.py:188} INFO - [2026-04-26T23:44:51.839+0000] {dag.py:3096} INFO - Sync 1 DAGs
[2026-04-26T23:44:51.854+0000] {logging_mixin.py:188} INFO - [2026-04-26T23:44:51.854+0000] {dag.py:3954} INFO - Setting next_dagrun for example_dynamic_task_mapping_with_no_taskflow_operators to 2026-04-25 00:00:00+00:00, run_after=2026-04-26 00:00:00+00:00
[2026-04-26T23:44:51.866+0000] {processor.py:183} INFO - Processing /home/airflow/.local/lib/python3.12/site-packages/airflow/example_dags/example_dynamic_task_mapping_with_no_taskflow_operators.py took 0.049 seconds
[2026-04-26T23:45:22.697+0000] {processor.py:161} INFO - Started process (PID=308) to work on /home/airflow/.local/lib/python3.12/site-packages/airflow/example_dags/example_dynamic_task_mapping_with_no_taskflow_operators.py
[2026-04-26T23:45:22.698+0000] {processor.py:830} INFO - Processing file /home/airflow/.local/lib/python3.12/site-packages/airflow/example_dags/example_dynamic_task_mapping_with_no_taskflow_operators.py for tasks to queue
[2026-04-26T23:45:22.699+0000] {logging_mixin.py:188} INFO - [2026-04-26T23:45:22.699+0000] {dagbag.py:545} INFO - Filling up the DagBag from /home/airflow/.local/lib/python3.12/site-packages/airflow/example_dags/example_dynamic_task_mapping_with_no_taskflow_operators.py
[2026-04-26T23:45:22.704+0000] {processor.py:840} INFO - DAG(s) 'example_dynamic_task_mapping_with_no_taskflow_operators' retrieved from /home/airflow/.local/lib/python3.12/site-packages/airflow/example_dags/example_dynamic_task_mapping_with_no_taskflow_operators.py
[2026-04-26T23:45:22.716+0000] {logging_mixin.py:188} INFO - [2026-04-26T23:45:22.716+0000] {dag.py:3096} INFO - Sync 1 DAGs
[2026-04-26T23:45:22.728+0000] {logging_mixin.py:188} INFO - [2026-04-26T23:45:22.728+0000] {dag.py:3954} INFO - Setting next_dagrun for example_dynamic_task_mapping_with_no_taskflow_operators to 2026-04-25 00:00:00+00:00, run_after=2026-04-26 00:00:00+00:00
[2026-04-26T23:45:22.739+0000] {processor.py:183} INFO - Processing /home/airflow/.local/lib/python3.12/site-packages/airflow/example_dags/example_dynamic_task_mapping_with_no_taskflow_operators.py took 0.045 seconds
[2026-04-26T23:45:53.568+0000] {processor.py:161} INFO - Started process (PID=367) to work on /home/airflow/.local/lib/python3.12/site-packages/airflow/example_dags/example_dynamic_task_mapping_with_no_taskflow_operators.py
[2026-04-26T23:45:53.568+0000] {processor.py:830} INFO - Processing file /home/airflow/.local/lib/python3.12/site-packages/airflow/example_dags/example_dynamic_task_mapping_with_no_taskflow_operators.py for tasks to queue
[2026-04-26T23:45:53.569+0000] {logging_mixin.py:188} INFO - [2026-04-26T23:45:53.569+0000] {dagbag.py:545} INFO - Filling up the DagBag from /home/airflow/.local/lib/python3.12/site-packages/airflow/example_dags/example_dynamic_task_mapping_with_no_taskflow_operators.py
[2026-04-26T23:45:53.573+0000] {processor.py:840} INFO - DAG(s) 'example_dynamic_task_mapping_with_no_taskflow_operators' retrieved from /home/airflow/.local/lib/python3.12/site-packages/airflow/example_dags/example_dynamic_task_mapping_with_no_taskflow_operators.py
[2026-04-26T23:45:53.585+0000] {logging_mixin.py:188} INFO - [2026-04-26T23:45:53.585+0000] {dag.py:3096} INFO - Sync 1 DAGs
[2026-04-26T23:45:53.597+0000] {logging_mixin.py:188} INFO - [2026-04-26T23:45:53.596+0000] {dag.py:3954} INFO - Setting next_dagrun for example_dynamic_task_mapping_with_no_taskflow_operators to 2026-04-25 00:00:00+00:00, run_after=2026-04-26 00:00:00+00:00
[2026-04-26T23:45:53.606+0000] {processor.py:183} INFO - Processing /home/airflow/.local/lib/python3.12/site-packages/airflow/example_dags/example_dynamic_task_mapping_with_no_taskflow_operators.py took 0.042 seconds
[2026-04-26T23:46:24.384+0000] {processor.py:161} INFO - Started process (PID=426) to work on /home/airflow/.local/lib/python3.12/site-packages/airflow/example_dags/example_dynamic_task_mapping_with_no_taskflow_operators.py
[2026-04-26T23:46:24.384+0000] {processor.py:830} INFO - Processing file /home/airflow/.local/lib/python3.12/site-packages/airflow/example_dags/example_dynamic_task_mapping_with_no_taskflow_operators.py for tasks to queue
[2026-04-26T23:46:24.386+0000] {logging_mixin.py:188} INFO - [2026-04-26T23:46:24.386+0000] {dagbag.py:545} INFO - Filling up the DagBag from /home/airflow/.local/lib/python3.12/site-packages/airflow/example_dags/example_dynamic_task_mapping_with_no_taskflow_operators.py
[2026-04-26T23:46:24.391+0000] {processor.py:840} INFO - DAG(s) 'example_dynamic_task_mapping_with_no_taskflow_operators' retrieved from /home/airflow/.local/lib/python3.12/site-packages/airflow/example_dags/example_dynamic_task_mapping_with_no_taskflow_operators.py
[2026-04-26T23:46:24.402+0000] {logging_mixin.py:188} INFO - [2026-04-26T23:46:24.402+0000] {dag.py:3096} INFO - Sync 1 DAGs
[2026-04-26T23:46:24.415+0000] {logging_mixin.py:188} INFO - [2026-04-26T23:46:24.415+0000] {dag.py:3954} INFO - Setting next_dagrun for example_dynamic_task_mapping_with_no_taskflow_operators to 2026-04-25 00:00:00+00:00, run_after=2026-04-26 00:00:00+00:00
[2026-04-26T23:46:24.426+0000] {processor.py:183} INFO - Processing /home/airflow/.local/lib/python3.12/site-packages/airflow/example_dags/example_dynamic_task_mapping_with_no_taskflow_operators.py took 0.046 seconds
[2026-04-26T23:46:55.137+0000] {processor.py:161} INFO - Started process (PID=485) to work on /home/airflow/.local/lib/python3.12/site-packages/airflow/example_dags/example_dynamic_task_mapping_with_no_taskflow_operators.py
[2026-04-26T23:46:55.138+0000] {processor.py:830} INFO - Processing file /home/airflow/.local/lib/python3.12/site-packages/airflow/example_dags/example_dynamic_task_mapping_with_no_taskflow_operators.py for tasks to queue
[2026-04-26T23:46:55.139+0000] {logging_mixin.py:188} INFO - [2026-04-26T23:46:55.139+0000] {dagbag.py:545} INFO - Filling up the DagBag from /home/airflow/.local/lib/python3.12/site-packages/airflow/example_dags/example_dynamic_task_mapping_with_no_taskflow_operators.py
[2026-04-26T23:46:55.143+0000] {processor.py:840} INFO - DAG(s) 'example_dynamic_task_mapping_with_no_taskflow_operators' retrieved from /home/airflow/.local/lib/python3.12/site-packages/airflow/example_dags/example_dynamic_task_mapping_with_no_taskflow_operators.py
[2026-04-26T23:46:55.156+0000] {logging_mixin.py:188} INFO - [2026-04-26T23:46:55.155+0000] {dag.py:3096} INFO - Sync 1 DAGs
[2026-04-26T23:46:55.169+0000] {logging_mixin.py:188} INFO - [2026-04-26T23:46:55.169+0000] {dag.py:3954} INFO - Setting next_dagrun for example_dynamic_task_mapping_with_no_taskflow_operators to 2026-04-25 00:00:00+00:00, run_after=2026-04-26 00:00:00+00:00
[2026-04-26T23:46:55.180+0000] {processor.py:183} INFO - Processing /home/airflow/.local/lib/python3.12/site-packages/airflow/example_dags/example_dynamic_task_mapping_with_no_taskflow_operators.py took 0.047 seconds
[2026-04-26T23:47:25.222+0000] {processor.py:161} INFO - Started process (PID=544) to work on /home/airflow/.local/lib/python3.12/site-packages/airflow/example_dags/example_dynamic_task_mapping_with_no_taskflow_operators.py
[2026-04-26T23:47:25.223+0000] {processor.py:830} INFO - Processing file /home/airflow/.local/lib/python3.12/site-packages/airflow/example_dags/example_dynamic_task_mapping_with_no_taskflow_operators.py for tasks to queue
[2026-04-26T23:47:25.224+0000] {logging_mixin.py:188} INFO - [2026-04-26T23:47:25.224+0000] {dagbag.py:545} INFO - Filling up the DagBag from /home/airflow/.local/lib/python3.12/site-packages/airflow/example_dags/example_dynamic_task_mapping_with_no_taskflow_operators.py
[2026-04-26T23:47:25.228+0000] {processor.py:840} INFO - DAG(s) 'example_dynamic_task_mapping_with_no_taskflow_operators' retrieved from /home/airflow/.local/lib/python3.12/site-packages/airflow/example_dags/example_dynamic_task_mapping_with_no_taskflow_operators.py
[2026-04-26T23:47:25.239+0000] {logging_mixin.py:188} INFO - [2026-04-26T23:47:25.238+0000] {dag.py:3096} INFO - Sync 1 DAGs
[2026-04-26T23:47:25.251+0000] {logging_mixin.py:188} INFO - [2026-04-26T23:47:25.251+0000] {dag.py:3954} INFO - Setting next_dagrun for example_dynamic_task_mapping_with_no_taskflow_operators to 2026-04-25 00:00:00+00:00, run_after=2026-04-26 00:00:00+00:00
[2026-04-26T23:47:25.262+0000] {processor.py:183} INFO - Processing /home/airflow/.local/lib/python3.12/site-packages/airflow/example_dags/example_dynamic_task_mapping_with_no_taskflow_operators.py took 0.043 seconds
[2026-04-26T23:47:55.329+0000] {processor.py:161} INFO - Started process (PID=603) to work on /home/airflow/.local/lib/python3.12/site-packages/airflow/example_dags/example_dynamic_task_mapping_with_no_taskflow_operators.py
[2026-04-26T23:47:55.330+0000] {processor.py:830} INFO - Processing file /home/airflow/.local/lib/python3.12/site-packages/airflow/example_dags/example_dynamic_task_mapping_with_no_taskflow_operators.py for tasks to queue
[2026-04-26T23:47:55.331+0000] {logging_mixin.py:188} INFO - [2026-04-26T23:47:55.331+0000] {dagbag.py:545} INFO - Filling up the DagBag from /home/airflow/.local/lib/python3.12/site-packages/airflow/example_dags/example_dynamic_task_mapping_with_no_taskflow_operators.py
[2026-04-26T23:47:55.336+0000] {processor.py:840} INFO - DAG(s) 'example_dynamic_task_mapping_with_no_taskflow_operators' retrieved from /home/airflow/.local/lib/python3.12/site-packages/airflow/example_dags/example_dynamic_task_mapping_with_no_taskflow_operators.py
[2026-04-26T23:47:55.349+0000] {logging_mixin.py:188} INFO - [2026-04-26T23:47:55.349+0000] {dag.py:3096} INFO - Sync 1 DAGs
[2026-04-26T23:47:55.364+0000] {logging_mixin.py:188} INFO - [2026-04-26T23:47:55.364+0000] {dag.py:3954} INFO - Setting next_dagrun for example_dynamic_task_mapping_with_no_taskflow_operators to 2026-04-25 00:00:00+00:00, run_after=2026-04-26 00:00:00+00:00
[2026-04-26T23:47:55.377+0000] {processor.py:183} INFO - Processing /home/airflow/.local/lib/python3.12/site-packages/airflow/example_dags/example_dynamic_task_mapping_with_no_taskflow_operators.py took 0.052 seconds
[2026-04-26T23:48:25.563+0000] {processor.py:161} INFO - Started process (PID=662) to work on /home/airflow/.local/lib/python3.12/site-packages/airflow/example_dags/example_dynamic_task_mapping_with_no_taskflow_operators.py
[2026-04-26T23:48:25.564+0000] {processor.py:830} INFO - Processing file /home/airflow/.local/lib/python3.12/site-packages/airflow/example_dags/example_dynamic_task_mapping_with_no_taskflow_operators.py for tasks to queue
[2026-04-26T23:48:25.565+0000] {logging_mixin.py:188} INFO - [2026-04-26T23:48:25.565+0000] {dagbag.py:545} INFO - Filling up the DagBag from /home/airflow/.local/lib/python3.12/site-packages/airflow/example_dags/example_dynamic_task_mapping_with_no_taskflow_operators.py
[2026-04-26T23:48:25.570+0000] {processor.py:840} INFO - DAG(s) 'example_dynamic_task_mapping_with_no_taskflow_operators' retrieved from /home/airflow/.local/lib/python3.12/site-packages/airflow/example_dags/example_dynamic_task_mapping_with_no_taskflow_operators.py
[2026-04-26T23:48:25.583+0000] {logging_mixin.py:188} INFO - [2026-04-26T23:48:25.583+0000] {dag.py:3096} INFO - Sync 1 DAGs
[2026-04-26T23:48:25.598+0000] {logging_mixin.py:188} INFO - [2026-04-26T23:48:25.598+0000] {dag.py:3954} INFO - Setting next_dagrun for example_dynamic_task_mapping_with_no_taskflow_operators to 2026-04-25 00:00:00+00:00, run_after=2026-04-26 00:00:00+00:00
[2026-04-26T23:48:25.610+0000] {processor.py:183} INFO - Processing /home/airflow/.local/lib/python3.12/site-packages/airflow/example_dags/example_dynamic_task_mapping_with_no_taskflow_operators.py took 0.052 seconds
[2026-04-26T23:48:55.643+0000] {processor.py:161} INFO - Started process (PID=721) to work on /home/airflow/.local/lib/python3.12/site-packages/airflow/example_dags/example_dynamic_task_mapping_with_no_taskflow_operators.py
[2026-04-26T23:48:55.643+0000] {processor.py:830} INFO - Processing file /home/airflow/.local/lib/python3.12/site-packages/airflow/example_dags/example_dynamic_task_mapping_with_no_taskflow_operators.py for tasks to queue
[2026-04-26T23:48:55.644+0000] {logging_mixin.py:188} INFO - [2026-04-26T23:48:55.644+0000] {dagbag.py:545} INFO - Filling up the DagBag from /home/airflow/.local/lib/python3.12/site-packages/airflow/example_dags/example_dynamic_task_mapping_with_no_taskflow_operators.py
[2026-04-26T23:48:55.648+0000] {processor.py:840} INFO - DAG(s) 'example_dynamic_task_mapping_with_no_taskflow_operators' retrieved from /home/airflow/.local/lib/python3.12/site-packages/airflow/example_dags/example_dynamic_task_mapping_with_no_taskflow_operators.py
[2026-04-26T23:48:55.659+0000] {logging_mixin.py:188} INFO - [2026-04-26T23:48:55.658+0000] {dag.py:3096} INFO - Sync 1 DAGs
[2026-04-26T23:48:55.671+0000] {logging_mixin.py:188} INFO - [2026-04-26T23:48:55.671+0000] {dag.py:3954} INFO - Setting next_dagrun for example_dynamic_task_mapping_with_no_taskflow_operators to 2026-04-25 00:00:00+00:00, run_after=2026-04-26 00:00:00+00:00
[2026-04-26T23:48:55.680+0000] {processor.py:183} INFO - Processing /home/airflow/.local/lib/python3.12/site-packages/airflow/example_dags/example_dynamic_task_mapping_with_no_taskflow_operators.py took 0.041 seconds
[2026-04-26T23:49:25.827+0000] {processor.py:161} INFO - Started process (PID=780) to work on /home/airflow/.local/lib/python3.12/site-packages/airflow/example_dags/example_dynamic_task_mapping_with_no_taskflow_operators.py
[2026-04-26T23:49:25.827+0000] {processor.py:830} INFO - Processing file /home/airflow/.local/lib/python3.12/site-packages/airflow/example_dags/example_dynamic_task_mapping_with_no_taskflow_operators.py for tasks to queue
[2026-04-26T23:49:25.828+0000] {logging_mixin.py:188} INFO - [2026-04-26T23:49:25.828+0000] {dagbag.py:545} INFO - Filling up the DagBag from /home/airflow/.local/lib/python3.12/site-packages/airflow/example_dags/example_dynamic_task_mapping_with_no_taskflow_operators.py
[2026-04-26T23:49:25.833+0000] {processor.py:840} INFO - DAG(s) 'example_dynamic_task_mapping_with_no_taskflow_operators' retrieved from /home/airflow/.local/lib/python3.12/site-packages/airflow/example_dags/example_dynamic_task_mapping_with_no_taskflow_operators.py
[2026-04-26T23:49:25.846+0000] {logging_mixin.py:188} INFO - [2026-04-26T23:49:25.846+0000] {dag.py:3096} INFO - Sync 1 DAGs
[2026-04-26T23:49:25.861+0000] {logging_mixin.py:188} INFO - [2026-04-26T23:49:25.861+0000] {dag.py:3954} INFO - Setting next_dagrun for example_dynamic_task_mapping_with_no_taskflow_operators to 2026-04-25 00:00:00+00:00, run_after=2026-04-26 00:00:00+00:00
[2026-04-26T23:49:25.871+0000] {processor.py:183} INFO - Processing /home/airflow/.local/lib/python3.12/site-packages/airflow/example_dags/example_dynamic_task_mapping_with_no_taskflow_operators.py took 0.049 seconds
[2026-04-26T23:50:03.414+0000] {processor.py:161} INFO - Started process (PID=66) to work on /home/airflow/.local/lib/python3.12/site-packages/airflow/example_dags/example_dynamic_task_mapping_with_no_taskflow_operators.py
[2026-04-26T23:50:03.414+0000] {processor.py:830} INFO - Processing file /home/airflow/.local/lib/python3.12/site-packages/airflow/example_dags/example_dynamic_task_mapping_with_no_taskflow_operators.py for tasks to queue
[2026-04-26T23:50:03.415+0000] {logging_mixin.py:188} INFO - [2026-04-26T23:50:03.415+0000] {dagbag.py:545} INFO - Filling up the DagBag from /home/airflow/.local/lib/python3.12/site-packages/airflow/example_dags/example_dynamic_task_mapping_with_no_taskflow_operators.py
[2026-04-26T23:50:03.422+0000] {processor.py:840} INFO - DAG(s) 'example_dynamic_task_mapping_with_no_taskflow_operators' retrieved from /home/airflow/.local/lib/python3.12/site-packages/airflow/example_dags/example_dynamic_task_mapping_with_no_taskflow_operators.py
[2026-04-26T23:50:03.428+0000] {logging_mixin.py:188} INFO - [2026-04-26T23:50:03.428+0000] {dag.py:3096} INFO - Sync 1 DAGs
[2026-04-26T23:50:03.442+0000] {logging_mixin.py:188} INFO - [2026-04-26T23:50:03.442+0000] {dag.py:3954} INFO - Setting next_dagrun for example_dynamic_task_mapping_with_no_taskflow_operators to 2026-04-25 00:00:00+00:00, run_after=2026-04-26 00:00:00+00:00
[2026-04-26T23:50:03.452+0000] {processor.py:183} INFO - Processing /home/airflow/.local/lib/python3.12/site-packages/airflow/example_dags/example_dynamic_task_mapping_with_no_taskflow_operators.py took 0.041 seconds
[2026-04-26T23:50:34.460+0000] {processor.py:161} INFO - Started process (PID=131) to work on /home/airflow/.local/lib/python3.12/site-packages/airflow/example_dags/example_dynamic_task_mapping_with_no_taskflow_operators.py
[2026-04-26T23:50:34.460+0000] {processor.py:830} INFO - Processing file /home/airflow/.local/lib/python3.12/site-packages/airflow/example_dags/example_dynamic_task_mapping_with_no_taskflow_operators.py for tasks to queue
[2026-04-26T23:50:34.461+0000] {logging_mixin.py:188} INFO - [2026-04-26T23:50:34.461+0000] {dagbag.py:545} INFO - Filling up the DagBag from /home/airflow/.local/lib/python3.12/site-packages/airflow/example_dags/example_dynamic_task_mapping_with_no_taskflow_operators.py
[2026-04-26T23:50:34.466+0000] {processor.py:840} INFO - DAG(s) 'example_dynamic_task_mapping_with_no_taskflow_operators' retrieved from /home/airflow/.local/lib/python3.12/site-packages/airflow/example_dags/example_dynamic_task_mapping_with_no_taskflow_operators.py
[2026-04-26T23:50:34.529+0000] {logging_mixin.py:188} INFO - [2026-04-26T23:50:34.529+0000] {dag.py:3096} INFO - Sync 1 DAGs
[2026-04-26T23:50:34.540+0000] {logging_mixin.py:188} INFO - [2026-04-26T23:50:34.540+0000] {dag.py:3954} INFO - Setting next_dagrun for example_dynamic_task_mapping_with_no_taskflow_operators to 2026-04-25 00:00:00+00:00, run_after=2026-04-26 00:00:00+00:00
[2026-04-26T23:50:34.549+0000] {processor.py:183} INFO - Processing /home/airflow/.local/lib/python3.12/site-packages/airflow/example_dags/example_dynamic_task_mapping_with_no_taskflow_operators.py took 0.093 seconds
[2026-04-26T23:51:04.781+0000] {processor.py:161} INFO - Started process (PID=190) to work on /home/airflow/.local/lib/python3.12/site-packages/airflow/example_dags/example_dynamic_task_mapping_with_no_taskflow_operators.py
[2026-04-26T23:51:04.781+0000] {processor.py:830} INFO - Processing file /home/airflow/.local/lib/python3.12/site-packages/airflow/example_dags/example_dynamic_task_mapping_with_no_taskflow_operators.py for tasks to queue
[2026-04-26T23:51:04.782+0000] {logging_mixin.py:188} INFO - [2026-04-26T23:51:04.782+0000] {dagbag.py:545} INFO - Filling up the DagBag from /home/airflow/.local/lib/python3.12/site-packages/airflow/example_dags/example_dynamic_task_mapping_with_no_taskflow_operators.py
[2026-04-26T23:51:04.786+0000] {processor.py:840} INFO - DAG(s) 'example_dynamic_task_mapping_with_no_taskflow_operators' retrieved from /home/airflow/.local/lib/python3.12/site-packages/airflow/example_dags/example_dynamic_task_mapping_with_no_taskflow_operators.py
[2026-04-26T23:51:04.797+0000] {logging_mixin.py:188} INFO - [2026-04-26T23:51:04.796+0000] {dag.py:3096} INFO - Sync 1 DAGs
[2026-04-26T23:51:04.808+0000] {logging_mixin.py:188} INFO - [2026-04-26T23:51:04.808+0000] {dag.py:3954} INFO - Setting next_dagrun for example_dynamic_task_mapping_with_no_taskflow_operators to 2026-04-25 00:00:00+00:00, run_after=2026-04-26 00:00:00+00:00
[2026-04-26T23:51:04.817+0000] {processor.py:183} INFO - Processing /home/airflow/.local/lib/python3.12/site-packages/airflow/example_dags/example_dynamic_task_mapping_with_no_taskflow_operators.py took 0.040 seconds
[2026-04-26T23:51:34.914+0000] {processor.py:161} INFO - Started process (PID=249) to work on /home/airflow/.local/lib/python3.12/site-packages/airflow/example_dags/example_dynamic_task_mapping_with_no_taskflow_operators.py
[2026-04-26T23:51:34.915+0000] {processor.py:830} INFO - Processing file /home/airflow/.local/lib/python3.12/site-packages/airflow/example_dags/example_dynamic_task_mapping_with_no_taskflow_operators.py for tasks to queue
[2026-04-26T23:51:34.916+0000] {logging_mixin.py:188} INFO - [2026-04-26T23:51:34.916+0000] {dagbag.py:545} INFO - Filling up the DagBag from /home/airflow/.local/lib/python3.12/site-packages/airflow/example_dags/example_dynamic_task_mapping_with_no_taskflow_operators.py
[2026-04-26T23:51:34.920+0000] {processor.py:840} INFO - DAG(s) 'example_dynamic_task_mapping_with_no_taskflow_operators' retrieved from /home/airflow/.local/lib/python3.12/site-packages/airflow/example_dags/example_dynamic_task_mapping_with_no_taskflow_operators.py
[2026-04-26T23:51:34.932+0000] {logging_mixin.py:188} INFO - [2026-04-26T23:51:34.932+0000] {dag.py:3096} INFO - Sync 1 DAGs
[2026-04-26T23:51:34.944+0000] {logging_mixin.py:188} INFO - [2026-04-26T23:51:34.944+0000] {dag.py:3954} INFO - Setting next_dagrun for example_dynamic_task_mapping_with_no_taskflow_operators to 2026-04-25 00:00:00+00:00, run_after=2026-04-26 00:00:00+00:00
[2026-04-26T23:51:34.953+0000] {processor.py:183} INFO - Processing /home/airflow/.local/lib/python3.12/site-packages/airflow/example_dags/example_dynamic_task_mapping_with_no_taskflow_operators.py took 0.043 seconds
[2026-04-26T23:52:05.037+0000] {processor.py:161} INFO - Started process (PID=308) to work on /home/airflow/.local/lib/python3.12/site-packages/airflow/example_dags/example_dynamic_task_mapping_with_no_taskflow_operators.py
[2026-04-26T23:52:05.038+0000] {processor.py:830} INFO - Processing file /home/airflow/.local/lib/python3.12/site-packages/airflow/example_dags/example_dynamic_task_mapping_with_no_taskflow_operators.py for tasks to queue
[2026-04-26T23:52:05.039+0000] {logging_mixin.py:188} INFO - [2026-04-26T23:52:05.039+0000] {dagbag.py:545} INFO - Filling up the DagBag from /home/airflow/.local/lib/python3.12/site-packages/airflow/example_dags/example_dynamic_task_mapping_with_no_taskflow_operators.py
[2026-04-26T23:52:05.045+0000] {processor.py:840} INFO - DAG(s) 'example_dynamic_task_mapping_with_no_taskflow_operators' retrieved from /home/airflow/.local/lib/python3.12/site-packages/airflow/example_dags/example_dynamic_task_mapping_with_no_taskflow_operators.py
[2026-04-26T23:52:05.060+0000] {logging_mixin.py:188} INFO - [2026-04-26T23:52:05.059+0000] {dag.py:3096} INFO - Sync 1 DAGs
[2026-04-26T23:52:05.075+0000] {logging_mixin.py:188} INFO - [2026-04-26T23:52:05.075+0000] {dag.py:3954} INFO - Setting next_dagrun for example_dynamic_task_mapping_with_no_taskflow_operators to 2026-04-25 00:00:00+00:00, run_after=2026-04-26 00:00:00+00:00
[2026-04-26T23:52:05.086+0000] {processor.py:183} INFO - Processing /home/airflow/.local/lib/python3.12/site-packages/airflow/example_dags/example_dynamic_task_mapping_with_no_taskflow_operators.py took 0.054 seconds
[2026-04-26T23:52:35.169+0000] {processor.py:161} INFO - Started process (PID=367) to work on /home/airflow/.local/lib/python3.12/site-packages/airflow/example_dags/example_dynamic_task_mapping_with_no_taskflow_operators.py
[2026-04-26T23:52:35.197+0000] {processor.py:830} INFO - Processing file /home/airflow/.local/lib/python3.12/site-packages/airflow/example_dags/example_dynamic_task_mapping_with_no_taskflow_operators.py for tasks to queue
[2026-04-26T23:52:35.199+0000] {logging_mixin.py:188} INFO - [2026-04-26T23:52:35.199+0000] {dagbag.py:545} INFO - Filling up the DagBag from /home/airflow/.local/lib/python3.12/site-packages/airflow/example_dags/example_dynamic_task_mapping_with_no_taskflow_operators.py
[2026-04-26T23:52:35.205+0000] {processor.py:840} INFO - DAG(s) 'example_dynamic_task_mapping_with_no_taskflow_operators' retrieved from /home/airflow/.local/lib/python3.12/site-packages/airflow/example_dags/example_dynamic_task_mapping_with_no_taskflow_operators.py
[2026-04-26T23:52:35.221+0000] {logging_mixin.py:188} INFO - [2026-04-26T23:52:35.221+0000] {dag.py:3096} INFO - Sync 1 DAGs
[2026-04-26T23:52:35.239+0000] {logging_mixin.py:188} INFO - [2026-04-26T23:52:35.239+0000] {dag.py:3954} INFO - Setting next_dagrun for example_dynamic_task_mapping_with_no_taskflow_operators to 2026-04-25 00:00:00+00:00, run_after=2026-04-26 00:00:00+00:00
[2026-04-26T23:52:35.251+0000] {processor.py:183} INFO - Processing /home/airflow/.local/lib/python3.12/site-packages/airflow/example_dags/example_dynamic_task_mapping_with_no_taskflow_operators.py took 0.087 seconds
[2026-04-26T23:53:06.018+0000] {processor.py:161} INFO - Started process (PID=426) to work on /home/airflow/.local/lib/python3.12/site-packages/airflow/example_dags/example_dynamic_task_mapping_with_no_taskflow_operators.py
[2026-04-26T23:53:06.019+0000] {processor.py:830} INFO - Processing file /home/airflow/.local/lib/python3.12/site-packages/airflow/example_dags/example_dynamic_task_mapping_with_no_taskflow_operators.py for tasks to queue
[2026-04-26T23:53:06.020+0000] {logging_mixin.py:188} INFO - [2026-04-26T23:53:06.020+0000] {dagbag.py:545} INFO - Filling up the DagBag from /home/airflow/.local/lib/python3.12/site-packages/airflow/example_dags/example_dynamic_task_mapping_with_no_taskflow_operators.py
[2026-04-26T23:53:06.025+0000] {processor.py:840} INFO - DAG(s) 'example_dynamic_task_mapping_with_no_taskflow_operators' retrieved from /home/airflow/.local/lib/python3.12/site-packages/airflow/example_dags/example_dynamic_task_mapping_with_no_taskflow_operators.py
[2026-04-26T23:53:06.038+0000] {logging_mixin.py:188} INFO - [2026-04-26T23:53:06.038+0000] {dag.py:3096} INFO - Sync 1 DAGs
[2026-04-26T23:53:06.053+0000] {logging_mixin.py:188} INFO - [2026-04-26T23:53:06.053+0000] {dag.py:3954} INFO - Setting next_dagrun for example_dynamic_task_mapping_with_no_taskflow_operators to 2026-04-25 00:00:00+00:00, run_after=2026-04-26 00:00:00+00:00
[2026-04-26T23:53:06.064+0000] {processor.py:183} INFO - Processing /home/airflow/.local/lib/python3.12/site-packages/airflow/example_dags/example_dynamic_task_mapping_with_no_taskflow_operators.py took 0.051 seconds
[2026-04-26T23:53:36.315+0000] {processor.py:161} INFO - Started process (PID=485) to work on /home/airflow/.local/lib/python3.12/site-packages/airflow/example_dags/example_dynamic_task_mapping_with_no_taskflow_operators.py
[2026-04-26T23:53:36.323+0000] {processor.py:830} INFO - Processing file /home/airflow/.local/lib/python3.12/site-packages/airflow/example_dags/example_dynamic_task_mapping_with_no_taskflow_operators.py for tasks to queue
[2026-04-26T23:53:36.325+0000] {logging_mixin.py:188} INFO - [2026-04-26T23:53:36.325+0000] {dagbag.py:545} INFO - Filling up the DagBag from /home/airflow/.local/lib/python3.12/site-packages/airflow/example_dags/example_dynamic_task_mapping_with_no_taskflow_operators.py
[2026-04-26T23:53:36.330+0000] {processor.py:840} INFO - DAG(s) 'example_dynamic_task_mapping_with_no_taskflow_operators' retrieved from /home/airflow/.local/lib/python3.12/site-packages/airflow/example_dags/example_dynamic_task_mapping_with_no_taskflow_operators.py
[2026-04-26T23:53:36.343+0000] {logging_mixin.py:188} INFO - [2026-04-26T23:53:36.343+0000] {dag.py:3096} INFO - Sync 1 DAGs
[2026-04-26T23:53:36.357+0000] {logging_mixin.py:188} INFO - [2026-04-26T23:53:36.357+0000] {dag.py:3954} INFO - Setting next_dagrun for example_dynamic_task_mapping_with_no_taskflow_operators to 2026-04-25 00:00:00+00:00, run_after=2026-04-26 00:00:00+00:00
[2026-04-26T23:53:36.370+0000] {processor.py:183} INFO - Processing /home/airflow/.local/lib/python3.12/site-packages/airflow/example_dags/example_dynamic_task_mapping_with_no_taskflow_operators.py took 0.059 seconds
