[2026-04-26T23:08:14.227+0000] {processor.py:161} INFO - Started process (PID=47) to work on /home/airflow/.local/lib/python3.12/site-packages/airflow/example_dags/example_branch_datetime_operator.py
[2026-04-26T23:08:14.228+0000] {processor.py:830} INFO - Processing file /home/airflow/.local/lib/python3.12/site-packages/airflow/example_dags/example_branch_datetime_operator.py for tasks to queue
[2026-04-26T23:08:14.229+0000] {logging_mixin.py:188} INFO - [2026-04-26T23:08:14.229+0000] {dagbag.py:545} INFO - Filling up the DagBag from /home/airflow/.local/lib/python3.12/site-packages/airflow/example_dags/example_branch_datetime_operator.py
[2026-04-26T23:08:14.262+0000] {processor.py:840} INFO - DAG(s) 'example_branch_datetime_operator', 'example_branch_datetime_operator_3', 'example_branch_datetime_operator_2' retrieved from /home/airflow/.local/lib/python3.12/site-packages/airflow/example_dags/example_branch_datetime_operator.py
[2026-04-26T23:08:14.278+0000] {logging_mixin.py:188} INFO - [2026-04-26T23:08:14.278+0000] {dag.py:3096} INFO - Sync 3 DAGs
[2026-04-26T23:08:14.294+0000] {logging_mixin.py:188} INFO - [2026-04-26T23:08:14.293+0000] {dag.py:3954} INFO - Setting next_dagrun for example_branch_datetime_operator to 2026-04-25 00:00:00+00:00, run_after=2026-04-26 00:00:00+00:00
[2026-04-26T23:08:14.297+0000] {logging_mixin.py:188} INFO - [2026-04-26T23:08:14.297+0000] {dag.py:3954} INFO - Setting next_dagrun for example_branch_datetime_operator_2 to 2026-04-25 00:00:00+00:00, run_after=2026-04-26 00:00:00+00:00
[2026-04-26T23:08:14.298+0000] {logging_mixin.py:188} INFO - [2026-04-26T23:08:14.298+0000] {dag.py:3954} INFO - Setting next_dagrun for example_branch_datetime_operator_3 to 2026-04-25 00:00:00+00:00, run_after=2026-04-26 00:00:00+00:00
[2026-04-26T23:08:14.307+0000] {processor.py:183} INFO - Processing /home/airflow/.local/lib/python3.12/site-packages/airflow/example_dags/example_branch_datetime_operator.py took 0.083 seconds
[2026-04-26T23:08:44.391+0000] {processor.py:161} INFO - Started process (PID=105) to work on /home/airflow/.local/lib/python3.12/site-packages/airflow/example_dags/example_branch_datetime_operator.py
[2026-04-26T23:08:44.391+0000] {processor.py:830} INFO - Processing file /home/airflow/.local/lib/python3.12/site-packages/airflow/example_dags/example_branch_datetime_operator.py for tasks to queue
[2026-04-26T23:08:44.392+0000] {logging_mixin.py:188} INFO - [2026-04-26T23:08:44.392+0000] {dagbag.py:545} INFO - Filling up the DagBag from /home/airflow/.local/lib/python3.12/site-packages/airflow/example_dags/example_branch_datetime_operator.py
[2026-04-26T23:08:44.398+0000] {processor.py:840} INFO - DAG(s) 'example_branch_datetime_operator_2', 'example_branch_datetime_operator', 'example_branch_datetime_operator_3' retrieved from /home/airflow/.local/lib/python3.12/site-packages/airflow/example_dags/example_branch_datetime_operator.py
[2026-04-26T23:08:44.624+0000] {logging_mixin.py:188} INFO - [2026-04-26T23:08:44.624+0000] {dag.py:3096} INFO - Sync 3 DAGs
[2026-04-26T23:08:44.635+0000] {logging_mixin.py:188} INFO - [2026-04-26T23:08:44.635+0000] {dag.py:3954} INFO - Setting next_dagrun for example_branch_datetime_operator to 2026-04-25 00:00:00+00:00, run_after=2026-04-26 00:00:00+00:00
[2026-04-26T23:08:44.638+0000] {logging_mixin.py:188} INFO - [2026-04-26T23:08:44.638+0000] {dag.py:3954} INFO - Setting next_dagrun for example_branch_datetime_operator_2 to 2026-04-25 00:00:00+00:00, run_after=2026-04-26 00:00:00+00:00
[2026-04-26T23:08:44.639+0000] {logging_mixin.py:188} INFO - [2026-04-26T23:08:44.639+0000] {dag.py:3954} INFO - Setting next_dagrun for example_branch_datetime_operator_3 to 2026-04-25 00:00:00+00:00, run_after=2026-04-26 00:00:00+00:00
[2026-04-26T23:08:44.649+0000] {processor.py:183} INFO - Processing /home/airflow/.local/lib/python3.12/site-packages/airflow/example_dags/example_branch_datetime_operator.py took 0.262 seconds
[2026-04-26T23:09:14.913+0000] {processor.py:161} INFO - Started process (PID=163) to work on /home/airflow/.local/lib/python3.12/site-packages/airflow/example_dags/example_branch_datetime_operator.py
[2026-04-26T23:09:14.913+0000] {processor.py:830} INFO - Processing file /home/airflow/.local/lib/python3.12/site-packages/airflow/example_dags/example_branch_datetime_operator.py for tasks to queue
[2026-04-26T23:09:14.915+0000] {logging_mixin.py:188} INFO - [2026-04-26T23:09:14.914+0000] {dagbag.py:545} INFO - Filling up the DagBag from /home/airflow/.local/lib/python3.12/site-packages/airflow/example_dags/example_branch_datetime_operator.py
[2026-04-26T23:09:14.922+0000] {processor.py:840} INFO - DAG(s) 'example_branch_datetime_operator_2', 'example_branch_datetime_operator_3', 'example_branch_datetime_operator' retrieved from /home/airflow/.local/lib/python3.12/site-packages/airflow/example_dags/example_branch_datetime_operator.py
[2026-04-26T23:09:14.942+0000] {logging_mixin.py:188} INFO - [2026-04-26T23:09:14.942+0000] {dag.py:3096} INFO - Sync 3 DAGs
[2026-04-26T23:09:14.959+0000] {logging_mixin.py:188} INFO - [2026-04-26T23:09:14.958+0000] {dag.py:3954} INFO - Setting next_dagrun for example_branch_datetime_operator to 2026-04-25 00:00:00+00:00, run_after=2026-04-26 00:00:00+00:00
[2026-04-26T23:09:14.962+0000] {logging_mixin.py:188} INFO - [2026-04-26T23:09:14.962+0000] {dag.py:3954} INFO - Setting next_dagrun for example_branch_datetime_operator_2 to 2026-04-25 00:00:00+00:00, run_after=2026-04-26 00:00:00+00:00
[2026-04-26T23:09:14.963+0000] {logging_mixin.py:188} INFO - [2026-04-26T23:09:14.963+0000] {dag.py:3954} INFO - Setting next_dagrun for example_branch_datetime_operator_3 to 2026-04-25 00:00:00+00:00, run_after=2026-04-26 00:00:00+00:00
[2026-04-26T23:09:14.978+0000] {processor.py:183} INFO - Processing /home/airflow/.local/lib/python3.12/site-packages/airflow/example_dags/example_branch_datetime_operator.py took 0.069 seconds
[2026-04-26T23:09:45.790+0000] {processor.py:161} INFO - Started process (PID=221) to work on /home/airflow/.local/lib/python3.12/site-packages/airflow/example_dags/example_branch_datetime_operator.py
[2026-04-26T23:09:45.794+0000] {processor.py:830} INFO - Processing file /home/airflow/.local/lib/python3.12/site-packages/airflow/example_dags/example_branch_datetime_operator.py for tasks to queue
[2026-04-26T23:09:45.795+0000] {logging_mixin.py:188} INFO - [2026-04-26T23:09:45.795+0000] {dagbag.py:545} INFO - Filling up the DagBag from /home/airflow/.local/lib/python3.12/site-packages/airflow/example_dags/example_branch_datetime_operator.py
[2026-04-26T23:09:45.802+0000] {processor.py:840} INFO - DAG(s) 'example_branch_datetime_operator_2', 'example_branch_datetime_operator', 'example_branch_datetime_operator_3' retrieved from /home/airflow/.local/lib/python3.12/site-packages/airflow/example_dags/example_branch_datetime_operator.py
[2026-04-26T23:09:45.820+0000] {logging_mixin.py:188} INFO - [2026-04-26T23:09:45.820+0000] {dag.py:3096} INFO - Sync 3 DAGs
[2026-04-26T23:09:45.835+0000] {logging_mixin.py:188} INFO - [2026-04-26T23:09:45.835+0000] {dag.py:3954} INFO - Setting next_dagrun for example_branch_datetime_operator to 2026-04-25 00:00:00+00:00, run_after=2026-04-26 00:00:00+00:00
[2026-04-26T23:09:45.838+0000] {logging_mixin.py:188} INFO - [2026-04-26T23:09:45.838+0000] {dag.py:3954} INFO - Setting next_dagrun for example_branch_datetime_operator_2 to 2026-04-25 00:00:00+00:00, run_after=2026-04-26 00:00:00+00:00
[2026-04-26T23:09:45.839+0000] {logging_mixin.py:188} INFO - [2026-04-26T23:09:45.839+0000] {dag.py:3954} INFO - Setting next_dagrun for example_branch_datetime_operator_3 to 2026-04-25 00:00:00+00:00, run_after=2026-04-26 00:00:00+00:00
[2026-04-26T23:09:45.850+0000] {processor.py:183} INFO - Processing /home/airflow/.local/lib/python3.12/site-packages/airflow/example_dags/example_branch_datetime_operator.py took 0.064 seconds
[2026-04-26T23:10:16.624+0000] {processor.py:161} INFO - Started process (PID=279) to work on /home/airflow/.local/lib/python3.12/site-packages/airflow/example_dags/example_branch_datetime_operator.py
[2026-04-26T23:10:16.628+0000] {processor.py:830} INFO - Processing file /home/airflow/.local/lib/python3.12/site-packages/airflow/example_dags/example_branch_datetime_operator.py for tasks to queue
[2026-04-26T23:10:16.630+0000] {logging_mixin.py:188} INFO - [2026-04-26T23:10:16.629+0000] {dagbag.py:545} INFO - Filling up the DagBag from /home/airflow/.local/lib/python3.12/site-packages/airflow/example_dags/example_branch_datetime_operator.py
[2026-04-26T23:10:16.637+0000] {processor.py:840} INFO - DAG(s) 'example_branch_datetime_operator_3', 'example_branch_datetime_operator', 'example_branch_datetime_operator_2' retrieved from /home/airflow/.local/lib/python3.12/site-packages/airflow/example_dags/example_branch_datetime_operator.py
[2026-04-26T23:10:16.657+0000] {logging_mixin.py:188} INFO - [2026-04-26T23:10:16.656+0000] {dag.py:3096} INFO - Sync 3 DAGs
[2026-04-26T23:10:16.673+0000] {logging_mixin.py:188} INFO - [2026-04-26T23:10:16.673+0000] {dag.py:3954} INFO - Setting next_dagrun for example_branch_datetime_operator to 2026-04-25 00:00:00+00:00, run_after=2026-04-26 00:00:00+00:00
[2026-04-26T23:10:16.677+0000] {logging_mixin.py:188} INFO - [2026-04-26T23:10:16.676+0000] {dag.py:3954} INFO - Setting next_dagrun for example_branch_datetime_operator_2 to 2026-04-25 00:00:00+00:00, run_after=2026-04-26 00:00:00+00:00
[2026-04-26T23:10:16.678+0000] {logging_mixin.py:188} INFO - [2026-04-26T23:10:16.678+0000] {dag.py:3954} INFO - Setting next_dagrun for example_branch_datetime_operator_3 to 2026-04-25 00:00:00+00:00, run_after=2026-04-26 00:00:00+00:00
[2026-04-26T23:10:16.689+0000] {processor.py:183} INFO - Processing /home/airflow/.local/lib/python3.12/site-packages/airflow/example_dags/example_branch_datetime_operator.py took 0.070 seconds
[2026-04-26T23:10:46.758+0000] {processor.py:161} INFO - Started process (PID=337) to work on /home/airflow/.local/lib/python3.12/site-packages/airflow/example_dags/example_branch_datetime_operator.py
[2026-04-26T23:10:46.759+0000] {processor.py:830} INFO - Processing file /home/airflow/.local/lib/python3.12/site-packages/airflow/example_dags/example_branch_datetime_operator.py for tasks to queue
[2026-04-26T23:10:46.760+0000] {logging_mixin.py:188} INFO - [2026-04-26T23:10:46.760+0000] {dagbag.py:545} INFO - Filling up the DagBag from /home/airflow/.local/lib/python3.12/site-packages/airflow/example_dags/example_branch_datetime_operator.py
[2026-04-26T23:10:46.768+0000] {processor.py:840} INFO - DAG(s) 'example_branch_datetime_operator_3', 'example_branch_datetime_operator_2', 'example_branch_datetime_operator' retrieved from /home/airflow/.local/lib/python3.12/site-packages/airflow/example_dags/example_branch_datetime_operator.py
[2026-04-26T23:10:46.787+0000] {logging_mixin.py:188} INFO - [2026-04-26T23:10:46.787+0000] {dag.py:3096} INFO - Sync 3 DAGs
[2026-04-26T23:10:46.803+0000] {logging_mixin.py:188} INFO - [2026-04-26T23:10:46.802+0000] {dag.py:3954} INFO - Setting next_dagrun for example_branch_datetime_operator to 2026-04-25 00:00:00+00:00, run_after=2026-04-26 00:00:00+00:00
[2026-04-26T23:10:46.806+0000] {logging_mixin.py:188} INFO - [2026-04-26T23:10:46.806+0000] {dag.py:3954} INFO - Setting next_dagrun for example_branch_datetime_operator_2 to 2026-04-25 00:00:00+00:00, run_after=2026-04-26 00:00:00+00:00
[2026-04-26T23:10:46.807+0000] {logging_mixin.py:188} INFO - [2026-04-26T23:10:46.807+0000] {dag.py:3954} INFO - Setting next_dagrun for example_branch_datetime_operator_3 to 2026-04-25 00:00:00+00:00, run_after=2026-04-26 00:00:00+00:00
[2026-04-26T23:10:46.822+0000] {processor.py:183} INFO - Processing /home/airflow/.local/lib/python3.12/site-packages/airflow/example_dags/example_branch_datetime_operator.py took 0.068 seconds
[2026-04-26T23:11:17.619+0000] {processor.py:161} INFO - Started process (PID=395) to work on /home/airflow/.local/lib/python3.12/site-packages/airflow/example_dags/example_branch_datetime_operator.py
[2026-04-26T23:11:17.625+0000] {processor.py:830} INFO - Processing file /home/airflow/.local/lib/python3.12/site-packages/airflow/example_dags/example_branch_datetime_operator.py for tasks to queue
[2026-04-26T23:11:17.626+0000] {logging_mixin.py:188} INFO - [2026-04-26T23:11:17.626+0000] {dagbag.py:545} INFO - Filling up the DagBag from /home/airflow/.local/lib/python3.12/site-packages/airflow/example_dags/example_branch_datetime_operator.py
[2026-04-26T23:11:17.632+0000] {processor.py:840} INFO - DAG(s) 'example_branch_datetime_operator_2', 'example_branch_datetime_operator', 'example_branch_datetime_operator_3' retrieved from /home/airflow/.local/lib/python3.12/site-packages/airflow/example_dags/example_branch_datetime_operator.py
[2026-04-26T23:11:17.650+0000] {logging_mixin.py:188} INFO - [2026-04-26T23:11:17.650+0000] {dag.py:3096} INFO - Sync 3 DAGs
[2026-04-26T23:11:17.664+0000] {logging_mixin.py:188} INFO - [2026-04-26T23:11:17.664+0000] {dag.py:3954} INFO - Setting next_dagrun for example_branch_datetime_operator to 2026-04-25 00:00:00+00:00, run_after=2026-04-26 00:00:00+00:00
[2026-04-26T23:11:17.666+0000] {logging_mixin.py:188} INFO - [2026-04-26T23:11:17.666+0000] {dag.py:3954} INFO - Setting next_dagrun for example_branch_datetime_operator_2 to 2026-04-25 00:00:00+00:00, run_after=2026-04-26 00:00:00+00:00
[2026-04-26T23:11:17.668+0000] {logging_mixin.py:188} INFO - [2026-04-26T23:11:17.668+0000] {dag.py:3954} INFO - Setting next_dagrun for example_branch_datetime_operator_3 to 2026-04-25 00:00:00+00:00, run_after=2026-04-26 00:00:00+00:00
[2026-04-26T23:11:17.678+0000] {processor.py:183} INFO - Processing /home/airflow/.local/lib/python3.12/site-packages/airflow/example_dags/example_branch_datetime_operator.py took 0.062 seconds
[2026-04-26T23:11:48.389+0000] {processor.py:161} INFO - Started process (PID=459) to work on /home/airflow/.local/lib/python3.12/site-packages/airflow/example_dags/example_branch_datetime_operator.py
[2026-04-26T23:11:48.395+0000] {processor.py:830} INFO - Processing file /home/airflow/.local/lib/python3.12/site-packages/airflow/example_dags/example_branch_datetime_operator.py for tasks to queue
[2026-04-26T23:11:48.397+0000] {logging_mixin.py:188} INFO - [2026-04-26T23:11:48.396+0000] {dagbag.py:545} INFO - Filling up the DagBag from /home/airflow/.local/lib/python3.12/site-packages/airflow/example_dags/example_branch_datetime_operator.py
[2026-04-26T23:11:48.402+0000] {processor.py:840} INFO - DAG(s) 'example_branch_datetime_operator_2', 'example_branch_datetime_operator', 'example_branch_datetime_operator_3' retrieved from /home/airflow/.local/lib/python3.12/site-packages/airflow/example_dags/example_branch_datetime_operator.py
[2026-04-26T23:11:48.420+0000] {logging_mixin.py:188} INFO - [2026-04-26T23:11:48.419+0000] {dag.py:3096} INFO - Sync 3 DAGs
[2026-04-26T23:11:48.435+0000] {logging_mixin.py:188} INFO - [2026-04-26T23:11:48.434+0000] {dag.py:3954} INFO - Setting next_dagrun for example_branch_datetime_operator to 2026-04-25 00:00:00+00:00, run_after=2026-04-26 00:00:00+00:00
[2026-04-26T23:11:48.438+0000] {logging_mixin.py:188} INFO - [2026-04-26T23:11:48.437+0000] {dag.py:3954} INFO - Setting next_dagrun for example_branch_datetime_operator_2 to 2026-04-25 00:00:00+00:00, run_after=2026-04-26 00:00:00+00:00
[2026-04-26T23:11:48.439+0000] {logging_mixin.py:188} INFO - [2026-04-26T23:11:48.439+0000] {dag.py:3954} INFO - Setting next_dagrun for example_branch_datetime_operator_3 to 2026-04-25 00:00:00+00:00, run_after=2026-04-26 00:00:00+00:00
[2026-04-26T23:11:48.448+0000] {processor.py:183} INFO - Processing /home/airflow/.local/lib/python3.12/site-packages/airflow/example_dags/example_branch_datetime_operator.py took 0.062 seconds
[2026-04-26T23:12:19.183+0000] {processor.py:161} INFO - Started process (PID=517) to work on /home/airflow/.local/lib/python3.12/site-packages/airflow/example_dags/example_branch_datetime_operator.py
[2026-04-26T23:12:19.184+0000] {processor.py:830} INFO - Processing file /home/airflow/.local/lib/python3.12/site-packages/airflow/example_dags/example_branch_datetime_operator.py for tasks to queue
[2026-04-26T23:12:19.185+0000] {logging_mixin.py:188} INFO - [2026-04-26T23:12:19.185+0000] {dagbag.py:545} INFO - Filling up the DagBag from /home/airflow/.local/lib/python3.12/site-packages/airflow/example_dags/example_branch_datetime_operator.py
[2026-04-26T23:12:19.191+0000] {processor.py:840} INFO - DAG(s) 'example_branch_datetime_operator_3', 'example_branch_datetime_operator', 'example_branch_datetime_operator_2' retrieved from /home/airflow/.local/lib/python3.12/site-packages/airflow/example_dags/example_branch_datetime_operator.py
[2026-04-26T23:12:19.209+0000] {logging_mixin.py:188} INFO - [2026-04-26T23:12:19.208+0000] {dag.py:3096} INFO - Sync 3 DAGs
[2026-04-26T23:12:19.225+0000] {logging_mixin.py:188} INFO - [2026-04-26T23:12:19.225+0000] {dag.py:3954} INFO - Setting next_dagrun for example_branch_datetime_operator to 2026-04-25 00:00:00+00:00, run_after=2026-04-26 00:00:00+00:00
[2026-04-26T23:12:19.228+0000] {logging_mixin.py:188} INFO - [2026-04-26T23:12:19.227+0000] {dag.py:3954} INFO - Setting next_dagrun for example_branch_datetime_operator_2 to 2026-04-25 00:00:00+00:00, run_after=2026-04-26 00:00:00+00:00
[2026-04-26T23:12:19.229+0000] {logging_mixin.py:188} INFO - [2026-04-26T23:12:19.229+0000] {dag.py:3954} INFO - Setting next_dagrun for example_branch_datetime_operator_3 to 2026-04-25 00:00:00+00:00, run_after=2026-04-26 00:00:00+00:00
[2026-04-26T23:12:19.248+0000] {processor.py:183} INFO - Processing /home/airflow/.local/lib/python3.12/site-packages/airflow/example_dags/example_branch_datetime_operator.py took 0.069 seconds
[2026-04-26T23:12:49.928+0000] {processor.py:161} INFO - Started process (PID=575) to work on /home/airflow/.local/lib/python3.12/site-packages/airflow/example_dags/example_branch_datetime_operator.py
[2026-04-26T23:12:49.936+0000] {processor.py:830} INFO - Processing file /home/airflow/.local/lib/python3.12/site-packages/airflow/example_dags/example_branch_datetime_operator.py for tasks to queue
[2026-04-26T23:12:49.938+0000] {logging_mixin.py:188} INFO - [2026-04-26T23:12:49.937+0000] {dagbag.py:545} INFO - Filling up the DagBag from /home/airflow/.local/lib/python3.12/site-packages/airflow/example_dags/example_branch_datetime_operator.py
[2026-04-26T23:12:49.947+0000] {processor.py:840} INFO - DAG(s) 'example_branch_datetime_operator_2', 'example_branch_datetime_operator', 'example_branch_datetime_operator_3' retrieved from /home/airflow/.local/lib/python3.12/site-packages/airflow/example_dags/example_branch_datetime_operator.py
[2026-04-26T23:12:49.969+0000] {logging_mixin.py:188} INFO - [2026-04-26T23:12:49.969+0000] {dag.py:3096} INFO - Sync 3 DAGs
[2026-04-26T23:12:49.989+0000] {logging_mixin.py:188} INFO - [2026-04-26T23:12:49.989+0000] {dag.py:3954} INFO - Setting next_dagrun for example_branch_datetime_operator to 2026-04-25 00:00:00+00:00, run_after=2026-04-26 00:00:00+00:00
[2026-04-26T23:12:49.993+0000] {logging_mixin.py:188} INFO - [2026-04-26T23:12:49.993+0000] {dag.py:3954} INFO - Setting next_dagrun for example_branch_datetime_operator_2 to 2026-04-25 00:00:00+00:00, run_after=2026-04-26 00:00:00+00:00
[2026-04-26T23:12:49.995+0000] {logging_mixin.py:188} INFO - [2026-04-26T23:12:49.995+0000] {dag.py:3954} INFO - Setting next_dagrun for example_branch_datetime_operator_3 to 2026-04-25 00:00:00+00:00, run_after=2026-04-26 00:00:00+00:00
[2026-04-26T23:12:50.009+0000] {processor.py:183} INFO - Processing /home/airflow/.local/lib/python3.12/site-packages/airflow/example_dags/example_branch_datetime_operator.py took 0.087 seconds
[2026-04-26T23:13:20.103+0000] {processor.py:161} INFO - Started process (PID=633) to work on /home/airflow/.local/lib/python3.12/site-packages/airflow/example_dags/example_branch_datetime_operator.py
[2026-04-26T23:13:20.103+0000] {processor.py:830} INFO - Processing file /home/airflow/.local/lib/python3.12/site-packages/airflow/example_dags/example_branch_datetime_operator.py for tasks to queue
[2026-04-26T23:13:20.105+0000] {logging_mixin.py:188} INFO - [2026-04-26T23:13:20.105+0000] {dagbag.py:545} INFO - Filling up the DagBag from /home/airflow/.local/lib/python3.12/site-packages/airflow/example_dags/example_branch_datetime_operator.py
[2026-04-26T23:13:20.111+0000] {processor.py:840} INFO - DAG(s) 'example_branch_datetime_operator_3', 'example_branch_datetime_operator', 'example_branch_datetime_operator_2' retrieved from /home/airflow/.local/lib/python3.12/site-packages/airflow/example_dags/example_branch_datetime_operator.py
[2026-04-26T23:13:20.126+0000] {logging_mixin.py:188} INFO - [2026-04-26T23:13:20.126+0000] {dag.py:3096} INFO - Sync 3 DAGs
[2026-04-26T23:13:20.140+0000] {logging_mixin.py:188} INFO - [2026-04-26T23:13:20.140+0000] {dag.py:3954} INFO - Setting next_dagrun for example_branch_datetime_operator to 2026-04-25 00:00:00+00:00, run_after=2026-04-26 00:00:00+00:00
[2026-04-26T23:13:20.143+0000] {logging_mixin.py:188} INFO - [2026-04-26T23:13:20.143+0000] {dag.py:3954} INFO - Setting next_dagrun for example_branch_datetime_operator_2 to 2026-04-25 00:00:00+00:00, run_after=2026-04-26 00:00:00+00:00
[2026-04-26T23:13:20.144+0000] {logging_mixin.py:188} INFO - [2026-04-26T23:13:20.144+0000] {dag.py:3954} INFO - Setting next_dagrun for example_branch_datetime_operator_3 to 2026-04-25 00:00:00+00:00, run_after=2026-04-26 00:00:00+00:00
[2026-04-26T23:13:20.162+0000] {processor.py:183} INFO - Processing /home/airflow/.local/lib/python3.12/site-packages/airflow/example_dags/example_branch_datetime_operator.py took 0.063 seconds
[2026-04-26T23:13:50.343+0000] {processor.py:161} INFO - Started process (PID=691) to work on /home/airflow/.local/lib/python3.12/site-packages/airflow/example_dags/example_branch_datetime_operator.py
[2026-04-26T23:13:50.352+0000] {processor.py:830} INFO - Processing file /home/airflow/.local/lib/python3.12/site-packages/airflow/example_dags/example_branch_datetime_operator.py for tasks to queue
[2026-04-26T23:13:50.354+0000] {logging_mixin.py:188} INFO - [2026-04-26T23:13:50.353+0000] {dagbag.py:545} INFO - Filling up the DagBag from /home/airflow/.local/lib/python3.12/site-packages/airflow/example_dags/example_branch_datetime_operator.py
[2026-04-26T23:13:50.362+0000] {processor.py:840} INFO - DAG(s) 'example_branch_datetime_operator_3', 'example_branch_datetime_operator_2', 'example_branch_datetime_operator' retrieved from /home/airflow/.local/lib/python3.12/site-packages/airflow/example_dags/example_branch_datetime_operator.py
[2026-04-26T23:13:50.382+0000] {logging_mixin.py:188} INFO - [2026-04-26T23:13:50.382+0000] {dag.py:3096} INFO - Sync 3 DAGs
[2026-04-26T23:13:50.400+0000] {logging_mixin.py:188} INFO - [2026-04-26T23:13:50.400+0000] {dag.py:3954} INFO - Setting next_dagrun for example_branch_datetime_operator to 2026-04-25 00:00:00+00:00, run_after=2026-04-26 00:00:00+00:00
[2026-04-26T23:13:50.404+0000] {logging_mixin.py:188} INFO - [2026-04-26T23:13:50.403+0000] {dag.py:3954} INFO - Setting next_dagrun for example_branch_datetime_operator_2 to 2026-04-25 00:00:00+00:00, run_after=2026-04-26 00:00:00+00:00
[2026-04-26T23:13:50.405+0000] {logging_mixin.py:188} INFO - [2026-04-26T23:13:50.405+0000] {dag.py:3954} INFO - Setting next_dagrun for example_branch_datetime_operator_3 to 2026-04-25 00:00:00+00:00, run_after=2026-04-26 00:00:00+00:00
[2026-04-26T23:13:50.416+0000] {processor.py:183} INFO - Processing /home/airflow/.local/lib/python3.12/site-packages/airflow/example_dags/example_branch_datetime_operator.py took 0.078 seconds
[2026-04-26T23:14:21.078+0000] {processor.py:161} INFO - Started process (PID=749) to work on /home/airflow/.local/lib/python3.12/site-packages/airflow/example_dags/example_branch_datetime_operator.py
[2026-04-26T23:14:21.079+0000] {processor.py:830} INFO - Processing file /home/airflow/.local/lib/python3.12/site-packages/airflow/example_dags/example_branch_datetime_operator.py for tasks to queue
[2026-04-26T23:14:21.080+0000] {logging_mixin.py:188} INFO - [2026-04-26T23:14:21.079+0000] {dagbag.py:545} INFO - Filling up the DagBag from /home/airflow/.local/lib/python3.12/site-packages/airflow/example_dags/example_branch_datetime_operator.py
[2026-04-26T23:14:21.085+0000] {processor.py:840} INFO - DAG(s) 'example_branch_datetime_operator_3', 'example_branch_datetime_operator_2', 'example_branch_datetime_operator' retrieved from /home/airflow/.local/lib/python3.12/site-packages/airflow/example_dags/example_branch_datetime_operator.py
[2026-04-26T23:14:21.101+0000] {logging_mixin.py:188} INFO - [2026-04-26T23:14:21.101+0000] {dag.py:3096} INFO - Sync 3 DAGs
[2026-04-26T23:14:21.113+0000] {logging_mixin.py:188} INFO - [2026-04-26T23:14:21.113+0000] {dag.py:3954} INFO - Setting next_dagrun for example_branch_datetime_operator to 2026-04-25 00:00:00+00:00, run_after=2026-04-26 00:00:00+00:00
[2026-04-26T23:14:21.116+0000] {logging_mixin.py:188} INFO - [2026-04-26T23:14:21.116+0000] {dag.py:3954} INFO - Setting next_dagrun for example_branch_datetime_operator_2 to 2026-04-25 00:00:00+00:00, run_after=2026-04-26 00:00:00+00:00
[2026-04-26T23:14:21.117+0000] {logging_mixin.py:188} INFO - [2026-04-26T23:14:21.117+0000] {dag.py:3954} INFO - Setting next_dagrun for example_branch_datetime_operator_3 to 2026-04-25 00:00:00+00:00, run_after=2026-04-26 00:00:00+00:00
[2026-04-26T23:14:21.133+0000] {processor.py:183} INFO - Processing /home/airflow/.local/lib/python3.12/site-packages/airflow/example_dags/example_branch_datetime_operator.py took 0.058 seconds
[2026-04-26T23:14:51.749+0000] {processor.py:161} INFO - Started process (PID=807) to work on /home/airflow/.local/lib/python3.12/site-packages/airflow/example_dags/example_branch_datetime_operator.py
[2026-04-26T23:14:51.759+0000] {processor.py:830} INFO - Processing file /home/airflow/.local/lib/python3.12/site-packages/airflow/example_dags/example_branch_datetime_operator.py for tasks to queue
[2026-04-26T23:14:51.760+0000] {logging_mixin.py:188} INFO - [2026-04-26T23:14:51.760+0000] {dagbag.py:545} INFO - Filling up the DagBag from /home/airflow/.local/lib/python3.12/site-packages/airflow/example_dags/example_branch_datetime_operator.py
[2026-04-26T23:14:51.768+0000] {processor.py:840} INFO - DAG(s) 'example_branch_datetime_operator', 'example_branch_datetime_operator_2', 'example_branch_datetime_operator_3' retrieved from /home/airflow/.local/lib/python3.12/site-packages/airflow/example_dags/example_branch_datetime_operator.py
[2026-04-26T23:14:51.786+0000] {logging_mixin.py:188} INFO - [2026-04-26T23:14:51.786+0000] {dag.py:3096} INFO - Sync 3 DAGs
[2026-04-26T23:14:51.803+0000] {logging_mixin.py:188} INFO - [2026-04-26T23:14:51.802+0000] {dag.py:3954} INFO - Setting next_dagrun for example_branch_datetime_operator to 2026-04-25 00:00:00+00:00, run_after=2026-04-26 00:00:00+00:00
[2026-04-26T23:14:51.806+0000] {logging_mixin.py:188} INFO - [2026-04-26T23:14:51.806+0000] {dag.py:3954} INFO - Setting next_dagrun for example_branch_datetime_operator_2 to 2026-04-25 00:00:00+00:00, run_after=2026-04-26 00:00:00+00:00
[2026-04-26T23:14:51.807+0000] {logging_mixin.py:188} INFO - [2026-04-26T23:14:51.807+0000] {dag.py:3954} INFO - Setting next_dagrun for example_branch_datetime_operator_3 to 2026-04-25 00:00:00+00:00, run_after=2026-04-26 00:00:00+00:00
[2026-04-26T23:14:51.818+0000] {processor.py:183} INFO - Processing /home/airflow/.local/lib/python3.12/site-packages/airflow/example_dags/example_branch_datetime_operator.py took 0.074 seconds
[2026-04-26T23:15:21.895+0000] {processor.py:161} INFO - Started process (PID=865) to work on /home/airflow/.local/lib/python3.12/site-packages/airflow/example_dags/example_branch_datetime_operator.py
[2026-04-26T23:15:21.895+0000] {processor.py:830} INFO - Processing file /home/airflow/.local/lib/python3.12/site-packages/airflow/example_dags/example_branch_datetime_operator.py for tasks to queue
[2026-04-26T23:15:21.897+0000] {logging_mixin.py:188} INFO - [2026-04-26T23:15:21.896+0000] {dagbag.py:545} INFO - Filling up the DagBag from /home/airflow/.local/lib/python3.12/site-packages/airflow/example_dags/example_branch_datetime_operator.py
[2026-04-26T23:15:21.903+0000] {processor.py:840} INFO - DAG(s) 'example_branch_datetime_operator_3', 'example_branch_datetime_operator_2', 'example_branch_datetime_operator' retrieved from /home/airflow/.local/lib/python3.12/site-packages/airflow/example_dags/example_branch_datetime_operator.py
[2026-04-26T23:15:21.920+0000] {logging_mixin.py:188} INFO - [2026-04-26T23:15:21.919+0000] {dag.py:3096} INFO - Sync 3 DAGs
[2026-04-26T23:15:21.933+0000] {logging_mixin.py:188} INFO - [2026-04-26T23:15:21.933+0000] {dag.py:3954} INFO - Setting next_dagrun for example_branch_datetime_operator to 2026-04-25 00:00:00+00:00, run_after=2026-04-26 00:00:00+00:00
[2026-04-26T23:15:21.936+0000] {logging_mixin.py:188} INFO - [2026-04-26T23:15:21.936+0000] {dag.py:3954} INFO - Setting next_dagrun for example_branch_datetime_operator_2 to 2026-04-25 00:00:00+00:00, run_after=2026-04-26 00:00:00+00:00
[2026-04-26T23:15:21.937+0000] {logging_mixin.py:188} INFO - [2026-04-26T23:15:21.937+0000] {dag.py:3954} INFO - Setting next_dagrun for example_branch_datetime_operator_3 to 2026-04-25 00:00:00+00:00, run_after=2026-04-26 00:00:00+00:00
[2026-04-26T23:15:21.952+0000] {processor.py:183} INFO - Processing /home/airflow/.local/lib/python3.12/site-packages/airflow/example_dags/example_branch_datetime_operator.py took 0.061 seconds
[2026-04-26T23:15:52.140+0000] {processor.py:161} INFO - Started process (PID=923) to work on /home/airflow/.local/lib/python3.12/site-packages/airflow/example_dags/example_branch_datetime_operator.py
[2026-04-26T23:15:52.153+0000] {processor.py:830} INFO - Processing file /home/airflow/.local/lib/python3.12/site-packages/airflow/example_dags/example_branch_datetime_operator.py for tasks to queue
[2026-04-26T23:15:52.154+0000] {logging_mixin.py:188} INFO - [2026-04-26T23:15:52.154+0000] {dagbag.py:545} INFO - Filling up the DagBag from /home/airflow/.local/lib/python3.12/site-packages/airflow/example_dags/example_branch_datetime_operator.py
[2026-04-26T23:15:52.162+0000] {processor.py:840} INFO - DAG(s) 'example_branch_datetime_operator_2', 'example_branch_datetime_operator', 'example_branch_datetime_operator_3' retrieved from /home/airflow/.local/lib/python3.12/site-packages/airflow/example_dags/example_branch_datetime_operator.py
[2026-04-26T23:15:52.180+0000] {logging_mixin.py:188} INFO - [2026-04-26T23:15:52.180+0000] {dag.py:3096} INFO - Sync 3 DAGs
[2026-04-26T23:15:52.196+0000] {logging_mixin.py:188} INFO - [2026-04-26T23:15:52.196+0000] {dag.py:3954} INFO - Setting next_dagrun for example_branch_datetime_operator to 2026-04-25 00:00:00+00:00, run_after=2026-04-26 00:00:00+00:00
[2026-04-26T23:15:52.199+0000] {logging_mixin.py:188} INFO - [2026-04-26T23:15:52.199+0000] {dag.py:3954} INFO - Setting next_dagrun for example_branch_datetime_operator_2 to 2026-04-25 00:00:00+00:00, run_after=2026-04-26 00:00:00+00:00
[2026-04-26T23:15:52.201+0000] {logging_mixin.py:188} INFO - [2026-04-26T23:15:52.201+0000] {dag.py:3954} INFO - Setting next_dagrun for example_branch_datetime_operator_3 to 2026-04-25 00:00:00+00:00, run_after=2026-04-26 00:00:00+00:00
[2026-04-26T23:15:52.212+0000] {processor.py:183} INFO - Processing /home/airflow/.local/lib/python3.12/site-packages/airflow/example_dags/example_branch_datetime_operator.py took 0.077 seconds
[2026-04-26T23:16:22.309+0000] {processor.py:161} INFO - Started process (PID=981) to work on /home/airflow/.local/lib/python3.12/site-packages/airflow/example_dags/example_branch_datetime_operator.py
[2026-04-26T23:16:22.310+0000] {processor.py:830} INFO - Processing file /home/airflow/.local/lib/python3.12/site-packages/airflow/example_dags/example_branch_datetime_operator.py for tasks to queue
[2026-04-26T23:16:22.311+0000] {logging_mixin.py:188} INFO - [2026-04-26T23:16:22.311+0000] {dagbag.py:545} INFO - Filling up the DagBag from /home/airflow/.local/lib/python3.12/site-packages/airflow/example_dags/example_branch_datetime_operator.py
[2026-04-26T23:16:22.319+0000] {processor.py:840} INFO - DAG(s) 'example_branch_datetime_operator_2', 'example_branch_datetime_operator_3', 'example_branch_datetime_operator' retrieved from /home/airflow/.local/lib/python3.12/site-packages/airflow/example_dags/example_branch_datetime_operator.py
[2026-04-26T23:16:22.340+0000] {logging_mixin.py:188} INFO - [2026-04-26T23:16:22.340+0000] {dag.py:3096} INFO - Sync 3 DAGs
[2026-04-26T23:16:22.357+0000] {logging_mixin.py:188} INFO - [2026-04-26T23:16:22.357+0000] {dag.py:3954} INFO - Setting next_dagrun for example_branch_datetime_operator to 2026-04-25 00:00:00+00:00, run_after=2026-04-26 00:00:00+00:00
[2026-04-26T23:16:22.360+0000] {logging_mixin.py:188} INFO - [2026-04-26T23:16:22.360+0000] {dag.py:3954} INFO - Setting next_dagrun for example_branch_datetime_operator_2 to 2026-04-25 00:00:00+00:00, run_after=2026-04-26 00:00:00+00:00
[2026-04-26T23:16:22.362+0000] {logging_mixin.py:188} INFO - [2026-04-26T23:16:22.362+0000] {dag.py:3954} INFO - Setting next_dagrun for example_branch_datetime_operator_3 to 2026-04-25 00:00:00+00:00, run_after=2026-04-26 00:00:00+00:00
[2026-04-26T23:16:22.380+0000] {processor.py:183} INFO - Processing /home/airflow/.local/lib/python3.12/site-packages/airflow/example_dags/example_branch_datetime_operator.py took 0.075 seconds
[2026-04-26T23:16:52.452+0000] {processor.py:161} INFO - Started process (PID=1039) to work on /home/airflow/.local/lib/python3.12/site-packages/airflow/example_dags/example_branch_datetime_operator.py
[2026-04-26T23:16:52.467+0000] {processor.py:830} INFO - Processing file /home/airflow/.local/lib/python3.12/site-packages/airflow/example_dags/example_branch_datetime_operator.py for tasks to queue
[2026-04-26T23:16:52.469+0000] {logging_mixin.py:188} INFO - [2026-04-26T23:16:52.468+0000] {dagbag.py:545} INFO - Filling up the DagBag from /home/airflow/.local/lib/python3.12/site-packages/airflow/example_dags/example_branch_datetime_operator.py
[2026-04-26T23:16:52.476+0000] {processor.py:840} INFO - DAG(s) 'example_branch_datetime_operator', 'example_branch_datetime_operator_3', 'example_branch_datetime_operator_2' retrieved from /home/airflow/.local/lib/python3.12/site-packages/airflow/example_dags/example_branch_datetime_operator.py
[2026-04-26T23:16:52.494+0000] {logging_mixin.py:188} INFO - [2026-04-26T23:16:52.494+0000] {dag.py:3096} INFO - Sync 3 DAGs
[2026-04-26T23:16:52.510+0000] {logging_mixin.py:188} INFO - [2026-04-26T23:16:52.509+0000] {dag.py:3954} INFO - Setting next_dagrun for example_branch_datetime_operator to 2026-04-25 00:00:00+00:00, run_after=2026-04-26 00:00:00+00:00
[2026-04-26T23:16:52.513+0000] {logging_mixin.py:188} INFO - [2026-04-26T23:16:52.513+0000] {dag.py:3954} INFO - Setting next_dagrun for example_branch_datetime_operator_2 to 2026-04-25 00:00:00+00:00, run_after=2026-04-26 00:00:00+00:00
[2026-04-26T23:16:52.514+0000] {logging_mixin.py:188} INFO - [2026-04-26T23:16:52.514+0000] {dag.py:3954} INFO - Setting next_dagrun for example_branch_datetime_operator_3 to 2026-04-25 00:00:00+00:00, run_after=2026-04-26 00:00:00+00:00
[2026-04-26T23:16:52.524+0000] {processor.py:183} INFO - Processing /home/airflow/.local/lib/python3.12/site-packages/airflow/example_dags/example_branch_datetime_operator.py took 0.077 seconds
[2026-04-26T23:17:22.731+0000] {processor.py:161} INFO - Started process (PID=1097) to work on /home/airflow/.local/lib/python3.12/site-packages/airflow/example_dags/example_branch_datetime_operator.py
[2026-04-26T23:17:22.732+0000] {processor.py:830} INFO - Processing file /home/airflow/.local/lib/python3.12/site-packages/airflow/example_dags/example_branch_datetime_operator.py for tasks to queue
[2026-04-26T23:17:22.733+0000] {logging_mixin.py:188} INFO - [2026-04-26T23:17:22.733+0000] {dagbag.py:545} INFO - Filling up the DagBag from /home/airflow/.local/lib/python3.12/site-packages/airflow/example_dags/example_branch_datetime_operator.py
[2026-04-26T23:17:22.741+0000] {processor.py:840} INFO - DAG(s) 'example_branch_datetime_operator', 'example_branch_datetime_operator_3', 'example_branch_datetime_operator_2' retrieved from /home/airflow/.local/lib/python3.12/site-packages/airflow/example_dags/example_branch_datetime_operator.py
[2026-04-26T23:17:22.761+0000] {logging_mixin.py:188} INFO - [2026-04-26T23:17:22.761+0000] {dag.py:3096} INFO - Sync 3 DAGs
[2026-04-26T23:17:22.778+0000] {logging_mixin.py:188} INFO - [2026-04-26T23:17:22.778+0000] {dag.py:3954} INFO - Setting next_dagrun for example_branch_datetime_operator to 2026-04-25 00:00:00+00:00, run_after=2026-04-26 00:00:00+00:00
[2026-04-26T23:17:22.781+0000] {logging_mixin.py:188} INFO - [2026-04-26T23:17:22.781+0000] {dag.py:3954} INFO - Setting next_dagrun for example_branch_datetime_operator_2 to 2026-04-25 00:00:00+00:00, run_after=2026-04-26 00:00:00+00:00
[2026-04-26T23:17:22.783+0000] {logging_mixin.py:188} INFO - [2026-04-26T23:17:22.783+0000] {dag.py:3954} INFO - Setting next_dagrun for example_branch_datetime_operator_3 to 2026-04-25 00:00:00+00:00, run_after=2026-04-26 00:00:00+00:00
[2026-04-26T23:17:22.799+0000] {processor.py:183} INFO - Processing /home/airflow/.local/lib/python3.12/site-packages/airflow/example_dags/example_branch_datetime_operator.py took 0.072 seconds
[2026-04-26T23:17:52.999+0000] {processor.py:161} INFO - Started process (PID=1155) to work on /home/airflow/.local/lib/python3.12/site-packages/airflow/example_dags/example_branch_datetime_operator.py
[2026-04-26T23:17:53.016+0000] {processor.py:830} INFO - Processing file /home/airflow/.local/lib/python3.12/site-packages/airflow/example_dags/example_branch_datetime_operator.py for tasks to queue
[2026-04-26T23:17:53.017+0000] {logging_mixin.py:188} INFO - [2026-04-26T23:17:53.017+0000] {dagbag.py:545} INFO - Filling up the DagBag from /home/airflow/.local/lib/python3.12/site-packages/airflow/example_dags/example_branch_datetime_operator.py
[2026-04-26T23:17:53.025+0000] {processor.py:840} INFO - DAG(s) 'example_branch_datetime_operator_2', 'example_branch_datetime_operator_3', 'example_branch_datetime_operator' retrieved from /home/airflow/.local/lib/python3.12/site-packages/airflow/example_dags/example_branch_datetime_operator.py
[2026-04-26T23:17:53.043+0000] {logging_mixin.py:188} INFO - [2026-04-26T23:17:53.043+0000] {dag.py:3096} INFO - Sync 3 DAGs
[2026-04-26T23:17:53.060+0000] {logging_mixin.py:188} INFO - [2026-04-26T23:17:53.059+0000] {dag.py:3954} INFO - Setting next_dagrun for example_branch_datetime_operator to 2026-04-25 00:00:00+00:00, run_after=2026-04-26 00:00:00+00:00
[2026-04-26T23:17:53.063+0000] {logging_mixin.py:188} INFO - [2026-04-26T23:17:53.063+0000] {dag.py:3954} INFO - Setting next_dagrun for example_branch_datetime_operator_2 to 2026-04-25 00:00:00+00:00, run_after=2026-04-26 00:00:00+00:00
[2026-04-26T23:17:53.065+0000] {logging_mixin.py:188} INFO - [2026-04-26T23:17:53.064+0000] {dag.py:3954} INFO - Setting next_dagrun for example_branch_datetime_operator_3 to 2026-04-25 00:00:00+00:00, run_after=2026-04-26 00:00:00+00:00
[2026-04-26T23:17:53.076+0000] {processor.py:183} INFO - Processing /home/airflow/.local/lib/python3.12/site-packages/airflow/example_dags/example_branch_datetime_operator.py took 0.081 seconds
[2026-04-26T23:18:24.055+0000] {processor.py:161} INFO - Started process (PID=1214) to work on /home/airflow/.local/lib/python3.12/site-packages/airflow/example_dags/example_branch_datetime_operator.py
[2026-04-26T23:18:24.055+0000] {processor.py:830} INFO - Processing file /home/airflow/.local/lib/python3.12/site-packages/airflow/example_dags/example_branch_datetime_operator.py for tasks to queue
[2026-04-26T23:18:24.057+0000] {logging_mixin.py:188} INFO - [2026-04-26T23:18:24.056+0000] {dagbag.py:545} INFO - Filling up the DagBag from /home/airflow/.local/lib/python3.12/site-packages/airflow/example_dags/example_branch_datetime_operator.py
[2026-04-26T23:18:24.064+0000] {processor.py:840} INFO - DAG(s) 'example_branch_datetime_operator_3', 'example_branch_datetime_operator', 'example_branch_datetime_operator_2' retrieved from /home/airflow/.local/lib/python3.12/site-packages/airflow/example_dags/example_branch_datetime_operator.py
[2026-04-26T23:18:24.083+0000] {logging_mixin.py:188} INFO - [2026-04-26T23:18:24.083+0000] {dag.py:3096} INFO - Sync 3 DAGs
[2026-04-26T23:18:24.099+0000] {logging_mixin.py:188} INFO - [2026-04-26T23:18:24.099+0000] {dag.py:3954} INFO - Setting next_dagrun for example_branch_datetime_operator to 2026-04-25 00:00:00+00:00, run_after=2026-04-26 00:00:00+00:00
[2026-04-26T23:18:24.103+0000] {logging_mixin.py:188} INFO - [2026-04-26T23:18:24.103+0000] {dag.py:3954} INFO - Setting next_dagrun for example_branch_datetime_operator_2 to 2026-04-25 00:00:00+00:00, run_after=2026-04-26 00:00:00+00:00
[2026-04-26T23:18:24.104+0000] {logging_mixin.py:188} INFO - [2026-04-26T23:18:24.104+0000] {dag.py:3954} INFO - Setting next_dagrun for example_branch_datetime_operator_3 to 2026-04-25 00:00:00+00:00, run_after=2026-04-26 00:00:00+00:00
[2026-04-26T23:18:24.118+0000] {processor.py:183} INFO - Processing /home/airflow/.local/lib/python3.12/site-packages/airflow/example_dags/example_branch_datetime_operator.py took 0.068 seconds
[2026-04-26T23:18:54.581+0000] {processor.py:161} INFO - Started process (PID=1273) to work on /home/airflow/.local/lib/python3.12/site-packages/airflow/example_dags/example_branch_datetime_operator.py
[2026-04-26T23:18:54.598+0000] {processor.py:830} INFO - Processing file /home/airflow/.local/lib/python3.12/site-packages/airflow/example_dags/example_branch_datetime_operator.py for tasks to queue
[2026-04-26T23:18:54.600+0000] {logging_mixin.py:188} INFO - [2026-04-26T23:18:54.600+0000] {dagbag.py:545} INFO - Filling up the DagBag from /home/airflow/.local/lib/python3.12/site-packages/airflow/example_dags/example_branch_datetime_operator.py
[2026-04-26T23:18:54.608+0000] {processor.py:840} INFO - DAG(s) 'example_branch_datetime_operator_2', 'example_branch_datetime_operator', 'example_branch_datetime_operator_3' retrieved from /home/airflow/.local/lib/python3.12/site-packages/airflow/example_dags/example_branch_datetime_operator.py
[2026-04-26T23:18:54.625+0000] {logging_mixin.py:188} INFO - [2026-04-26T23:18:54.625+0000] {dag.py:3096} INFO - Sync 3 DAGs
[2026-04-26T23:18:54.641+0000] {logging_mixin.py:188} INFO - [2026-04-26T23:18:54.641+0000] {dag.py:3954} INFO - Setting next_dagrun for example_branch_datetime_operator to 2026-04-25 00:00:00+00:00, run_after=2026-04-26 00:00:00+00:00
[2026-04-26T23:18:54.645+0000] {logging_mixin.py:188} INFO - [2026-04-26T23:18:54.645+0000] {dag.py:3954} INFO - Setting next_dagrun for example_branch_datetime_operator_2 to 2026-04-25 00:00:00+00:00, run_after=2026-04-26 00:00:00+00:00
[2026-04-26T23:18:54.646+0000] {logging_mixin.py:188} INFO - [2026-04-26T23:18:54.646+0000] {dag.py:3954} INFO - Setting next_dagrun for example_branch_datetime_operator_3 to 2026-04-25 00:00:00+00:00, run_after=2026-04-26 00:00:00+00:00
[2026-04-26T23:18:54.659+0000] {processor.py:183} INFO - Processing /home/airflow/.local/lib/python3.12/site-packages/airflow/example_dags/example_branch_datetime_operator.py took 0.083 seconds
[2026-04-26T23:19:24.957+0000] {processor.py:161} INFO - Started process (PID=1332) to work on /home/airflow/.local/lib/python3.12/site-packages/airflow/example_dags/example_branch_datetime_operator.py
[2026-04-26T23:19:24.958+0000] {processor.py:830} INFO - Processing file /home/airflow/.local/lib/python3.12/site-packages/airflow/example_dags/example_branch_datetime_operator.py for tasks to queue
[2026-04-26T23:19:24.959+0000] {logging_mixin.py:188} INFO - [2026-04-26T23:19:24.959+0000] {dagbag.py:545} INFO - Filling up the DagBag from /home/airflow/.local/lib/python3.12/site-packages/airflow/example_dags/example_branch_datetime_operator.py
[2026-04-26T23:19:24.968+0000] {processor.py:840} INFO - DAG(s) 'example_branch_datetime_operator', 'example_branch_datetime_operator_3', 'example_branch_datetime_operator_2' retrieved from /home/airflow/.local/lib/python3.12/site-packages/airflow/example_dags/example_branch_datetime_operator.py
[2026-04-26T23:19:24.988+0000] {logging_mixin.py:188} INFO - [2026-04-26T23:19:24.987+0000] {dag.py:3096} INFO - Sync 3 DAGs
[2026-04-26T23:19:25.004+0000] {logging_mixin.py:188} INFO - [2026-04-26T23:19:25.004+0000] {dag.py:3954} INFO - Setting next_dagrun for example_branch_datetime_operator to 2026-04-25 00:00:00+00:00, run_after=2026-04-26 00:00:00+00:00
[2026-04-26T23:19:25.007+0000] {logging_mixin.py:188} INFO - [2026-04-26T23:19:25.007+0000] {dag.py:3954} INFO - Setting next_dagrun for example_branch_datetime_operator_2 to 2026-04-25 00:00:00+00:00, run_after=2026-04-26 00:00:00+00:00
[2026-04-26T23:19:25.009+0000] {logging_mixin.py:188} INFO - [2026-04-26T23:19:25.009+0000] {dag.py:3954} INFO - Setting next_dagrun for example_branch_datetime_operator_3 to 2026-04-25 00:00:00+00:00, run_after=2026-04-26 00:00:00+00:00
[2026-04-26T23:19:25.020+0000] {processor.py:183} INFO - Processing /home/airflow/.local/lib/python3.12/site-packages/airflow/example_dags/example_branch_datetime_operator.py took 0.068 seconds
[2026-04-26T23:19:55.230+0000] {processor.py:161} INFO - Started process (PID=1391) to work on /home/airflow/.local/lib/python3.12/site-packages/airflow/example_dags/example_branch_datetime_operator.py
[2026-04-26T23:19:55.248+0000] {processor.py:830} INFO - Processing file /home/airflow/.local/lib/python3.12/site-packages/airflow/example_dags/example_branch_datetime_operator.py for tasks to queue
[2026-04-26T23:19:55.250+0000] {logging_mixin.py:188} INFO - [2026-04-26T23:19:55.249+0000] {dagbag.py:545} INFO - Filling up the DagBag from /home/airflow/.local/lib/python3.12/site-packages/airflow/example_dags/example_branch_datetime_operator.py
[2026-04-26T23:19:55.258+0000] {processor.py:840} INFO - DAG(s) 'example_branch_datetime_operator_3', 'example_branch_datetime_operator_2', 'example_branch_datetime_operator' retrieved from /home/airflow/.local/lib/python3.12/site-packages/airflow/example_dags/example_branch_datetime_operator.py
[2026-04-26T23:19:55.276+0000] {logging_mixin.py:188} INFO - [2026-04-26T23:19:55.276+0000] {dag.py:3096} INFO - Sync 3 DAGs
[2026-04-26T23:19:55.292+0000] {logging_mixin.py:188} INFO - [2026-04-26T23:19:55.292+0000] {dag.py:3954} INFO - Setting next_dagrun for example_branch_datetime_operator to 2026-04-25 00:00:00+00:00, run_after=2026-04-26 00:00:00+00:00
[2026-04-26T23:19:55.295+0000] {logging_mixin.py:188} INFO - [2026-04-26T23:19:55.295+0000] {dag.py:3954} INFO - Setting next_dagrun for example_branch_datetime_operator_2 to 2026-04-25 00:00:00+00:00, run_after=2026-04-26 00:00:00+00:00
[2026-04-26T23:19:55.297+0000] {logging_mixin.py:188} INFO - [2026-04-26T23:19:55.297+0000] {dag.py:3954} INFO - Setting next_dagrun for example_branch_datetime_operator_3 to 2026-04-25 00:00:00+00:00, run_after=2026-04-26 00:00:00+00:00
[2026-04-26T23:19:55.307+0000] {processor.py:183} INFO - Processing /home/airflow/.local/lib/python3.12/site-packages/airflow/example_dags/example_branch_datetime_operator.py took 0.082 seconds
[2026-04-26T23:20:25.502+0000] {processor.py:161} INFO - Started process (PID=1450) to work on /home/airflow/.local/lib/python3.12/site-packages/airflow/example_dags/example_branch_datetime_operator.py
[2026-04-26T23:20:25.502+0000] {processor.py:830} INFO - Processing file /home/airflow/.local/lib/python3.12/site-packages/airflow/example_dags/example_branch_datetime_operator.py for tasks to queue
[2026-04-26T23:20:25.504+0000] {logging_mixin.py:188} INFO - [2026-04-26T23:20:25.503+0000] {dagbag.py:545} INFO - Filling up the DagBag from /home/airflow/.local/lib/python3.12/site-packages/airflow/example_dags/example_branch_datetime_operator.py
[2026-04-26T23:20:25.511+0000] {processor.py:840} INFO - DAG(s) 'example_branch_datetime_operator_2', 'example_branch_datetime_operator_3', 'example_branch_datetime_operator' retrieved from /home/airflow/.local/lib/python3.12/site-packages/airflow/example_dags/example_branch_datetime_operator.py
[2026-04-26T23:20:25.531+0000] {logging_mixin.py:188} INFO - [2026-04-26T23:20:25.531+0000] {dag.py:3096} INFO - Sync 3 DAGs
[2026-04-26T23:20:25.548+0000] {logging_mixin.py:188} INFO - [2026-04-26T23:20:25.548+0000] {dag.py:3954} INFO - Setting next_dagrun for example_branch_datetime_operator to 2026-04-25 00:00:00+00:00, run_after=2026-04-26 00:00:00+00:00
[2026-04-26T23:20:25.551+0000] {logging_mixin.py:188} INFO - [2026-04-26T23:20:25.551+0000] {dag.py:3954} INFO - Setting next_dagrun for example_branch_datetime_operator_2 to 2026-04-25 00:00:00+00:00, run_after=2026-04-26 00:00:00+00:00
[2026-04-26T23:20:25.553+0000] {logging_mixin.py:188} INFO - [2026-04-26T23:20:25.553+0000] {dag.py:3954} INFO - Setting next_dagrun for example_branch_datetime_operator_3 to 2026-04-25 00:00:00+00:00, run_after=2026-04-26 00:00:00+00:00
[2026-04-26T23:20:25.568+0000] {processor.py:183} INFO - Processing /home/airflow/.local/lib/python3.12/site-packages/airflow/example_dags/example_branch_datetime_operator.py took 0.070 seconds
[2026-04-26T23:20:55.649+0000] {processor.py:161} INFO - Started process (PID=1509) to work on /home/airflow/.local/lib/python3.12/site-packages/airflow/example_dags/example_branch_datetime_operator.py
[2026-04-26T23:20:55.669+0000] {processor.py:830} INFO - Processing file /home/airflow/.local/lib/python3.12/site-packages/airflow/example_dags/example_branch_datetime_operator.py for tasks to queue
[2026-04-26T23:20:55.670+0000] {logging_mixin.py:188} INFO - [2026-04-26T23:20:55.670+0000] {dagbag.py:545} INFO - Filling up the DagBag from /home/airflow/.local/lib/python3.12/site-packages/airflow/example_dags/example_branch_datetime_operator.py
[2026-04-26T23:20:55.677+0000] {processor.py:840} INFO - DAG(s) 'example_branch_datetime_operator_3', 'example_branch_datetime_operator', 'example_branch_datetime_operator_2' retrieved from /home/airflow/.local/lib/python3.12/site-packages/airflow/example_dags/example_branch_datetime_operator.py
[2026-04-26T23:20:55.692+0000] {logging_mixin.py:188} INFO - [2026-04-26T23:20:55.692+0000] {dag.py:3096} INFO - Sync 3 DAGs
[2026-04-26T23:20:55.705+0000] {logging_mixin.py:188} INFO - [2026-04-26T23:20:55.705+0000] {dag.py:3954} INFO - Setting next_dagrun for example_branch_datetime_operator to 2026-04-25 00:00:00+00:00, run_after=2026-04-26 00:00:00+00:00
[2026-04-26T23:20:55.708+0000] {logging_mixin.py:188} INFO - [2026-04-26T23:20:55.708+0000] {dag.py:3954} INFO - Setting next_dagrun for example_branch_datetime_operator_2 to 2026-04-25 00:00:00+00:00, run_after=2026-04-26 00:00:00+00:00
[2026-04-26T23:20:55.709+0000] {logging_mixin.py:188} INFO - [2026-04-26T23:20:55.709+0000] {dag.py:3954} INFO - Setting next_dagrun for example_branch_datetime_operator_3 to 2026-04-25 00:00:00+00:00, run_after=2026-04-26 00:00:00+00:00
[2026-04-26T23:20:55.717+0000] {processor.py:183} INFO - Processing /home/airflow/.local/lib/python3.12/site-packages/airflow/example_dags/example_branch_datetime_operator.py took 0.072 seconds
[2026-04-26T23:21:25.991+0000] {processor.py:161} INFO - Started process (PID=1568) to work on /home/airflow/.local/lib/python3.12/site-packages/airflow/example_dags/example_branch_datetime_operator.py
[2026-04-26T23:21:25.991+0000] {processor.py:830} INFO - Processing file /home/airflow/.local/lib/python3.12/site-packages/airflow/example_dags/example_branch_datetime_operator.py for tasks to queue
[2026-04-26T23:21:25.993+0000] {logging_mixin.py:188} INFO - [2026-04-26T23:21:25.993+0000] {dagbag.py:545} INFO - Filling up the DagBag from /home/airflow/.local/lib/python3.12/site-packages/airflow/example_dags/example_branch_datetime_operator.py
[2026-04-26T23:21:26.000+0000] {processor.py:840} INFO - DAG(s) 'example_branch_datetime_operator_3', 'example_branch_datetime_operator', 'example_branch_datetime_operator_2' retrieved from /home/airflow/.local/lib/python3.12/site-packages/airflow/example_dags/example_branch_datetime_operator.py
[2026-04-26T23:21:26.020+0000] {logging_mixin.py:188} INFO - [2026-04-26T23:21:26.020+0000] {dag.py:3096} INFO - Sync 3 DAGs
[2026-04-26T23:21:26.036+0000] {logging_mixin.py:188} INFO - [2026-04-26T23:21:26.036+0000] {dag.py:3954} INFO - Setting next_dagrun for example_branch_datetime_operator to 2026-04-25 00:00:00+00:00, run_after=2026-04-26 00:00:00+00:00
[2026-04-26T23:21:26.040+0000] {logging_mixin.py:188} INFO - [2026-04-26T23:21:26.039+0000] {dag.py:3954} INFO - Setting next_dagrun for example_branch_datetime_operator_2 to 2026-04-25 00:00:00+00:00, run_after=2026-04-26 00:00:00+00:00
[2026-04-26T23:21:26.042+0000] {logging_mixin.py:188} INFO - [2026-04-26T23:21:26.041+0000] {dag.py:3954} INFO - Setting next_dagrun for example_branch_datetime_operator_3 to 2026-04-25 00:00:00+00:00, run_after=2026-04-26 00:00:00+00:00
[2026-04-26T23:21:26.057+0000] {processor.py:183} INFO - Processing /home/airflow/.local/lib/python3.12/site-packages/airflow/example_dags/example_branch_datetime_operator.py took 0.070 seconds
[2026-04-26T23:21:56.957+0000] {processor.py:161} INFO - Started process (PID=1628) to work on /home/airflow/.local/lib/python3.12/site-packages/airflow/example_dags/example_branch_datetime_operator.py
[2026-04-26T23:21:56.968+0000] {processor.py:830} INFO - Processing file /home/airflow/.local/lib/python3.12/site-packages/airflow/example_dags/example_branch_datetime_operator.py for tasks to queue
[2026-04-26T23:21:56.969+0000] {logging_mixin.py:188} INFO - [2026-04-26T23:21:56.969+0000] {dagbag.py:545} INFO - Filling up the DagBag from /home/airflow/.local/lib/python3.12/site-packages/airflow/example_dags/example_branch_datetime_operator.py
[2026-04-26T23:21:56.977+0000] {processor.py:840} INFO - DAG(s) 'example_branch_datetime_operator_2', 'example_branch_datetime_operator', 'example_branch_datetime_operator_3' retrieved from /home/airflow/.local/lib/python3.12/site-packages/airflow/example_dags/example_branch_datetime_operator.py
[2026-04-26T23:21:56.995+0000] {logging_mixin.py:188} INFO - [2026-04-26T23:21:56.994+0000] {dag.py:3096} INFO - Sync 3 DAGs
[2026-04-26T23:21:57.013+0000] {logging_mixin.py:188} INFO - [2026-04-26T23:21:57.013+0000] {dag.py:3954} INFO - Setting next_dagrun for example_branch_datetime_operator to 2026-04-25 00:00:00+00:00, run_after=2026-04-26 00:00:00+00:00
[2026-04-26T23:21:57.017+0000] {logging_mixin.py:188} INFO - [2026-04-26T23:21:57.017+0000] {dag.py:3954} INFO - Setting next_dagrun for example_branch_datetime_operator_2 to 2026-04-25 00:00:00+00:00, run_after=2026-04-26 00:00:00+00:00
[2026-04-26T23:21:57.018+0000] {logging_mixin.py:188} INFO - [2026-04-26T23:21:57.018+0000] {dag.py:3954} INFO - Setting next_dagrun for example_branch_datetime_operator_3 to 2026-04-25 00:00:00+00:00, run_after=2026-04-26 00:00:00+00:00
[2026-04-26T23:21:57.028+0000] {processor.py:183} INFO - Processing /home/airflow/.local/lib/python3.12/site-packages/airflow/example_dags/example_branch_datetime_operator.py took 0.077 seconds
[2026-04-26T23:22:27.322+0000] {processor.py:161} INFO - Started process (PID=1688) to work on /home/airflow/.local/lib/python3.12/site-packages/airflow/example_dags/example_branch_datetime_operator.py
[2026-04-26T23:22:27.322+0000] {processor.py:830} INFO - Processing file /home/airflow/.local/lib/python3.12/site-packages/airflow/example_dags/example_branch_datetime_operator.py for tasks to queue
[2026-04-26T23:22:27.324+0000] {logging_mixin.py:188} INFO - [2026-04-26T23:22:27.324+0000] {dagbag.py:545} INFO - Filling up the DagBag from /home/airflow/.local/lib/python3.12/site-packages/airflow/example_dags/example_branch_datetime_operator.py
[2026-04-26T23:22:27.332+0000] {processor.py:840} INFO - DAG(s) 'example_branch_datetime_operator', 'example_branch_datetime_operator_2', 'example_branch_datetime_operator_3' retrieved from /home/airflow/.local/lib/python3.12/site-packages/airflow/example_dags/example_branch_datetime_operator.py
[2026-04-26T23:22:27.351+0000] {logging_mixin.py:188} INFO - [2026-04-26T23:22:27.351+0000] {dag.py:3096} INFO - Sync 3 DAGs
[2026-04-26T23:22:27.369+0000] {logging_mixin.py:188} INFO - [2026-04-26T23:22:27.368+0000] {dag.py:3954} INFO - Setting next_dagrun for example_branch_datetime_operator to 2026-04-25 00:00:00+00:00, run_after=2026-04-26 00:00:00+00:00
[2026-04-26T23:22:27.372+0000] {logging_mixin.py:188} INFO - [2026-04-26T23:22:27.372+0000] {dag.py:3954} INFO - Setting next_dagrun for example_branch_datetime_operator_2 to 2026-04-25 00:00:00+00:00, run_after=2026-04-26 00:00:00+00:00
[2026-04-26T23:22:27.374+0000] {logging_mixin.py:188} INFO - [2026-04-26T23:22:27.374+0000] {dag.py:3954} INFO - Setting next_dagrun for example_branch_datetime_operator_3 to 2026-04-25 00:00:00+00:00, run_after=2026-04-26 00:00:00+00:00
[2026-04-26T23:22:27.386+0000] {processor.py:183} INFO - Processing /home/airflow/.local/lib/python3.12/site-packages/airflow/example_dags/example_branch_datetime_operator.py took 0.069 seconds
[2026-04-26T23:22:57.592+0000] {processor.py:161} INFO - Started process (PID=1747) to work on /home/airflow/.local/lib/python3.12/site-packages/airflow/example_dags/example_branch_datetime_operator.py
[2026-04-26T23:22:57.592+0000] {processor.py:830} INFO - Processing file /home/airflow/.local/lib/python3.12/site-packages/airflow/example_dags/example_branch_datetime_operator.py for tasks to queue
[2026-04-26T23:22:57.594+0000] {logging_mixin.py:188} INFO - [2026-04-26T23:22:57.594+0000] {dagbag.py:545} INFO - Filling up the DagBag from /home/airflow/.local/lib/python3.12/site-packages/airflow/example_dags/example_branch_datetime_operator.py
[2026-04-26T23:22:57.601+0000] {processor.py:840} INFO - DAG(s) 'example_branch_datetime_operator_3', 'example_branch_datetime_operator_2', 'example_branch_datetime_operator' retrieved from /home/airflow/.local/lib/python3.12/site-packages/airflow/example_dags/example_branch_datetime_operator.py
[2026-04-26T23:22:57.620+0000] {logging_mixin.py:188} INFO - [2026-04-26T23:22:57.620+0000] {dag.py:3096} INFO - Sync 3 DAGs
[2026-04-26T23:22:57.636+0000] {logging_mixin.py:188} INFO - [2026-04-26T23:22:57.636+0000] {dag.py:3954} INFO - Setting next_dagrun for example_branch_datetime_operator to 2026-04-25 00:00:00+00:00, run_after=2026-04-26 00:00:00+00:00
[2026-04-26T23:22:57.640+0000] {logging_mixin.py:188} INFO - [2026-04-26T23:22:57.639+0000] {dag.py:3954} INFO - Setting next_dagrun for example_branch_datetime_operator_2 to 2026-04-25 00:00:00+00:00, run_after=2026-04-26 00:00:00+00:00
[2026-04-26T23:22:57.641+0000] {logging_mixin.py:188} INFO - [2026-04-26T23:22:57.641+0000] {dag.py:3954} INFO - Setting next_dagrun for example_branch_datetime_operator_3 to 2026-04-25 00:00:00+00:00, run_after=2026-04-26 00:00:00+00:00
[2026-04-26T23:22:57.652+0000] {processor.py:183} INFO - Processing /home/airflow/.local/lib/python3.12/site-packages/airflow/example_dags/example_branch_datetime_operator.py took 0.064 seconds
[2026-04-26T23:23:27.971+0000] {processor.py:161} INFO - Started process (PID=1806) to work on /home/airflow/.local/lib/python3.12/site-packages/airflow/example_dags/example_branch_datetime_operator.py
[2026-04-26T23:23:27.972+0000] {processor.py:830} INFO - Processing file /home/airflow/.local/lib/python3.12/site-packages/airflow/example_dags/example_branch_datetime_operator.py for tasks to queue
[2026-04-26T23:23:27.973+0000] {logging_mixin.py:188} INFO - [2026-04-26T23:23:27.973+0000] {dagbag.py:545} INFO - Filling up the DagBag from /home/airflow/.local/lib/python3.12/site-packages/airflow/example_dags/example_branch_datetime_operator.py
[2026-04-26T23:23:27.981+0000] {processor.py:840} INFO - DAG(s) 'example_branch_datetime_operator_3', 'example_branch_datetime_operator', 'example_branch_datetime_operator_2' retrieved from /home/airflow/.local/lib/python3.12/site-packages/airflow/example_dags/example_branch_datetime_operator.py
[2026-04-26T23:23:28.000+0000] {logging_mixin.py:188} INFO - [2026-04-26T23:23:28.000+0000] {dag.py:3096} INFO - Sync 3 DAGs
[2026-04-26T23:23:28.131+0000] {logging_mixin.py:188} INFO - [2026-04-26T23:23:28.131+0000] {dag.py:3954} INFO - Setting next_dagrun for example_branch_datetime_operator to 2026-04-25 00:00:00+00:00, run_after=2026-04-26 00:00:00+00:00
[2026-04-26T23:23:28.134+0000] {logging_mixin.py:188} INFO - [2026-04-26T23:23:28.134+0000] {dag.py:3954} INFO - Setting next_dagrun for example_branch_datetime_operator_2 to 2026-04-25 00:00:00+00:00, run_after=2026-04-26 00:00:00+00:00
[2026-04-26T23:23:28.136+0000] {logging_mixin.py:188} INFO - [2026-04-26T23:23:28.136+0000] {dag.py:3954} INFO - Setting next_dagrun for example_branch_datetime_operator_3 to 2026-04-25 00:00:00+00:00, run_after=2026-04-26 00:00:00+00:00
[2026-04-26T23:23:28.150+0000] {processor.py:183} INFO - Processing /home/airflow/.local/lib/python3.12/site-packages/airflow/example_dags/example_branch_datetime_operator.py took 0.184 seconds
[2026-04-26T23:23:58.668+0000] {processor.py:161} INFO - Started process (PID=1865) to work on /home/airflow/.local/lib/python3.12/site-packages/airflow/example_dags/example_branch_datetime_operator.py
[2026-04-26T23:23:58.669+0000] {processor.py:830} INFO - Processing file /home/airflow/.local/lib/python3.12/site-packages/airflow/example_dags/example_branch_datetime_operator.py for tasks to queue
[2026-04-26T23:23:58.670+0000] {logging_mixin.py:188} INFO - [2026-04-26T23:23:58.670+0000] {dagbag.py:545} INFO - Filling up the DagBag from /home/airflow/.local/lib/python3.12/site-packages/airflow/example_dags/example_branch_datetime_operator.py
[2026-04-26T23:23:58.680+0000] {processor.py:840} INFO - DAG(s) 'example_branch_datetime_operator_2', 'example_branch_datetime_operator_3', 'example_branch_datetime_operator' retrieved from /home/airflow/.local/lib/python3.12/site-packages/airflow/example_dags/example_branch_datetime_operator.py
[2026-04-26T23:23:58.703+0000] {logging_mixin.py:188} INFO - [2026-04-26T23:23:58.703+0000] {dag.py:3096} INFO - Sync 3 DAGs
[2026-04-26T23:23:58.722+0000] {logging_mixin.py:188} INFO - [2026-04-26T23:23:58.721+0000] {dag.py:3954} INFO - Setting next_dagrun for example_branch_datetime_operator to 2026-04-25 00:00:00+00:00, run_after=2026-04-26 00:00:00+00:00
[2026-04-26T23:23:58.725+0000] {logging_mixin.py:188} INFO - [2026-04-26T23:23:58.725+0000] {dag.py:3954} INFO - Setting next_dagrun for example_branch_datetime_operator_2 to 2026-04-25 00:00:00+00:00, run_after=2026-04-26 00:00:00+00:00
[2026-04-26T23:23:58.727+0000] {logging_mixin.py:188} INFO - [2026-04-26T23:23:58.726+0000] {dag.py:3954} INFO - Setting next_dagrun for example_branch_datetime_operator_3 to 2026-04-25 00:00:00+00:00, run_after=2026-04-26 00:00:00+00:00
[2026-04-26T23:23:58.739+0000] {processor.py:183} INFO - Processing /home/airflow/.local/lib/python3.12/site-packages/airflow/example_dags/example_branch_datetime_operator.py took 0.076 seconds
[2026-04-26T23:24:29.282+0000] {processor.py:161} INFO - Started process (PID=1925) to work on /home/airflow/.local/lib/python3.12/site-packages/airflow/example_dags/example_branch_datetime_operator.py
[2026-04-26T23:24:29.290+0000] {processor.py:830} INFO - Processing file /home/airflow/.local/lib/python3.12/site-packages/airflow/example_dags/example_branch_datetime_operator.py for tasks to queue
[2026-04-26T23:24:29.291+0000] {logging_mixin.py:188} INFO - [2026-04-26T23:24:29.291+0000] {dagbag.py:545} INFO - Filling up the DagBag from /home/airflow/.local/lib/python3.12/site-packages/airflow/example_dags/example_branch_datetime_operator.py
[2026-04-26T23:24:29.297+0000] {processor.py:840} INFO - DAG(s) 'example_branch_datetime_operator', 'example_branch_datetime_operator_3', 'example_branch_datetime_operator_2' retrieved from /home/airflow/.local/lib/python3.12/site-packages/airflow/example_dags/example_branch_datetime_operator.py
[2026-04-26T23:24:29.312+0000] {logging_mixin.py:188} INFO - [2026-04-26T23:24:29.312+0000] {dag.py:3096} INFO - Sync 3 DAGs
[2026-04-26T23:24:29.325+0000] {logging_mixin.py:188} INFO - [2026-04-26T23:24:29.325+0000] {dag.py:3954} INFO - Setting next_dagrun for example_branch_datetime_operator to 2026-04-25 00:00:00+00:00, run_after=2026-04-26 00:00:00+00:00
[2026-04-26T23:24:29.328+0000] {logging_mixin.py:188} INFO - [2026-04-26T23:24:29.328+0000] {dag.py:3954} INFO - Setting next_dagrun for example_branch_datetime_operator_2 to 2026-04-25 00:00:00+00:00, run_after=2026-04-26 00:00:00+00:00
[2026-04-26T23:24:29.330+0000] {logging_mixin.py:188} INFO - [2026-04-26T23:24:29.330+0000] {dag.py:3954} INFO - Setting next_dagrun for example_branch_datetime_operator_3 to 2026-04-25 00:00:00+00:00, run_after=2026-04-26 00:00:00+00:00
[2026-04-26T23:24:29.340+0000] {processor.py:183} INFO - Processing /home/airflow/.local/lib/python3.12/site-packages/airflow/example_dags/example_branch_datetime_operator.py took 0.062 seconds
[2026-04-26T23:25:00.156+0000] {processor.py:161} INFO - Started process (PID=1985) to work on /home/airflow/.local/lib/python3.12/site-packages/airflow/example_dags/example_branch_datetime_operator.py
[2026-04-26T23:25:00.156+0000] {processor.py:830} INFO - Processing file /home/airflow/.local/lib/python3.12/site-packages/airflow/example_dags/example_branch_datetime_operator.py for tasks to queue
[2026-04-26T23:25:00.158+0000] {logging_mixin.py:188} INFO - [2026-04-26T23:25:00.158+0000] {dagbag.py:545} INFO - Filling up the DagBag from /home/airflow/.local/lib/python3.12/site-packages/airflow/example_dags/example_branch_datetime_operator.py
[2026-04-26T23:25:00.165+0000] {processor.py:840} INFO - DAG(s) 'example_branch_datetime_operator', 'example_branch_datetime_operator_2', 'example_branch_datetime_operator_3' retrieved from /home/airflow/.local/lib/python3.12/site-packages/airflow/example_dags/example_branch_datetime_operator.py
[2026-04-26T23:25:00.183+0000] {logging_mixin.py:188} INFO - [2026-04-26T23:25:00.183+0000] {dag.py:3096} INFO - Sync 3 DAGs
[2026-04-26T23:25:00.198+0000] {logging_mixin.py:188} INFO - [2026-04-26T23:25:00.198+0000] {dag.py:3954} INFO - Setting next_dagrun for example_branch_datetime_operator to 2026-04-25 00:00:00+00:00, run_after=2026-04-26 00:00:00+00:00
[2026-04-26T23:25:00.201+0000] {logging_mixin.py:188} INFO - [2026-04-26T23:25:00.201+0000] {dag.py:3954} INFO - Setting next_dagrun for example_branch_datetime_operator_2 to 2026-04-25 00:00:00+00:00, run_after=2026-04-26 00:00:00+00:00
[2026-04-26T23:25:00.202+0000] {logging_mixin.py:188} INFO - [2026-04-26T23:25:00.202+0000] {dag.py:3954} INFO - Setting next_dagrun for example_branch_datetime_operator_3 to 2026-04-25 00:00:00+00:00, run_after=2026-04-26 00:00:00+00:00
[2026-04-26T23:25:00.213+0000] {processor.py:183} INFO - Processing /home/airflow/.local/lib/python3.12/site-packages/airflow/example_dags/example_branch_datetime_operator.py took 0.062 seconds
[2026-04-26T23:25:30.937+0000] {processor.py:161} INFO - Started process (PID=2044) to work on /home/airflow/.local/lib/python3.12/site-packages/airflow/example_dags/example_branch_datetime_operator.py
[2026-04-26T23:25:30.947+0000] {processor.py:830} INFO - Processing file /home/airflow/.local/lib/python3.12/site-packages/airflow/example_dags/example_branch_datetime_operator.py for tasks to queue
[2026-04-26T23:25:30.948+0000] {logging_mixin.py:188} INFO - [2026-04-26T23:25:30.948+0000] {dagbag.py:545} INFO - Filling up the DagBag from /home/airflow/.local/lib/python3.12/site-packages/airflow/example_dags/example_branch_datetime_operator.py
[2026-04-26T23:25:30.955+0000] {processor.py:840} INFO - DAG(s) 'example_branch_datetime_operator_2', 'example_branch_datetime_operator_3', 'example_branch_datetime_operator' retrieved from /home/airflow/.local/lib/python3.12/site-packages/airflow/example_dags/example_branch_datetime_operator.py
[2026-04-26T23:25:30.971+0000] {logging_mixin.py:188} INFO - [2026-04-26T23:25:30.971+0000] {dag.py:3096} INFO - Sync 3 DAGs
[2026-04-26T23:25:30.986+0000] {logging_mixin.py:188} INFO - [2026-04-26T23:25:30.986+0000] {dag.py:3954} INFO - Setting next_dagrun for example_branch_datetime_operator to 2026-04-25 00:00:00+00:00, run_after=2026-04-26 00:00:00+00:00
[2026-04-26T23:25:30.989+0000] {logging_mixin.py:188} INFO - [2026-04-26T23:25:30.989+0000] {dag.py:3954} INFO - Setting next_dagrun for example_branch_datetime_operator_2 to 2026-04-25 00:00:00+00:00, run_after=2026-04-26 00:00:00+00:00
[2026-04-26T23:25:30.990+0000] {logging_mixin.py:188} INFO - [2026-04-26T23:25:30.990+0000] {dag.py:3954} INFO - Setting next_dagrun for example_branch_datetime_operator_3 to 2026-04-25 00:00:00+00:00, run_after=2026-04-26 00:00:00+00:00
[2026-04-26T23:25:30.998+0000] {processor.py:183} INFO - Processing /home/airflow/.local/lib/python3.12/site-packages/airflow/example_dags/example_branch_datetime_operator.py took 0.064 seconds
[2026-04-26T23:26:01.650+0000] {processor.py:161} INFO - Started process (PID=2103) to work on /home/airflow/.local/lib/python3.12/site-packages/airflow/example_dags/example_branch_datetime_operator.py
[2026-04-26T23:26:01.650+0000] {processor.py:830} INFO - Processing file /home/airflow/.local/lib/python3.12/site-packages/airflow/example_dags/example_branch_datetime_operator.py for tasks to queue
[2026-04-26T23:26:01.651+0000] {logging_mixin.py:188} INFO - [2026-04-26T23:26:01.651+0000] {dagbag.py:545} INFO - Filling up the DagBag from /home/airflow/.local/lib/python3.12/site-packages/airflow/example_dags/example_branch_datetime_operator.py
[2026-04-26T23:26:01.659+0000] {processor.py:840} INFO - DAG(s) 'example_branch_datetime_operator_2', 'example_branch_datetime_operator', 'example_branch_datetime_operator_3' retrieved from /home/airflow/.local/lib/python3.12/site-packages/airflow/example_dags/example_branch_datetime_operator.py
[2026-04-26T23:26:01.679+0000] {logging_mixin.py:188} INFO - [2026-04-26T23:26:01.678+0000] {dag.py:3096} INFO - Sync 3 DAGs
[2026-04-26T23:26:01.696+0000] {logging_mixin.py:188} INFO - [2026-04-26T23:26:01.696+0000] {dag.py:3954} INFO - Setting next_dagrun for example_branch_datetime_operator to 2026-04-25 00:00:00+00:00, run_after=2026-04-26 00:00:00+00:00
[2026-04-26T23:26:01.700+0000] {logging_mixin.py:188} INFO - [2026-04-26T23:26:01.700+0000] {dag.py:3954} INFO - Setting next_dagrun for example_branch_datetime_operator_2 to 2026-04-25 00:00:00+00:00, run_after=2026-04-26 00:00:00+00:00
[2026-04-26T23:26:01.701+0000] {logging_mixin.py:188} INFO - [2026-04-26T23:26:01.701+0000] {dag.py:3954} INFO - Setting next_dagrun for example_branch_datetime_operator_3 to 2026-04-25 00:00:00+00:00, run_after=2026-04-26 00:00:00+00:00
[2026-04-26T23:26:01.711+0000] {processor.py:183} INFO - Processing /home/airflow/.local/lib/python3.12/site-packages/airflow/example_dags/example_branch_datetime_operator.py took 0.067 seconds
[2026-04-26T23:26:32.460+0000] {processor.py:161} INFO - Started process (PID=2162) to work on /home/airflow/.local/lib/python3.12/site-packages/airflow/example_dags/example_branch_datetime_operator.py
[2026-04-26T23:26:32.462+0000] {processor.py:830} INFO - Processing file /home/airflow/.local/lib/python3.12/site-packages/airflow/example_dags/example_branch_datetime_operator.py for tasks to queue
[2026-04-26T23:26:32.463+0000] {logging_mixin.py:188} INFO - [2026-04-26T23:26:32.463+0000] {dagbag.py:545} INFO - Filling up the DagBag from /home/airflow/.local/lib/python3.12/site-packages/airflow/example_dags/example_branch_datetime_operator.py
[2026-04-26T23:26:32.472+0000] {processor.py:840} INFO - DAG(s) 'example_branch_datetime_operator_2', 'example_branch_datetime_operator', 'example_branch_datetime_operator_3' retrieved from /home/airflow/.local/lib/python3.12/site-packages/airflow/example_dags/example_branch_datetime_operator.py
[2026-04-26T23:26:32.492+0000] {logging_mixin.py:188} INFO - [2026-04-26T23:26:32.492+0000] {dag.py:3096} INFO - Sync 3 DAGs
[2026-04-26T23:26:32.511+0000] {logging_mixin.py:188} INFO - [2026-04-26T23:26:32.511+0000] {dag.py:3954} INFO - Setting next_dagrun for example_branch_datetime_operator to 2026-04-25 00:00:00+00:00, run_after=2026-04-26 00:00:00+00:00
[2026-04-26T23:26:32.514+0000] {logging_mixin.py:188} INFO - [2026-04-26T23:26:32.514+0000] {dag.py:3954} INFO - Setting next_dagrun for example_branch_datetime_operator_2 to 2026-04-25 00:00:00+00:00, run_after=2026-04-26 00:00:00+00:00
[2026-04-26T23:26:32.516+0000] {logging_mixin.py:188} INFO - [2026-04-26T23:26:32.516+0000] {dag.py:3954} INFO - Setting next_dagrun for example_branch_datetime_operator_3 to 2026-04-25 00:00:00+00:00, run_after=2026-04-26 00:00:00+00:00
[2026-04-26T23:26:32.528+0000] {processor.py:183} INFO - Processing /home/airflow/.local/lib/python3.12/site-packages/airflow/example_dags/example_branch_datetime_operator.py took 0.073 seconds
[2026-04-26T23:27:03.211+0000] {processor.py:161} INFO - Started process (PID=2221) to work on /home/airflow/.local/lib/python3.12/site-packages/airflow/example_dags/example_branch_datetime_operator.py
[2026-04-26T23:27:03.226+0000] {processor.py:830} INFO - Processing file /home/airflow/.local/lib/python3.12/site-packages/airflow/example_dags/example_branch_datetime_operator.py for tasks to queue
[2026-04-26T23:27:03.227+0000] {logging_mixin.py:188} INFO - [2026-04-26T23:27:03.227+0000] {dagbag.py:545} INFO - Filling up the DagBag from /home/airflow/.local/lib/python3.12/site-packages/airflow/example_dags/example_branch_datetime_operator.py
[2026-04-26T23:27:03.235+0000] {processor.py:840} INFO - DAG(s) 'example_branch_datetime_operator', 'example_branch_datetime_operator_3', 'example_branch_datetime_operator_2' retrieved from /home/airflow/.local/lib/python3.12/site-packages/airflow/example_dags/example_branch_datetime_operator.py
[2026-04-26T23:27:03.255+0000] {logging_mixin.py:188} INFO - [2026-04-26T23:27:03.255+0000] {dag.py:3096} INFO - Sync 3 DAGs
[2026-04-26T23:27:03.274+0000] {logging_mixin.py:188} INFO - [2026-04-26T23:27:03.273+0000] {dag.py:3954} INFO - Setting next_dagrun for example_branch_datetime_operator to 2026-04-25 00:00:00+00:00, run_after=2026-04-26 00:00:00+00:00
[2026-04-26T23:27:03.277+0000] {logging_mixin.py:188} INFO - [2026-04-26T23:27:03.277+0000] {dag.py:3954} INFO - Setting next_dagrun for example_branch_datetime_operator_2 to 2026-04-25 00:00:00+00:00, run_after=2026-04-26 00:00:00+00:00
[2026-04-26T23:27:03.280+0000] {logging_mixin.py:188} INFO - [2026-04-26T23:27:03.279+0000] {dag.py:3954} INFO - Setting next_dagrun for example_branch_datetime_operator_3 to 2026-04-25 00:00:00+00:00, run_after=2026-04-26 00:00:00+00:00
[2026-04-26T23:27:03.292+0000] {processor.py:183} INFO - Processing /home/airflow/.local/lib/python3.12/site-packages/airflow/example_dags/example_branch_datetime_operator.py took 0.085 seconds
[2026-04-26T23:27:33.986+0000] {processor.py:161} INFO - Started process (PID=2280) to work on /home/airflow/.local/lib/python3.12/site-packages/airflow/example_dags/example_branch_datetime_operator.py
[2026-04-26T23:27:34.000+0000] {processor.py:830} INFO - Processing file /home/airflow/.local/lib/python3.12/site-packages/airflow/example_dags/example_branch_datetime_operator.py for tasks to queue
[2026-04-26T23:27:34.002+0000] {logging_mixin.py:188} INFO - [2026-04-26T23:27:34.001+0000] {dagbag.py:545} INFO - Filling up the DagBag from /home/airflow/.local/lib/python3.12/site-packages/airflow/example_dags/example_branch_datetime_operator.py
[2026-04-26T23:27:34.010+0000] {processor.py:840} INFO - DAG(s) 'example_branch_datetime_operator', 'example_branch_datetime_operator_2', 'example_branch_datetime_operator_3' retrieved from /home/airflow/.local/lib/python3.12/site-packages/airflow/example_dags/example_branch_datetime_operator.py
[2026-04-26T23:27:34.030+0000] {logging_mixin.py:188} INFO - [2026-04-26T23:27:34.030+0000] {dag.py:3096} INFO - Sync 3 DAGs
[2026-04-26T23:27:34.048+0000] {logging_mixin.py:188} INFO - [2026-04-26T23:27:34.048+0000] {dag.py:3954} INFO - Setting next_dagrun for example_branch_datetime_operator to 2026-04-25 00:00:00+00:00, run_after=2026-04-26 00:00:00+00:00
[2026-04-26T23:27:34.052+0000] {logging_mixin.py:188} INFO - [2026-04-26T23:27:34.052+0000] {dag.py:3954} INFO - Setting next_dagrun for example_branch_datetime_operator_2 to 2026-04-25 00:00:00+00:00, run_after=2026-04-26 00:00:00+00:00
[2026-04-26T23:27:34.053+0000] {logging_mixin.py:188} INFO - [2026-04-26T23:27:34.053+0000] {dag.py:3954} INFO - Setting next_dagrun for example_branch_datetime_operator_3 to 2026-04-25 00:00:00+00:00, run_after=2026-04-26 00:00:00+00:00
[2026-04-26T23:27:34.065+0000] {processor.py:183} INFO - Processing /home/airflow/.local/lib/python3.12/site-packages/airflow/example_dags/example_branch_datetime_operator.py took 0.085 seconds
[2026-04-26T23:28:04.710+0000] {processor.py:161} INFO - Started process (PID=2339) to work on /home/airflow/.local/lib/python3.12/site-packages/airflow/example_dags/example_branch_datetime_operator.py
[2026-04-26T23:28:04.725+0000] {processor.py:830} INFO - Processing file /home/airflow/.local/lib/python3.12/site-packages/airflow/example_dags/example_branch_datetime_operator.py for tasks to queue
[2026-04-26T23:28:04.726+0000] {logging_mixin.py:188} INFO - [2026-04-26T23:28:04.726+0000] {dagbag.py:545} INFO - Filling up the DagBag from /home/airflow/.local/lib/python3.12/site-packages/airflow/example_dags/example_branch_datetime_operator.py
[2026-04-26T23:28:04.732+0000] {processor.py:840} INFO - DAG(s) 'example_branch_datetime_operator_2', 'example_branch_datetime_operator_3', 'example_branch_datetime_operator' retrieved from /home/airflow/.local/lib/python3.12/site-packages/airflow/example_dags/example_branch_datetime_operator.py
[2026-04-26T23:28:04.746+0000] {logging_mixin.py:188} INFO - [2026-04-26T23:28:04.746+0000] {dag.py:3096} INFO - Sync 3 DAGs
[2026-04-26T23:28:04.759+0000] {logging_mixin.py:188} INFO - [2026-04-26T23:28:04.759+0000] {dag.py:3954} INFO - Setting next_dagrun for example_branch_datetime_operator to 2026-04-25 00:00:00+00:00, run_after=2026-04-26 00:00:00+00:00
[2026-04-26T23:28:04.762+0000] {logging_mixin.py:188} INFO - [2026-04-26T23:28:04.762+0000] {dag.py:3954} INFO - Setting next_dagrun for example_branch_datetime_operator_2 to 2026-04-25 00:00:00+00:00, run_after=2026-04-26 00:00:00+00:00
[2026-04-26T23:28:04.763+0000] {logging_mixin.py:188} INFO - [2026-04-26T23:28:04.763+0000] {dag.py:3954} INFO - Setting next_dagrun for example_branch_datetime_operator_3 to 2026-04-25 00:00:00+00:00, run_after=2026-04-26 00:00:00+00:00
[2026-04-26T23:28:04.771+0000] {processor.py:183} INFO - Processing /home/airflow/.local/lib/python3.12/site-packages/airflow/example_dags/example_branch_datetime_operator.py took 0.064 seconds
[2026-04-26T23:28:35.470+0000] {processor.py:161} INFO - Started process (PID=2398) to work on /home/airflow/.local/lib/python3.12/site-packages/airflow/example_dags/example_branch_datetime_operator.py
[2026-04-26T23:28:35.485+0000] {processor.py:830} INFO - Processing file /home/airflow/.local/lib/python3.12/site-packages/airflow/example_dags/example_branch_datetime_operator.py for tasks to queue
[2026-04-26T23:28:35.487+0000] {logging_mixin.py:188} INFO - [2026-04-26T23:28:35.487+0000] {dagbag.py:545} INFO - Filling up the DagBag from /home/airflow/.local/lib/python3.12/site-packages/airflow/example_dags/example_branch_datetime_operator.py
[2026-04-26T23:28:35.495+0000] {processor.py:840} INFO - DAG(s) 'example_branch_datetime_operator_3', 'example_branch_datetime_operator', 'example_branch_datetime_operator_2' retrieved from /home/airflow/.local/lib/python3.12/site-packages/airflow/example_dags/example_branch_datetime_operator.py
[2026-04-26T23:28:35.515+0000] {logging_mixin.py:188} INFO - [2026-04-26T23:28:35.515+0000] {dag.py:3096} INFO - Sync 3 DAGs
[2026-04-26T23:28:35.532+0000] {logging_mixin.py:188} INFO - [2026-04-26T23:28:35.532+0000] {dag.py:3954} INFO - Setting next_dagrun for example_branch_datetime_operator to 2026-04-25 00:00:00+00:00, run_after=2026-04-26 00:00:00+00:00
[2026-04-26T23:28:35.536+0000] {logging_mixin.py:188} INFO - [2026-04-26T23:28:35.535+0000] {dag.py:3954} INFO - Setting next_dagrun for example_branch_datetime_operator_2 to 2026-04-25 00:00:00+00:00, run_after=2026-04-26 00:00:00+00:00
[2026-04-26T23:28:35.537+0000] {logging_mixin.py:188} INFO - [2026-04-26T23:28:35.537+0000] {dag.py:3954} INFO - Setting next_dagrun for example_branch_datetime_operator_3 to 2026-04-25 00:00:00+00:00, run_after=2026-04-26 00:00:00+00:00
[2026-04-26T23:28:35.548+0000] {processor.py:183} INFO - Processing /home/airflow/.local/lib/python3.12/site-packages/airflow/example_dags/example_branch_datetime_operator.py took 0.083 seconds
[2026-04-26T23:29:05.726+0000] {processor.py:161} INFO - Started process (PID=2457) to work on /home/airflow/.local/lib/python3.12/site-packages/airflow/example_dags/example_branch_datetime_operator.py
[2026-04-26T23:29:05.726+0000] {processor.py:830} INFO - Processing file /home/airflow/.local/lib/python3.12/site-packages/airflow/example_dags/example_branch_datetime_operator.py for tasks to queue
[2026-04-26T23:29:05.728+0000] {logging_mixin.py:188} INFO - [2026-04-26T23:29:05.727+0000] {dagbag.py:545} INFO - Filling up the DagBag from /home/airflow/.local/lib/python3.12/site-packages/airflow/example_dags/example_branch_datetime_operator.py
[2026-04-26T23:29:05.734+0000] {processor.py:840} INFO - DAG(s) 'example_branch_datetime_operator_2', 'example_branch_datetime_operator_3', 'example_branch_datetime_operator' retrieved from /home/airflow/.local/lib/python3.12/site-packages/airflow/example_dags/example_branch_datetime_operator.py
[2026-04-26T23:29:05.750+0000] {logging_mixin.py:188} INFO - [2026-04-26T23:29:05.750+0000] {dag.py:3096} INFO - Sync 3 DAGs
[2026-04-26T23:29:05.763+0000] {logging_mixin.py:188} INFO - [2026-04-26T23:29:05.763+0000] {dag.py:3954} INFO - Setting next_dagrun for example_branch_datetime_operator to 2026-04-25 00:00:00+00:00, run_after=2026-04-26 00:00:00+00:00
[2026-04-26T23:29:05.766+0000] {logging_mixin.py:188} INFO - [2026-04-26T23:29:05.766+0000] {dag.py:3954} INFO - Setting next_dagrun for example_branch_datetime_operator_2 to 2026-04-25 00:00:00+00:00, run_after=2026-04-26 00:00:00+00:00
[2026-04-26T23:29:05.767+0000] {logging_mixin.py:188} INFO - [2026-04-26T23:29:05.767+0000] {dag.py:3954} INFO - Setting next_dagrun for example_branch_datetime_operator_3 to 2026-04-25 00:00:00+00:00, run_after=2026-04-26 00:00:00+00:00
[2026-04-26T23:29:05.782+0000] {processor.py:183} INFO - Processing /home/airflow/.local/lib/python3.12/site-packages/airflow/example_dags/example_branch_datetime_operator.py took 0.060 seconds
[2026-04-26T23:29:36.583+0000] {processor.py:161} INFO - Started process (PID=2516) to work on /home/airflow/.local/lib/python3.12/site-packages/airflow/example_dags/example_branch_datetime_operator.py
[2026-04-26T23:29:36.599+0000] {processor.py:830} INFO - Processing file /home/airflow/.local/lib/python3.12/site-packages/airflow/example_dags/example_branch_datetime_operator.py for tasks to queue
[2026-04-26T23:29:36.600+0000] {logging_mixin.py:188} INFO - [2026-04-26T23:29:36.600+0000] {dagbag.py:545} INFO - Filling up the DagBag from /home/airflow/.local/lib/python3.12/site-packages/airflow/example_dags/example_branch_datetime_operator.py
[2026-04-26T23:29:36.606+0000] {processor.py:840} INFO - DAG(s) 'example_branch_datetime_operator', 'example_branch_datetime_operator_3', 'example_branch_datetime_operator_2' retrieved from /home/airflow/.local/lib/python3.12/site-packages/airflow/example_dags/example_branch_datetime_operator.py
[2026-04-26T23:29:36.620+0000] {logging_mixin.py:188} INFO - [2026-04-26T23:29:36.620+0000] {dag.py:3096} INFO - Sync 3 DAGs
[2026-04-26T23:29:36.633+0000] {logging_mixin.py:188} INFO - [2026-04-26T23:29:36.633+0000] {dag.py:3954} INFO - Setting next_dagrun for example_branch_datetime_operator to 2026-04-25 00:00:00+00:00, run_after=2026-04-26 00:00:00+00:00
[2026-04-26T23:29:36.636+0000] {logging_mixin.py:188} INFO - [2026-04-26T23:29:36.636+0000] {dag.py:3954} INFO - Setting next_dagrun for example_branch_datetime_operator_2 to 2026-04-25 00:00:00+00:00, run_after=2026-04-26 00:00:00+00:00
[2026-04-26T23:29:36.637+0000] {logging_mixin.py:188} INFO - [2026-04-26T23:29:36.637+0000] {dag.py:3954} INFO - Setting next_dagrun for example_branch_datetime_operator_3 to 2026-04-25 00:00:00+00:00, run_after=2026-04-26 00:00:00+00:00
[2026-04-26T23:29:36.646+0000] {processor.py:183} INFO - Processing /home/airflow/.local/lib/python3.12/site-packages/airflow/example_dags/example_branch_datetime_operator.py took 0.066 seconds
[2026-04-26T23:30:07.260+0000] {processor.py:161} INFO - Started process (PID=2575) to work on /home/airflow/.local/lib/python3.12/site-packages/airflow/example_dags/example_branch_datetime_operator.py
[2026-04-26T23:30:07.261+0000] {processor.py:830} INFO - Processing file /home/airflow/.local/lib/python3.12/site-packages/airflow/example_dags/example_branch_datetime_operator.py for tasks to queue
[2026-04-26T23:30:07.271+0000] {logging_mixin.py:188} INFO - [2026-04-26T23:30:07.271+0000] {dagbag.py:545} INFO - Filling up the DagBag from /home/airflow/.local/lib/python3.12/site-packages/airflow/example_dags/example_branch_datetime_operator.py
[2026-04-26T23:30:07.279+0000] {processor.py:840} INFO - DAG(s) 'example_branch_datetime_operator_3', 'example_branch_datetime_operator', 'example_branch_datetime_operator_2' retrieved from /home/airflow/.local/lib/python3.12/site-packages/airflow/example_dags/example_branch_datetime_operator.py
[2026-04-26T23:30:07.298+0000] {logging_mixin.py:188} INFO - [2026-04-26T23:30:07.298+0000] {dag.py:3096} INFO - Sync 3 DAGs
[2026-04-26T23:30:07.316+0000] {logging_mixin.py:188} INFO - [2026-04-26T23:30:07.316+0000] {dag.py:3954} INFO - Setting next_dagrun for example_branch_datetime_operator to 2026-04-25 00:00:00+00:00, run_after=2026-04-26 00:00:00+00:00
[2026-04-26T23:30:07.319+0000] {logging_mixin.py:188} INFO - [2026-04-26T23:30:07.319+0000] {dag.py:3954} INFO - Setting next_dagrun for example_branch_datetime_operator_2 to 2026-04-25 00:00:00+00:00, run_after=2026-04-26 00:00:00+00:00
[2026-04-26T23:30:07.321+0000] {logging_mixin.py:188} INFO - [2026-04-26T23:30:07.321+0000] {dag.py:3954} INFO - Setting next_dagrun for example_branch_datetime_operator_3 to 2026-04-25 00:00:00+00:00, run_after=2026-04-26 00:00:00+00:00
[2026-04-26T23:30:07.333+0000] {processor.py:183} INFO - Processing /home/airflow/.local/lib/python3.12/site-packages/airflow/example_dags/example_branch_datetime_operator.py took 0.077 seconds
[2026-04-26T23:30:38.036+0000] {processor.py:161} INFO - Started process (PID=2634) to work on /home/airflow/.local/lib/python3.12/site-packages/airflow/example_dags/example_branch_datetime_operator.py
[2026-04-26T23:30:38.055+0000] {processor.py:830} INFO - Processing file /home/airflow/.local/lib/python3.12/site-packages/airflow/example_dags/example_branch_datetime_operator.py for tasks to queue
[2026-04-26T23:30:38.056+0000] {logging_mixin.py:188} INFO - [2026-04-26T23:30:38.056+0000] {dagbag.py:545} INFO - Filling up the DagBag from /home/airflow/.local/lib/python3.12/site-packages/airflow/example_dags/example_branch_datetime_operator.py
[2026-04-26T23:30:38.062+0000] {processor.py:840} INFO - DAG(s) 'example_branch_datetime_operator_2', 'example_branch_datetime_operator_3', 'example_branch_datetime_operator' retrieved from /home/airflow/.local/lib/python3.12/site-packages/airflow/example_dags/example_branch_datetime_operator.py
[2026-04-26T23:30:38.078+0000] {logging_mixin.py:188} INFO - [2026-04-26T23:30:38.078+0000] {dag.py:3096} INFO - Sync 3 DAGs
[2026-04-26T23:30:38.092+0000] {logging_mixin.py:188} INFO - [2026-04-26T23:30:38.092+0000] {dag.py:3954} INFO - Setting next_dagrun for example_branch_datetime_operator to 2026-04-25 00:00:00+00:00, run_after=2026-04-26 00:00:00+00:00
[2026-04-26T23:30:38.094+0000] {logging_mixin.py:188} INFO - [2026-04-26T23:30:38.094+0000] {dag.py:3954} INFO - Setting next_dagrun for example_branch_datetime_operator_2 to 2026-04-25 00:00:00+00:00, run_after=2026-04-26 00:00:00+00:00
[2026-04-26T23:30:38.096+0000] {logging_mixin.py:188} INFO - [2026-04-26T23:30:38.096+0000] {dag.py:3954} INFO - Setting next_dagrun for example_branch_datetime_operator_3 to 2026-04-25 00:00:00+00:00, run_after=2026-04-26 00:00:00+00:00
[2026-04-26T23:30:38.103+0000] {processor.py:183} INFO - Processing /home/airflow/.local/lib/python3.12/site-packages/airflow/example_dags/example_branch_datetime_operator.py took 0.070 seconds
[2026-04-26T23:31:08.799+0000] {processor.py:161} INFO - Started process (PID=2693) to work on /home/airflow/.local/lib/python3.12/site-packages/airflow/example_dags/example_branch_datetime_operator.py
[2026-04-26T23:31:08.799+0000] {processor.py:830} INFO - Processing file /home/airflow/.local/lib/python3.12/site-packages/airflow/example_dags/example_branch_datetime_operator.py for tasks to queue
[2026-04-26T23:31:08.800+0000] {logging_mixin.py:188} INFO - [2026-04-26T23:31:08.800+0000] {dagbag.py:545} INFO - Filling up the DagBag from /home/airflow/.local/lib/python3.12/site-packages/airflow/example_dags/example_branch_datetime_operator.py
[2026-04-26T23:31:08.807+0000] {processor.py:840} INFO - DAG(s) 'example_branch_datetime_operator_2', 'example_branch_datetime_operator_3', 'example_branch_datetime_operator' retrieved from /home/airflow/.local/lib/python3.12/site-packages/airflow/example_dags/example_branch_datetime_operator.py
[2026-04-26T23:31:08.822+0000] {logging_mixin.py:188} INFO - [2026-04-26T23:31:08.822+0000] {dag.py:3096} INFO - Sync 3 DAGs
[2026-04-26T23:31:08.836+0000] {logging_mixin.py:188} INFO - [2026-04-26T23:31:08.836+0000] {dag.py:3954} INFO - Setting next_dagrun for example_branch_datetime_operator to 2026-04-25 00:00:00+00:00, run_after=2026-04-26 00:00:00+00:00
[2026-04-26T23:31:08.839+0000] {logging_mixin.py:188} INFO - [2026-04-26T23:31:08.839+0000] {dag.py:3954} INFO - Setting next_dagrun for example_branch_datetime_operator_2 to 2026-04-25 00:00:00+00:00, run_after=2026-04-26 00:00:00+00:00
[2026-04-26T23:31:08.840+0000] {logging_mixin.py:188} INFO - [2026-04-26T23:31:08.840+0000] {dag.py:3954} INFO - Setting next_dagrun for example_branch_datetime_operator_3 to 2026-04-25 00:00:00+00:00, run_after=2026-04-26 00:00:00+00:00
[2026-04-26T23:31:08.856+0000] {processor.py:183} INFO - Processing /home/airflow/.local/lib/python3.12/site-packages/airflow/example_dags/example_branch_datetime_operator.py took 0.061 seconds
[2026-04-26T23:31:39.525+0000] {processor.py:161} INFO - Started process (PID=2752) to work on /home/airflow/.local/lib/python3.12/site-packages/airflow/example_dags/example_branch_datetime_operator.py
[2026-04-26T23:31:39.538+0000] {processor.py:830} INFO - Processing file /home/airflow/.local/lib/python3.12/site-packages/airflow/example_dags/example_branch_datetime_operator.py for tasks to queue
[2026-04-26T23:31:39.540+0000] {logging_mixin.py:188} INFO - [2026-04-26T23:31:39.540+0000] {dagbag.py:545} INFO - Filling up the DagBag from /home/airflow/.local/lib/python3.12/site-packages/airflow/example_dags/example_branch_datetime_operator.py
[2026-04-26T23:31:39.548+0000] {processor.py:840} INFO - DAG(s) 'example_branch_datetime_operator', 'example_branch_datetime_operator_3', 'example_branch_datetime_operator_2' retrieved from /home/airflow/.local/lib/python3.12/site-packages/airflow/example_dags/example_branch_datetime_operator.py
[2026-04-26T23:31:39.568+0000] {logging_mixin.py:188} INFO - [2026-04-26T23:31:39.568+0000] {dag.py:3096} INFO - Sync 3 DAGs
[2026-04-26T23:31:39.586+0000] {logging_mixin.py:188} INFO - [2026-04-26T23:31:39.585+0000] {dag.py:3954} INFO - Setting next_dagrun for example_branch_datetime_operator to 2026-04-25 00:00:00+00:00, run_after=2026-04-26 00:00:00+00:00
[2026-04-26T23:31:39.589+0000] {logging_mixin.py:188} INFO - [2026-04-26T23:31:39.589+0000] {dag.py:3954} INFO - Setting next_dagrun for example_branch_datetime_operator_2 to 2026-04-25 00:00:00+00:00, run_after=2026-04-26 00:00:00+00:00
[2026-04-26T23:31:39.590+0000] {logging_mixin.py:188} INFO - [2026-04-26T23:31:39.590+0000] {dag.py:3954} INFO - Setting next_dagrun for example_branch_datetime_operator_3 to 2026-04-25 00:00:00+00:00, run_after=2026-04-26 00:00:00+00:00
[2026-04-26T23:31:39.600+0000] {processor.py:183} INFO - Processing /home/airflow/.local/lib/python3.12/site-packages/airflow/example_dags/example_branch_datetime_operator.py took 0.080 seconds
[2026-04-26T23:32:10.263+0000] {processor.py:161} INFO - Started process (PID=2811) to work on /home/airflow/.local/lib/python3.12/site-packages/airflow/example_dags/example_branch_datetime_operator.py
[2026-04-26T23:32:10.264+0000] {processor.py:830} INFO - Processing file /home/airflow/.local/lib/python3.12/site-packages/airflow/example_dags/example_branch_datetime_operator.py for tasks to queue
[2026-04-26T23:32:10.265+0000] {logging_mixin.py:188} INFO - [2026-04-26T23:32:10.265+0000] {dagbag.py:545} INFO - Filling up the DagBag from /home/airflow/.local/lib/python3.12/site-packages/airflow/example_dags/example_branch_datetime_operator.py
[2026-04-26T23:32:10.272+0000] {processor.py:840} INFO - DAG(s) 'example_branch_datetime_operator', 'example_branch_datetime_operator_2', 'example_branch_datetime_operator_3' retrieved from /home/airflow/.local/lib/python3.12/site-packages/airflow/example_dags/example_branch_datetime_operator.py
[2026-04-26T23:32:10.291+0000] {logging_mixin.py:188} INFO - [2026-04-26T23:32:10.291+0000] {dag.py:3096} INFO - Sync 3 DAGs
[2026-04-26T23:32:10.308+0000] {logging_mixin.py:188} INFO - [2026-04-26T23:32:10.308+0000] {dag.py:3954} INFO - Setting next_dagrun for example_branch_datetime_operator to 2026-04-25 00:00:00+00:00, run_after=2026-04-26 00:00:00+00:00
[2026-04-26T23:32:10.311+0000] {logging_mixin.py:188} INFO - [2026-04-26T23:32:10.311+0000] {dag.py:3954} INFO - Setting next_dagrun for example_branch_datetime_operator_2 to 2026-04-25 00:00:00+00:00, run_after=2026-04-26 00:00:00+00:00
[2026-04-26T23:32:10.313+0000] {logging_mixin.py:188} INFO - [2026-04-26T23:32:10.312+0000] {dag.py:3954} INFO - Setting next_dagrun for example_branch_datetime_operator_3 to 2026-04-25 00:00:00+00:00, run_after=2026-04-26 00:00:00+00:00
[2026-04-26T23:32:10.329+0000] {processor.py:183} INFO - Processing /home/airflow/.local/lib/python3.12/site-packages/airflow/example_dags/example_branch_datetime_operator.py took 0.070 seconds
[2026-04-26T23:32:40.475+0000] {processor.py:161} INFO - Started process (PID=2870) to work on /home/airflow/.local/lib/python3.12/site-packages/airflow/example_dags/example_branch_datetime_operator.py
[2026-04-26T23:32:40.475+0000] {processor.py:830} INFO - Processing file /home/airflow/.local/lib/python3.12/site-packages/airflow/example_dags/example_branch_datetime_operator.py for tasks to queue
[2026-04-26T23:32:40.477+0000] {logging_mixin.py:188} INFO - [2026-04-26T23:32:40.476+0000] {dagbag.py:545} INFO - Filling up the DagBag from /home/airflow/.local/lib/python3.12/site-packages/airflow/example_dags/example_branch_datetime_operator.py
[2026-04-26T23:32:40.484+0000] {processor.py:840} INFO - DAG(s) 'example_branch_datetime_operator', 'example_branch_datetime_operator_2', 'example_branch_datetime_operator_3' retrieved from /home/airflow/.local/lib/python3.12/site-packages/airflow/example_dags/example_branch_datetime_operator.py
[2026-04-26T23:32:40.503+0000] {logging_mixin.py:188} INFO - [2026-04-26T23:32:40.503+0000] {dag.py:3096} INFO - Sync 3 DAGs
[2026-04-26T23:32:40.520+0000] {logging_mixin.py:188} INFO - [2026-04-26T23:32:40.520+0000] {dag.py:3954} INFO - Setting next_dagrun for example_branch_datetime_operator to 2026-04-25 00:00:00+00:00, run_after=2026-04-26 00:00:00+00:00
[2026-04-26T23:32:40.523+0000] {logging_mixin.py:188} INFO - [2026-04-26T23:32:40.523+0000] {dag.py:3954} INFO - Setting next_dagrun for example_branch_datetime_operator_2 to 2026-04-25 00:00:00+00:00, run_after=2026-04-26 00:00:00+00:00
[2026-04-26T23:32:40.525+0000] {logging_mixin.py:188} INFO - [2026-04-26T23:32:40.525+0000] {dag.py:3954} INFO - Setting next_dagrun for example_branch_datetime_operator_3 to 2026-04-25 00:00:00+00:00, run_after=2026-04-26 00:00:00+00:00
[2026-04-26T23:32:40.539+0000] {processor.py:183} INFO - Processing /home/airflow/.local/lib/python3.12/site-packages/airflow/example_dags/example_branch_datetime_operator.py took 0.068 seconds
[2026-04-26T23:33:10.756+0000] {processor.py:161} INFO - Started process (PID=2929) to work on /home/airflow/.local/lib/python3.12/site-packages/airflow/example_dags/example_branch_datetime_operator.py
[2026-04-26T23:33:10.776+0000] {processor.py:830} INFO - Processing file /home/airflow/.local/lib/python3.12/site-packages/airflow/example_dags/example_branch_datetime_operator.py for tasks to queue
[2026-04-26T23:33:10.778+0000] {logging_mixin.py:188} INFO - [2026-04-26T23:33:10.777+0000] {dagbag.py:545} INFO - Filling up the DagBag from /home/airflow/.local/lib/python3.12/site-packages/airflow/example_dags/example_branch_datetime_operator.py
[2026-04-26T23:33:10.783+0000] {processor.py:840} INFO - DAG(s) 'example_branch_datetime_operator_2', 'example_branch_datetime_operator_3', 'example_branch_datetime_operator' retrieved from /home/airflow/.local/lib/python3.12/site-packages/airflow/example_dags/example_branch_datetime_operator.py
[2026-04-26T23:33:10.798+0000] {logging_mixin.py:188} INFO - [2026-04-26T23:33:10.798+0000] {dag.py:3096} INFO - Sync 3 DAGs
[2026-04-26T23:33:10.812+0000] {logging_mixin.py:188} INFO - [2026-04-26T23:33:10.812+0000] {dag.py:3954} INFO - Setting next_dagrun for example_branch_datetime_operator to 2026-04-25 00:00:00+00:00, run_after=2026-04-26 00:00:00+00:00
[2026-04-26T23:33:10.815+0000] {logging_mixin.py:188} INFO - [2026-04-26T23:33:10.815+0000] {dag.py:3954} INFO - Setting next_dagrun for example_branch_datetime_operator_2 to 2026-04-25 00:00:00+00:00, run_after=2026-04-26 00:00:00+00:00
[2026-04-26T23:33:10.816+0000] {logging_mixin.py:188} INFO - [2026-04-26T23:33:10.816+0000] {dag.py:3954} INFO - Setting next_dagrun for example_branch_datetime_operator_3 to 2026-04-25 00:00:00+00:00, run_after=2026-04-26 00:00:00+00:00
[2026-04-26T23:33:10.826+0000] {processor.py:183} INFO - Processing /home/airflow/.local/lib/python3.12/site-packages/airflow/example_dags/example_branch_datetime_operator.py took 0.074 seconds
[2026-04-26T23:33:41.638+0000] {processor.py:161} INFO - Started process (PID=2992) to work on /home/airflow/.local/lib/python3.12/site-packages/airflow/example_dags/example_branch_datetime_operator.py
[2026-04-26T23:33:41.638+0000] {processor.py:830} INFO - Processing file /home/airflow/.local/lib/python3.12/site-packages/airflow/example_dags/example_branch_datetime_operator.py for tasks to queue
[2026-04-26T23:33:41.640+0000] {logging_mixin.py:188} INFO - [2026-04-26T23:33:41.639+0000] {dagbag.py:545} INFO - Filling up the DagBag from /home/airflow/.local/lib/python3.12/site-packages/airflow/example_dags/example_branch_datetime_operator.py
[2026-04-26T23:33:41.647+0000] {processor.py:840} INFO - DAG(s) 'example_branch_datetime_operator', 'example_branch_datetime_operator_2', 'example_branch_datetime_operator_3' retrieved from /home/airflow/.local/lib/python3.12/site-packages/airflow/example_dags/example_branch_datetime_operator.py
[2026-04-26T23:33:41.667+0000] {logging_mixin.py:188} INFO - [2026-04-26T23:33:41.666+0000] {dag.py:3096} INFO - Sync 3 DAGs
[2026-04-26T23:33:41.683+0000] {logging_mixin.py:188} INFO - [2026-04-26T23:33:41.683+0000] {dag.py:3954} INFO - Setting next_dagrun for example_branch_datetime_operator to 2026-04-25 00:00:00+00:00, run_after=2026-04-26 00:00:00+00:00
[2026-04-26T23:33:41.687+0000] {logging_mixin.py:188} INFO - [2026-04-26T23:33:41.686+0000] {dag.py:3954} INFO - Setting next_dagrun for example_branch_datetime_operator_2 to 2026-04-25 00:00:00+00:00, run_after=2026-04-26 00:00:00+00:00
[2026-04-26T23:33:41.688+0000] {logging_mixin.py:188} INFO - [2026-04-26T23:33:41.688+0000] {dag.py:3954} INFO - Setting next_dagrun for example_branch_datetime_operator_3 to 2026-04-25 00:00:00+00:00, run_after=2026-04-26 00:00:00+00:00
[2026-04-26T23:33:41.703+0000] {processor.py:183} INFO - Processing /home/airflow/.local/lib/python3.12/site-packages/airflow/example_dags/example_branch_datetime_operator.py took 0.070 seconds
[2026-04-26T23:34:11.724+0000] {processor.py:161} INFO - Started process (PID=3051) to work on /home/airflow/.local/lib/python3.12/site-packages/airflow/example_dags/example_branch_datetime_operator.py
[2026-04-26T23:34:11.727+0000] {processor.py:830} INFO - Processing file /home/airflow/.local/lib/python3.12/site-packages/airflow/example_dags/example_branch_datetime_operator.py for tasks to queue
[2026-04-26T23:34:11.728+0000] {logging_mixin.py:188} INFO - [2026-04-26T23:34:11.727+0000] {dagbag.py:545} INFO - Filling up the DagBag from /home/airflow/.local/lib/python3.12/site-packages/airflow/example_dags/example_branch_datetime_operator.py
[2026-04-26T23:34:11.733+0000] {processor.py:840} INFO - DAG(s) 'example_branch_datetime_operator_2', 'example_branch_datetime_operator_3', 'example_branch_datetime_operator' retrieved from /home/airflow/.local/lib/python3.12/site-packages/airflow/example_dags/example_branch_datetime_operator.py
[2026-04-26T23:34:11.749+0000] {logging_mixin.py:188} INFO - [2026-04-26T23:34:11.748+0000] {dag.py:3096} INFO - Sync 3 DAGs
[2026-04-26T23:34:11.761+0000] {logging_mixin.py:188} INFO - [2026-04-26T23:34:11.761+0000] {dag.py:3954} INFO - Setting next_dagrun for example_branch_datetime_operator to 2026-04-25 00:00:00+00:00, run_after=2026-04-26 00:00:00+00:00
[2026-04-26T23:34:11.764+0000] {logging_mixin.py:188} INFO - [2026-04-26T23:34:11.764+0000] {dag.py:3954} INFO - Setting next_dagrun for example_branch_datetime_operator_2 to 2026-04-25 00:00:00+00:00, run_after=2026-04-26 00:00:00+00:00
[2026-04-26T23:34:11.765+0000] {logging_mixin.py:188} INFO - [2026-04-26T23:34:11.765+0000] {dag.py:3954} INFO - Setting next_dagrun for example_branch_datetime_operator_3 to 2026-04-25 00:00:00+00:00, run_after=2026-04-26 00:00:00+00:00
[2026-04-26T23:34:11.774+0000] {processor.py:183} INFO - Processing /home/airflow/.local/lib/python3.12/site-packages/airflow/example_dags/example_branch_datetime_operator.py took 0.053 seconds
[2026-04-26T23:34:41.883+0000] {processor.py:161} INFO - Started process (PID=3110) to work on /home/airflow/.local/lib/python3.12/site-packages/airflow/example_dags/example_branch_datetime_operator.py
[2026-04-26T23:34:41.884+0000] {processor.py:830} INFO - Processing file /home/airflow/.local/lib/python3.12/site-packages/airflow/example_dags/example_branch_datetime_operator.py for tasks to queue
[2026-04-26T23:34:41.885+0000] {logging_mixin.py:188} INFO - [2026-04-26T23:34:41.885+0000] {dagbag.py:545} INFO - Filling up the DagBag from /home/airflow/.local/lib/python3.12/site-packages/airflow/example_dags/example_branch_datetime_operator.py
[2026-04-26T23:34:41.890+0000] {processor.py:840} INFO - DAG(s) 'example_branch_datetime_operator_3', 'example_branch_datetime_operator', 'example_branch_datetime_operator_2' retrieved from /home/airflow/.local/lib/python3.12/site-packages/airflow/example_dags/example_branch_datetime_operator.py
[2026-04-26T23:34:41.906+0000] {logging_mixin.py:188} INFO - [2026-04-26T23:34:41.905+0000] {dag.py:3096} INFO - Sync 3 DAGs
[2026-04-26T23:34:41.919+0000] {logging_mixin.py:188} INFO - [2026-04-26T23:34:41.919+0000] {dag.py:3954} INFO - Setting next_dagrun for example_branch_datetime_operator to 2026-04-25 00:00:00+00:00, run_after=2026-04-26 00:00:00+00:00
[2026-04-26T23:34:41.922+0000] {logging_mixin.py:188} INFO - [2026-04-26T23:34:41.922+0000] {dag.py:3954} INFO - Setting next_dagrun for example_branch_datetime_operator_2 to 2026-04-25 00:00:00+00:00, run_after=2026-04-26 00:00:00+00:00
[2026-04-26T23:34:41.923+0000] {logging_mixin.py:188} INFO - [2026-04-26T23:34:41.923+0000] {dag.py:3954} INFO - Setting next_dagrun for example_branch_datetime_operator_3 to 2026-04-25 00:00:00+00:00, run_after=2026-04-26 00:00:00+00:00
[2026-04-26T23:34:41.940+0000] {processor.py:183} INFO - Processing /home/airflow/.local/lib/python3.12/site-packages/airflow/example_dags/example_branch_datetime_operator.py took 0.061 seconds
[2026-04-26T23:35:12.748+0000] {processor.py:161} INFO - Started process (PID=3169) to work on /home/airflow/.local/lib/python3.12/site-packages/airflow/example_dags/example_branch_datetime_operator.py
[2026-04-26T23:35:12.753+0000] {processor.py:830} INFO - Processing file /home/airflow/.local/lib/python3.12/site-packages/airflow/example_dags/example_branch_datetime_operator.py for tasks to queue
[2026-04-26T23:35:12.754+0000] {logging_mixin.py:188} INFO - [2026-04-26T23:35:12.754+0000] {dagbag.py:545} INFO - Filling up the DagBag from /home/airflow/.local/lib/python3.12/site-packages/airflow/example_dags/example_branch_datetime_operator.py
[2026-04-26T23:35:12.760+0000] {processor.py:840} INFO - DAG(s) 'example_branch_datetime_operator_3', 'example_branch_datetime_operator_2', 'example_branch_datetime_operator' retrieved from /home/airflow/.local/lib/python3.12/site-packages/airflow/example_dags/example_branch_datetime_operator.py
[2026-04-26T23:35:12.776+0000] {logging_mixin.py:188} INFO - [2026-04-26T23:35:12.776+0000] {dag.py:3096} INFO - Sync 3 DAGs
[2026-04-26T23:35:12.790+0000] {logging_mixin.py:188} INFO - [2026-04-26T23:35:12.790+0000] {dag.py:3954} INFO - Setting next_dagrun for example_branch_datetime_operator to 2026-04-25 00:00:00+00:00, run_after=2026-04-26 00:00:00+00:00
[2026-04-26T23:35:12.792+0000] {logging_mixin.py:188} INFO - [2026-04-26T23:35:12.792+0000] {dag.py:3954} INFO - Setting next_dagrun for example_branch_datetime_operator_2 to 2026-04-25 00:00:00+00:00, run_after=2026-04-26 00:00:00+00:00
[2026-04-26T23:35:12.794+0000] {logging_mixin.py:188} INFO - [2026-04-26T23:35:12.794+0000] {dag.py:3954} INFO - Setting next_dagrun for example_branch_datetime_operator_3 to 2026-04-25 00:00:00+00:00, run_after=2026-04-26 00:00:00+00:00
[2026-04-26T23:35:12.802+0000] {processor.py:183} INFO - Processing /home/airflow/.local/lib/python3.12/site-packages/airflow/example_dags/example_branch_datetime_operator.py took 0.057 seconds
[2026-04-26T23:35:43.377+0000] {processor.py:161} INFO - Started process (PID=3228) to work on /home/airflow/.local/lib/python3.12/site-packages/airflow/example_dags/example_branch_datetime_operator.py
[2026-04-26T23:35:43.378+0000] {processor.py:830} INFO - Processing file /home/airflow/.local/lib/python3.12/site-packages/airflow/example_dags/example_branch_datetime_operator.py for tasks to queue
[2026-04-26T23:35:43.379+0000] {logging_mixin.py:188} INFO - [2026-04-26T23:35:43.378+0000] {dagbag.py:545} INFO - Filling up the DagBag from /home/airflow/.local/lib/python3.12/site-packages/airflow/example_dags/example_branch_datetime_operator.py
[2026-04-26T23:35:43.385+0000] {processor.py:840} INFO - DAG(s) 'example_branch_datetime_operator_2', 'example_branch_datetime_operator_3', 'example_branch_datetime_operator' retrieved from /home/airflow/.local/lib/python3.12/site-packages/airflow/example_dags/example_branch_datetime_operator.py
[2026-04-26T23:35:43.403+0000] {logging_mixin.py:188} INFO - [2026-04-26T23:35:43.403+0000] {dag.py:3096} INFO - Sync 3 DAGs
[2026-04-26T23:35:43.419+0000] {logging_mixin.py:188} INFO - [2026-04-26T23:35:43.419+0000] {dag.py:3954} INFO - Setting next_dagrun for example_branch_datetime_operator to 2026-04-25 00:00:00+00:00, run_after=2026-04-26 00:00:00+00:00
[2026-04-26T23:35:43.422+0000] {logging_mixin.py:188} INFO - [2026-04-26T23:35:43.422+0000] {dag.py:3954} INFO - Setting next_dagrun for example_branch_datetime_operator_2 to 2026-04-25 00:00:00+00:00, run_after=2026-04-26 00:00:00+00:00
[2026-04-26T23:35:43.423+0000] {logging_mixin.py:188} INFO - [2026-04-26T23:35:43.423+0000] {dag.py:3954} INFO - Setting next_dagrun for example_branch_datetime_operator_3 to 2026-04-25 00:00:00+00:00, run_after=2026-04-26 00:00:00+00:00
[2026-04-26T23:35:43.432+0000] {processor.py:183} INFO - Processing /home/airflow/.local/lib/python3.12/site-packages/airflow/example_dags/example_branch_datetime_operator.py took 0.059 seconds
[2026-04-26T23:36:14.190+0000] {processor.py:161} INFO - Started process (PID=3287) to work on /home/airflow/.local/lib/python3.12/site-packages/airflow/example_dags/example_branch_datetime_operator.py
[2026-04-26T23:36:14.196+0000] {processor.py:830} INFO - Processing file /home/airflow/.local/lib/python3.12/site-packages/airflow/example_dags/example_branch_datetime_operator.py for tasks to queue
[2026-04-26T23:36:14.197+0000] {logging_mixin.py:188} INFO - [2026-04-26T23:36:14.196+0000] {dagbag.py:545} INFO - Filling up the DagBag from /home/airflow/.local/lib/python3.12/site-packages/airflow/example_dags/example_branch_datetime_operator.py
[2026-04-26T23:36:14.202+0000] {processor.py:840} INFO - DAG(s) 'example_branch_datetime_operator_3', 'example_branch_datetime_operator', 'example_branch_datetime_operator_2' retrieved from /home/airflow/.local/lib/python3.12/site-packages/airflow/example_dags/example_branch_datetime_operator.py
[2026-04-26T23:36:14.216+0000] {logging_mixin.py:188} INFO - [2026-04-26T23:36:14.216+0000] {dag.py:3096} INFO - Sync 3 DAGs
[2026-04-26T23:36:14.230+0000] {logging_mixin.py:188} INFO - [2026-04-26T23:36:14.229+0000] {dag.py:3954} INFO - Setting next_dagrun for example_branch_datetime_operator to 2026-04-25 00:00:00+00:00, run_after=2026-04-26 00:00:00+00:00
[2026-04-26T23:36:14.232+0000] {logging_mixin.py:188} INFO - [2026-04-26T23:36:14.232+0000] {dag.py:3954} INFO - Setting next_dagrun for example_branch_datetime_operator_2 to 2026-04-25 00:00:00+00:00, run_after=2026-04-26 00:00:00+00:00
[2026-04-26T23:36:14.233+0000] {logging_mixin.py:188} INFO - [2026-04-26T23:36:14.233+0000] {dag.py:3954} INFO - Setting next_dagrun for example_branch_datetime_operator_3 to 2026-04-25 00:00:00+00:00, run_after=2026-04-26 00:00:00+00:00
[2026-04-26T23:36:14.241+0000] {processor.py:183} INFO - Processing /home/airflow/.local/lib/python3.12/site-packages/airflow/example_dags/example_branch_datetime_operator.py took 0.055 seconds
[2026-04-26T23:36:44.832+0000] {processor.py:161} INFO - Started process (PID=3346) to work on /home/airflow/.local/lib/python3.12/site-packages/airflow/example_dags/example_branch_datetime_operator.py
[2026-04-26T23:36:44.832+0000] {processor.py:830} INFO - Processing file /home/airflow/.local/lib/python3.12/site-packages/airflow/example_dags/example_branch_datetime_operator.py for tasks to queue
[2026-04-26T23:36:44.834+0000] {logging_mixin.py:188} INFO - [2026-04-26T23:36:44.833+0000] {dagbag.py:545} INFO - Filling up the DagBag from /home/airflow/.local/lib/python3.12/site-packages/airflow/example_dags/example_branch_datetime_operator.py
[2026-04-26T23:36:44.839+0000] {processor.py:840} INFO - DAG(s) 'example_branch_datetime_operator', 'example_branch_datetime_operator_2', 'example_branch_datetime_operator_3' retrieved from /home/airflow/.local/lib/python3.12/site-packages/airflow/example_dags/example_branch_datetime_operator.py
[2026-04-26T23:36:44.855+0000] {logging_mixin.py:188} INFO - [2026-04-26T23:36:44.855+0000] {dag.py:3096} INFO - Sync 3 DAGs
[2026-04-26T23:36:44.867+0000] {logging_mixin.py:188} INFO - [2026-04-26T23:36:44.867+0000] {dag.py:3954} INFO - Setting next_dagrun for example_branch_datetime_operator to 2026-04-25 00:00:00+00:00, run_after=2026-04-26 00:00:00+00:00
[2026-04-26T23:36:44.870+0000] {logging_mixin.py:188} INFO - [2026-04-26T23:36:44.870+0000] {dag.py:3954} INFO - Setting next_dagrun for example_branch_datetime_operator_2 to 2026-04-25 00:00:00+00:00, run_after=2026-04-26 00:00:00+00:00
[2026-04-26T23:36:44.871+0000] {logging_mixin.py:188} INFO - [2026-04-26T23:36:44.871+0000] {dag.py:3954} INFO - Setting next_dagrun for example_branch_datetime_operator_3 to 2026-04-25 00:00:00+00:00, run_after=2026-04-26 00:00:00+00:00
[2026-04-26T23:36:44.887+0000] {processor.py:183} INFO - Processing /home/airflow/.local/lib/python3.12/site-packages/airflow/example_dags/example_branch_datetime_operator.py took 0.059 seconds
[2026-04-26T23:37:15.595+0000] {processor.py:161} INFO - Started process (PID=3405) to work on /home/airflow/.local/lib/python3.12/site-packages/airflow/example_dags/example_branch_datetime_operator.py
[2026-04-26T23:37:15.603+0000] {processor.py:830} INFO - Processing file /home/airflow/.local/lib/python3.12/site-packages/airflow/example_dags/example_branch_datetime_operator.py for tasks to queue
[2026-04-26T23:37:15.605+0000] {logging_mixin.py:188} INFO - [2026-04-26T23:37:15.605+0000] {dagbag.py:545} INFO - Filling up the DagBag from /home/airflow/.local/lib/python3.12/site-packages/airflow/example_dags/example_branch_datetime_operator.py
[2026-04-26T23:37:15.612+0000] {processor.py:840} INFO - DAG(s) 'example_branch_datetime_operator_2', 'example_branch_datetime_operator', 'example_branch_datetime_operator_3' retrieved from /home/airflow/.local/lib/python3.12/site-packages/airflow/example_dags/example_branch_datetime_operator.py
[2026-04-26T23:37:15.629+0000] {logging_mixin.py:188} INFO - [2026-04-26T23:37:15.629+0000] {dag.py:3096} INFO - Sync 3 DAGs
[2026-04-26T23:37:15.645+0000] {logging_mixin.py:188} INFO - [2026-04-26T23:37:15.645+0000] {dag.py:3954} INFO - Setting next_dagrun for example_branch_datetime_operator to 2026-04-25 00:00:00+00:00, run_after=2026-04-26 00:00:00+00:00
[2026-04-26T23:37:15.648+0000] {logging_mixin.py:188} INFO - [2026-04-26T23:37:15.648+0000] {dag.py:3954} INFO - Setting next_dagrun for example_branch_datetime_operator_2 to 2026-04-25 00:00:00+00:00, run_after=2026-04-26 00:00:00+00:00
[2026-04-26T23:37:15.650+0000] {logging_mixin.py:188} INFO - [2026-04-26T23:37:15.650+0000] {dag.py:3954} INFO - Setting next_dagrun for example_branch_datetime_operator_3 to 2026-04-25 00:00:00+00:00, run_after=2026-04-26 00:00:00+00:00
[2026-04-26T23:37:15.660+0000] {processor.py:183} INFO - Processing /home/airflow/.local/lib/python3.12/site-packages/airflow/example_dags/example_branch_datetime_operator.py took 0.069 seconds
[2026-04-26T23:37:46.338+0000] {processor.py:161} INFO - Started process (PID=3464) to work on /home/airflow/.local/lib/python3.12/site-packages/airflow/example_dags/example_branch_datetime_operator.py
[2026-04-26T23:37:46.338+0000] {processor.py:830} INFO - Processing file /home/airflow/.local/lib/python3.12/site-packages/airflow/example_dags/example_branch_datetime_operator.py for tasks to queue
[2026-04-26T23:37:46.340+0000] {logging_mixin.py:188} INFO - [2026-04-26T23:37:46.340+0000] {dagbag.py:545} INFO - Filling up the DagBag from /home/airflow/.local/lib/python3.12/site-packages/airflow/example_dags/example_branch_datetime_operator.py
[2026-04-26T23:37:46.347+0000] {processor.py:840} INFO - DAG(s) 'example_branch_datetime_operator', 'example_branch_datetime_operator_2', 'example_branch_datetime_operator_3' retrieved from /home/airflow/.local/lib/python3.12/site-packages/airflow/example_dags/example_branch_datetime_operator.py
[2026-04-26T23:37:46.367+0000] {logging_mixin.py:188} INFO - [2026-04-26T23:37:46.367+0000] {dag.py:3096} INFO - Sync 3 DAGs
[2026-04-26T23:37:46.384+0000] {logging_mixin.py:188} INFO - [2026-04-26T23:37:46.383+0000] {dag.py:3954} INFO - Setting next_dagrun for example_branch_datetime_operator to 2026-04-25 00:00:00+00:00, run_after=2026-04-26 00:00:00+00:00
[2026-04-26T23:37:46.386+0000] {logging_mixin.py:188} INFO - [2026-04-26T23:37:46.386+0000] {dag.py:3954} INFO - Setting next_dagrun for example_branch_datetime_operator_2 to 2026-04-25 00:00:00+00:00, run_after=2026-04-26 00:00:00+00:00
[2026-04-26T23:37:46.388+0000] {logging_mixin.py:188} INFO - [2026-04-26T23:37:46.388+0000] {dag.py:3954} INFO - Setting next_dagrun for example_branch_datetime_operator_3 to 2026-04-25 00:00:00+00:00, run_after=2026-04-26 00:00:00+00:00
[2026-04-26T23:37:46.404+0000] {processor.py:183} INFO - Processing /home/airflow/.local/lib/python3.12/site-packages/airflow/example_dags/example_branch_datetime_operator.py took 0.071 seconds
[2026-04-26T23:38:17.114+0000] {processor.py:161} INFO - Started process (PID=3523) to work on /home/airflow/.local/lib/python3.12/site-packages/airflow/example_dags/example_branch_datetime_operator.py
[2026-04-26T23:38:17.123+0000] {processor.py:830} INFO - Processing file /home/airflow/.local/lib/python3.12/site-packages/airflow/example_dags/example_branch_datetime_operator.py for tasks to queue
[2026-04-26T23:38:17.124+0000] {logging_mixin.py:188} INFO - [2026-04-26T23:38:17.123+0000] {dagbag.py:545} INFO - Filling up the DagBag from /home/airflow/.local/lib/python3.12/site-packages/airflow/example_dags/example_branch_datetime_operator.py
[2026-04-26T23:38:17.129+0000] {processor.py:840} INFO - DAG(s) 'example_branch_datetime_operator', 'example_branch_datetime_operator_3', 'example_branch_datetime_operator_2' retrieved from /home/airflow/.local/lib/python3.12/site-packages/airflow/example_dags/example_branch_datetime_operator.py
[2026-04-26T23:38:17.142+0000] {logging_mixin.py:188} INFO - [2026-04-26T23:38:17.142+0000] {dag.py:3096} INFO - Sync 3 DAGs
[2026-04-26T23:38:17.155+0000] {logging_mixin.py:188} INFO - [2026-04-26T23:38:17.155+0000] {dag.py:3954} INFO - Setting next_dagrun for example_branch_datetime_operator to 2026-04-25 00:00:00+00:00, run_after=2026-04-26 00:00:00+00:00
[2026-04-26T23:38:17.157+0000] {logging_mixin.py:188} INFO - [2026-04-26T23:38:17.157+0000] {dag.py:3954} INFO - Setting next_dagrun for example_branch_datetime_operator_2 to 2026-04-25 00:00:00+00:00, run_after=2026-04-26 00:00:00+00:00
[2026-04-26T23:38:17.158+0000] {logging_mixin.py:188} INFO - [2026-04-26T23:38:17.158+0000] {dag.py:3954} INFO - Setting next_dagrun for example_branch_datetime_operator_3 to 2026-04-25 00:00:00+00:00, run_after=2026-04-26 00:00:00+00:00
[2026-04-26T23:38:17.165+0000] {processor.py:183} INFO - Processing /home/airflow/.local/lib/python3.12/site-packages/airflow/example_dags/example_branch_datetime_operator.py took 0.055 seconds
[2026-04-26T23:38:45.888+0000] {processor.py:161} INFO - Started process (PID=65) to work on /home/airflow/.local/lib/python3.12/site-packages/airflow/example_dags/example_branch_datetime_operator.py
[2026-04-26T23:38:45.890+0000] {processor.py:830} INFO - Processing file /home/airflow/.local/lib/python3.12/site-packages/airflow/example_dags/example_branch_datetime_operator.py for tasks to queue
[2026-04-26T23:38:45.890+0000] {logging_mixin.py:188} INFO - [2026-04-26T23:38:45.890+0000] {dagbag.py:545} INFO - Filling up the DagBag from /home/airflow/.local/lib/python3.12/site-packages/airflow/example_dags/example_branch_datetime_operator.py
[2026-04-26T23:38:45.921+0000] {processor.py:840} INFO - DAG(s) 'example_branch_datetime_operator_3', 'example_branch_datetime_operator_2', 'example_branch_datetime_operator' retrieved from /home/airflow/.local/lib/python3.12/site-packages/airflow/example_dags/example_branch_datetime_operator.py
[2026-04-26T23:38:45.936+0000] {logging_mixin.py:188} INFO - [2026-04-26T23:38:45.936+0000] {dag.py:3096} INFO - Sync 3 DAGs
[2026-04-26T23:38:45.954+0000] {logging_mixin.py:188} INFO - [2026-04-26T23:38:45.954+0000] {dag.py:3954} INFO - Setting next_dagrun for example_branch_datetime_operator to 2026-04-25 00:00:00+00:00, run_after=2026-04-26 00:00:00+00:00
[2026-04-26T23:38:45.958+0000] {logging_mixin.py:188} INFO - [2026-04-26T23:38:45.958+0000] {dag.py:3954} INFO - Setting next_dagrun for example_branch_datetime_operator_2 to 2026-04-25 00:00:00+00:00, run_after=2026-04-26 00:00:00+00:00
[2026-04-26T23:38:45.960+0000] {logging_mixin.py:188} INFO - [2026-04-26T23:38:45.959+0000] {dag.py:3954} INFO - Setting next_dagrun for example_branch_datetime_operator_3 to 2026-04-25 00:00:00+00:00, run_after=2026-04-26 00:00:00+00:00
[2026-04-26T23:38:45.973+0000] {processor.py:183} INFO - Processing /home/airflow/.local/lib/python3.12/site-packages/airflow/example_dags/example_branch_datetime_operator.py took 0.088 seconds
[2026-04-26T23:39:16.618+0000] {processor.py:161} INFO - Started process (PID=124) to work on /home/airflow/.local/lib/python3.12/site-packages/airflow/example_dags/example_branch_datetime_operator.py
[2026-04-26T23:39:16.619+0000] {processor.py:830} INFO - Processing file /home/airflow/.local/lib/python3.12/site-packages/airflow/example_dags/example_branch_datetime_operator.py for tasks to queue
[2026-04-26T23:39:16.620+0000] {logging_mixin.py:188} INFO - [2026-04-26T23:39:16.619+0000] {dagbag.py:545} INFO - Filling up the DagBag from /home/airflow/.local/lib/python3.12/site-packages/airflow/example_dags/example_branch_datetime_operator.py
[2026-04-26T23:39:16.626+0000] {processor.py:840} INFO - DAG(s) 'example_branch_datetime_operator', 'example_branch_datetime_operator_3', 'example_branch_datetime_operator_2' retrieved from /home/airflow/.local/lib/python3.12/site-packages/airflow/example_dags/example_branch_datetime_operator.py
[2026-04-26T23:39:16.691+0000] {logging_mixin.py:188} INFO - [2026-04-26T23:39:16.691+0000] {dag.py:3096} INFO - Sync 3 DAGs
[2026-04-26T23:39:16.702+0000] {logging_mixin.py:188} INFO - [2026-04-26T23:39:16.702+0000] {dag.py:3954} INFO - Setting next_dagrun for example_branch_datetime_operator to 2026-04-25 00:00:00+00:00, run_after=2026-04-26 00:00:00+00:00
[2026-04-26T23:39:16.704+0000] {logging_mixin.py:188} INFO - [2026-04-26T23:39:16.704+0000] {dag.py:3954} INFO - Setting next_dagrun for example_branch_datetime_operator_2 to 2026-04-25 00:00:00+00:00, run_after=2026-04-26 00:00:00+00:00
[2026-04-26T23:39:16.705+0000] {logging_mixin.py:188} INFO - [2026-04-26T23:39:16.705+0000] {dag.py:3954} INFO - Setting next_dagrun for example_branch_datetime_operator_3 to 2026-04-25 00:00:00+00:00, run_after=2026-04-26 00:00:00+00:00
[2026-04-26T23:39:16.714+0000] {processor.py:183} INFO - Processing /home/airflow/.local/lib/python3.12/site-packages/airflow/example_dags/example_branch_datetime_operator.py took 0.099 seconds
[2026-04-26T23:39:47.477+0000] {processor.py:161} INFO - Started process (PID=189) to work on /home/airflow/.local/lib/python3.12/site-packages/airflow/example_dags/example_branch_datetime_operator.py
[2026-04-26T23:39:47.486+0000] {processor.py:830} INFO - Processing file /home/airflow/.local/lib/python3.12/site-packages/airflow/example_dags/example_branch_datetime_operator.py for tasks to queue
[2026-04-26T23:39:47.487+0000] {logging_mixin.py:188} INFO - [2026-04-26T23:39:47.487+0000] {dagbag.py:545} INFO - Filling up the DagBag from /home/airflow/.local/lib/python3.12/site-packages/airflow/example_dags/example_branch_datetime_operator.py
[2026-04-26T23:39:47.493+0000] {processor.py:840} INFO - DAG(s) 'example_branch_datetime_operator', 'example_branch_datetime_operator_2', 'example_branch_datetime_operator_3' retrieved from /home/airflow/.local/lib/python3.12/site-packages/airflow/example_dags/example_branch_datetime_operator.py
[2026-04-26T23:39:47.508+0000] {logging_mixin.py:188} INFO - [2026-04-26T23:39:47.508+0000] {dag.py:3096} INFO - Sync 3 DAGs
[2026-04-26T23:39:47.521+0000] {logging_mixin.py:188} INFO - [2026-04-26T23:39:47.521+0000] {dag.py:3954} INFO - Setting next_dagrun for example_branch_datetime_operator to 2026-04-25 00:00:00+00:00, run_after=2026-04-26 00:00:00+00:00
[2026-04-26T23:39:47.523+0000] {logging_mixin.py:188} INFO - [2026-04-26T23:39:47.523+0000] {dag.py:3954} INFO - Setting next_dagrun for example_branch_datetime_operator_2 to 2026-04-25 00:00:00+00:00, run_after=2026-04-26 00:00:00+00:00
[2026-04-26T23:39:47.524+0000] {logging_mixin.py:188} INFO - [2026-04-26T23:39:47.524+0000] {dag.py:3954} INFO - Setting next_dagrun for example_branch_datetime_operator_3 to 2026-04-25 00:00:00+00:00, run_after=2026-04-26 00:00:00+00:00
[2026-04-26T23:39:47.533+0000] {processor.py:183} INFO - Processing /home/airflow/.local/lib/python3.12/site-packages/airflow/example_dags/example_branch_datetime_operator.py took 0.059 seconds
[2026-04-26T23:40:18.253+0000] {processor.py:161} INFO - Started process (PID=248) to work on /home/airflow/.local/lib/python3.12/site-packages/airflow/example_dags/example_branch_datetime_operator.py
[2026-04-26T23:40:18.253+0000] {processor.py:830} INFO - Processing file /home/airflow/.local/lib/python3.12/site-packages/airflow/example_dags/example_branch_datetime_operator.py for tasks to queue
[2026-04-26T23:40:18.255+0000] {logging_mixin.py:188} INFO - [2026-04-26T23:40:18.255+0000] {dagbag.py:545} INFO - Filling up the DagBag from /home/airflow/.local/lib/python3.12/site-packages/airflow/example_dags/example_branch_datetime_operator.py
[2026-04-26T23:40:18.262+0000] {processor.py:840} INFO - DAG(s) 'example_branch_datetime_operator', 'example_branch_datetime_operator_2', 'example_branch_datetime_operator_3' retrieved from /home/airflow/.local/lib/python3.12/site-packages/airflow/example_dags/example_branch_datetime_operator.py
[2026-04-26T23:40:18.281+0000] {logging_mixin.py:188} INFO - [2026-04-26T23:40:18.281+0000] {dag.py:3096} INFO - Sync 3 DAGs
[2026-04-26T23:40:18.298+0000] {logging_mixin.py:188} INFO - [2026-04-26T23:40:18.298+0000] {dag.py:3954} INFO - Setting next_dagrun for example_branch_datetime_operator to 2026-04-25 00:00:00+00:00, run_after=2026-04-26 00:00:00+00:00
[2026-04-26T23:40:18.301+0000] {logging_mixin.py:188} INFO - [2026-04-26T23:40:18.301+0000] {dag.py:3954} INFO - Setting next_dagrun for example_branch_datetime_operator_2 to 2026-04-25 00:00:00+00:00, run_after=2026-04-26 00:00:00+00:00
[2026-04-26T23:40:18.303+0000] {logging_mixin.py:188} INFO - [2026-04-26T23:40:18.302+0000] {dag.py:3954} INFO - Setting next_dagrun for example_branch_datetime_operator_3 to 2026-04-25 00:00:00+00:00, run_after=2026-04-26 00:00:00+00:00
[2026-04-26T23:40:18.313+0000] {processor.py:183} INFO - Processing /home/airflow/.local/lib/python3.12/site-packages/airflow/example_dags/example_branch_datetime_operator.py took 0.065 seconds
[2026-04-26T23:40:49.252+0000] {processor.py:161} INFO - Started process (PID=307) to work on /home/airflow/.local/lib/python3.12/site-packages/airflow/example_dags/example_branch_datetime_operator.py
[2026-04-26T23:40:49.264+0000] {processor.py:830} INFO - Processing file /home/airflow/.local/lib/python3.12/site-packages/airflow/example_dags/example_branch_datetime_operator.py for tasks to queue
[2026-04-26T23:40:49.265+0000] {logging_mixin.py:188} INFO - [2026-04-26T23:40:49.265+0000] {dagbag.py:545} INFO - Filling up the DagBag from /home/airflow/.local/lib/python3.12/site-packages/airflow/example_dags/example_branch_datetime_operator.py
[2026-04-26T23:40:49.272+0000] {processor.py:840} INFO - DAG(s) 'example_branch_datetime_operator', 'example_branch_datetime_operator_3', 'example_branch_datetime_operator_2' retrieved from /home/airflow/.local/lib/python3.12/site-packages/airflow/example_dags/example_branch_datetime_operator.py
[2026-04-26T23:40:49.291+0000] {logging_mixin.py:188} INFO - [2026-04-26T23:40:49.290+0000] {dag.py:3096} INFO - Sync 3 DAGs
[2026-04-26T23:40:49.307+0000] {logging_mixin.py:188} INFO - [2026-04-26T23:40:49.307+0000] {dag.py:3954} INFO - Setting next_dagrun for example_branch_datetime_operator to 2026-04-25 00:00:00+00:00, run_after=2026-04-26 00:00:00+00:00
[2026-04-26T23:40:49.310+0000] {logging_mixin.py:188} INFO - [2026-04-26T23:40:49.310+0000] {dag.py:3954} INFO - Setting next_dagrun for example_branch_datetime_operator_2 to 2026-04-25 00:00:00+00:00, run_after=2026-04-26 00:00:00+00:00
[2026-04-26T23:40:49.312+0000] {logging_mixin.py:188} INFO - [2026-04-26T23:40:49.312+0000] {dag.py:3954} INFO - Setting next_dagrun for example_branch_datetime_operator_3 to 2026-04-25 00:00:00+00:00, run_after=2026-04-26 00:00:00+00:00
[2026-04-26T23:40:49.327+0000] {processor.py:183} INFO - Processing /home/airflow/.local/lib/python3.12/site-packages/airflow/example_dags/example_branch_datetime_operator.py took 0.078 seconds
[2026-04-26T23:41:20.161+0000] {processor.py:161} INFO - Started process (PID=366) to work on /home/airflow/.local/lib/python3.12/site-packages/airflow/example_dags/example_branch_datetime_operator.py
[2026-04-26T23:41:20.171+0000] {processor.py:830} INFO - Processing file /home/airflow/.local/lib/python3.12/site-packages/airflow/example_dags/example_branch_datetime_operator.py for tasks to queue
[2026-04-26T23:41:20.172+0000] {logging_mixin.py:188} INFO - [2026-04-26T23:41:20.172+0000] {dagbag.py:545} INFO - Filling up the DagBag from /home/airflow/.local/lib/python3.12/site-packages/airflow/example_dags/example_branch_datetime_operator.py
[2026-04-26T23:41:20.179+0000] {processor.py:840} INFO - DAG(s) 'example_branch_datetime_operator_2', 'example_branch_datetime_operator_3', 'example_branch_datetime_operator' retrieved from /home/airflow/.local/lib/python3.12/site-packages/airflow/example_dags/example_branch_datetime_operator.py
[2026-04-26T23:41:20.196+0000] {logging_mixin.py:188} INFO - [2026-04-26T23:41:20.195+0000] {dag.py:3096} INFO - Sync 3 DAGs
[2026-04-26T23:41:20.210+0000] {logging_mixin.py:188} INFO - [2026-04-26T23:41:20.210+0000] {dag.py:3954} INFO - Setting next_dagrun for example_branch_datetime_operator to 2026-04-25 00:00:00+00:00, run_after=2026-04-26 00:00:00+00:00
[2026-04-26T23:41:20.213+0000] {logging_mixin.py:188} INFO - [2026-04-26T23:41:20.213+0000] {dag.py:3954} INFO - Setting next_dagrun for example_branch_datetime_operator_2 to 2026-04-25 00:00:00+00:00, run_after=2026-04-26 00:00:00+00:00
[2026-04-26T23:41:20.214+0000] {logging_mixin.py:188} INFO - [2026-04-26T23:41:20.214+0000] {dag.py:3954} INFO - Setting next_dagrun for example_branch_datetime_operator_3 to 2026-04-25 00:00:00+00:00, run_after=2026-04-26 00:00:00+00:00
[2026-04-26T23:41:20.223+0000] {processor.py:183} INFO - Processing /home/airflow/.local/lib/python3.12/site-packages/airflow/example_dags/example_branch_datetime_operator.py took 0.067 seconds
[2026-04-26T23:41:50.267+0000] {processor.py:161} INFO - Started process (PID=425) to work on /home/airflow/.local/lib/python3.12/site-packages/airflow/example_dags/example_branch_datetime_operator.py
[2026-04-26T23:41:50.267+0000] {processor.py:830} INFO - Processing file /home/airflow/.local/lib/python3.12/site-packages/airflow/example_dags/example_branch_datetime_operator.py for tasks to queue
[2026-04-26T23:41:50.269+0000] {logging_mixin.py:188} INFO - [2026-04-26T23:41:50.268+0000] {dagbag.py:545} INFO - Filling up the DagBag from /home/airflow/.local/lib/python3.12/site-packages/airflow/example_dags/example_branch_datetime_operator.py
[2026-04-26T23:41:50.277+0000] {processor.py:840} INFO - DAG(s) 'example_branch_datetime_operator_2', 'example_branch_datetime_operator', 'example_branch_datetime_operator_3' retrieved from /home/airflow/.local/lib/python3.12/site-packages/airflow/example_dags/example_branch_datetime_operator.py
[2026-04-26T23:41:50.299+0000] {logging_mixin.py:188} INFO - [2026-04-26T23:41:50.299+0000] {dag.py:3096} INFO - Sync 3 DAGs
[2026-04-26T23:41:50.317+0000] {logging_mixin.py:188} INFO - [2026-04-26T23:41:50.316+0000] {dag.py:3954} INFO - Setting next_dagrun for example_branch_datetime_operator to 2026-04-25 00:00:00+00:00, run_after=2026-04-26 00:00:00+00:00
[2026-04-26T23:41:50.320+0000] {logging_mixin.py:188} INFO - [2026-04-26T23:41:50.320+0000] {dag.py:3954} INFO - Setting next_dagrun for example_branch_datetime_operator_2 to 2026-04-25 00:00:00+00:00, run_after=2026-04-26 00:00:00+00:00
[2026-04-26T23:41:50.322+0000] {logging_mixin.py:188} INFO - [2026-04-26T23:41:50.322+0000] {dag.py:3954} INFO - Setting next_dagrun for example_branch_datetime_operator_3 to 2026-04-25 00:00:00+00:00, run_after=2026-04-26 00:00:00+00:00
[2026-04-26T23:41:50.333+0000] {processor.py:183} INFO - Processing /home/airflow/.local/lib/python3.12/site-packages/airflow/example_dags/example_branch_datetime_operator.py took 0.071 seconds
[2026-04-26T23:42:20.434+0000] {processor.py:161} INFO - Started process (PID=484) to work on /home/airflow/.local/lib/python3.12/site-packages/airflow/example_dags/example_branch_datetime_operator.py
[2026-04-26T23:42:20.445+0000] {processor.py:830} INFO - Processing file /home/airflow/.local/lib/python3.12/site-packages/airflow/example_dags/example_branch_datetime_operator.py for tasks to queue
[2026-04-26T23:42:20.447+0000] {logging_mixin.py:188} INFO - [2026-04-26T23:42:20.446+0000] {dagbag.py:545} INFO - Filling up the DagBag from /home/airflow/.local/lib/python3.12/site-packages/airflow/example_dags/example_branch_datetime_operator.py
[2026-04-26T23:42:20.453+0000] {processor.py:840} INFO - DAG(s) 'example_branch_datetime_operator_2', 'example_branch_datetime_operator_3', 'example_branch_datetime_operator' retrieved from /home/airflow/.local/lib/python3.12/site-packages/airflow/example_dags/example_branch_datetime_operator.py
[2026-04-26T23:42:20.471+0000] {logging_mixin.py:188} INFO - [2026-04-26T23:42:20.471+0000] {dag.py:3096} INFO - Sync 3 DAGs
[2026-04-26T23:42:20.484+0000] {logging_mixin.py:188} INFO - [2026-04-26T23:42:20.484+0000] {dag.py:3954} INFO - Setting next_dagrun for example_branch_datetime_operator to 2026-04-25 00:00:00+00:00, run_after=2026-04-26 00:00:00+00:00
[2026-04-26T23:42:20.487+0000] {logging_mixin.py:188} INFO - [2026-04-26T23:42:20.487+0000] {dag.py:3954} INFO - Setting next_dagrun for example_branch_datetime_operator_2 to 2026-04-25 00:00:00+00:00, run_after=2026-04-26 00:00:00+00:00
[2026-04-26T23:42:20.488+0000] {logging_mixin.py:188} INFO - [2026-04-26T23:42:20.488+0000] {dag.py:3954} INFO - Setting next_dagrun for example_branch_datetime_operator_3 to 2026-04-25 00:00:00+00:00, run_after=2026-04-26 00:00:00+00:00
[2026-04-26T23:42:20.496+0000] {processor.py:183} INFO - Processing /home/airflow/.local/lib/python3.12/site-packages/airflow/example_dags/example_branch_datetime_operator.py took 0.065 seconds
[2026-04-26T23:42:50.644+0000] {processor.py:161} INFO - Started process (PID=543) to work on /home/airflow/.local/lib/python3.12/site-packages/airflow/example_dags/example_branch_datetime_operator.py
[2026-04-26T23:42:50.651+0000] {processor.py:830} INFO - Processing file /home/airflow/.local/lib/python3.12/site-packages/airflow/example_dags/example_branch_datetime_operator.py for tasks to queue
[2026-04-26T23:42:50.653+0000] {logging_mixin.py:188} INFO - [2026-04-26T23:42:50.652+0000] {dagbag.py:545} INFO - Filling up the DagBag from /home/airflow/.local/lib/python3.12/site-packages/airflow/example_dags/example_branch_datetime_operator.py
[2026-04-26T23:42:50.658+0000] {processor.py:840} INFO - DAG(s) 'example_branch_datetime_operator_3', 'example_branch_datetime_operator_2', 'example_branch_datetime_operator' retrieved from /home/airflow/.local/lib/python3.12/site-packages/airflow/example_dags/example_branch_datetime_operator.py
[2026-04-26T23:42:50.675+0000] {logging_mixin.py:188} INFO - [2026-04-26T23:42:50.675+0000] {dag.py:3096} INFO - Sync 3 DAGs
[2026-04-26T23:42:50.691+0000] {logging_mixin.py:188} INFO - [2026-04-26T23:42:50.690+0000] {dag.py:3954} INFO - Setting next_dagrun for example_branch_datetime_operator to 2026-04-25 00:00:00+00:00, run_after=2026-04-26 00:00:00+00:00
[2026-04-26T23:42:50.693+0000] {logging_mixin.py:188} INFO - [2026-04-26T23:42:50.693+0000] {dag.py:3954} INFO - Setting next_dagrun for example_branch_datetime_operator_2 to 2026-04-25 00:00:00+00:00, run_after=2026-04-26 00:00:00+00:00
[2026-04-26T23:42:50.694+0000] {logging_mixin.py:188} INFO - [2026-04-26T23:42:50.694+0000] {dag.py:3954} INFO - Setting next_dagrun for example_branch_datetime_operator_3 to 2026-04-25 00:00:00+00:00, run_after=2026-04-26 00:00:00+00:00
[2026-04-26T23:42:50.703+0000] {processor.py:183} INFO - Processing /home/airflow/.local/lib/python3.12/site-packages/airflow/example_dags/example_branch_datetime_operator.py took 0.062 seconds
[2026-04-26T23:43:20.411+0000] {processor.py:161} INFO - Started process (PID=65) to work on /home/airflow/.local/lib/python3.12/site-packages/airflow/example_dags/example_branch_datetime_operator.py
[2026-04-26T23:43:20.411+0000] {processor.py:830} INFO - Processing file /home/airflow/.local/lib/python3.12/site-packages/airflow/example_dags/example_branch_datetime_operator.py for tasks to queue
[2026-04-26T23:43:20.412+0000] {logging_mixin.py:188} INFO - [2026-04-26T23:43:20.412+0000] {dagbag.py:545} INFO - Filling up the DagBag from /home/airflow/.local/lib/python3.12/site-packages/airflow/example_dags/example_branch_datetime_operator.py
[2026-04-26T23:43:20.429+0000] {processor.py:840} INFO - DAG(s) 'example_branch_datetime_operator_3', 'example_branch_datetime_operator', 'example_branch_datetime_operator_2' retrieved from /home/airflow/.local/lib/python3.12/site-packages/airflow/example_dags/example_branch_datetime_operator.py
[2026-04-26T23:43:20.447+0000] {logging_mixin.py:188} INFO - [2026-04-26T23:43:20.446+0000] {dag.py:3096} INFO - Sync 3 DAGs
[2026-04-26T23:43:20.462+0000] {logging_mixin.py:188} INFO - [2026-04-26T23:43:20.462+0000] {dag.py:3954} INFO - Setting next_dagrun for example_branch_datetime_operator to 2026-04-25 00:00:00+00:00, run_after=2026-04-26 00:00:00+00:00
[2026-04-26T23:43:20.465+0000] {logging_mixin.py:188} INFO - [2026-04-26T23:43:20.465+0000] {dag.py:3954} INFO - Setting next_dagrun for example_branch_datetime_operator_2 to 2026-04-25 00:00:00+00:00, run_after=2026-04-26 00:00:00+00:00
[2026-04-26T23:43:20.466+0000] {logging_mixin.py:188} INFO - [2026-04-26T23:43:20.466+0000] {dag.py:3954} INFO - Setting next_dagrun for example_branch_datetime_operator_3 to 2026-04-25 00:00:00+00:00, run_after=2026-04-26 00:00:00+00:00
[2026-04-26T23:43:20.477+0000] {processor.py:183} INFO - Processing /home/airflow/.local/lib/python3.12/site-packages/airflow/example_dags/example_branch_datetime_operator.py took 0.070 seconds
[2026-04-26T23:43:51.329+0000] {processor.py:161} INFO - Started process (PID=130) to work on /home/airflow/.local/lib/python3.12/site-packages/airflow/example_dags/example_branch_datetime_operator.py
[2026-04-26T23:43:51.344+0000] {processor.py:830} INFO - Processing file /home/airflow/.local/lib/python3.12/site-packages/airflow/example_dags/example_branch_datetime_operator.py for tasks to queue
[2026-04-26T23:43:51.345+0000] {logging_mixin.py:188} INFO - [2026-04-26T23:43:51.345+0000] {dagbag.py:545} INFO - Filling up the DagBag from /home/airflow/.local/lib/python3.12/site-packages/airflow/example_dags/example_branch_datetime_operator.py
[2026-04-26T23:43:51.350+0000] {processor.py:840} INFO - DAG(s) 'example_branch_datetime_operator_3', 'example_branch_datetime_operator', 'example_branch_datetime_operator_2' retrieved from /home/airflow/.local/lib/python3.12/site-packages/airflow/example_dags/example_branch_datetime_operator.py
[2026-04-26T23:43:51.415+0000] {logging_mixin.py:188} INFO - [2026-04-26T23:43:51.415+0000] {dag.py:3096} INFO - Sync 3 DAGs
[2026-04-26T23:43:51.426+0000] {logging_mixin.py:188} INFO - [2026-04-26T23:43:51.426+0000] {dag.py:3954} INFO - Setting next_dagrun for example_branch_datetime_operator to 2026-04-25 00:00:00+00:00, run_after=2026-04-26 00:00:00+00:00
[2026-04-26T23:43:51.428+0000] {logging_mixin.py:188} INFO - [2026-04-26T23:43:51.428+0000] {dag.py:3954} INFO - Setting next_dagrun for example_branch_datetime_operator_2 to 2026-04-25 00:00:00+00:00, run_after=2026-04-26 00:00:00+00:00
[2026-04-26T23:43:51.429+0000] {logging_mixin.py:188} INFO - [2026-04-26T23:43:51.429+0000] {dag.py:3954} INFO - Setting next_dagrun for example_branch_datetime_operator_3 to 2026-04-25 00:00:00+00:00, run_after=2026-04-26 00:00:00+00:00
[2026-04-26T23:43:51.437+0000] {processor.py:183} INFO - Processing /home/airflow/.local/lib/python3.12/site-packages/airflow/example_dags/example_branch_datetime_operator.py took 0.112 seconds
[2026-04-26T23:44:21.661+0000] {processor.py:161} INFO - Started process (PID=189) to work on /home/airflow/.local/lib/python3.12/site-packages/airflow/example_dags/example_branch_datetime_operator.py
[2026-04-26T23:44:21.661+0000] {processor.py:830} INFO - Processing file /home/airflow/.local/lib/python3.12/site-packages/airflow/example_dags/example_branch_datetime_operator.py for tasks to queue
[2026-04-26T23:44:21.663+0000] {logging_mixin.py:188} INFO - [2026-04-26T23:44:21.662+0000] {dagbag.py:545} INFO - Filling up the DagBag from /home/airflow/.local/lib/python3.12/site-packages/airflow/example_dags/example_branch_datetime_operator.py
[2026-04-26T23:44:21.671+0000] {processor.py:840} INFO - DAG(s) 'example_branch_datetime_operator_3', 'example_branch_datetime_operator', 'example_branch_datetime_operator_2' retrieved from /home/airflow/.local/lib/python3.12/site-packages/airflow/example_dags/example_branch_datetime_operator.py
[2026-04-26T23:44:21.693+0000] {logging_mixin.py:188} INFO - [2026-04-26T23:44:21.693+0000] {dag.py:3096} INFO - Sync 3 DAGs
[2026-04-26T23:44:21.711+0000] {logging_mixin.py:188} INFO - [2026-04-26T23:44:21.711+0000] {dag.py:3954} INFO - Setting next_dagrun for example_branch_datetime_operator to 2026-04-25 00:00:00+00:00, run_after=2026-04-26 00:00:00+00:00
[2026-04-26T23:44:21.715+0000] {logging_mixin.py:188} INFO - [2026-04-26T23:44:21.715+0000] {dag.py:3954} INFO - Setting next_dagrun for example_branch_datetime_operator_2 to 2026-04-25 00:00:00+00:00, run_after=2026-04-26 00:00:00+00:00
[2026-04-26T23:44:21.716+0000] {logging_mixin.py:188} INFO - [2026-04-26T23:44:21.716+0000] {dag.py:3954} INFO - Setting next_dagrun for example_branch_datetime_operator_3 to 2026-04-25 00:00:00+00:00, run_after=2026-04-26 00:00:00+00:00
[2026-04-26T23:44:21.728+0000] {processor.py:183} INFO - Processing /home/airflow/.local/lib/python3.12/site-packages/airflow/example_dags/example_branch_datetime_operator.py took 0.072 seconds
[2026-04-26T23:44:51.764+0000] {processor.py:161} INFO - Started process (PID=248) to work on /home/airflow/.local/lib/python3.12/site-packages/airflow/example_dags/example_branch_datetime_operator.py
[2026-04-26T23:44:51.764+0000] {processor.py:830} INFO - Processing file /home/airflow/.local/lib/python3.12/site-packages/airflow/example_dags/example_branch_datetime_operator.py for tasks to queue
[2026-04-26T23:44:51.765+0000] {logging_mixin.py:188} INFO - [2026-04-26T23:44:51.765+0000] {dagbag.py:545} INFO - Filling up the DagBag from /home/airflow/.local/lib/python3.12/site-packages/airflow/example_dags/example_branch_datetime_operator.py
[2026-04-26T23:44:51.771+0000] {processor.py:840} INFO - DAG(s) 'example_branch_datetime_operator_2', 'example_branch_datetime_operator', 'example_branch_datetime_operator_3' retrieved from /home/airflow/.local/lib/python3.12/site-packages/airflow/example_dags/example_branch_datetime_operator.py
[2026-04-26T23:44:51.787+0000] {logging_mixin.py:188} INFO - [2026-04-26T23:44:51.787+0000] {dag.py:3096} INFO - Sync 3 DAGs
[2026-04-26T23:44:51.802+0000] {logging_mixin.py:188} INFO - [2026-04-26T23:44:51.802+0000] {dag.py:3954} INFO - Setting next_dagrun for example_branch_datetime_operator to 2026-04-25 00:00:00+00:00, run_after=2026-04-26 00:00:00+00:00
[2026-04-26T23:44:51.806+0000] {logging_mixin.py:188} INFO - [2026-04-26T23:44:51.806+0000] {dag.py:3954} INFO - Setting next_dagrun for example_branch_datetime_operator_2 to 2026-04-25 00:00:00+00:00, run_after=2026-04-26 00:00:00+00:00
[2026-04-26T23:44:51.807+0000] {logging_mixin.py:188} INFO - [2026-04-26T23:44:51.807+0000] {dag.py:3954} INFO - Setting next_dagrun for example_branch_datetime_operator_3 to 2026-04-25 00:00:00+00:00, run_after=2026-04-26 00:00:00+00:00
[2026-04-26T23:44:51.816+0000] {processor.py:183} INFO - Processing /home/airflow/.local/lib/python3.12/site-packages/airflow/example_dags/example_branch_datetime_operator.py took 0.056 seconds
[2026-04-26T23:45:22.626+0000] {processor.py:161} INFO - Started process (PID=307) to work on /home/airflow/.local/lib/python3.12/site-packages/airflow/example_dags/example_branch_datetime_operator.py
[2026-04-26T23:45:22.635+0000] {processor.py:830} INFO - Processing file /home/airflow/.local/lib/python3.12/site-packages/airflow/example_dags/example_branch_datetime_operator.py for tasks to queue
[2026-04-26T23:45:22.636+0000] {logging_mixin.py:188} INFO - [2026-04-26T23:45:22.636+0000] {dagbag.py:545} INFO - Filling up the DagBag from /home/airflow/.local/lib/python3.12/site-packages/airflow/example_dags/example_branch_datetime_operator.py
[2026-04-26T23:45:22.642+0000] {processor.py:840} INFO - DAG(s) 'example_branch_datetime_operator_2', 'example_branch_datetime_operator_3', 'example_branch_datetime_operator' retrieved from /home/airflow/.local/lib/python3.12/site-packages/airflow/example_dags/example_branch_datetime_operator.py
[2026-04-26T23:45:22.657+0000] {logging_mixin.py:188} INFO - [2026-04-26T23:45:22.656+0000] {dag.py:3096} INFO - Sync 3 DAGs
[2026-04-26T23:45:22.670+0000] {logging_mixin.py:188} INFO - [2026-04-26T23:45:22.670+0000] {dag.py:3954} INFO - Setting next_dagrun for example_branch_datetime_operator to 2026-04-25 00:00:00+00:00, run_after=2026-04-26 00:00:00+00:00
[2026-04-26T23:45:22.673+0000] {logging_mixin.py:188} INFO - [2026-04-26T23:45:22.672+0000] {dag.py:3954} INFO - Setting next_dagrun for example_branch_datetime_operator_2 to 2026-04-25 00:00:00+00:00, run_after=2026-04-26 00:00:00+00:00
[2026-04-26T23:45:22.674+0000] {logging_mixin.py:188} INFO - [2026-04-26T23:45:22.674+0000] {dag.py:3954} INFO - Setting next_dagrun for example_branch_datetime_operator_3 to 2026-04-25 00:00:00+00:00, run_after=2026-04-26 00:00:00+00:00
[2026-04-26T23:45:22.682+0000] {processor.py:183} INFO - Processing /home/airflow/.local/lib/python3.12/site-packages/airflow/example_dags/example_branch_datetime_operator.py took 0.060 seconds
[2026-04-26T23:45:53.499+0000] {processor.py:161} INFO - Started process (PID=366) to work on /home/airflow/.local/lib/python3.12/site-packages/airflow/example_dags/example_branch_datetime_operator.py
[2026-04-26T23:45:53.511+0000] {processor.py:830} INFO - Processing file /home/airflow/.local/lib/python3.12/site-packages/airflow/example_dags/example_branch_datetime_operator.py for tasks to queue
[2026-04-26T23:45:53.512+0000] {logging_mixin.py:188} INFO - [2026-04-26T23:45:53.512+0000] {dagbag.py:545} INFO - Filling up the DagBag from /home/airflow/.local/lib/python3.12/site-packages/airflow/example_dags/example_branch_datetime_operator.py
[2026-04-26T23:45:53.517+0000] {processor.py:840} INFO - DAG(s) 'example_branch_datetime_operator_2', 'example_branch_datetime_operator', 'example_branch_datetime_operator_3' retrieved from /home/airflow/.local/lib/python3.12/site-packages/airflow/example_dags/example_branch_datetime_operator.py
[2026-04-26T23:45:53.531+0000] {logging_mixin.py:188} INFO - [2026-04-26T23:45:53.531+0000] {dag.py:3096} INFO - Sync 3 DAGs
[2026-04-26T23:45:53.544+0000] {logging_mixin.py:188} INFO - [2026-04-26T23:45:53.544+0000] {dag.py:3954} INFO - Setting next_dagrun for example_branch_datetime_operator to 2026-04-25 00:00:00+00:00, run_after=2026-04-26 00:00:00+00:00
[2026-04-26T23:45:53.547+0000] {logging_mixin.py:188} INFO - [2026-04-26T23:45:53.546+0000] {dag.py:3954} INFO - Setting next_dagrun for example_branch_datetime_operator_2 to 2026-04-25 00:00:00+00:00, run_after=2026-04-26 00:00:00+00:00
[2026-04-26T23:45:53.548+0000] {logging_mixin.py:188} INFO - [2026-04-26T23:45:53.548+0000] {dag.py:3954} INFO - Setting next_dagrun for example_branch_datetime_operator_3 to 2026-04-25 00:00:00+00:00, run_after=2026-04-26 00:00:00+00:00
[2026-04-26T23:45:53.556+0000] {processor.py:183} INFO - Processing /home/airflow/.local/lib/python3.12/site-packages/airflow/example_dags/example_branch_datetime_operator.py took 0.060 seconds
[2026-04-26T23:46:24.323+0000] {processor.py:161} INFO - Started process (PID=425) to work on /home/airflow/.local/lib/python3.12/site-packages/airflow/example_dags/example_branch_datetime_operator.py
[2026-04-26T23:46:24.324+0000] {processor.py:830} INFO - Processing file /home/airflow/.local/lib/python3.12/site-packages/airflow/example_dags/example_branch_datetime_operator.py for tasks to queue
[2026-04-26T23:46:24.325+0000] {logging_mixin.py:188} INFO - [2026-04-26T23:46:24.325+0000] {dagbag.py:545} INFO - Filling up the DagBag from /home/airflow/.local/lib/python3.12/site-packages/airflow/example_dags/example_branch_datetime_operator.py
[2026-04-26T23:46:24.332+0000] {processor.py:840} INFO - DAG(s) 'example_branch_datetime_operator_3', 'example_branch_datetime_operator_2', 'example_branch_datetime_operator' retrieved from /home/airflow/.local/lib/python3.12/site-packages/airflow/example_dags/example_branch_datetime_operator.py
[2026-04-26T23:46:24.350+0000] {logging_mixin.py:188} INFO - [2026-04-26T23:46:24.349+0000] {dag.py:3096} INFO - Sync 3 DAGs
[2026-04-26T23:46:24.365+0000] {logging_mixin.py:188} INFO - [2026-04-26T23:46:24.365+0000] {dag.py:3954} INFO - Setting next_dagrun for example_branch_datetime_operator to 2026-04-25 00:00:00+00:00, run_after=2026-04-26 00:00:00+00:00
[2026-04-26T23:46:24.368+0000] {logging_mixin.py:188} INFO - [2026-04-26T23:46:24.367+0000] {dag.py:3954} INFO - Setting next_dagrun for example_branch_datetime_operator_2 to 2026-04-25 00:00:00+00:00, run_after=2026-04-26 00:00:00+00:00
[2026-04-26T23:46:24.369+0000] {logging_mixin.py:188} INFO - [2026-04-26T23:46:24.369+0000] {dag.py:3954} INFO - Setting next_dagrun for example_branch_datetime_operator_3 to 2026-04-25 00:00:00+00:00, run_after=2026-04-26 00:00:00+00:00
[2026-04-26T23:46:24.378+0000] {processor.py:183} INFO - Processing /home/airflow/.local/lib/python3.12/site-packages/airflow/example_dags/example_branch_datetime_operator.py took 0.058 seconds
[2026-04-26T23:46:55.082+0000] {processor.py:161} INFO - Started process (PID=484) to work on /home/airflow/.local/lib/python3.12/site-packages/airflow/example_dags/example_branch_datetime_operator.py
[2026-04-26T23:46:55.095+0000] {processor.py:830} INFO - Processing file /home/airflow/.local/lib/python3.12/site-packages/airflow/example_dags/example_branch_datetime_operator.py for tasks to queue
[2026-04-26T23:46:55.096+0000] {logging_mixin.py:188} INFO - [2026-04-26T23:46:55.096+0000] {dagbag.py:545} INFO - Filling up the DagBag from /home/airflow/.local/lib/python3.12/site-packages/airflow/example_dags/example_branch_datetime_operator.py
[2026-04-26T23:46:55.103+0000] {processor.py:840} INFO - DAG(s) 'example_branch_datetime_operator_2', 'example_branch_datetime_operator', 'example_branch_datetime_operator_3' retrieved from /home/airflow/.local/lib/python3.12/site-packages/airflow/example_dags/example_branch_datetime_operator.py
[2026-04-26T23:46:55.118+0000] {logging_mixin.py:188} INFO - [2026-04-26T23:46:55.118+0000] {dag.py:3096} INFO - Sync 3 DAGs
[2026-04-26T23:46:55.132+0000] {logging_mixin.py:188} INFO - [2026-04-26T23:46:55.132+0000] {dag.py:3954} INFO - Setting next_dagrun for example_branch_datetime_operator to 2026-04-25 00:00:00+00:00, run_after=2026-04-26 00:00:00+00:00
[2026-04-26T23:46:55.135+0000] {logging_mixin.py:188} INFO - [2026-04-26T23:46:55.135+0000] {dag.py:3954} INFO - Setting next_dagrun for example_branch_datetime_operator_2 to 2026-04-25 00:00:00+00:00, run_after=2026-04-26 00:00:00+00:00
[2026-04-26T23:46:55.136+0000] {logging_mixin.py:188} INFO - [2026-04-26T23:46:55.136+0000] {dag.py:3954} INFO - Setting next_dagrun for example_branch_datetime_operator_3 to 2026-04-25 00:00:00+00:00, run_after=2026-04-26 00:00:00+00:00
[2026-04-26T23:46:55.146+0000] {processor.py:183} INFO - Processing /home/airflow/.local/lib/python3.12/site-packages/airflow/example_dags/example_branch_datetime_operator.py took 0.068 seconds
[2026-04-26T23:47:25.216+0000] {processor.py:161} INFO - Started process (PID=543) to work on /home/airflow/.local/lib/python3.12/site-packages/airflow/example_dags/example_branch_datetime_operator.py
[2026-04-26T23:47:25.216+0000] {processor.py:830} INFO - Processing file /home/airflow/.local/lib/python3.12/site-packages/airflow/example_dags/example_branch_datetime_operator.py for tasks to queue
[2026-04-26T23:47:25.217+0000] {logging_mixin.py:188} INFO - [2026-04-26T23:47:25.217+0000] {dagbag.py:545} INFO - Filling up the DagBag from /home/airflow/.local/lib/python3.12/site-packages/airflow/example_dags/example_branch_datetime_operator.py
[2026-04-26T23:47:25.223+0000] {processor.py:840} INFO - DAG(s) 'example_branch_datetime_operator_2', 'example_branch_datetime_operator', 'example_branch_datetime_operator_3' retrieved from /home/airflow/.local/lib/python3.12/site-packages/airflow/example_dags/example_branch_datetime_operator.py
[2026-04-26T23:47:25.240+0000] {logging_mixin.py:188} INFO - [2026-04-26T23:47:25.239+0000] {dag.py:3096} INFO - Sync 3 DAGs
[2026-04-26T23:47:25.253+0000] {logging_mixin.py:188} INFO - [2026-04-26T23:47:25.253+0000] {dag.py:3954} INFO - Setting next_dagrun for example_branch_datetime_operator to 2026-04-25 00:00:00+00:00, run_after=2026-04-26 00:00:00+00:00
[2026-04-26T23:47:25.256+0000] {logging_mixin.py:188} INFO - [2026-04-26T23:47:25.256+0000] {dag.py:3954} INFO - Setting next_dagrun for example_branch_datetime_operator_2 to 2026-04-25 00:00:00+00:00, run_after=2026-04-26 00:00:00+00:00
[2026-04-26T23:47:25.257+0000] {logging_mixin.py:188} INFO - [2026-04-26T23:47:25.257+0000] {dag.py:3954} INFO - Setting next_dagrun for example_branch_datetime_operator_3 to 2026-04-25 00:00:00+00:00, run_after=2026-04-26 00:00:00+00:00
[2026-04-26T23:47:25.265+0000] {processor.py:183} INFO - Processing /home/airflow/.local/lib/python3.12/site-packages/airflow/example_dags/example_branch_datetime_operator.py took 0.053 seconds
[2026-04-26T23:47:55.324+0000] {processor.py:161} INFO - Started process (PID=602) to work on /home/airflow/.local/lib/python3.12/site-packages/airflow/example_dags/example_branch_datetime_operator.py
[2026-04-26T23:47:55.324+0000] {processor.py:830} INFO - Processing file /home/airflow/.local/lib/python3.12/site-packages/airflow/example_dags/example_branch_datetime_operator.py for tasks to queue
[2026-04-26T23:47:55.326+0000] {logging_mixin.py:188} INFO - [2026-04-26T23:47:55.325+0000] {dagbag.py:545} INFO - Filling up the DagBag from /home/airflow/.local/lib/python3.12/site-packages/airflow/example_dags/example_branch_datetime_operator.py
[2026-04-26T23:47:55.333+0000] {processor.py:840} INFO - DAG(s) 'example_branch_datetime_operator', 'example_branch_datetime_operator_3', 'example_branch_datetime_operator_2' retrieved from /home/airflow/.local/lib/python3.12/site-packages/airflow/example_dags/example_branch_datetime_operator.py
[2026-04-26T23:47:55.353+0000] {logging_mixin.py:188} INFO - [2026-04-26T23:47:55.352+0000] {dag.py:3096} INFO - Sync 3 DAGs
[2026-04-26T23:47:55.369+0000] {logging_mixin.py:188} INFO - [2026-04-26T23:47:55.369+0000] {dag.py:3954} INFO - Setting next_dagrun for example_branch_datetime_operator to 2026-04-25 00:00:00+00:00, run_after=2026-04-26 00:00:00+00:00
[2026-04-26T23:47:55.372+0000] {logging_mixin.py:188} INFO - [2026-04-26T23:47:55.372+0000] {dag.py:3954} INFO - Setting next_dagrun for example_branch_datetime_operator_2 to 2026-04-25 00:00:00+00:00, run_after=2026-04-26 00:00:00+00:00
[2026-04-26T23:47:55.373+0000] {logging_mixin.py:188} INFO - [2026-04-26T23:47:55.373+0000] {dag.py:3954} INFO - Setting next_dagrun for example_branch_datetime_operator_3 to 2026-04-25 00:00:00+00:00, run_after=2026-04-26 00:00:00+00:00
[2026-04-26T23:47:55.383+0000] {processor.py:183} INFO - Processing /home/airflow/.local/lib/python3.12/site-packages/airflow/example_dags/example_branch_datetime_operator.py took 0.064 seconds
[2026-04-26T23:48:25.496+0000] {processor.py:161} INFO - Started process (PID=661) to work on /home/airflow/.local/lib/python3.12/site-packages/airflow/example_dags/example_branch_datetime_operator.py
[2026-04-26T23:48:25.496+0000] {processor.py:830} INFO - Processing file /home/airflow/.local/lib/python3.12/site-packages/airflow/example_dags/example_branch_datetime_operator.py for tasks to queue
[2026-04-26T23:48:25.498+0000] {logging_mixin.py:188} INFO - [2026-04-26T23:48:25.498+0000] {dagbag.py:545} INFO - Filling up the DagBag from /home/airflow/.local/lib/python3.12/site-packages/airflow/example_dags/example_branch_datetime_operator.py
[2026-04-26T23:48:25.506+0000] {processor.py:840} INFO - DAG(s) 'example_branch_datetime_operator', 'example_branch_datetime_operator_2', 'example_branch_datetime_operator_3' retrieved from /home/airflow/.local/lib/python3.12/site-packages/airflow/example_dags/example_branch_datetime_operator.py
[2026-04-26T23:48:25.526+0000] {logging_mixin.py:188} INFO - [2026-04-26T23:48:25.525+0000] {dag.py:3096} INFO - Sync 3 DAGs
[2026-04-26T23:48:25.542+0000] {logging_mixin.py:188} INFO - [2026-04-26T23:48:25.542+0000] {dag.py:3954} INFO - Setting next_dagrun for example_branch_datetime_operator to 2026-04-25 00:00:00+00:00, run_after=2026-04-26 00:00:00+00:00
[2026-04-26T23:48:25.545+0000] {logging_mixin.py:188} INFO - [2026-04-26T23:48:25.545+0000] {dag.py:3954} INFO - Setting next_dagrun for example_branch_datetime_operator_2 to 2026-04-25 00:00:00+00:00, run_after=2026-04-26 00:00:00+00:00
[2026-04-26T23:48:25.548+0000] {logging_mixin.py:188} INFO - [2026-04-26T23:48:25.547+0000] {dag.py:3954} INFO - Setting next_dagrun for example_branch_datetime_operator_3 to 2026-04-25 00:00:00+00:00, run_after=2026-04-26 00:00:00+00:00
[2026-04-26T23:48:25.559+0000] {processor.py:183} INFO - Processing /home/airflow/.local/lib/python3.12/site-packages/airflow/example_dags/example_branch_datetime_operator.py took 0.068 seconds
[2026-04-26T23:48:55.638+0000] {processor.py:161} INFO - Started process (PID=720) to work on /home/airflow/.local/lib/python3.12/site-packages/airflow/example_dags/example_branch_datetime_operator.py
[2026-04-26T23:48:55.638+0000] {processor.py:830} INFO - Processing file /home/airflow/.local/lib/python3.12/site-packages/airflow/example_dags/example_branch_datetime_operator.py for tasks to queue
[2026-04-26T23:48:55.639+0000] {logging_mixin.py:188} INFO - [2026-04-26T23:48:55.639+0000] {dagbag.py:545} INFO - Filling up the DagBag from /home/airflow/.local/lib/python3.12/site-packages/airflow/example_dags/example_branch_datetime_operator.py
[2026-04-26T23:48:55.645+0000] {processor.py:840} INFO - DAG(s) 'example_branch_datetime_operator_3', 'example_branch_datetime_operator', 'example_branch_datetime_operator_2' retrieved from /home/airflow/.local/lib/python3.12/site-packages/airflow/example_dags/example_branch_datetime_operator.py
[2026-04-26T23:48:55.659+0000] {logging_mixin.py:188} INFO - [2026-04-26T23:48:55.659+0000] {dag.py:3096} INFO - Sync 3 DAGs
[2026-04-26T23:48:55.671+0000] {logging_mixin.py:188} INFO - [2026-04-26T23:48:55.671+0000] {dag.py:3954} INFO - Setting next_dagrun for example_branch_datetime_operator to 2026-04-25 00:00:00+00:00, run_after=2026-04-26 00:00:00+00:00
[2026-04-26T23:48:55.674+0000] {logging_mixin.py:188} INFO - [2026-04-26T23:48:55.673+0000] {dag.py:3954} INFO - Setting next_dagrun for example_branch_datetime_operator_2 to 2026-04-25 00:00:00+00:00, run_after=2026-04-26 00:00:00+00:00
[2026-04-26T23:48:55.675+0000] {logging_mixin.py:188} INFO - [2026-04-26T23:48:55.674+0000] {dag.py:3954} INFO - Setting next_dagrun for example_branch_datetime_operator_3 to 2026-04-25 00:00:00+00:00, run_after=2026-04-26 00:00:00+00:00
[2026-04-26T23:48:55.683+0000] {processor.py:183} INFO - Processing /home/airflow/.local/lib/python3.12/site-packages/airflow/example_dags/example_branch_datetime_operator.py took 0.049 seconds
[2026-04-26T23:49:25.769+0000] {processor.py:161} INFO - Started process (PID=779) to work on /home/airflow/.local/lib/python3.12/site-packages/airflow/example_dags/example_branch_datetime_operator.py
[2026-04-26T23:49:25.769+0000] {processor.py:830} INFO - Processing file /home/airflow/.local/lib/python3.12/site-packages/airflow/example_dags/example_branch_datetime_operator.py for tasks to queue
[2026-04-26T23:49:25.770+0000] {logging_mixin.py:188} INFO - [2026-04-26T23:49:25.770+0000] {dagbag.py:545} INFO - Filling up the DagBag from /home/airflow/.local/lib/python3.12/site-packages/airflow/example_dags/example_branch_datetime_operator.py
[2026-04-26T23:49:25.777+0000] {processor.py:840} INFO - DAG(s) 'example_branch_datetime_operator', 'example_branch_datetime_operator_2', 'example_branch_datetime_operator_3' retrieved from /home/airflow/.local/lib/python3.12/site-packages/airflow/example_dags/example_branch_datetime_operator.py
[2026-04-26T23:49:25.794+0000] {logging_mixin.py:188} INFO - [2026-04-26T23:49:25.794+0000] {dag.py:3096} INFO - Sync 3 DAGs
[2026-04-26T23:49:25.809+0000] {logging_mixin.py:188} INFO - [2026-04-26T23:49:25.809+0000] {dag.py:3954} INFO - Setting next_dagrun for example_branch_datetime_operator to 2026-04-25 00:00:00+00:00, run_after=2026-04-26 00:00:00+00:00
[2026-04-26T23:49:25.812+0000] {logging_mixin.py:188} INFO - [2026-04-26T23:49:25.812+0000] {dag.py:3954} INFO - Setting next_dagrun for example_branch_datetime_operator_2 to 2026-04-25 00:00:00+00:00, run_after=2026-04-26 00:00:00+00:00
[2026-04-26T23:49:25.814+0000] {logging_mixin.py:188} INFO - [2026-04-26T23:49:25.813+0000] {dag.py:3954} INFO - Setting next_dagrun for example_branch_datetime_operator_3 to 2026-04-25 00:00:00+00:00, run_after=2026-04-26 00:00:00+00:00
[2026-04-26T23:49:25.824+0000] {processor.py:183} INFO - Processing /home/airflow/.local/lib/python3.12/site-packages/airflow/example_dags/example_branch_datetime_operator.py took 0.059 seconds
[2026-04-26T23:50:03.335+0000] {processor.py:161} INFO - Started process (PID=65) to work on /home/airflow/.local/lib/python3.12/site-packages/airflow/example_dags/example_branch_datetime_operator.py
[2026-04-26T23:50:03.336+0000] {processor.py:830} INFO - Processing file /home/airflow/.local/lib/python3.12/site-packages/airflow/example_dags/example_branch_datetime_operator.py for tasks to queue
[2026-04-26T23:50:03.337+0000] {logging_mixin.py:188} INFO - [2026-04-26T23:50:03.337+0000] {dagbag.py:545} INFO - Filling up the DagBag from /home/airflow/.local/lib/python3.12/site-packages/airflow/example_dags/example_branch_datetime_operator.py
[2026-04-26T23:50:03.355+0000] {processor.py:840} INFO - DAG(s) 'example_branch_datetime_operator_3', 'example_branch_datetime_operator_2', 'example_branch_datetime_operator' retrieved from /home/airflow/.local/lib/python3.12/site-packages/airflow/example_dags/example_branch_datetime_operator.py
[2026-04-26T23:50:03.370+0000] {logging_mixin.py:188} INFO - [2026-04-26T23:50:03.370+0000] {dag.py:3096} INFO - Sync 3 DAGs
[2026-04-26T23:50:03.383+0000] {logging_mixin.py:188} INFO - [2026-04-26T23:50:03.383+0000] {dag.py:3954} INFO - Setting next_dagrun for example_branch_datetime_operator to 2026-04-25 00:00:00+00:00, run_after=2026-04-26 00:00:00+00:00
[2026-04-26T23:50:03.386+0000] {logging_mixin.py:188} INFO - [2026-04-26T23:50:03.386+0000] {dag.py:3954} INFO - Setting next_dagrun for example_branch_datetime_operator_2 to 2026-04-25 00:00:00+00:00, run_after=2026-04-26 00:00:00+00:00
[2026-04-26T23:50:03.387+0000] {logging_mixin.py:188} INFO - [2026-04-26T23:50:03.387+0000] {dag.py:3954} INFO - Setting next_dagrun for example_branch_datetime_operator_3 to 2026-04-25 00:00:00+00:00, run_after=2026-04-26 00:00:00+00:00
[2026-04-26T23:50:03.395+0000] {processor.py:183} INFO - Processing /home/airflow/.local/lib/python3.12/site-packages/airflow/example_dags/example_branch_datetime_operator.py took 0.063 seconds
[2026-04-26T23:50:34.405+0000] {processor.py:161} INFO - Started process (PID=130) to work on /home/airflow/.local/lib/python3.12/site-packages/airflow/example_dags/example_branch_datetime_operator.py
[2026-04-26T23:50:34.416+0000] {processor.py:830} INFO - Processing file /home/airflow/.local/lib/python3.12/site-packages/airflow/example_dags/example_branch_datetime_operator.py for tasks to queue
[2026-04-26T23:50:34.417+0000] {logging_mixin.py:188} INFO - [2026-04-26T23:50:34.417+0000] {dagbag.py:545} INFO - Filling up the DagBag from /home/airflow/.local/lib/python3.12/site-packages/airflow/example_dags/example_branch_datetime_operator.py
[2026-04-26T23:50:34.424+0000] {processor.py:840} INFO - DAG(s) 'example_branch_datetime_operator', 'example_branch_datetime_operator_3', 'example_branch_datetime_operator_2' retrieved from /home/airflow/.local/lib/python3.12/site-packages/airflow/example_dags/example_branch_datetime_operator.py
[2026-04-26T23:50:34.492+0000] {logging_mixin.py:188} INFO - [2026-04-26T23:50:34.492+0000] {dag.py:3096} INFO - Sync 3 DAGs
[2026-04-26T23:50:34.504+0000] {logging_mixin.py:188} INFO - [2026-04-26T23:50:34.504+0000] {dag.py:3954} INFO - Setting next_dagrun for example_branch_datetime_operator to 2026-04-25 00:00:00+00:00, run_after=2026-04-26 00:00:00+00:00
[2026-04-26T23:50:34.506+0000] {logging_mixin.py:188} INFO - [2026-04-26T23:50:34.506+0000] {dag.py:3954} INFO - Setting next_dagrun for example_branch_datetime_operator_2 to 2026-04-25 00:00:00+00:00, run_after=2026-04-26 00:00:00+00:00
[2026-04-26T23:50:34.508+0000] {logging_mixin.py:188} INFO - [2026-04-26T23:50:34.508+0000] {dag.py:3954} INFO - Setting next_dagrun for example_branch_datetime_operator_3 to 2026-04-25 00:00:00+00:00, run_after=2026-04-26 00:00:00+00:00
[2026-04-26T23:50:34.518+0000] {processor.py:183} INFO - Processing /home/airflow/.local/lib/python3.12/site-packages/airflow/example_dags/example_branch_datetime_operator.py took 0.117 seconds
[2026-04-26T23:51:04.733+0000] {processor.py:161} INFO - Started process (PID=189) to work on /home/airflow/.local/lib/python3.12/site-packages/airflow/example_dags/example_branch_datetime_operator.py
[2026-04-26T23:51:04.734+0000] {processor.py:830} INFO - Processing file /home/airflow/.local/lib/python3.12/site-packages/airflow/example_dags/example_branch_datetime_operator.py for tasks to queue
[2026-04-26T23:51:04.735+0000] {logging_mixin.py:188} INFO - [2026-04-26T23:51:04.734+0000] {dagbag.py:545} INFO - Filling up the DagBag from /home/airflow/.local/lib/python3.12/site-packages/airflow/example_dags/example_branch_datetime_operator.py
[2026-04-26T23:51:04.741+0000] {processor.py:840} INFO - DAG(s) 'example_branch_datetime_operator_3', 'example_branch_datetime_operator_2', 'example_branch_datetime_operator' retrieved from /home/airflow/.local/lib/python3.12/site-packages/airflow/example_dags/example_branch_datetime_operator.py
[2026-04-26T23:51:04.754+0000] {logging_mixin.py:188} INFO - [2026-04-26T23:51:04.754+0000] {dag.py:3096} INFO - Sync 3 DAGs
[2026-04-26T23:51:04.766+0000] {logging_mixin.py:188} INFO - [2026-04-26T23:51:04.766+0000] {dag.py:3954} INFO - Setting next_dagrun for example_branch_datetime_operator to 2026-04-25 00:00:00+00:00, run_after=2026-04-26 00:00:00+00:00
[2026-04-26T23:51:04.768+0000] {logging_mixin.py:188} INFO - [2026-04-26T23:51:04.768+0000] {dag.py:3954} INFO - Setting next_dagrun for example_branch_datetime_operator_2 to 2026-04-25 00:00:00+00:00, run_after=2026-04-26 00:00:00+00:00
[2026-04-26T23:51:04.769+0000] {logging_mixin.py:188} INFO - [2026-04-26T23:51:04.769+0000] {dag.py:3954} INFO - Setting next_dagrun for example_branch_datetime_operator_3 to 2026-04-25 00:00:00+00:00, run_after=2026-04-26 00:00:00+00:00
[2026-04-26T23:51:04.777+0000] {processor.py:183} INFO - Processing /home/airflow/.local/lib/python3.12/site-packages/airflow/example_dags/example_branch_datetime_operator.py took 0.047 seconds
[2026-04-26T23:51:34.837+0000] {processor.py:161} INFO - Started process (PID=248) to work on /home/airflow/.local/lib/python3.12/site-packages/airflow/example_dags/example_branch_datetime_operator.py
[2026-04-26T23:51:34.855+0000] {processor.py:830} INFO - Processing file /home/airflow/.local/lib/python3.12/site-packages/airflow/example_dags/example_branch_datetime_operator.py for tasks to queue
[2026-04-26T23:51:34.856+0000] {logging_mixin.py:188} INFO - [2026-04-26T23:51:34.856+0000] {dagbag.py:545} INFO - Filling up the DagBag from /home/airflow/.local/lib/python3.12/site-packages/airflow/example_dags/example_branch_datetime_operator.py
[2026-04-26T23:51:34.863+0000] {processor.py:840} INFO - DAG(s) 'example_branch_datetime_operator', 'example_branch_datetime_operator_3', 'example_branch_datetime_operator_2' retrieved from /home/airflow/.local/lib/python3.12/site-packages/airflow/example_dags/example_branch_datetime_operator.py
[2026-04-26T23:51:34.878+0000] {logging_mixin.py:188} INFO - [2026-04-26T23:51:34.877+0000] {dag.py:3096} INFO - Sync 3 DAGs
[2026-04-26T23:51:34.892+0000] {logging_mixin.py:188} INFO - [2026-04-26T23:51:34.891+0000] {dag.py:3954} INFO - Setting next_dagrun for example_branch_datetime_operator to 2026-04-25 00:00:00+00:00, run_after=2026-04-26 00:00:00+00:00
[2026-04-26T23:51:34.894+0000] {logging_mixin.py:188} INFO - [2026-04-26T23:51:34.894+0000] {dag.py:3954} INFO - Setting next_dagrun for example_branch_datetime_operator_2 to 2026-04-25 00:00:00+00:00, run_after=2026-04-26 00:00:00+00:00
[2026-04-26T23:51:34.895+0000] {logging_mixin.py:188} INFO - [2026-04-26T23:51:34.895+0000] {dag.py:3954} INFO - Setting next_dagrun for example_branch_datetime_operator_3 to 2026-04-25 00:00:00+00:00, run_after=2026-04-26 00:00:00+00:00
[2026-04-26T23:51:34.904+0000] {processor.py:183} INFO - Processing /home/airflow/.local/lib/python3.12/site-packages/airflow/example_dags/example_branch_datetime_operator.py took 0.070 seconds
[2026-04-26T23:52:04.957+0000] {processor.py:161} INFO - Started process (PID=307) to work on /home/airflow/.local/lib/python3.12/site-packages/airflow/example_dags/example_branch_datetime_operator.py
[2026-04-26T23:52:04.957+0000] {processor.py:830} INFO - Processing file /home/airflow/.local/lib/python3.12/site-packages/airflow/example_dags/example_branch_datetime_operator.py for tasks to queue
[2026-04-26T23:52:04.959+0000] {logging_mixin.py:188} INFO - [2026-04-26T23:52:04.959+0000] {dagbag.py:545} INFO - Filling up the DagBag from /home/airflow/.local/lib/python3.12/site-packages/airflow/example_dags/example_branch_datetime_operator.py
[2026-04-26T23:52:04.969+0000] {processor.py:840} INFO - DAG(s) 'example_branch_datetime_operator_3', 'example_branch_datetime_operator_2', 'example_branch_datetime_operator' retrieved from /home/airflow/.local/lib/python3.12/site-packages/airflow/example_dags/example_branch_datetime_operator.py
[2026-04-26T23:52:04.990+0000] {logging_mixin.py:188} INFO - [2026-04-26T23:52:04.990+0000] {dag.py:3096} INFO - Sync 3 DAGs
[2026-04-26T23:52:05.010+0000] {logging_mixin.py:188} INFO - [2026-04-26T23:52:05.010+0000] {dag.py:3954} INFO - Setting next_dagrun for example_branch_datetime_operator to 2026-04-25 00:00:00+00:00, run_after=2026-04-26 00:00:00+00:00
[2026-04-26T23:52:05.014+0000] {logging_mixin.py:188} INFO - [2026-04-26T23:52:05.014+0000] {dag.py:3954} INFO - Setting next_dagrun for example_branch_datetime_operator_2 to 2026-04-25 00:00:00+00:00, run_after=2026-04-26 00:00:00+00:00
[2026-04-26T23:52:05.016+0000] {logging_mixin.py:188} INFO - [2026-04-26T23:52:05.016+0000] {dag.py:3954} INFO - Setting next_dagrun for example_branch_datetime_operator_3 to 2026-04-25 00:00:00+00:00, run_after=2026-04-26 00:00:00+00:00
[2026-04-26T23:52:05.028+0000] {processor.py:183} INFO - Processing /home/airflow/.local/lib/python3.12/site-packages/airflow/example_dags/example_branch_datetime_operator.py took 0.078 seconds
[2026-04-26T23:52:35.160+0000] {processor.py:161} INFO - Started process (PID=366) to work on /home/airflow/.local/lib/python3.12/site-packages/airflow/example_dags/example_branch_datetime_operator.py
[2026-04-26T23:52:35.187+0000] {processor.py:830} INFO - Processing file /home/airflow/.local/lib/python3.12/site-packages/airflow/example_dags/example_branch_datetime_operator.py for tasks to queue
[2026-04-26T23:52:35.189+0000] {logging_mixin.py:188} INFO - [2026-04-26T23:52:35.189+0000] {dagbag.py:545} INFO - Filling up the DagBag from /home/airflow/.local/lib/python3.12/site-packages/airflow/example_dags/example_branch_datetime_operator.py
[2026-04-26T23:52:35.197+0000] {processor.py:840} INFO - DAG(s) 'example_branch_datetime_operator_2', 'example_branch_datetime_operator', 'example_branch_datetime_operator_3' retrieved from /home/airflow/.local/lib/python3.12/site-packages/airflow/example_dags/example_branch_datetime_operator.py
[2026-04-26T23:52:35.219+0000] {logging_mixin.py:188} INFO - [2026-04-26T23:52:35.219+0000] {dag.py:3096} INFO - Sync 3 DAGs
[2026-04-26T23:52:35.239+0000] {logging_mixin.py:188} INFO - [2026-04-26T23:52:35.239+0000] {dag.py:3954} INFO - Setting next_dagrun for example_branch_datetime_operator to 2026-04-25 00:00:00+00:00, run_after=2026-04-26 00:00:00+00:00
[2026-04-26T23:52:35.242+0000] {logging_mixin.py:188} INFO - [2026-04-26T23:52:35.242+0000] {dag.py:3954} INFO - Setting next_dagrun for example_branch_datetime_operator_2 to 2026-04-25 00:00:00+00:00, run_after=2026-04-26 00:00:00+00:00
[2026-04-26T23:52:35.244+0000] {logging_mixin.py:188} INFO - [2026-04-26T23:52:35.244+0000] {dag.py:3954} INFO - Setting next_dagrun for example_branch_datetime_operator_3 to 2026-04-25 00:00:00+00:00, run_after=2026-04-26 00:00:00+00:00
[2026-04-26T23:52:35.256+0000] {processor.py:183} INFO - Processing /home/airflow/.local/lib/python3.12/site-packages/airflow/example_dags/example_branch_datetime_operator.py took 0.101 seconds
[2026-04-26T23:53:06.012+0000] {processor.py:161} INFO - Started process (PID=425) to work on /home/airflow/.local/lib/python3.12/site-packages/airflow/example_dags/example_branch_datetime_operator.py
[2026-04-26T23:53:06.012+0000] {processor.py:830} INFO - Processing file /home/airflow/.local/lib/python3.12/site-packages/airflow/example_dags/example_branch_datetime_operator.py for tasks to queue
[2026-04-26T23:53:06.014+0000] {logging_mixin.py:188} INFO - [2026-04-26T23:53:06.014+0000] {dagbag.py:545} INFO - Filling up the DagBag from /home/airflow/.local/lib/python3.12/site-packages/airflow/example_dags/example_branch_datetime_operator.py
[2026-04-26T23:53:06.022+0000] {processor.py:840} INFO - DAG(s) 'example_branch_datetime_operator_2', 'example_branch_datetime_operator', 'example_branch_datetime_operator_3' retrieved from /home/airflow/.local/lib/python3.12/site-packages/airflow/example_dags/example_branch_datetime_operator.py
[2026-04-26T23:53:06.041+0000] {logging_mixin.py:188} INFO - [2026-04-26T23:53:06.041+0000] {dag.py:3096} INFO - Sync 3 DAGs
[2026-04-26T23:53:06.056+0000] {logging_mixin.py:188} INFO - [2026-04-26T23:53:06.056+0000] {dag.py:3954} INFO - Setting next_dagrun for example_branch_datetime_operator to 2026-04-25 00:00:00+00:00, run_after=2026-04-26 00:00:00+00:00
[2026-04-26T23:53:06.060+0000] {logging_mixin.py:188} INFO - [2026-04-26T23:53:06.060+0000] {dag.py:3954} INFO - Setting next_dagrun for example_branch_datetime_operator_2 to 2026-04-25 00:00:00+00:00, run_after=2026-04-26 00:00:00+00:00
[2026-04-26T23:53:06.061+0000] {logging_mixin.py:188} INFO - [2026-04-26T23:53:06.061+0000] {dag.py:3954} INFO - Setting next_dagrun for example_branch_datetime_operator_3 to 2026-04-25 00:00:00+00:00, run_after=2026-04-26 00:00:00+00:00
[2026-04-26T23:53:06.077+0000] {processor.py:183} INFO - Processing /home/airflow/.local/lib/python3.12/site-packages/airflow/example_dags/example_branch_datetime_operator.py took 0.070 seconds
[2026-04-26T23:53:36.309+0000] {processor.py:161} INFO - Started process (PID=484) to work on /home/airflow/.local/lib/python3.12/site-packages/airflow/example_dags/example_branch_datetime_operator.py
[2026-04-26T23:53:36.312+0000] {processor.py:830} INFO - Processing file /home/airflow/.local/lib/python3.12/site-packages/airflow/example_dags/example_branch_datetime_operator.py for tasks to queue
[2026-04-26T23:53:36.313+0000] {logging_mixin.py:188} INFO - [2026-04-26T23:53:36.313+0000] {dagbag.py:545} INFO - Filling up the DagBag from /home/airflow/.local/lib/python3.12/site-packages/airflow/example_dags/example_branch_datetime_operator.py
[2026-04-26T23:53:36.321+0000] {processor.py:840} INFO - DAG(s) 'example_branch_datetime_operator_2', 'example_branch_datetime_operator', 'example_branch_datetime_operator_3' retrieved from /home/airflow/.local/lib/python3.12/site-packages/airflow/example_dags/example_branch_datetime_operator.py
[2026-04-26T23:53:36.340+0000] {logging_mixin.py:188} INFO - [2026-04-26T23:53:36.340+0000] {dag.py:3096} INFO - Sync 3 DAGs
[2026-04-26T23:53:36.357+0000] {logging_mixin.py:188} INFO - [2026-04-26T23:53:36.356+0000] {dag.py:3954} INFO - Setting next_dagrun for example_branch_datetime_operator to 2026-04-25 00:00:00+00:00, run_after=2026-04-26 00:00:00+00:00
[2026-04-26T23:53:36.360+0000] {logging_mixin.py:188} INFO - [2026-04-26T23:53:36.360+0000] {dag.py:3954} INFO - Setting next_dagrun for example_branch_datetime_operator_2 to 2026-04-25 00:00:00+00:00, run_after=2026-04-26 00:00:00+00:00
[2026-04-26T23:53:36.362+0000] {logging_mixin.py:188} INFO - [2026-04-26T23:53:36.362+0000] {dag.py:3954} INFO - Setting next_dagrun for example_branch_datetime_operator_3 to 2026-04-25 00:00:00+00:00, run_after=2026-04-26 00:00:00+00:00
[2026-04-26T23:53:36.372+0000] {processor.py:183} INFO - Processing /home/airflow/.local/lib/python3.12/site-packages/airflow/example_dags/example_branch_datetime_operator.py took 0.068 seconds
