[2026-04-26T23:08:15.609+0000] {processor.py:161} INFO - Started process (PID=79) to work on /home/airflow/.local/lib/python3.12/site-packages/airflow/example_dags/example_python_decorator.py
[2026-04-26T23:08:15.610+0000] {processor.py:830} INFO - Processing file /home/airflow/.local/lib/python3.12/site-packages/airflow/example_dags/example_python_decorator.py for tasks to queue
[2026-04-26T23:08:15.611+0000] {logging_mixin.py:188} INFO - [2026-04-26T23:08:15.611+0000] {dagbag.py:545} INFO - Filling up the DagBag from /home/airflow/.local/lib/python3.12/site-packages/airflow/example_dags/example_python_decorator.py
[2026-04-26T23:08:15.619+0000] {processor.py:840} INFO - DAG(s) 'example_python_decorator' retrieved from /home/airflow/.local/lib/python3.12/site-packages/airflow/example_dags/example_python_decorator.py
[2026-04-26T23:08:15.626+0000] {logging_mixin.py:188} INFO - [2026-04-26T23:08:15.626+0000] {dag.py:3096} INFO - Sync 1 DAGs
[2026-04-26T23:08:15.634+0000] {logging_mixin.py:188} INFO - [2026-04-26T23:08:15.634+0000] {dag.py:3954} INFO - Setting next_dagrun for example_python_decorator to None, run_after=None
[2026-04-26T23:08:15.645+0000] {processor.py:183} INFO - Processing /home/airflow/.local/lib/python3.12/site-packages/airflow/example_dags/example_python_decorator.py took 0.040 seconds
[2026-04-26T23:08:46.710+0000] {processor.py:161} INFO - Started process (PID=137) to work on /home/airflow/.local/lib/python3.12/site-packages/airflow/example_dags/example_python_decorator.py
[2026-04-26T23:08:46.711+0000] {processor.py:830} INFO - Processing file /home/airflow/.local/lib/python3.12/site-packages/airflow/example_dags/example_python_decorator.py for tasks to queue
[2026-04-26T23:08:46.712+0000] {logging_mixin.py:188} INFO - [2026-04-26T23:08:46.711+0000] {dagbag.py:545} INFO - Filling up the DagBag from /home/airflow/.local/lib/python3.12/site-packages/airflow/example_dags/example_python_decorator.py
[2026-04-26T23:08:46.720+0000] {processor.py:840} INFO - DAG(s) 'example_python_decorator' retrieved from /home/airflow/.local/lib/python3.12/site-packages/airflow/example_dags/example_python_decorator.py
[2026-04-26T23:08:46.793+0000] {logging_mixin.py:188} INFO - [2026-04-26T23:08:46.792+0000] {dag.py:3096} INFO - Sync 1 DAGs
[2026-04-26T23:08:46.800+0000] {logging_mixin.py:188} INFO - [2026-04-26T23:08:46.800+0000] {dag.py:3954} INFO - Setting next_dagrun for example_python_decorator to None, run_after=None
[2026-04-26T23:08:46.814+0000] {processor.py:183} INFO - Processing /home/airflow/.local/lib/python3.12/site-packages/airflow/example_dags/example_python_decorator.py took 0.108 seconds
[2026-04-26T23:09:17.113+0000] {processor.py:161} INFO - Started process (PID=195) to work on /home/airflow/.local/lib/python3.12/site-packages/airflow/example_dags/example_python_decorator.py
[2026-04-26T23:09:17.113+0000] {processor.py:830} INFO - Processing file /home/airflow/.local/lib/python3.12/site-packages/airflow/example_dags/example_python_decorator.py for tasks to queue
[2026-04-26T23:09:17.114+0000] {logging_mixin.py:188} INFO - [2026-04-26T23:09:17.114+0000] {dagbag.py:545} INFO - Filling up the DagBag from /home/airflow/.local/lib/python3.12/site-packages/airflow/example_dags/example_python_decorator.py
[2026-04-26T23:09:17.121+0000] {processor.py:840} INFO - DAG(s) 'example_python_decorator' retrieved from /home/airflow/.local/lib/python3.12/site-packages/airflow/example_dags/example_python_decorator.py
[2026-04-26T23:09:17.132+0000] {logging_mixin.py:188} INFO - [2026-04-26T23:09:17.132+0000] {dag.py:3096} INFO - Sync 1 DAGs
[2026-04-26T23:09:17.138+0000] {logging_mixin.py:188} INFO - [2026-04-26T23:09:17.138+0000] {dag.py:3954} INFO - Setting next_dagrun for example_python_decorator to None, run_after=None
[2026-04-26T23:09:17.149+0000] {processor.py:183} INFO - Processing /home/airflow/.local/lib/python3.12/site-packages/airflow/example_dags/example_python_decorator.py took 0.039 seconds
[2026-04-26T23:09:47.932+0000] {processor.py:161} INFO - Started process (PID=253) to work on /home/airflow/.local/lib/python3.12/site-packages/airflow/example_dags/example_python_decorator.py
[2026-04-26T23:09:47.933+0000] {processor.py:830} INFO - Processing file /home/airflow/.local/lib/python3.12/site-packages/airflow/example_dags/example_python_decorator.py for tasks to queue
[2026-04-26T23:09:47.934+0000] {logging_mixin.py:188} INFO - [2026-04-26T23:09:47.934+0000] {dagbag.py:545} INFO - Filling up the DagBag from /home/airflow/.local/lib/python3.12/site-packages/airflow/example_dags/example_python_decorator.py
[2026-04-26T23:09:47.942+0000] {processor.py:840} INFO - DAG(s) 'example_python_decorator' retrieved from /home/airflow/.local/lib/python3.12/site-packages/airflow/example_dags/example_python_decorator.py
[2026-04-26T23:09:47.959+0000] {logging_mixin.py:188} INFO - [2026-04-26T23:09:47.959+0000] {dag.py:3096} INFO - Sync 1 DAGs
[2026-04-26T23:09:47.968+0000] {logging_mixin.py:188} INFO - [2026-04-26T23:09:47.968+0000] {dag.py:3954} INFO - Setting next_dagrun for example_python_decorator to None, run_after=None
[2026-04-26T23:09:47.980+0000] {processor.py:183} INFO - Processing /home/airflow/.local/lib/python3.12/site-packages/airflow/example_dags/example_python_decorator.py took 0.052 seconds
[2026-04-26T23:10:18.823+0000] {processor.py:161} INFO - Started process (PID=317) to work on /home/airflow/.local/lib/python3.12/site-packages/airflow/example_dags/example_python_decorator.py
[2026-04-26T23:10:18.823+0000] {processor.py:830} INFO - Processing file /home/airflow/.local/lib/python3.12/site-packages/airflow/example_dags/example_python_decorator.py for tasks to queue
[2026-04-26T23:10:18.824+0000] {logging_mixin.py:188} INFO - [2026-04-26T23:10:18.824+0000] {dagbag.py:545} INFO - Filling up the DagBag from /home/airflow/.local/lib/python3.12/site-packages/airflow/example_dags/example_python_decorator.py
[2026-04-26T23:10:18.831+0000] {processor.py:840} INFO - DAG(s) 'example_python_decorator' retrieved from /home/airflow/.local/lib/python3.12/site-packages/airflow/example_dags/example_python_decorator.py
[2026-04-26T23:10:18.842+0000] {logging_mixin.py:188} INFO - [2026-04-26T23:10:18.842+0000] {dag.py:3096} INFO - Sync 1 DAGs
[2026-04-26T23:10:18.848+0000] {logging_mixin.py:188} INFO - [2026-04-26T23:10:18.848+0000] {dag.py:3954} INFO - Setting next_dagrun for example_python_decorator to None, run_after=None
[2026-04-26T23:10:18.856+0000] {processor.py:183} INFO - Processing /home/airflow/.local/lib/python3.12/site-packages/airflow/example_dags/example_python_decorator.py took 0.037 seconds
[2026-04-26T23:10:48.956+0000] {processor.py:161} INFO - Started process (PID=375) to work on /home/airflow/.local/lib/python3.12/site-packages/airflow/example_dags/example_python_decorator.py
[2026-04-26T23:10:48.957+0000] {processor.py:830} INFO - Processing file /home/airflow/.local/lib/python3.12/site-packages/airflow/example_dags/example_python_decorator.py for tasks to queue
[2026-04-26T23:10:48.958+0000] {logging_mixin.py:188} INFO - [2026-04-26T23:10:48.958+0000] {dagbag.py:545} INFO - Filling up the DagBag from /home/airflow/.local/lib/python3.12/site-packages/airflow/example_dags/example_python_decorator.py
[2026-04-26T23:10:48.964+0000] {processor.py:840} INFO - DAG(s) 'example_python_decorator' retrieved from /home/airflow/.local/lib/python3.12/site-packages/airflow/example_dags/example_python_decorator.py
[2026-04-26T23:10:48.975+0000] {logging_mixin.py:188} INFO - [2026-04-26T23:10:48.975+0000] {dag.py:3096} INFO - Sync 1 DAGs
[2026-04-26T23:10:48.982+0000] {logging_mixin.py:188} INFO - [2026-04-26T23:10:48.982+0000] {dag.py:3954} INFO - Setting next_dagrun for example_python_decorator to None, run_after=None
[2026-04-26T23:10:48.990+0000] {processor.py:183} INFO - Processing /home/airflow/.local/lib/python3.12/site-packages/airflow/example_dags/example_python_decorator.py took 0.037 seconds
[2026-04-26T23:11:19.729+0000] {processor.py:161} INFO - Started process (PID=433) to work on /home/airflow/.local/lib/python3.12/site-packages/airflow/example_dags/example_python_decorator.py
[2026-04-26T23:11:19.730+0000] {processor.py:830} INFO - Processing file /home/airflow/.local/lib/python3.12/site-packages/airflow/example_dags/example_python_decorator.py for tasks to queue
[2026-04-26T23:11:19.731+0000] {logging_mixin.py:188} INFO - [2026-04-26T23:11:19.731+0000] {dagbag.py:545} INFO - Filling up the DagBag from /home/airflow/.local/lib/python3.12/site-packages/airflow/example_dags/example_python_decorator.py
[2026-04-26T23:11:19.738+0000] {processor.py:840} INFO - DAG(s) 'example_python_decorator' retrieved from /home/airflow/.local/lib/python3.12/site-packages/airflow/example_dags/example_python_decorator.py
[2026-04-26T23:11:19.750+0000] {logging_mixin.py:188} INFO - [2026-04-26T23:11:19.750+0000] {dag.py:3096} INFO - Sync 1 DAGs
[2026-04-26T23:11:19.757+0000] {logging_mixin.py:188} INFO - [2026-04-26T23:11:19.757+0000] {dag.py:3954} INFO - Setting next_dagrun for example_python_decorator to None, run_after=None
[2026-04-26T23:11:19.767+0000] {processor.py:183} INFO - Processing /home/airflow/.local/lib/python3.12/site-packages/airflow/example_dags/example_python_decorator.py took 0.042 seconds
[2026-04-26T23:11:50.497+0000] {processor.py:161} INFO - Started process (PID=491) to work on /home/airflow/.local/lib/python3.12/site-packages/airflow/example_dags/example_python_decorator.py
[2026-04-26T23:11:50.498+0000] {processor.py:830} INFO - Processing file /home/airflow/.local/lib/python3.12/site-packages/airflow/example_dags/example_python_decorator.py for tasks to queue
[2026-04-26T23:11:50.499+0000] {logging_mixin.py:188} INFO - [2026-04-26T23:11:50.499+0000] {dagbag.py:545} INFO - Filling up the DagBag from /home/airflow/.local/lib/python3.12/site-packages/airflow/example_dags/example_python_decorator.py
[2026-04-26T23:11:50.509+0000] {processor.py:840} INFO - DAG(s) 'example_python_decorator' retrieved from /home/airflow/.local/lib/python3.12/site-packages/airflow/example_dags/example_python_decorator.py
[2026-04-26T23:11:50.522+0000] {logging_mixin.py:188} INFO - [2026-04-26T23:11:50.521+0000] {dag.py:3096} INFO - Sync 1 DAGs
[2026-04-26T23:11:50.529+0000] {logging_mixin.py:188} INFO - [2026-04-26T23:11:50.529+0000] {dag.py:3954} INFO - Setting next_dagrun for example_python_decorator to None, run_after=None
[2026-04-26T23:11:50.539+0000] {processor.py:183} INFO - Processing /home/airflow/.local/lib/python3.12/site-packages/airflow/example_dags/example_python_decorator.py took 0.046 seconds
[2026-04-26T23:12:21.325+0000] {processor.py:161} INFO - Started process (PID=549) to work on /home/airflow/.local/lib/python3.12/site-packages/airflow/example_dags/example_python_decorator.py
[2026-04-26T23:12:21.326+0000] {processor.py:830} INFO - Processing file /home/airflow/.local/lib/python3.12/site-packages/airflow/example_dags/example_python_decorator.py for tasks to queue
[2026-04-26T23:12:21.327+0000] {logging_mixin.py:188} INFO - [2026-04-26T23:12:21.326+0000] {dagbag.py:545} INFO - Filling up the DagBag from /home/airflow/.local/lib/python3.12/site-packages/airflow/example_dags/example_python_decorator.py
[2026-04-26T23:12:21.333+0000] {processor.py:840} INFO - DAG(s) 'example_python_decorator' retrieved from /home/airflow/.local/lib/python3.12/site-packages/airflow/example_dags/example_python_decorator.py
[2026-04-26T23:12:21.346+0000] {logging_mixin.py:188} INFO - [2026-04-26T23:12:21.346+0000] {dag.py:3096} INFO - Sync 1 DAGs
[2026-04-26T23:12:21.353+0000] {logging_mixin.py:188} INFO - [2026-04-26T23:12:21.353+0000] {dag.py:3954} INFO - Setting next_dagrun for example_python_decorator to None, run_after=None
[2026-04-26T23:12:21.364+0000] {processor.py:183} INFO - Processing /home/airflow/.local/lib/python3.12/site-packages/airflow/example_dags/example_python_decorator.py took 0.043 seconds
[2026-04-26T23:12:52.207+0000] {processor.py:161} INFO - Started process (PID=607) to work on /home/airflow/.local/lib/python3.12/site-packages/airflow/example_dags/example_python_decorator.py
[2026-04-26T23:12:52.208+0000] {processor.py:830} INFO - Processing file /home/airflow/.local/lib/python3.12/site-packages/airflow/example_dags/example_python_decorator.py for tasks to queue
[2026-04-26T23:12:52.209+0000] {logging_mixin.py:188} INFO - [2026-04-26T23:12:52.209+0000] {dagbag.py:545} INFO - Filling up the DagBag from /home/airflow/.local/lib/python3.12/site-packages/airflow/example_dags/example_python_decorator.py
[2026-04-26T23:12:52.216+0000] {processor.py:840} INFO - DAG(s) 'example_python_decorator' retrieved from /home/airflow/.local/lib/python3.12/site-packages/airflow/example_dags/example_python_decorator.py
[2026-04-26T23:12:52.229+0000] {logging_mixin.py:188} INFO - [2026-04-26T23:12:52.229+0000] {dag.py:3096} INFO - Sync 1 DAGs
[2026-04-26T23:12:52.238+0000] {logging_mixin.py:188} INFO - [2026-04-26T23:12:52.238+0000] {dag.py:3954} INFO - Setting next_dagrun for example_python_decorator to None, run_after=None
[2026-04-26T23:12:52.248+0000] {processor.py:183} INFO - Processing /home/airflow/.local/lib/python3.12/site-packages/airflow/example_dags/example_python_decorator.py took 0.045 seconds
[2026-04-26T23:13:22.297+0000] {processor.py:161} INFO - Started process (PID=665) to work on /home/airflow/.local/lib/python3.12/site-packages/airflow/example_dags/example_python_decorator.py
[2026-04-26T23:13:22.297+0000] {processor.py:830} INFO - Processing file /home/airflow/.local/lib/python3.12/site-packages/airflow/example_dags/example_python_decorator.py for tasks to queue
[2026-04-26T23:13:22.298+0000] {logging_mixin.py:188} INFO - [2026-04-26T23:13:22.298+0000] {dagbag.py:545} INFO - Filling up the DagBag from /home/airflow/.local/lib/python3.12/site-packages/airflow/example_dags/example_python_decorator.py
[2026-04-26T23:13:22.308+0000] {processor.py:840} INFO - DAG(s) 'example_python_decorator' retrieved from /home/airflow/.local/lib/python3.12/site-packages/airflow/example_dags/example_python_decorator.py
[2026-04-26T23:13:22.328+0000] {logging_mixin.py:188} INFO - [2026-04-26T23:13:22.328+0000] {dag.py:3096} INFO - Sync 1 DAGs
[2026-04-26T23:13:22.342+0000] {logging_mixin.py:188} INFO - [2026-04-26T23:13:22.342+0000] {dag.py:3954} INFO - Setting next_dagrun for example_python_decorator to None, run_after=None
[2026-04-26T23:13:22.363+0000] {processor.py:183} INFO - Processing /home/airflow/.local/lib/python3.12/site-packages/airflow/example_dags/example_python_decorator.py took 0.070 seconds
[2026-04-26T23:13:52.484+0000] {processor.py:161} INFO - Started process (PID=723) to work on /home/airflow/.local/lib/python3.12/site-packages/airflow/example_dags/example_python_decorator.py
[2026-04-26T23:13:52.484+0000] {processor.py:830} INFO - Processing file /home/airflow/.local/lib/python3.12/site-packages/airflow/example_dags/example_python_decorator.py for tasks to queue
[2026-04-26T23:13:52.486+0000] {logging_mixin.py:188} INFO - [2026-04-26T23:13:52.485+0000] {dagbag.py:545} INFO - Filling up the DagBag from /home/airflow/.local/lib/python3.12/site-packages/airflow/example_dags/example_python_decorator.py
[2026-04-26T23:13:52.493+0000] {processor.py:840} INFO - DAG(s) 'example_python_decorator' retrieved from /home/airflow/.local/lib/python3.12/site-packages/airflow/example_dags/example_python_decorator.py
[2026-04-26T23:13:52.505+0000] {logging_mixin.py:188} INFO - [2026-04-26T23:13:52.505+0000] {dag.py:3096} INFO - Sync 1 DAGs
[2026-04-26T23:13:52.513+0000] {logging_mixin.py:188} INFO - [2026-04-26T23:13:52.513+0000] {dag.py:3954} INFO - Setting next_dagrun for example_python_decorator to None, run_after=None
[2026-04-26T23:13:52.523+0000] {processor.py:183} INFO - Processing /home/airflow/.local/lib/python3.12/site-packages/airflow/example_dags/example_python_decorator.py took 0.043 seconds
[2026-04-26T23:14:23.123+0000] {processor.py:161} INFO - Started process (PID=781) to work on /home/airflow/.local/lib/python3.12/site-packages/airflow/example_dags/example_python_decorator.py
[2026-04-26T23:14:23.123+0000] {processor.py:830} INFO - Processing file /home/airflow/.local/lib/python3.12/site-packages/airflow/example_dags/example_python_decorator.py for tasks to queue
[2026-04-26T23:14:23.124+0000] {logging_mixin.py:188} INFO - [2026-04-26T23:14:23.124+0000] {dagbag.py:545} INFO - Filling up the DagBag from /home/airflow/.local/lib/python3.12/site-packages/airflow/example_dags/example_python_decorator.py
[2026-04-26T23:14:23.132+0000] {processor.py:840} INFO - DAG(s) 'example_python_decorator' retrieved from /home/airflow/.local/lib/python3.12/site-packages/airflow/example_dags/example_python_decorator.py
[2026-04-26T23:14:23.142+0000] {logging_mixin.py:188} INFO - [2026-04-26T23:14:23.142+0000] {dag.py:3096} INFO - Sync 1 DAGs
[2026-04-26T23:14:23.149+0000] {logging_mixin.py:188} INFO - [2026-04-26T23:14:23.148+0000] {dag.py:3954} INFO - Setting next_dagrun for example_python_decorator to None, run_after=None
[2026-04-26T23:14:23.158+0000] {processor.py:183} INFO - Processing /home/airflow/.local/lib/python3.12/site-packages/airflow/example_dags/example_python_decorator.py took 0.038 seconds
[2026-04-26T23:14:53.960+0000] {processor.py:161} INFO - Started process (PID=839) to work on /home/airflow/.local/lib/python3.12/site-packages/airflow/example_dags/example_python_decorator.py
[2026-04-26T23:14:53.960+0000] {processor.py:830} INFO - Processing file /home/airflow/.local/lib/python3.12/site-packages/airflow/example_dags/example_python_decorator.py for tasks to queue
[2026-04-26T23:14:53.961+0000] {logging_mixin.py:188} INFO - [2026-04-26T23:14:53.961+0000] {dagbag.py:545} INFO - Filling up the DagBag from /home/airflow/.local/lib/python3.12/site-packages/airflow/example_dags/example_python_decorator.py
[2026-04-26T23:14:53.968+0000] {processor.py:840} INFO - DAG(s) 'example_python_decorator' retrieved from /home/airflow/.local/lib/python3.12/site-packages/airflow/example_dags/example_python_decorator.py
[2026-04-26T23:14:53.980+0000] {logging_mixin.py:188} INFO - [2026-04-26T23:14:53.980+0000] {dag.py:3096} INFO - Sync 1 DAGs
[2026-04-26T23:14:53.987+0000] {logging_mixin.py:188} INFO - [2026-04-26T23:14:53.987+0000] {dag.py:3954} INFO - Setting next_dagrun for example_python_decorator to None, run_after=None
[2026-04-26T23:14:53.996+0000] {processor.py:183} INFO - Processing /home/airflow/.local/lib/python3.12/site-packages/airflow/example_dags/example_python_decorator.py took 0.040 seconds
[2026-04-26T23:15:24.216+0000] {processor.py:161} INFO - Started process (PID=897) to work on /home/airflow/.local/lib/python3.12/site-packages/airflow/example_dags/example_python_decorator.py
[2026-04-26T23:15:24.217+0000] {processor.py:830} INFO - Processing file /home/airflow/.local/lib/python3.12/site-packages/airflow/example_dags/example_python_decorator.py for tasks to queue
[2026-04-26T23:15:24.218+0000] {logging_mixin.py:188} INFO - [2026-04-26T23:15:24.217+0000] {dagbag.py:545} INFO - Filling up the DagBag from /home/airflow/.local/lib/python3.12/site-packages/airflow/example_dags/example_python_decorator.py
[2026-04-26T23:15:24.225+0000] {processor.py:840} INFO - DAG(s) 'example_python_decorator' retrieved from /home/airflow/.local/lib/python3.12/site-packages/airflow/example_dags/example_python_decorator.py
[2026-04-26T23:15:24.239+0000] {logging_mixin.py:188} INFO - [2026-04-26T23:15:24.239+0000] {dag.py:3096} INFO - Sync 1 DAGs
[2026-04-26T23:15:24.246+0000] {logging_mixin.py:188} INFO - [2026-04-26T23:15:24.246+0000] {dag.py:3954} INFO - Setting next_dagrun for example_python_decorator to None, run_after=None
[2026-04-26T23:15:24.256+0000] {processor.py:183} INFO - Processing /home/airflow/.local/lib/python3.12/site-packages/airflow/example_dags/example_python_decorator.py took 0.044 seconds
[2026-04-26T23:15:55.246+0000] {processor.py:161} INFO - Started process (PID=955) to work on /home/airflow/.local/lib/python3.12/site-packages/airflow/example_dags/example_python_decorator.py
[2026-04-26T23:15:55.246+0000] {processor.py:830} INFO - Processing file /home/airflow/.local/lib/python3.12/site-packages/airflow/example_dags/example_python_decorator.py for tasks to queue
[2026-04-26T23:15:55.248+0000] {logging_mixin.py:188} INFO - [2026-04-26T23:15:55.247+0000] {dagbag.py:545} INFO - Filling up the DagBag from /home/airflow/.local/lib/python3.12/site-packages/airflow/example_dags/example_python_decorator.py
[2026-04-26T23:15:55.256+0000] {processor.py:840} INFO - DAG(s) 'example_python_decorator' retrieved from /home/airflow/.local/lib/python3.12/site-packages/airflow/example_dags/example_python_decorator.py
[2026-04-26T23:15:55.269+0000] {logging_mixin.py:188} INFO - [2026-04-26T23:15:55.269+0000] {dag.py:3096} INFO - Sync 1 DAGs
[2026-04-26T23:15:55.278+0000] {logging_mixin.py:188} INFO - [2026-04-26T23:15:55.278+0000] {dag.py:3954} INFO - Setting next_dagrun for example_python_decorator to None, run_after=None
[2026-04-26T23:15:55.290+0000] {processor.py:183} INFO - Processing /home/airflow/.local/lib/python3.12/site-packages/airflow/example_dags/example_python_decorator.py took 0.048 seconds
[2026-04-26T23:16:25.414+0000] {processor.py:161} INFO - Started process (PID=1013) to work on /home/airflow/.local/lib/python3.12/site-packages/airflow/example_dags/example_python_decorator.py
[2026-04-26T23:16:25.414+0000] {processor.py:830} INFO - Processing file /home/airflow/.local/lib/python3.12/site-packages/airflow/example_dags/example_python_decorator.py for tasks to queue
[2026-04-26T23:16:25.416+0000] {logging_mixin.py:188} INFO - [2026-04-26T23:16:25.415+0000] {dagbag.py:545} INFO - Filling up the DagBag from /home/airflow/.local/lib/python3.12/site-packages/airflow/example_dags/example_python_decorator.py
[2026-04-26T23:16:25.425+0000] {processor.py:840} INFO - DAG(s) 'example_python_decorator' retrieved from /home/airflow/.local/lib/python3.12/site-packages/airflow/example_dags/example_python_decorator.py
[2026-04-26T23:16:25.441+0000] {logging_mixin.py:188} INFO - [2026-04-26T23:16:25.441+0000] {dag.py:3096} INFO - Sync 1 DAGs
[2026-04-26T23:16:25.451+0000] {logging_mixin.py:188} INFO - [2026-04-26T23:16:25.450+0000] {dag.py:3954} INFO - Setting next_dagrun for example_python_decorator to None, run_after=None
[2026-04-26T23:16:25.463+0000] {processor.py:183} INFO - Processing /home/airflow/.local/lib/python3.12/site-packages/airflow/example_dags/example_python_decorator.py took 0.054 seconds
[2026-04-26T23:16:55.545+0000] {processor.py:161} INFO - Started process (PID=1070) to work on /home/airflow/.local/lib/python3.12/site-packages/airflow/example_dags/example_python_decorator.py
[2026-04-26T23:16:55.546+0000] {processor.py:830} INFO - Processing file /home/airflow/.local/lib/python3.12/site-packages/airflow/example_dags/example_python_decorator.py for tasks to queue
[2026-04-26T23:16:55.547+0000] {logging_mixin.py:188} INFO - [2026-04-26T23:16:55.547+0000] {dagbag.py:545} INFO - Filling up the DagBag from /home/airflow/.local/lib/python3.12/site-packages/airflow/example_dags/example_python_decorator.py
[2026-04-26T23:16:55.556+0000] {processor.py:840} INFO - DAG(s) 'example_python_decorator' retrieved from /home/airflow/.local/lib/python3.12/site-packages/airflow/example_dags/example_python_decorator.py
[2026-04-26T23:16:55.572+0000] {logging_mixin.py:188} INFO - [2026-04-26T23:16:55.572+0000] {dag.py:3096} INFO - Sync 1 DAGs
[2026-04-26T23:16:55.582+0000] {logging_mixin.py:188} INFO - [2026-04-26T23:16:55.582+0000] {dag.py:3954} INFO - Setting next_dagrun for example_python_decorator to None, run_after=None
[2026-04-26T23:16:55.594+0000] {processor.py:183} INFO - Processing /home/airflow/.local/lib/python3.12/site-packages/airflow/example_dags/example_python_decorator.py took 0.054 seconds
[2026-04-26T23:17:25.953+0000] {processor.py:161} INFO - Started process (PID=1128) to work on /home/airflow/.local/lib/python3.12/site-packages/airflow/example_dags/example_python_decorator.py
[2026-04-26T23:17:25.954+0000] {processor.py:830} INFO - Processing file /home/airflow/.local/lib/python3.12/site-packages/airflow/example_dags/example_python_decorator.py for tasks to queue
[2026-04-26T23:17:25.955+0000] {logging_mixin.py:188} INFO - [2026-04-26T23:17:25.955+0000] {dagbag.py:545} INFO - Filling up the DagBag from /home/airflow/.local/lib/python3.12/site-packages/airflow/example_dags/example_python_decorator.py
[2026-04-26T23:17:25.964+0000] {processor.py:840} INFO - DAG(s) 'example_python_decorator' retrieved from /home/airflow/.local/lib/python3.12/site-packages/airflow/example_dags/example_python_decorator.py
[2026-04-26T23:17:25.979+0000] {logging_mixin.py:188} INFO - [2026-04-26T23:17:25.979+0000] {dag.py:3096} INFO - Sync 1 DAGs
[2026-04-26T23:17:25.987+0000] {logging_mixin.py:188} INFO - [2026-04-26T23:17:25.986+0000] {dag.py:3954} INFO - Setting next_dagrun for example_python_decorator to None, run_after=None
[2026-04-26T23:17:25.996+0000] {processor.py:183} INFO - Processing /home/airflow/.local/lib/python3.12/site-packages/airflow/example_dags/example_python_decorator.py took 0.048 seconds
[2026-04-26T23:17:56.261+0000] {processor.py:161} INFO - Started process (PID=1186) to work on /home/airflow/.local/lib/python3.12/site-packages/airflow/example_dags/example_python_decorator.py
[2026-04-26T23:17:56.261+0000] {processor.py:830} INFO - Processing file /home/airflow/.local/lib/python3.12/site-packages/airflow/example_dags/example_python_decorator.py for tasks to queue
[2026-04-26T23:17:56.262+0000] {logging_mixin.py:188} INFO - [2026-04-26T23:17:56.262+0000] {dagbag.py:545} INFO - Filling up the DagBag from /home/airflow/.local/lib/python3.12/site-packages/airflow/example_dags/example_python_decorator.py
[2026-04-26T23:17:56.272+0000] {processor.py:840} INFO - DAG(s) 'example_python_decorator' retrieved from /home/airflow/.local/lib/python3.12/site-packages/airflow/example_dags/example_python_decorator.py
[2026-04-26T23:17:56.288+0000] {logging_mixin.py:188} INFO - [2026-04-26T23:17:56.288+0000] {dag.py:3096} INFO - Sync 1 DAGs
[2026-04-26T23:17:56.298+0000] {logging_mixin.py:188} INFO - [2026-04-26T23:17:56.298+0000] {dag.py:3954} INFO - Setting next_dagrun for example_python_decorator to None, run_after=None
[2026-04-26T23:17:56.311+0000] {processor.py:183} INFO - Processing /home/airflow/.local/lib/python3.12/site-packages/airflow/example_dags/example_python_decorator.py took 0.056 seconds
[2026-04-26T23:18:26.366+0000] {processor.py:161} INFO - Started process (PID=1245) to work on /home/airflow/.local/lib/python3.12/site-packages/airflow/example_dags/example_python_decorator.py
[2026-04-26T23:18:26.366+0000] {processor.py:830} INFO - Processing file /home/airflow/.local/lib/python3.12/site-packages/airflow/example_dags/example_python_decorator.py for tasks to queue
[2026-04-26T23:18:26.367+0000] {logging_mixin.py:188} INFO - [2026-04-26T23:18:26.367+0000] {dagbag.py:545} INFO - Filling up the DagBag from /home/airflow/.local/lib/python3.12/site-packages/airflow/example_dags/example_python_decorator.py
[2026-04-26T23:18:26.374+0000] {processor.py:840} INFO - DAG(s) 'example_python_decorator' retrieved from /home/airflow/.local/lib/python3.12/site-packages/airflow/example_dags/example_python_decorator.py
[2026-04-26T23:18:26.387+0000] {logging_mixin.py:188} INFO - [2026-04-26T23:18:26.387+0000] {dag.py:3096} INFO - Sync 1 DAGs
[2026-04-26T23:18:26.394+0000] {logging_mixin.py:188} INFO - [2026-04-26T23:18:26.393+0000] {dag.py:3954} INFO - Setting next_dagrun for example_python_decorator to None, run_after=None
[2026-04-26T23:18:26.403+0000] {processor.py:183} INFO - Processing /home/airflow/.local/lib/python3.12/site-packages/airflow/example_dags/example_python_decorator.py took 0.041 seconds
[2026-04-26T23:18:56.765+0000] {processor.py:161} INFO - Started process (PID=1304) to work on /home/airflow/.local/lib/python3.12/site-packages/airflow/example_dags/example_python_decorator.py
[2026-04-26T23:18:56.766+0000] {processor.py:830} INFO - Processing file /home/airflow/.local/lib/python3.12/site-packages/airflow/example_dags/example_python_decorator.py for tasks to queue
[2026-04-26T23:18:56.767+0000] {logging_mixin.py:188} INFO - [2026-04-26T23:18:56.766+0000] {dagbag.py:545} INFO - Filling up the DagBag from /home/airflow/.local/lib/python3.12/site-packages/airflow/example_dags/example_python_decorator.py
[2026-04-26T23:18:56.774+0000] {processor.py:840} INFO - DAG(s) 'example_python_decorator' retrieved from /home/airflow/.local/lib/python3.12/site-packages/airflow/example_dags/example_python_decorator.py
[2026-04-26T23:18:56.786+0000] {logging_mixin.py:188} INFO - [2026-04-26T23:18:56.786+0000] {dag.py:3096} INFO - Sync 1 DAGs
[2026-04-26T23:18:56.794+0000] {logging_mixin.py:188} INFO - [2026-04-26T23:18:56.794+0000] {dag.py:3954} INFO - Setting next_dagrun for example_python_decorator to None, run_after=None
[2026-04-26T23:18:56.804+0000] {processor.py:183} INFO - Processing /home/airflow/.local/lib/python3.12/site-packages/airflow/example_dags/example_python_decorator.py took 0.042 seconds
[2026-04-26T23:19:27.021+0000] {processor.py:161} INFO - Started process (PID=1363) to work on /home/airflow/.local/lib/python3.12/site-packages/airflow/example_dags/example_python_decorator.py
[2026-04-26T23:19:27.022+0000] {processor.py:830} INFO - Processing file /home/airflow/.local/lib/python3.12/site-packages/airflow/example_dags/example_python_decorator.py for tasks to queue
[2026-04-26T23:19:27.023+0000] {logging_mixin.py:188} INFO - [2026-04-26T23:19:27.022+0000] {dagbag.py:545} INFO - Filling up the DagBag from /home/airflow/.local/lib/python3.12/site-packages/airflow/example_dags/example_python_decorator.py
[2026-04-26T23:19:27.030+0000] {processor.py:840} INFO - DAG(s) 'example_python_decorator' retrieved from /home/airflow/.local/lib/python3.12/site-packages/airflow/example_dags/example_python_decorator.py
[2026-04-26T23:19:27.041+0000] {logging_mixin.py:188} INFO - [2026-04-26T23:19:27.041+0000] {dag.py:3096} INFO - Sync 1 DAGs
[2026-04-26T23:19:27.047+0000] {logging_mixin.py:188} INFO - [2026-04-26T23:19:27.047+0000] {dag.py:3954} INFO - Setting next_dagrun for example_python_decorator to None, run_after=None
[2026-04-26T23:19:27.057+0000] {processor.py:183} INFO - Processing /home/airflow/.local/lib/python3.12/site-packages/airflow/example_dags/example_python_decorator.py took 0.039 seconds
[2026-04-26T23:19:57.341+0000] {processor.py:161} INFO - Started process (PID=1422) to work on /home/airflow/.local/lib/python3.12/site-packages/airflow/example_dags/example_python_decorator.py
[2026-04-26T23:19:57.342+0000] {processor.py:830} INFO - Processing file /home/airflow/.local/lib/python3.12/site-packages/airflow/example_dags/example_python_decorator.py for tasks to queue
[2026-04-26T23:19:57.343+0000] {logging_mixin.py:188} INFO - [2026-04-26T23:19:57.343+0000] {dagbag.py:545} INFO - Filling up the DagBag from /home/airflow/.local/lib/python3.12/site-packages/airflow/example_dags/example_python_decorator.py
[2026-04-26T23:19:57.351+0000] {processor.py:840} INFO - DAG(s) 'example_python_decorator' retrieved from /home/airflow/.local/lib/python3.12/site-packages/airflow/example_dags/example_python_decorator.py
[2026-04-26T23:19:57.364+0000] {logging_mixin.py:188} INFO - [2026-04-26T23:19:57.364+0000] {dag.py:3096} INFO - Sync 1 DAGs
[2026-04-26T23:19:57.372+0000] {logging_mixin.py:188} INFO - [2026-04-26T23:19:57.371+0000] {dag.py:3954} INFO - Setting next_dagrun for example_python_decorator to None, run_after=None
[2026-04-26T23:19:57.380+0000] {processor.py:183} INFO - Processing /home/airflow/.local/lib/python3.12/site-packages/airflow/example_dags/example_python_decorator.py took 0.042 seconds
[2026-04-26T23:20:27.569+0000] {processor.py:161} INFO - Started process (PID=1481) to work on /home/airflow/.local/lib/python3.12/site-packages/airflow/example_dags/example_python_decorator.py
[2026-04-26T23:20:27.570+0000] {processor.py:830} INFO - Processing file /home/airflow/.local/lib/python3.12/site-packages/airflow/example_dags/example_python_decorator.py for tasks to queue
[2026-04-26T23:20:27.571+0000] {logging_mixin.py:188} INFO - [2026-04-26T23:20:27.571+0000] {dagbag.py:545} INFO - Filling up the DagBag from /home/airflow/.local/lib/python3.12/site-packages/airflow/example_dags/example_python_decorator.py
[2026-04-26T23:20:27.578+0000] {processor.py:840} INFO - DAG(s) 'example_python_decorator' retrieved from /home/airflow/.local/lib/python3.12/site-packages/airflow/example_dags/example_python_decorator.py
[2026-04-26T23:20:27.589+0000] {logging_mixin.py:188} INFO - [2026-04-26T23:20:27.589+0000] {dag.py:3096} INFO - Sync 1 DAGs
[2026-04-26T23:20:27.596+0000] {logging_mixin.py:188} INFO - [2026-04-26T23:20:27.596+0000] {dag.py:3954} INFO - Setting next_dagrun for example_python_decorator to None, run_after=None
[2026-04-26T23:20:27.604+0000] {processor.py:183} INFO - Processing /home/airflow/.local/lib/python3.12/site-packages/airflow/example_dags/example_python_decorator.py took 0.038 seconds
[2026-04-26T23:20:57.851+0000] {processor.py:161} INFO - Started process (PID=1540) to work on /home/airflow/.local/lib/python3.12/site-packages/airflow/example_dags/example_python_decorator.py
[2026-04-26T23:20:57.852+0000] {processor.py:830} INFO - Processing file /home/airflow/.local/lib/python3.12/site-packages/airflow/example_dags/example_python_decorator.py for tasks to queue
[2026-04-26T23:20:57.854+0000] {logging_mixin.py:188} INFO - [2026-04-26T23:20:57.853+0000] {dagbag.py:545} INFO - Filling up the DagBag from /home/airflow/.local/lib/python3.12/site-packages/airflow/example_dags/example_python_decorator.py
[2026-04-26T23:20:57.862+0000] {processor.py:840} INFO - DAG(s) 'example_python_decorator' retrieved from /home/airflow/.local/lib/python3.12/site-packages/airflow/example_dags/example_python_decorator.py
[2026-04-26T23:20:57.880+0000] {logging_mixin.py:188} INFO - [2026-04-26T23:20:57.880+0000] {dag.py:3096} INFO - Sync 1 DAGs
[2026-04-26T23:20:57.891+0000] {logging_mixin.py:188} INFO - [2026-04-26T23:20:57.891+0000] {dag.py:3954} INFO - Setting next_dagrun for example_python_decorator to None, run_after=None
[2026-04-26T23:20:57.905+0000] {processor.py:183} INFO - Processing /home/airflow/.local/lib/python3.12/site-packages/airflow/example_dags/example_python_decorator.py took 0.059 seconds
[2026-04-26T23:21:28.044+0000] {processor.py:161} INFO - Started process (PID=1599) to work on /home/airflow/.local/lib/python3.12/site-packages/airflow/example_dags/example_python_decorator.py
[2026-04-26T23:21:28.045+0000] {processor.py:830} INFO - Processing file /home/airflow/.local/lib/python3.12/site-packages/airflow/example_dags/example_python_decorator.py for tasks to queue
[2026-04-26T23:21:28.046+0000] {logging_mixin.py:188} INFO - [2026-04-26T23:21:28.045+0000] {dagbag.py:545} INFO - Filling up the DagBag from /home/airflow/.local/lib/python3.12/site-packages/airflow/example_dags/example_python_decorator.py
[2026-04-26T23:21:28.053+0000] {processor.py:840} INFO - DAG(s) 'example_python_decorator' retrieved from /home/airflow/.local/lib/python3.12/site-packages/airflow/example_dags/example_python_decorator.py
[2026-04-26T23:21:28.066+0000] {logging_mixin.py:188} INFO - [2026-04-26T23:21:28.066+0000] {dag.py:3096} INFO - Sync 1 DAGs
[2026-04-26T23:21:28.073+0000] {logging_mixin.py:188} INFO - [2026-04-26T23:21:28.073+0000] {dag.py:3954} INFO - Setting next_dagrun for example_python_decorator to None, run_after=None
[2026-04-26T23:21:28.083+0000] {processor.py:183} INFO - Processing /home/airflow/.local/lib/python3.12/site-packages/airflow/example_dags/example_python_decorator.py took 0.043 seconds
[2026-04-26T23:21:59.159+0000] {processor.py:161} INFO - Started process (PID=1659) to work on /home/airflow/.local/lib/python3.12/site-packages/airflow/example_dags/example_python_decorator.py
[2026-04-26T23:21:59.159+0000] {processor.py:830} INFO - Processing file /home/airflow/.local/lib/python3.12/site-packages/airflow/example_dags/example_python_decorator.py for tasks to queue
[2026-04-26T23:21:59.160+0000] {logging_mixin.py:188} INFO - [2026-04-26T23:21:59.160+0000] {dagbag.py:545} INFO - Filling up the DagBag from /home/airflow/.local/lib/python3.12/site-packages/airflow/example_dags/example_python_decorator.py
[2026-04-26T23:21:59.167+0000] {processor.py:840} INFO - DAG(s) 'example_python_decorator' retrieved from /home/airflow/.local/lib/python3.12/site-packages/airflow/example_dags/example_python_decorator.py
[2026-04-26T23:21:59.178+0000] {logging_mixin.py:188} INFO - [2026-04-26T23:21:59.178+0000] {dag.py:3096} INFO - Sync 1 DAGs
[2026-04-26T23:21:59.185+0000] {logging_mixin.py:188} INFO - [2026-04-26T23:21:59.185+0000] {dag.py:3954} INFO - Setting next_dagrun for example_python_decorator to None, run_after=None
[2026-04-26T23:21:59.195+0000] {processor.py:183} INFO - Processing /home/airflow/.local/lib/python3.12/site-packages/airflow/example_dags/example_python_decorator.py took 0.040 seconds
[2026-04-26T23:22:29.475+0000] {processor.py:161} INFO - Started process (PID=1718) to work on /home/airflow/.local/lib/python3.12/site-packages/airflow/example_dags/example_python_decorator.py
[2026-04-26T23:22:29.475+0000] {processor.py:830} INFO - Processing file /home/airflow/.local/lib/python3.12/site-packages/airflow/example_dags/example_python_decorator.py for tasks to queue
[2026-04-26T23:22:29.476+0000] {logging_mixin.py:188} INFO - [2026-04-26T23:22:29.476+0000] {dagbag.py:545} INFO - Filling up the DagBag from /home/airflow/.local/lib/python3.12/site-packages/airflow/example_dags/example_python_decorator.py
[2026-04-26T23:22:29.484+0000] {processor.py:840} INFO - DAG(s) 'example_python_decorator' retrieved from /home/airflow/.local/lib/python3.12/site-packages/airflow/example_dags/example_python_decorator.py
[2026-04-26T23:22:29.496+0000] {logging_mixin.py:188} INFO - [2026-04-26T23:22:29.496+0000] {dag.py:3096} INFO - Sync 1 DAGs
[2026-04-26T23:22:29.503+0000] {logging_mixin.py:188} INFO - [2026-04-26T23:22:29.503+0000] {dag.py:3954} INFO - Setting next_dagrun for example_python_decorator to None, run_after=None
[2026-04-26T23:22:29.512+0000] {processor.py:183} INFO - Processing /home/airflow/.local/lib/python3.12/site-packages/airflow/example_dags/example_python_decorator.py took 0.041 seconds
[2026-04-26T23:22:59.748+0000] {processor.py:161} INFO - Started process (PID=1778) to work on /home/airflow/.local/lib/python3.12/site-packages/airflow/example_dags/example_python_decorator.py
[2026-04-26T23:22:59.749+0000] {processor.py:830} INFO - Processing file /home/airflow/.local/lib/python3.12/site-packages/airflow/example_dags/example_python_decorator.py for tasks to queue
[2026-04-26T23:22:59.750+0000] {logging_mixin.py:188} INFO - [2026-04-26T23:22:59.750+0000] {dagbag.py:545} INFO - Filling up the DagBag from /home/airflow/.local/lib/python3.12/site-packages/airflow/example_dags/example_python_decorator.py
[2026-04-26T23:22:59.757+0000] {processor.py:840} INFO - DAG(s) 'example_python_decorator' retrieved from /home/airflow/.local/lib/python3.12/site-packages/airflow/example_dags/example_python_decorator.py
[2026-04-26T23:22:59.770+0000] {logging_mixin.py:188} INFO - [2026-04-26T23:22:59.770+0000] {dag.py:3096} INFO - Sync 1 DAGs
[2026-04-26T23:22:59.776+0000] {logging_mixin.py:188} INFO - [2026-04-26T23:22:59.776+0000] {dag.py:3954} INFO - Setting next_dagrun for example_python_decorator to None, run_after=None
[2026-04-26T23:22:59.785+0000] {processor.py:183} INFO - Processing /home/airflow/.local/lib/python3.12/site-packages/airflow/example_dags/example_python_decorator.py took 0.040 seconds
[2026-04-26T23:23:30.486+0000] {processor.py:161} INFO - Started process (PID=1837) to work on /home/airflow/.local/lib/python3.12/site-packages/airflow/example_dags/example_python_decorator.py
[2026-04-26T23:23:30.487+0000] {processor.py:830} INFO - Processing file /home/airflow/.local/lib/python3.12/site-packages/airflow/example_dags/example_python_decorator.py for tasks to queue
[2026-04-26T23:23:30.487+0000] {logging_mixin.py:188} INFO - [2026-04-26T23:23:30.487+0000] {dagbag.py:545} INFO - Filling up the DagBag from /home/airflow/.local/lib/python3.12/site-packages/airflow/example_dags/example_python_decorator.py
[2026-04-26T23:23:30.494+0000] {processor.py:840} INFO - DAG(s) 'example_python_decorator' retrieved from /home/airflow/.local/lib/python3.12/site-packages/airflow/example_dags/example_python_decorator.py
[2026-04-26T23:23:30.512+0000] {logging_mixin.py:188} INFO - [2026-04-26T23:23:30.512+0000] {dag.py:3096} INFO - Sync 1 DAGs
[2026-04-26T23:23:30.522+0000] {logging_mixin.py:188} INFO - [2026-04-26T23:23:30.522+0000] {dag.py:3954} INFO - Setting next_dagrun for example_python_decorator to None, run_after=None
[2026-04-26T23:23:30.535+0000] {processor.py:183} INFO - Processing /home/airflow/.local/lib/python3.12/site-packages/airflow/example_dags/example_python_decorator.py took 0.052 seconds
[2026-04-26T23:24:01.991+0000] {processor.py:161} INFO - Started process (PID=1896) to work on /home/airflow/.local/lib/python3.12/site-packages/airflow/example_dags/example_python_decorator.py
[2026-04-26T23:24:01.991+0000] {processor.py:830} INFO - Processing file /home/airflow/.local/lib/python3.12/site-packages/airflow/example_dags/example_python_decorator.py for tasks to queue
[2026-04-26T23:24:01.992+0000] {logging_mixin.py:188} INFO - [2026-04-26T23:24:01.992+0000] {dagbag.py:545} INFO - Filling up the DagBag from /home/airflow/.local/lib/python3.12/site-packages/airflow/example_dags/example_python_decorator.py
[2026-04-26T23:24:02.000+0000] {processor.py:840} INFO - DAG(s) 'example_python_decorator' retrieved from /home/airflow/.local/lib/python3.12/site-packages/airflow/example_dags/example_python_decorator.py
[2026-04-26T23:24:02.014+0000] {logging_mixin.py:188} INFO - [2026-04-26T23:24:02.013+0000] {dag.py:3096} INFO - Sync 1 DAGs
[2026-04-26T23:24:02.022+0000] {logging_mixin.py:188} INFO - [2026-04-26T23:24:02.021+0000] {dag.py:3954} INFO - Setting next_dagrun for example_python_decorator to None, run_after=None
[2026-04-26T23:24:02.033+0000] {processor.py:183} INFO - Processing /home/airflow/.local/lib/python3.12/site-packages/airflow/example_dags/example_python_decorator.py took 0.045 seconds
[2026-04-26T23:24:33.603+0000] {processor.py:161} INFO - Started process (PID=1956) to work on /home/airflow/.local/lib/python3.12/site-packages/airflow/example_dags/example_python_decorator.py
[2026-04-26T23:24:33.603+0000] {processor.py:830} INFO - Processing file /home/airflow/.local/lib/python3.12/site-packages/airflow/example_dags/example_python_decorator.py for tasks to queue
[2026-04-26T23:24:33.604+0000] {logging_mixin.py:188} INFO - [2026-04-26T23:24:33.604+0000] {dagbag.py:545} INFO - Filling up the DagBag from /home/airflow/.local/lib/python3.12/site-packages/airflow/example_dags/example_python_decorator.py
[2026-04-26T23:24:33.610+0000] {processor.py:840} INFO - DAG(s) 'example_python_decorator' retrieved from /home/airflow/.local/lib/python3.12/site-packages/airflow/example_dags/example_python_decorator.py
[2026-04-26T23:24:33.718+0000] {logging_mixin.py:188} INFO - [2026-04-26T23:24:33.718+0000] {dag.py:3096} INFO - Sync 1 DAGs
[2026-04-26T23:24:33.724+0000] {logging_mixin.py:188} INFO - [2026-04-26T23:24:33.724+0000] {dag.py:3954} INFO - Setting next_dagrun for example_python_decorator to None, run_after=None
[2026-04-26T23:24:33.741+0000] {processor.py:183} INFO - Processing /home/airflow/.local/lib/python3.12/site-packages/airflow/example_dags/example_python_decorator.py took 0.141 seconds
[2026-04-26T23:25:04.249+0000] {processor.py:161} INFO - Started process (PID=2016) to work on /home/airflow/.local/lib/python3.12/site-packages/airflow/example_dags/example_python_decorator.py
[2026-04-26T23:25:04.250+0000] {processor.py:830} INFO - Processing file /home/airflow/.local/lib/python3.12/site-packages/airflow/example_dags/example_python_decorator.py for tasks to queue
[2026-04-26T23:25:04.252+0000] {logging_mixin.py:188} INFO - [2026-04-26T23:25:04.251+0000] {dagbag.py:545} INFO - Filling up the DagBag from /home/airflow/.local/lib/python3.12/site-packages/airflow/example_dags/example_python_decorator.py
[2026-04-26T23:25:04.260+0000] {processor.py:840} INFO - DAG(s) 'example_python_decorator' retrieved from /home/airflow/.local/lib/python3.12/site-packages/airflow/example_dags/example_python_decorator.py
[2026-04-26T23:25:04.274+0000] {logging_mixin.py:188} INFO - [2026-04-26T23:25:04.274+0000] {dag.py:3096} INFO - Sync 1 DAGs
[2026-04-26T23:25:04.281+0000] {logging_mixin.py:188} INFO - [2026-04-26T23:25:04.281+0000] {dag.py:3954} INFO - Setting next_dagrun for example_python_decorator to None, run_after=None
[2026-04-26T23:25:04.293+0000] {processor.py:183} INFO - Processing /home/airflow/.local/lib/python3.12/site-packages/airflow/example_dags/example_python_decorator.py took 0.047 seconds
[2026-04-26T23:25:34.999+0000] {processor.py:161} INFO - Started process (PID=2075) to work on /home/airflow/.local/lib/python3.12/site-packages/airflow/example_dags/example_python_decorator.py
[2026-04-26T23:25:35.000+0000] {processor.py:830} INFO - Processing file /home/airflow/.local/lib/python3.12/site-packages/airflow/example_dags/example_python_decorator.py for tasks to queue
[2026-04-26T23:25:35.001+0000] {logging_mixin.py:188} INFO - [2026-04-26T23:25:35.000+0000] {dagbag.py:545} INFO - Filling up the DagBag from /home/airflow/.local/lib/python3.12/site-packages/airflow/example_dags/example_python_decorator.py
[2026-04-26T23:25:35.008+0000] {processor.py:840} INFO - DAG(s) 'example_python_decorator' retrieved from /home/airflow/.local/lib/python3.12/site-packages/airflow/example_dags/example_python_decorator.py
[2026-04-26T23:25:35.020+0000] {logging_mixin.py:188} INFO - [2026-04-26T23:25:35.020+0000] {dag.py:3096} INFO - Sync 1 DAGs
[2026-04-26T23:25:35.027+0000] {logging_mixin.py:188} INFO - [2026-04-26T23:25:35.027+0000] {dag.py:3954} INFO - Setting next_dagrun for example_python_decorator to None, run_after=None
[2026-04-26T23:25:35.037+0000] {processor.py:183} INFO - Processing /home/airflow/.local/lib/python3.12/site-packages/airflow/example_dags/example_python_decorator.py took 0.042 seconds
[2026-04-26T23:26:05.741+0000] {processor.py:161} INFO - Started process (PID=2134) to work on /home/airflow/.local/lib/python3.12/site-packages/airflow/example_dags/example_python_decorator.py
[2026-04-26T23:26:05.741+0000] {processor.py:830} INFO - Processing file /home/airflow/.local/lib/python3.12/site-packages/airflow/example_dags/example_python_decorator.py for tasks to queue
[2026-04-26T23:26:05.742+0000] {logging_mixin.py:188} INFO - [2026-04-26T23:26:05.742+0000] {dagbag.py:545} INFO - Filling up the DagBag from /home/airflow/.local/lib/python3.12/site-packages/airflow/example_dags/example_python_decorator.py
[2026-04-26T23:26:05.750+0000] {processor.py:840} INFO - DAG(s) 'example_python_decorator' retrieved from /home/airflow/.local/lib/python3.12/site-packages/airflow/example_dags/example_python_decorator.py
[2026-04-26T23:26:05.763+0000] {logging_mixin.py:188} INFO - [2026-04-26T23:26:05.763+0000] {dag.py:3096} INFO - Sync 1 DAGs
[2026-04-26T23:26:05.770+0000] {logging_mixin.py:188} INFO - [2026-04-26T23:26:05.770+0000] {dag.py:3954} INFO - Setting next_dagrun for example_python_decorator to None, run_after=None
[2026-04-26T23:26:05.780+0000] {processor.py:183} INFO - Processing /home/airflow/.local/lib/python3.12/site-packages/airflow/example_dags/example_python_decorator.py took 0.043 seconds
[2026-04-26T23:26:36.498+0000] {processor.py:161} INFO - Started process (PID=2193) to work on /home/airflow/.local/lib/python3.12/site-packages/airflow/example_dags/example_python_decorator.py
[2026-04-26T23:26:36.499+0000] {processor.py:830} INFO - Processing file /home/airflow/.local/lib/python3.12/site-packages/airflow/example_dags/example_python_decorator.py for tasks to queue
[2026-04-26T23:26:36.500+0000] {logging_mixin.py:188} INFO - [2026-04-26T23:26:36.500+0000] {dagbag.py:545} INFO - Filling up the DagBag from /home/airflow/.local/lib/python3.12/site-packages/airflow/example_dags/example_python_decorator.py
[2026-04-26T23:26:36.508+0000] {processor.py:840} INFO - DAG(s) 'example_python_decorator' retrieved from /home/airflow/.local/lib/python3.12/site-packages/airflow/example_dags/example_python_decorator.py
[2026-04-26T23:26:36.521+0000] {logging_mixin.py:188} INFO - [2026-04-26T23:26:36.521+0000] {dag.py:3096} INFO - Sync 1 DAGs
[2026-04-26T23:26:36.529+0000] {logging_mixin.py:188} INFO - [2026-04-26T23:26:36.528+0000] {dag.py:3954} INFO - Setting next_dagrun for example_python_decorator to None, run_after=None
[2026-04-26T23:26:36.537+0000] {processor.py:183} INFO - Processing /home/airflow/.local/lib/python3.12/site-packages/airflow/example_dags/example_python_decorator.py took 0.043 seconds
[2026-04-26T23:27:07.308+0000] {processor.py:161} INFO - Started process (PID=2252) to work on /home/airflow/.local/lib/python3.12/site-packages/airflow/example_dags/example_python_decorator.py
[2026-04-26T23:27:07.308+0000] {processor.py:830} INFO - Processing file /home/airflow/.local/lib/python3.12/site-packages/airflow/example_dags/example_python_decorator.py for tasks to queue
[2026-04-26T23:27:07.309+0000] {logging_mixin.py:188} INFO - [2026-04-26T23:27:07.309+0000] {dagbag.py:545} INFO - Filling up the DagBag from /home/airflow/.local/lib/python3.12/site-packages/airflow/example_dags/example_python_decorator.py
[2026-04-26T23:27:07.318+0000] {processor.py:840} INFO - DAG(s) 'example_python_decorator' retrieved from /home/airflow/.local/lib/python3.12/site-packages/airflow/example_dags/example_python_decorator.py
[2026-04-26T23:27:07.331+0000] {logging_mixin.py:188} INFO - [2026-04-26T23:27:07.331+0000] {dag.py:3096} INFO - Sync 1 DAGs
[2026-04-26T23:27:07.338+0000] {logging_mixin.py:188} INFO - [2026-04-26T23:27:07.338+0000] {dag.py:3954} INFO - Setting next_dagrun for example_python_decorator to None, run_after=None
[2026-04-26T23:27:07.349+0000] {processor.py:183} INFO - Processing /home/airflow/.local/lib/python3.12/site-packages/airflow/example_dags/example_python_decorator.py took 0.046 seconds
[2026-04-26T23:27:38.033+0000] {processor.py:161} INFO - Started process (PID=2311) to work on /home/airflow/.local/lib/python3.12/site-packages/airflow/example_dags/example_python_decorator.py
[2026-04-26T23:27:38.034+0000] {processor.py:830} INFO - Processing file /home/airflow/.local/lib/python3.12/site-packages/airflow/example_dags/example_python_decorator.py for tasks to queue
[2026-04-26T23:27:38.035+0000] {logging_mixin.py:188} INFO - [2026-04-26T23:27:38.034+0000] {dagbag.py:545} INFO - Filling up the DagBag from /home/airflow/.local/lib/python3.12/site-packages/airflow/example_dags/example_python_decorator.py
[2026-04-26T23:27:38.042+0000] {processor.py:840} INFO - DAG(s) 'example_python_decorator' retrieved from /home/airflow/.local/lib/python3.12/site-packages/airflow/example_dags/example_python_decorator.py
[2026-04-26T23:27:38.054+0000] {logging_mixin.py:188} INFO - [2026-04-26T23:27:38.054+0000] {dag.py:3096} INFO - Sync 1 DAGs
[2026-04-26T23:27:38.062+0000] {logging_mixin.py:188} INFO - [2026-04-26T23:27:38.062+0000] {dag.py:3954} INFO - Setting next_dagrun for example_python_decorator to None, run_after=None
[2026-04-26T23:27:38.073+0000] {processor.py:183} INFO - Processing /home/airflow/.local/lib/python3.12/site-packages/airflow/example_dags/example_python_decorator.py took 0.043 seconds
[2026-04-26T23:28:08.780+0000] {processor.py:161} INFO - Started process (PID=2370) to work on /home/airflow/.local/lib/python3.12/site-packages/airflow/example_dags/example_python_decorator.py
[2026-04-26T23:28:08.781+0000] {processor.py:830} INFO - Processing file /home/airflow/.local/lib/python3.12/site-packages/airflow/example_dags/example_python_decorator.py for tasks to queue
[2026-04-26T23:28:08.782+0000] {logging_mixin.py:188} INFO - [2026-04-26T23:28:08.781+0000] {dagbag.py:545} INFO - Filling up the DagBag from /home/airflow/.local/lib/python3.12/site-packages/airflow/example_dags/example_python_decorator.py
[2026-04-26T23:28:08.790+0000] {processor.py:840} INFO - DAG(s) 'example_python_decorator' retrieved from /home/airflow/.local/lib/python3.12/site-packages/airflow/example_dags/example_python_decorator.py
[2026-04-26T23:28:08.803+0000] {logging_mixin.py:188} INFO - [2026-04-26T23:28:08.803+0000] {dag.py:3096} INFO - Sync 1 DAGs
[2026-04-26T23:28:08.810+0000] {logging_mixin.py:188} INFO - [2026-04-26T23:28:08.810+0000] {dag.py:3954} INFO - Setting next_dagrun for example_python_decorator to None, run_after=None
[2026-04-26T23:28:08.819+0000] {processor.py:183} INFO - Processing /home/airflow/.local/lib/python3.12/site-packages/airflow/example_dags/example_python_decorator.py took 0.044 seconds
[2026-04-26T23:28:39.531+0000] {processor.py:161} INFO - Started process (PID=2429) to work on /home/airflow/.local/lib/python3.12/site-packages/airflow/example_dags/example_python_decorator.py
[2026-04-26T23:28:39.531+0000] {processor.py:830} INFO - Processing file /home/airflow/.local/lib/python3.12/site-packages/airflow/example_dags/example_python_decorator.py for tasks to queue
[2026-04-26T23:28:39.532+0000] {logging_mixin.py:188} INFO - [2026-04-26T23:28:39.532+0000] {dagbag.py:545} INFO - Filling up the DagBag from /home/airflow/.local/lib/python3.12/site-packages/airflow/example_dags/example_python_decorator.py
[2026-04-26T23:28:39.540+0000] {processor.py:840} INFO - DAG(s) 'example_python_decorator' retrieved from /home/airflow/.local/lib/python3.12/site-packages/airflow/example_dags/example_python_decorator.py
[2026-04-26T23:28:39.553+0000] {logging_mixin.py:188} INFO - [2026-04-26T23:28:39.553+0000] {dag.py:3096} INFO - Sync 1 DAGs
[2026-04-26T23:28:39.560+0000] {logging_mixin.py:188} INFO - [2026-04-26T23:28:39.560+0000] {dag.py:3954} INFO - Setting next_dagrun for example_python_decorator to None, run_after=None
[2026-04-26T23:28:39.571+0000] {processor.py:183} INFO - Processing /home/airflow/.local/lib/python3.12/site-packages/airflow/example_dags/example_python_decorator.py took 0.044 seconds
[2026-04-26T23:29:09.763+0000] {processor.py:161} INFO - Started process (PID=2488) to work on /home/airflow/.local/lib/python3.12/site-packages/airflow/example_dags/example_python_decorator.py
[2026-04-26T23:29:09.764+0000] {processor.py:830} INFO - Processing file /home/airflow/.local/lib/python3.12/site-packages/airflow/example_dags/example_python_decorator.py for tasks to queue
[2026-04-26T23:29:09.765+0000] {logging_mixin.py:188} INFO - [2026-04-26T23:29:09.765+0000] {dagbag.py:545} INFO - Filling up the DagBag from /home/airflow/.local/lib/python3.12/site-packages/airflow/example_dags/example_python_decorator.py
[2026-04-26T23:29:09.774+0000] {processor.py:840} INFO - DAG(s) 'example_python_decorator' retrieved from /home/airflow/.local/lib/python3.12/site-packages/airflow/example_dags/example_python_decorator.py
[2026-04-26T23:29:09.787+0000] {logging_mixin.py:188} INFO - [2026-04-26T23:29:09.787+0000] {dag.py:3096} INFO - Sync 1 DAGs
[2026-04-26T23:29:09.794+0000] {logging_mixin.py:188} INFO - [2026-04-26T23:29:09.794+0000] {dag.py:3954} INFO - Setting next_dagrun for example_python_decorator to None, run_after=None
[2026-04-26T23:29:09.804+0000] {processor.py:183} INFO - Processing /home/airflow/.local/lib/python3.12/site-packages/airflow/example_dags/example_python_decorator.py took 0.045 seconds
[2026-04-26T23:29:40.573+0000] {processor.py:161} INFO - Started process (PID=2547) to work on /home/airflow/.local/lib/python3.12/site-packages/airflow/example_dags/example_python_decorator.py
[2026-04-26T23:29:40.574+0000] {processor.py:830} INFO - Processing file /home/airflow/.local/lib/python3.12/site-packages/airflow/example_dags/example_python_decorator.py for tasks to queue
[2026-04-26T23:29:40.575+0000] {logging_mixin.py:188} INFO - [2026-04-26T23:29:40.575+0000] {dagbag.py:545} INFO - Filling up the DagBag from /home/airflow/.local/lib/python3.12/site-packages/airflow/example_dags/example_python_decorator.py
[2026-04-26T23:29:40.584+0000] {processor.py:840} INFO - DAG(s) 'example_python_decorator' retrieved from /home/airflow/.local/lib/python3.12/site-packages/airflow/example_dags/example_python_decorator.py
[2026-04-26T23:29:40.598+0000] {logging_mixin.py:188} INFO - [2026-04-26T23:29:40.598+0000] {dag.py:3096} INFO - Sync 1 DAGs
[2026-04-26T23:29:40.606+0000] {logging_mixin.py:188} INFO - [2026-04-26T23:29:40.606+0000] {dag.py:3954} INFO - Setting next_dagrun for example_python_decorator to None, run_after=None
[2026-04-26T23:29:40.616+0000] {processor.py:183} INFO - Processing /home/airflow/.local/lib/python3.12/site-packages/airflow/example_dags/example_python_decorator.py took 0.047 seconds
[2026-04-26T23:30:11.372+0000] {processor.py:161} INFO - Started process (PID=2606) to work on /home/airflow/.local/lib/python3.12/site-packages/airflow/example_dags/example_python_decorator.py
[2026-04-26T23:30:11.373+0000] {processor.py:830} INFO - Processing file /home/airflow/.local/lib/python3.12/site-packages/airflow/example_dags/example_python_decorator.py for tasks to queue
[2026-04-26T23:30:11.374+0000] {logging_mixin.py:188} INFO - [2026-04-26T23:30:11.374+0000] {dagbag.py:545} INFO - Filling up the DagBag from /home/airflow/.local/lib/python3.12/site-packages/airflow/example_dags/example_python_decorator.py
[2026-04-26T23:30:11.381+0000] {processor.py:840} INFO - DAG(s) 'example_python_decorator' retrieved from /home/airflow/.local/lib/python3.12/site-packages/airflow/example_dags/example_python_decorator.py
[2026-04-26T23:30:11.393+0000] {logging_mixin.py:188} INFO - [2026-04-26T23:30:11.393+0000] {dag.py:3096} INFO - Sync 1 DAGs
[2026-04-26T23:30:11.400+0000] {logging_mixin.py:188} INFO - [2026-04-26T23:30:11.400+0000] {dag.py:3954} INFO - Setting next_dagrun for example_python_decorator to None, run_after=None
[2026-04-26T23:30:11.409+0000] {processor.py:183} INFO - Processing /home/airflow/.local/lib/python3.12/site-packages/airflow/example_dags/example_python_decorator.py took 0.041 seconds
[2026-04-26T23:30:42.073+0000] {processor.py:161} INFO - Started process (PID=2665) to work on /home/airflow/.local/lib/python3.12/site-packages/airflow/example_dags/example_python_decorator.py
[2026-04-26T23:30:42.074+0000] {processor.py:830} INFO - Processing file /home/airflow/.local/lib/python3.12/site-packages/airflow/example_dags/example_python_decorator.py for tasks to queue
[2026-04-26T23:30:42.075+0000] {logging_mixin.py:188} INFO - [2026-04-26T23:30:42.075+0000] {dagbag.py:545} INFO - Filling up the DagBag from /home/airflow/.local/lib/python3.12/site-packages/airflow/example_dags/example_python_decorator.py
[2026-04-26T23:30:42.082+0000] {processor.py:840} INFO - DAG(s) 'example_python_decorator' retrieved from /home/airflow/.local/lib/python3.12/site-packages/airflow/example_dags/example_python_decorator.py
[2026-04-26T23:30:42.095+0000] {logging_mixin.py:188} INFO - [2026-04-26T23:30:42.095+0000] {dag.py:3096} INFO - Sync 1 DAGs
[2026-04-26T23:30:42.102+0000] {logging_mixin.py:188} INFO - [2026-04-26T23:30:42.102+0000] {dag.py:3954} INFO - Setting next_dagrun for example_python_decorator to None, run_after=None
[2026-04-26T23:30:42.111+0000] {processor.py:183} INFO - Processing /home/airflow/.local/lib/python3.12/site-packages/airflow/example_dags/example_python_decorator.py took 0.042 seconds
[2026-04-26T23:31:12.846+0000] {processor.py:161} INFO - Started process (PID=2724) to work on /home/airflow/.local/lib/python3.12/site-packages/airflow/example_dags/example_python_decorator.py
[2026-04-26T23:31:12.846+0000] {processor.py:830} INFO - Processing file /home/airflow/.local/lib/python3.12/site-packages/airflow/example_dags/example_python_decorator.py for tasks to queue
[2026-04-26T23:31:12.847+0000] {logging_mixin.py:188} INFO - [2026-04-26T23:31:12.847+0000] {dagbag.py:545} INFO - Filling up the DagBag from /home/airflow/.local/lib/python3.12/site-packages/airflow/example_dags/example_python_decorator.py
[2026-04-26T23:31:12.854+0000] {processor.py:840} INFO - DAG(s) 'example_python_decorator' retrieved from /home/airflow/.local/lib/python3.12/site-packages/airflow/example_dags/example_python_decorator.py
[2026-04-26T23:31:12.866+0000] {logging_mixin.py:188} INFO - [2026-04-26T23:31:12.866+0000] {dag.py:3096} INFO - Sync 1 DAGs
[2026-04-26T23:31:12.873+0000] {logging_mixin.py:188} INFO - [2026-04-26T23:31:12.873+0000] {dag.py:3954} INFO - Setting next_dagrun for example_python_decorator to None, run_after=None
[2026-04-26T23:31:12.883+0000] {processor.py:183} INFO - Processing /home/airflow/.local/lib/python3.12/site-packages/airflow/example_dags/example_python_decorator.py took 0.041 seconds
[2026-04-26T23:31:43.581+0000] {processor.py:161} INFO - Started process (PID=2783) to work on /home/airflow/.local/lib/python3.12/site-packages/airflow/example_dags/example_python_decorator.py
[2026-04-26T23:31:43.581+0000] {processor.py:830} INFO - Processing file /home/airflow/.local/lib/python3.12/site-packages/airflow/example_dags/example_python_decorator.py for tasks to queue
[2026-04-26T23:31:43.582+0000] {logging_mixin.py:188} INFO - [2026-04-26T23:31:43.582+0000] {dagbag.py:545} INFO - Filling up the DagBag from /home/airflow/.local/lib/python3.12/site-packages/airflow/example_dags/example_python_decorator.py
[2026-04-26T23:31:43.591+0000] {processor.py:840} INFO - DAG(s) 'example_python_decorator' retrieved from /home/airflow/.local/lib/python3.12/site-packages/airflow/example_dags/example_python_decorator.py
[2026-04-26T23:31:43.605+0000] {logging_mixin.py:188} INFO - [2026-04-26T23:31:43.605+0000] {dag.py:3096} INFO - Sync 1 DAGs
[2026-04-26T23:31:43.612+0000] {logging_mixin.py:188} INFO - [2026-04-26T23:31:43.612+0000] {dag.py:3954} INFO - Setting next_dagrun for example_python_decorator to None, run_after=None
[2026-04-26T23:31:43.623+0000] {processor.py:183} INFO - Processing /home/airflow/.local/lib/python3.12/site-packages/airflow/example_dags/example_python_decorator.py took 0.046 seconds
[2026-04-26T23:32:14.500+0000] {processor.py:161} INFO - Started process (PID=2842) to work on /home/airflow/.local/lib/python3.12/site-packages/airflow/example_dags/example_python_decorator.py
[2026-04-26T23:32:14.500+0000] {processor.py:830} INFO - Processing file /home/airflow/.local/lib/python3.12/site-packages/airflow/example_dags/example_python_decorator.py for tasks to queue
[2026-04-26T23:32:14.502+0000] {logging_mixin.py:188} INFO - [2026-04-26T23:32:14.501+0000] {dagbag.py:545} INFO - Filling up the DagBag from /home/airflow/.local/lib/python3.12/site-packages/airflow/example_dags/example_python_decorator.py
[2026-04-26T23:32:14.512+0000] {processor.py:840} INFO - DAG(s) 'example_python_decorator' retrieved from /home/airflow/.local/lib/python3.12/site-packages/airflow/example_dags/example_python_decorator.py
[2026-04-26T23:32:14.528+0000] {logging_mixin.py:188} INFO - [2026-04-26T23:32:14.528+0000] {dag.py:3096} INFO - Sync 1 DAGs
[2026-04-26T23:32:14.537+0000] {logging_mixin.py:188} INFO - [2026-04-26T23:32:14.537+0000] {dag.py:3954} INFO - Setting next_dagrun for example_python_decorator to None, run_after=None
[2026-04-26T23:32:14.550+0000] {processor.py:183} INFO - Processing /home/airflow/.local/lib/python3.12/site-packages/airflow/example_dags/example_python_decorator.py took 0.055 seconds
[2026-04-26T23:32:44.785+0000] {processor.py:161} INFO - Started process (PID=2901) to work on /home/airflow/.local/lib/python3.12/site-packages/airflow/example_dags/example_python_decorator.py
[2026-04-26T23:32:44.786+0000] {processor.py:830} INFO - Processing file /home/airflow/.local/lib/python3.12/site-packages/airflow/example_dags/example_python_decorator.py for tasks to queue
[2026-04-26T23:32:44.787+0000] {logging_mixin.py:188} INFO - [2026-04-26T23:32:44.787+0000] {dagbag.py:545} INFO - Filling up the DagBag from /home/airflow/.local/lib/python3.12/site-packages/airflow/example_dags/example_python_decorator.py
[2026-04-26T23:32:44.797+0000] {processor.py:840} INFO - DAG(s) 'example_python_decorator' retrieved from /home/airflow/.local/lib/python3.12/site-packages/airflow/example_dags/example_python_decorator.py
[2026-04-26T23:32:44.813+0000] {logging_mixin.py:188} INFO - [2026-04-26T23:32:44.812+0000] {dag.py:3096} INFO - Sync 1 DAGs
[2026-04-26T23:32:44.821+0000] {logging_mixin.py:188} INFO - [2026-04-26T23:32:44.821+0000] {dag.py:3954} INFO - Setting next_dagrun for example_python_decorator to None, run_after=None
[2026-04-26T23:32:44.832+0000] {processor.py:183} INFO - Processing /home/airflow/.local/lib/python3.12/site-packages/airflow/example_dags/example_python_decorator.py took 0.052 seconds
[2026-04-26T23:33:15.800+0000] {processor.py:161} INFO - Started process (PID=2960) to work on /home/airflow/.local/lib/python3.12/site-packages/airflow/example_dags/example_python_decorator.py
[2026-04-26T23:33:15.821+0000] {processor.py:830} INFO - Processing file /home/airflow/.local/lib/python3.12/site-packages/airflow/example_dags/example_python_decorator.py for tasks to queue
[2026-04-26T23:33:15.822+0000] {logging_mixin.py:188} INFO - [2026-04-26T23:33:15.822+0000] {dagbag.py:545} INFO - Filling up the DagBag from /home/airflow/.local/lib/python3.12/site-packages/airflow/example_dags/example_python_decorator.py
[2026-04-26T23:33:15.832+0000] {processor.py:840} INFO - DAG(s) 'example_python_decorator' retrieved from /home/airflow/.local/lib/python3.12/site-packages/airflow/example_dags/example_python_decorator.py
[2026-04-26T23:33:15.846+0000] {logging_mixin.py:188} INFO - [2026-04-26T23:33:15.846+0000] {dag.py:3096} INFO - Sync 1 DAGs
[2026-04-26T23:33:15.853+0000] {logging_mixin.py:188} INFO - [2026-04-26T23:33:15.853+0000] {dag.py:3954} INFO - Setting next_dagrun for example_python_decorator to None, run_after=None
[2026-04-26T23:33:15.865+0000] {processor.py:183} INFO - Processing /home/airflow/.local/lib/python3.12/site-packages/airflow/example_dags/example_python_decorator.py took 0.069 seconds
[2026-04-26T23:33:46.773+0000] {processor.py:161} INFO - Started process (PID=3024) to work on /home/airflow/.local/lib/python3.12/site-packages/airflow/example_dags/example_python_decorator.py
[2026-04-26T23:33:46.774+0000] {processor.py:830} INFO - Processing file /home/airflow/.local/lib/python3.12/site-packages/airflow/example_dags/example_python_decorator.py for tasks to queue
[2026-04-26T23:33:46.775+0000] {logging_mixin.py:188} INFO - [2026-04-26T23:33:46.774+0000] {dagbag.py:545} INFO - Filling up the DagBag from /home/airflow/.local/lib/python3.12/site-packages/airflow/example_dags/example_python_decorator.py
[2026-04-26T23:33:46.782+0000] {processor.py:840} INFO - DAG(s) 'example_python_decorator' retrieved from /home/airflow/.local/lib/python3.12/site-packages/airflow/example_dags/example_python_decorator.py
[2026-04-26T23:33:46.795+0000] {logging_mixin.py:188} INFO - [2026-04-26T23:33:46.795+0000] {dag.py:3096} INFO - Sync 1 DAGs
[2026-04-26T23:33:46.802+0000] {logging_mixin.py:188} INFO - [2026-04-26T23:33:46.802+0000] {dag.py:3954} INFO - Setting next_dagrun for example_python_decorator to None, run_after=None
[2026-04-26T23:33:46.812+0000] {processor.py:183} INFO - Processing /home/airflow/.local/lib/python3.12/site-packages/airflow/example_dags/example_python_decorator.py took 0.042 seconds
[2026-04-26T23:34:16.878+0000] {processor.py:161} INFO - Started process (PID=3082) to work on /home/airflow/.local/lib/python3.12/site-packages/airflow/example_dags/example_python_decorator.py
[2026-04-26T23:34:16.880+0000] {processor.py:830} INFO - Processing file /home/airflow/.local/lib/python3.12/site-packages/airflow/example_dags/example_python_decorator.py for tasks to queue
[2026-04-26T23:34:16.881+0000] {logging_mixin.py:188} INFO - [2026-04-26T23:34:16.881+0000] {dagbag.py:545} INFO - Filling up the DagBag from /home/airflow/.local/lib/python3.12/site-packages/airflow/example_dags/example_python_decorator.py
[2026-04-26T23:34:16.888+0000] {processor.py:840} INFO - DAG(s) 'example_python_decorator' retrieved from /home/airflow/.local/lib/python3.12/site-packages/airflow/example_dags/example_python_decorator.py
[2026-04-26T23:34:16.901+0000] {logging_mixin.py:188} INFO - [2026-04-26T23:34:16.901+0000] {dag.py:3096} INFO - Sync 1 DAGs
[2026-04-26T23:34:16.908+0000] {logging_mixin.py:188} INFO - [2026-04-26T23:34:16.908+0000] {dag.py:3954} INFO - Setting next_dagrun for example_python_decorator to None, run_after=None
[2026-04-26T23:34:16.917+0000] {processor.py:183} INFO - Processing /home/airflow/.local/lib/python3.12/site-packages/airflow/example_dags/example_python_decorator.py took 0.043 seconds
[2026-04-26T23:34:47.081+0000] {processor.py:161} INFO - Started process (PID=3141) to work on /home/airflow/.local/lib/python3.12/site-packages/airflow/example_dags/example_python_decorator.py
[2026-04-26T23:34:47.082+0000] {processor.py:830} INFO - Processing file /home/airflow/.local/lib/python3.12/site-packages/airflow/example_dags/example_python_decorator.py for tasks to queue
[2026-04-26T23:34:47.083+0000] {logging_mixin.py:188} INFO - [2026-04-26T23:34:47.083+0000] {dagbag.py:545} INFO - Filling up the DagBag from /home/airflow/.local/lib/python3.12/site-packages/airflow/example_dags/example_python_decorator.py
[2026-04-26T23:34:47.090+0000] {processor.py:840} INFO - DAG(s) 'example_python_decorator' retrieved from /home/airflow/.local/lib/python3.12/site-packages/airflow/example_dags/example_python_decorator.py
[2026-04-26T23:34:47.104+0000] {logging_mixin.py:188} INFO - [2026-04-26T23:34:47.104+0000] {dag.py:3096} INFO - Sync 1 DAGs
[2026-04-26T23:34:47.112+0000] {logging_mixin.py:188} INFO - [2026-04-26T23:34:47.112+0000] {dag.py:3954} INFO - Setting next_dagrun for example_python_decorator to None, run_after=None
[2026-04-26T23:34:47.122+0000] {processor.py:183} INFO - Processing /home/airflow/.local/lib/python3.12/site-packages/airflow/example_dags/example_python_decorator.py took 0.044 seconds
[2026-04-26T23:35:17.691+0000] {processor.py:161} INFO - Started process (PID=3201) to work on /home/airflow/.local/lib/python3.12/site-packages/airflow/example_dags/example_python_decorator.py
[2026-04-26T23:35:17.704+0000] {processor.py:830} INFO - Processing file /home/airflow/.local/lib/python3.12/site-packages/airflow/example_dags/example_python_decorator.py for tasks to queue
[2026-04-26T23:35:17.705+0000] {logging_mixin.py:188} INFO - [2026-04-26T23:35:17.705+0000] {dagbag.py:545} INFO - Filling up the DagBag from /home/airflow/.local/lib/python3.12/site-packages/airflow/example_dags/example_python_decorator.py
[2026-04-26T23:35:17.713+0000] {processor.py:840} INFO - DAG(s) 'example_python_decorator' retrieved from /home/airflow/.local/lib/python3.12/site-packages/airflow/example_dags/example_python_decorator.py
[2026-04-26T23:35:17.727+0000] {logging_mixin.py:188} INFO - [2026-04-26T23:35:17.727+0000] {dag.py:3096} INFO - Sync 1 DAGs
[2026-04-26T23:35:17.734+0000] {logging_mixin.py:188} INFO - [2026-04-26T23:35:17.734+0000] {dag.py:3954} INFO - Setting next_dagrun for example_python_decorator to None, run_after=None
[2026-04-26T23:35:17.745+0000] {processor.py:183} INFO - Processing /home/airflow/.local/lib/python3.12/site-packages/airflow/example_dags/example_python_decorator.py took 0.057 seconds
[2026-04-26T23:35:48.463+0000] {processor.py:161} INFO - Started process (PID=3260) to work on /home/airflow/.local/lib/python3.12/site-packages/airflow/example_dags/example_python_decorator.py
[2026-04-26T23:35:48.464+0000] {processor.py:830} INFO - Processing file /home/airflow/.local/lib/python3.12/site-packages/airflow/example_dags/example_python_decorator.py for tasks to queue
[2026-04-26T23:35:48.465+0000] {logging_mixin.py:188} INFO - [2026-04-26T23:35:48.465+0000] {dagbag.py:545} INFO - Filling up the DagBag from /home/airflow/.local/lib/python3.12/site-packages/airflow/example_dags/example_python_decorator.py
[2026-04-26T23:35:48.472+0000] {processor.py:840} INFO - DAG(s) 'example_python_decorator' retrieved from /home/airflow/.local/lib/python3.12/site-packages/airflow/example_dags/example_python_decorator.py
[2026-04-26T23:35:48.486+0000] {logging_mixin.py:188} INFO - [2026-04-26T23:35:48.486+0000] {dag.py:3096} INFO - Sync 1 DAGs
[2026-04-26T23:35:48.493+0000] {logging_mixin.py:188} INFO - [2026-04-26T23:35:48.493+0000] {dag.py:3954} INFO - Setting next_dagrun for example_python_decorator to None, run_after=None
[2026-04-26T23:35:48.504+0000] {processor.py:183} INFO - Processing /home/airflow/.local/lib/python3.12/site-packages/airflow/example_dags/example_python_decorator.py took 0.045 seconds
[2026-04-26T23:36:19.202+0000] {processor.py:161} INFO - Started process (PID=3319) to work on /home/airflow/.local/lib/python3.12/site-packages/airflow/example_dags/example_python_decorator.py
[2026-04-26T23:36:19.215+0000] {processor.py:830} INFO - Processing file /home/airflow/.local/lib/python3.12/site-packages/airflow/example_dags/example_python_decorator.py for tasks to queue
[2026-04-26T23:36:19.216+0000] {logging_mixin.py:188} INFO - [2026-04-26T23:36:19.216+0000] {dagbag.py:545} INFO - Filling up the DagBag from /home/airflow/.local/lib/python3.12/site-packages/airflow/example_dags/example_python_decorator.py
[2026-04-26T23:36:19.224+0000] {processor.py:840} INFO - DAG(s) 'example_python_decorator' retrieved from /home/airflow/.local/lib/python3.12/site-packages/airflow/example_dags/example_python_decorator.py
[2026-04-26T23:36:19.237+0000] {logging_mixin.py:188} INFO - [2026-04-26T23:36:19.237+0000] {dag.py:3096} INFO - Sync 1 DAGs
[2026-04-26T23:36:19.244+0000] {logging_mixin.py:188} INFO - [2026-04-26T23:36:19.244+0000] {dag.py:3954} INFO - Setting next_dagrun for example_python_decorator to None, run_after=None
[2026-04-26T23:36:19.254+0000] {processor.py:183} INFO - Processing /home/airflow/.local/lib/python3.12/site-packages/airflow/example_dags/example_python_decorator.py took 0.056 seconds
[2026-04-26T23:36:49.852+0000] {processor.py:161} INFO - Started process (PID=3378) to work on /home/airflow/.local/lib/python3.12/site-packages/airflow/example_dags/example_python_decorator.py
[2026-04-26T23:36:49.853+0000] {processor.py:830} INFO - Processing file /home/airflow/.local/lib/python3.12/site-packages/airflow/example_dags/example_python_decorator.py for tasks to queue
[2026-04-26T23:36:49.854+0000] {logging_mixin.py:188} INFO - [2026-04-26T23:36:49.853+0000] {dagbag.py:545} INFO - Filling up the DagBag from /home/airflow/.local/lib/python3.12/site-packages/airflow/example_dags/example_python_decorator.py
[2026-04-26T23:36:49.860+0000] {processor.py:840} INFO - DAG(s) 'example_python_decorator' retrieved from /home/airflow/.local/lib/python3.12/site-packages/airflow/example_dags/example_python_decorator.py
[2026-04-26T23:36:49.873+0000] {logging_mixin.py:188} INFO - [2026-04-26T23:36:49.873+0000] {dag.py:3096} INFO - Sync 1 DAGs
[2026-04-26T23:36:49.879+0000] {logging_mixin.py:188} INFO - [2026-04-26T23:36:49.879+0000] {dag.py:3954} INFO - Setting next_dagrun for example_python_decorator to None, run_after=None
[2026-04-26T23:36:49.889+0000] {processor.py:183} INFO - Processing /home/airflow/.local/lib/python3.12/site-packages/airflow/example_dags/example_python_decorator.py took 0.040 seconds
[2026-04-26T23:37:20.590+0000] {processor.py:161} INFO - Started process (PID=3443) to work on /home/airflow/.local/lib/python3.12/site-packages/airflow/example_dags/example_python_decorator.py
[2026-04-26T23:37:20.591+0000] {processor.py:830} INFO - Processing file /home/airflow/.local/lib/python3.12/site-packages/airflow/example_dags/example_python_decorator.py for tasks to queue
[2026-04-26T23:37:20.592+0000] {logging_mixin.py:188} INFO - [2026-04-26T23:37:20.591+0000] {dagbag.py:545} INFO - Filling up the DagBag from /home/airflow/.local/lib/python3.12/site-packages/airflow/example_dags/example_python_decorator.py
[2026-04-26T23:37:20.600+0000] {processor.py:840} INFO - DAG(s) 'example_python_decorator' retrieved from /home/airflow/.local/lib/python3.12/site-packages/airflow/example_dags/example_python_decorator.py
[2026-04-26T23:37:20.616+0000] {logging_mixin.py:188} INFO - [2026-04-26T23:37:20.616+0000] {dag.py:3096} INFO - Sync 1 DAGs
[2026-04-26T23:37:20.624+0000] {logging_mixin.py:188} INFO - [2026-04-26T23:37:20.624+0000] {dag.py:3954} INFO - Setting next_dagrun for example_python_decorator to None, run_after=None
[2026-04-26T23:37:20.636+0000] {processor.py:183} INFO - Processing /home/airflow/.local/lib/python3.12/site-packages/airflow/example_dags/example_python_decorator.py took 0.051 seconds
[2026-04-26T23:37:51.358+0000] {processor.py:161} INFO - Started process (PID=3502) to work on /home/airflow/.local/lib/python3.12/site-packages/airflow/example_dags/example_python_decorator.py
[2026-04-26T23:37:51.358+0000] {processor.py:830} INFO - Processing file /home/airflow/.local/lib/python3.12/site-packages/airflow/example_dags/example_python_decorator.py for tasks to queue
[2026-04-26T23:37:51.359+0000] {logging_mixin.py:188} INFO - [2026-04-26T23:37:51.359+0000] {dagbag.py:545} INFO - Filling up the DagBag from /home/airflow/.local/lib/python3.12/site-packages/airflow/example_dags/example_python_decorator.py
[2026-04-26T23:37:51.366+0000] {processor.py:840} INFO - DAG(s) 'example_python_decorator' retrieved from /home/airflow/.local/lib/python3.12/site-packages/airflow/example_dags/example_python_decorator.py
[2026-04-26T23:37:51.379+0000] {logging_mixin.py:188} INFO - [2026-04-26T23:37:51.379+0000] {dag.py:3096} INFO - Sync 1 DAGs
[2026-04-26T23:37:51.386+0000] {logging_mixin.py:188} INFO - [2026-04-26T23:37:51.386+0000] {dag.py:3954} INFO - Setting next_dagrun for example_python_decorator to None, run_after=None
[2026-04-26T23:37:51.396+0000] {processor.py:183} INFO - Processing /home/airflow/.local/lib/python3.12/site-packages/airflow/example_dags/example_python_decorator.py took 0.042 seconds
[2026-04-26T23:38:22.052+0000] {processor.py:161} INFO - Started process (PID=3561) to work on /home/airflow/.local/lib/python3.12/site-packages/airflow/example_dags/example_python_decorator.py
[2026-04-26T23:38:22.056+0000] {processor.py:830} INFO - Processing file /home/airflow/.local/lib/python3.12/site-packages/airflow/example_dags/example_python_decorator.py for tasks to queue
[2026-04-26T23:38:22.057+0000] {logging_mixin.py:188} INFO - [2026-04-26T23:38:22.057+0000] {dagbag.py:545} INFO - Filling up the DagBag from /home/airflow/.local/lib/python3.12/site-packages/airflow/example_dags/example_python_decorator.py
[2026-04-26T23:38:22.065+0000] {processor.py:840} INFO - DAG(s) 'example_python_decorator' retrieved from /home/airflow/.local/lib/python3.12/site-packages/airflow/example_dags/example_python_decorator.py
[2026-04-26T23:38:22.080+0000] {logging_mixin.py:188} INFO - [2026-04-26T23:38:22.080+0000] {dag.py:3096} INFO - Sync 1 DAGs
[2026-04-26T23:38:22.088+0000] {logging_mixin.py:188} INFO - [2026-04-26T23:38:22.088+0000] {dag.py:3954} INFO - Setting next_dagrun for example_python_decorator to None, run_after=None
[2026-04-26T23:38:22.100+0000] {processor.py:183} INFO - Processing /home/airflow/.local/lib/python3.12/site-packages/airflow/example_dags/example_python_decorator.py took 0.052 seconds
[2026-04-26T23:38:47.120+0000] {processor.py:161} INFO - Started process (PID=103) to work on /home/airflow/.local/lib/python3.12/site-packages/airflow/example_dags/example_python_decorator.py
[2026-04-26T23:38:47.121+0000] {processor.py:830} INFO - Processing file /home/airflow/.local/lib/python3.12/site-packages/airflow/example_dags/example_python_decorator.py for tasks to queue
[2026-04-26T23:38:47.121+0000] {logging_mixin.py:188} INFO - [2026-04-26T23:38:47.121+0000] {dagbag.py:545} INFO - Filling up the DagBag from /home/airflow/.local/lib/python3.12/site-packages/airflow/example_dags/example_python_decorator.py
[2026-04-26T23:38:47.129+0000] {processor.py:840} INFO - DAG(s) 'example_python_decorator' retrieved from /home/airflow/.local/lib/python3.12/site-packages/airflow/example_dags/example_python_decorator.py
[2026-04-26T23:38:47.135+0000] {logging_mixin.py:188} INFO - [2026-04-26T23:38:47.135+0000] {dag.py:3096} INFO - Sync 1 DAGs
[2026-04-26T23:38:47.143+0000] {logging_mixin.py:188} INFO - [2026-04-26T23:38:47.143+0000] {dag.py:3954} INFO - Setting next_dagrun for example_python_decorator to None, run_after=None
[2026-04-26T23:38:47.153+0000] {processor.py:183} INFO - Processing /home/airflow/.local/lib/python3.12/site-packages/airflow/example_dags/example_python_decorator.py took 0.037 seconds
[2026-04-26T23:39:18.374+0000] {processor.py:161} INFO - Started process (PID=162) to work on /home/airflow/.local/lib/python3.12/site-packages/airflow/example_dags/example_python_decorator.py
[2026-04-26T23:39:18.374+0000] {processor.py:830} INFO - Processing file /home/airflow/.local/lib/python3.12/site-packages/airflow/example_dags/example_python_decorator.py for tasks to queue
[2026-04-26T23:39:18.375+0000] {logging_mixin.py:188} INFO - [2026-04-26T23:39:18.375+0000] {dagbag.py:545} INFO - Filling up the DagBag from /home/airflow/.local/lib/python3.12/site-packages/airflow/example_dags/example_python_decorator.py
[2026-04-26T23:39:18.382+0000] {processor.py:840} INFO - DAG(s) 'example_python_decorator' retrieved from /home/airflow/.local/lib/python3.12/site-packages/airflow/example_dags/example_python_decorator.py
[2026-04-26T23:39:18.437+0000] {logging_mixin.py:188} INFO - [2026-04-26T23:39:18.437+0000] {dag.py:3096} INFO - Sync 1 DAGs
[2026-04-26T23:39:18.444+0000] {logging_mixin.py:188} INFO - [2026-04-26T23:39:18.444+0000] {dag.py:3954} INFO - Setting next_dagrun for example_python_decorator to None, run_after=None
[2026-04-26T23:39:18.462+0000] {processor.py:183} INFO - Processing /home/airflow/.local/lib/python3.12/site-packages/airflow/example_dags/example_python_decorator.py took 0.092 seconds
[2026-04-26T23:39:48.536+0000] {processor.py:161} INFO - Started process (PID=221) to work on /home/airflow/.local/lib/python3.12/site-packages/airflow/example_dags/example_python_decorator.py
[2026-04-26T23:39:48.537+0000] {processor.py:830} INFO - Processing file /home/airflow/.local/lib/python3.12/site-packages/airflow/example_dags/example_python_decorator.py for tasks to queue
[2026-04-26T23:39:48.538+0000] {logging_mixin.py:188} INFO - [2026-04-26T23:39:48.537+0000] {dagbag.py:545} INFO - Filling up the DagBag from /home/airflow/.local/lib/python3.12/site-packages/airflow/example_dags/example_python_decorator.py
[2026-04-26T23:39:48.545+0000] {processor.py:840} INFO - DAG(s) 'example_python_decorator' retrieved from /home/airflow/.local/lib/python3.12/site-packages/airflow/example_dags/example_python_decorator.py
[2026-04-26T23:39:48.557+0000] {logging_mixin.py:188} INFO - [2026-04-26T23:39:48.557+0000] {dag.py:3096} INFO - Sync 1 DAGs
[2026-04-26T23:39:48.564+0000] {logging_mixin.py:188} INFO - [2026-04-26T23:39:48.564+0000] {dag.py:3954} INFO - Setting next_dagrun for example_python_decorator to None, run_after=None
[2026-04-26T23:39:48.573+0000] {processor.py:183} INFO - Processing /home/airflow/.local/lib/python3.12/site-packages/airflow/example_dags/example_python_decorator.py took 0.040 seconds
[2026-04-26T23:40:19.403+0000] {processor.py:161} INFO - Started process (PID=280) to work on /home/airflow/.local/lib/python3.12/site-packages/airflow/example_dags/example_python_decorator.py
[2026-04-26T23:40:19.403+0000] {processor.py:830} INFO - Processing file /home/airflow/.local/lib/python3.12/site-packages/airflow/example_dags/example_python_decorator.py for tasks to queue
[2026-04-26T23:40:19.404+0000] {logging_mixin.py:188} INFO - [2026-04-26T23:40:19.404+0000] {dagbag.py:545} INFO - Filling up the DagBag from /home/airflow/.local/lib/python3.12/site-packages/airflow/example_dags/example_python_decorator.py
[2026-04-26T23:40:19.412+0000] {processor.py:840} INFO - DAG(s) 'example_python_decorator' retrieved from /home/airflow/.local/lib/python3.12/site-packages/airflow/example_dags/example_python_decorator.py
[2026-04-26T23:40:19.424+0000] {logging_mixin.py:188} INFO - [2026-04-26T23:40:19.424+0000] {dag.py:3096} INFO - Sync 1 DAGs
[2026-04-26T23:40:19.431+0000] {logging_mixin.py:188} INFO - [2026-04-26T23:40:19.431+0000] {dag.py:3954} INFO - Setting next_dagrun for example_python_decorator to None, run_after=None
[2026-04-26T23:40:19.441+0000] {processor.py:183} INFO - Processing /home/airflow/.local/lib/python3.12/site-packages/airflow/example_dags/example_python_decorator.py took 0.043 seconds
[2026-04-26T23:40:50.490+0000] {processor.py:161} INFO - Started process (PID=339) to work on /home/airflow/.local/lib/python3.12/site-packages/airflow/example_dags/example_python_decorator.py
[2026-04-26T23:40:50.491+0000] {processor.py:830} INFO - Processing file /home/airflow/.local/lib/python3.12/site-packages/airflow/example_dags/example_python_decorator.py for tasks to queue
[2026-04-26T23:40:50.492+0000] {logging_mixin.py:188} INFO - [2026-04-26T23:40:50.492+0000] {dagbag.py:545} INFO - Filling up the DagBag from /home/airflow/.local/lib/python3.12/site-packages/airflow/example_dags/example_python_decorator.py
[2026-04-26T23:40:50.498+0000] {processor.py:840} INFO - DAG(s) 'example_python_decorator' retrieved from /home/airflow/.local/lib/python3.12/site-packages/airflow/example_dags/example_python_decorator.py
[2026-04-26T23:40:50.510+0000] {logging_mixin.py:188} INFO - [2026-04-26T23:40:50.510+0000] {dag.py:3096} INFO - Sync 1 DAGs
[2026-04-26T23:40:50.516+0000] {logging_mixin.py:188} INFO - [2026-04-26T23:40:50.516+0000] {dag.py:3954} INFO - Setting next_dagrun for example_python_decorator to None, run_after=None
[2026-04-26T23:40:50.524+0000] {processor.py:183} INFO - Processing /home/airflow/.local/lib/python3.12/site-packages/airflow/example_dags/example_python_decorator.py took 0.038 seconds
[2026-04-26T23:41:21.393+0000] {processor.py:161} INFO - Started process (PID=398) to work on /home/airflow/.local/lib/python3.12/site-packages/airflow/example_dags/example_python_decorator.py
[2026-04-26T23:41:21.393+0000] {processor.py:830} INFO - Processing file /home/airflow/.local/lib/python3.12/site-packages/airflow/example_dags/example_python_decorator.py for tasks to queue
[2026-04-26T23:41:21.395+0000] {logging_mixin.py:188} INFO - [2026-04-26T23:41:21.394+0000] {dagbag.py:545} INFO - Filling up the DagBag from /home/airflow/.local/lib/python3.12/site-packages/airflow/example_dags/example_python_decorator.py
[2026-04-26T23:41:21.402+0000] {processor.py:840} INFO - DAG(s) 'example_python_decorator' retrieved from /home/airflow/.local/lib/python3.12/site-packages/airflow/example_dags/example_python_decorator.py
[2026-04-26T23:41:21.416+0000] {logging_mixin.py:188} INFO - [2026-04-26T23:41:21.415+0000] {dag.py:3096} INFO - Sync 1 DAGs
[2026-04-26T23:41:21.423+0000] {logging_mixin.py:188} INFO - [2026-04-26T23:41:21.423+0000] {dag.py:3954} INFO - Setting next_dagrun for example_python_decorator to None, run_after=None
[2026-04-26T23:41:21.433+0000] {processor.py:183} INFO - Processing /home/airflow/.local/lib/python3.12/site-packages/airflow/example_dags/example_python_decorator.py took 0.045 seconds
[2026-04-26T23:41:51.586+0000] {processor.py:161} INFO - Started process (PID=457) to work on /home/airflow/.local/lib/python3.12/site-packages/airflow/example_dags/example_python_decorator.py
[2026-04-26T23:41:51.587+0000] {processor.py:830} INFO - Processing file /home/airflow/.local/lib/python3.12/site-packages/airflow/example_dags/example_python_decorator.py for tasks to queue
[2026-04-26T23:41:51.588+0000] {logging_mixin.py:188} INFO - [2026-04-26T23:41:51.587+0000] {dagbag.py:545} INFO - Filling up the DagBag from /home/airflow/.local/lib/python3.12/site-packages/airflow/example_dags/example_python_decorator.py
[2026-04-26T23:41:51.595+0000] {processor.py:840} INFO - DAG(s) 'example_python_decorator' retrieved from /home/airflow/.local/lib/python3.12/site-packages/airflow/example_dags/example_python_decorator.py
[2026-04-26T23:41:51.607+0000] {logging_mixin.py:188} INFO - [2026-04-26T23:41:51.607+0000] {dag.py:3096} INFO - Sync 1 DAGs
[2026-04-26T23:41:51.615+0000] {logging_mixin.py:188} INFO - [2026-04-26T23:41:51.614+0000] {dag.py:3954} INFO - Setting next_dagrun for example_python_decorator to None, run_after=None
[2026-04-26T23:41:51.624+0000] {processor.py:183} INFO - Processing /home/airflow/.local/lib/python3.12/site-packages/airflow/example_dags/example_python_decorator.py took 0.042 seconds
[2026-04-26T23:42:21.720+0000] {processor.py:161} INFO - Started process (PID=516) to work on /home/airflow/.local/lib/python3.12/site-packages/airflow/example_dags/example_python_decorator.py
[2026-04-26T23:42:21.721+0000] {processor.py:830} INFO - Processing file /home/airflow/.local/lib/python3.12/site-packages/airflow/example_dags/example_python_decorator.py for tasks to queue
[2026-04-26T23:42:21.722+0000] {logging_mixin.py:188} INFO - [2026-04-26T23:42:21.721+0000] {dagbag.py:545} INFO - Filling up the DagBag from /home/airflow/.local/lib/python3.12/site-packages/airflow/example_dags/example_python_decorator.py
[2026-04-26T23:42:21.730+0000] {processor.py:840} INFO - DAG(s) 'example_python_decorator' retrieved from /home/airflow/.local/lib/python3.12/site-packages/airflow/example_dags/example_python_decorator.py
[2026-04-26T23:42:21.745+0000] {logging_mixin.py:188} INFO - [2026-04-26T23:42:21.745+0000] {dag.py:3096} INFO - Sync 1 DAGs
[2026-04-26T23:42:21.753+0000] {logging_mixin.py:188} INFO - [2026-04-26T23:42:21.752+0000] {dag.py:3954} INFO - Setting next_dagrun for example_python_decorator to None, run_after=None
[2026-04-26T23:42:21.764+0000] {processor.py:183} INFO - Processing /home/airflow/.local/lib/python3.12/site-packages/airflow/example_dags/example_python_decorator.py took 0.048 seconds
[2026-04-26T23:43:21.710+0000] {processor.py:161} INFO - Started process (PID=103) to work on /home/airflow/.local/lib/python3.12/site-packages/airflow/example_dags/example_python_decorator.py
[2026-04-26T23:43:21.711+0000] {processor.py:830} INFO - Processing file /home/airflow/.local/lib/python3.12/site-packages/airflow/example_dags/example_python_decorator.py for tasks to queue
[2026-04-26T23:43:21.712+0000] {logging_mixin.py:188} INFO - [2026-04-26T23:43:21.712+0000] {dagbag.py:545} INFO - Filling up the DagBag from /home/airflow/.local/lib/python3.12/site-packages/airflow/example_dags/example_python_decorator.py
[2026-04-26T23:43:21.720+0000] {processor.py:840} INFO - DAG(s) 'example_python_decorator' retrieved from /home/airflow/.local/lib/python3.12/site-packages/airflow/example_dags/example_python_decorator.py
[2026-04-26T23:43:21.727+0000] {logging_mixin.py:188} INFO - [2026-04-26T23:43:21.727+0000] {dag.py:3096} INFO - Sync 1 DAGs
[2026-04-26T23:43:21.734+0000] {logging_mixin.py:188} INFO - [2026-04-26T23:43:21.734+0000] {dag.py:3954} INFO - Setting next_dagrun for example_python_decorator to None, run_after=None
[2026-04-26T23:43:21.745+0000] {processor.py:183} INFO - Processing /home/airflow/.local/lib/python3.12/site-packages/airflow/example_dags/example_python_decorator.py took 0.039 seconds
[2026-04-26T23:43:53.482+0000] {processor.py:161} INFO - Started process (PID=162) to work on /home/airflow/.local/lib/python3.12/site-packages/airflow/example_dags/example_python_decorator.py
[2026-04-26T23:43:53.483+0000] {processor.py:830} INFO - Processing file /home/airflow/.local/lib/python3.12/site-packages/airflow/example_dags/example_python_decorator.py for tasks to queue
[2026-04-26T23:43:53.484+0000] {logging_mixin.py:188} INFO - [2026-04-26T23:43:53.484+0000] {dagbag.py:545} INFO - Filling up the DagBag from /home/airflow/.local/lib/python3.12/site-packages/airflow/example_dags/example_python_decorator.py
[2026-04-26T23:43:53.491+0000] {processor.py:840} INFO - DAG(s) 'example_python_decorator' retrieved from /home/airflow/.local/lib/python3.12/site-packages/airflow/example_dags/example_python_decorator.py
[2026-04-26T23:43:53.549+0000] {logging_mixin.py:188} INFO - [2026-04-26T23:43:53.549+0000] {dag.py:3096} INFO - Sync 1 DAGs
[2026-04-26T23:43:53.555+0000] {logging_mixin.py:188} INFO - [2026-04-26T23:43:53.554+0000] {dag.py:3954} INFO - Setting next_dagrun for example_python_decorator to None, run_after=None
[2026-04-26T23:43:53.565+0000] {processor.py:183} INFO - Processing /home/airflow/.local/lib/python3.12/site-packages/airflow/example_dags/example_python_decorator.py took 0.086 seconds
[2026-04-26T23:44:23.813+0000] {processor.py:161} INFO - Started process (PID=221) to work on /home/airflow/.local/lib/python3.12/site-packages/airflow/example_dags/example_python_decorator.py
[2026-04-26T23:44:23.813+0000] {processor.py:830} INFO - Processing file /home/airflow/.local/lib/python3.12/site-packages/airflow/example_dags/example_python_decorator.py for tasks to queue
[2026-04-26T23:44:23.814+0000] {logging_mixin.py:188} INFO - [2026-04-26T23:44:23.814+0000] {dagbag.py:545} INFO - Filling up the DagBag from /home/airflow/.local/lib/python3.12/site-packages/airflow/example_dags/example_python_decorator.py
[2026-04-26T23:44:23.822+0000] {processor.py:840} INFO - DAG(s) 'example_python_decorator' retrieved from /home/airflow/.local/lib/python3.12/site-packages/airflow/example_dags/example_python_decorator.py
[2026-04-26T23:44:23.835+0000] {logging_mixin.py:188} INFO - [2026-04-26T23:44:23.834+0000] {dag.py:3096} INFO - Sync 1 DAGs
[2026-04-26T23:44:23.841+0000] {logging_mixin.py:188} INFO - [2026-04-26T23:44:23.841+0000] {dag.py:3954} INFO - Setting next_dagrun for example_python_decorator to None, run_after=None
[2026-04-26T23:44:23.850+0000] {processor.py:183} INFO - Processing /home/airflow/.local/lib/python3.12/site-packages/airflow/example_dags/example_python_decorator.py took 0.040 seconds
[2026-04-26T23:44:53.960+0000] {processor.py:161} INFO - Started process (PID=280) to work on /home/airflow/.local/lib/python3.12/site-packages/airflow/example_dags/example_python_decorator.py
[2026-04-26T23:44:53.961+0000] {processor.py:830} INFO - Processing file /home/airflow/.local/lib/python3.12/site-packages/airflow/example_dags/example_python_decorator.py for tasks to queue
[2026-04-26T23:44:53.962+0000] {logging_mixin.py:188} INFO - [2026-04-26T23:44:53.962+0000] {dagbag.py:545} INFO - Filling up the DagBag from /home/airflow/.local/lib/python3.12/site-packages/airflow/example_dags/example_python_decorator.py
[2026-04-26T23:44:53.969+0000] {processor.py:840} INFO - DAG(s) 'example_python_decorator' retrieved from /home/airflow/.local/lib/python3.12/site-packages/airflow/example_dags/example_python_decorator.py
[2026-04-26T23:44:53.983+0000] {logging_mixin.py:188} INFO - [2026-04-26T23:44:53.983+0000] {dag.py:3096} INFO - Sync 1 DAGs
[2026-04-26T23:44:53.990+0000] {logging_mixin.py:188} INFO - [2026-04-26T23:44:53.990+0000] {dag.py:3954} INFO - Setting next_dagrun for example_python_decorator to None, run_after=None
[2026-04-26T23:44:54.001+0000] {processor.py:183} INFO - Processing /home/airflow/.local/lib/python3.12/site-packages/airflow/example_dags/example_python_decorator.py took 0.045 seconds
[2026-04-26T23:45:24.839+0000] {processor.py:161} INFO - Started process (PID=339) to work on /home/airflow/.local/lib/python3.12/site-packages/airflow/example_dags/example_python_decorator.py
[2026-04-26T23:45:24.840+0000] {processor.py:830} INFO - Processing file /home/airflow/.local/lib/python3.12/site-packages/airflow/example_dags/example_python_decorator.py for tasks to queue
[2026-04-26T23:45:24.841+0000] {logging_mixin.py:188} INFO - [2026-04-26T23:45:24.841+0000] {dagbag.py:545} INFO - Filling up the DagBag from /home/airflow/.local/lib/python3.12/site-packages/airflow/example_dags/example_python_decorator.py
[2026-04-26T23:45:24.849+0000] {processor.py:840} INFO - DAG(s) 'example_python_decorator' retrieved from /home/airflow/.local/lib/python3.12/site-packages/airflow/example_dags/example_python_decorator.py
[2026-04-26T23:45:24.864+0000] {logging_mixin.py:188} INFO - [2026-04-26T23:45:24.864+0000] {dag.py:3096} INFO - Sync 1 DAGs
[2026-04-26T23:45:24.871+0000] {logging_mixin.py:188} INFO - [2026-04-26T23:45:24.871+0000] {dag.py:3954} INFO - Setting next_dagrun for example_python_decorator to None, run_after=None
[2026-04-26T23:45:24.881+0000] {processor.py:183} INFO - Processing /home/airflow/.local/lib/python3.12/site-packages/airflow/example_dags/example_python_decorator.py took 0.045 seconds
[2026-04-26T23:45:55.605+0000] {processor.py:161} INFO - Started process (PID=398) to work on /home/airflow/.local/lib/python3.12/site-packages/airflow/example_dags/example_python_decorator.py
[2026-04-26T23:45:55.605+0000] {processor.py:830} INFO - Processing file /home/airflow/.local/lib/python3.12/site-packages/airflow/example_dags/example_python_decorator.py for tasks to queue
[2026-04-26T23:45:55.606+0000] {logging_mixin.py:188} INFO - [2026-04-26T23:45:55.606+0000] {dagbag.py:545} INFO - Filling up the DagBag from /home/airflow/.local/lib/python3.12/site-packages/airflow/example_dags/example_python_decorator.py
[2026-04-26T23:45:55.614+0000] {processor.py:840} INFO - DAG(s) 'example_python_decorator' retrieved from /home/airflow/.local/lib/python3.12/site-packages/airflow/example_dags/example_python_decorator.py
[2026-04-26T23:45:55.627+0000] {logging_mixin.py:188} INFO - [2026-04-26T23:45:55.627+0000] {dag.py:3096} INFO - Sync 1 DAGs
[2026-04-26T23:45:55.634+0000] {logging_mixin.py:188} INFO - [2026-04-26T23:45:55.634+0000] {dag.py:3954} INFO - Setting next_dagrun for example_python_decorator to None, run_after=None
[2026-04-26T23:45:55.644+0000] {processor.py:183} INFO - Processing /home/airflow/.local/lib/python3.12/site-packages/airflow/example_dags/example_python_decorator.py took 0.043 seconds
[2026-04-26T23:46:26.416+0000] {processor.py:161} INFO - Started process (PID=457) to work on /home/airflow/.local/lib/python3.12/site-packages/airflow/example_dags/example_python_decorator.py
[2026-04-26T23:46:26.417+0000] {processor.py:830} INFO - Processing file /home/airflow/.local/lib/python3.12/site-packages/airflow/example_dags/example_python_decorator.py for tasks to queue
[2026-04-26T23:46:26.418+0000] {logging_mixin.py:188} INFO - [2026-04-26T23:46:26.417+0000] {dagbag.py:545} INFO - Filling up the DagBag from /home/airflow/.local/lib/python3.12/site-packages/airflow/example_dags/example_python_decorator.py
[2026-04-26T23:46:26.426+0000] {processor.py:840} INFO - DAG(s) 'example_python_decorator' retrieved from /home/airflow/.local/lib/python3.12/site-packages/airflow/example_dags/example_python_decorator.py
[2026-04-26T23:46:26.439+0000] {logging_mixin.py:188} INFO - [2026-04-26T23:46:26.439+0000] {dag.py:3096} INFO - Sync 1 DAGs
[2026-04-26T23:46:26.447+0000] {logging_mixin.py:188} INFO - [2026-04-26T23:46:26.447+0000] {dag.py:3954} INFO - Setting next_dagrun for example_python_decorator to None, run_after=None
[2026-04-26T23:46:26.458+0000] {processor.py:183} INFO - Processing /home/airflow/.local/lib/python3.12/site-packages/airflow/example_dags/example_python_decorator.py took 0.046 seconds
[2026-04-26T23:46:57.236+0000] {processor.py:161} INFO - Started process (PID=516) to work on /home/airflow/.local/lib/python3.12/site-packages/airflow/example_dags/example_python_decorator.py
[2026-04-26T23:46:57.236+0000] {processor.py:830} INFO - Processing file /home/airflow/.local/lib/python3.12/site-packages/airflow/example_dags/example_python_decorator.py for tasks to queue
[2026-04-26T23:46:57.237+0000] {logging_mixin.py:188} INFO - [2026-04-26T23:46:57.237+0000] {dagbag.py:545} INFO - Filling up the DagBag from /home/airflow/.local/lib/python3.12/site-packages/airflow/example_dags/example_python_decorator.py
[2026-04-26T23:46:57.246+0000] {processor.py:840} INFO - DAG(s) 'example_python_decorator' retrieved from /home/airflow/.local/lib/python3.12/site-packages/airflow/example_dags/example_python_decorator.py
[2026-04-26T23:46:57.260+0000] {logging_mixin.py:188} INFO - [2026-04-26T23:46:57.260+0000] {dag.py:3096} INFO - Sync 1 DAGs
[2026-04-26T23:46:57.267+0000] {logging_mixin.py:188} INFO - [2026-04-26T23:46:57.267+0000] {dag.py:3954} INFO - Setting next_dagrun for example_python_decorator to None, run_after=None
[2026-04-26T23:46:57.279+0000] {processor.py:183} INFO - Processing /home/airflow/.local/lib/python3.12/site-packages/airflow/example_dags/example_python_decorator.py took 0.047 seconds
[2026-04-26T23:47:27.634+0000] {processor.py:161} INFO - Started process (PID=575) to work on /home/airflow/.local/lib/python3.12/site-packages/airflow/example_dags/example_python_decorator.py
[2026-04-26T23:47:27.634+0000] {processor.py:830} INFO - Processing file /home/airflow/.local/lib/python3.12/site-packages/airflow/example_dags/example_python_decorator.py for tasks to queue
[2026-04-26T23:47:27.635+0000] {logging_mixin.py:188} INFO - [2026-04-26T23:47:27.635+0000] {dagbag.py:545} INFO - Filling up the DagBag from /home/airflow/.local/lib/python3.12/site-packages/airflow/example_dags/example_python_decorator.py
[2026-04-26T23:47:27.643+0000] {processor.py:840} INFO - DAG(s) 'example_python_decorator' retrieved from /home/airflow/.local/lib/python3.12/site-packages/airflow/example_dags/example_python_decorator.py
[2026-04-26T23:47:27.656+0000] {logging_mixin.py:188} INFO - [2026-04-26T23:47:27.656+0000] {dag.py:3096} INFO - Sync 1 DAGs
[2026-04-26T23:47:27.664+0000] {logging_mixin.py:188} INFO - [2026-04-26T23:47:27.664+0000] {dag.py:3954} INFO - Setting next_dagrun for example_python_decorator to None, run_after=None
[2026-04-26T23:47:27.676+0000] {processor.py:183} INFO - Processing /home/airflow/.local/lib/python3.12/site-packages/airflow/example_dags/example_python_decorator.py took 0.046 seconds
[2026-04-26T23:47:57.702+0000] {processor.py:161} INFO - Started process (PID=634) to work on /home/airflow/.local/lib/python3.12/site-packages/airflow/example_dags/example_python_decorator.py
[2026-04-26T23:47:57.703+0000] {processor.py:830} INFO - Processing file /home/airflow/.local/lib/python3.12/site-packages/airflow/example_dags/example_python_decorator.py for tasks to queue
[2026-04-26T23:47:57.704+0000] {logging_mixin.py:188} INFO - [2026-04-26T23:47:57.703+0000] {dagbag.py:545} INFO - Filling up the DagBag from /home/airflow/.local/lib/python3.12/site-packages/airflow/example_dags/example_python_decorator.py
[2026-04-26T23:47:57.710+0000] {processor.py:840} INFO - DAG(s) 'example_python_decorator' retrieved from /home/airflow/.local/lib/python3.12/site-packages/airflow/example_dags/example_python_decorator.py
[2026-04-26T23:47:57.722+0000] {logging_mixin.py:188} INFO - [2026-04-26T23:47:57.722+0000] {dag.py:3096} INFO - Sync 1 DAGs
[2026-04-26T23:47:57.728+0000] {logging_mixin.py:188} INFO - [2026-04-26T23:47:57.728+0000] {dag.py:3954} INFO - Setting next_dagrun for example_python_decorator to None, run_after=None
[2026-04-26T23:47:57.737+0000] {processor.py:183} INFO - Processing /home/airflow/.local/lib/python3.12/site-packages/airflow/example_dags/example_python_decorator.py took 0.039 seconds
[2026-04-26T23:48:27.823+0000] {processor.py:161} INFO - Started process (PID=693) to work on /home/airflow/.local/lib/python3.12/site-packages/airflow/example_dags/example_python_decorator.py
[2026-04-26T23:48:27.824+0000] {processor.py:830} INFO - Processing file /home/airflow/.local/lib/python3.12/site-packages/airflow/example_dags/example_python_decorator.py for tasks to queue
[2026-04-26T23:48:27.825+0000] {logging_mixin.py:188} INFO - [2026-04-26T23:48:27.824+0000] {dagbag.py:545} INFO - Filling up the DagBag from /home/airflow/.local/lib/python3.12/site-packages/airflow/example_dags/example_python_decorator.py
[2026-04-26T23:48:27.832+0000] {processor.py:840} INFO - DAG(s) 'example_python_decorator' retrieved from /home/airflow/.local/lib/python3.12/site-packages/airflow/example_dags/example_python_decorator.py
[2026-04-26T23:48:27.843+0000] {logging_mixin.py:188} INFO - [2026-04-26T23:48:27.843+0000] {dag.py:3096} INFO - Sync 1 DAGs
[2026-04-26T23:48:27.850+0000] {logging_mixin.py:188} INFO - [2026-04-26T23:48:27.849+0000] {dag.py:3954} INFO - Setting next_dagrun for example_python_decorator to None, run_after=None
[2026-04-26T23:48:27.859+0000] {processor.py:183} INFO - Processing /home/airflow/.local/lib/python3.12/site-packages/airflow/example_dags/example_python_decorator.py took 0.039 seconds
[2026-04-26T23:48:58.799+0000] {processor.py:161} INFO - Started process (PID=752) to work on /home/airflow/.local/lib/python3.12/site-packages/airflow/example_dags/example_python_decorator.py
[2026-04-26T23:48:58.799+0000] {processor.py:830} INFO - Processing file /home/airflow/.local/lib/python3.12/site-packages/airflow/example_dags/example_python_decorator.py for tasks to queue
[2026-04-26T23:48:58.800+0000] {logging_mixin.py:188} INFO - [2026-04-26T23:48:58.800+0000] {dagbag.py:545} INFO - Filling up the DagBag from /home/airflow/.local/lib/python3.12/site-packages/airflow/example_dags/example_python_decorator.py
[2026-04-26T23:48:58.808+0000] {processor.py:840} INFO - DAG(s) 'example_python_decorator' retrieved from /home/airflow/.local/lib/python3.12/site-packages/airflow/example_dags/example_python_decorator.py
[2026-04-26T23:48:58.820+0000] {logging_mixin.py:188} INFO - [2026-04-26T23:48:58.820+0000] {dag.py:3096} INFO - Sync 1 DAGs
[2026-04-26T23:48:58.827+0000] {logging_mixin.py:188} INFO - [2026-04-26T23:48:58.827+0000] {dag.py:3954} INFO - Setting next_dagrun for example_python_decorator to None, run_after=None
[2026-04-26T23:48:58.838+0000] {processor.py:183} INFO - Processing /home/airflow/.local/lib/python3.12/site-packages/airflow/example_dags/example_python_decorator.py took 0.043 seconds
[2026-04-26T23:49:29.116+0000] {processor.py:161} INFO - Started process (PID=811) to work on /home/airflow/.local/lib/python3.12/site-packages/airflow/example_dags/example_python_decorator.py
[2026-04-26T23:49:29.117+0000] {processor.py:830} INFO - Processing file /home/airflow/.local/lib/python3.12/site-packages/airflow/example_dags/example_python_decorator.py for tasks to queue
[2026-04-26T23:49:29.118+0000] {logging_mixin.py:188} INFO - [2026-04-26T23:49:29.118+0000] {dagbag.py:545} INFO - Filling up the DagBag from /home/airflow/.local/lib/python3.12/site-packages/airflow/example_dags/example_python_decorator.py
[2026-04-26T23:49:29.125+0000] {processor.py:840} INFO - DAG(s) 'example_python_decorator' retrieved from /home/airflow/.local/lib/python3.12/site-packages/airflow/example_dags/example_python_decorator.py
[2026-04-26T23:49:29.136+0000] {logging_mixin.py:188} INFO - [2026-04-26T23:49:29.136+0000] {dag.py:3096} INFO - Sync 1 DAGs
[2026-04-26T23:49:29.142+0000] {logging_mixin.py:188} INFO - [2026-04-26T23:49:29.142+0000] {dag.py:3954} INFO - Setting next_dagrun for example_python_decorator to None, run_after=None
[2026-04-26T23:49:29.151+0000] {processor.py:183} INFO - Processing /home/airflow/.local/lib/python3.12/site-packages/airflow/example_dags/example_python_decorator.py took 0.038 seconds
[2026-04-26T23:50:04.648+0000] {processor.py:161} INFO - Started process (PID=103) to work on /home/airflow/.local/lib/python3.12/site-packages/airflow/example_dags/example_python_decorator.py
[2026-04-26T23:50:04.648+0000] {processor.py:830} INFO - Processing file /home/airflow/.local/lib/python3.12/site-packages/airflow/example_dags/example_python_decorator.py for tasks to queue
[2026-04-26T23:50:04.649+0000] {logging_mixin.py:188} INFO - [2026-04-26T23:50:04.649+0000] {dagbag.py:545} INFO - Filling up the DagBag from /home/airflow/.local/lib/python3.12/site-packages/airflow/example_dags/example_python_decorator.py
[2026-04-26T23:50:04.658+0000] {processor.py:840} INFO - DAG(s) 'example_python_decorator' retrieved from /home/airflow/.local/lib/python3.12/site-packages/airflow/example_dags/example_python_decorator.py
[2026-04-26T23:50:04.665+0000] {logging_mixin.py:188} INFO - [2026-04-26T23:50:04.665+0000] {dag.py:3096} INFO - Sync 1 DAGs
[2026-04-26T23:50:04.672+0000] {logging_mixin.py:188} INFO - [2026-04-26T23:50:04.672+0000] {dag.py:3954} INFO - Setting next_dagrun for example_python_decorator to None, run_after=None
[2026-04-26T23:50:04.682+0000] {processor.py:183} INFO - Processing /home/airflow/.local/lib/python3.12/site-packages/airflow/example_dags/example_python_decorator.py took 0.038 seconds
[2026-04-26T23:50:36.573+0000] {processor.py:161} INFO - Started process (PID=162) to work on /home/airflow/.local/lib/python3.12/site-packages/airflow/example_dags/example_python_decorator.py
[2026-04-26T23:50:36.573+0000] {processor.py:830} INFO - Processing file /home/airflow/.local/lib/python3.12/site-packages/airflow/example_dags/example_python_decorator.py for tasks to queue
[2026-04-26T23:50:36.574+0000] {logging_mixin.py:188} INFO - [2026-04-26T23:50:36.574+0000] {dagbag.py:545} INFO - Filling up the DagBag from /home/airflow/.local/lib/python3.12/site-packages/airflow/example_dags/example_python_decorator.py
[2026-04-26T23:50:36.583+0000] {processor.py:840} INFO - DAG(s) 'example_python_decorator' retrieved from /home/airflow/.local/lib/python3.12/site-packages/airflow/example_dags/example_python_decorator.py
[2026-04-26T23:50:36.651+0000] {logging_mixin.py:188} INFO - [2026-04-26T23:50:36.650+0000] {dag.py:3096} INFO - Sync 1 DAGs
[2026-04-26T23:50:36.659+0000] {logging_mixin.py:188} INFO - [2026-04-26T23:50:36.659+0000] {dag.py:3954} INFO - Setting next_dagrun for example_python_decorator to None, run_after=None
[2026-04-26T23:50:36.683+0000] {processor.py:183} INFO - Processing /home/airflow/.local/lib/python3.12/site-packages/airflow/example_dags/example_python_decorator.py took 0.115 seconds
[2026-04-26T23:51:06.866+0000] {processor.py:161} INFO - Started process (PID=221) to work on /home/airflow/.local/lib/python3.12/site-packages/airflow/example_dags/example_python_decorator.py
[2026-04-26T23:51:06.866+0000] {processor.py:830} INFO - Processing file /home/airflow/.local/lib/python3.12/site-packages/airflow/example_dags/example_python_decorator.py for tasks to queue
[2026-04-26T23:51:06.867+0000] {logging_mixin.py:188} INFO - [2026-04-26T23:51:06.867+0000] {dagbag.py:545} INFO - Filling up the DagBag from /home/airflow/.local/lib/python3.12/site-packages/airflow/example_dags/example_python_decorator.py
[2026-04-26T23:51:06.874+0000] {processor.py:840} INFO - DAG(s) 'example_python_decorator' retrieved from /home/airflow/.local/lib/python3.12/site-packages/airflow/example_dags/example_python_decorator.py
[2026-04-26T23:51:06.885+0000] {logging_mixin.py:188} INFO - [2026-04-26T23:51:06.885+0000] {dag.py:3096} INFO - Sync 1 DAGs
[2026-04-26T23:51:06.891+0000] {logging_mixin.py:188} INFO - [2026-04-26T23:51:06.891+0000] {dag.py:3954} INFO - Setting next_dagrun for example_python_decorator to None, run_after=None
[2026-04-26T23:51:06.900+0000] {processor.py:183} INFO - Processing /home/airflow/.local/lib/python3.12/site-packages/airflow/example_dags/example_python_decorator.py took 0.039 seconds
[2026-04-26T23:51:37.189+0000] {processor.py:161} INFO - Started process (PID=280) to work on /home/airflow/.local/lib/python3.12/site-packages/airflow/example_dags/example_python_decorator.py
[2026-04-26T23:51:37.189+0000] {processor.py:830} INFO - Processing file /home/airflow/.local/lib/python3.12/site-packages/airflow/example_dags/example_python_decorator.py for tasks to queue
[2026-04-26T23:51:37.191+0000] {logging_mixin.py:188} INFO - [2026-04-26T23:51:37.191+0000] {dagbag.py:545} INFO - Filling up the DagBag from /home/airflow/.local/lib/python3.12/site-packages/airflow/example_dags/example_python_decorator.py
[2026-04-26T23:51:37.199+0000] {processor.py:840} INFO - DAG(s) 'example_python_decorator' retrieved from /home/airflow/.local/lib/python3.12/site-packages/airflow/example_dags/example_python_decorator.py
[2026-04-26T23:51:37.214+0000] {logging_mixin.py:188} INFO - [2026-04-26T23:51:37.214+0000] {dag.py:3096} INFO - Sync 1 DAGs
[2026-04-26T23:51:37.223+0000] {logging_mixin.py:188} INFO - [2026-04-26T23:51:37.223+0000] {dag.py:3954} INFO - Setting next_dagrun for example_python_decorator to None, run_after=None
[2026-04-26T23:51:37.234+0000] {processor.py:183} INFO - Processing /home/airflow/.local/lib/python3.12/site-packages/airflow/example_dags/example_python_decorator.py took 0.050 seconds
[2026-04-26T23:52:08.219+0000] {processor.py:161} INFO - Started process (PID=339) to work on /home/airflow/.local/lib/python3.12/site-packages/airflow/example_dags/example_python_decorator.py
[2026-04-26T23:52:08.220+0000] {processor.py:830} INFO - Processing file /home/airflow/.local/lib/python3.12/site-packages/airflow/example_dags/example_python_decorator.py for tasks to queue
[2026-04-26T23:52:08.221+0000] {logging_mixin.py:188} INFO - [2026-04-26T23:52:08.221+0000] {dagbag.py:545} INFO - Filling up the DagBag from /home/airflow/.local/lib/python3.12/site-packages/airflow/example_dags/example_python_decorator.py
[2026-04-26T23:52:08.228+0000] {processor.py:840} INFO - DAG(s) 'example_python_decorator' retrieved from /home/airflow/.local/lib/python3.12/site-packages/airflow/example_dags/example_python_decorator.py
[2026-04-26T23:52:08.239+0000] {logging_mixin.py:188} INFO - [2026-04-26T23:52:08.239+0000] {dag.py:3096} INFO - Sync 1 DAGs
[2026-04-26T23:52:08.246+0000] {logging_mixin.py:188} INFO - [2026-04-26T23:52:08.245+0000] {dag.py:3954} INFO - Setting next_dagrun for example_python_decorator to None, run_after=None
[2026-04-26T23:52:08.254+0000] {processor.py:183} INFO - Processing /home/airflow/.local/lib/python3.12/site-packages/airflow/example_dags/example_python_decorator.py took 0.038 seconds
[2026-04-26T23:52:38.406+0000] {processor.py:161} INFO - Started process (PID=398) to work on /home/airflow/.local/lib/python3.12/site-packages/airflow/example_dags/example_python_decorator.py
[2026-04-26T23:52:38.407+0000] {processor.py:830} INFO - Processing file /home/airflow/.local/lib/python3.12/site-packages/airflow/example_dags/example_python_decorator.py for tasks to queue
[2026-04-26T23:52:38.408+0000] {logging_mixin.py:188} INFO - [2026-04-26T23:52:38.407+0000] {dagbag.py:545} INFO - Filling up the DagBag from /home/airflow/.local/lib/python3.12/site-packages/airflow/example_dags/example_python_decorator.py
[2026-04-26T23:52:38.414+0000] {processor.py:840} INFO - DAG(s) 'example_python_decorator' retrieved from /home/airflow/.local/lib/python3.12/site-packages/airflow/example_dags/example_python_decorator.py
[2026-04-26T23:52:38.426+0000] {logging_mixin.py:188} INFO - [2026-04-26T23:52:38.426+0000] {dag.py:3096} INFO - Sync 1 DAGs
[2026-04-26T23:52:38.432+0000] {logging_mixin.py:188} INFO - [2026-04-26T23:52:38.432+0000] {dag.py:3954} INFO - Setting next_dagrun for example_python_decorator to None, run_after=None
[2026-04-26T23:52:38.442+0000] {processor.py:183} INFO - Processing /home/airflow/.local/lib/python3.12/site-packages/airflow/example_dags/example_python_decorator.py took 0.039 seconds
[2026-04-26T23:53:09.401+0000] {processor.py:161} INFO - Started process (PID=457) to work on /home/airflow/.local/lib/python3.12/site-packages/airflow/example_dags/example_python_decorator.py
[2026-04-26T23:53:09.401+0000] {processor.py:830} INFO - Processing file /home/airflow/.local/lib/python3.12/site-packages/airflow/example_dags/example_python_decorator.py for tasks to queue
[2026-04-26T23:53:09.402+0000] {logging_mixin.py:188} INFO - [2026-04-26T23:53:09.402+0000] {dagbag.py:545} INFO - Filling up the DagBag from /home/airflow/.local/lib/python3.12/site-packages/airflow/example_dags/example_python_decorator.py
[2026-04-26T23:53:09.409+0000] {processor.py:840} INFO - DAG(s) 'example_python_decorator' retrieved from /home/airflow/.local/lib/python3.12/site-packages/airflow/example_dags/example_python_decorator.py
[2026-04-26T23:53:09.421+0000] {logging_mixin.py:188} INFO - [2026-04-26T23:53:09.421+0000] {dag.py:3096} INFO - Sync 1 DAGs
[2026-04-26T23:53:09.429+0000] {logging_mixin.py:188} INFO - [2026-04-26T23:53:09.429+0000] {dag.py:3954} INFO - Setting next_dagrun for example_python_decorator to None, run_after=None
[2026-04-26T23:53:09.438+0000] {processor.py:183} INFO - Processing /home/airflow/.local/lib/python3.12/site-packages/airflow/example_dags/example_python_decorator.py took 0.041 seconds
[2026-04-26T23:53:39.624+0000] {processor.py:161} INFO - Started process (PID=516) to work on /home/airflow/.local/lib/python3.12/site-packages/airflow/example_dags/example_python_decorator.py
[2026-04-26T23:53:39.625+0000] {processor.py:830} INFO - Processing file /home/airflow/.local/lib/python3.12/site-packages/airflow/example_dags/example_python_decorator.py for tasks to queue
[2026-04-26T23:53:39.626+0000] {logging_mixin.py:188} INFO - [2026-04-26T23:53:39.626+0000] {dagbag.py:545} INFO - Filling up the DagBag from /home/airflow/.local/lib/python3.12/site-packages/airflow/example_dags/example_python_decorator.py
[2026-04-26T23:53:39.632+0000] {processor.py:840} INFO - DAG(s) 'example_python_decorator' retrieved from /home/airflow/.local/lib/python3.12/site-packages/airflow/example_dags/example_python_decorator.py
[2026-04-26T23:53:39.643+0000] {logging_mixin.py:188} INFO - [2026-04-26T23:53:39.643+0000] {dag.py:3096} INFO - Sync 1 DAGs
[2026-04-26T23:53:39.650+0000] {logging_mixin.py:188} INFO - [2026-04-26T23:53:39.650+0000] {dag.py:3954} INFO - Setting next_dagrun for example_python_decorator to None, run_after=None
[2026-04-26T23:53:39.658+0000] {processor.py:183} INFO - Processing /home/airflow/.local/lib/python3.12/site-packages/airflow/example_dags/example_python_decorator.py took 0.038 seconds
