[2026-04-26T23:08:15.034+0000] {processor.py:161} INFO - Started process (PID=66) to work on /home/airflow/.local/lib/python3.12/site-packages/airflow/example_dags/example_trigger_controller_dag.py
[2026-04-26T23:08:15.034+0000] {processor.py:830} INFO - Processing file /home/airflow/.local/lib/python3.12/site-packages/airflow/example_dags/example_trigger_controller_dag.py for tasks to queue
[2026-04-26T23:08:15.036+0000] {logging_mixin.py:188} INFO - [2026-04-26T23:08:15.035+0000] {dagbag.py:545} INFO - Filling up the DagBag from /home/airflow/.local/lib/python3.12/site-packages/airflow/example_dags/example_trigger_controller_dag.py
[2026-04-26T23:08:15.041+0000] {processor.py:840} INFO - DAG(s) 'example_trigger_controller_dag' retrieved from /home/airflow/.local/lib/python3.12/site-packages/airflow/example_dags/example_trigger_controller_dag.py
[2026-04-26T23:08:15.049+0000] {logging_mixin.py:188} INFO - [2026-04-26T23:08:15.049+0000] {dag.py:3096} INFO - Sync 1 DAGs
[2026-04-26T23:08:15.064+0000] {logging_mixin.py:188} INFO - [2026-04-26T23:08:15.064+0000] {dag.py:3954} INFO - Setting next_dagrun for example_trigger_controller_dag to 2021-01-01 00:00:00+00:00, run_after=2021-01-01 00:00:00+00:00
[2026-04-26T23:08:15.077+0000] {processor.py:183} INFO - Processing /home/airflow/.local/lib/python3.12/site-packages/airflow/example_dags/example_trigger_controller_dag.py took 0.047 seconds
[2026-04-26T23:08:45.870+0000] {processor.py:161} INFO - Started process (PID=124) to work on /home/airflow/.local/lib/python3.12/site-packages/airflow/example_dags/example_trigger_controller_dag.py
[2026-04-26T23:08:45.870+0000] {processor.py:830} INFO - Processing file /home/airflow/.local/lib/python3.12/site-packages/airflow/example_dags/example_trigger_controller_dag.py for tasks to queue
[2026-04-26T23:08:45.872+0000] {logging_mixin.py:188} INFO - [2026-04-26T23:08:45.872+0000] {dagbag.py:545} INFO - Filling up the DagBag from /home/airflow/.local/lib/python3.12/site-packages/airflow/example_dags/example_trigger_controller_dag.py
[2026-04-26T23:08:45.876+0000] {processor.py:840} INFO - DAG(s) 'example_trigger_controller_dag' retrieved from /home/airflow/.local/lib/python3.12/site-packages/airflow/example_dags/example_trigger_controller_dag.py
[2026-04-26T23:08:45.956+0000] {logging_mixin.py:188} INFO - [2026-04-26T23:08:45.955+0000] {dag.py:3096} INFO - Sync 1 DAGs
[2026-04-26T23:08:45.970+0000] {logging_mixin.py:188} INFO - [2026-04-26T23:08:45.970+0000] {dag.py:3954} INFO - Setting next_dagrun for example_trigger_controller_dag to 2021-01-01 00:00:00+00:00, run_after=2021-01-01 00:00:00+00:00
[2026-04-26T23:08:45.984+0000] {processor.py:183} INFO - Processing /home/airflow/.local/lib/python3.12/site-packages/airflow/example_dags/example_trigger_controller_dag.py took 0.119 seconds
[2026-04-26T23:09:16.649+0000] {processor.py:161} INFO - Started process (PID=182) to work on /home/airflow/.local/lib/python3.12/site-packages/airflow/example_dags/example_trigger_controller_dag.py
[2026-04-26T23:09:16.649+0000] {processor.py:830} INFO - Processing file /home/airflow/.local/lib/python3.12/site-packages/airflow/example_dags/example_trigger_controller_dag.py for tasks to queue
[2026-04-26T23:09:16.650+0000] {logging_mixin.py:188} INFO - [2026-04-26T23:09:16.650+0000] {dagbag.py:545} INFO - Filling up the DagBag from /home/airflow/.local/lib/python3.12/site-packages/airflow/example_dags/example_trigger_controller_dag.py
[2026-04-26T23:09:16.653+0000] {processor.py:840} INFO - DAG(s) 'example_trigger_controller_dag' retrieved from /home/airflow/.local/lib/python3.12/site-packages/airflow/example_dags/example_trigger_controller_dag.py
[2026-04-26T23:09:16.664+0000] {logging_mixin.py:188} INFO - [2026-04-26T23:09:16.664+0000] {dag.py:3096} INFO - Sync 1 DAGs
[2026-04-26T23:09:16.677+0000] {logging_mixin.py:188} INFO - [2026-04-26T23:09:16.677+0000] {dag.py:3954} INFO - Setting next_dagrun for example_trigger_controller_dag to 2021-01-01 00:00:00+00:00, run_after=2021-01-01 00:00:00+00:00
[2026-04-26T23:09:16.686+0000] {processor.py:183} INFO - Processing /home/airflow/.local/lib/python3.12/site-packages/airflow/example_dags/example_trigger_controller_dag.py took 0.041 seconds
[2026-04-26T23:09:47.479+0000] {processor.py:161} INFO - Started process (PID=240) to work on /home/airflow/.local/lib/python3.12/site-packages/airflow/example_dags/example_trigger_controller_dag.py
[2026-04-26T23:09:47.479+0000] {processor.py:830} INFO - Processing file /home/airflow/.local/lib/python3.12/site-packages/airflow/example_dags/example_trigger_controller_dag.py for tasks to queue
[2026-04-26T23:09:47.480+0000] {logging_mixin.py:188} INFO - [2026-04-26T23:09:47.480+0000] {dagbag.py:545} INFO - Filling up the DagBag from /home/airflow/.local/lib/python3.12/site-packages/airflow/example_dags/example_trigger_controller_dag.py
[2026-04-26T23:09:47.484+0000] {processor.py:840} INFO - DAG(s) 'example_trigger_controller_dag' retrieved from /home/airflow/.local/lib/python3.12/site-packages/airflow/example_dags/example_trigger_controller_dag.py
[2026-04-26T23:09:47.494+0000] {logging_mixin.py:188} INFO - [2026-04-26T23:09:47.494+0000] {dag.py:3096} INFO - Sync 1 DAGs
[2026-04-26T23:09:47.507+0000] {logging_mixin.py:188} INFO - [2026-04-26T23:09:47.506+0000] {dag.py:3954} INFO - Setting next_dagrun for example_trigger_controller_dag to 2021-01-01 00:00:00+00:00, run_after=2021-01-01 00:00:00+00:00
[2026-04-26T23:09:47.517+0000] {processor.py:183} INFO - Processing /home/airflow/.local/lib/python3.12/site-packages/airflow/example_dags/example_trigger_controller_dag.py took 0.041 seconds
[2026-04-26T23:10:18.411+0000] {processor.py:161} INFO - Started process (PID=304) to work on /home/airflow/.local/lib/python3.12/site-packages/airflow/example_dags/example_trigger_controller_dag.py
[2026-04-26T23:10:18.412+0000] {processor.py:830} INFO - Processing file /home/airflow/.local/lib/python3.12/site-packages/airflow/example_dags/example_trigger_controller_dag.py for tasks to queue
[2026-04-26T23:10:18.413+0000] {logging_mixin.py:188} INFO - [2026-04-26T23:10:18.413+0000] {dagbag.py:545} INFO - Filling up the DagBag from /home/airflow/.local/lib/python3.12/site-packages/airflow/example_dags/example_trigger_controller_dag.py
[2026-04-26T23:10:18.417+0000] {processor.py:840} INFO - DAG(s) 'example_trigger_controller_dag' retrieved from /home/airflow/.local/lib/python3.12/site-packages/airflow/example_dags/example_trigger_controller_dag.py
[2026-04-26T23:10:18.428+0000] {logging_mixin.py:188} INFO - [2026-04-26T23:10:18.428+0000] {dag.py:3096} INFO - Sync 1 DAGs
[2026-04-26T23:10:18.441+0000] {logging_mixin.py:188} INFO - [2026-04-26T23:10:18.441+0000] {dag.py:3954} INFO - Setting next_dagrun for example_trigger_controller_dag to 2021-01-01 00:00:00+00:00, run_after=2021-01-01 00:00:00+00:00
[2026-04-26T23:10:18.451+0000] {processor.py:183} INFO - Processing /home/airflow/.local/lib/python3.12/site-packages/airflow/example_dags/example_trigger_controller_dag.py took 0.043 seconds
[2026-04-26T23:10:48.553+0000] {processor.py:161} INFO - Started process (PID=362) to work on /home/airflow/.local/lib/python3.12/site-packages/airflow/example_dags/example_trigger_controller_dag.py
[2026-04-26T23:10:48.553+0000] {processor.py:830} INFO - Processing file /home/airflow/.local/lib/python3.12/site-packages/airflow/example_dags/example_trigger_controller_dag.py for tasks to queue
[2026-04-26T23:10:48.555+0000] {logging_mixin.py:188} INFO - [2026-04-26T23:10:48.554+0000] {dagbag.py:545} INFO - Filling up the DagBag from /home/airflow/.local/lib/python3.12/site-packages/airflow/example_dags/example_trigger_controller_dag.py
[2026-04-26T23:10:48.558+0000] {processor.py:840} INFO - DAG(s) 'example_trigger_controller_dag' retrieved from /home/airflow/.local/lib/python3.12/site-packages/airflow/example_dags/example_trigger_controller_dag.py
[2026-04-26T23:10:48.570+0000] {logging_mixin.py:188} INFO - [2026-04-26T23:10:48.570+0000] {dag.py:3096} INFO - Sync 1 DAGs
[2026-04-26T23:10:48.583+0000] {logging_mixin.py:188} INFO - [2026-04-26T23:10:48.583+0000] {dag.py:3954} INFO - Setting next_dagrun for example_trigger_controller_dag to 2021-01-01 00:00:00+00:00, run_after=2021-01-01 00:00:00+00:00
[2026-04-26T23:10:48.593+0000] {processor.py:183} INFO - Processing /home/airflow/.local/lib/python3.12/site-packages/airflow/example_dags/example_trigger_controller_dag.py took 0.045 seconds
[2026-04-26T23:11:19.272+0000] {processor.py:161} INFO - Started process (PID=420) to work on /home/airflow/.local/lib/python3.12/site-packages/airflow/example_dags/example_trigger_controller_dag.py
[2026-04-26T23:11:19.272+0000] {processor.py:830} INFO - Processing file /home/airflow/.local/lib/python3.12/site-packages/airflow/example_dags/example_trigger_controller_dag.py for tasks to queue
[2026-04-26T23:11:19.274+0000] {logging_mixin.py:188} INFO - [2026-04-26T23:11:19.273+0000] {dagbag.py:545} INFO - Filling up the DagBag from /home/airflow/.local/lib/python3.12/site-packages/airflow/example_dags/example_trigger_controller_dag.py
[2026-04-26T23:11:19.277+0000] {processor.py:840} INFO - DAG(s) 'example_trigger_controller_dag' retrieved from /home/airflow/.local/lib/python3.12/site-packages/airflow/example_dags/example_trigger_controller_dag.py
[2026-04-26T23:11:19.289+0000] {logging_mixin.py:188} INFO - [2026-04-26T23:11:19.289+0000] {dag.py:3096} INFO - Sync 1 DAGs
[2026-04-26T23:11:19.303+0000] {logging_mixin.py:188} INFO - [2026-04-26T23:11:19.303+0000] {dag.py:3954} INFO - Setting next_dagrun for example_trigger_controller_dag to 2021-01-01 00:00:00+00:00, run_after=2021-01-01 00:00:00+00:00
[2026-04-26T23:11:19.314+0000] {processor.py:183} INFO - Processing /home/airflow/.local/lib/python3.12/site-packages/airflow/example_dags/example_trigger_controller_dag.py took 0.046 seconds
[2026-04-26T23:11:50.032+0000] {processor.py:161} INFO - Started process (PID=478) to work on /home/airflow/.local/lib/python3.12/site-packages/airflow/example_dags/example_trigger_controller_dag.py
[2026-04-26T23:11:50.033+0000] {processor.py:830} INFO - Processing file /home/airflow/.local/lib/python3.12/site-packages/airflow/example_dags/example_trigger_controller_dag.py for tasks to queue
[2026-04-26T23:11:50.034+0000] {logging_mixin.py:188} INFO - [2026-04-26T23:11:50.033+0000] {dagbag.py:545} INFO - Filling up the DagBag from /home/airflow/.local/lib/python3.12/site-packages/airflow/example_dags/example_trigger_controller_dag.py
[2026-04-26T23:11:50.036+0000] {processor.py:840} INFO - DAG(s) 'example_trigger_controller_dag' retrieved from /home/airflow/.local/lib/python3.12/site-packages/airflow/example_dags/example_trigger_controller_dag.py
[2026-04-26T23:11:50.047+0000] {logging_mixin.py:188} INFO - [2026-04-26T23:11:50.047+0000] {dag.py:3096} INFO - Sync 1 DAGs
[2026-04-26T23:11:50.057+0000] {logging_mixin.py:188} INFO - [2026-04-26T23:11:50.057+0000] {dag.py:3954} INFO - Setting next_dagrun for example_trigger_controller_dag to 2021-01-01 00:00:00+00:00, run_after=2021-01-01 00:00:00+00:00
[2026-04-26T23:11:50.066+0000] {processor.py:183} INFO - Processing /home/airflow/.local/lib/python3.12/site-packages/airflow/example_dags/example_trigger_controller_dag.py took 0.038 seconds
[2026-04-26T23:12:20.834+0000] {processor.py:161} INFO - Started process (PID=536) to work on /home/airflow/.local/lib/python3.12/site-packages/airflow/example_dags/example_trigger_controller_dag.py
[2026-04-26T23:12:20.834+0000] {processor.py:830} INFO - Processing file /home/airflow/.local/lib/python3.12/site-packages/airflow/example_dags/example_trigger_controller_dag.py for tasks to queue
[2026-04-26T23:12:20.835+0000] {logging_mixin.py:188} INFO - [2026-04-26T23:12:20.835+0000] {dagbag.py:545} INFO - Filling up the DagBag from /home/airflow/.local/lib/python3.12/site-packages/airflow/example_dags/example_trigger_controller_dag.py
[2026-04-26T23:12:20.838+0000] {processor.py:840} INFO - DAG(s) 'example_trigger_controller_dag' retrieved from /home/airflow/.local/lib/python3.12/site-packages/airflow/example_dags/example_trigger_controller_dag.py
[2026-04-26T23:12:20.850+0000] {logging_mixin.py:188} INFO - [2026-04-26T23:12:20.850+0000] {dag.py:3096} INFO - Sync 1 DAGs
[2026-04-26T23:12:20.862+0000] {logging_mixin.py:188} INFO - [2026-04-26T23:12:20.862+0000] {dag.py:3954} INFO - Setting next_dagrun for example_trigger_controller_dag to 2021-01-01 00:00:00+00:00, run_after=2021-01-01 00:00:00+00:00
[2026-04-26T23:12:20.872+0000] {processor.py:183} INFO - Processing /home/airflow/.local/lib/python3.12/site-packages/airflow/example_dags/example_trigger_controller_dag.py took 0.042 seconds
[2026-04-26T23:12:51.695+0000] {processor.py:161} INFO - Started process (PID=594) to work on /home/airflow/.local/lib/python3.12/site-packages/airflow/example_dags/example_trigger_controller_dag.py
[2026-04-26T23:12:51.696+0000] {processor.py:830} INFO - Processing file /home/airflow/.local/lib/python3.12/site-packages/airflow/example_dags/example_trigger_controller_dag.py for tasks to queue
[2026-04-26T23:12:51.697+0000] {logging_mixin.py:188} INFO - [2026-04-26T23:12:51.697+0000] {dagbag.py:545} INFO - Filling up the DagBag from /home/airflow/.local/lib/python3.12/site-packages/airflow/example_dags/example_trigger_controller_dag.py
[2026-04-26T23:12:51.700+0000] {processor.py:840} INFO - DAG(s) 'example_trigger_controller_dag' retrieved from /home/airflow/.local/lib/python3.12/site-packages/airflow/example_dags/example_trigger_controller_dag.py
[2026-04-26T23:12:51.713+0000] {logging_mixin.py:188} INFO - [2026-04-26T23:12:51.713+0000] {dag.py:3096} INFO - Sync 1 DAGs
[2026-04-26T23:12:51.727+0000] {logging_mixin.py:188} INFO - [2026-04-26T23:12:51.727+0000] {dag.py:3954} INFO - Setting next_dagrun for example_trigger_controller_dag to 2021-01-01 00:00:00+00:00, run_after=2021-01-01 00:00:00+00:00
[2026-04-26T23:12:51.739+0000] {processor.py:183} INFO - Processing /home/airflow/.local/lib/python3.12/site-packages/airflow/example_dags/example_trigger_controller_dag.py took 0.048 seconds
[2026-04-26T23:13:21.758+0000] {processor.py:161} INFO - Started process (PID=652) to work on /home/airflow/.local/lib/python3.12/site-packages/airflow/example_dags/example_trigger_controller_dag.py
[2026-04-26T23:13:21.758+0000] {processor.py:830} INFO - Processing file /home/airflow/.local/lib/python3.12/site-packages/airflow/example_dags/example_trigger_controller_dag.py for tasks to queue
[2026-04-26T23:13:21.760+0000] {logging_mixin.py:188} INFO - [2026-04-26T23:13:21.759+0000] {dagbag.py:545} INFO - Filling up the DagBag from /home/airflow/.local/lib/python3.12/site-packages/airflow/example_dags/example_trigger_controller_dag.py
[2026-04-26T23:13:21.763+0000] {processor.py:840} INFO - DAG(s) 'example_trigger_controller_dag' retrieved from /home/airflow/.local/lib/python3.12/site-packages/airflow/example_dags/example_trigger_controller_dag.py
[2026-04-26T23:13:21.776+0000] {logging_mixin.py:188} INFO - [2026-04-26T23:13:21.776+0000] {dag.py:3096} INFO - Sync 1 DAGs
[2026-04-26T23:13:21.790+0000] {logging_mixin.py:188} INFO - [2026-04-26T23:13:21.790+0000] {dag.py:3954} INFO - Setting next_dagrun for example_trigger_controller_dag to 2021-01-01 00:00:00+00:00, run_after=2021-01-01 00:00:00+00:00
[2026-04-26T23:13:21.800+0000] {processor.py:183} INFO - Processing /home/airflow/.local/lib/python3.12/site-packages/airflow/example_dags/example_trigger_controller_dag.py took 0.046 seconds
[2026-04-26T23:13:52.060+0000] {processor.py:161} INFO - Started process (PID=710) to work on /home/airflow/.local/lib/python3.12/site-packages/airflow/example_dags/example_trigger_controller_dag.py
[2026-04-26T23:13:52.061+0000] {processor.py:830} INFO - Processing file /home/airflow/.local/lib/python3.12/site-packages/airflow/example_dags/example_trigger_controller_dag.py for tasks to queue
[2026-04-26T23:13:52.062+0000] {logging_mixin.py:188} INFO - [2026-04-26T23:13:52.062+0000] {dagbag.py:545} INFO - Filling up the DagBag from /home/airflow/.local/lib/python3.12/site-packages/airflow/example_dags/example_trigger_controller_dag.py
[2026-04-26T23:13:52.065+0000] {processor.py:840} INFO - DAG(s) 'example_trigger_controller_dag' retrieved from /home/airflow/.local/lib/python3.12/site-packages/airflow/example_dags/example_trigger_controller_dag.py
[2026-04-26T23:13:52.076+0000] {logging_mixin.py:188} INFO - [2026-04-26T23:13:52.076+0000] {dag.py:3096} INFO - Sync 1 DAGs
[2026-04-26T23:13:52.088+0000] {logging_mixin.py:188} INFO - [2026-04-26T23:13:52.087+0000] {dag.py:3954} INFO - Setting next_dagrun for example_trigger_controller_dag to 2021-01-01 00:00:00+00:00, run_after=2021-01-01 00:00:00+00:00
[2026-04-26T23:13:52.097+0000] {processor.py:183} INFO - Processing /home/airflow/.local/lib/python3.12/site-packages/airflow/example_dags/example_trigger_controller_dag.py took 0.041 seconds
[2026-04-26T23:14:22.691+0000] {processor.py:161} INFO - Started process (PID=768) to work on /home/airflow/.local/lib/python3.12/site-packages/airflow/example_dags/example_trigger_controller_dag.py
[2026-04-26T23:14:22.692+0000] {processor.py:830} INFO - Processing file /home/airflow/.local/lib/python3.12/site-packages/airflow/example_dags/example_trigger_controller_dag.py for tasks to queue
[2026-04-26T23:14:22.693+0000] {logging_mixin.py:188} INFO - [2026-04-26T23:14:22.692+0000] {dagbag.py:545} INFO - Filling up the DagBag from /home/airflow/.local/lib/python3.12/site-packages/airflow/example_dags/example_trigger_controller_dag.py
[2026-04-26T23:14:22.696+0000] {processor.py:840} INFO - DAG(s) 'example_trigger_controller_dag' retrieved from /home/airflow/.local/lib/python3.12/site-packages/airflow/example_dags/example_trigger_controller_dag.py
[2026-04-26T23:14:22.706+0000] {logging_mixin.py:188} INFO - [2026-04-26T23:14:22.706+0000] {dag.py:3096} INFO - Sync 1 DAGs
[2026-04-26T23:14:22.717+0000] {logging_mixin.py:188} INFO - [2026-04-26T23:14:22.717+0000] {dag.py:3954} INFO - Setting next_dagrun for example_trigger_controller_dag to 2021-01-01 00:00:00+00:00, run_after=2021-01-01 00:00:00+00:00
[2026-04-26T23:14:22.726+0000] {processor.py:183} INFO - Processing /home/airflow/.local/lib/python3.12/site-packages/airflow/example_dags/example_trigger_controller_dag.py took 0.038 seconds
[2026-04-26T23:14:53.493+0000] {processor.py:161} INFO - Started process (PID=826) to work on /home/airflow/.local/lib/python3.12/site-packages/airflow/example_dags/example_trigger_controller_dag.py
[2026-04-26T23:14:53.493+0000] {processor.py:830} INFO - Processing file /home/airflow/.local/lib/python3.12/site-packages/airflow/example_dags/example_trigger_controller_dag.py for tasks to queue
[2026-04-26T23:14:53.494+0000] {logging_mixin.py:188} INFO - [2026-04-26T23:14:53.494+0000] {dagbag.py:545} INFO - Filling up the DagBag from /home/airflow/.local/lib/python3.12/site-packages/airflow/example_dags/example_trigger_controller_dag.py
[2026-04-26T23:14:53.497+0000] {processor.py:840} INFO - DAG(s) 'example_trigger_controller_dag' retrieved from /home/airflow/.local/lib/python3.12/site-packages/airflow/example_dags/example_trigger_controller_dag.py
[2026-04-26T23:14:53.510+0000] {logging_mixin.py:188} INFO - [2026-04-26T23:14:53.510+0000] {dag.py:3096} INFO - Sync 1 DAGs
[2026-04-26T23:14:53.524+0000] {logging_mixin.py:188} INFO - [2026-04-26T23:14:53.524+0000] {dag.py:3954} INFO - Setting next_dagrun for example_trigger_controller_dag to 2021-01-01 00:00:00+00:00, run_after=2021-01-01 00:00:00+00:00
[2026-04-26T23:14:53.535+0000] {processor.py:183} INFO - Processing /home/airflow/.local/lib/python3.12/site-packages/airflow/example_dags/example_trigger_controller_dag.py took 0.047 seconds
[2026-04-26T23:15:23.594+0000] {processor.py:161} INFO - Started process (PID=884) to work on /home/airflow/.local/lib/python3.12/site-packages/airflow/example_dags/example_trigger_controller_dag.py
[2026-04-26T23:15:23.594+0000] {processor.py:830} INFO - Processing file /home/airflow/.local/lib/python3.12/site-packages/airflow/example_dags/example_trigger_controller_dag.py for tasks to queue
[2026-04-26T23:15:23.595+0000] {logging_mixin.py:188} INFO - [2026-04-26T23:15:23.595+0000] {dagbag.py:545} INFO - Filling up the DagBag from /home/airflow/.local/lib/python3.12/site-packages/airflow/example_dags/example_trigger_controller_dag.py
[2026-04-26T23:15:23.598+0000] {processor.py:840} INFO - DAG(s) 'example_trigger_controller_dag' retrieved from /home/airflow/.local/lib/python3.12/site-packages/airflow/example_dags/example_trigger_controller_dag.py
[2026-04-26T23:15:23.608+0000] {logging_mixin.py:188} INFO - [2026-04-26T23:15:23.608+0000] {dag.py:3096} INFO - Sync 1 DAGs
[2026-04-26T23:15:23.619+0000] {logging_mixin.py:188} INFO - [2026-04-26T23:15:23.619+0000] {dag.py:3954} INFO - Setting next_dagrun for example_trigger_controller_dag to 2021-01-01 00:00:00+00:00, run_after=2021-01-01 00:00:00+00:00
[2026-04-26T23:15:23.627+0000] {processor.py:183} INFO - Processing /home/airflow/.local/lib/python3.12/site-packages/airflow/example_dags/example_trigger_controller_dag.py took 0.037 seconds
[2026-04-26T23:15:53.762+0000] {processor.py:161} INFO - Started process (PID=942) to work on /home/airflow/.local/lib/python3.12/site-packages/airflow/example_dags/example_trigger_controller_dag.py
[2026-04-26T23:15:53.762+0000] {processor.py:830} INFO - Processing file /home/airflow/.local/lib/python3.12/site-packages/airflow/example_dags/example_trigger_controller_dag.py for tasks to queue
[2026-04-26T23:15:53.763+0000] {logging_mixin.py:188} INFO - [2026-04-26T23:15:53.763+0000] {dagbag.py:545} INFO - Filling up the DagBag from /home/airflow/.local/lib/python3.12/site-packages/airflow/example_dags/example_trigger_controller_dag.py
[2026-04-26T23:15:53.767+0000] {processor.py:840} INFO - DAG(s) 'example_trigger_controller_dag' retrieved from /home/airflow/.local/lib/python3.12/site-packages/airflow/example_dags/example_trigger_controller_dag.py
[2026-04-26T23:15:53.777+0000] {logging_mixin.py:188} INFO - [2026-04-26T23:15:53.777+0000] {dag.py:3096} INFO - Sync 1 DAGs
[2026-04-26T23:15:53.788+0000] {logging_mixin.py:188} INFO - [2026-04-26T23:15:53.787+0000] {dag.py:3954} INFO - Setting next_dagrun for example_trigger_controller_dag to 2021-01-01 00:00:00+00:00, run_after=2021-01-01 00:00:00+00:00
[2026-04-26T23:15:53.797+0000] {processor.py:183} INFO - Processing /home/airflow/.local/lib/python3.12/site-packages/airflow/example_dags/example_trigger_controller_dag.py took 0.039 seconds
[2026-04-26T23:16:23.953+0000] {processor.py:161} INFO - Started process (PID=1000) to work on /home/airflow/.local/lib/python3.12/site-packages/airflow/example_dags/example_trigger_controller_dag.py
[2026-04-26T23:16:23.954+0000] {processor.py:830} INFO - Processing file /home/airflow/.local/lib/python3.12/site-packages/airflow/example_dags/example_trigger_controller_dag.py for tasks to queue
[2026-04-26T23:16:23.955+0000] {logging_mixin.py:188} INFO - [2026-04-26T23:16:23.955+0000] {dagbag.py:545} INFO - Filling up the DagBag from /home/airflow/.local/lib/python3.12/site-packages/airflow/example_dags/example_trigger_controller_dag.py
[2026-04-26T23:16:23.958+0000] {processor.py:840} INFO - DAG(s) 'example_trigger_controller_dag' retrieved from /home/airflow/.local/lib/python3.12/site-packages/airflow/example_dags/example_trigger_controller_dag.py
[2026-04-26T23:16:23.967+0000] {logging_mixin.py:188} INFO - [2026-04-26T23:16:23.967+0000] {dag.py:3096} INFO - Sync 1 DAGs
[2026-04-26T23:16:23.978+0000] {logging_mixin.py:188} INFO - [2026-04-26T23:16:23.978+0000] {dag.py:3954} INFO - Setting next_dagrun for example_trigger_controller_dag to 2021-01-01 00:00:00+00:00, run_after=2021-01-01 00:00:00+00:00
[2026-04-26T23:16:23.987+0000] {processor.py:183} INFO - Processing /home/airflow/.local/lib/python3.12/site-packages/airflow/example_dags/example_trigger_controller_dag.py took 0.037 seconds
[2026-04-26T23:16:54.199+0000] {processor.py:161} INFO - Started process (PID=1058) to work on /home/airflow/.local/lib/python3.12/site-packages/airflow/example_dags/example_trigger_controller_dag.py
[2026-04-26T23:16:54.199+0000] {processor.py:830} INFO - Processing file /home/airflow/.local/lib/python3.12/site-packages/airflow/example_dags/example_trigger_controller_dag.py for tasks to queue
[2026-04-26T23:16:54.200+0000] {logging_mixin.py:188} INFO - [2026-04-26T23:16:54.200+0000] {dagbag.py:545} INFO - Filling up the DagBag from /home/airflow/.local/lib/python3.12/site-packages/airflow/example_dags/example_trigger_controller_dag.py
[2026-04-26T23:16:54.203+0000] {processor.py:840} INFO - DAG(s) 'example_trigger_controller_dag' retrieved from /home/airflow/.local/lib/python3.12/site-packages/airflow/example_dags/example_trigger_controller_dag.py
[2026-04-26T23:16:54.213+0000] {logging_mixin.py:188} INFO - [2026-04-26T23:16:54.213+0000] {dag.py:3096} INFO - Sync 1 DAGs
[2026-04-26T23:16:54.224+0000] {logging_mixin.py:188} INFO - [2026-04-26T23:16:54.224+0000] {dag.py:3954} INFO - Setting next_dagrun for example_trigger_controller_dag to 2021-01-01 00:00:00+00:00, run_after=2021-01-01 00:00:00+00:00
[2026-04-26T23:16:54.233+0000] {processor.py:183} INFO - Processing /home/airflow/.local/lib/python3.12/site-packages/airflow/example_dags/example_trigger_controller_dag.py took 0.037 seconds
[2026-04-26T23:17:24.607+0000] {processor.py:161} INFO - Started process (PID=1116) to work on /home/airflow/.local/lib/python3.12/site-packages/airflow/example_dags/example_trigger_controller_dag.py
[2026-04-26T23:17:24.608+0000] {processor.py:830} INFO - Processing file /home/airflow/.local/lib/python3.12/site-packages/airflow/example_dags/example_trigger_controller_dag.py for tasks to queue
[2026-04-26T23:17:24.609+0000] {logging_mixin.py:188} INFO - [2026-04-26T23:17:24.609+0000] {dagbag.py:545} INFO - Filling up the DagBag from /home/airflow/.local/lib/python3.12/site-packages/airflow/example_dags/example_trigger_controller_dag.py
[2026-04-26T23:17:24.612+0000] {processor.py:840} INFO - DAG(s) 'example_trigger_controller_dag' retrieved from /home/airflow/.local/lib/python3.12/site-packages/airflow/example_dags/example_trigger_controller_dag.py
[2026-04-26T23:17:24.623+0000] {logging_mixin.py:188} INFO - [2026-04-26T23:17:24.623+0000] {dag.py:3096} INFO - Sync 1 DAGs
[2026-04-26T23:17:24.634+0000] {logging_mixin.py:188} INFO - [2026-04-26T23:17:24.634+0000] {dag.py:3954} INFO - Setting next_dagrun for example_trigger_controller_dag to 2021-01-01 00:00:00+00:00, run_after=2021-01-01 00:00:00+00:00
[2026-04-26T23:17:24.643+0000] {processor.py:183} INFO - Processing /home/airflow/.local/lib/python3.12/site-packages/airflow/example_dags/example_trigger_controller_dag.py took 0.039 seconds
[2026-04-26T23:17:54.920+0000] {processor.py:161} INFO - Started process (PID=1174) to work on /home/airflow/.local/lib/python3.12/site-packages/airflow/example_dags/example_trigger_controller_dag.py
[2026-04-26T23:17:54.921+0000] {processor.py:830} INFO - Processing file /home/airflow/.local/lib/python3.12/site-packages/airflow/example_dags/example_trigger_controller_dag.py for tasks to queue
[2026-04-26T23:17:54.921+0000] {logging_mixin.py:188} INFO - [2026-04-26T23:17:54.921+0000] {dagbag.py:545} INFO - Filling up the DagBag from /home/airflow/.local/lib/python3.12/site-packages/airflow/example_dags/example_trigger_controller_dag.py
[2026-04-26T23:17:54.924+0000] {processor.py:840} INFO - DAG(s) 'example_trigger_controller_dag' retrieved from /home/airflow/.local/lib/python3.12/site-packages/airflow/example_dags/example_trigger_controller_dag.py
[2026-04-26T23:17:54.935+0000] {logging_mixin.py:188} INFO - [2026-04-26T23:17:54.935+0000] {dag.py:3096} INFO - Sync 1 DAGs
[2026-04-26T23:17:54.947+0000] {logging_mixin.py:188} INFO - [2026-04-26T23:17:54.947+0000] {dag.py:3954} INFO - Setting next_dagrun for example_trigger_controller_dag to 2021-01-01 00:00:00+00:00, run_after=2021-01-01 00:00:00+00:00
[2026-04-26T23:17:54.955+0000] {processor.py:183} INFO - Processing /home/airflow/.local/lib/python3.12/site-packages/airflow/example_dags/example_trigger_controller_dag.py took 0.039 seconds
[2026-04-26T23:18:25.934+0000] {processor.py:161} INFO - Started process (PID=1233) to work on /home/airflow/.local/lib/python3.12/site-packages/airflow/example_dags/example_trigger_controller_dag.py
[2026-04-26T23:18:25.935+0000] {processor.py:830} INFO - Processing file /home/airflow/.local/lib/python3.12/site-packages/airflow/example_dags/example_trigger_controller_dag.py for tasks to queue
[2026-04-26T23:18:25.936+0000] {logging_mixin.py:188} INFO - [2026-04-26T23:18:25.936+0000] {dagbag.py:545} INFO - Filling up the DagBag from /home/airflow/.local/lib/python3.12/site-packages/airflow/example_dags/example_trigger_controller_dag.py
[2026-04-26T23:18:25.940+0000] {processor.py:840} INFO - DAG(s) 'example_trigger_controller_dag' retrieved from /home/airflow/.local/lib/python3.12/site-packages/airflow/example_dags/example_trigger_controller_dag.py
[2026-04-26T23:18:25.956+0000] {logging_mixin.py:188} INFO - [2026-04-26T23:18:25.956+0000] {dag.py:3096} INFO - Sync 1 DAGs
[2026-04-26T23:18:25.973+0000] {logging_mixin.py:188} INFO - [2026-04-26T23:18:25.972+0000] {dag.py:3954} INFO - Setting next_dagrun for example_trigger_controller_dag to 2021-01-01 00:00:00+00:00, run_after=2021-01-01 00:00:00+00:00
[2026-04-26T23:18:25.986+0000] {processor.py:183} INFO - Processing /home/airflow/.local/lib/python3.12/site-packages/airflow/example_dags/example_trigger_controller_dag.py took 0.057 seconds
[2026-04-26T23:18:56.335+0000] {processor.py:161} INFO - Started process (PID=1292) to work on /home/airflow/.local/lib/python3.12/site-packages/airflow/example_dags/example_trigger_controller_dag.py
[2026-04-26T23:18:56.336+0000] {processor.py:830} INFO - Processing file /home/airflow/.local/lib/python3.12/site-packages/airflow/example_dags/example_trigger_controller_dag.py for tasks to queue
[2026-04-26T23:18:56.337+0000] {logging_mixin.py:188} INFO - [2026-04-26T23:18:56.336+0000] {dagbag.py:545} INFO - Filling up the DagBag from /home/airflow/.local/lib/python3.12/site-packages/airflow/example_dags/example_trigger_controller_dag.py
[2026-04-26T23:18:56.339+0000] {processor.py:840} INFO - DAG(s) 'example_trigger_controller_dag' retrieved from /home/airflow/.local/lib/python3.12/site-packages/airflow/example_dags/example_trigger_controller_dag.py
[2026-04-26T23:18:56.349+0000] {logging_mixin.py:188} INFO - [2026-04-26T23:18:56.349+0000] {dag.py:3096} INFO - Sync 1 DAGs
[2026-04-26T23:18:56.360+0000] {logging_mixin.py:188} INFO - [2026-04-26T23:18:56.359+0000] {dag.py:3954} INFO - Setting next_dagrun for example_trigger_controller_dag to 2021-01-01 00:00:00+00:00, run_after=2021-01-01 00:00:00+00:00
[2026-04-26T23:18:56.369+0000] {processor.py:183} INFO - Processing /home/airflow/.local/lib/python3.12/site-packages/airflow/example_dags/example_trigger_controller_dag.py took 0.037 seconds
[2026-04-26T23:19:26.609+0000] {processor.py:161} INFO - Started process (PID=1351) to work on /home/airflow/.local/lib/python3.12/site-packages/airflow/example_dags/example_trigger_controller_dag.py
[2026-04-26T23:19:26.609+0000] {processor.py:830} INFO - Processing file /home/airflow/.local/lib/python3.12/site-packages/airflow/example_dags/example_trigger_controller_dag.py for tasks to queue
[2026-04-26T23:19:26.610+0000] {logging_mixin.py:188} INFO - [2026-04-26T23:19:26.610+0000] {dagbag.py:545} INFO - Filling up the DagBag from /home/airflow/.local/lib/python3.12/site-packages/airflow/example_dags/example_trigger_controller_dag.py
[2026-04-26T23:19:26.613+0000] {processor.py:840} INFO - DAG(s) 'example_trigger_controller_dag' retrieved from /home/airflow/.local/lib/python3.12/site-packages/airflow/example_dags/example_trigger_controller_dag.py
[2026-04-26T23:19:26.623+0000] {logging_mixin.py:188} INFO - [2026-04-26T23:19:26.623+0000] {dag.py:3096} INFO - Sync 1 DAGs
[2026-04-26T23:19:26.634+0000] {logging_mixin.py:188} INFO - [2026-04-26T23:19:26.633+0000] {dag.py:3954} INFO - Setting next_dagrun for example_trigger_controller_dag to 2021-01-01 00:00:00+00:00, run_after=2021-01-01 00:00:00+00:00
[2026-04-26T23:19:26.642+0000] {processor.py:183} INFO - Processing /home/airflow/.local/lib/python3.12/site-packages/airflow/example_dags/example_trigger_controller_dag.py took 0.037 seconds
[2026-04-26T23:19:56.954+0000] {processor.py:161} INFO - Started process (PID=1410) to work on /home/airflow/.local/lib/python3.12/site-packages/airflow/example_dags/example_trigger_controller_dag.py
[2026-04-26T23:19:56.955+0000] {processor.py:830} INFO - Processing file /home/airflow/.local/lib/python3.12/site-packages/airflow/example_dags/example_trigger_controller_dag.py for tasks to queue
[2026-04-26T23:19:56.956+0000] {logging_mixin.py:188} INFO - [2026-04-26T23:19:56.956+0000] {dagbag.py:545} INFO - Filling up the DagBag from /home/airflow/.local/lib/python3.12/site-packages/airflow/example_dags/example_trigger_controller_dag.py
[2026-04-26T23:19:56.958+0000] {processor.py:840} INFO - DAG(s) 'example_trigger_controller_dag' retrieved from /home/airflow/.local/lib/python3.12/site-packages/airflow/example_dags/example_trigger_controller_dag.py
[2026-04-26T23:19:56.968+0000] {logging_mixin.py:188} INFO - [2026-04-26T23:19:56.968+0000] {dag.py:3096} INFO - Sync 1 DAGs
[2026-04-26T23:19:56.980+0000] {logging_mixin.py:188} INFO - [2026-04-26T23:19:56.980+0000] {dag.py:3954} INFO - Setting next_dagrun for example_trigger_controller_dag to 2021-01-01 00:00:00+00:00, run_after=2021-01-01 00:00:00+00:00
[2026-04-26T23:19:56.989+0000] {processor.py:183} INFO - Processing /home/airflow/.local/lib/python3.12/site-packages/airflow/example_dags/example_trigger_controller_dag.py took 0.038 seconds
[2026-04-26T23:20:27.213+0000] {processor.py:161} INFO - Started process (PID=1469) to work on /home/airflow/.local/lib/python3.12/site-packages/airflow/example_dags/example_trigger_controller_dag.py
[2026-04-26T23:20:27.213+0000] {processor.py:830} INFO - Processing file /home/airflow/.local/lib/python3.12/site-packages/airflow/example_dags/example_trigger_controller_dag.py for tasks to queue
[2026-04-26T23:20:27.214+0000] {logging_mixin.py:188} INFO - [2026-04-26T23:20:27.214+0000] {dagbag.py:545} INFO - Filling up the DagBag from /home/airflow/.local/lib/python3.12/site-packages/airflow/example_dags/example_trigger_controller_dag.py
[2026-04-26T23:20:27.216+0000] {processor.py:840} INFO - DAG(s) 'example_trigger_controller_dag' retrieved from /home/airflow/.local/lib/python3.12/site-packages/airflow/example_dags/example_trigger_controller_dag.py
[2026-04-26T23:20:27.227+0000] {logging_mixin.py:188} INFO - [2026-04-26T23:20:27.227+0000] {dag.py:3096} INFO - Sync 1 DAGs
[2026-04-26T23:20:27.240+0000] {logging_mixin.py:188} INFO - [2026-04-26T23:20:27.240+0000] {dag.py:3954} INFO - Setting next_dagrun for example_trigger_controller_dag to 2021-01-01 00:00:00+00:00, run_after=2021-01-01 00:00:00+00:00
[2026-04-26T23:20:27.250+0000] {processor.py:183} INFO - Processing /home/airflow/.local/lib/python3.12/site-packages/airflow/example_dags/example_trigger_controller_dag.py took 0.041 seconds
[2026-04-26T23:20:57.405+0000] {processor.py:161} INFO - Started process (PID=1528) to work on /home/airflow/.local/lib/python3.12/site-packages/airflow/example_dags/example_trigger_controller_dag.py
[2026-04-26T23:20:57.406+0000] {processor.py:830} INFO - Processing file /home/airflow/.local/lib/python3.12/site-packages/airflow/example_dags/example_trigger_controller_dag.py for tasks to queue
[2026-04-26T23:20:57.407+0000] {logging_mixin.py:188} INFO - [2026-04-26T23:20:57.407+0000] {dagbag.py:545} INFO - Filling up the DagBag from /home/airflow/.local/lib/python3.12/site-packages/airflow/example_dags/example_trigger_controller_dag.py
[2026-04-26T23:20:57.411+0000] {processor.py:840} INFO - DAG(s) 'example_trigger_controller_dag' retrieved from /home/airflow/.local/lib/python3.12/site-packages/airflow/example_dags/example_trigger_controller_dag.py
[2026-04-26T23:20:57.425+0000] {logging_mixin.py:188} INFO - [2026-04-26T23:20:57.425+0000] {dag.py:3096} INFO - Sync 1 DAGs
[2026-04-26T23:20:57.439+0000] {logging_mixin.py:188} INFO - [2026-04-26T23:20:57.439+0000] {dag.py:3954} INFO - Setting next_dagrun for example_trigger_controller_dag to 2021-01-01 00:00:00+00:00, run_after=2021-01-01 00:00:00+00:00
[2026-04-26T23:20:57.452+0000] {processor.py:183} INFO - Processing /home/airflow/.local/lib/python3.12/site-packages/airflow/example_dags/example_trigger_controller_dag.py took 0.052 seconds
[2026-04-26T23:21:27.691+0000] {processor.py:161} INFO - Started process (PID=1587) to work on /home/airflow/.local/lib/python3.12/site-packages/airflow/example_dags/example_trigger_controller_dag.py
[2026-04-26T23:21:27.692+0000] {processor.py:830} INFO - Processing file /home/airflow/.local/lib/python3.12/site-packages/airflow/example_dags/example_trigger_controller_dag.py for tasks to queue
[2026-04-26T23:21:27.692+0000] {logging_mixin.py:188} INFO - [2026-04-26T23:21:27.692+0000] {dagbag.py:545} INFO - Filling up the DagBag from /home/airflow/.local/lib/python3.12/site-packages/airflow/example_dags/example_trigger_controller_dag.py
[2026-04-26T23:21:27.695+0000] {processor.py:840} INFO - DAG(s) 'example_trigger_controller_dag' retrieved from /home/airflow/.local/lib/python3.12/site-packages/airflow/example_dags/example_trigger_controller_dag.py
[2026-04-26T23:21:27.705+0000] {logging_mixin.py:188} INFO - [2026-04-26T23:21:27.704+0000] {dag.py:3096} INFO - Sync 1 DAGs
[2026-04-26T23:21:27.715+0000] {logging_mixin.py:188} INFO - [2026-04-26T23:21:27.715+0000] {dag.py:3954} INFO - Setting next_dagrun for example_trigger_controller_dag to 2021-01-01 00:00:00+00:00, run_after=2021-01-01 00:00:00+00:00
[2026-04-26T23:21:27.724+0000] {processor.py:183} INFO - Processing /home/airflow/.local/lib/python3.12/site-packages/airflow/example_dags/example_trigger_controller_dag.py took 0.036 seconds
[2026-04-26T23:21:58.681+0000] {processor.py:161} INFO - Started process (PID=1647) to work on /home/airflow/.local/lib/python3.12/site-packages/airflow/example_dags/example_trigger_controller_dag.py
[2026-04-26T23:21:58.681+0000] {processor.py:830} INFO - Processing file /home/airflow/.local/lib/python3.12/site-packages/airflow/example_dags/example_trigger_controller_dag.py for tasks to queue
[2026-04-26T23:21:58.682+0000] {logging_mixin.py:188} INFO - [2026-04-26T23:21:58.682+0000] {dagbag.py:545} INFO - Filling up the DagBag from /home/airflow/.local/lib/python3.12/site-packages/airflow/example_dags/example_trigger_controller_dag.py
[2026-04-26T23:21:58.685+0000] {processor.py:840} INFO - DAG(s) 'example_trigger_controller_dag' retrieved from /home/airflow/.local/lib/python3.12/site-packages/airflow/example_dags/example_trigger_controller_dag.py
[2026-04-26T23:21:58.695+0000] {logging_mixin.py:188} INFO - [2026-04-26T23:21:58.695+0000] {dag.py:3096} INFO - Sync 1 DAGs
[2026-04-26T23:21:58.706+0000] {logging_mixin.py:188} INFO - [2026-04-26T23:21:58.706+0000] {dag.py:3954} INFO - Setting next_dagrun for example_trigger_controller_dag to 2021-01-01 00:00:00+00:00, run_after=2021-01-01 00:00:00+00:00
[2026-04-26T23:21:58.717+0000] {processor.py:183} INFO - Processing /home/airflow/.local/lib/python3.12/site-packages/airflow/example_dags/example_trigger_controller_dag.py took 0.040 seconds
[2026-04-26T23:22:29.034+0000] {processor.py:161} INFO - Started process (PID=1706) to work on /home/airflow/.local/lib/python3.12/site-packages/airflow/example_dags/example_trigger_controller_dag.py
[2026-04-26T23:22:29.034+0000] {processor.py:830} INFO - Processing file /home/airflow/.local/lib/python3.12/site-packages/airflow/example_dags/example_trigger_controller_dag.py for tasks to queue
[2026-04-26T23:22:29.036+0000] {logging_mixin.py:188} INFO - [2026-04-26T23:22:29.035+0000] {dagbag.py:545} INFO - Filling up the DagBag from /home/airflow/.local/lib/python3.12/site-packages/airflow/example_dags/example_trigger_controller_dag.py
[2026-04-26T23:22:29.038+0000] {processor.py:840} INFO - DAG(s) 'example_trigger_controller_dag' retrieved from /home/airflow/.local/lib/python3.12/site-packages/airflow/example_dags/example_trigger_controller_dag.py
[2026-04-26T23:22:29.049+0000] {logging_mixin.py:188} INFO - [2026-04-26T23:22:29.049+0000] {dag.py:3096} INFO - Sync 1 DAGs
[2026-04-26T23:22:29.060+0000] {logging_mixin.py:188} INFO - [2026-04-26T23:22:29.060+0000] {dag.py:3954} INFO - Setting next_dagrun for example_trigger_controller_dag to 2021-01-01 00:00:00+00:00, run_after=2021-01-01 00:00:00+00:00
[2026-04-26T23:22:29.070+0000] {processor.py:183} INFO - Processing /home/airflow/.local/lib/python3.12/site-packages/airflow/example_dags/example_trigger_controller_dag.py took 0.040 seconds
[2026-04-26T23:22:59.285+0000] {processor.py:161} INFO - Started process (PID=1766) to work on /home/airflow/.local/lib/python3.12/site-packages/airflow/example_dags/example_trigger_controller_dag.py
[2026-04-26T23:22:59.286+0000] {processor.py:830} INFO - Processing file /home/airflow/.local/lib/python3.12/site-packages/airflow/example_dags/example_trigger_controller_dag.py for tasks to queue
[2026-04-26T23:22:59.287+0000] {logging_mixin.py:188} INFO - [2026-04-26T23:22:59.287+0000] {dagbag.py:545} INFO - Filling up the DagBag from /home/airflow/.local/lib/python3.12/site-packages/airflow/example_dags/example_trigger_controller_dag.py
[2026-04-26T23:22:59.290+0000] {processor.py:840} INFO - DAG(s) 'example_trigger_controller_dag' retrieved from /home/airflow/.local/lib/python3.12/site-packages/airflow/example_dags/example_trigger_controller_dag.py
[2026-04-26T23:22:59.301+0000] {logging_mixin.py:188} INFO - [2026-04-26T23:22:59.301+0000] {dag.py:3096} INFO - Sync 1 DAGs
[2026-04-26T23:22:59.312+0000] {logging_mixin.py:188} INFO - [2026-04-26T23:22:59.312+0000] {dag.py:3954} INFO - Setting next_dagrun for example_trigger_controller_dag to 2021-01-01 00:00:00+00:00, run_after=2021-01-01 00:00:00+00:00
[2026-04-26T23:22:59.321+0000] {processor.py:183} INFO - Processing /home/airflow/.local/lib/python3.12/site-packages/airflow/example_dags/example_trigger_controller_dag.py took 0.039 seconds
[2026-04-26T23:23:30.068+0000] {processor.py:161} INFO - Started process (PID=1825) to work on /home/airflow/.local/lib/python3.12/site-packages/airflow/example_dags/example_trigger_controller_dag.py
[2026-04-26T23:23:30.069+0000] {processor.py:830} INFO - Processing file /home/airflow/.local/lib/python3.12/site-packages/airflow/example_dags/example_trigger_controller_dag.py for tasks to queue
[2026-04-26T23:23:30.070+0000] {logging_mixin.py:188} INFO - [2026-04-26T23:23:30.070+0000] {dagbag.py:545} INFO - Filling up the DagBag from /home/airflow/.local/lib/python3.12/site-packages/airflow/example_dags/example_trigger_controller_dag.py
[2026-04-26T23:23:30.073+0000] {processor.py:840} INFO - DAG(s) 'example_trigger_controller_dag' retrieved from /home/airflow/.local/lib/python3.12/site-packages/airflow/example_dags/example_trigger_controller_dag.py
[2026-04-26T23:23:30.082+0000] {logging_mixin.py:188} INFO - [2026-04-26T23:23:30.082+0000] {dag.py:3096} INFO - Sync 1 DAGs
[2026-04-26T23:23:30.093+0000] {logging_mixin.py:188} INFO - [2026-04-26T23:23:30.093+0000] {dag.py:3954} INFO - Setting next_dagrun for example_trigger_controller_dag to 2021-01-01 00:00:00+00:00, run_after=2021-01-01 00:00:00+00:00
[2026-04-26T23:23:30.101+0000] {processor.py:183} INFO - Processing /home/airflow/.local/lib/python3.12/site-packages/airflow/example_dags/example_trigger_controller_dag.py took 0.036 seconds
[2026-04-26T23:24:01.374+0000] {processor.py:161} INFO - Started process (PID=1884) to work on /home/airflow/.local/lib/python3.12/site-packages/airflow/example_dags/example_trigger_controller_dag.py
[2026-04-26T23:24:01.374+0000] {processor.py:830} INFO - Processing file /home/airflow/.local/lib/python3.12/site-packages/airflow/example_dags/example_trigger_controller_dag.py for tasks to queue
[2026-04-26T23:24:01.375+0000] {logging_mixin.py:188} INFO - [2026-04-26T23:24:01.375+0000] {dagbag.py:545} INFO - Filling up the DagBag from /home/airflow/.local/lib/python3.12/site-packages/airflow/example_dags/example_trigger_controller_dag.py
[2026-04-26T23:24:01.378+0000] {processor.py:840} INFO - DAG(s) 'example_trigger_controller_dag' retrieved from /home/airflow/.local/lib/python3.12/site-packages/airflow/example_dags/example_trigger_controller_dag.py
[2026-04-26T23:24:01.389+0000] {logging_mixin.py:188} INFO - [2026-04-26T23:24:01.389+0000] {dag.py:3096} INFO - Sync 1 DAGs
[2026-04-26T23:24:01.515+0000] {logging_mixin.py:188} INFO - [2026-04-26T23:24:01.514+0000] {dag.py:3954} INFO - Setting next_dagrun for example_trigger_controller_dag to 2021-01-01 00:00:00+00:00, run_after=2021-01-01 00:00:00+00:00
[2026-04-26T23:24:01.529+0000] {processor.py:183} INFO - Processing /home/airflow/.local/lib/python3.12/site-packages/airflow/example_dags/example_trigger_controller_dag.py took 0.160 seconds
[2026-04-26T23:24:32.370+0000] {processor.py:161} INFO - Started process (PID=1944) to work on /home/airflow/.local/lib/python3.12/site-packages/airflow/example_dags/example_trigger_controller_dag.py
[2026-04-26T23:24:32.370+0000] {processor.py:830} INFO - Processing file /home/airflow/.local/lib/python3.12/site-packages/airflow/example_dags/example_trigger_controller_dag.py for tasks to queue
[2026-04-26T23:24:32.371+0000] {logging_mixin.py:188} INFO - [2026-04-26T23:24:32.371+0000] {dagbag.py:545} INFO - Filling up the DagBag from /home/airflow/.local/lib/python3.12/site-packages/airflow/example_dags/example_trigger_controller_dag.py
[2026-04-26T23:24:32.374+0000] {processor.py:840} INFO - DAG(s) 'example_trigger_controller_dag' retrieved from /home/airflow/.local/lib/python3.12/site-packages/airflow/example_dags/example_trigger_controller_dag.py
[2026-04-26T23:24:32.385+0000] {logging_mixin.py:188} INFO - [2026-04-26T23:24:32.385+0000] {dag.py:3096} INFO - Sync 1 DAGs
[2026-04-26T23:24:32.494+0000] {logging_mixin.py:188} INFO - [2026-04-26T23:24:32.494+0000] {dag.py:3954} INFO - Setting next_dagrun for example_trigger_controller_dag to 2021-01-01 00:00:00+00:00, run_after=2021-01-01 00:00:00+00:00
[2026-04-26T23:24:32.502+0000] {processor.py:183} INFO - Processing /home/airflow/.local/lib/python3.12/site-packages/airflow/example_dags/example_trigger_controller_dag.py took 0.135 seconds
[2026-04-26T23:25:02.808+0000] {processor.py:161} INFO - Started process (PID=2004) to work on /home/airflow/.local/lib/python3.12/site-packages/airflow/example_dags/example_trigger_controller_dag.py
[2026-04-26T23:25:02.808+0000] {processor.py:830} INFO - Processing file /home/airflow/.local/lib/python3.12/site-packages/airflow/example_dags/example_trigger_controller_dag.py for tasks to queue
[2026-04-26T23:25:02.809+0000] {logging_mixin.py:188} INFO - [2026-04-26T23:25:02.809+0000] {dagbag.py:545} INFO - Filling up the DagBag from /home/airflow/.local/lib/python3.12/site-packages/airflow/example_dags/example_trigger_controller_dag.py
[2026-04-26T23:25:02.813+0000] {processor.py:840} INFO - DAG(s) 'example_trigger_controller_dag' retrieved from /home/airflow/.local/lib/python3.12/site-packages/airflow/example_dags/example_trigger_controller_dag.py
[2026-04-26T23:25:02.825+0000] {logging_mixin.py:188} INFO - [2026-04-26T23:25:02.825+0000] {dag.py:3096} INFO - Sync 1 DAGs
[2026-04-26T23:25:02.839+0000] {logging_mixin.py:188} INFO - [2026-04-26T23:25:02.839+0000] {dag.py:3954} INFO - Setting next_dagrun for example_trigger_controller_dag to 2021-01-01 00:00:00+00:00, run_after=2021-01-01 00:00:00+00:00
[2026-04-26T23:25:02.850+0000] {processor.py:183} INFO - Processing /home/airflow/.local/lib/python3.12/site-packages/airflow/example_dags/example_trigger_controller_dag.py took 0.045 seconds
[2026-04-26T23:25:33.572+0000] {processor.py:161} INFO - Started process (PID=2063) to work on /home/airflow/.local/lib/python3.12/site-packages/airflow/example_dags/example_trigger_controller_dag.py
[2026-04-26T23:25:33.572+0000] {processor.py:830} INFO - Processing file /home/airflow/.local/lib/python3.12/site-packages/airflow/example_dags/example_trigger_controller_dag.py for tasks to queue
[2026-04-26T23:25:33.573+0000] {logging_mixin.py:188} INFO - [2026-04-26T23:25:33.573+0000] {dagbag.py:545} INFO - Filling up the DagBag from /home/airflow/.local/lib/python3.12/site-packages/airflow/example_dags/example_trigger_controller_dag.py
[2026-04-26T23:25:33.576+0000] {processor.py:840} INFO - DAG(s) 'example_trigger_controller_dag' retrieved from /home/airflow/.local/lib/python3.12/site-packages/airflow/example_dags/example_trigger_controller_dag.py
[2026-04-26T23:25:33.588+0000] {logging_mixin.py:188} INFO - [2026-04-26T23:25:33.587+0000] {dag.py:3096} INFO - Sync 1 DAGs
[2026-04-26T23:25:33.599+0000] {logging_mixin.py:188} INFO - [2026-04-26T23:25:33.599+0000] {dag.py:3954} INFO - Setting next_dagrun for example_trigger_controller_dag to 2021-01-01 00:00:00+00:00, run_after=2021-01-01 00:00:00+00:00
[2026-04-26T23:25:33.608+0000] {processor.py:183} INFO - Processing /home/airflow/.local/lib/python3.12/site-packages/airflow/example_dags/example_trigger_controller_dag.py took 0.040 seconds
[2026-04-26T23:26:04.328+0000] {processor.py:161} INFO - Started process (PID=2122) to work on /home/airflow/.local/lib/python3.12/site-packages/airflow/example_dags/example_trigger_controller_dag.py
[2026-04-26T23:26:04.329+0000] {processor.py:830} INFO - Processing file /home/airflow/.local/lib/python3.12/site-packages/airflow/example_dags/example_trigger_controller_dag.py for tasks to queue
[2026-04-26T23:26:04.330+0000] {logging_mixin.py:188} INFO - [2026-04-26T23:26:04.330+0000] {dagbag.py:545} INFO - Filling up the DagBag from /home/airflow/.local/lib/python3.12/site-packages/airflow/example_dags/example_trigger_controller_dag.py
[2026-04-26T23:26:04.333+0000] {processor.py:840} INFO - DAG(s) 'example_trigger_controller_dag' retrieved from /home/airflow/.local/lib/python3.12/site-packages/airflow/example_dags/example_trigger_controller_dag.py
[2026-04-26T23:26:04.342+0000] {logging_mixin.py:188} INFO - [2026-04-26T23:26:04.342+0000] {dag.py:3096} INFO - Sync 1 DAGs
[2026-04-26T23:26:04.353+0000] {logging_mixin.py:188} INFO - [2026-04-26T23:26:04.353+0000] {dag.py:3954} INFO - Setting next_dagrun for example_trigger_controller_dag to 2021-01-01 00:00:00+00:00, run_after=2021-01-01 00:00:00+00:00
[2026-04-26T23:26:04.362+0000] {processor.py:183} INFO - Processing /home/airflow/.local/lib/python3.12/site-packages/airflow/example_dags/example_trigger_controller_dag.py took 0.036 seconds
[2026-04-26T23:26:35.072+0000] {processor.py:161} INFO - Started process (PID=2181) to work on /home/airflow/.local/lib/python3.12/site-packages/airflow/example_dags/example_trigger_controller_dag.py
[2026-04-26T23:26:35.073+0000] {processor.py:830} INFO - Processing file /home/airflow/.local/lib/python3.12/site-packages/airflow/example_dags/example_trigger_controller_dag.py for tasks to queue
[2026-04-26T23:26:35.074+0000] {logging_mixin.py:188} INFO - [2026-04-26T23:26:35.074+0000] {dagbag.py:545} INFO - Filling up the DagBag from /home/airflow/.local/lib/python3.12/site-packages/airflow/example_dags/example_trigger_controller_dag.py
[2026-04-26T23:26:35.077+0000] {processor.py:840} INFO - DAG(s) 'example_trigger_controller_dag' retrieved from /home/airflow/.local/lib/python3.12/site-packages/airflow/example_dags/example_trigger_controller_dag.py
[2026-04-26T23:26:35.089+0000] {logging_mixin.py:188} INFO - [2026-04-26T23:26:35.089+0000] {dag.py:3096} INFO - Sync 1 DAGs
[2026-04-26T23:26:35.101+0000] {logging_mixin.py:188} INFO - [2026-04-26T23:26:35.100+0000] {dag.py:3954} INFO - Setting next_dagrun for example_trigger_controller_dag to 2021-01-01 00:00:00+00:00, run_after=2021-01-01 00:00:00+00:00
[2026-04-26T23:26:35.111+0000] {processor.py:183} INFO - Processing /home/airflow/.local/lib/python3.12/site-packages/airflow/example_dags/example_trigger_controller_dag.py took 0.043 seconds
[2026-04-26T23:27:05.879+0000] {processor.py:161} INFO - Started process (PID=2240) to work on /home/airflow/.local/lib/python3.12/site-packages/airflow/example_dags/example_trigger_controller_dag.py
[2026-04-26T23:27:05.880+0000] {processor.py:830} INFO - Processing file /home/airflow/.local/lib/python3.12/site-packages/airflow/example_dags/example_trigger_controller_dag.py for tasks to queue
[2026-04-26T23:27:05.881+0000] {logging_mixin.py:188} INFO - [2026-04-26T23:27:05.881+0000] {dagbag.py:545} INFO - Filling up the DagBag from /home/airflow/.local/lib/python3.12/site-packages/airflow/example_dags/example_trigger_controller_dag.py
[2026-04-26T23:27:05.884+0000] {processor.py:840} INFO - DAG(s) 'example_trigger_controller_dag' retrieved from /home/airflow/.local/lib/python3.12/site-packages/airflow/example_dags/example_trigger_controller_dag.py
[2026-04-26T23:27:05.896+0000] {logging_mixin.py:188} INFO - [2026-04-26T23:27:05.896+0000] {dag.py:3096} INFO - Sync 1 DAGs
[2026-04-26T23:27:05.910+0000] {logging_mixin.py:188} INFO - [2026-04-26T23:27:05.910+0000] {dag.py:3954} INFO - Setting next_dagrun for example_trigger_controller_dag to 2021-01-01 00:00:00+00:00, run_after=2021-01-01 00:00:00+00:00
[2026-04-26T23:27:05.919+0000] {processor.py:183} INFO - Processing /home/airflow/.local/lib/python3.12/site-packages/airflow/example_dags/example_trigger_controller_dag.py took 0.043 seconds
[2026-04-26T23:27:36.608+0000] {processor.py:161} INFO - Started process (PID=2299) to work on /home/airflow/.local/lib/python3.12/site-packages/airflow/example_dags/example_trigger_controller_dag.py
[2026-04-26T23:27:36.608+0000] {processor.py:830} INFO - Processing file /home/airflow/.local/lib/python3.12/site-packages/airflow/example_dags/example_trigger_controller_dag.py for tasks to queue
[2026-04-26T23:27:36.609+0000] {logging_mixin.py:188} INFO - [2026-04-26T23:27:36.609+0000] {dagbag.py:545} INFO - Filling up the DagBag from /home/airflow/.local/lib/python3.12/site-packages/airflow/example_dags/example_trigger_controller_dag.py
[2026-04-26T23:27:36.612+0000] {processor.py:840} INFO - DAG(s) 'example_trigger_controller_dag' retrieved from /home/airflow/.local/lib/python3.12/site-packages/airflow/example_dags/example_trigger_controller_dag.py
[2026-04-26T23:27:36.624+0000] {logging_mixin.py:188} INFO - [2026-04-26T23:27:36.624+0000] {dag.py:3096} INFO - Sync 1 DAGs
[2026-04-26T23:27:36.637+0000] {logging_mixin.py:188} INFO - [2026-04-26T23:27:36.637+0000] {dag.py:3954} INFO - Setting next_dagrun for example_trigger_controller_dag to 2021-01-01 00:00:00+00:00, run_after=2021-01-01 00:00:00+00:00
[2026-04-26T23:27:36.647+0000] {processor.py:183} INFO - Processing /home/airflow/.local/lib/python3.12/site-packages/airflow/example_dags/example_trigger_controller_dag.py took 0.043 seconds
[2026-04-26T23:28:07.329+0000] {processor.py:161} INFO - Started process (PID=2358) to work on /home/airflow/.local/lib/python3.12/site-packages/airflow/example_dags/example_trigger_controller_dag.py
[2026-04-26T23:28:07.330+0000] {processor.py:830} INFO - Processing file /home/airflow/.local/lib/python3.12/site-packages/airflow/example_dags/example_trigger_controller_dag.py for tasks to queue
[2026-04-26T23:28:07.331+0000] {logging_mixin.py:188} INFO - [2026-04-26T23:28:07.331+0000] {dagbag.py:545} INFO - Filling up the DagBag from /home/airflow/.local/lib/python3.12/site-packages/airflow/example_dags/example_trigger_controller_dag.py
[2026-04-26T23:28:07.334+0000] {processor.py:840} INFO - DAG(s) 'example_trigger_controller_dag' retrieved from /home/airflow/.local/lib/python3.12/site-packages/airflow/example_dags/example_trigger_controller_dag.py
[2026-04-26T23:28:07.345+0000] {logging_mixin.py:188} INFO - [2026-04-26T23:28:07.345+0000] {dag.py:3096} INFO - Sync 1 DAGs
[2026-04-26T23:28:07.357+0000] {logging_mixin.py:188} INFO - [2026-04-26T23:28:07.357+0000] {dag.py:3954} INFO - Setting next_dagrun for example_trigger_controller_dag to 2021-01-01 00:00:00+00:00, run_after=2021-01-01 00:00:00+00:00
[2026-04-26T23:28:07.366+0000] {processor.py:183} INFO - Processing /home/airflow/.local/lib/python3.12/site-packages/airflow/example_dags/example_trigger_controller_dag.py took 0.040 seconds
[2026-04-26T23:28:38.071+0000] {processor.py:161} INFO - Started process (PID=2417) to work on /home/airflow/.local/lib/python3.12/site-packages/airflow/example_dags/example_trigger_controller_dag.py
[2026-04-26T23:28:38.071+0000] {processor.py:830} INFO - Processing file /home/airflow/.local/lib/python3.12/site-packages/airflow/example_dags/example_trigger_controller_dag.py for tasks to queue
[2026-04-26T23:28:38.072+0000] {logging_mixin.py:188} INFO - [2026-04-26T23:28:38.072+0000] {dagbag.py:545} INFO - Filling up the DagBag from /home/airflow/.local/lib/python3.12/site-packages/airflow/example_dags/example_trigger_controller_dag.py
[2026-04-26T23:28:38.076+0000] {processor.py:840} INFO - DAG(s) 'example_trigger_controller_dag' retrieved from /home/airflow/.local/lib/python3.12/site-packages/airflow/example_dags/example_trigger_controller_dag.py
[2026-04-26T23:28:38.087+0000] {logging_mixin.py:188} INFO - [2026-04-26T23:28:38.087+0000] {dag.py:3096} INFO - Sync 1 DAGs
[2026-04-26T23:28:38.098+0000] {logging_mixin.py:188} INFO - [2026-04-26T23:28:38.098+0000] {dag.py:3954} INFO - Setting next_dagrun for example_trigger_controller_dag to 2021-01-01 00:00:00+00:00, run_after=2021-01-01 00:00:00+00:00
[2026-04-26T23:28:38.108+0000] {processor.py:183} INFO - Processing /home/airflow/.local/lib/python3.12/site-packages/airflow/example_dags/example_trigger_controller_dag.py took 0.041 seconds
[2026-04-26T23:29:08.350+0000] {processor.py:161} INFO - Started process (PID=2476) to work on /home/airflow/.local/lib/python3.12/site-packages/airflow/example_dags/example_trigger_controller_dag.py
[2026-04-26T23:29:08.350+0000] {processor.py:830} INFO - Processing file /home/airflow/.local/lib/python3.12/site-packages/airflow/example_dags/example_trigger_controller_dag.py for tasks to queue
[2026-04-26T23:29:08.351+0000] {logging_mixin.py:188} INFO - [2026-04-26T23:29:08.351+0000] {dagbag.py:545} INFO - Filling up the DagBag from /home/airflow/.local/lib/python3.12/site-packages/airflow/example_dags/example_trigger_controller_dag.py
[2026-04-26T23:29:08.355+0000] {processor.py:840} INFO - DAG(s) 'example_trigger_controller_dag' retrieved from /home/airflow/.local/lib/python3.12/site-packages/airflow/example_dags/example_trigger_controller_dag.py
[2026-04-26T23:29:08.366+0000] {logging_mixin.py:188} INFO - [2026-04-26T23:29:08.366+0000] {dag.py:3096} INFO - Sync 1 DAGs
[2026-04-26T23:29:08.377+0000] {logging_mixin.py:188} INFO - [2026-04-26T23:29:08.377+0000] {dag.py:3954} INFO - Setting next_dagrun for example_trigger_controller_dag to 2021-01-01 00:00:00+00:00, run_after=2021-01-01 00:00:00+00:00
[2026-04-26T23:29:08.387+0000] {processor.py:183} INFO - Processing /home/airflow/.local/lib/python3.12/site-packages/airflow/example_dags/example_trigger_controller_dag.py took 0.041 seconds
[2026-04-26T23:29:39.193+0000] {processor.py:161} INFO - Started process (PID=2535) to work on /home/airflow/.local/lib/python3.12/site-packages/airflow/example_dags/example_trigger_controller_dag.py
[2026-04-26T23:29:39.194+0000] {processor.py:830} INFO - Processing file /home/airflow/.local/lib/python3.12/site-packages/airflow/example_dags/example_trigger_controller_dag.py for tasks to queue
[2026-04-26T23:29:39.195+0000] {logging_mixin.py:188} INFO - [2026-04-26T23:29:39.195+0000] {dagbag.py:545} INFO - Filling up the DagBag from /home/airflow/.local/lib/python3.12/site-packages/airflow/example_dags/example_trigger_controller_dag.py
[2026-04-26T23:29:39.199+0000] {processor.py:840} INFO - DAG(s) 'example_trigger_controller_dag' retrieved from /home/airflow/.local/lib/python3.12/site-packages/airflow/example_dags/example_trigger_controller_dag.py
[2026-04-26T23:29:39.211+0000] {logging_mixin.py:188} INFO - [2026-04-26T23:29:39.211+0000] {dag.py:3096} INFO - Sync 1 DAGs
[2026-04-26T23:29:39.223+0000] {logging_mixin.py:188} INFO - [2026-04-26T23:29:39.222+0000] {dag.py:3954} INFO - Setting next_dagrun for example_trigger_controller_dag to 2021-01-01 00:00:00+00:00, run_after=2021-01-01 00:00:00+00:00
[2026-04-26T23:29:39.232+0000] {processor.py:183} INFO - Processing /home/airflow/.local/lib/python3.12/site-packages/airflow/example_dags/example_trigger_controller_dag.py took 0.043 seconds
[2026-04-26T23:30:09.953+0000] {processor.py:161} INFO - Started process (PID=2594) to work on /home/airflow/.local/lib/python3.12/site-packages/airflow/example_dags/example_trigger_controller_dag.py
[2026-04-26T23:30:09.954+0000] {processor.py:830} INFO - Processing file /home/airflow/.local/lib/python3.12/site-packages/airflow/example_dags/example_trigger_controller_dag.py for tasks to queue
[2026-04-26T23:30:09.955+0000] {logging_mixin.py:188} INFO - [2026-04-26T23:30:09.955+0000] {dagbag.py:545} INFO - Filling up the DagBag from /home/airflow/.local/lib/python3.12/site-packages/airflow/example_dags/example_trigger_controller_dag.py
[2026-04-26T23:30:09.958+0000] {processor.py:840} INFO - DAG(s) 'example_trigger_controller_dag' retrieved from /home/airflow/.local/lib/python3.12/site-packages/airflow/example_dags/example_trigger_controller_dag.py
[2026-04-26T23:30:09.969+0000] {logging_mixin.py:188} INFO - [2026-04-26T23:30:09.969+0000] {dag.py:3096} INFO - Sync 1 DAGs
[2026-04-26T23:30:09.981+0000] {logging_mixin.py:188} INFO - [2026-04-26T23:30:09.980+0000] {dag.py:3954} INFO - Setting next_dagrun for example_trigger_controller_dag to 2021-01-01 00:00:00+00:00, run_after=2021-01-01 00:00:00+00:00
[2026-04-26T23:30:09.990+0000] {processor.py:183} INFO - Processing /home/airflow/.local/lib/python3.12/site-packages/airflow/example_dags/example_trigger_controller_dag.py took 0.040 seconds
[2026-04-26T23:30:40.631+0000] {processor.py:161} INFO - Started process (PID=2653) to work on /home/airflow/.local/lib/python3.12/site-packages/airflow/example_dags/example_trigger_controller_dag.py
[2026-04-26T23:30:40.632+0000] {processor.py:830} INFO - Processing file /home/airflow/.local/lib/python3.12/site-packages/airflow/example_dags/example_trigger_controller_dag.py for tasks to queue
[2026-04-26T23:30:40.633+0000] {logging_mixin.py:188} INFO - [2026-04-26T23:30:40.633+0000] {dagbag.py:545} INFO - Filling up the DagBag from /home/airflow/.local/lib/python3.12/site-packages/airflow/example_dags/example_trigger_controller_dag.py
[2026-04-26T23:30:40.636+0000] {processor.py:840} INFO - DAG(s) 'example_trigger_controller_dag' retrieved from /home/airflow/.local/lib/python3.12/site-packages/airflow/example_dags/example_trigger_controller_dag.py
[2026-04-26T23:30:40.648+0000] {logging_mixin.py:188} INFO - [2026-04-26T23:30:40.647+0000] {dag.py:3096} INFO - Sync 1 DAGs
[2026-04-26T23:30:40.661+0000] {logging_mixin.py:188} INFO - [2026-04-26T23:30:40.660+0000] {dag.py:3954} INFO - Setting next_dagrun for example_trigger_controller_dag to 2021-01-01 00:00:00+00:00, run_after=2021-01-01 00:00:00+00:00
[2026-04-26T23:30:40.669+0000] {processor.py:183} INFO - Processing /home/airflow/.local/lib/python3.12/site-packages/airflow/example_dags/example_trigger_controller_dag.py took 0.043 seconds
[2026-04-26T23:31:11.427+0000] {processor.py:161} INFO - Started process (PID=2712) to work on /home/airflow/.local/lib/python3.12/site-packages/airflow/example_dags/example_trigger_controller_dag.py
[2026-04-26T23:31:11.428+0000] {processor.py:830} INFO - Processing file /home/airflow/.local/lib/python3.12/site-packages/airflow/example_dags/example_trigger_controller_dag.py for tasks to queue
[2026-04-26T23:31:11.429+0000] {logging_mixin.py:188} INFO - [2026-04-26T23:31:11.428+0000] {dagbag.py:545} INFO - Filling up the DagBag from /home/airflow/.local/lib/python3.12/site-packages/airflow/example_dags/example_trigger_controller_dag.py
[2026-04-26T23:31:11.431+0000] {processor.py:840} INFO - DAG(s) 'example_trigger_controller_dag' retrieved from /home/airflow/.local/lib/python3.12/site-packages/airflow/example_dags/example_trigger_controller_dag.py
[2026-04-26T23:31:11.443+0000] {logging_mixin.py:188} INFO - [2026-04-26T23:31:11.443+0000] {dag.py:3096} INFO - Sync 1 DAGs
[2026-04-26T23:31:11.457+0000] {logging_mixin.py:188} INFO - [2026-04-26T23:31:11.457+0000] {dag.py:3954} INFO - Setting next_dagrun for example_trigger_controller_dag to 2021-01-01 00:00:00+00:00, run_after=2021-01-01 00:00:00+00:00
[2026-04-26T23:31:11.467+0000] {processor.py:183} INFO - Processing /home/airflow/.local/lib/python3.12/site-packages/airflow/example_dags/example_trigger_controller_dag.py took 0.044 seconds
[2026-04-26T23:31:42.191+0000] {processor.py:161} INFO - Started process (PID=2771) to work on /home/airflow/.local/lib/python3.12/site-packages/airflow/example_dags/example_trigger_controller_dag.py
[2026-04-26T23:31:42.192+0000] {processor.py:830} INFO - Processing file /home/airflow/.local/lib/python3.12/site-packages/airflow/example_dags/example_trigger_controller_dag.py for tasks to queue
[2026-04-26T23:31:42.193+0000] {logging_mixin.py:188} INFO - [2026-04-26T23:31:42.192+0000] {dagbag.py:545} INFO - Filling up the DagBag from /home/airflow/.local/lib/python3.12/site-packages/airflow/example_dags/example_trigger_controller_dag.py
[2026-04-26T23:31:42.196+0000] {processor.py:840} INFO - DAG(s) 'example_trigger_controller_dag' retrieved from /home/airflow/.local/lib/python3.12/site-packages/airflow/example_dags/example_trigger_controller_dag.py
[2026-04-26T23:31:42.207+0000] {logging_mixin.py:188} INFO - [2026-04-26T23:31:42.207+0000] {dag.py:3096} INFO - Sync 1 DAGs
[2026-04-26T23:31:42.219+0000] {logging_mixin.py:188} INFO - [2026-04-26T23:31:42.219+0000] {dag.py:3954} INFO - Setting next_dagrun for example_trigger_controller_dag to 2021-01-01 00:00:00+00:00, run_after=2021-01-01 00:00:00+00:00
[2026-04-26T23:31:42.227+0000] {processor.py:183} INFO - Processing /home/airflow/.local/lib/python3.12/site-packages/airflow/example_dags/example_trigger_controller_dag.py took 0.040 seconds
[2026-04-26T23:32:12.994+0000] {processor.py:161} INFO - Started process (PID=2830) to work on /home/airflow/.local/lib/python3.12/site-packages/airflow/example_dags/example_trigger_controller_dag.py
[2026-04-26T23:32:12.995+0000] {processor.py:830} INFO - Processing file /home/airflow/.local/lib/python3.12/site-packages/airflow/example_dags/example_trigger_controller_dag.py for tasks to queue
[2026-04-26T23:32:12.996+0000] {logging_mixin.py:188} INFO - [2026-04-26T23:32:12.996+0000] {dagbag.py:545} INFO - Filling up the DagBag from /home/airflow/.local/lib/python3.12/site-packages/airflow/example_dags/example_trigger_controller_dag.py
[2026-04-26T23:32:13.000+0000] {processor.py:840} INFO - DAG(s) 'example_trigger_controller_dag' retrieved from /home/airflow/.local/lib/python3.12/site-packages/airflow/example_dags/example_trigger_controller_dag.py
[2026-04-26T23:32:13.013+0000] {logging_mixin.py:188} INFO - [2026-04-26T23:32:13.013+0000] {dag.py:3096} INFO - Sync 1 DAGs
[2026-04-26T23:32:13.028+0000] {logging_mixin.py:188} INFO - [2026-04-26T23:32:13.028+0000] {dag.py:3954} INFO - Setting next_dagrun for example_trigger_controller_dag to 2021-01-01 00:00:00+00:00, run_after=2021-01-01 00:00:00+00:00
[2026-04-26T23:32:13.039+0000] {processor.py:183} INFO - Processing /home/airflow/.local/lib/python3.12/site-packages/airflow/example_dags/example_trigger_controller_dag.py took 0.050 seconds
[2026-04-26T23:32:43.172+0000] {processor.py:161} INFO - Started process (PID=2889) to work on /home/airflow/.local/lib/python3.12/site-packages/airflow/example_dags/example_trigger_controller_dag.py
[2026-04-26T23:32:43.173+0000] {processor.py:830} INFO - Processing file /home/airflow/.local/lib/python3.12/site-packages/airflow/example_dags/example_trigger_controller_dag.py for tasks to queue
[2026-04-26T23:32:43.174+0000] {logging_mixin.py:188} INFO - [2026-04-26T23:32:43.174+0000] {dagbag.py:545} INFO - Filling up the DagBag from /home/airflow/.local/lib/python3.12/site-packages/airflow/example_dags/example_trigger_controller_dag.py
[2026-04-26T23:32:43.177+0000] {processor.py:840} INFO - DAG(s) 'example_trigger_controller_dag' retrieved from /home/airflow/.local/lib/python3.12/site-packages/airflow/example_dags/example_trigger_controller_dag.py
[2026-04-26T23:32:43.190+0000] {logging_mixin.py:188} INFO - [2026-04-26T23:32:43.190+0000] {dag.py:3096} INFO - Sync 1 DAGs
[2026-04-26T23:32:43.205+0000] {logging_mixin.py:188} INFO - [2026-04-26T23:32:43.205+0000] {dag.py:3954} INFO - Setting next_dagrun for example_trigger_controller_dag to 2021-01-01 00:00:00+00:00, run_after=2021-01-01 00:00:00+00:00
[2026-04-26T23:32:43.216+0000] {processor.py:183} INFO - Processing /home/airflow/.local/lib/python3.12/site-packages/airflow/example_dags/example_trigger_controller_dag.py took 0.049 seconds
[2026-04-26T23:33:13.434+0000] {processor.py:161} INFO - Started process (PID=2948) to work on /home/airflow/.local/lib/python3.12/site-packages/airflow/example_dags/example_trigger_controller_dag.py
[2026-04-26T23:33:13.434+0000] {processor.py:830} INFO - Processing file /home/airflow/.local/lib/python3.12/site-packages/airflow/example_dags/example_trigger_controller_dag.py for tasks to queue
[2026-04-26T23:33:13.436+0000] {logging_mixin.py:188} INFO - [2026-04-26T23:33:13.435+0000] {dagbag.py:545} INFO - Filling up the DagBag from /home/airflow/.local/lib/python3.12/site-packages/airflow/example_dags/example_trigger_controller_dag.py
[2026-04-26T23:33:13.439+0000] {processor.py:840} INFO - DAG(s) 'example_trigger_controller_dag' retrieved from /home/airflow/.local/lib/python3.12/site-packages/airflow/example_dags/example_trigger_controller_dag.py
[2026-04-26T23:33:13.451+0000] {logging_mixin.py:188} INFO - [2026-04-26T23:33:13.451+0000] {dag.py:3096} INFO - Sync 1 DAGs
[2026-04-26T23:33:13.464+0000] {logging_mixin.py:188} INFO - [2026-04-26T23:33:13.464+0000] {dag.py:3954} INFO - Setting next_dagrun for example_trigger_controller_dag to 2021-01-01 00:00:00+00:00, run_after=2021-01-01 00:00:00+00:00
[2026-04-26T23:33:13.474+0000] {processor.py:183} INFO - Processing /home/airflow/.local/lib/python3.12/site-packages/airflow/example_dags/example_trigger_controller_dag.py took 0.044 seconds
[2026-04-26T23:33:44.317+0000] {processor.py:161} INFO - Started process (PID=3011) to work on /home/airflow/.local/lib/python3.12/site-packages/airflow/example_dags/example_trigger_controller_dag.py
[2026-04-26T23:33:44.318+0000] {processor.py:830} INFO - Processing file /home/airflow/.local/lib/python3.12/site-packages/airflow/example_dags/example_trigger_controller_dag.py for tasks to queue
[2026-04-26T23:33:44.319+0000] {logging_mixin.py:188} INFO - [2026-04-26T23:33:44.319+0000] {dagbag.py:545} INFO - Filling up the DagBag from /home/airflow/.local/lib/python3.12/site-packages/airflow/example_dags/example_trigger_controller_dag.py
[2026-04-26T23:33:44.322+0000] {processor.py:840} INFO - DAG(s) 'example_trigger_controller_dag' retrieved from /home/airflow/.local/lib/python3.12/site-packages/airflow/example_dags/example_trigger_controller_dag.py
[2026-04-26T23:33:44.333+0000] {logging_mixin.py:188} INFO - [2026-04-26T23:33:44.333+0000] {dag.py:3096} INFO - Sync 1 DAGs
[2026-04-26T23:33:44.345+0000] {logging_mixin.py:188} INFO - [2026-04-26T23:33:44.345+0000] {dag.py:3954} INFO - Setting next_dagrun for example_trigger_controller_dag to 2021-01-01 00:00:00+00:00, run_after=2021-01-01 00:00:00+00:00
[2026-04-26T23:33:44.354+0000] {processor.py:183} INFO - Processing /home/airflow/.local/lib/python3.12/site-packages/airflow/example_dags/example_trigger_controller_dag.py took 0.041 seconds
[2026-04-26T23:34:14.458+0000] {processor.py:161} INFO - Started process (PID=3070) to work on /home/airflow/.local/lib/python3.12/site-packages/airflow/example_dags/example_trigger_controller_dag.py
[2026-04-26T23:34:14.458+0000] {processor.py:830} INFO - Processing file /home/airflow/.local/lib/python3.12/site-packages/airflow/example_dags/example_trigger_controller_dag.py for tasks to queue
[2026-04-26T23:34:14.459+0000] {logging_mixin.py:188} INFO - [2026-04-26T23:34:14.459+0000] {dagbag.py:545} INFO - Filling up the DagBag from /home/airflow/.local/lib/python3.12/site-packages/airflow/example_dags/example_trigger_controller_dag.py
[2026-04-26T23:34:14.462+0000] {processor.py:840} INFO - DAG(s) 'example_trigger_controller_dag' retrieved from /home/airflow/.local/lib/python3.12/site-packages/airflow/example_dags/example_trigger_controller_dag.py
[2026-04-26T23:34:14.474+0000] {logging_mixin.py:188} INFO - [2026-04-26T23:34:14.474+0000] {dag.py:3096} INFO - Sync 1 DAGs
[2026-04-26T23:34:14.487+0000] {logging_mixin.py:188} INFO - [2026-04-26T23:34:14.487+0000] {dag.py:3954} INFO - Setting next_dagrun for example_trigger_controller_dag to 2021-01-01 00:00:00+00:00, run_after=2021-01-01 00:00:00+00:00
[2026-04-26T23:34:14.496+0000] {processor.py:183} INFO - Processing /home/airflow/.local/lib/python3.12/site-packages/airflow/example_dags/example_trigger_controller_dag.py took 0.043 seconds
[2026-04-26T23:34:44.665+0000] {processor.py:161} INFO - Started process (PID=3129) to work on /home/airflow/.local/lib/python3.12/site-packages/airflow/example_dags/example_trigger_controller_dag.py
[2026-04-26T23:34:44.666+0000] {processor.py:830} INFO - Processing file /home/airflow/.local/lib/python3.12/site-packages/airflow/example_dags/example_trigger_controller_dag.py for tasks to queue
[2026-04-26T23:34:44.667+0000] {logging_mixin.py:188} INFO - [2026-04-26T23:34:44.667+0000] {dagbag.py:545} INFO - Filling up the DagBag from /home/airflow/.local/lib/python3.12/site-packages/airflow/example_dags/example_trigger_controller_dag.py
[2026-04-26T23:34:44.670+0000] {processor.py:840} INFO - DAG(s) 'example_trigger_controller_dag' retrieved from /home/airflow/.local/lib/python3.12/site-packages/airflow/example_dags/example_trigger_controller_dag.py
[2026-04-26T23:34:44.682+0000] {logging_mixin.py:188} INFO - [2026-04-26T23:34:44.682+0000] {dag.py:3096} INFO - Sync 1 DAGs
[2026-04-26T23:34:44.695+0000] {logging_mixin.py:188} INFO - [2026-04-26T23:34:44.694+0000] {dag.py:3954} INFO - Setting next_dagrun for example_trigger_controller_dag to 2021-01-01 00:00:00+00:00, run_after=2021-01-01 00:00:00+00:00
[2026-04-26T23:34:44.705+0000] {processor.py:183} INFO - Processing /home/airflow/.local/lib/python3.12/site-packages/airflow/example_dags/example_trigger_controller_dag.py took 0.043 seconds
[2026-04-26T23:35:15.358+0000] {processor.py:161} INFO - Started process (PID=3188) to work on /home/airflow/.local/lib/python3.12/site-packages/airflow/example_dags/example_trigger_controller_dag.py
[2026-04-26T23:35:15.359+0000] {processor.py:830} INFO - Processing file /home/airflow/.local/lib/python3.12/site-packages/airflow/example_dags/example_trigger_controller_dag.py for tasks to queue
[2026-04-26T23:35:15.360+0000] {logging_mixin.py:188} INFO - [2026-04-26T23:35:15.360+0000] {dagbag.py:545} INFO - Filling up the DagBag from /home/airflow/.local/lib/python3.12/site-packages/airflow/example_dags/example_trigger_controller_dag.py
[2026-04-26T23:35:15.363+0000] {processor.py:840} INFO - DAG(s) 'example_trigger_controller_dag' retrieved from /home/airflow/.local/lib/python3.12/site-packages/airflow/example_dags/example_trigger_controller_dag.py
[2026-04-26T23:35:15.374+0000] {logging_mixin.py:188} INFO - [2026-04-26T23:35:15.374+0000] {dag.py:3096} INFO - Sync 1 DAGs
[2026-04-26T23:35:15.385+0000] {logging_mixin.py:188} INFO - [2026-04-26T23:35:15.385+0000] {dag.py:3954} INFO - Setting next_dagrun for example_trigger_controller_dag to 2021-01-01 00:00:00+00:00, run_after=2021-01-01 00:00:00+00:00
[2026-04-26T23:35:15.395+0000] {processor.py:183} INFO - Processing /home/airflow/.local/lib/python3.12/site-packages/airflow/example_dags/example_trigger_controller_dag.py took 0.040 seconds
[2026-04-26T23:35:46.017+0000] {processor.py:161} INFO - Started process (PID=3247) to work on /home/airflow/.local/lib/python3.12/site-packages/airflow/example_dags/example_trigger_controller_dag.py
[2026-04-26T23:35:46.018+0000] {processor.py:830} INFO - Processing file /home/airflow/.local/lib/python3.12/site-packages/airflow/example_dags/example_trigger_controller_dag.py for tasks to queue
[2026-04-26T23:35:46.019+0000] {logging_mixin.py:188} INFO - [2026-04-26T23:35:46.018+0000] {dagbag.py:545} INFO - Filling up the DagBag from /home/airflow/.local/lib/python3.12/site-packages/airflow/example_dags/example_trigger_controller_dag.py
[2026-04-26T23:35:46.022+0000] {processor.py:840} INFO - DAG(s) 'example_trigger_controller_dag' retrieved from /home/airflow/.local/lib/python3.12/site-packages/airflow/example_dags/example_trigger_controller_dag.py
[2026-04-26T23:35:46.034+0000] {logging_mixin.py:188} INFO - [2026-04-26T23:35:46.034+0000] {dag.py:3096} INFO - Sync 1 DAGs
[2026-04-26T23:35:46.048+0000] {logging_mixin.py:188} INFO - [2026-04-26T23:35:46.048+0000] {dag.py:3954} INFO - Setting next_dagrun for example_trigger_controller_dag to 2021-01-01 00:00:00+00:00, run_after=2021-01-01 00:00:00+00:00
[2026-04-26T23:35:46.058+0000] {processor.py:183} INFO - Processing /home/airflow/.local/lib/python3.12/site-packages/airflow/example_dags/example_trigger_controller_dag.py took 0.045 seconds
[2026-04-26T23:36:16.814+0000] {processor.py:161} INFO - Started process (PID=3306) to work on /home/airflow/.local/lib/python3.12/site-packages/airflow/example_dags/example_trigger_controller_dag.py
[2026-04-26T23:36:16.814+0000] {processor.py:830} INFO - Processing file /home/airflow/.local/lib/python3.12/site-packages/airflow/example_dags/example_trigger_controller_dag.py for tasks to queue
[2026-04-26T23:36:16.816+0000] {logging_mixin.py:188} INFO - [2026-04-26T23:36:16.815+0000] {dagbag.py:545} INFO - Filling up the DagBag from /home/airflow/.local/lib/python3.12/site-packages/airflow/example_dags/example_trigger_controller_dag.py
[2026-04-26T23:36:16.819+0000] {processor.py:840} INFO - DAG(s) 'example_trigger_controller_dag' retrieved from /home/airflow/.local/lib/python3.12/site-packages/airflow/example_dags/example_trigger_controller_dag.py
[2026-04-26T23:36:16.831+0000] {logging_mixin.py:188} INFO - [2026-04-26T23:36:16.831+0000] {dag.py:3096} INFO - Sync 1 DAGs
[2026-04-26T23:36:16.844+0000] {logging_mixin.py:188} INFO - [2026-04-26T23:36:16.844+0000] {dag.py:3954} INFO - Setting next_dagrun for example_trigger_controller_dag to 2021-01-01 00:00:00+00:00, run_after=2021-01-01 00:00:00+00:00
[2026-04-26T23:36:16.855+0000] {processor.py:183} INFO - Processing /home/airflow/.local/lib/python3.12/site-packages/airflow/example_dags/example_trigger_controller_dag.py took 0.045 seconds
[2026-04-26T23:36:47.436+0000] {processor.py:161} INFO - Started process (PID=3365) to work on /home/airflow/.local/lib/python3.12/site-packages/airflow/example_dags/example_trigger_controller_dag.py
[2026-04-26T23:36:47.436+0000] {processor.py:830} INFO - Processing file /home/airflow/.local/lib/python3.12/site-packages/airflow/example_dags/example_trigger_controller_dag.py for tasks to queue
[2026-04-26T23:36:47.437+0000] {logging_mixin.py:188} INFO - [2026-04-26T23:36:47.437+0000] {dagbag.py:545} INFO - Filling up the DagBag from /home/airflow/.local/lib/python3.12/site-packages/airflow/example_dags/example_trigger_controller_dag.py
[2026-04-26T23:36:47.440+0000] {processor.py:840} INFO - DAG(s) 'example_trigger_controller_dag' retrieved from /home/airflow/.local/lib/python3.12/site-packages/airflow/example_dags/example_trigger_controller_dag.py
[2026-04-26T23:36:47.451+0000] {logging_mixin.py:188} INFO - [2026-04-26T23:36:47.451+0000] {dag.py:3096} INFO - Sync 1 DAGs
[2026-04-26T23:36:47.463+0000] {logging_mixin.py:188} INFO - [2026-04-26T23:36:47.463+0000] {dag.py:3954} INFO - Setting next_dagrun for example_trigger_controller_dag to 2021-01-01 00:00:00+00:00, run_after=2021-01-01 00:00:00+00:00
[2026-04-26T23:36:47.471+0000] {processor.py:183} INFO - Processing /home/airflow/.local/lib/python3.12/site-packages/airflow/example_dags/example_trigger_controller_dag.py took 0.039 seconds
[2026-04-26T23:37:18.184+0000] {processor.py:161} INFO - Started process (PID=3424) to work on /home/airflow/.local/lib/python3.12/site-packages/airflow/example_dags/example_trigger_controller_dag.py
[2026-04-26T23:37:18.184+0000] {processor.py:830} INFO - Processing file /home/airflow/.local/lib/python3.12/site-packages/airflow/example_dags/example_trigger_controller_dag.py for tasks to queue
[2026-04-26T23:37:18.185+0000] {logging_mixin.py:188} INFO - [2026-04-26T23:37:18.185+0000] {dagbag.py:545} INFO - Filling up the DagBag from /home/airflow/.local/lib/python3.12/site-packages/airflow/example_dags/example_trigger_controller_dag.py
[2026-04-26T23:37:18.188+0000] {processor.py:840} INFO - DAG(s) 'example_trigger_controller_dag' retrieved from /home/airflow/.local/lib/python3.12/site-packages/airflow/example_dags/example_trigger_controller_dag.py
[2026-04-26T23:37:18.200+0000] {logging_mixin.py:188} INFO - [2026-04-26T23:37:18.200+0000] {dag.py:3096} INFO - Sync 1 DAGs
[2026-04-26T23:37:18.213+0000] {logging_mixin.py:188} INFO - [2026-04-26T23:37:18.212+0000] {dag.py:3954} INFO - Setting next_dagrun for example_trigger_controller_dag to 2021-01-01 00:00:00+00:00, run_after=2021-01-01 00:00:00+00:00
[2026-04-26T23:37:18.222+0000] {processor.py:183} INFO - Processing /home/airflow/.local/lib/python3.12/site-packages/airflow/example_dags/example_trigger_controller_dag.py took 0.042 seconds
[2026-04-26T23:37:48.969+0000] {processor.py:161} INFO - Started process (PID=3483) to work on /home/airflow/.local/lib/python3.12/site-packages/airflow/example_dags/example_trigger_controller_dag.py
[2026-04-26T23:37:48.969+0000] {processor.py:830} INFO - Processing file /home/airflow/.local/lib/python3.12/site-packages/airflow/example_dags/example_trigger_controller_dag.py for tasks to queue
[2026-04-26T23:37:48.970+0000] {logging_mixin.py:188} INFO - [2026-04-26T23:37:48.970+0000] {dagbag.py:545} INFO - Filling up the DagBag from /home/airflow/.local/lib/python3.12/site-packages/airflow/example_dags/example_trigger_controller_dag.py
[2026-04-26T23:37:48.974+0000] {processor.py:840} INFO - DAG(s) 'example_trigger_controller_dag' retrieved from /home/airflow/.local/lib/python3.12/site-packages/airflow/example_dags/example_trigger_controller_dag.py
[2026-04-26T23:37:48.985+0000] {logging_mixin.py:188} INFO - [2026-04-26T23:37:48.985+0000] {dag.py:3096} INFO - Sync 1 DAGs
[2026-04-26T23:37:48.998+0000] {logging_mixin.py:188} INFO - [2026-04-26T23:37:48.998+0000] {dag.py:3954} INFO - Setting next_dagrun for example_trigger_controller_dag to 2021-01-01 00:00:00+00:00, run_after=2021-01-01 00:00:00+00:00
[2026-04-26T23:37:49.007+0000] {processor.py:183} INFO - Processing /home/airflow/.local/lib/python3.12/site-packages/airflow/example_dags/example_trigger_controller_dag.py took 0.042 seconds
[2026-04-26T23:38:19.637+0000] {processor.py:161} INFO - Started process (PID=3542) to work on /home/airflow/.local/lib/python3.12/site-packages/airflow/example_dags/example_trigger_controller_dag.py
[2026-04-26T23:38:19.637+0000] {processor.py:830} INFO - Processing file /home/airflow/.local/lib/python3.12/site-packages/airflow/example_dags/example_trigger_controller_dag.py for tasks to queue
[2026-04-26T23:38:19.638+0000] {logging_mixin.py:188} INFO - [2026-04-26T23:38:19.638+0000] {dagbag.py:545} INFO - Filling up the DagBag from /home/airflow/.local/lib/python3.12/site-packages/airflow/example_dags/example_trigger_controller_dag.py
[2026-04-26T23:38:19.641+0000] {processor.py:840} INFO - DAG(s) 'example_trigger_controller_dag' retrieved from /home/airflow/.local/lib/python3.12/site-packages/airflow/example_dags/example_trigger_controller_dag.py
[2026-04-26T23:38:19.651+0000] {logging_mixin.py:188} INFO - [2026-04-26T23:38:19.650+0000] {dag.py:3096} INFO - Sync 1 DAGs
[2026-04-26T23:38:19.661+0000] {logging_mixin.py:188} INFO - [2026-04-26T23:38:19.661+0000] {dag.py:3954} INFO - Setting next_dagrun for example_trigger_controller_dag to 2021-01-01 00:00:00+00:00, run_after=2021-01-01 00:00:00+00:00
[2026-04-26T23:38:19.669+0000] {processor.py:183} INFO - Processing /home/airflow/.local/lib/python3.12/site-packages/airflow/example_dags/example_trigger_controller_dag.py took 0.035 seconds
[2026-04-26T23:38:46.704+0000] {processor.py:161} INFO - Started process (PID=84) to work on /home/airflow/.local/lib/python3.12/site-packages/airflow/example_dags/example_trigger_controller_dag.py
[2026-04-26T23:38:46.705+0000] {processor.py:830} INFO - Processing file /home/airflow/.local/lib/python3.12/site-packages/airflow/example_dags/example_trigger_controller_dag.py for tasks to queue
[2026-04-26T23:38:46.706+0000] {logging_mixin.py:188} INFO - [2026-04-26T23:38:46.706+0000] {dagbag.py:545} INFO - Filling up the DagBag from /home/airflow/.local/lib/python3.12/site-packages/airflow/example_dags/example_trigger_controller_dag.py
[2026-04-26T23:38:46.709+0000] {processor.py:840} INFO - DAG(s) 'example_trigger_controller_dag' retrieved from /home/airflow/.local/lib/python3.12/site-packages/airflow/example_dags/example_trigger_controller_dag.py
[2026-04-26T23:38:46.715+0000] {logging_mixin.py:188} INFO - [2026-04-26T23:38:46.715+0000] {dag.py:3096} INFO - Sync 1 DAGs
[2026-04-26T23:38:46.727+0000] {logging_mixin.py:188} INFO - [2026-04-26T23:38:46.727+0000] {dag.py:3954} INFO - Setting next_dagrun for example_trigger_controller_dag to 2021-01-01 00:00:00+00:00, run_after=2021-01-01 00:00:00+00:00
[2026-04-26T23:38:46.737+0000] {processor.py:183} INFO - Processing /home/airflow/.local/lib/python3.12/site-packages/airflow/example_dags/example_trigger_controller_dag.py took 0.036 seconds
[2026-04-26T23:39:17.696+0000] {processor.py:161} INFO - Started process (PID=149) to work on /home/airflow/.local/lib/python3.12/site-packages/airflow/example_dags/example_trigger_controller_dag.py
[2026-04-26T23:39:17.696+0000] {processor.py:830} INFO - Processing file /home/airflow/.local/lib/python3.12/site-packages/airflow/example_dags/example_trigger_controller_dag.py for tasks to queue
[2026-04-26T23:39:17.697+0000] {logging_mixin.py:188} INFO - [2026-04-26T23:39:17.697+0000] {dagbag.py:545} INFO - Filling up the DagBag from /home/airflow/.local/lib/python3.12/site-packages/airflow/example_dags/example_trigger_controller_dag.py
[2026-04-26T23:39:17.700+0000] {processor.py:840} INFO - DAG(s) 'example_trigger_controller_dag' retrieved from /home/airflow/.local/lib/python3.12/site-packages/airflow/example_dags/example_trigger_controller_dag.py
[2026-04-26T23:39:17.757+0000] {logging_mixin.py:188} INFO - [2026-04-26T23:39:17.757+0000] {dag.py:3096} INFO - Sync 1 DAGs
[2026-04-26T23:39:17.767+0000] {logging_mixin.py:188} INFO - [2026-04-26T23:39:17.766+0000] {dag.py:3954} INFO - Setting next_dagrun for example_trigger_controller_dag to 2021-01-01 00:00:00+00:00, run_after=2021-01-01 00:00:00+00:00
[2026-04-26T23:39:17.776+0000] {processor.py:183} INFO - Processing /home/airflow/.local/lib/python3.12/site-packages/airflow/example_dags/example_trigger_controller_dag.py took 0.083 seconds
[2026-04-26T23:39:48.094+0000] {processor.py:161} INFO - Started process (PID=208) to work on /home/airflow/.local/lib/python3.12/site-packages/airflow/example_dags/example_trigger_controller_dag.py
[2026-04-26T23:39:48.095+0000] {processor.py:830} INFO - Processing file /home/airflow/.local/lib/python3.12/site-packages/airflow/example_dags/example_trigger_controller_dag.py for tasks to queue
[2026-04-26T23:39:48.096+0000] {logging_mixin.py:188} INFO - [2026-04-26T23:39:48.096+0000] {dagbag.py:545} INFO - Filling up the DagBag from /home/airflow/.local/lib/python3.12/site-packages/airflow/example_dags/example_trigger_controller_dag.py
[2026-04-26T23:39:48.099+0000] {processor.py:840} INFO - DAG(s) 'example_trigger_controller_dag' retrieved from /home/airflow/.local/lib/python3.12/site-packages/airflow/example_dags/example_trigger_controller_dag.py
[2026-04-26T23:39:48.110+0000] {logging_mixin.py:188} INFO - [2026-04-26T23:39:48.110+0000] {dag.py:3096} INFO - Sync 1 DAGs
[2026-04-26T23:39:48.122+0000] {logging_mixin.py:188} INFO - [2026-04-26T23:39:48.122+0000] {dag.py:3954} INFO - Setting next_dagrun for example_trigger_controller_dag to 2021-01-01 00:00:00+00:00, run_after=2021-01-01 00:00:00+00:00
[2026-04-26T23:39:48.132+0000] {processor.py:183} INFO - Processing /home/airflow/.local/lib/python3.12/site-packages/airflow/example_dags/example_trigger_controller_dag.py took 0.041 seconds
[2026-04-26T23:40:19.001+0000] {processor.py:161} INFO - Started process (PID=267) to work on /home/airflow/.local/lib/python3.12/site-packages/airflow/example_dags/example_trigger_controller_dag.py
[2026-04-26T23:40:19.001+0000] {processor.py:830} INFO - Processing file /home/airflow/.local/lib/python3.12/site-packages/airflow/example_dags/example_trigger_controller_dag.py for tasks to queue
[2026-04-26T23:40:19.003+0000] {logging_mixin.py:188} INFO - [2026-04-26T23:40:19.002+0000] {dagbag.py:545} INFO - Filling up the DagBag from /home/airflow/.local/lib/python3.12/site-packages/airflow/example_dags/example_trigger_controller_dag.py
[2026-04-26T23:40:19.006+0000] {processor.py:840} INFO - DAG(s) 'example_trigger_controller_dag' retrieved from /home/airflow/.local/lib/python3.12/site-packages/airflow/example_dags/example_trigger_controller_dag.py
[2026-04-26T23:40:19.017+0000] {logging_mixin.py:188} INFO - [2026-04-26T23:40:19.017+0000] {dag.py:3096} INFO - Sync 1 DAGs
[2026-04-26T23:40:19.029+0000] {logging_mixin.py:188} INFO - [2026-04-26T23:40:19.029+0000] {dag.py:3954} INFO - Setting next_dagrun for example_trigger_controller_dag to 2021-01-01 00:00:00+00:00, run_after=2021-01-01 00:00:00+00:00
[2026-04-26T23:40:19.038+0000] {processor.py:183} INFO - Processing /home/airflow/.local/lib/python3.12/site-packages/airflow/example_dags/example_trigger_controller_dag.py took 0.041 seconds
[2026-04-26T23:40:50.028+0000] {processor.py:161} INFO - Started process (PID=326) to work on /home/airflow/.local/lib/python3.12/site-packages/airflow/example_dags/example_trigger_controller_dag.py
[2026-04-26T23:40:50.028+0000] {processor.py:830} INFO - Processing file /home/airflow/.local/lib/python3.12/site-packages/airflow/example_dags/example_trigger_controller_dag.py for tasks to queue
[2026-04-26T23:40:50.029+0000] {logging_mixin.py:188} INFO - [2026-04-26T23:40:50.029+0000] {dagbag.py:545} INFO - Filling up the DagBag from /home/airflow/.local/lib/python3.12/site-packages/airflow/example_dags/example_trigger_controller_dag.py
[2026-04-26T23:40:50.032+0000] {processor.py:840} INFO - DAG(s) 'example_trigger_controller_dag' retrieved from /home/airflow/.local/lib/python3.12/site-packages/airflow/example_dags/example_trigger_controller_dag.py
[2026-04-26T23:40:50.042+0000] {logging_mixin.py:188} INFO - [2026-04-26T23:40:50.042+0000] {dag.py:3096} INFO - Sync 1 DAGs
[2026-04-26T23:40:50.054+0000] {logging_mixin.py:188} INFO - [2026-04-26T23:40:50.054+0000] {dag.py:3954} INFO - Setting next_dagrun for example_trigger_controller_dag to 2021-01-01 00:00:00+00:00, run_after=2021-01-01 00:00:00+00:00
[2026-04-26T23:40:50.064+0000] {processor.py:183} INFO - Processing /home/airflow/.local/lib/python3.12/site-packages/airflow/example_dags/example_trigger_controller_dag.py took 0.039 seconds
[2026-04-26T23:41:20.917+0000] {processor.py:161} INFO - Started process (PID=385) to work on /home/airflow/.local/lib/python3.12/site-packages/airflow/example_dags/example_trigger_controller_dag.py
[2026-04-26T23:41:20.918+0000] {processor.py:830} INFO - Processing file /home/airflow/.local/lib/python3.12/site-packages/airflow/example_dags/example_trigger_controller_dag.py for tasks to queue
[2026-04-26T23:41:20.919+0000] {logging_mixin.py:188} INFO - [2026-04-26T23:41:20.919+0000] {dagbag.py:545} INFO - Filling up the DagBag from /home/airflow/.local/lib/python3.12/site-packages/airflow/example_dags/example_trigger_controller_dag.py
[2026-04-26T23:41:20.922+0000] {processor.py:840} INFO - DAG(s) 'example_trigger_controller_dag' retrieved from /home/airflow/.local/lib/python3.12/site-packages/airflow/example_dags/example_trigger_controller_dag.py
[2026-04-26T23:41:20.934+0000] {logging_mixin.py:188} INFO - [2026-04-26T23:41:20.934+0000] {dag.py:3096} INFO - Sync 1 DAGs
[2026-04-26T23:41:20.948+0000] {logging_mixin.py:188} INFO - [2026-04-26T23:41:20.948+0000] {dag.py:3954} INFO - Setting next_dagrun for example_trigger_controller_dag to 2021-01-01 00:00:00+00:00, run_after=2021-01-01 00:00:00+00:00
[2026-04-26T23:41:20.958+0000] {processor.py:183} INFO - Processing /home/airflow/.local/lib/python3.12/site-packages/airflow/example_dags/example_trigger_controller_dag.py took 0.045 seconds
[2026-04-26T23:41:51.177+0000] {processor.py:161} INFO - Started process (PID=444) to work on /home/airflow/.local/lib/python3.12/site-packages/airflow/example_dags/example_trigger_controller_dag.py
[2026-04-26T23:41:51.177+0000] {processor.py:830} INFO - Processing file /home/airflow/.local/lib/python3.12/site-packages/airflow/example_dags/example_trigger_controller_dag.py for tasks to queue
[2026-04-26T23:41:51.179+0000] {logging_mixin.py:188} INFO - [2026-04-26T23:41:51.178+0000] {dagbag.py:545} INFO - Filling up the DagBag from /home/airflow/.local/lib/python3.12/site-packages/airflow/example_dags/example_trigger_controller_dag.py
[2026-04-26T23:41:51.181+0000] {processor.py:840} INFO - DAG(s) 'example_trigger_controller_dag' retrieved from /home/airflow/.local/lib/python3.12/site-packages/airflow/example_dags/example_trigger_controller_dag.py
[2026-04-26T23:41:51.192+0000] {logging_mixin.py:188} INFO - [2026-04-26T23:41:51.192+0000] {dag.py:3096} INFO - Sync 1 DAGs
[2026-04-26T23:41:51.203+0000] {logging_mixin.py:188} INFO - [2026-04-26T23:41:51.203+0000] {dag.py:3954} INFO - Setting next_dagrun for example_trigger_controller_dag to 2021-01-01 00:00:00+00:00, run_after=2021-01-01 00:00:00+00:00
[2026-04-26T23:41:51.212+0000] {processor.py:183} INFO - Processing /home/airflow/.local/lib/python3.12/site-packages/airflow/example_dags/example_trigger_controller_dag.py took 0.039 seconds
[2026-04-26T23:42:21.247+0000] {processor.py:161} INFO - Started process (PID=503) to work on /home/airflow/.local/lib/python3.12/site-packages/airflow/example_dags/example_trigger_controller_dag.py
[2026-04-26T23:42:21.248+0000] {processor.py:830} INFO - Processing file /home/airflow/.local/lib/python3.12/site-packages/airflow/example_dags/example_trigger_controller_dag.py for tasks to queue
[2026-04-26T23:42:21.249+0000] {logging_mixin.py:188} INFO - [2026-04-26T23:42:21.249+0000] {dagbag.py:545} INFO - Filling up the DagBag from /home/airflow/.local/lib/python3.12/site-packages/airflow/example_dags/example_trigger_controller_dag.py
[2026-04-26T23:42:21.252+0000] {processor.py:840} INFO - DAG(s) 'example_trigger_controller_dag' retrieved from /home/airflow/.local/lib/python3.12/site-packages/airflow/example_dags/example_trigger_controller_dag.py
[2026-04-26T23:42:21.263+0000] {logging_mixin.py:188} INFO - [2026-04-26T23:42:21.263+0000] {dag.py:3096} INFO - Sync 1 DAGs
[2026-04-26T23:42:21.275+0000] {logging_mixin.py:188} INFO - [2026-04-26T23:42:21.275+0000] {dag.py:3954} INFO - Setting next_dagrun for example_trigger_controller_dag to 2021-01-01 00:00:00+00:00, run_after=2021-01-01 00:00:00+00:00
[2026-04-26T23:42:21.285+0000] {processor.py:183} INFO - Processing /home/airflow/.local/lib/python3.12/site-packages/airflow/example_dags/example_trigger_controller_dag.py took 0.041 seconds
[2026-04-26T23:43:21.233+0000] {processor.py:161} INFO - Started process (PID=90) to work on /home/airflow/.local/lib/python3.12/site-packages/airflow/example_dags/example_trigger_controller_dag.py
[2026-04-26T23:43:21.234+0000] {processor.py:830} INFO - Processing file /home/airflow/.local/lib/python3.12/site-packages/airflow/example_dags/example_trigger_controller_dag.py for tasks to queue
[2026-04-26T23:43:21.235+0000] {logging_mixin.py:188} INFO - [2026-04-26T23:43:21.235+0000] {dagbag.py:545} INFO - Filling up the DagBag from /home/airflow/.local/lib/python3.12/site-packages/airflow/example_dags/example_trigger_controller_dag.py
[2026-04-26T23:43:21.238+0000] {processor.py:840} INFO - DAG(s) 'example_trigger_controller_dag' retrieved from /home/airflow/.local/lib/python3.12/site-packages/airflow/example_dags/example_trigger_controller_dag.py
[2026-04-26T23:43:21.245+0000] {logging_mixin.py:188} INFO - [2026-04-26T23:43:21.245+0000] {dag.py:3096} INFO - Sync 1 DAGs
[2026-04-26T23:43:21.258+0000] {logging_mixin.py:188} INFO - [2026-04-26T23:43:21.257+0000] {dag.py:3954} INFO - Setting next_dagrun for example_trigger_controller_dag to 2021-01-01 00:00:00+00:00, run_after=2021-01-01 00:00:00+00:00
[2026-04-26T23:43:21.267+0000] {processor.py:183} INFO - Processing /home/airflow/.local/lib/python3.12/site-packages/airflow/example_dags/example_trigger_controller_dag.py took 0.037 seconds
[2026-04-26T23:43:52.518+0000] {processor.py:161} INFO - Started process (PID=149) to work on /home/airflow/.local/lib/python3.12/site-packages/airflow/example_dags/example_trigger_controller_dag.py
[2026-04-26T23:43:52.519+0000] {processor.py:830} INFO - Processing file /home/airflow/.local/lib/python3.12/site-packages/airflow/example_dags/example_trigger_controller_dag.py for tasks to queue
[2026-04-26T23:43:52.520+0000] {logging_mixin.py:188} INFO - [2026-04-26T23:43:52.519+0000] {dagbag.py:545} INFO - Filling up the DagBag from /home/airflow/.local/lib/python3.12/site-packages/airflow/example_dags/example_trigger_controller_dag.py
[2026-04-26T23:43:52.522+0000] {processor.py:840} INFO - DAG(s) 'example_trigger_controller_dag' retrieved from /home/airflow/.local/lib/python3.12/site-packages/airflow/example_dags/example_trigger_controller_dag.py
[2026-04-26T23:43:52.575+0000] {logging_mixin.py:188} INFO - [2026-04-26T23:43:52.575+0000] {dag.py:3096} INFO - Sync 1 DAGs
[2026-04-26T23:43:52.584+0000] {logging_mixin.py:188} INFO - [2026-04-26T23:43:52.584+0000] {dag.py:3954} INFO - Setting next_dagrun for example_trigger_controller_dag to 2021-01-01 00:00:00+00:00, run_after=2021-01-01 00:00:00+00:00
[2026-04-26T23:43:52.617+0000] {processor.py:183} INFO - Processing /home/airflow/.local/lib/python3.12/site-packages/airflow/example_dags/example_trigger_controller_dag.py took 0.103 seconds
[2026-04-26T23:44:23.347+0000] {processor.py:161} INFO - Started process (PID=208) to work on /home/airflow/.local/lib/python3.12/site-packages/airflow/example_dags/example_trigger_controller_dag.py
[2026-04-26T23:44:23.348+0000] {processor.py:830} INFO - Processing file /home/airflow/.local/lib/python3.12/site-packages/airflow/example_dags/example_trigger_controller_dag.py for tasks to queue
[2026-04-26T23:44:23.349+0000] {logging_mixin.py:188} INFO - [2026-04-26T23:44:23.349+0000] {dagbag.py:545} INFO - Filling up the DagBag from /home/airflow/.local/lib/python3.12/site-packages/airflow/example_dags/example_trigger_controller_dag.py
[2026-04-26T23:44:23.352+0000] {processor.py:840} INFO - DAG(s) 'example_trigger_controller_dag' retrieved from /home/airflow/.local/lib/python3.12/site-packages/airflow/example_dags/example_trigger_controller_dag.py
[2026-04-26T23:44:23.364+0000] {logging_mixin.py:188} INFO - [2026-04-26T23:44:23.363+0000] {dag.py:3096} INFO - Sync 1 DAGs
[2026-04-26T23:44:23.375+0000] {logging_mixin.py:188} INFO - [2026-04-26T23:44:23.375+0000] {dag.py:3954} INFO - Setting next_dagrun for example_trigger_controller_dag to 2021-01-01 00:00:00+00:00, run_after=2021-01-01 00:00:00+00:00
[2026-04-26T23:44:23.385+0000] {processor.py:183} INFO - Processing /home/airflow/.local/lib/python3.12/site-packages/airflow/example_dags/example_trigger_controller_dag.py took 0.041 seconds
[2026-04-26T23:44:53.469+0000] {processor.py:161} INFO - Started process (PID=267) to work on /home/airflow/.local/lib/python3.12/site-packages/airflow/example_dags/example_trigger_controller_dag.py
[2026-04-26T23:44:53.469+0000] {processor.py:830} INFO - Processing file /home/airflow/.local/lib/python3.12/site-packages/airflow/example_dags/example_trigger_controller_dag.py for tasks to queue
[2026-04-26T23:44:53.470+0000] {logging_mixin.py:188} INFO - [2026-04-26T23:44:53.470+0000] {dagbag.py:545} INFO - Filling up the DagBag from /home/airflow/.local/lib/python3.12/site-packages/airflow/example_dags/example_trigger_controller_dag.py
[2026-04-26T23:44:53.474+0000] {processor.py:840} INFO - DAG(s) 'example_trigger_controller_dag' retrieved from /home/airflow/.local/lib/python3.12/site-packages/airflow/example_dags/example_trigger_controller_dag.py
[2026-04-26T23:44:53.487+0000] {logging_mixin.py:188} INFO - [2026-04-26T23:44:53.487+0000] {dag.py:3096} INFO - Sync 1 DAGs
[2026-04-26T23:44:53.499+0000] {logging_mixin.py:188} INFO - [2026-04-26T23:44:53.499+0000] {dag.py:3954} INFO - Setting next_dagrun for example_trigger_controller_dag to 2021-01-01 00:00:00+00:00, run_after=2021-01-01 00:00:00+00:00
[2026-04-26T23:44:53.509+0000] {processor.py:183} INFO - Processing /home/airflow/.local/lib/python3.12/site-packages/airflow/example_dags/example_trigger_controller_dag.py took 0.044 seconds
[2026-04-26T23:45:24.340+0000] {processor.py:161} INFO - Started process (PID=326) to work on /home/airflow/.local/lib/python3.12/site-packages/airflow/example_dags/example_trigger_controller_dag.py
[2026-04-26T23:45:24.340+0000] {processor.py:830} INFO - Processing file /home/airflow/.local/lib/python3.12/site-packages/airflow/example_dags/example_trigger_controller_dag.py for tasks to queue
[2026-04-26T23:45:24.341+0000] {logging_mixin.py:188} INFO - [2026-04-26T23:45:24.341+0000] {dagbag.py:545} INFO - Filling up the DagBag from /home/airflow/.local/lib/python3.12/site-packages/airflow/example_dags/example_trigger_controller_dag.py
[2026-04-26T23:45:24.345+0000] {processor.py:840} INFO - DAG(s) 'example_trigger_controller_dag' retrieved from /home/airflow/.local/lib/python3.12/site-packages/airflow/example_dags/example_trigger_controller_dag.py
[2026-04-26T23:45:24.357+0000] {logging_mixin.py:188} INFO - [2026-04-26T23:45:24.357+0000] {dag.py:3096} INFO - Sync 1 DAGs
[2026-04-26T23:45:24.371+0000] {logging_mixin.py:188} INFO - [2026-04-26T23:45:24.371+0000] {dag.py:3954} INFO - Setting next_dagrun for example_trigger_controller_dag to 2021-01-01 00:00:00+00:00, run_after=2021-01-01 00:00:00+00:00
[2026-04-26T23:45:24.382+0000] {processor.py:183} INFO - Processing /home/airflow/.local/lib/python3.12/site-packages/airflow/example_dags/example_trigger_controller_dag.py took 0.047 seconds
[2026-04-26T23:45:55.154+0000] {processor.py:161} INFO - Started process (PID=385) to work on /home/airflow/.local/lib/python3.12/site-packages/airflow/example_dags/example_trigger_controller_dag.py
[2026-04-26T23:45:55.155+0000] {processor.py:830} INFO - Processing file /home/airflow/.local/lib/python3.12/site-packages/airflow/example_dags/example_trigger_controller_dag.py for tasks to queue
[2026-04-26T23:45:55.156+0000] {logging_mixin.py:188} INFO - [2026-04-26T23:45:55.155+0000] {dagbag.py:545} INFO - Filling up the DagBag from /home/airflow/.local/lib/python3.12/site-packages/airflow/example_dags/example_trigger_controller_dag.py
[2026-04-26T23:45:55.159+0000] {processor.py:840} INFO - DAG(s) 'example_trigger_controller_dag' retrieved from /home/airflow/.local/lib/python3.12/site-packages/airflow/example_dags/example_trigger_controller_dag.py
[2026-04-26T23:45:55.170+0000] {logging_mixin.py:188} INFO - [2026-04-26T23:45:55.170+0000] {dag.py:3096} INFO - Sync 1 DAGs
[2026-04-26T23:45:55.181+0000] {logging_mixin.py:188} INFO - [2026-04-26T23:45:55.181+0000] {dag.py:3954} INFO - Setting next_dagrun for example_trigger_controller_dag to 2021-01-01 00:00:00+00:00, run_after=2021-01-01 00:00:00+00:00
[2026-04-26T23:45:55.192+0000] {processor.py:183} INFO - Processing /home/airflow/.local/lib/python3.12/site-packages/airflow/example_dags/example_trigger_controller_dag.py took 0.042 seconds
[2026-04-26T23:46:25.951+0000] {processor.py:161} INFO - Started process (PID=444) to work on /home/airflow/.local/lib/python3.12/site-packages/airflow/example_dags/example_trigger_controller_dag.py
[2026-04-26T23:46:25.952+0000] {processor.py:830} INFO - Processing file /home/airflow/.local/lib/python3.12/site-packages/airflow/example_dags/example_trigger_controller_dag.py for tasks to queue
[2026-04-26T23:46:25.953+0000] {logging_mixin.py:188} INFO - [2026-04-26T23:46:25.952+0000] {dagbag.py:545} INFO - Filling up the DagBag from /home/airflow/.local/lib/python3.12/site-packages/airflow/example_dags/example_trigger_controller_dag.py
[2026-04-26T23:46:25.956+0000] {processor.py:840} INFO - DAG(s) 'example_trigger_controller_dag' retrieved from /home/airflow/.local/lib/python3.12/site-packages/airflow/example_dags/example_trigger_controller_dag.py
[2026-04-26T23:46:25.968+0000] {logging_mixin.py:188} INFO - [2026-04-26T23:46:25.968+0000] {dag.py:3096} INFO - Sync 1 DAGs
[2026-04-26T23:46:25.979+0000] {logging_mixin.py:188} INFO - [2026-04-26T23:46:25.979+0000] {dag.py:3954} INFO - Setting next_dagrun for example_trigger_controller_dag to 2021-01-01 00:00:00+00:00, run_after=2021-01-01 00:00:00+00:00
[2026-04-26T23:46:25.988+0000] {processor.py:183} INFO - Processing /home/airflow/.local/lib/python3.12/site-packages/airflow/example_dags/example_trigger_controller_dag.py took 0.041 seconds
[2026-04-26T23:46:56.753+0000] {processor.py:161} INFO - Started process (PID=503) to work on /home/airflow/.local/lib/python3.12/site-packages/airflow/example_dags/example_trigger_controller_dag.py
[2026-04-26T23:46:56.754+0000] {processor.py:830} INFO - Processing file /home/airflow/.local/lib/python3.12/site-packages/airflow/example_dags/example_trigger_controller_dag.py for tasks to queue
[2026-04-26T23:46:56.755+0000] {logging_mixin.py:188} INFO - [2026-04-26T23:46:56.755+0000] {dagbag.py:545} INFO - Filling up the DagBag from /home/airflow/.local/lib/python3.12/site-packages/airflow/example_dags/example_trigger_controller_dag.py
[2026-04-26T23:46:56.758+0000] {processor.py:840} INFO - DAG(s) 'example_trigger_controller_dag' retrieved from /home/airflow/.local/lib/python3.12/site-packages/airflow/example_dags/example_trigger_controller_dag.py
[2026-04-26T23:46:56.770+0000] {logging_mixin.py:188} INFO - [2026-04-26T23:46:56.770+0000] {dag.py:3096} INFO - Sync 1 DAGs
[2026-04-26T23:46:56.783+0000] {logging_mixin.py:188} INFO - [2026-04-26T23:46:56.782+0000] {dag.py:3954} INFO - Setting next_dagrun for example_trigger_controller_dag to 2021-01-01 00:00:00+00:00, run_after=2021-01-01 00:00:00+00:00
[2026-04-26T23:46:56.792+0000] {processor.py:183} INFO - Processing /home/airflow/.local/lib/python3.12/site-packages/airflow/example_dags/example_trigger_controller_dag.py took 0.043 seconds
[2026-04-26T23:47:27.130+0000] {processor.py:161} INFO - Started process (PID=562) to work on /home/airflow/.local/lib/python3.12/site-packages/airflow/example_dags/example_trigger_controller_dag.py
[2026-04-26T23:47:27.130+0000] {processor.py:830} INFO - Processing file /home/airflow/.local/lib/python3.12/site-packages/airflow/example_dags/example_trigger_controller_dag.py for tasks to queue
[2026-04-26T23:47:27.131+0000] {logging_mixin.py:188} INFO - [2026-04-26T23:47:27.131+0000] {dagbag.py:545} INFO - Filling up the DagBag from /home/airflow/.local/lib/python3.12/site-packages/airflow/example_dags/example_trigger_controller_dag.py
[2026-04-26T23:47:27.134+0000] {processor.py:840} INFO - DAG(s) 'example_trigger_controller_dag' retrieved from /home/airflow/.local/lib/python3.12/site-packages/airflow/example_dags/example_trigger_controller_dag.py
[2026-04-26T23:47:27.148+0000] {logging_mixin.py:188} INFO - [2026-04-26T23:47:27.148+0000] {dag.py:3096} INFO - Sync 1 DAGs
[2026-04-26T23:47:27.162+0000] {logging_mixin.py:188} INFO - [2026-04-26T23:47:27.162+0000] {dag.py:3954} INFO - Setting next_dagrun for example_trigger_controller_dag to 2021-01-01 00:00:00+00:00, run_after=2021-01-01 00:00:00+00:00
[2026-04-26T23:47:27.177+0000] {processor.py:183} INFO - Processing /home/airflow/.local/lib/python3.12/site-packages/airflow/example_dags/example_trigger_controller_dag.py took 0.051 seconds
[2026-04-26T23:47:57.202+0000] {processor.py:161} INFO - Started process (PID=621) to work on /home/airflow/.local/lib/python3.12/site-packages/airflow/example_dags/example_trigger_controller_dag.py
[2026-04-26T23:47:57.203+0000] {processor.py:830} INFO - Processing file /home/airflow/.local/lib/python3.12/site-packages/airflow/example_dags/example_trigger_controller_dag.py for tasks to queue
[2026-04-26T23:47:57.204+0000] {logging_mixin.py:188} INFO - [2026-04-26T23:47:57.204+0000] {dagbag.py:545} INFO - Filling up the DagBag from /home/airflow/.local/lib/python3.12/site-packages/airflow/example_dags/example_trigger_controller_dag.py
[2026-04-26T23:47:57.208+0000] {processor.py:840} INFO - DAG(s) 'example_trigger_controller_dag' retrieved from /home/airflow/.local/lib/python3.12/site-packages/airflow/example_dags/example_trigger_controller_dag.py
[2026-04-26T23:47:57.221+0000] {logging_mixin.py:188} INFO - [2026-04-26T23:47:57.221+0000] {dag.py:3096} INFO - Sync 1 DAGs
[2026-04-26T23:47:57.236+0000] {logging_mixin.py:188} INFO - [2026-04-26T23:47:57.236+0000] {dag.py:3954} INFO - Setting next_dagrun for example_trigger_controller_dag to 2021-01-01 00:00:00+00:00, run_after=2021-01-01 00:00:00+00:00
[2026-04-26T23:47:57.248+0000] {processor.py:183} INFO - Processing /home/airflow/.local/lib/python3.12/site-packages/airflow/example_dags/example_trigger_controller_dag.py took 0.050 seconds
[2026-04-26T23:48:27.325+0000] {processor.py:161} INFO - Started process (PID=680) to work on /home/airflow/.local/lib/python3.12/site-packages/airflow/example_dags/example_trigger_controller_dag.py
[2026-04-26T23:48:27.326+0000] {processor.py:830} INFO - Processing file /home/airflow/.local/lib/python3.12/site-packages/airflow/example_dags/example_trigger_controller_dag.py for tasks to queue
[2026-04-26T23:48:27.327+0000] {logging_mixin.py:188} INFO - [2026-04-26T23:48:27.326+0000] {dagbag.py:545} INFO - Filling up the DagBag from /home/airflow/.local/lib/python3.12/site-packages/airflow/example_dags/example_trigger_controller_dag.py
[2026-04-26T23:48:27.330+0000] {processor.py:840} INFO - DAG(s) 'example_trigger_controller_dag' retrieved from /home/airflow/.local/lib/python3.12/site-packages/airflow/example_dags/example_trigger_controller_dag.py
[2026-04-26T23:48:27.340+0000] {logging_mixin.py:188} INFO - [2026-04-26T23:48:27.340+0000] {dag.py:3096} INFO - Sync 1 DAGs
[2026-04-26T23:48:27.350+0000] {logging_mixin.py:188} INFO - [2026-04-26T23:48:27.350+0000] {dag.py:3954} INFO - Setting next_dagrun for example_trigger_controller_dag to 2021-01-01 00:00:00+00:00, run_after=2021-01-01 00:00:00+00:00
[2026-04-26T23:48:27.360+0000] {processor.py:183} INFO - Processing /home/airflow/.local/lib/python3.12/site-packages/airflow/example_dags/example_trigger_controller_dag.py took 0.039 seconds
[2026-04-26T23:48:58.342+0000] {processor.py:161} INFO - Started process (PID=739) to work on /home/airflow/.local/lib/python3.12/site-packages/airflow/example_dags/example_trigger_controller_dag.py
[2026-04-26T23:48:58.343+0000] {processor.py:830} INFO - Processing file /home/airflow/.local/lib/python3.12/site-packages/airflow/example_dags/example_trigger_controller_dag.py for tasks to queue
[2026-04-26T23:48:58.344+0000] {logging_mixin.py:188} INFO - [2026-04-26T23:48:58.344+0000] {dagbag.py:545} INFO - Filling up the DagBag from /home/airflow/.local/lib/python3.12/site-packages/airflow/example_dags/example_trigger_controller_dag.py
[2026-04-26T23:48:58.347+0000] {processor.py:840} INFO - DAG(s) 'example_trigger_controller_dag' retrieved from /home/airflow/.local/lib/python3.12/site-packages/airflow/example_dags/example_trigger_controller_dag.py
[2026-04-26T23:48:58.359+0000] {logging_mixin.py:188} INFO - [2026-04-26T23:48:58.359+0000] {dag.py:3096} INFO - Sync 1 DAGs
[2026-04-26T23:48:58.371+0000] {logging_mixin.py:188} INFO - [2026-04-26T23:48:58.371+0000] {dag.py:3954} INFO - Setting next_dagrun for example_trigger_controller_dag to 2021-01-01 00:00:00+00:00, run_after=2021-01-01 00:00:00+00:00
[2026-04-26T23:48:58.380+0000] {processor.py:183} INFO - Processing /home/airflow/.local/lib/python3.12/site-packages/airflow/example_dags/example_trigger_controller_dag.py took 0.042 seconds
[2026-04-26T23:49:28.643+0000] {processor.py:161} INFO - Started process (PID=798) to work on /home/airflow/.local/lib/python3.12/site-packages/airflow/example_dags/example_trigger_controller_dag.py
[2026-04-26T23:49:28.643+0000] {processor.py:830} INFO - Processing file /home/airflow/.local/lib/python3.12/site-packages/airflow/example_dags/example_trigger_controller_dag.py for tasks to queue
[2026-04-26T23:49:28.645+0000] {logging_mixin.py:188} INFO - [2026-04-26T23:49:28.644+0000] {dagbag.py:545} INFO - Filling up the DagBag from /home/airflow/.local/lib/python3.12/site-packages/airflow/example_dags/example_trigger_controller_dag.py
[2026-04-26T23:49:28.647+0000] {processor.py:840} INFO - DAG(s) 'example_trigger_controller_dag' retrieved from /home/airflow/.local/lib/python3.12/site-packages/airflow/example_dags/example_trigger_controller_dag.py
[2026-04-26T23:49:28.657+0000] {logging_mixin.py:188} INFO - [2026-04-26T23:49:28.657+0000] {dag.py:3096} INFO - Sync 1 DAGs
[2026-04-26T23:49:28.668+0000] {logging_mixin.py:188} INFO - [2026-04-26T23:49:28.668+0000] {dag.py:3954} INFO - Setting next_dagrun for example_trigger_controller_dag to 2021-01-01 00:00:00+00:00, run_after=2021-01-01 00:00:00+00:00
[2026-04-26T23:49:28.676+0000] {processor.py:183} INFO - Processing /home/airflow/.local/lib/python3.12/site-packages/airflow/example_dags/example_trigger_controller_dag.py took 0.037 seconds
[2026-04-26T23:50:04.134+0000] {processor.py:161} INFO - Started process (PID=90) to work on /home/airflow/.local/lib/python3.12/site-packages/airflow/example_dags/example_trigger_controller_dag.py
[2026-04-26T23:50:04.134+0000] {processor.py:830} INFO - Processing file /home/airflow/.local/lib/python3.12/site-packages/airflow/example_dags/example_trigger_controller_dag.py for tasks to queue
[2026-04-26T23:50:04.136+0000] {logging_mixin.py:188} INFO - [2026-04-26T23:50:04.135+0000] {dagbag.py:545} INFO - Filling up the DagBag from /home/airflow/.local/lib/python3.12/site-packages/airflow/example_dags/example_trigger_controller_dag.py
[2026-04-26T23:50:04.139+0000] {processor.py:840} INFO - DAG(s) 'example_trigger_controller_dag' retrieved from /home/airflow/.local/lib/python3.12/site-packages/airflow/example_dags/example_trigger_controller_dag.py
[2026-04-26T23:50:04.147+0000] {logging_mixin.py:188} INFO - [2026-04-26T23:50:04.146+0000] {dag.py:3096} INFO - Sync 1 DAGs
[2026-04-26T23:50:04.161+0000] {logging_mixin.py:188} INFO - [2026-04-26T23:50:04.160+0000] {dag.py:3954} INFO - Setting next_dagrun for example_trigger_controller_dag to 2021-01-01 00:00:00+00:00, run_after=2021-01-01 00:00:00+00:00
[2026-04-26T23:50:04.172+0000] {processor.py:183} INFO - Processing /home/airflow/.local/lib/python3.12/site-packages/airflow/example_dags/example_trigger_controller_dag.py took 0.042 seconds
[2026-04-26T23:50:35.703+0000] {processor.py:161} INFO - Started process (PID=149) to work on /home/airflow/.local/lib/python3.12/site-packages/airflow/example_dags/example_trigger_controller_dag.py
[2026-04-26T23:50:35.703+0000] {processor.py:830} INFO - Processing file /home/airflow/.local/lib/python3.12/site-packages/airflow/example_dags/example_trigger_controller_dag.py for tasks to queue
[2026-04-26T23:50:35.704+0000] {logging_mixin.py:188} INFO - [2026-04-26T23:50:35.704+0000] {dagbag.py:545} INFO - Filling up the DagBag from /home/airflow/.local/lib/python3.12/site-packages/airflow/example_dags/example_trigger_controller_dag.py
[2026-04-26T23:50:35.707+0000] {processor.py:840} INFO - DAG(s) 'example_trigger_controller_dag' retrieved from /home/airflow/.local/lib/python3.12/site-packages/airflow/example_dags/example_trigger_controller_dag.py
[2026-04-26T23:50:35.767+0000] {logging_mixin.py:188} INFO - [2026-04-26T23:50:35.767+0000] {dag.py:3096} INFO - Sync 1 DAGs
[2026-04-26T23:50:35.777+0000] {logging_mixin.py:188} INFO - [2026-04-26T23:50:35.777+0000] {dag.py:3954} INFO - Setting next_dagrun for example_trigger_controller_dag to 2021-01-01 00:00:00+00:00, run_after=2021-01-01 00:00:00+00:00
[2026-04-26T23:50:35.800+0000] {processor.py:183} INFO - Processing /home/airflow/.local/lib/python3.12/site-packages/airflow/example_dags/example_trigger_controller_dag.py took 0.102 seconds
[2026-04-26T23:51:06.419+0000] {processor.py:161} INFO - Started process (PID=208) to work on /home/airflow/.local/lib/python3.12/site-packages/airflow/example_dags/example_trigger_controller_dag.py
[2026-04-26T23:51:06.420+0000] {processor.py:830} INFO - Processing file /home/airflow/.local/lib/python3.12/site-packages/airflow/example_dags/example_trigger_controller_dag.py for tasks to queue
[2026-04-26T23:51:06.421+0000] {logging_mixin.py:188} INFO - [2026-04-26T23:51:06.420+0000] {dagbag.py:545} INFO - Filling up the DagBag from /home/airflow/.local/lib/python3.12/site-packages/airflow/example_dags/example_trigger_controller_dag.py
[2026-04-26T23:51:06.423+0000] {processor.py:840} INFO - DAG(s) 'example_trigger_controller_dag' retrieved from /home/airflow/.local/lib/python3.12/site-packages/airflow/example_dags/example_trigger_controller_dag.py
[2026-04-26T23:51:06.434+0000] {logging_mixin.py:188} INFO - [2026-04-26T23:51:06.434+0000] {dag.py:3096} INFO - Sync 1 DAGs
[2026-04-26T23:51:06.445+0000] {logging_mixin.py:188} INFO - [2026-04-26T23:51:06.445+0000] {dag.py:3954} INFO - Setting next_dagrun for example_trigger_controller_dag to 2021-01-01 00:00:00+00:00, run_after=2021-01-01 00:00:00+00:00
[2026-04-26T23:51:06.454+0000] {processor.py:183} INFO - Processing /home/airflow/.local/lib/python3.12/site-packages/airflow/example_dags/example_trigger_controller_dag.py took 0.038 seconds
[2026-04-26T23:51:36.583+0000] {processor.py:161} INFO - Started process (PID=267) to work on /home/airflow/.local/lib/python3.12/site-packages/airflow/example_dags/example_trigger_controller_dag.py
[2026-04-26T23:51:36.583+0000] {processor.py:830} INFO - Processing file /home/airflow/.local/lib/python3.12/site-packages/airflow/example_dags/example_trigger_controller_dag.py for tasks to queue
[2026-04-26T23:51:36.584+0000] {logging_mixin.py:188} INFO - [2026-04-26T23:51:36.584+0000] {dagbag.py:545} INFO - Filling up the DagBag from /home/airflow/.local/lib/python3.12/site-packages/airflow/example_dags/example_trigger_controller_dag.py
[2026-04-26T23:51:36.587+0000] {processor.py:840} INFO - DAG(s) 'example_trigger_controller_dag' retrieved from /home/airflow/.local/lib/python3.12/site-packages/airflow/example_dags/example_trigger_controller_dag.py
[2026-04-26T23:51:36.600+0000] {logging_mixin.py:188} INFO - [2026-04-26T23:51:36.600+0000] {dag.py:3096} INFO - Sync 1 DAGs
[2026-04-26T23:51:36.612+0000] {logging_mixin.py:188} INFO - [2026-04-26T23:51:36.612+0000] {dag.py:3954} INFO - Setting next_dagrun for example_trigger_controller_dag to 2021-01-01 00:00:00+00:00, run_after=2021-01-01 00:00:00+00:00
[2026-04-26T23:51:36.622+0000] {processor.py:183} INFO - Processing /home/airflow/.local/lib/python3.12/site-packages/airflow/example_dags/example_trigger_controller_dag.py took 0.043 seconds
[2026-04-26T23:52:07.623+0000] {processor.py:161} INFO - Started process (PID=326) to work on /home/airflow/.local/lib/python3.12/site-packages/airflow/example_dags/example_trigger_controller_dag.py
[2026-04-26T23:52:07.623+0000] {processor.py:830} INFO - Processing file /home/airflow/.local/lib/python3.12/site-packages/airflow/example_dags/example_trigger_controller_dag.py for tasks to queue
[2026-04-26T23:52:07.624+0000] {logging_mixin.py:188} INFO - [2026-04-26T23:52:07.624+0000] {dagbag.py:545} INFO - Filling up the DagBag from /home/airflow/.local/lib/python3.12/site-packages/airflow/example_dags/example_trigger_controller_dag.py
[2026-04-26T23:52:07.627+0000] {processor.py:840} INFO - DAG(s) 'example_trigger_controller_dag' retrieved from /home/airflow/.local/lib/python3.12/site-packages/airflow/example_dags/example_trigger_controller_dag.py
[2026-04-26T23:52:07.637+0000] {logging_mixin.py:188} INFO - [2026-04-26T23:52:07.637+0000] {dag.py:3096} INFO - Sync 1 DAGs
[2026-04-26T23:52:07.648+0000] {logging_mixin.py:188} INFO - [2026-04-26T23:52:07.647+0000] {dag.py:3954} INFO - Setting next_dagrun for example_trigger_controller_dag to 2021-01-01 00:00:00+00:00, run_after=2021-01-01 00:00:00+00:00
[2026-04-26T23:52:07.657+0000] {processor.py:183} INFO - Processing /home/airflow/.local/lib/python3.12/site-packages/airflow/example_dags/example_trigger_controller_dag.py took 0.038 seconds
[2026-04-26T23:52:37.980+0000] {processor.py:161} INFO - Started process (PID=385) to work on /home/airflow/.local/lib/python3.12/site-packages/airflow/example_dags/example_trigger_controller_dag.py
[2026-04-26T23:52:37.981+0000] {processor.py:830} INFO - Processing file /home/airflow/.local/lib/python3.12/site-packages/airflow/example_dags/example_trigger_controller_dag.py for tasks to queue
[2026-04-26T23:52:37.982+0000] {logging_mixin.py:188} INFO - [2026-04-26T23:52:37.982+0000] {dagbag.py:545} INFO - Filling up the DagBag from /home/airflow/.local/lib/python3.12/site-packages/airflow/example_dags/example_trigger_controller_dag.py
[2026-04-26T23:52:37.986+0000] {processor.py:840} INFO - DAG(s) 'example_trigger_controller_dag' retrieved from /home/airflow/.local/lib/python3.12/site-packages/airflow/example_dags/example_trigger_controller_dag.py
[2026-04-26T23:52:38.000+0000] {logging_mixin.py:188} INFO - [2026-04-26T23:52:37.999+0000] {dag.py:3096} INFO - Sync 1 DAGs
[2026-04-26T23:52:38.015+0000] {logging_mixin.py:188} INFO - [2026-04-26T23:52:38.014+0000] {dag.py:3954} INFO - Setting next_dagrun for example_trigger_controller_dag to 2021-01-01 00:00:00+00:00, run_after=2021-01-01 00:00:00+00:00
[2026-04-26T23:52:38.026+0000] {processor.py:183} INFO - Processing /home/airflow/.local/lib/python3.12/site-packages/airflow/example_dags/example_trigger_controller_dag.py took 0.051 seconds
[2026-04-26T23:53:08.930+0000] {processor.py:161} INFO - Started process (PID=444) to work on /home/airflow/.local/lib/python3.12/site-packages/airflow/example_dags/example_trigger_controller_dag.py
[2026-04-26T23:53:08.931+0000] {processor.py:830} INFO - Processing file /home/airflow/.local/lib/python3.12/site-packages/airflow/example_dags/example_trigger_controller_dag.py for tasks to queue
[2026-04-26T23:53:08.932+0000] {logging_mixin.py:188} INFO - [2026-04-26T23:53:08.932+0000] {dagbag.py:545} INFO - Filling up the DagBag from /home/airflow/.local/lib/python3.12/site-packages/airflow/example_dags/example_trigger_controller_dag.py
[2026-04-26T23:53:08.936+0000] {processor.py:840} INFO - DAG(s) 'example_trigger_controller_dag' retrieved from /home/airflow/.local/lib/python3.12/site-packages/airflow/example_dags/example_trigger_controller_dag.py
[2026-04-26T23:53:08.953+0000] {logging_mixin.py:188} INFO - [2026-04-26T23:53:08.953+0000] {dag.py:3096} INFO - Sync 1 DAGs
[2026-04-26T23:53:08.972+0000] {logging_mixin.py:188} INFO - [2026-04-26T23:53:08.972+0000] {dag.py:3954} INFO - Setting next_dagrun for example_trigger_controller_dag to 2021-01-01 00:00:00+00:00, run_after=2021-01-01 00:00:00+00:00
[2026-04-26T23:53:08.992+0000] {processor.py:183} INFO - Processing /home/airflow/.local/lib/python3.12/site-packages/airflow/example_dags/example_trigger_controller_dag.py took 0.067 seconds
[2026-04-26T23:53:39.081+0000] {processor.py:161} INFO - Started process (PID=503) to work on /home/airflow/.local/lib/python3.12/site-packages/airflow/example_dags/example_trigger_controller_dag.py
[2026-04-26T23:53:39.082+0000] {processor.py:830} INFO - Processing file /home/airflow/.local/lib/python3.12/site-packages/airflow/example_dags/example_trigger_controller_dag.py for tasks to queue
[2026-04-26T23:53:39.083+0000] {logging_mixin.py:188} INFO - [2026-04-26T23:53:39.083+0000] {dagbag.py:545} INFO - Filling up the DagBag from /home/airflow/.local/lib/python3.12/site-packages/airflow/example_dags/example_trigger_controller_dag.py
[2026-04-26T23:53:39.087+0000] {processor.py:840} INFO - DAG(s) 'example_trigger_controller_dag' retrieved from /home/airflow/.local/lib/python3.12/site-packages/airflow/example_dags/example_trigger_controller_dag.py
[2026-04-26T23:53:39.100+0000] {logging_mixin.py:188} INFO - [2026-04-26T23:53:39.100+0000] {dag.py:3096} INFO - Sync 1 DAGs
[2026-04-26T23:53:39.115+0000] {logging_mixin.py:188} INFO - [2026-04-26T23:53:39.115+0000] {dag.py:3954} INFO - Setting next_dagrun for example_trigger_controller_dag to 2021-01-01 00:00:00+00:00, run_after=2021-01-01 00:00:00+00:00
[2026-04-26T23:53:39.126+0000] {processor.py:183} INFO - Processing /home/airflow/.local/lib/python3.12/site-packages/airflow/example_dags/example_trigger_controller_dag.py took 0.050 seconds
