[2026-04-26T23:08:15.562+0000] {processor.py:161} INFO - Started process (PID=78) to work on /home/airflow/.local/lib/python3.12/site-packages/airflow/example_dags/example_display_name.py
[2026-04-26T23:08:15.563+0000] {processor.py:830} INFO - Processing file /home/airflow/.local/lib/python3.12/site-packages/airflow/example_dags/example_display_name.py for tasks to queue
[2026-04-26T23:08:15.564+0000] {logging_mixin.py:188} INFO - [2026-04-26T23:08:15.563+0000] {dagbag.py:545} INFO - Filling up the DagBag from /home/airflow/.local/lib/python3.12/site-packages/airflow/example_dags/example_display_name.py
[2026-04-26T23:08:15.567+0000] {processor.py:840} INFO - DAG(s) 'example_display_name' retrieved from /home/airflow/.local/lib/python3.12/site-packages/airflow/example_dags/example_display_name.py
[2026-04-26T23:08:15.574+0000] {logging_mixin.py:188} INFO - [2026-04-26T23:08:15.574+0000] {dag.py:3096} INFO - Sync 1 DAGs
[2026-04-26T23:08:15.581+0000] {logging_mixin.py:188} INFO - [2026-04-26T23:08:15.581+0000] {dag.py:3954} INFO - Setting next_dagrun for example_display_name to None, run_after=None
[2026-04-26T23:08:15.591+0000] {processor.py:183} INFO - Processing /home/airflow/.local/lib/python3.12/site-packages/airflow/example_dags/example_display_name.py took 0.033 seconds
[2026-04-26T23:08:46.672+0000] {processor.py:161} INFO - Started process (PID=136) to work on /home/airflow/.local/lib/python3.12/site-packages/airflow/example_dags/example_display_name.py
[2026-04-26T23:08:46.672+0000] {processor.py:830} INFO - Processing file /home/airflow/.local/lib/python3.12/site-packages/airflow/example_dags/example_display_name.py for tasks to queue
[2026-04-26T23:08:46.673+0000] {logging_mixin.py:188} INFO - [2026-04-26T23:08:46.673+0000] {dagbag.py:545} INFO - Filling up the DagBag from /home/airflow/.local/lib/python3.12/site-packages/airflow/example_dags/example_display_name.py
[2026-04-26T23:08:46.677+0000] {processor.py:840} INFO - DAG(s) 'example_display_name' retrieved from /home/airflow/.local/lib/python3.12/site-packages/airflow/example_dags/example_display_name.py
[2026-04-26T23:08:46.746+0000] {logging_mixin.py:188} INFO - [2026-04-26T23:08:46.745+0000] {dag.py:3096} INFO - Sync 1 DAGs
[2026-04-26T23:08:46.752+0000] {logging_mixin.py:188} INFO - [2026-04-26T23:08:46.752+0000] {dag.py:3954} INFO - Setting next_dagrun for example_display_name to None, run_after=None
[2026-04-26T23:08:46.779+0000] {processor.py:183} INFO - Processing /home/airflow/.local/lib/python3.12/site-packages/airflow/example_dags/example_display_name.py took 0.112 seconds
[2026-04-26T23:09:17.109+0000] {processor.py:161} INFO - Started process (PID=194) to work on /home/airflow/.local/lib/python3.12/site-packages/airflow/example_dags/example_display_name.py
[2026-04-26T23:09:17.110+0000] {processor.py:830} INFO - Processing file /home/airflow/.local/lib/python3.12/site-packages/airflow/example_dags/example_display_name.py for tasks to queue
[2026-04-26T23:09:17.111+0000] {logging_mixin.py:188} INFO - [2026-04-26T23:09:17.111+0000] {dagbag.py:545} INFO - Filling up the DagBag from /home/airflow/.local/lib/python3.12/site-packages/airflow/example_dags/example_display_name.py
[2026-04-26T23:09:17.114+0000] {processor.py:840} INFO - DAG(s) 'example_display_name' retrieved from /home/airflow/.local/lib/python3.12/site-packages/airflow/example_dags/example_display_name.py
[2026-04-26T23:09:17.125+0000] {logging_mixin.py:188} INFO - [2026-04-26T23:09:17.124+0000] {dag.py:3096} INFO - Sync 1 DAGs
[2026-04-26T23:09:17.131+0000] {logging_mixin.py:188} INFO - [2026-04-26T23:09:17.131+0000] {dag.py:3954} INFO - Setting next_dagrun for example_display_name to None, run_after=None
[2026-04-26T23:09:17.139+0000] {processor.py:183} INFO - Processing /home/airflow/.local/lib/python3.12/site-packages/airflow/example_dags/example_display_name.py took 0.034 seconds
[2026-04-26T23:09:47.890+0000] {processor.py:161} INFO - Started process (PID=252) to work on /home/airflow/.local/lib/python3.12/site-packages/airflow/example_dags/example_display_name.py
[2026-04-26T23:09:47.890+0000] {processor.py:830} INFO - Processing file /home/airflow/.local/lib/python3.12/site-packages/airflow/example_dags/example_display_name.py for tasks to queue
[2026-04-26T23:09:47.892+0000] {logging_mixin.py:188} INFO - [2026-04-26T23:09:47.891+0000] {dagbag.py:545} INFO - Filling up the DagBag from /home/airflow/.local/lib/python3.12/site-packages/airflow/example_dags/example_display_name.py
[2026-04-26T23:09:47.897+0000] {processor.py:840} INFO - DAG(s) 'example_display_name' retrieved from /home/airflow/.local/lib/python3.12/site-packages/airflow/example_dags/example_display_name.py
[2026-04-26T23:09:47.910+0000] {logging_mixin.py:188} INFO - [2026-04-26T23:09:47.910+0000] {dag.py:3096} INFO - Sync 1 DAGs
[2026-04-26T23:09:47.919+0000] {logging_mixin.py:188} INFO - [2026-04-26T23:09:47.919+0000] {dag.py:3954} INFO - Setting next_dagrun for example_display_name to None, run_after=None
[2026-04-26T23:09:47.931+0000] {processor.py:183} INFO - Processing /home/airflow/.local/lib/python3.12/site-packages/airflow/example_dags/example_display_name.py took 0.045 seconds
[2026-04-26T23:10:18.818+0000] {processor.py:161} INFO - Started process (PID=316) to work on /home/airflow/.local/lib/python3.12/site-packages/airflow/example_dags/example_display_name.py
[2026-04-26T23:10:18.818+0000] {processor.py:830} INFO - Processing file /home/airflow/.local/lib/python3.12/site-packages/airflow/example_dags/example_display_name.py for tasks to queue
[2026-04-26T23:10:18.819+0000] {logging_mixin.py:188} INFO - [2026-04-26T23:10:18.819+0000] {dagbag.py:545} INFO - Filling up the DagBag from /home/airflow/.local/lib/python3.12/site-packages/airflow/example_dags/example_display_name.py
[2026-04-26T23:10:18.822+0000] {processor.py:840} INFO - DAG(s) 'example_display_name' retrieved from /home/airflow/.local/lib/python3.12/site-packages/airflow/example_dags/example_display_name.py
[2026-04-26T23:10:18.833+0000] {logging_mixin.py:188} INFO - [2026-04-26T23:10:18.833+0000] {dag.py:3096} INFO - Sync 1 DAGs
[2026-04-26T23:10:18.840+0000] {logging_mixin.py:188} INFO - [2026-04-26T23:10:18.840+0000] {dag.py:3954} INFO - Setting next_dagrun for example_display_name to None, run_after=None
[2026-04-26T23:10:18.849+0000] {processor.py:183} INFO - Processing /home/airflow/.local/lib/python3.12/site-packages/airflow/example_dags/example_display_name.py took 0.035 seconds
[2026-04-26T23:10:48.929+0000] {processor.py:161} INFO - Started process (PID=374) to work on /home/airflow/.local/lib/python3.12/site-packages/airflow/example_dags/example_display_name.py
[2026-04-26T23:10:48.930+0000] {processor.py:830} INFO - Processing file /home/airflow/.local/lib/python3.12/site-packages/airflow/example_dags/example_display_name.py for tasks to queue
[2026-04-26T23:10:48.930+0000] {logging_mixin.py:188} INFO - [2026-04-26T23:10:48.930+0000] {dagbag.py:545} INFO - Filling up the DagBag from /home/airflow/.local/lib/python3.12/site-packages/airflow/example_dags/example_display_name.py
[2026-04-26T23:10:48.933+0000] {processor.py:840} INFO - DAG(s) 'example_display_name' retrieved from /home/airflow/.local/lib/python3.12/site-packages/airflow/example_dags/example_display_name.py
[2026-04-26T23:10:48.944+0000] {logging_mixin.py:188} INFO - [2026-04-26T23:10:48.944+0000] {dag.py:3096} INFO - Sync 1 DAGs
[2026-04-26T23:10:48.950+0000] {logging_mixin.py:188} INFO - [2026-04-26T23:10:48.950+0000] {dag.py:3954} INFO - Setting next_dagrun for example_display_name to None, run_after=None
[2026-04-26T23:10:48.958+0000] {processor.py:183} INFO - Processing /home/airflow/.local/lib/python3.12/site-packages/airflow/example_dags/example_display_name.py took 0.032 seconds
[2026-04-26T23:11:19.695+0000] {processor.py:161} INFO - Started process (PID=432) to work on /home/airflow/.local/lib/python3.12/site-packages/airflow/example_dags/example_display_name.py
[2026-04-26T23:11:19.696+0000] {processor.py:830} INFO - Processing file /home/airflow/.local/lib/python3.12/site-packages/airflow/example_dags/example_display_name.py for tasks to queue
[2026-04-26T23:11:19.697+0000] {logging_mixin.py:188} INFO - [2026-04-26T23:11:19.697+0000] {dagbag.py:545} INFO - Filling up the DagBag from /home/airflow/.local/lib/python3.12/site-packages/airflow/example_dags/example_display_name.py
[2026-04-26T23:11:19.700+0000] {processor.py:840} INFO - DAG(s) 'example_display_name' retrieved from /home/airflow/.local/lib/python3.12/site-packages/airflow/example_dags/example_display_name.py
[2026-04-26T23:11:19.711+0000] {logging_mixin.py:188} INFO - [2026-04-26T23:11:19.711+0000] {dag.py:3096} INFO - Sync 1 DAGs
[2026-04-26T23:11:19.718+0000] {logging_mixin.py:188} INFO - [2026-04-26T23:11:19.718+0000] {dag.py:3954} INFO - Setting next_dagrun for example_display_name to None, run_after=None
[2026-04-26T23:11:19.726+0000] {processor.py:183} INFO - Processing /home/airflow/.local/lib/python3.12/site-packages/airflow/example_dags/example_display_name.py took 0.035 seconds
[2026-04-26T23:11:50.487+0000] {processor.py:161} INFO - Started process (PID=490) to work on /home/airflow/.local/lib/python3.12/site-packages/airflow/example_dags/example_display_name.py
[2026-04-26T23:11:50.488+0000] {processor.py:830} INFO - Processing file /home/airflow/.local/lib/python3.12/site-packages/airflow/example_dags/example_display_name.py for tasks to queue
[2026-04-26T23:11:50.489+0000] {logging_mixin.py:188} INFO - [2026-04-26T23:11:50.489+0000] {dagbag.py:545} INFO - Filling up the DagBag from /home/airflow/.local/lib/python3.12/site-packages/airflow/example_dags/example_display_name.py
[2026-04-26T23:11:50.493+0000] {processor.py:840} INFO - DAG(s) 'example_display_name' retrieved from /home/airflow/.local/lib/python3.12/site-packages/airflow/example_dags/example_display_name.py
[2026-04-26T23:11:50.506+0000] {logging_mixin.py:188} INFO - [2026-04-26T23:11:50.506+0000] {dag.py:3096} INFO - Sync 1 DAGs
[2026-04-26T23:11:50.514+0000] {logging_mixin.py:188} INFO - [2026-04-26T23:11:50.514+0000] {dag.py:3954} INFO - Setting next_dagrun for example_display_name to None, run_after=None
[2026-04-26T23:11:50.525+0000] {processor.py:183} INFO - Processing /home/airflow/.local/lib/python3.12/site-packages/airflow/example_dags/example_display_name.py took 0.041 seconds
[2026-04-26T23:12:21.302+0000] {processor.py:161} INFO - Started process (PID=548) to work on /home/airflow/.local/lib/python3.12/site-packages/airflow/example_dags/example_display_name.py
[2026-04-26T23:12:21.303+0000] {processor.py:830} INFO - Processing file /home/airflow/.local/lib/python3.12/site-packages/airflow/example_dags/example_display_name.py for tasks to queue
[2026-04-26T23:12:21.304+0000] {logging_mixin.py:188} INFO - [2026-04-26T23:12:21.304+0000] {dagbag.py:545} INFO - Filling up the DagBag from /home/airflow/.local/lib/python3.12/site-packages/airflow/example_dags/example_display_name.py
[2026-04-26T23:12:21.308+0000] {processor.py:840} INFO - DAG(s) 'example_display_name' retrieved from /home/airflow/.local/lib/python3.12/site-packages/airflow/example_dags/example_display_name.py
[2026-04-26T23:12:21.319+0000] {logging_mixin.py:188} INFO - [2026-04-26T23:12:21.319+0000] {dag.py:3096} INFO - Sync 1 DAGs
[2026-04-26T23:12:21.326+0000] {logging_mixin.py:188} INFO - [2026-04-26T23:12:21.326+0000] {dag.py:3954} INFO - Setting next_dagrun for example_display_name to None, run_after=None
[2026-04-26T23:12:21.334+0000] {processor.py:183} INFO - Processing /home/airflow/.local/lib/python3.12/site-packages/airflow/example_dags/example_display_name.py took 0.036 seconds
[2026-04-26T23:12:52.202+0000] {processor.py:161} INFO - Started process (PID=606) to work on /home/airflow/.local/lib/python3.12/site-packages/airflow/example_dags/example_display_name.py
[2026-04-26T23:12:52.202+0000] {processor.py:830} INFO - Processing file /home/airflow/.local/lib/python3.12/site-packages/airflow/example_dags/example_display_name.py for tasks to queue
[2026-04-26T23:12:52.203+0000] {logging_mixin.py:188} INFO - [2026-04-26T23:12:52.203+0000] {dagbag.py:545} INFO - Filling up the DagBag from /home/airflow/.local/lib/python3.12/site-packages/airflow/example_dags/example_display_name.py
[2026-04-26T23:12:52.206+0000] {processor.py:840} INFO - DAG(s) 'example_display_name' retrieved from /home/airflow/.local/lib/python3.12/site-packages/airflow/example_dags/example_display_name.py
[2026-04-26T23:12:52.217+0000] {logging_mixin.py:188} INFO - [2026-04-26T23:12:52.217+0000] {dag.py:3096} INFO - Sync 1 DAGs
[2026-04-26T23:12:52.225+0000] {logging_mixin.py:188} INFO - [2026-04-26T23:12:52.225+0000] {dag.py:3954} INFO - Setting next_dagrun for example_display_name to None, run_after=None
[2026-04-26T23:12:52.236+0000] {processor.py:183} INFO - Processing /home/airflow/.local/lib/python3.12/site-packages/airflow/example_dags/example_display_name.py took 0.037 seconds
[2026-04-26T23:13:22.288+0000] {processor.py:161} INFO - Started process (PID=664) to work on /home/airflow/.local/lib/python3.12/site-packages/airflow/example_dags/example_display_name.py
[2026-04-26T23:13:22.288+0000] {processor.py:830} INFO - Processing file /home/airflow/.local/lib/python3.12/site-packages/airflow/example_dags/example_display_name.py for tasks to queue
[2026-04-26T23:13:22.289+0000] {logging_mixin.py:188} INFO - [2026-04-26T23:13:22.289+0000] {dagbag.py:545} INFO - Filling up the DagBag from /home/airflow/.local/lib/python3.12/site-packages/airflow/example_dags/example_display_name.py
[2026-04-26T23:13:22.294+0000] {processor.py:840} INFO - DAG(s) 'example_display_name' retrieved from /home/airflow/.local/lib/python3.12/site-packages/airflow/example_dags/example_display_name.py
[2026-04-26T23:13:22.306+0000] {logging_mixin.py:188} INFO - [2026-04-26T23:13:22.306+0000] {dag.py:3096} INFO - Sync 1 DAGs
[2026-04-26T23:13:22.316+0000] {logging_mixin.py:188} INFO - [2026-04-26T23:13:22.316+0000] {dag.py:3954} INFO - Setting next_dagrun for example_display_name to None, run_after=None
[2026-04-26T23:13:22.332+0000] {processor.py:183} INFO - Processing /home/airflow/.local/lib/python3.12/site-packages/airflow/example_dags/example_display_name.py took 0.048 seconds
[2026-04-26T23:13:52.479+0000] {processor.py:161} INFO - Started process (PID=722) to work on /home/airflow/.local/lib/python3.12/site-packages/airflow/example_dags/example_display_name.py
[2026-04-26T23:13:52.479+0000] {processor.py:830} INFO - Processing file /home/airflow/.local/lib/python3.12/site-packages/airflow/example_dags/example_display_name.py for tasks to queue
[2026-04-26T23:13:52.480+0000] {logging_mixin.py:188} INFO - [2026-04-26T23:13:52.480+0000] {dagbag.py:545} INFO - Filling up the DagBag from /home/airflow/.local/lib/python3.12/site-packages/airflow/example_dags/example_display_name.py
[2026-04-26T23:13:52.484+0000] {processor.py:840} INFO - DAG(s) 'example_display_name' retrieved from /home/airflow/.local/lib/python3.12/site-packages/airflow/example_dags/example_display_name.py
[2026-04-26T23:13:52.495+0000] {logging_mixin.py:188} INFO - [2026-04-26T23:13:52.495+0000] {dag.py:3096} INFO - Sync 1 DAGs
[2026-04-26T23:13:52.502+0000] {logging_mixin.py:188} INFO - [2026-04-26T23:13:52.502+0000] {dag.py:3954} INFO - Setting next_dagrun for example_display_name to None, run_after=None
[2026-04-26T23:13:52.511+0000] {processor.py:183} INFO - Processing /home/airflow/.local/lib/python3.12/site-packages/airflow/example_dags/example_display_name.py took 0.036 seconds
[2026-04-26T23:14:23.115+0000] {processor.py:161} INFO - Started process (PID=780) to work on /home/airflow/.local/lib/python3.12/site-packages/airflow/example_dags/example_display_name.py
[2026-04-26T23:14:23.115+0000] {processor.py:830} INFO - Processing file /home/airflow/.local/lib/python3.12/site-packages/airflow/example_dags/example_display_name.py for tasks to queue
[2026-04-26T23:14:23.116+0000] {logging_mixin.py:188} INFO - [2026-04-26T23:14:23.116+0000] {dagbag.py:545} INFO - Filling up the DagBag from /home/airflow/.local/lib/python3.12/site-packages/airflow/example_dags/example_display_name.py
[2026-04-26T23:14:23.119+0000] {processor.py:840} INFO - DAG(s) 'example_display_name' retrieved from /home/airflow/.local/lib/python3.12/site-packages/airflow/example_dags/example_display_name.py
[2026-04-26T23:14:23.129+0000] {logging_mixin.py:188} INFO - [2026-04-26T23:14:23.128+0000] {dag.py:3096} INFO - Sync 1 DAGs
[2026-04-26T23:14:23.135+0000] {logging_mixin.py:188} INFO - [2026-04-26T23:14:23.135+0000] {dag.py:3954} INFO - Setting next_dagrun for example_display_name to None, run_after=None
[2026-04-26T23:14:23.143+0000] {processor.py:183} INFO - Processing /home/airflow/.local/lib/python3.12/site-packages/airflow/example_dags/example_display_name.py took 0.032 seconds
[2026-04-26T23:14:53.930+0000] {processor.py:161} INFO - Started process (PID=838) to work on /home/airflow/.local/lib/python3.12/site-packages/airflow/example_dags/example_display_name.py
[2026-04-26T23:14:53.930+0000] {processor.py:830} INFO - Processing file /home/airflow/.local/lib/python3.12/site-packages/airflow/example_dags/example_display_name.py for tasks to queue
[2026-04-26T23:14:53.931+0000] {logging_mixin.py:188} INFO - [2026-04-26T23:14:53.931+0000] {dagbag.py:545} INFO - Filling up the DagBag from /home/airflow/.local/lib/python3.12/site-packages/airflow/example_dags/example_display_name.py
[2026-04-26T23:14:53.935+0000] {processor.py:840} INFO - DAG(s) 'example_display_name' retrieved from /home/airflow/.local/lib/python3.12/site-packages/airflow/example_dags/example_display_name.py
[2026-04-26T23:14:53.945+0000] {logging_mixin.py:188} INFO - [2026-04-26T23:14:53.945+0000] {dag.py:3096} INFO - Sync 1 DAGs
[2026-04-26T23:14:53.951+0000] {logging_mixin.py:188} INFO - [2026-04-26T23:14:53.951+0000] {dag.py:3954} INFO - Setting next_dagrun for example_display_name to None, run_after=None
[2026-04-26T23:14:53.961+0000] {processor.py:183} INFO - Processing /home/airflow/.local/lib/python3.12/site-packages/airflow/example_dags/example_display_name.py took 0.034 seconds
[2026-04-26T23:15:24.164+0000] {processor.py:161} INFO - Started process (PID=896) to work on /home/airflow/.local/lib/python3.12/site-packages/airflow/example_dags/example_display_name.py
[2026-04-26T23:15:24.164+0000] {processor.py:830} INFO - Processing file /home/airflow/.local/lib/python3.12/site-packages/airflow/example_dags/example_display_name.py for tasks to queue
[2026-04-26T23:15:24.165+0000] {logging_mixin.py:188} INFO - [2026-04-26T23:15:24.165+0000] {dagbag.py:545} INFO - Filling up the DagBag from /home/airflow/.local/lib/python3.12/site-packages/airflow/example_dags/example_display_name.py
[2026-04-26T23:15:24.169+0000] {processor.py:840} INFO - DAG(s) 'example_display_name' retrieved from /home/airflow/.local/lib/python3.12/site-packages/airflow/example_dags/example_display_name.py
[2026-04-26T23:15:24.180+0000] {logging_mixin.py:188} INFO - [2026-04-26T23:15:24.180+0000] {dag.py:3096} INFO - Sync 1 DAGs
[2026-04-26T23:15:24.187+0000] {logging_mixin.py:188} INFO - [2026-04-26T23:15:24.187+0000] {dag.py:3954} INFO - Setting next_dagrun for example_display_name to None, run_after=None
[2026-04-26T23:15:24.198+0000] {processor.py:183} INFO - Processing /home/airflow/.local/lib/python3.12/site-packages/airflow/example_dags/example_display_name.py took 0.038 seconds
[2026-04-26T23:15:55.184+0000] {processor.py:161} INFO - Started process (PID=954) to work on /home/airflow/.local/lib/python3.12/site-packages/airflow/example_dags/example_display_name.py
[2026-04-26T23:15:55.185+0000] {processor.py:830} INFO - Processing file /home/airflow/.local/lib/python3.12/site-packages/airflow/example_dags/example_display_name.py for tasks to queue
[2026-04-26T23:15:55.186+0000] {logging_mixin.py:188} INFO - [2026-04-26T23:15:55.186+0000] {dagbag.py:545} INFO - Filling up the DagBag from /home/airflow/.local/lib/python3.12/site-packages/airflow/example_dags/example_display_name.py
[2026-04-26T23:15:55.190+0000] {processor.py:840} INFO - DAG(s) 'example_display_name' retrieved from /home/airflow/.local/lib/python3.12/site-packages/airflow/example_dags/example_display_name.py
[2026-04-26T23:15:55.204+0000] {logging_mixin.py:188} INFO - [2026-04-26T23:15:55.204+0000] {dag.py:3096} INFO - Sync 1 DAGs
[2026-04-26T23:15:55.212+0000] {logging_mixin.py:188} INFO - [2026-04-26T23:15:55.212+0000] {dag.py:3954} INFO - Setting next_dagrun for example_display_name to None, run_after=None
[2026-04-26T23:15:55.224+0000] {processor.py:183} INFO - Processing /home/airflow/.local/lib/python3.12/site-packages/airflow/example_dags/example_display_name.py took 0.044 seconds
[2026-04-26T23:16:25.349+0000] {processor.py:161} INFO - Started process (PID=1011) to work on /home/airflow/.local/lib/python3.12/site-packages/airflow/example_dags/example_display_name.py
[2026-04-26T23:16:25.350+0000] {processor.py:830} INFO - Processing file /home/airflow/.local/lib/python3.12/site-packages/airflow/example_dags/example_display_name.py for tasks to queue
[2026-04-26T23:16:25.351+0000] {logging_mixin.py:188} INFO - [2026-04-26T23:16:25.351+0000] {dagbag.py:545} INFO - Filling up the DagBag from /home/airflow/.local/lib/python3.12/site-packages/airflow/example_dags/example_display_name.py
[2026-04-26T23:16:25.355+0000] {processor.py:840} INFO - DAG(s) 'example_display_name' retrieved from /home/airflow/.local/lib/python3.12/site-packages/airflow/example_dags/example_display_name.py
[2026-04-26T23:16:25.369+0000] {logging_mixin.py:188} INFO - [2026-04-26T23:16:25.369+0000] {dag.py:3096} INFO - Sync 1 DAGs
[2026-04-26T23:16:25.378+0000] {logging_mixin.py:188} INFO - [2026-04-26T23:16:25.378+0000] {dag.py:3954} INFO - Setting next_dagrun for example_display_name to None, run_after=None
[2026-04-26T23:16:25.390+0000] {processor.py:183} INFO - Processing /home/airflow/.local/lib/python3.12/site-packages/airflow/example_dags/example_display_name.py took 0.045 seconds
[2026-04-26T23:16:55.530+0000] {processor.py:161} INFO - Started process (PID=1069) to work on /home/airflow/.local/lib/python3.12/site-packages/airflow/example_dags/example_display_name.py
[2026-04-26T23:16:55.530+0000] {processor.py:830} INFO - Processing file /home/airflow/.local/lib/python3.12/site-packages/airflow/example_dags/example_display_name.py for tasks to queue
[2026-04-26T23:16:55.532+0000] {logging_mixin.py:188} INFO - [2026-04-26T23:16:55.531+0000] {dagbag.py:545} INFO - Filling up the DagBag from /home/airflow/.local/lib/python3.12/site-packages/airflow/example_dags/example_display_name.py
[2026-04-26T23:16:55.536+0000] {processor.py:840} INFO - DAG(s) 'example_display_name' retrieved from /home/airflow/.local/lib/python3.12/site-packages/airflow/example_dags/example_display_name.py
[2026-04-26T23:16:55.550+0000] {logging_mixin.py:188} INFO - [2026-04-26T23:16:55.549+0000] {dag.py:3096} INFO - Sync 1 DAGs
[2026-04-26T23:16:55.559+0000] {logging_mixin.py:188} INFO - [2026-04-26T23:16:55.558+0000] {dag.py:3954} INFO - Setting next_dagrun for example_display_name to None, run_after=None
[2026-04-26T23:16:55.570+0000] {processor.py:183} INFO - Processing /home/airflow/.local/lib/python3.12/site-packages/airflow/example_dags/example_display_name.py took 0.045 seconds
[2026-04-26T23:17:25.941+0000] {processor.py:161} INFO - Started process (PID=1127) to work on /home/airflow/.local/lib/python3.12/site-packages/airflow/example_dags/example_display_name.py
[2026-04-26T23:17:25.942+0000] {processor.py:830} INFO - Processing file /home/airflow/.local/lib/python3.12/site-packages/airflow/example_dags/example_display_name.py for tasks to queue
[2026-04-26T23:17:25.943+0000] {logging_mixin.py:188} INFO - [2026-04-26T23:17:25.943+0000] {dagbag.py:545} INFO - Filling up the DagBag from /home/airflow/.local/lib/python3.12/site-packages/airflow/example_dags/example_display_name.py
[2026-04-26T23:17:25.948+0000] {processor.py:840} INFO - DAG(s) 'example_display_name' retrieved from /home/airflow/.local/lib/python3.12/site-packages/airflow/example_dags/example_display_name.py
[2026-04-26T23:17:25.961+0000] {logging_mixin.py:188} INFO - [2026-04-26T23:17:25.961+0000] {dag.py:3096} INFO - Sync 1 DAGs
[2026-04-26T23:17:25.970+0000] {logging_mixin.py:188} INFO - [2026-04-26T23:17:25.969+0000] {dag.py:3954} INFO - Setting next_dagrun for example_display_name to None, run_after=None
[2026-04-26T23:17:25.982+0000] {processor.py:183} INFO - Processing /home/airflow/.local/lib/python3.12/site-packages/airflow/example_dags/example_display_name.py took 0.045 seconds
[2026-04-26T23:17:56.246+0000] {processor.py:161} INFO - Started process (PID=1185) to work on /home/airflow/.local/lib/python3.12/site-packages/airflow/example_dags/example_display_name.py
[2026-04-26T23:17:56.246+0000] {processor.py:830} INFO - Processing file /home/airflow/.local/lib/python3.12/site-packages/airflow/example_dags/example_display_name.py for tasks to queue
[2026-04-26T23:17:56.248+0000] {logging_mixin.py:188} INFO - [2026-04-26T23:17:56.247+0000] {dagbag.py:545} INFO - Filling up the DagBag from /home/airflow/.local/lib/python3.12/site-packages/airflow/example_dags/example_display_name.py
[2026-04-26T23:17:56.252+0000] {processor.py:840} INFO - DAG(s) 'example_display_name' retrieved from /home/airflow/.local/lib/python3.12/site-packages/airflow/example_dags/example_display_name.py
[2026-04-26T23:17:56.266+0000] {logging_mixin.py:188} INFO - [2026-04-26T23:17:56.265+0000] {dag.py:3096} INFO - Sync 1 DAGs
[2026-04-26T23:17:56.275+0000] {logging_mixin.py:188} INFO - [2026-04-26T23:17:56.275+0000] {dag.py:3954} INFO - Setting next_dagrun for example_display_name to None, run_after=None
[2026-04-26T23:17:56.287+0000] {processor.py:183} INFO - Processing /home/airflow/.local/lib/python3.12/site-packages/airflow/example_dags/example_display_name.py took 0.046 seconds
[2026-04-26T23:18:26.313+0000] {processor.py:161} INFO - Started process (PID=1244) to work on /home/airflow/.local/lib/python3.12/site-packages/airflow/example_dags/example_display_name.py
[2026-04-26T23:18:26.313+0000] {processor.py:830} INFO - Processing file /home/airflow/.local/lib/python3.12/site-packages/airflow/example_dags/example_display_name.py for tasks to queue
[2026-04-26T23:18:26.314+0000] {logging_mixin.py:188} INFO - [2026-04-26T23:18:26.314+0000] {dagbag.py:545} INFO - Filling up the DagBag from /home/airflow/.local/lib/python3.12/site-packages/airflow/example_dags/example_display_name.py
[2026-04-26T23:18:26.318+0000] {processor.py:840} INFO - DAG(s) 'example_display_name' retrieved from /home/airflow/.local/lib/python3.12/site-packages/airflow/example_dags/example_display_name.py
[2026-04-26T23:18:26.330+0000] {logging_mixin.py:188} INFO - [2026-04-26T23:18:26.330+0000] {dag.py:3096} INFO - Sync 1 DAGs
[2026-04-26T23:18:26.337+0000] {logging_mixin.py:188} INFO - [2026-04-26T23:18:26.337+0000] {dag.py:3954} INFO - Setting next_dagrun for example_display_name to None, run_after=None
[2026-04-26T23:18:26.347+0000] {processor.py:183} INFO - Processing /home/airflow/.local/lib/python3.12/site-packages/airflow/example_dags/example_display_name.py took 0.038 seconds
[2026-04-26T23:18:56.716+0000] {processor.py:161} INFO - Started process (PID=1303) to work on /home/airflow/.local/lib/python3.12/site-packages/airflow/example_dags/example_display_name.py
[2026-04-26T23:18:56.717+0000] {processor.py:830} INFO - Processing file /home/airflow/.local/lib/python3.12/site-packages/airflow/example_dags/example_display_name.py for tasks to queue
[2026-04-26T23:18:56.718+0000] {logging_mixin.py:188} INFO - [2026-04-26T23:18:56.718+0000] {dagbag.py:545} INFO - Filling up the DagBag from /home/airflow/.local/lib/python3.12/site-packages/airflow/example_dags/example_display_name.py
[2026-04-26T23:18:56.722+0000] {processor.py:840} INFO - DAG(s) 'example_display_name' retrieved from /home/airflow/.local/lib/python3.12/site-packages/airflow/example_dags/example_display_name.py
[2026-04-26T23:18:56.733+0000] {logging_mixin.py:188} INFO - [2026-04-26T23:18:56.732+0000] {dag.py:3096} INFO - Sync 1 DAGs
[2026-04-26T23:18:56.739+0000] {logging_mixin.py:188} INFO - [2026-04-26T23:18:56.739+0000] {dag.py:3954} INFO - Setting next_dagrun for example_display_name to None, run_after=None
[2026-04-26T23:18:56.748+0000] {processor.py:183} INFO - Processing /home/airflow/.local/lib/python3.12/site-packages/airflow/example_dags/example_display_name.py took 0.035 seconds
[2026-04-26T23:19:26.974+0000] {processor.py:161} INFO - Started process (PID=1362) to work on /home/airflow/.local/lib/python3.12/site-packages/airflow/example_dags/example_display_name.py
[2026-04-26T23:19:26.975+0000] {processor.py:830} INFO - Processing file /home/airflow/.local/lib/python3.12/site-packages/airflow/example_dags/example_display_name.py for tasks to queue
[2026-04-26T23:19:26.976+0000] {logging_mixin.py:188} INFO - [2026-04-26T23:19:26.976+0000] {dagbag.py:545} INFO - Filling up the DagBag from /home/airflow/.local/lib/python3.12/site-packages/airflow/example_dags/example_display_name.py
[2026-04-26T23:19:26.979+0000] {processor.py:840} INFO - DAG(s) 'example_display_name' retrieved from /home/airflow/.local/lib/python3.12/site-packages/airflow/example_dags/example_display_name.py
[2026-04-26T23:19:26.989+0000] {logging_mixin.py:188} INFO - [2026-04-26T23:19:26.989+0000] {dag.py:3096} INFO - Sync 1 DAGs
[2026-04-26T23:19:26.995+0000] {logging_mixin.py:188} INFO - [2026-04-26T23:19:26.995+0000] {dag.py:3954} INFO - Setting next_dagrun for example_display_name to None, run_after=None
[2026-04-26T23:19:27.005+0000] {processor.py:183} INFO - Processing /home/airflow/.local/lib/python3.12/site-packages/airflow/example_dags/example_display_name.py took 0.034 seconds
[2026-04-26T23:19:57.290+0000] {processor.py:161} INFO - Started process (PID=1421) to work on /home/airflow/.local/lib/python3.12/site-packages/airflow/example_dags/example_display_name.py
[2026-04-26T23:19:57.291+0000] {processor.py:830} INFO - Processing file /home/airflow/.local/lib/python3.12/site-packages/airflow/example_dags/example_display_name.py for tasks to queue
[2026-04-26T23:19:57.292+0000] {logging_mixin.py:188} INFO - [2026-04-26T23:19:57.291+0000] {dagbag.py:545} INFO - Filling up the DagBag from /home/airflow/.local/lib/python3.12/site-packages/airflow/example_dags/example_display_name.py
[2026-04-26T23:19:57.295+0000] {processor.py:840} INFO - DAG(s) 'example_display_name' retrieved from /home/airflow/.local/lib/python3.12/site-packages/airflow/example_dags/example_display_name.py
[2026-04-26T23:19:57.306+0000] {logging_mixin.py:188} INFO - [2026-04-26T23:19:57.306+0000] {dag.py:3096} INFO - Sync 1 DAGs
[2026-04-26T23:19:57.313+0000] {logging_mixin.py:188} INFO - [2026-04-26T23:19:57.313+0000] {dag.py:3954} INFO - Setting next_dagrun for example_display_name to None, run_after=None
[2026-04-26T23:19:57.323+0000] {processor.py:183} INFO - Processing /home/airflow/.local/lib/python3.12/site-packages/airflow/example_dags/example_display_name.py took 0.036 seconds
[2026-04-26T23:20:27.525+0000] {processor.py:161} INFO - Started process (PID=1480) to work on /home/airflow/.local/lib/python3.12/site-packages/airflow/example_dags/example_display_name.py
[2026-04-26T23:20:27.525+0000] {processor.py:830} INFO - Processing file /home/airflow/.local/lib/python3.12/site-packages/airflow/example_dags/example_display_name.py for tasks to queue
[2026-04-26T23:20:27.526+0000] {logging_mixin.py:188} INFO - [2026-04-26T23:20:27.526+0000] {dagbag.py:545} INFO - Filling up the DagBag from /home/airflow/.local/lib/python3.12/site-packages/airflow/example_dags/example_display_name.py
[2026-04-26T23:20:27.530+0000] {processor.py:840} INFO - DAG(s) 'example_display_name' retrieved from /home/airflow/.local/lib/python3.12/site-packages/airflow/example_dags/example_display_name.py
[2026-04-26T23:20:27.540+0000] {logging_mixin.py:188} INFO - [2026-04-26T23:20:27.540+0000] {dag.py:3096} INFO - Sync 1 DAGs
[2026-04-26T23:20:27.546+0000] {logging_mixin.py:188} INFO - [2026-04-26T23:20:27.546+0000] {dag.py:3954} INFO - Setting next_dagrun for example_display_name to None, run_after=None
[2026-04-26T23:20:27.554+0000] {processor.py:183} INFO - Processing /home/airflow/.local/lib/python3.12/site-packages/airflow/example_dags/example_display_name.py took 0.033 seconds
[2026-04-26T23:20:57.839+0000] {processor.py:161} INFO - Started process (PID=1539) to work on /home/airflow/.local/lib/python3.12/site-packages/airflow/example_dags/example_display_name.py
[2026-04-26T23:20:57.840+0000] {processor.py:830} INFO - Processing file /home/airflow/.local/lib/python3.12/site-packages/airflow/example_dags/example_display_name.py for tasks to queue
[2026-04-26T23:20:57.841+0000] {logging_mixin.py:188} INFO - [2026-04-26T23:20:57.841+0000] {dagbag.py:545} INFO - Filling up the DagBag from /home/airflow/.local/lib/python3.12/site-packages/airflow/example_dags/example_display_name.py
[2026-04-26T23:20:57.845+0000] {processor.py:840} INFO - DAG(s) 'example_display_name' retrieved from /home/airflow/.local/lib/python3.12/site-packages/airflow/example_dags/example_display_name.py
[2026-04-26T23:20:57.861+0000] {logging_mixin.py:188} INFO - [2026-04-26T23:20:57.860+0000] {dag.py:3096} INFO - Sync 1 DAGs
[2026-04-26T23:20:57.870+0000] {logging_mixin.py:188} INFO - [2026-04-26T23:20:57.870+0000] {dag.py:3954} INFO - Setting next_dagrun for example_display_name to None, run_after=None
[2026-04-26T23:20:57.885+0000] {processor.py:183} INFO - Processing /home/airflow/.local/lib/python3.12/site-packages/airflow/example_dags/example_display_name.py took 0.051 seconds
[2026-04-26T23:21:28.017+0000] {processor.py:161} INFO - Started process (PID=1598) to work on /home/airflow/.local/lib/python3.12/site-packages/airflow/example_dags/example_display_name.py
[2026-04-26T23:21:28.017+0000] {processor.py:830} INFO - Processing file /home/airflow/.local/lib/python3.12/site-packages/airflow/example_dags/example_display_name.py for tasks to queue
[2026-04-26T23:21:28.018+0000] {logging_mixin.py:188} INFO - [2026-04-26T23:21:28.018+0000] {dagbag.py:545} INFO - Filling up the DagBag from /home/airflow/.local/lib/python3.12/site-packages/airflow/example_dags/example_display_name.py
[2026-04-26T23:21:28.022+0000] {processor.py:840} INFO - DAG(s) 'example_display_name' retrieved from /home/airflow/.local/lib/python3.12/site-packages/airflow/example_dags/example_display_name.py
[2026-04-26T23:21:28.032+0000] {logging_mixin.py:188} INFO - [2026-04-26T23:21:28.032+0000] {dag.py:3096} INFO - Sync 1 DAGs
[2026-04-26T23:21:28.040+0000] {logging_mixin.py:188} INFO - [2026-04-26T23:21:28.039+0000] {dag.py:3954} INFO - Setting next_dagrun for example_display_name to None, run_after=None
[2026-04-26T23:21:28.049+0000] {processor.py:183} INFO - Processing /home/airflow/.local/lib/python3.12/site-packages/airflow/example_dags/example_display_name.py took 0.036 seconds
[2026-04-26T23:21:59.140+0000] {processor.py:161} INFO - Started process (PID=1658) to work on /home/airflow/.local/lib/python3.12/site-packages/airflow/example_dags/example_display_name.py
[2026-04-26T23:21:59.141+0000] {processor.py:830} INFO - Processing file /home/airflow/.local/lib/python3.12/site-packages/airflow/example_dags/example_display_name.py for tasks to queue
[2026-04-26T23:21:59.142+0000] {logging_mixin.py:188} INFO - [2026-04-26T23:21:59.141+0000] {dagbag.py:545} INFO - Filling up the DagBag from /home/airflow/.local/lib/python3.12/site-packages/airflow/example_dags/example_display_name.py
[2026-04-26T23:21:59.145+0000] {processor.py:840} INFO - DAG(s) 'example_display_name' retrieved from /home/airflow/.local/lib/python3.12/site-packages/airflow/example_dags/example_display_name.py
[2026-04-26T23:21:59.154+0000] {logging_mixin.py:188} INFO - [2026-04-26T23:21:59.154+0000] {dag.py:3096} INFO - Sync 1 DAGs
[2026-04-26T23:21:59.161+0000] {logging_mixin.py:188} INFO - [2026-04-26T23:21:59.160+0000] {dag.py:3954} INFO - Setting next_dagrun for example_display_name to None, run_after=None
[2026-04-26T23:21:59.169+0000] {processor.py:183} INFO - Processing /home/airflow/.local/lib/python3.12/site-packages/airflow/example_dags/example_display_name.py took 0.032 seconds
[2026-04-26T23:22:29.425+0000] {processor.py:161} INFO - Started process (PID=1717) to work on /home/airflow/.local/lib/python3.12/site-packages/airflow/example_dags/example_display_name.py
[2026-04-26T23:22:29.425+0000] {processor.py:830} INFO - Processing file /home/airflow/.local/lib/python3.12/site-packages/airflow/example_dags/example_display_name.py for tasks to queue
[2026-04-26T23:22:29.426+0000] {logging_mixin.py:188} INFO - [2026-04-26T23:22:29.426+0000] {dagbag.py:545} INFO - Filling up the DagBag from /home/airflow/.local/lib/python3.12/site-packages/airflow/example_dags/example_display_name.py
[2026-04-26T23:22:29.429+0000] {processor.py:840} INFO - DAG(s) 'example_display_name' retrieved from /home/airflow/.local/lib/python3.12/site-packages/airflow/example_dags/example_display_name.py
[2026-04-26T23:22:29.439+0000] {logging_mixin.py:188} INFO - [2026-04-26T23:22:29.439+0000] {dag.py:3096} INFO - Sync 1 DAGs
[2026-04-26T23:22:29.446+0000] {logging_mixin.py:188} INFO - [2026-04-26T23:22:29.446+0000] {dag.py:3954} INFO - Setting next_dagrun for example_display_name to None, run_after=None
[2026-04-26T23:22:29.456+0000] {processor.py:183} INFO - Processing /home/airflow/.local/lib/python3.12/site-packages/airflow/example_dags/example_display_name.py took 0.034 seconds
[2026-04-26T23:22:59.697+0000] {processor.py:161} INFO - Started process (PID=1777) to work on /home/airflow/.local/lib/python3.12/site-packages/airflow/example_dags/example_display_name.py
[2026-04-26T23:22:59.697+0000] {processor.py:830} INFO - Processing file /home/airflow/.local/lib/python3.12/site-packages/airflow/example_dags/example_display_name.py for tasks to queue
[2026-04-26T23:22:59.698+0000] {logging_mixin.py:188} INFO - [2026-04-26T23:22:59.698+0000] {dagbag.py:545} INFO - Filling up the DagBag from /home/airflow/.local/lib/python3.12/site-packages/airflow/example_dags/example_display_name.py
[2026-04-26T23:22:59.702+0000] {processor.py:840} INFO - DAG(s) 'example_display_name' retrieved from /home/airflow/.local/lib/python3.12/site-packages/airflow/example_dags/example_display_name.py
[2026-04-26T23:22:59.713+0000] {logging_mixin.py:188} INFO - [2026-04-26T23:22:59.713+0000] {dag.py:3096} INFO - Sync 1 DAGs
[2026-04-26T23:22:59.720+0000] {logging_mixin.py:188} INFO - [2026-04-26T23:22:59.720+0000] {dag.py:3954} INFO - Setting next_dagrun for example_display_name to None, run_after=None
[2026-04-26T23:22:59.730+0000] {processor.py:183} INFO - Processing /home/airflow/.local/lib/python3.12/site-packages/airflow/example_dags/example_display_name.py took 0.037 seconds
[2026-04-26T23:23:30.438+0000] {processor.py:161} INFO - Started process (PID=1836) to work on /home/airflow/.local/lib/python3.12/site-packages/airflow/example_dags/example_display_name.py
[2026-04-26T23:23:30.439+0000] {processor.py:830} INFO - Processing file /home/airflow/.local/lib/python3.12/site-packages/airflow/example_dags/example_display_name.py for tasks to queue
[2026-04-26T23:23:30.440+0000] {logging_mixin.py:188} INFO - [2026-04-26T23:23:30.440+0000] {dagbag.py:545} INFO - Filling up the DagBag from /home/airflow/.local/lib/python3.12/site-packages/airflow/example_dags/example_display_name.py
[2026-04-26T23:23:30.443+0000] {processor.py:840} INFO - DAG(s) 'example_display_name' retrieved from /home/airflow/.local/lib/python3.12/site-packages/airflow/example_dags/example_display_name.py
[2026-04-26T23:23:30.453+0000] {logging_mixin.py:188} INFO - [2026-04-26T23:23:30.453+0000] {dag.py:3096} INFO - Sync 1 DAGs
[2026-04-26T23:23:30.459+0000] {logging_mixin.py:188} INFO - [2026-04-26T23:23:30.459+0000] {dag.py:3954} INFO - Setting next_dagrun for example_display_name to None, run_after=None
[2026-04-26T23:23:30.468+0000] {processor.py:183} INFO - Processing /home/airflow/.local/lib/python3.12/site-packages/airflow/example_dags/example_display_name.py took 0.033 seconds
[2026-04-26T23:24:01.940+0000] {processor.py:161} INFO - Started process (PID=1895) to work on /home/airflow/.local/lib/python3.12/site-packages/airflow/example_dags/example_display_name.py
[2026-04-26T23:24:01.940+0000] {processor.py:830} INFO - Processing file /home/airflow/.local/lib/python3.12/site-packages/airflow/example_dags/example_display_name.py for tasks to queue
[2026-04-26T23:24:01.941+0000] {logging_mixin.py:188} INFO - [2026-04-26T23:24:01.941+0000] {dagbag.py:545} INFO - Filling up the DagBag from /home/airflow/.local/lib/python3.12/site-packages/airflow/example_dags/example_display_name.py
[2026-04-26T23:24:01.945+0000] {processor.py:840} INFO - DAG(s) 'example_display_name' retrieved from /home/airflow/.local/lib/python3.12/site-packages/airflow/example_dags/example_display_name.py
[2026-04-26T23:24:01.956+0000] {logging_mixin.py:188} INFO - [2026-04-26T23:24:01.955+0000] {dag.py:3096} INFO - Sync 1 DAGs
[2026-04-26T23:24:01.963+0000] {logging_mixin.py:188} INFO - [2026-04-26T23:24:01.962+0000] {dag.py:3954} INFO - Setting next_dagrun for example_display_name to None, run_after=None
[2026-04-26T23:24:01.973+0000] {processor.py:183} INFO - Processing /home/airflow/.local/lib/python3.12/site-packages/airflow/example_dags/example_display_name.py took 0.037 seconds
[2026-04-26T23:24:33.460+0000] {processor.py:161} INFO - Started process (PID=1955) to work on /home/airflow/.local/lib/python3.12/site-packages/airflow/example_dags/example_display_name.py
[2026-04-26T23:24:33.461+0000] {processor.py:830} INFO - Processing file /home/airflow/.local/lib/python3.12/site-packages/airflow/example_dags/example_display_name.py for tasks to queue
[2026-04-26T23:24:33.461+0000] {logging_mixin.py:188} INFO - [2026-04-26T23:24:33.461+0000] {dagbag.py:545} INFO - Filling up the DagBag from /home/airflow/.local/lib/python3.12/site-packages/airflow/example_dags/example_display_name.py
[2026-04-26T23:24:33.465+0000] {processor.py:840} INFO - DAG(s) 'example_display_name' retrieved from /home/airflow/.local/lib/python3.12/site-packages/airflow/example_dags/example_display_name.py
[2026-04-26T23:24:33.475+0000] {logging_mixin.py:188} INFO - [2026-04-26T23:24:33.475+0000] {dag.py:3096} INFO - Sync 1 DAGs
[2026-04-26T23:24:33.568+0000] {logging_mixin.py:188} INFO - [2026-04-26T23:24:33.568+0000] {dag.py:3954} INFO - Setting next_dagrun for example_display_name to None, run_after=None
[2026-04-26T23:24:33.584+0000] {processor.py:183} INFO - Processing /home/airflow/.local/lib/python3.12/site-packages/airflow/example_dags/example_display_name.py took 0.127 seconds
[2026-04-26T23:25:04.193+0000] {processor.py:161} INFO - Started process (PID=2015) to work on /home/airflow/.local/lib/python3.12/site-packages/airflow/example_dags/example_display_name.py
[2026-04-26T23:25:04.194+0000] {processor.py:830} INFO - Processing file /home/airflow/.local/lib/python3.12/site-packages/airflow/example_dags/example_display_name.py for tasks to queue
[2026-04-26T23:25:04.195+0000] {logging_mixin.py:188} INFO - [2026-04-26T23:25:04.195+0000] {dagbag.py:545} INFO - Filling up the DagBag from /home/airflow/.local/lib/python3.12/site-packages/airflow/example_dags/example_display_name.py
[2026-04-26T23:25:04.199+0000] {processor.py:840} INFO - DAG(s) 'example_display_name' retrieved from /home/airflow/.local/lib/python3.12/site-packages/airflow/example_dags/example_display_name.py
[2026-04-26T23:25:04.211+0000] {logging_mixin.py:188} INFO - [2026-04-26T23:25:04.211+0000] {dag.py:3096} INFO - Sync 1 DAGs
[2026-04-26T23:25:04.219+0000] {logging_mixin.py:188} INFO - [2026-04-26T23:25:04.219+0000] {dag.py:3954} INFO - Setting next_dagrun for example_display_name to None, run_after=None
[2026-04-26T23:25:04.229+0000] {processor.py:183} INFO - Processing /home/airflow/.local/lib/python3.12/site-packages/airflow/example_dags/example_display_name.py took 0.040 seconds
[2026-04-26T23:25:34.952+0000] {processor.py:161} INFO - Started process (PID=2074) to work on /home/airflow/.local/lib/python3.12/site-packages/airflow/example_dags/example_display_name.py
[2026-04-26T23:25:34.953+0000] {processor.py:830} INFO - Processing file /home/airflow/.local/lib/python3.12/site-packages/airflow/example_dags/example_display_name.py for tasks to queue
[2026-04-26T23:25:34.954+0000] {logging_mixin.py:188} INFO - [2026-04-26T23:25:34.954+0000] {dagbag.py:545} INFO - Filling up the DagBag from /home/airflow/.local/lib/python3.12/site-packages/airflow/example_dags/example_display_name.py
[2026-04-26T23:25:34.957+0000] {processor.py:840} INFO - DAG(s) 'example_display_name' retrieved from /home/airflow/.local/lib/python3.12/site-packages/airflow/example_dags/example_display_name.py
[2026-04-26T23:25:34.968+0000] {logging_mixin.py:188} INFO - [2026-04-26T23:25:34.968+0000] {dag.py:3096} INFO - Sync 1 DAGs
[2026-04-26T23:25:34.975+0000] {logging_mixin.py:188} INFO - [2026-04-26T23:25:34.975+0000] {dag.py:3954} INFO - Setting next_dagrun for example_display_name to None, run_after=None
[2026-04-26T23:25:34.984+0000] {processor.py:183} INFO - Processing /home/airflow/.local/lib/python3.12/site-packages/airflow/example_dags/example_display_name.py took 0.037 seconds
[2026-04-26T23:26:05.687+0000] {processor.py:161} INFO - Started process (PID=2133) to work on /home/airflow/.local/lib/python3.12/site-packages/airflow/example_dags/example_display_name.py
[2026-04-26T23:26:05.688+0000] {processor.py:830} INFO - Processing file /home/airflow/.local/lib/python3.12/site-packages/airflow/example_dags/example_display_name.py for tasks to queue
[2026-04-26T23:26:05.689+0000] {logging_mixin.py:188} INFO - [2026-04-26T23:26:05.689+0000] {dagbag.py:545} INFO - Filling up the DagBag from /home/airflow/.local/lib/python3.12/site-packages/airflow/example_dags/example_display_name.py
[2026-04-26T23:26:05.693+0000] {processor.py:840} INFO - DAG(s) 'example_display_name' retrieved from /home/airflow/.local/lib/python3.12/site-packages/airflow/example_dags/example_display_name.py
[2026-04-26T23:26:05.704+0000] {logging_mixin.py:188} INFO - [2026-04-26T23:26:05.704+0000] {dag.py:3096} INFO - Sync 1 DAGs
[2026-04-26T23:26:05.711+0000] {logging_mixin.py:188} INFO - [2026-04-26T23:26:05.711+0000] {dag.py:3954} INFO - Setting next_dagrun for example_display_name to None, run_after=None
[2026-04-26T23:26:05.723+0000] {processor.py:183} INFO - Processing /home/airflow/.local/lib/python3.12/site-packages/airflow/example_dags/example_display_name.py took 0.039 seconds
[2026-04-26T23:26:36.445+0000] {processor.py:161} INFO - Started process (PID=2192) to work on /home/airflow/.local/lib/python3.12/site-packages/airflow/example_dags/example_display_name.py
[2026-04-26T23:26:36.445+0000] {processor.py:830} INFO - Processing file /home/airflow/.local/lib/python3.12/site-packages/airflow/example_dags/example_display_name.py for tasks to queue
[2026-04-26T23:26:36.447+0000] {logging_mixin.py:188} INFO - [2026-04-26T23:26:36.446+0000] {dagbag.py:545} INFO - Filling up the DagBag from /home/airflow/.local/lib/python3.12/site-packages/airflow/example_dags/example_display_name.py
[2026-04-26T23:26:36.450+0000] {processor.py:840} INFO - DAG(s) 'example_display_name' retrieved from /home/airflow/.local/lib/python3.12/site-packages/airflow/example_dags/example_display_name.py
[2026-04-26T23:26:36.462+0000] {logging_mixin.py:188} INFO - [2026-04-26T23:26:36.462+0000] {dag.py:3096} INFO - Sync 1 DAGs
[2026-04-26T23:26:36.469+0000] {logging_mixin.py:188} INFO - [2026-04-26T23:26:36.469+0000] {dag.py:3954} INFO - Setting next_dagrun for example_display_name to None, run_after=None
[2026-04-26T23:26:36.480+0000] {processor.py:183} INFO - Processing /home/airflow/.local/lib/python3.12/site-packages/airflow/example_dags/example_display_name.py took 0.039 seconds
[2026-04-26T23:27:07.256+0000] {processor.py:161} INFO - Started process (PID=2251) to work on /home/airflow/.local/lib/python3.12/site-packages/airflow/example_dags/example_display_name.py
[2026-04-26T23:27:07.257+0000] {processor.py:830} INFO - Processing file /home/airflow/.local/lib/python3.12/site-packages/airflow/example_dags/example_display_name.py for tasks to queue
[2026-04-26T23:27:07.258+0000] {logging_mixin.py:188} INFO - [2026-04-26T23:27:07.257+0000] {dagbag.py:545} INFO - Filling up the DagBag from /home/airflow/.local/lib/python3.12/site-packages/airflow/example_dags/example_display_name.py
[2026-04-26T23:27:07.261+0000] {processor.py:840} INFO - DAG(s) 'example_display_name' retrieved from /home/airflow/.local/lib/python3.12/site-packages/airflow/example_dags/example_display_name.py
[2026-04-26T23:27:07.272+0000] {logging_mixin.py:188} INFO - [2026-04-26T23:27:07.272+0000] {dag.py:3096} INFO - Sync 1 DAGs
[2026-04-26T23:27:07.279+0000] {logging_mixin.py:188} INFO - [2026-04-26T23:27:07.279+0000] {dag.py:3954} INFO - Setting next_dagrun for example_display_name to None, run_after=None
[2026-04-26T23:27:07.288+0000] {processor.py:183} INFO - Processing /home/airflow/.local/lib/python3.12/site-packages/airflow/example_dags/example_display_name.py took 0.036 seconds
[2026-04-26T23:27:37.986+0000] {processor.py:161} INFO - Started process (PID=2310) to work on /home/airflow/.local/lib/python3.12/site-packages/airflow/example_dags/example_display_name.py
[2026-04-26T23:27:37.986+0000] {processor.py:830} INFO - Processing file /home/airflow/.local/lib/python3.12/site-packages/airflow/example_dags/example_display_name.py for tasks to queue
[2026-04-26T23:27:37.987+0000] {logging_mixin.py:188} INFO - [2026-04-26T23:27:37.987+0000] {dagbag.py:545} INFO - Filling up the DagBag from /home/airflow/.local/lib/python3.12/site-packages/airflow/example_dags/example_display_name.py
[2026-04-26T23:27:37.991+0000] {processor.py:840} INFO - DAG(s) 'example_display_name' retrieved from /home/airflow/.local/lib/python3.12/site-packages/airflow/example_dags/example_display_name.py
[2026-04-26T23:27:38.002+0000] {logging_mixin.py:188} INFO - [2026-04-26T23:27:38.002+0000] {dag.py:3096} INFO - Sync 1 DAGs
[2026-04-26T23:27:38.009+0000] {logging_mixin.py:188} INFO - [2026-04-26T23:27:38.009+0000] {dag.py:3954} INFO - Setting next_dagrun for example_display_name to None, run_after=None
[2026-04-26T23:27:38.020+0000] {processor.py:183} INFO - Processing /home/airflow/.local/lib/python3.12/site-packages/airflow/example_dags/example_display_name.py took 0.037 seconds
[2026-04-26T23:28:08.725+0000] {processor.py:161} INFO - Started process (PID=2369) to work on /home/airflow/.local/lib/python3.12/site-packages/airflow/example_dags/example_display_name.py
[2026-04-26T23:28:08.726+0000] {processor.py:830} INFO - Processing file /home/airflow/.local/lib/python3.12/site-packages/airflow/example_dags/example_display_name.py for tasks to queue
[2026-04-26T23:28:08.727+0000] {logging_mixin.py:188} INFO - [2026-04-26T23:28:08.727+0000] {dagbag.py:545} INFO - Filling up the DagBag from /home/airflow/.local/lib/python3.12/site-packages/airflow/example_dags/example_display_name.py
[2026-04-26T23:28:08.731+0000] {processor.py:840} INFO - DAG(s) 'example_display_name' retrieved from /home/airflow/.local/lib/python3.12/site-packages/airflow/example_dags/example_display_name.py
[2026-04-26T23:28:08.742+0000] {logging_mixin.py:188} INFO - [2026-04-26T23:28:08.742+0000] {dag.py:3096} INFO - Sync 1 DAGs
[2026-04-26T23:28:08.750+0000] {logging_mixin.py:188} INFO - [2026-04-26T23:28:08.750+0000] {dag.py:3954} INFO - Setting next_dagrun for example_display_name to None, run_after=None
[2026-04-26T23:28:08.760+0000] {processor.py:183} INFO - Processing /home/airflow/.local/lib/python3.12/site-packages/airflow/example_dags/example_display_name.py took 0.038 seconds
[2026-04-26T23:28:39.478+0000] {processor.py:161} INFO - Started process (PID=2428) to work on /home/airflow/.local/lib/python3.12/site-packages/airflow/example_dags/example_display_name.py
[2026-04-26T23:28:39.479+0000] {processor.py:830} INFO - Processing file /home/airflow/.local/lib/python3.12/site-packages/airflow/example_dags/example_display_name.py for tasks to queue
[2026-04-26T23:28:39.480+0000] {logging_mixin.py:188} INFO - [2026-04-26T23:28:39.480+0000] {dagbag.py:545} INFO - Filling up the DagBag from /home/airflow/.local/lib/python3.12/site-packages/airflow/example_dags/example_display_name.py
[2026-04-26T23:28:39.483+0000] {processor.py:840} INFO - DAG(s) 'example_display_name' retrieved from /home/airflow/.local/lib/python3.12/site-packages/airflow/example_dags/example_display_name.py
[2026-04-26T23:28:39.494+0000] {logging_mixin.py:188} INFO - [2026-04-26T23:28:39.494+0000] {dag.py:3096} INFO - Sync 1 DAGs
[2026-04-26T23:28:39.501+0000] {logging_mixin.py:188} INFO - [2026-04-26T23:28:39.501+0000] {dag.py:3954} INFO - Setting next_dagrun for example_display_name to None, run_after=None
[2026-04-26T23:28:39.511+0000] {processor.py:183} INFO - Processing /home/airflow/.local/lib/python3.12/site-packages/airflow/example_dags/example_display_name.py took 0.037 seconds
[2026-04-26T23:29:09.713+0000] {processor.py:161} INFO - Started process (PID=2487) to work on /home/airflow/.local/lib/python3.12/site-packages/airflow/example_dags/example_display_name.py
[2026-04-26T23:29:09.714+0000] {processor.py:830} INFO - Processing file /home/airflow/.local/lib/python3.12/site-packages/airflow/example_dags/example_display_name.py for tasks to queue
[2026-04-26T23:29:09.715+0000] {logging_mixin.py:188} INFO - [2026-04-26T23:29:09.715+0000] {dagbag.py:545} INFO - Filling up the DagBag from /home/airflow/.local/lib/python3.12/site-packages/airflow/example_dags/example_display_name.py
[2026-04-26T23:29:09.719+0000] {processor.py:840} INFO - DAG(s) 'example_display_name' retrieved from /home/airflow/.local/lib/python3.12/site-packages/airflow/example_dags/example_display_name.py
[2026-04-26T23:29:09.728+0000] {logging_mixin.py:188} INFO - [2026-04-26T23:29:09.728+0000] {dag.py:3096} INFO - Sync 1 DAGs
[2026-04-26T23:29:09.735+0000] {logging_mixin.py:188} INFO - [2026-04-26T23:29:09.735+0000] {dag.py:3954} INFO - Setting next_dagrun for example_display_name to None, run_after=None
[2026-04-26T23:29:09.743+0000] {processor.py:183} INFO - Processing /home/airflow/.local/lib/python3.12/site-packages/airflow/example_dags/example_display_name.py took 0.033 seconds
[2026-04-26T23:29:40.526+0000] {processor.py:161} INFO - Started process (PID=2546) to work on /home/airflow/.local/lib/python3.12/site-packages/airflow/example_dags/example_display_name.py
[2026-04-26T23:29:40.527+0000] {processor.py:830} INFO - Processing file /home/airflow/.local/lib/python3.12/site-packages/airflow/example_dags/example_display_name.py for tasks to queue
[2026-04-26T23:29:40.528+0000] {logging_mixin.py:188} INFO - [2026-04-26T23:29:40.528+0000] {dagbag.py:545} INFO - Filling up the DagBag from /home/airflow/.local/lib/python3.12/site-packages/airflow/example_dags/example_display_name.py
[2026-04-26T23:29:40.532+0000] {processor.py:840} INFO - DAG(s) 'example_display_name' retrieved from /home/airflow/.local/lib/python3.12/site-packages/airflow/example_dags/example_display_name.py
[2026-04-26T23:29:40.543+0000] {logging_mixin.py:188} INFO - [2026-04-26T23:29:40.543+0000] {dag.py:3096} INFO - Sync 1 DAGs
[2026-04-26T23:29:40.551+0000] {logging_mixin.py:188} INFO - [2026-04-26T23:29:40.551+0000] {dag.py:3954} INFO - Setting next_dagrun for example_display_name to None, run_after=None
[2026-04-26T23:29:40.561+0000] {processor.py:183} INFO - Processing /home/airflow/.local/lib/python3.12/site-packages/airflow/example_dags/example_display_name.py took 0.038 seconds
[2026-04-26T23:30:11.321+0000] {processor.py:161} INFO - Started process (PID=2605) to work on /home/airflow/.local/lib/python3.12/site-packages/airflow/example_dags/example_display_name.py
[2026-04-26T23:30:11.322+0000] {processor.py:830} INFO - Processing file /home/airflow/.local/lib/python3.12/site-packages/airflow/example_dags/example_display_name.py for tasks to queue
[2026-04-26T23:30:11.323+0000] {logging_mixin.py:188} INFO - [2026-04-26T23:30:11.323+0000] {dagbag.py:545} INFO - Filling up the DagBag from /home/airflow/.local/lib/python3.12/site-packages/airflow/example_dags/example_display_name.py
[2026-04-26T23:30:11.327+0000] {processor.py:840} INFO - DAG(s) 'example_display_name' retrieved from /home/airflow/.local/lib/python3.12/site-packages/airflow/example_dags/example_display_name.py
[2026-04-26T23:30:11.337+0000] {logging_mixin.py:188} INFO - [2026-04-26T23:30:11.337+0000] {dag.py:3096} INFO - Sync 1 DAGs
[2026-04-26T23:30:11.344+0000] {logging_mixin.py:188} INFO - [2026-04-26T23:30:11.344+0000] {dag.py:3954} INFO - Setting next_dagrun for example_display_name to None, run_after=None
[2026-04-26T23:30:11.353+0000] {processor.py:183} INFO - Processing /home/airflow/.local/lib/python3.12/site-packages/airflow/example_dags/example_display_name.py took 0.036 seconds
[2026-04-26T23:30:42.025+0000] {processor.py:161} INFO - Started process (PID=2664) to work on /home/airflow/.local/lib/python3.12/site-packages/airflow/example_dags/example_display_name.py
[2026-04-26T23:30:42.026+0000] {processor.py:830} INFO - Processing file /home/airflow/.local/lib/python3.12/site-packages/airflow/example_dags/example_display_name.py for tasks to queue
[2026-04-26T23:30:42.027+0000] {logging_mixin.py:188} INFO - [2026-04-26T23:30:42.026+0000] {dagbag.py:545} INFO - Filling up the DagBag from /home/airflow/.local/lib/python3.12/site-packages/airflow/example_dags/example_display_name.py
[2026-04-26T23:30:42.030+0000] {processor.py:840} INFO - DAG(s) 'example_display_name' retrieved from /home/airflow/.local/lib/python3.12/site-packages/airflow/example_dags/example_display_name.py
[2026-04-26T23:30:42.041+0000] {logging_mixin.py:188} INFO - [2026-04-26T23:30:42.041+0000] {dag.py:3096} INFO - Sync 1 DAGs
[2026-04-26T23:30:42.048+0000] {logging_mixin.py:188} INFO - [2026-04-26T23:30:42.048+0000] {dag.py:3954} INFO - Setting next_dagrun for example_display_name to None, run_after=None
[2026-04-26T23:30:42.059+0000] {processor.py:183} INFO - Processing /home/airflow/.local/lib/python3.12/site-packages/airflow/example_dags/example_display_name.py took 0.038 seconds
[2026-04-26T23:31:12.791+0000] {processor.py:161} INFO - Started process (PID=2723) to work on /home/airflow/.local/lib/python3.12/site-packages/airflow/example_dags/example_display_name.py
[2026-04-26T23:31:12.792+0000] {processor.py:830} INFO - Processing file /home/airflow/.local/lib/python3.12/site-packages/airflow/example_dags/example_display_name.py for tasks to queue
[2026-04-26T23:31:12.793+0000] {logging_mixin.py:188} INFO - [2026-04-26T23:31:12.793+0000] {dagbag.py:545} INFO - Filling up the DagBag from /home/airflow/.local/lib/python3.12/site-packages/airflow/example_dags/example_display_name.py
[2026-04-26T23:31:12.797+0000] {processor.py:840} INFO - DAG(s) 'example_display_name' retrieved from /home/airflow/.local/lib/python3.12/site-packages/airflow/example_dags/example_display_name.py
[2026-04-26T23:31:12.808+0000] {logging_mixin.py:188} INFO - [2026-04-26T23:31:12.808+0000] {dag.py:3096} INFO - Sync 1 DAGs
[2026-04-26T23:31:12.815+0000] {logging_mixin.py:188} INFO - [2026-04-26T23:31:12.815+0000] {dag.py:3954} INFO - Setting next_dagrun for example_display_name to None, run_after=None
[2026-04-26T23:31:12.826+0000] {processor.py:183} INFO - Processing /home/airflow/.local/lib/python3.12/site-packages/airflow/example_dags/example_display_name.py took 0.038 seconds
[2026-04-26T23:31:43.533+0000] {processor.py:161} INFO - Started process (PID=2782) to work on /home/airflow/.local/lib/python3.12/site-packages/airflow/example_dags/example_display_name.py
[2026-04-26T23:31:43.534+0000] {processor.py:830} INFO - Processing file /home/airflow/.local/lib/python3.12/site-packages/airflow/example_dags/example_display_name.py for tasks to queue
[2026-04-26T23:31:43.535+0000] {logging_mixin.py:188} INFO - [2026-04-26T23:31:43.535+0000] {dagbag.py:545} INFO - Filling up the DagBag from /home/airflow/.local/lib/python3.12/site-packages/airflow/example_dags/example_display_name.py
[2026-04-26T23:31:43.539+0000] {processor.py:840} INFO - DAG(s) 'example_display_name' retrieved from /home/airflow/.local/lib/python3.12/site-packages/airflow/example_dags/example_display_name.py
[2026-04-26T23:31:43.551+0000] {logging_mixin.py:188} INFO - [2026-04-26T23:31:43.551+0000] {dag.py:3096} INFO - Sync 1 DAGs
[2026-04-26T23:31:43.558+0000] {logging_mixin.py:188} INFO - [2026-04-26T23:31:43.558+0000] {dag.py:3954} INFO - Setting next_dagrun for example_display_name to None, run_after=None
[2026-04-26T23:31:43.567+0000] {processor.py:183} INFO - Processing /home/airflow/.local/lib/python3.12/site-packages/airflow/example_dags/example_display_name.py took 0.038 seconds
[2026-04-26T23:32:14.434+0000] {processor.py:161} INFO - Started process (PID=2841) to work on /home/airflow/.local/lib/python3.12/site-packages/airflow/example_dags/example_display_name.py
[2026-04-26T23:32:14.435+0000] {processor.py:830} INFO - Processing file /home/airflow/.local/lib/python3.12/site-packages/airflow/example_dags/example_display_name.py for tasks to queue
[2026-04-26T23:32:14.437+0000] {logging_mixin.py:188} INFO - [2026-04-26T23:32:14.436+0000] {dagbag.py:545} INFO - Filling up the DagBag from /home/airflow/.local/lib/python3.12/site-packages/airflow/example_dags/example_display_name.py
[2026-04-26T23:32:14.441+0000] {processor.py:840} INFO - DAG(s) 'example_display_name' retrieved from /home/airflow/.local/lib/python3.12/site-packages/airflow/example_dags/example_display_name.py
[2026-04-26T23:32:14.454+0000] {logging_mixin.py:188} INFO - [2026-04-26T23:32:14.454+0000] {dag.py:3096} INFO - Sync 1 DAGs
[2026-04-26T23:32:14.464+0000] {logging_mixin.py:188} INFO - [2026-04-26T23:32:14.464+0000] {dag.py:3954} INFO - Setting next_dagrun for example_display_name to None, run_after=None
[2026-04-26T23:32:14.477+0000] {processor.py:183} INFO - Processing /home/airflow/.local/lib/python3.12/site-packages/airflow/example_dags/example_display_name.py took 0.047 seconds
[2026-04-26T23:32:44.720+0000] {processor.py:161} INFO - Started process (PID=2900) to work on /home/airflow/.local/lib/python3.12/site-packages/airflow/example_dags/example_display_name.py
[2026-04-26T23:32:44.721+0000] {processor.py:830} INFO - Processing file /home/airflow/.local/lib/python3.12/site-packages/airflow/example_dags/example_display_name.py for tasks to queue
[2026-04-26T23:32:44.722+0000] {logging_mixin.py:188} INFO - [2026-04-26T23:32:44.722+0000] {dagbag.py:545} INFO - Filling up the DagBag from /home/airflow/.local/lib/python3.12/site-packages/airflow/example_dags/example_display_name.py
[2026-04-26T23:32:44.726+0000] {processor.py:840} INFO - DAG(s) 'example_display_name' retrieved from /home/airflow/.local/lib/python3.12/site-packages/airflow/example_dags/example_display_name.py
[2026-04-26T23:32:44.740+0000] {logging_mixin.py:188} INFO - [2026-04-26T23:32:44.740+0000] {dag.py:3096} INFO - Sync 1 DAGs
[2026-04-26T23:32:44.749+0000] {logging_mixin.py:188} INFO - [2026-04-26T23:32:44.749+0000] {dag.py:3954} INFO - Setting next_dagrun for example_display_name to None, run_after=None
[2026-04-26T23:32:44.762+0000] {processor.py:183} INFO - Processing /home/airflow/.local/lib/python3.12/site-packages/airflow/example_dags/example_display_name.py took 0.047 seconds
[2026-04-26T23:33:14.789+0000] {processor.py:161} INFO - Started process (PID=2959) to work on /home/airflow/.local/lib/python3.12/site-packages/airflow/example_dags/example_display_name.py
[2026-04-26T23:33:14.789+0000] {processor.py:830} INFO - Processing file /home/airflow/.local/lib/python3.12/site-packages/airflow/example_dags/example_display_name.py for tasks to queue
[2026-04-26T23:33:14.790+0000] {logging_mixin.py:188} INFO - [2026-04-26T23:33:14.790+0000] {dagbag.py:545} INFO - Filling up the DagBag from /home/airflow/.local/lib/python3.12/site-packages/airflow/example_dags/example_display_name.py
[2026-04-26T23:33:14.794+0000] {processor.py:840} INFO - DAG(s) 'example_display_name' retrieved from /home/airflow/.local/lib/python3.12/site-packages/airflow/example_dags/example_display_name.py
[2026-04-26T23:33:14.805+0000] {logging_mixin.py:188} INFO - [2026-04-26T23:33:14.805+0000] {dag.py:3096} INFO - Sync 1 DAGs
[2026-04-26T23:33:14.811+0000] {logging_mixin.py:188} INFO - [2026-04-26T23:33:14.811+0000] {dag.py:3954} INFO - Setting next_dagrun for example_display_name to None, run_after=None
[2026-04-26T23:33:14.819+0000] {processor.py:183} INFO - Processing /home/airflow/.local/lib/python3.12/site-packages/airflow/example_dags/example_display_name.py took 0.034 seconds
[2026-04-26T23:33:45.715+0000] {processor.py:161} INFO - Started process (PID=3022) to work on /home/airflow/.local/lib/python3.12/site-packages/airflow/example_dags/example_display_name.py
[2026-04-26T23:33:45.715+0000] {processor.py:830} INFO - Processing file /home/airflow/.local/lib/python3.12/site-packages/airflow/example_dags/example_display_name.py for tasks to queue
[2026-04-26T23:33:45.717+0000] {logging_mixin.py:188} INFO - [2026-04-26T23:33:45.716+0000] {dagbag.py:545} INFO - Filling up the DagBag from /home/airflow/.local/lib/python3.12/site-packages/airflow/example_dags/example_display_name.py
[2026-04-26T23:33:45.720+0000] {processor.py:840} INFO - DAG(s) 'example_display_name' retrieved from /home/airflow/.local/lib/python3.12/site-packages/airflow/example_dags/example_display_name.py
[2026-04-26T23:33:45.731+0000] {logging_mixin.py:188} INFO - [2026-04-26T23:33:45.731+0000] {dag.py:3096} INFO - Sync 1 DAGs
[2026-04-26T23:33:45.739+0000] {logging_mixin.py:188} INFO - [2026-04-26T23:33:45.739+0000] {dag.py:3954} INFO - Setting next_dagrun for example_display_name to None, run_after=None
[2026-04-26T23:33:45.749+0000] {processor.py:183} INFO - Processing /home/airflow/.local/lib/python3.12/site-packages/airflow/example_dags/example_display_name.py took 0.038 seconds
[2026-04-26T23:34:15.825+0000] {processor.py:161} INFO - Started process (PID=3081) to work on /home/airflow/.local/lib/python3.12/site-packages/airflow/example_dags/example_display_name.py
[2026-04-26T23:34:15.826+0000] {processor.py:830} INFO - Processing file /home/airflow/.local/lib/python3.12/site-packages/airflow/example_dags/example_display_name.py for tasks to queue
[2026-04-26T23:34:15.827+0000] {logging_mixin.py:188} INFO - [2026-04-26T23:34:15.826+0000] {dagbag.py:545} INFO - Filling up the DagBag from /home/airflow/.local/lib/python3.12/site-packages/airflow/example_dags/example_display_name.py
[2026-04-26T23:34:15.830+0000] {processor.py:840} INFO - DAG(s) 'example_display_name' retrieved from /home/airflow/.local/lib/python3.12/site-packages/airflow/example_dags/example_display_name.py
[2026-04-26T23:34:15.841+0000] {logging_mixin.py:188} INFO - [2026-04-26T23:34:15.841+0000] {dag.py:3096} INFO - Sync 1 DAGs
[2026-04-26T23:34:15.849+0000] {logging_mixin.py:188} INFO - [2026-04-26T23:34:15.849+0000] {dag.py:3954} INFO - Setting next_dagrun for example_display_name to None, run_after=None
[2026-04-26T23:34:15.860+0000] {processor.py:183} INFO - Processing /home/airflow/.local/lib/python3.12/site-packages/airflow/example_dags/example_display_name.py took 0.038 seconds
[2026-04-26T23:34:46.073+0000] {processor.py:161} INFO - Started process (PID=3140) to work on /home/airflow/.local/lib/python3.12/site-packages/airflow/example_dags/example_display_name.py
[2026-04-26T23:34:46.073+0000] {processor.py:830} INFO - Processing file /home/airflow/.local/lib/python3.12/site-packages/airflow/example_dags/example_display_name.py for tasks to queue
[2026-04-26T23:34:46.075+0000] {logging_mixin.py:188} INFO - [2026-04-26T23:34:46.075+0000] {dagbag.py:545} INFO - Filling up the DagBag from /home/airflow/.local/lib/python3.12/site-packages/airflow/example_dags/example_display_name.py
[2026-04-26T23:34:46.078+0000] {processor.py:840} INFO - DAG(s) 'example_display_name' retrieved from /home/airflow/.local/lib/python3.12/site-packages/airflow/example_dags/example_display_name.py
[2026-04-26T23:34:46.090+0000] {logging_mixin.py:188} INFO - [2026-04-26T23:34:46.090+0000] {dag.py:3096} INFO - Sync 1 DAGs
[2026-04-26T23:34:46.099+0000] {logging_mixin.py:188} INFO - [2026-04-26T23:34:46.098+0000] {dag.py:3954} INFO - Setting next_dagrun for example_display_name to None, run_after=None
[2026-04-26T23:34:46.108+0000] {processor.py:183} INFO - Processing /home/airflow/.local/lib/python3.12/site-packages/airflow/example_dags/example_display_name.py took 0.039 seconds
[2026-04-26T23:35:16.676+0000] {processor.py:161} INFO - Started process (PID=3199) to work on /home/airflow/.local/lib/python3.12/site-packages/airflow/example_dags/example_display_name.py
[2026-04-26T23:35:16.676+0000] {processor.py:830} INFO - Processing file /home/airflow/.local/lib/python3.12/site-packages/airflow/example_dags/example_display_name.py for tasks to queue
[2026-04-26T23:35:16.678+0000] {logging_mixin.py:188} INFO - [2026-04-26T23:35:16.677+0000] {dagbag.py:545} INFO - Filling up the DagBag from /home/airflow/.local/lib/python3.12/site-packages/airflow/example_dags/example_display_name.py
[2026-04-26T23:35:16.681+0000] {processor.py:840} INFO - DAG(s) 'example_display_name' retrieved from /home/airflow/.local/lib/python3.12/site-packages/airflow/example_dags/example_display_name.py
[2026-04-26T23:35:16.691+0000] {logging_mixin.py:188} INFO - [2026-04-26T23:35:16.691+0000] {dag.py:3096} INFO - Sync 1 DAGs
[2026-04-26T23:35:16.698+0000] {logging_mixin.py:188} INFO - [2026-04-26T23:35:16.698+0000] {dag.py:3954} INFO - Setting next_dagrun for example_display_name to None, run_after=None
[2026-04-26T23:35:16.708+0000] {processor.py:183} INFO - Processing /home/airflow/.local/lib/python3.12/site-packages/airflow/example_dags/example_display_name.py took 0.036 seconds
[2026-04-26T23:35:47.397+0000] {processor.py:161} INFO - Started process (PID=3258) to work on /home/airflow/.local/lib/python3.12/site-packages/airflow/example_dags/example_display_name.py
[2026-04-26T23:35:47.397+0000] {processor.py:830} INFO - Processing file /home/airflow/.local/lib/python3.12/site-packages/airflow/example_dags/example_display_name.py for tasks to queue
[2026-04-26T23:35:47.398+0000] {logging_mixin.py:188} INFO - [2026-04-26T23:35:47.398+0000] {dagbag.py:545} INFO - Filling up the DagBag from /home/airflow/.local/lib/python3.12/site-packages/airflow/example_dags/example_display_name.py
[2026-04-26T23:35:47.402+0000] {processor.py:840} INFO - DAG(s) 'example_display_name' retrieved from /home/airflow/.local/lib/python3.12/site-packages/airflow/example_dags/example_display_name.py
[2026-04-26T23:35:47.413+0000] {logging_mixin.py:188} INFO - [2026-04-26T23:35:47.413+0000] {dag.py:3096} INFO - Sync 1 DAGs
[2026-04-26T23:35:47.420+0000] {logging_mixin.py:188} INFO - [2026-04-26T23:35:47.420+0000] {dag.py:3954} INFO - Setting next_dagrun for example_display_name to None, run_after=None
[2026-04-26T23:35:47.430+0000] {processor.py:183} INFO - Processing /home/airflow/.local/lib/python3.12/site-packages/airflow/example_dags/example_display_name.py took 0.037 seconds
[2026-04-26T23:36:18.187+0000] {processor.py:161} INFO - Started process (PID=3317) to work on /home/airflow/.local/lib/python3.12/site-packages/airflow/example_dags/example_display_name.py
[2026-04-26T23:36:18.188+0000] {processor.py:830} INFO - Processing file /home/airflow/.local/lib/python3.12/site-packages/airflow/example_dags/example_display_name.py for tasks to queue
[2026-04-26T23:36:18.189+0000] {logging_mixin.py:188} INFO - [2026-04-26T23:36:18.189+0000] {dagbag.py:545} INFO - Filling up the DagBag from /home/airflow/.local/lib/python3.12/site-packages/airflow/example_dags/example_display_name.py
[2026-04-26T23:36:18.193+0000] {processor.py:840} INFO - DAG(s) 'example_display_name' retrieved from /home/airflow/.local/lib/python3.12/site-packages/airflow/example_dags/example_display_name.py
[2026-04-26T23:36:18.207+0000] {logging_mixin.py:188} INFO - [2026-04-26T23:36:18.207+0000] {dag.py:3096} INFO - Sync 1 DAGs
[2026-04-26T23:36:18.216+0000] {logging_mixin.py:188} INFO - [2026-04-26T23:36:18.216+0000] {dag.py:3954} INFO - Setting next_dagrun for example_display_name to None, run_after=None
[2026-04-26T23:36:18.227+0000] {processor.py:183} INFO - Processing /home/airflow/.local/lib/python3.12/site-packages/airflow/example_dags/example_display_name.py took 0.043 seconds
[2026-04-26T23:36:48.794+0000] {processor.py:161} INFO - Started process (PID=3376) to work on /home/airflow/.local/lib/python3.12/site-packages/airflow/example_dags/example_display_name.py
[2026-04-26T23:36:48.795+0000] {processor.py:830} INFO - Processing file /home/airflow/.local/lib/python3.12/site-packages/airflow/example_dags/example_display_name.py for tasks to queue
[2026-04-26T23:36:48.796+0000] {logging_mixin.py:188} INFO - [2026-04-26T23:36:48.795+0000] {dagbag.py:545} INFO - Filling up the DagBag from /home/airflow/.local/lib/python3.12/site-packages/airflow/example_dags/example_display_name.py
[2026-04-26T23:36:48.799+0000] {processor.py:840} INFO - DAG(s) 'example_display_name' retrieved from /home/airflow/.local/lib/python3.12/site-packages/airflow/example_dags/example_display_name.py
[2026-04-26T23:36:48.810+0000] {logging_mixin.py:188} INFO - [2026-04-26T23:36:48.810+0000] {dag.py:3096} INFO - Sync 1 DAGs
[2026-04-26T23:36:48.817+0000] {logging_mixin.py:188} INFO - [2026-04-26T23:36:48.817+0000] {dag.py:3954} INFO - Setting next_dagrun for example_display_name to None, run_after=None
[2026-04-26T23:36:48.827+0000] {processor.py:183} INFO - Processing /home/airflow/.local/lib/python3.12/site-packages/airflow/example_dags/example_display_name.py took 0.037 seconds
[2026-04-26T23:37:19.574+0000] {processor.py:161} INFO - Started process (PID=3435) to work on /home/airflow/.local/lib/python3.12/site-packages/airflow/example_dags/example_display_name.py
[2026-04-26T23:37:19.575+0000] {processor.py:830} INFO - Processing file /home/airflow/.local/lib/python3.12/site-packages/airflow/example_dags/example_display_name.py for tasks to queue
[2026-04-26T23:37:19.576+0000] {logging_mixin.py:188} INFO - [2026-04-26T23:37:19.576+0000] {dagbag.py:545} INFO - Filling up the DagBag from /home/airflow/.local/lib/python3.12/site-packages/airflow/example_dags/example_display_name.py
[2026-04-26T23:37:19.580+0000] {processor.py:840} INFO - DAG(s) 'example_display_name' retrieved from /home/airflow/.local/lib/python3.12/site-packages/airflow/example_dags/example_display_name.py
[2026-04-26T23:37:19.592+0000] {logging_mixin.py:188} INFO - [2026-04-26T23:37:19.592+0000] {dag.py:3096} INFO - Sync 1 DAGs
[2026-04-26T23:37:19.599+0000] {logging_mixin.py:188} INFO - [2026-04-26T23:37:19.599+0000] {dag.py:3954} INFO - Setting next_dagrun for example_display_name to None, run_after=None
[2026-04-26T23:37:19.610+0000] {processor.py:183} INFO - Processing /home/airflow/.local/lib/python3.12/site-packages/airflow/example_dags/example_display_name.py took 0.039 seconds
[2026-04-26T23:37:50.344+0000] {processor.py:161} INFO - Started process (PID=3494) to work on /home/airflow/.local/lib/python3.12/site-packages/airflow/example_dags/example_display_name.py
[2026-04-26T23:37:50.344+0000] {processor.py:830} INFO - Processing file /home/airflow/.local/lib/python3.12/site-packages/airflow/example_dags/example_display_name.py for tasks to queue
[2026-04-26T23:37:50.345+0000] {logging_mixin.py:188} INFO - [2026-04-26T23:37:50.345+0000] {dagbag.py:545} INFO - Filling up the DagBag from /home/airflow/.local/lib/python3.12/site-packages/airflow/example_dags/example_display_name.py
[2026-04-26T23:37:50.348+0000] {processor.py:840} INFO - DAG(s) 'example_display_name' retrieved from /home/airflow/.local/lib/python3.12/site-packages/airflow/example_dags/example_display_name.py
[2026-04-26T23:37:50.359+0000] {logging_mixin.py:188} INFO - [2026-04-26T23:37:50.359+0000] {dag.py:3096} INFO - Sync 1 DAGs
[2026-04-26T23:37:50.367+0000] {logging_mixin.py:188} INFO - [2026-04-26T23:37:50.366+0000] {dag.py:3954} INFO - Setting next_dagrun for example_display_name to None, run_after=None
[2026-04-26T23:37:50.376+0000] {processor.py:183} INFO - Processing /home/airflow/.local/lib/python3.12/site-packages/airflow/example_dags/example_display_name.py took 0.036 seconds
[2026-04-26T23:38:21.037+0000] {processor.py:161} INFO - Started process (PID=3559) to work on /home/airflow/.local/lib/python3.12/site-packages/airflow/example_dags/example_display_name.py
[2026-04-26T23:38:21.038+0000] {processor.py:830} INFO - Processing file /home/airflow/.local/lib/python3.12/site-packages/airflow/example_dags/example_display_name.py for tasks to queue
[2026-04-26T23:38:21.039+0000] {logging_mixin.py:188} INFO - [2026-04-26T23:38:21.039+0000] {dagbag.py:545} INFO - Filling up the DagBag from /home/airflow/.local/lib/python3.12/site-packages/airflow/example_dags/example_display_name.py
[2026-04-26T23:38:21.043+0000] {processor.py:840} INFO - DAG(s) 'example_display_name' retrieved from /home/airflow/.local/lib/python3.12/site-packages/airflow/example_dags/example_display_name.py
[2026-04-26T23:38:21.055+0000] {logging_mixin.py:188} INFO - [2026-04-26T23:38:21.055+0000] {dag.py:3096} INFO - Sync 1 DAGs
[2026-04-26T23:38:21.064+0000] {logging_mixin.py:188} INFO - [2026-04-26T23:38:21.064+0000] {dag.py:3954} INFO - Setting next_dagrun for example_display_name to None, run_after=None
[2026-04-26T23:38:21.075+0000] {processor.py:183} INFO - Processing /home/airflow/.local/lib/python3.12/site-packages/airflow/example_dags/example_display_name.py took 0.043 seconds
[2026-04-26T23:38:47.112+0000] {processor.py:161} INFO - Started process (PID=102) to work on /home/airflow/.local/lib/python3.12/site-packages/airflow/example_dags/example_display_name.py
[2026-04-26T23:38:47.113+0000] {processor.py:830} INFO - Processing file /home/airflow/.local/lib/python3.12/site-packages/airflow/example_dags/example_display_name.py for tasks to queue
[2026-04-26T23:38:47.114+0000] {logging_mixin.py:188} INFO - [2026-04-26T23:38:47.113+0000] {dagbag.py:545} INFO - Filling up the DagBag from /home/airflow/.local/lib/python3.12/site-packages/airflow/example_dags/example_display_name.py
[2026-04-26T23:38:47.117+0000] {processor.py:840} INFO - DAG(s) 'example_display_name' retrieved from /home/airflow/.local/lib/python3.12/site-packages/airflow/example_dags/example_display_name.py
[2026-04-26T23:38:47.123+0000] {logging_mixin.py:188} INFO - [2026-04-26T23:38:47.123+0000] {dag.py:3096} INFO - Sync 1 DAGs
[2026-04-26T23:38:47.131+0000] {logging_mixin.py:188} INFO - [2026-04-26T23:38:47.131+0000] {dag.py:3954} INFO - Setting next_dagrun for example_display_name to None, run_after=None
[2026-04-26T23:38:47.142+0000] {processor.py:183} INFO - Processing /home/airflow/.local/lib/python3.12/site-packages/airflow/example_dags/example_display_name.py took 0.033 seconds
[2026-04-26T23:39:18.354+0000] {processor.py:161} INFO - Started process (PID=161) to work on /home/airflow/.local/lib/python3.12/site-packages/airflow/example_dags/example_display_name.py
[2026-04-26T23:39:18.355+0000] {processor.py:830} INFO - Processing file /home/airflow/.local/lib/python3.12/site-packages/airflow/example_dags/example_display_name.py for tasks to queue
[2026-04-26T23:39:18.356+0000] {logging_mixin.py:188} INFO - [2026-04-26T23:39:18.356+0000] {dagbag.py:545} INFO - Filling up the DagBag from /home/airflow/.local/lib/python3.12/site-packages/airflow/example_dags/example_display_name.py
[2026-04-26T23:39:18.359+0000] {processor.py:840} INFO - DAG(s) 'example_display_name' retrieved from /home/airflow/.local/lib/python3.12/site-packages/airflow/example_dags/example_display_name.py
[2026-04-26T23:39:18.413+0000] {logging_mixin.py:188} INFO - [2026-04-26T23:39:18.413+0000] {dag.py:3096} INFO - Sync 1 DAGs
[2026-04-26T23:39:18.418+0000] {logging_mixin.py:188} INFO - [2026-04-26T23:39:18.418+0000] {dag.py:3954} INFO - Setting next_dagrun for example_display_name to None, run_after=None
[2026-04-26T23:39:18.433+0000] {processor.py:183} INFO - Processing /home/airflow/.local/lib/python3.12/site-packages/airflow/example_dags/example_display_name.py took 0.082 seconds
[2026-04-26T23:39:48.489+0000] {processor.py:161} INFO - Started process (PID=220) to work on /home/airflow/.local/lib/python3.12/site-packages/airflow/example_dags/example_display_name.py
[2026-04-26T23:39:48.489+0000] {processor.py:830} INFO - Processing file /home/airflow/.local/lib/python3.12/site-packages/airflow/example_dags/example_display_name.py for tasks to queue
[2026-04-26T23:39:48.490+0000] {logging_mixin.py:188} INFO - [2026-04-26T23:39:48.490+0000] {dagbag.py:545} INFO - Filling up the DagBag from /home/airflow/.local/lib/python3.12/site-packages/airflow/example_dags/example_display_name.py
[2026-04-26T23:39:48.493+0000] {processor.py:840} INFO - DAG(s) 'example_display_name' retrieved from /home/airflow/.local/lib/python3.12/site-packages/airflow/example_dags/example_display_name.py
[2026-04-26T23:39:48.504+0000] {logging_mixin.py:188} INFO - [2026-04-26T23:39:48.504+0000] {dag.py:3096} INFO - Sync 1 DAGs
[2026-04-26T23:39:48.512+0000] {logging_mixin.py:188} INFO - [2026-04-26T23:39:48.511+0000] {dag.py:3954} INFO - Setting next_dagrun for example_display_name to None, run_after=None
[2026-04-26T23:39:48.521+0000] {processor.py:183} INFO - Processing /home/airflow/.local/lib/python3.12/site-packages/airflow/example_dags/example_display_name.py took 0.036 seconds
[2026-04-26T23:40:19.387+0000] {processor.py:161} INFO - Started process (PID=279) to work on /home/airflow/.local/lib/python3.12/site-packages/airflow/example_dags/example_display_name.py
[2026-04-26T23:40:19.388+0000] {processor.py:830} INFO - Processing file /home/airflow/.local/lib/python3.12/site-packages/airflow/example_dags/example_display_name.py for tasks to queue
[2026-04-26T23:40:19.389+0000] {logging_mixin.py:188} INFO - [2026-04-26T23:40:19.389+0000] {dagbag.py:545} INFO - Filling up the DagBag from /home/airflow/.local/lib/python3.12/site-packages/airflow/example_dags/example_display_name.py
[2026-04-26T23:40:19.392+0000] {processor.py:840} INFO - DAG(s) 'example_display_name' retrieved from /home/airflow/.local/lib/python3.12/site-packages/airflow/example_dags/example_display_name.py
[2026-04-26T23:40:19.403+0000] {logging_mixin.py:188} INFO - [2026-04-26T23:40:19.403+0000] {dag.py:3096} INFO - Sync 1 DAGs
[2026-04-26T23:40:19.410+0000] {logging_mixin.py:188} INFO - [2026-04-26T23:40:19.410+0000] {dag.py:3954} INFO - Setting next_dagrun for example_display_name to None, run_after=None
[2026-04-26T23:40:19.420+0000] {processor.py:183} INFO - Processing /home/airflow/.local/lib/python3.12/site-packages/airflow/example_dags/example_display_name.py took 0.037 seconds
[2026-04-26T23:40:50.455+0000] {processor.py:161} INFO - Started process (PID=338) to work on /home/airflow/.local/lib/python3.12/site-packages/airflow/example_dags/example_display_name.py
[2026-04-26T23:40:50.455+0000] {processor.py:830} INFO - Processing file /home/airflow/.local/lib/python3.12/site-packages/airflow/example_dags/example_display_name.py for tasks to queue
[2026-04-26T23:40:50.456+0000] {logging_mixin.py:188} INFO - [2026-04-26T23:40:50.456+0000] {dagbag.py:545} INFO - Filling up the DagBag from /home/airflow/.local/lib/python3.12/site-packages/airflow/example_dags/example_display_name.py
[2026-04-26T23:40:50.459+0000] {processor.py:840} INFO - DAG(s) 'example_display_name' retrieved from /home/airflow/.local/lib/python3.12/site-packages/airflow/example_dags/example_display_name.py
[2026-04-26T23:40:50.470+0000] {logging_mixin.py:188} INFO - [2026-04-26T23:40:50.469+0000] {dag.py:3096} INFO - Sync 1 DAGs
[2026-04-26T23:40:50.476+0000] {logging_mixin.py:188} INFO - [2026-04-26T23:40:50.476+0000] {dag.py:3954} INFO - Setting next_dagrun for example_display_name to None, run_after=None
[2026-04-26T23:40:50.485+0000] {processor.py:183} INFO - Processing /home/airflow/.local/lib/python3.12/site-packages/airflow/example_dags/example_display_name.py took 0.033 seconds
[2026-04-26T23:41:21.362+0000] {processor.py:161} INFO - Started process (PID=397) to work on /home/airflow/.local/lib/python3.12/site-packages/airflow/example_dags/example_display_name.py
[2026-04-26T23:41:21.362+0000] {processor.py:830} INFO - Processing file /home/airflow/.local/lib/python3.12/site-packages/airflow/example_dags/example_display_name.py for tasks to queue
[2026-04-26T23:41:21.363+0000] {logging_mixin.py:188} INFO - [2026-04-26T23:41:21.363+0000] {dagbag.py:545} INFO - Filling up the DagBag from /home/airflow/.local/lib/python3.12/site-packages/airflow/example_dags/example_display_name.py
[2026-04-26T23:41:21.367+0000] {processor.py:840} INFO - DAG(s) 'example_display_name' retrieved from /home/airflow/.local/lib/python3.12/site-packages/airflow/example_dags/example_display_name.py
[2026-04-26T23:41:21.379+0000] {logging_mixin.py:188} INFO - [2026-04-26T23:41:21.379+0000] {dag.py:3096} INFO - Sync 1 DAGs
[2026-04-26T23:41:21.386+0000] {logging_mixin.py:188} INFO - [2026-04-26T23:41:21.386+0000] {dag.py:3954} INFO - Setting next_dagrun for example_display_name to None, run_after=None
[2026-04-26T23:41:21.396+0000] {processor.py:183} INFO - Processing /home/airflow/.local/lib/python3.12/site-packages/airflow/example_dags/example_display_name.py took 0.038 seconds
[2026-04-26T23:41:51.559+0000] {processor.py:161} INFO - Started process (PID=456) to work on /home/airflow/.local/lib/python3.12/site-packages/airflow/example_dags/example_display_name.py
[2026-04-26T23:41:51.559+0000] {processor.py:830} INFO - Processing file /home/airflow/.local/lib/python3.12/site-packages/airflow/example_dags/example_display_name.py for tasks to queue
[2026-04-26T23:41:51.560+0000] {logging_mixin.py:188} INFO - [2026-04-26T23:41:51.560+0000] {dagbag.py:545} INFO - Filling up the DagBag from /home/airflow/.local/lib/python3.12/site-packages/airflow/example_dags/example_display_name.py
[2026-04-26T23:41:51.564+0000] {processor.py:840} INFO - DAG(s) 'example_display_name' retrieved from /home/airflow/.local/lib/python3.12/site-packages/airflow/example_dags/example_display_name.py
[2026-04-26T23:41:51.575+0000] {logging_mixin.py:188} INFO - [2026-04-26T23:41:51.575+0000] {dag.py:3096} INFO - Sync 1 DAGs
[2026-04-26T23:41:51.582+0000] {logging_mixin.py:188} INFO - [2026-04-26T23:41:51.582+0000] {dag.py:3954} INFO - Setting next_dagrun for example_display_name to None, run_after=None
[2026-04-26T23:41:51.591+0000] {processor.py:183} INFO - Processing /home/airflow/.local/lib/python3.12/site-packages/airflow/example_dags/example_display_name.py took 0.036 seconds
[2026-04-26T23:42:21.704+0000] {processor.py:161} INFO - Started process (PID=515) to work on /home/airflow/.local/lib/python3.12/site-packages/airflow/example_dags/example_display_name.py
[2026-04-26T23:42:21.704+0000] {processor.py:830} INFO - Processing file /home/airflow/.local/lib/python3.12/site-packages/airflow/example_dags/example_display_name.py for tasks to queue
[2026-04-26T23:42:21.706+0000] {logging_mixin.py:188} INFO - [2026-04-26T23:42:21.705+0000] {dagbag.py:545} INFO - Filling up the DagBag from /home/airflow/.local/lib/python3.12/site-packages/airflow/example_dags/example_display_name.py
[2026-04-26T23:42:21.709+0000] {processor.py:840} INFO - DAG(s) 'example_display_name' retrieved from /home/airflow/.local/lib/python3.12/site-packages/airflow/example_dags/example_display_name.py
[2026-04-26T23:42:21.720+0000] {logging_mixin.py:188} INFO - [2026-04-26T23:42:21.720+0000] {dag.py:3096} INFO - Sync 1 DAGs
[2026-04-26T23:42:21.727+0000] {logging_mixin.py:188} INFO - [2026-04-26T23:42:21.727+0000] {dag.py:3954} INFO - Setting next_dagrun for example_display_name to None, run_after=None
[2026-04-26T23:42:21.737+0000] {processor.py:183} INFO - Processing /home/airflow/.local/lib/python3.12/site-packages/airflow/example_dags/example_display_name.py took 0.036 seconds
[2026-04-26T23:43:21.661+0000] {processor.py:161} INFO - Started process (PID=102) to work on /home/airflow/.local/lib/python3.12/site-packages/airflow/example_dags/example_display_name.py
[2026-04-26T23:43:21.662+0000] {processor.py:830} INFO - Processing file /home/airflow/.local/lib/python3.12/site-packages/airflow/example_dags/example_display_name.py for tasks to queue
[2026-04-26T23:43:21.663+0000] {logging_mixin.py:188} INFO - [2026-04-26T23:43:21.662+0000] {dagbag.py:545} INFO - Filling up the DagBag from /home/airflow/.local/lib/python3.12/site-packages/airflow/example_dags/example_display_name.py
[2026-04-26T23:43:21.666+0000] {processor.py:840} INFO - DAG(s) 'example_display_name' retrieved from /home/airflow/.local/lib/python3.12/site-packages/airflow/example_dags/example_display_name.py
[2026-04-26T23:43:21.673+0000] {logging_mixin.py:188} INFO - [2026-04-26T23:43:21.673+0000] {dag.py:3096} INFO - Sync 1 DAGs
[2026-04-26T23:43:21.680+0000] {logging_mixin.py:188} INFO - [2026-04-26T23:43:21.680+0000] {dag.py:3954} INFO - Setting next_dagrun for example_display_name to None, run_after=None
[2026-04-26T23:43:21.689+0000] {processor.py:183} INFO - Processing /home/airflow/.local/lib/python3.12/site-packages/airflow/example_dags/example_display_name.py took 0.031 seconds
[2026-04-26T23:43:53.364+0000] {processor.py:161} INFO - Started process (PID=161) to work on /home/airflow/.local/lib/python3.12/site-packages/airflow/example_dags/example_display_name.py
[2026-04-26T23:43:53.365+0000] {processor.py:830} INFO - Processing file /home/airflow/.local/lib/python3.12/site-packages/airflow/example_dags/example_display_name.py for tasks to queue
[2026-04-26T23:43:53.366+0000] {logging_mixin.py:188} INFO - [2026-04-26T23:43:53.366+0000] {dagbag.py:545} INFO - Filling up the DagBag from /home/airflow/.local/lib/python3.12/site-packages/airflow/example_dags/example_display_name.py
[2026-04-26T23:43:53.369+0000] {processor.py:840} INFO - DAG(s) 'example_display_name' retrieved from /home/airflow/.local/lib/python3.12/site-packages/airflow/example_dags/example_display_name.py
[2026-04-26T23:43:53.421+0000] {logging_mixin.py:188} INFO - [2026-04-26T23:43:53.421+0000] {dag.py:3096} INFO - Sync 1 DAGs
[2026-04-26T23:43:53.426+0000] {logging_mixin.py:188} INFO - [2026-04-26T23:43:53.426+0000] {dag.py:3954} INFO - Setting next_dagrun for example_display_name to None, run_after=None
[2026-04-26T23:43:53.462+0000] {processor.py:183} INFO - Processing /home/airflow/.local/lib/python3.12/site-packages/airflow/example_dags/example_display_name.py took 0.101 seconds
[2026-04-26T23:44:23.761+0000] {processor.py:161} INFO - Started process (PID=220) to work on /home/airflow/.local/lib/python3.12/site-packages/airflow/example_dags/example_display_name.py
[2026-04-26T23:44:23.762+0000] {processor.py:830} INFO - Processing file /home/airflow/.local/lib/python3.12/site-packages/airflow/example_dags/example_display_name.py for tasks to queue
[2026-04-26T23:44:23.763+0000] {logging_mixin.py:188} INFO - [2026-04-26T23:44:23.762+0000] {dagbag.py:545} INFO - Filling up the DagBag from /home/airflow/.local/lib/python3.12/site-packages/airflow/example_dags/example_display_name.py
[2026-04-26T23:44:23.766+0000] {processor.py:840} INFO - DAG(s) 'example_display_name' retrieved from /home/airflow/.local/lib/python3.12/site-packages/airflow/example_dags/example_display_name.py
[2026-04-26T23:44:23.777+0000] {logging_mixin.py:188} INFO - [2026-04-26T23:44:23.777+0000] {dag.py:3096} INFO - Sync 1 DAGs
[2026-04-26T23:44:23.783+0000] {logging_mixin.py:188} INFO - [2026-04-26T23:44:23.783+0000] {dag.py:3954} INFO - Setting next_dagrun for example_display_name to None, run_after=None
[2026-04-26T23:44:23.793+0000] {processor.py:183} INFO - Processing /home/airflow/.local/lib/python3.12/site-packages/airflow/example_dags/example_display_name.py took 0.035 seconds
[2026-04-26T23:44:53.924+0000] {processor.py:161} INFO - Started process (PID=279) to work on /home/airflow/.local/lib/python3.12/site-packages/airflow/example_dags/example_display_name.py
[2026-04-26T23:44:53.925+0000] {processor.py:830} INFO - Processing file /home/airflow/.local/lib/python3.12/site-packages/airflow/example_dags/example_display_name.py for tasks to queue
[2026-04-26T23:44:53.926+0000] {logging_mixin.py:188} INFO - [2026-04-26T23:44:53.926+0000] {dagbag.py:545} INFO - Filling up the DagBag from /home/airflow/.local/lib/python3.12/site-packages/airflow/example_dags/example_display_name.py
[2026-04-26T23:44:53.930+0000] {processor.py:840} INFO - DAG(s) 'example_display_name' retrieved from /home/airflow/.local/lib/python3.12/site-packages/airflow/example_dags/example_display_name.py
[2026-04-26T23:44:53.941+0000] {logging_mixin.py:188} INFO - [2026-04-26T23:44:53.941+0000] {dag.py:3096} INFO - Sync 1 DAGs
[2026-04-26T23:44:53.949+0000] {logging_mixin.py:188} INFO - [2026-04-26T23:44:53.948+0000] {dag.py:3954} INFO - Setting next_dagrun for example_display_name to None, run_after=None
[2026-04-26T23:44:53.958+0000] {processor.py:183} INFO - Processing /home/airflow/.local/lib/python3.12/site-packages/airflow/example_dags/example_display_name.py took 0.038 seconds
[2026-04-26T23:45:24.787+0000] {processor.py:161} INFO - Started process (PID=338) to work on /home/airflow/.local/lib/python3.12/site-packages/airflow/example_dags/example_display_name.py
[2026-04-26T23:45:24.787+0000] {processor.py:830} INFO - Processing file /home/airflow/.local/lib/python3.12/site-packages/airflow/example_dags/example_display_name.py for tasks to queue
[2026-04-26T23:45:24.788+0000] {logging_mixin.py:188} INFO - [2026-04-26T23:45:24.788+0000] {dagbag.py:545} INFO - Filling up the DagBag from /home/airflow/.local/lib/python3.12/site-packages/airflow/example_dags/example_display_name.py
[2026-04-26T23:45:24.792+0000] {processor.py:840} INFO - DAG(s) 'example_display_name' retrieved from /home/airflow/.local/lib/python3.12/site-packages/airflow/example_dags/example_display_name.py
[2026-04-26T23:45:24.804+0000] {logging_mixin.py:188} INFO - [2026-04-26T23:45:24.804+0000] {dag.py:3096} INFO - Sync 1 DAGs
[2026-04-26T23:45:24.811+0000] {logging_mixin.py:188} INFO - [2026-04-26T23:45:24.811+0000] {dag.py:3954} INFO - Setting next_dagrun for example_display_name to None, run_after=None
[2026-04-26T23:45:24.820+0000] {processor.py:183} INFO - Processing /home/airflow/.local/lib/python3.12/site-packages/airflow/example_dags/example_display_name.py took 0.037 seconds
[2026-04-26T23:45:55.572+0000] {processor.py:161} INFO - Started process (PID=397) to work on /home/airflow/.local/lib/python3.12/site-packages/airflow/example_dags/example_display_name.py
[2026-04-26T23:45:55.573+0000] {processor.py:830} INFO - Processing file /home/airflow/.local/lib/python3.12/site-packages/airflow/example_dags/example_display_name.py for tasks to queue
[2026-04-26T23:45:55.574+0000] {logging_mixin.py:188} INFO - [2026-04-26T23:45:55.574+0000] {dagbag.py:545} INFO - Filling up the DagBag from /home/airflow/.local/lib/python3.12/site-packages/airflow/example_dags/example_display_name.py
[2026-04-26T23:45:55.577+0000] {processor.py:840} INFO - DAG(s) 'example_display_name' retrieved from /home/airflow/.local/lib/python3.12/site-packages/airflow/example_dags/example_display_name.py
[2026-04-26T23:45:55.589+0000] {logging_mixin.py:188} INFO - [2026-04-26T23:45:55.588+0000] {dag.py:3096} INFO - Sync 1 DAGs
[2026-04-26T23:45:55.595+0000] {logging_mixin.py:188} INFO - [2026-04-26T23:45:55.595+0000] {dag.py:3954} INFO - Setting next_dagrun for example_display_name to None, run_after=None
[2026-04-26T23:45:55.605+0000] {processor.py:183} INFO - Processing /home/airflow/.local/lib/python3.12/site-packages/airflow/example_dags/example_display_name.py took 0.037 seconds
[2026-04-26T23:46:26.387+0000] {processor.py:161} INFO - Started process (PID=456) to work on /home/airflow/.local/lib/python3.12/site-packages/airflow/example_dags/example_display_name.py
[2026-04-26T23:46:26.387+0000] {processor.py:830} INFO - Processing file /home/airflow/.local/lib/python3.12/site-packages/airflow/example_dags/example_display_name.py for tasks to queue
[2026-04-26T23:46:26.389+0000] {logging_mixin.py:188} INFO - [2026-04-26T23:46:26.388+0000] {dagbag.py:545} INFO - Filling up the DagBag from /home/airflow/.local/lib/python3.12/site-packages/airflow/example_dags/example_display_name.py
[2026-04-26T23:46:26.392+0000] {processor.py:840} INFO - DAG(s) 'example_display_name' retrieved from /home/airflow/.local/lib/python3.12/site-packages/airflow/example_dags/example_display_name.py
[2026-04-26T23:46:26.403+0000] {logging_mixin.py:188} INFO - [2026-04-26T23:46:26.403+0000] {dag.py:3096} INFO - Sync 1 DAGs
[2026-04-26T23:46:26.411+0000] {logging_mixin.py:188} INFO - [2026-04-26T23:46:26.411+0000] {dag.py:3954} INFO - Setting next_dagrun for example_display_name to None, run_after=None
[2026-04-26T23:46:26.422+0000] {processor.py:183} INFO - Processing /home/airflow/.local/lib/python3.12/site-packages/airflow/example_dags/example_display_name.py took 0.039 seconds
[2026-04-26T23:46:57.212+0000] {processor.py:161} INFO - Started process (PID=515) to work on /home/airflow/.local/lib/python3.12/site-packages/airflow/example_dags/example_display_name.py
[2026-04-26T23:46:57.213+0000] {processor.py:830} INFO - Processing file /home/airflow/.local/lib/python3.12/site-packages/airflow/example_dags/example_display_name.py for tasks to queue
[2026-04-26T23:46:57.214+0000] {logging_mixin.py:188} INFO - [2026-04-26T23:46:57.214+0000] {dagbag.py:545} INFO - Filling up the DagBag from /home/airflow/.local/lib/python3.12/site-packages/airflow/example_dags/example_display_name.py
[2026-04-26T23:46:57.218+0000] {processor.py:840} INFO - DAG(s) 'example_display_name' retrieved from /home/airflow/.local/lib/python3.12/site-packages/airflow/example_dags/example_display_name.py
[2026-04-26T23:46:57.229+0000] {logging_mixin.py:188} INFO - [2026-04-26T23:46:57.229+0000] {dag.py:3096} INFO - Sync 1 DAGs
[2026-04-26T23:46:57.237+0000] {logging_mixin.py:188} INFO - [2026-04-26T23:46:57.237+0000] {dag.py:3954} INFO - Setting next_dagrun for example_display_name to None, run_after=None
[2026-04-26T23:46:57.247+0000] {processor.py:183} INFO - Processing /home/airflow/.local/lib/python3.12/site-packages/airflow/example_dags/example_display_name.py took 0.040 seconds
[2026-04-26T23:47:27.595+0000] {processor.py:161} INFO - Started process (PID=574) to work on /home/airflow/.local/lib/python3.12/site-packages/airflow/example_dags/example_display_name.py
[2026-04-26T23:47:27.595+0000] {processor.py:830} INFO - Processing file /home/airflow/.local/lib/python3.12/site-packages/airflow/example_dags/example_display_name.py for tasks to queue
[2026-04-26T23:47:27.597+0000] {logging_mixin.py:188} INFO - [2026-04-26T23:47:27.596+0000] {dagbag.py:545} INFO - Filling up the DagBag from /home/airflow/.local/lib/python3.12/site-packages/airflow/example_dags/example_display_name.py
[2026-04-26T23:47:27.600+0000] {processor.py:840} INFO - DAG(s) 'example_display_name' retrieved from /home/airflow/.local/lib/python3.12/site-packages/airflow/example_dags/example_display_name.py
[2026-04-26T23:47:27.613+0000] {logging_mixin.py:188} INFO - [2026-04-26T23:47:27.613+0000] {dag.py:3096} INFO - Sync 1 DAGs
[2026-04-26T23:47:27.621+0000] {logging_mixin.py:188} INFO - [2026-04-26T23:47:27.621+0000] {dag.py:3954} INFO - Setting next_dagrun for example_display_name to None, run_after=None
[2026-04-26T23:47:27.631+0000] {processor.py:183} INFO - Processing /home/airflow/.local/lib/python3.12/site-packages/airflow/example_dags/example_display_name.py took 0.040 seconds
[2026-04-26T23:47:57.671+0000] {processor.py:161} INFO - Started process (PID=633) to work on /home/airflow/.local/lib/python3.12/site-packages/airflow/example_dags/example_display_name.py
[2026-04-26T23:47:57.672+0000] {processor.py:830} INFO - Processing file /home/airflow/.local/lib/python3.12/site-packages/airflow/example_dags/example_display_name.py for tasks to queue
[2026-04-26T23:47:57.673+0000] {logging_mixin.py:188} INFO - [2026-04-26T23:47:57.673+0000] {dagbag.py:545} INFO - Filling up the DagBag from /home/airflow/.local/lib/python3.12/site-packages/airflow/example_dags/example_display_name.py
[2026-04-26T23:47:57.676+0000] {processor.py:840} INFO - DAG(s) 'example_display_name' retrieved from /home/airflow/.local/lib/python3.12/site-packages/airflow/example_dags/example_display_name.py
[2026-04-26T23:47:57.686+0000] {logging_mixin.py:188} INFO - [2026-04-26T23:47:57.686+0000] {dag.py:3096} INFO - Sync 1 DAGs
[2026-04-26T23:47:57.693+0000] {logging_mixin.py:188} INFO - [2026-04-26T23:47:57.692+0000] {dag.py:3954} INFO - Setting next_dagrun for example_display_name to None, run_after=None
[2026-04-26T23:47:57.701+0000] {processor.py:183} INFO - Processing /home/airflow/.local/lib/python3.12/site-packages/airflow/example_dags/example_display_name.py took 0.033 seconds
[2026-04-26T23:48:27.815+0000] {processor.py:161} INFO - Started process (PID=692) to work on /home/airflow/.local/lib/python3.12/site-packages/airflow/example_dags/example_display_name.py
[2026-04-26T23:48:27.815+0000] {processor.py:830} INFO - Processing file /home/airflow/.local/lib/python3.12/site-packages/airflow/example_dags/example_display_name.py for tasks to queue
[2026-04-26T23:48:27.816+0000] {logging_mixin.py:188} INFO - [2026-04-26T23:48:27.816+0000] {dagbag.py:545} INFO - Filling up the DagBag from /home/airflow/.local/lib/python3.12/site-packages/airflow/example_dags/example_display_name.py
[2026-04-26T23:48:27.820+0000] {processor.py:840} INFO - DAG(s) 'example_display_name' retrieved from /home/airflow/.local/lib/python3.12/site-packages/airflow/example_dags/example_display_name.py
[2026-04-26T23:48:27.829+0000] {logging_mixin.py:188} INFO - [2026-04-26T23:48:27.829+0000] {dag.py:3096} INFO - Sync 1 DAGs
[2026-04-26T23:48:27.836+0000] {logging_mixin.py:188} INFO - [2026-04-26T23:48:27.836+0000] {dag.py:3954} INFO - Setting next_dagrun for example_display_name to None, run_after=None
[2026-04-26T23:48:27.844+0000] {processor.py:183} INFO - Processing /home/airflow/.local/lib/python3.12/site-packages/airflow/example_dags/example_display_name.py took 0.032 seconds
[2026-04-26T23:48:58.783+0000] {processor.py:161} INFO - Started process (PID=751) to work on /home/airflow/.local/lib/python3.12/site-packages/airflow/example_dags/example_display_name.py
[2026-04-26T23:48:58.784+0000] {processor.py:830} INFO - Processing file /home/airflow/.local/lib/python3.12/site-packages/airflow/example_dags/example_display_name.py for tasks to queue
[2026-04-26T23:48:58.785+0000] {logging_mixin.py:188} INFO - [2026-04-26T23:48:58.785+0000] {dagbag.py:545} INFO - Filling up the DagBag from /home/airflow/.local/lib/python3.12/site-packages/airflow/example_dags/example_display_name.py
[2026-04-26T23:48:58.789+0000] {processor.py:840} INFO - DAG(s) 'example_display_name' retrieved from /home/airflow/.local/lib/python3.12/site-packages/airflow/example_dags/example_display_name.py
[2026-04-26T23:48:58.798+0000] {logging_mixin.py:188} INFO - [2026-04-26T23:48:58.798+0000] {dag.py:3096} INFO - Sync 1 DAGs
[2026-04-26T23:48:58.805+0000] {logging_mixin.py:188} INFO - [2026-04-26T23:48:58.805+0000] {dag.py:3954} INFO - Setting next_dagrun for example_display_name to None, run_after=None
[2026-04-26T23:48:58.814+0000] {processor.py:183} INFO - Processing /home/airflow/.local/lib/python3.12/site-packages/airflow/example_dags/example_display_name.py took 0.035 seconds
[2026-04-26T23:49:29.071+0000] {processor.py:161} INFO - Started process (PID=810) to work on /home/airflow/.local/lib/python3.12/site-packages/airflow/example_dags/example_display_name.py
[2026-04-26T23:49:29.071+0000] {processor.py:830} INFO - Processing file /home/airflow/.local/lib/python3.12/site-packages/airflow/example_dags/example_display_name.py for tasks to queue
[2026-04-26T23:49:29.072+0000] {logging_mixin.py:188} INFO - [2026-04-26T23:49:29.072+0000] {dagbag.py:545} INFO - Filling up the DagBag from /home/airflow/.local/lib/python3.12/site-packages/airflow/example_dags/example_display_name.py
[2026-04-26T23:49:29.075+0000] {processor.py:840} INFO - DAG(s) 'example_display_name' retrieved from /home/airflow/.local/lib/python3.12/site-packages/airflow/example_dags/example_display_name.py
[2026-04-26T23:49:29.085+0000] {logging_mixin.py:188} INFO - [2026-04-26T23:49:29.085+0000] {dag.py:3096} INFO - Sync 1 DAGs
[2026-04-26T23:49:29.092+0000] {logging_mixin.py:188} INFO - [2026-04-26T23:49:29.092+0000] {dag.py:3954} INFO - Setting next_dagrun for example_display_name to None, run_after=None
[2026-04-26T23:49:29.101+0000] {processor.py:183} INFO - Processing /home/airflow/.local/lib/python3.12/site-packages/airflow/example_dags/example_display_name.py took 0.033 seconds
[2026-04-26T23:50:04.601+0000] {processor.py:161} INFO - Started process (PID=102) to work on /home/airflow/.local/lib/python3.12/site-packages/airflow/example_dags/example_display_name.py
[2026-04-26T23:50:04.602+0000] {processor.py:830} INFO - Processing file /home/airflow/.local/lib/python3.12/site-packages/airflow/example_dags/example_display_name.py for tasks to queue
[2026-04-26T23:50:04.603+0000] {logging_mixin.py:188} INFO - [2026-04-26T23:50:04.603+0000] {dagbag.py:545} INFO - Filling up the DagBag from /home/airflow/.local/lib/python3.12/site-packages/airflow/example_dags/example_display_name.py
[2026-04-26T23:50:04.607+0000] {processor.py:840} INFO - DAG(s) 'example_display_name' retrieved from /home/airflow/.local/lib/python3.12/site-packages/airflow/example_dags/example_display_name.py
[2026-04-26T23:50:04.613+0000] {logging_mixin.py:188} INFO - [2026-04-26T23:50:04.613+0000] {dag.py:3096} INFO - Sync 1 DAGs
[2026-04-26T23:50:04.620+0000] {logging_mixin.py:188} INFO - [2026-04-26T23:50:04.620+0000] {dag.py:3954} INFO - Setting next_dagrun for example_display_name to None, run_after=None
[2026-04-26T23:50:04.631+0000] {processor.py:183} INFO - Processing /home/airflow/.local/lib/python3.12/site-packages/airflow/example_dags/example_display_name.py took 0.033 seconds
[2026-04-26T23:50:36.473+0000] {processor.py:161} INFO - Started process (PID=161) to work on /home/airflow/.local/lib/python3.12/site-packages/airflow/example_dags/example_display_name.py
[2026-04-26T23:50:36.474+0000] {processor.py:830} INFO - Processing file /home/airflow/.local/lib/python3.12/site-packages/airflow/example_dags/example_display_name.py for tasks to queue
[2026-04-26T23:50:36.475+0000] {logging_mixin.py:188} INFO - [2026-04-26T23:50:36.475+0000] {dagbag.py:545} INFO - Filling up the DagBag from /home/airflow/.local/lib/python3.12/site-packages/airflow/example_dags/example_display_name.py
[2026-04-26T23:50:36.479+0000] {processor.py:840} INFO - DAG(s) 'example_display_name' retrieved from /home/airflow/.local/lib/python3.12/site-packages/airflow/example_dags/example_display_name.py
[2026-04-26T23:50:36.538+0000] {logging_mixin.py:188} INFO - [2026-04-26T23:50:36.538+0000] {dag.py:3096} INFO - Sync 1 DAGs
[2026-04-26T23:50:36.545+0000] {logging_mixin.py:188} INFO - [2026-04-26T23:50:36.544+0000] {dag.py:3954} INFO - Setting next_dagrun for example_display_name to None, run_after=None
[2026-04-26T23:50:36.561+0000] {processor.py:183} INFO - Processing /home/airflow/.local/lib/python3.12/site-packages/airflow/example_dags/example_display_name.py took 0.091 seconds
[2026-04-26T23:51:06.850+0000] {processor.py:161} INFO - Started process (PID=220) to work on /home/airflow/.local/lib/python3.12/site-packages/airflow/example_dags/example_display_name.py
[2026-04-26T23:51:06.851+0000] {processor.py:830} INFO - Processing file /home/airflow/.local/lib/python3.12/site-packages/airflow/example_dags/example_display_name.py for tasks to queue
[2026-04-26T23:51:06.852+0000] {logging_mixin.py:188} INFO - [2026-04-26T23:51:06.851+0000] {dagbag.py:545} INFO - Filling up the DagBag from /home/airflow/.local/lib/python3.12/site-packages/airflow/example_dags/example_display_name.py
[2026-04-26T23:51:06.855+0000] {processor.py:840} INFO - DAG(s) 'example_display_name' retrieved from /home/airflow/.local/lib/python3.12/site-packages/airflow/example_dags/example_display_name.py
[2026-04-26T23:51:06.865+0000] {logging_mixin.py:188} INFO - [2026-04-26T23:51:06.865+0000] {dag.py:3096} INFO - Sync 1 DAGs
[2026-04-26T23:51:06.871+0000] {logging_mixin.py:188} INFO - [2026-04-26T23:51:06.871+0000] {dag.py:3954} INFO - Setting next_dagrun for example_display_name to None, run_after=None
[2026-04-26T23:51:06.881+0000] {processor.py:183} INFO - Processing /home/airflow/.local/lib/python3.12/site-packages/airflow/example_dags/example_display_name.py took 0.034 seconds
[2026-04-26T23:51:37.177+0000] {processor.py:161} INFO - Started process (PID=279) to work on /home/airflow/.local/lib/python3.12/site-packages/airflow/example_dags/example_display_name.py
[2026-04-26T23:51:37.178+0000] {processor.py:830} INFO - Processing file /home/airflow/.local/lib/python3.12/site-packages/airflow/example_dags/example_display_name.py for tasks to queue
[2026-04-26T23:51:37.179+0000] {logging_mixin.py:188} INFO - [2026-04-26T23:51:37.179+0000] {dagbag.py:545} INFO - Filling up the DagBag from /home/airflow/.local/lib/python3.12/site-packages/airflow/example_dags/example_display_name.py
[2026-04-26T23:51:37.183+0000] {processor.py:840} INFO - DAG(s) 'example_display_name' retrieved from /home/airflow/.local/lib/python3.12/site-packages/airflow/example_dags/example_display_name.py
[2026-04-26T23:51:37.196+0000] {logging_mixin.py:188} INFO - [2026-04-26T23:51:37.196+0000] {dag.py:3096} INFO - Sync 1 DAGs
[2026-04-26T23:51:37.204+0000] {logging_mixin.py:188} INFO - [2026-04-26T23:51:37.204+0000] {dag.py:3954} INFO - Setting next_dagrun for example_display_name to None, run_after=None
[2026-04-26T23:51:37.217+0000] {processor.py:183} INFO - Processing /home/airflow/.local/lib/python3.12/site-packages/airflow/example_dags/example_display_name.py took 0.043 seconds
[2026-04-26T23:52:08.171+0000] {processor.py:161} INFO - Started process (PID=338) to work on /home/airflow/.local/lib/python3.12/site-packages/airflow/example_dags/example_display_name.py
[2026-04-26T23:52:08.172+0000] {processor.py:830} INFO - Processing file /home/airflow/.local/lib/python3.12/site-packages/airflow/example_dags/example_display_name.py for tasks to queue
[2026-04-26T23:52:08.173+0000] {logging_mixin.py:188} INFO - [2026-04-26T23:52:08.173+0000] {dagbag.py:545} INFO - Filling up the DagBag from /home/airflow/.local/lib/python3.12/site-packages/airflow/example_dags/example_display_name.py
[2026-04-26T23:52:08.176+0000] {processor.py:840} INFO - DAG(s) 'example_display_name' retrieved from /home/airflow/.local/lib/python3.12/site-packages/airflow/example_dags/example_display_name.py
[2026-04-26T23:52:08.186+0000] {logging_mixin.py:188} INFO - [2026-04-26T23:52:08.186+0000] {dag.py:3096} INFO - Sync 1 DAGs
[2026-04-26T23:52:08.192+0000] {logging_mixin.py:188} INFO - [2026-04-26T23:52:08.192+0000] {dag.py:3954} INFO - Setting next_dagrun for example_display_name to None, run_after=None
[2026-04-26T23:52:08.201+0000] {processor.py:183} INFO - Processing /home/airflow/.local/lib/python3.12/site-packages/airflow/example_dags/example_display_name.py took 0.033 seconds
[2026-04-26T23:52:38.389+0000] {processor.py:161} INFO - Started process (PID=397) to work on /home/airflow/.local/lib/python3.12/site-packages/airflow/example_dags/example_display_name.py
[2026-04-26T23:52:38.390+0000] {processor.py:830} INFO - Processing file /home/airflow/.local/lib/python3.12/site-packages/airflow/example_dags/example_display_name.py for tasks to queue
[2026-04-26T23:52:38.391+0000] {logging_mixin.py:188} INFO - [2026-04-26T23:52:38.391+0000] {dagbag.py:545} INFO - Filling up the DagBag from /home/airflow/.local/lib/python3.12/site-packages/airflow/example_dags/example_display_name.py
[2026-04-26T23:52:38.394+0000] {processor.py:840} INFO - DAG(s) 'example_display_name' retrieved from /home/airflow/.local/lib/python3.12/site-packages/airflow/example_dags/example_display_name.py
[2026-04-26T23:52:38.404+0000] {logging_mixin.py:188} INFO - [2026-04-26T23:52:38.404+0000] {dag.py:3096} INFO - Sync 1 DAGs
[2026-04-26T23:52:38.411+0000] {logging_mixin.py:188} INFO - [2026-04-26T23:52:38.411+0000] {dag.py:3954} INFO - Setting next_dagrun for example_display_name to None, run_after=None
[2026-04-26T23:52:38.419+0000] {processor.py:183} INFO - Processing /home/airflow/.local/lib/python3.12/site-packages/airflow/example_dags/example_display_name.py took 0.033 seconds
[2026-04-26T23:53:09.377+0000] {processor.py:161} INFO - Started process (PID=456) to work on /home/airflow/.local/lib/python3.12/site-packages/airflow/example_dags/example_display_name.py
[2026-04-26T23:53:09.378+0000] {processor.py:830} INFO - Processing file /home/airflow/.local/lib/python3.12/site-packages/airflow/example_dags/example_display_name.py for tasks to queue
[2026-04-26T23:53:09.379+0000] {logging_mixin.py:188} INFO - [2026-04-26T23:53:09.379+0000] {dagbag.py:545} INFO - Filling up the DagBag from /home/airflow/.local/lib/python3.12/site-packages/airflow/example_dags/example_display_name.py
[2026-04-26T23:53:09.383+0000] {processor.py:840} INFO - DAG(s) 'example_display_name' retrieved from /home/airflow/.local/lib/python3.12/site-packages/airflow/example_dags/example_display_name.py
[2026-04-26T23:53:09.397+0000] {logging_mixin.py:188} INFO - [2026-04-26T23:53:09.397+0000] {dag.py:3096} INFO - Sync 1 DAGs
[2026-04-26T23:53:09.404+0000] {logging_mixin.py:188} INFO - [2026-04-26T23:53:09.404+0000] {dag.py:3954} INFO - Setting next_dagrun for example_display_name to None, run_after=None
[2026-04-26T23:53:09.414+0000] {processor.py:183} INFO - Processing /home/airflow/.local/lib/python3.12/site-packages/airflow/example_dags/example_display_name.py took 0.041 seconds
[2026-04-26T23:53:39.589+0000] {processor.py:161} INFO - Started process (PID=515) to work on /home/airflow/.local/lib/python3.12/site-packages/airflow/example_dags/example_display_name.py
[2026-04-26T23:53:39.589+0000] {processor.py:830} INFO - Processing file /home/airflow/.local/lib/python3.12/site-packages/airflow/example_dags/example_display_name.py for tasks to queue
[2026-04-26T23:53:39.590+0000] {logging_mixin.py:188} INFO - [2026-04-26T23:53:39.590+0000] {dagbag.py:545} INFO - Filling up the DagBag from /home/airflow/.local/lib/python3.12/site-packages/airflow/example_dags/example_display_name.py
[2026-04-26T23:53:39.594+0000] {processor.py:840} INFO - DAG(s) 'example_display_name' retrieved from /home/airflow/.local/lib/python3.12/site-packages/airflow/example_dags/example_display_name.py
[2026-04-26T23:53:39.604+0000] {logging_mixin.py:188} INFO - [2026-04-26T23:53:39.604+0000] {dag.py:3096} INFO - Sync 1 DAGs
[2026-04-26T23:53:39.610+0000] {logging_mixin.py:188} INFO - [2026-04-26T23:53:39.610+0000] {dag.py:3954} INFO - Setting next_dagrun for example_display_name to None, run_after=None
[2026-04-26T23:53:39.620+0000] {processor.py:183} INFO - Processing /home/airflow/.local/lib/python3.12/site-packages/airflow/example_dags/example_display_name.py took 0.035 seconds
