[2026-04-26T23:08:15.670+0000] {processor.py:161} INFO - Started process (PID=81) to work on /home/airflow/.local/lib/python3.12/site-packages/airflow/example_dags/example_bash_operator.py
[2026-04-26T23:08:15.670+0000] {processor.py:830} INFO - Processing file /home/airflow/.local/lib/python3.12/site-packages/airflow/example_dags/example_bash_operator.py for tasks to queue
[2026-04-26T23:08:15.672+0000] {logging_mixin.py:188} INFO - [2026-04-26T23:08:15.671+0000] {dagbag.py:545} INFO - Filling up the DagBag from /home/airflow/.local/lib/python3.12/site-packages/airflow/example_dags/example_bash_operator.py
[2026-04-26T23:08:15.681+0000] {processor.py:840} INFO - DAG(s) 'example_bash_operator' retrieved from /home/airflow/.local/lib/python3.12/site-packages/airflow/example_dags/example_bash_operator.py
[2026-04-26T23:08:15.687+0000] {logging_mixin.py:188} INFO - [2026-04-26T23:08:15.687+0000] {dag.py:3096} INFO - Sync 1 DAGs
[2026-04-26T23:08:15.702+0000] {logging_mixin.py:188} INFO - [2026-04-26T23:08:15.702+0000] {dag.py:3954} INFO - Setting next_dagrun for example_bash_operator to 2026-04-25 00:00:00+00:00, run_after=2026-04-26 00:00:00+00:00
[2026-04-26T23:08:15.713+0000] {processor.py:183} INFO - Processing /home/airflow/.local/lib/python3.12/site-packages/airflow/example_dags/example_bash_operator.py took 0.047 seconds
[2026-04-26T23:08:46.838+0000] {processor.py:161} INFO - Started process (PID=139) to work on /home/airflow/.local/lib/python3.12/site-packages/airflow/example_dags/example_bash_operator.py
[2026-04-26T23:08:46.838+0000] {processor.py:830} INFO - Processing file /home/airflow/.local/lib/python3.12/site-packages/airflow/example_dags/example_bash_operator.py for tasks to queue
[2026-04-26T23:08:46.839+0000] {logging_mixin.py:188} INFO - [2026-04-26T23:08:46.839+0000] {dagbag.py:545} INFO - Filling up the DagBag from /home/airflow/.local/lib/python3.12/site-packages/airflow/example_dags/example_bash_operator.py
[2026-04-26T23:08:46.848+0000] {processor.py:840} INFO - DAG(s) 'example_bash_operator' retrieved from /home/airflow/.local/lib/python3.12/site-packages/airflow/example_dags/example_bash_operator.py
[2026-04-26T23:08:46.925+0000] {logging_mixin.py:188} INFO - [2026-04-26T23:08:46.925+0000] {dag.py:3096} INFO - Sync 1 DAGs
[2026-04-26T23:08:46.938+0000] {logging_mixin.py:188} INFO - [2026-04-26T23:08:46.938+0000] {dag.py:3954} INFO - Setting next_dagrun for example_bash_operator to 2026-04-25 00:00:00+00:00, run_after=2026-04-26 00:00:00+00:00
[2026-04-26T23:08:46.953+0000] {processor.py:183} INFO - Processing /home/airflow/.local/lib/python3.12/site-packages/airflow/example_dags/example_bash_operator.py took 0.119 seconds
[2026-04-26T23:09:17.166+0000] {processor.py:161} INFO - Started process (PID=197) to work on /home/airflow/.local/lib/python3.12/site-packages/airflow/example_dags/example_bash_operator.py
[2026-04-26T23:09:17.167+0000] {processor.py:830} INFO - Processing file /home/airflow/.local/lib/python3.12/site-packages/airflow/example_dags/example_bash_operator.py for tasks to queue
[2026-04-26T23:09:17.168+0000] {logging_mixin.py:188} INFO - [2026-04-26T23:09:17.168+0000] {dagbag.py:545} INFO - Filling up the DagBag from /home/airflow/.local/lib/python3.12/site-packages/airflow/example_dags/example_bash_operator.py
[2026-04-26T23:09:17.174+0000] {processor.py:840} INFO - DAG(s) 'example_bash_operator' retrieved from /home/airflow/.local/lib/python3.12/site-packages/airflow/example_dags/example_bash_operator.py
[2026-04-26T23:09:17.187+0000] {logging_mixin.py:188} INFO - [2026-04-26T23:09:17.187+0000] {dag.py:3096} INFO - Sync 1 DAGs
[2026-04-26T23:09:17.199+0000] {logging_mixin.py:188} INFO - [2026-04-26T23:09:17.199+0000] {dag.py:3954} INFO - Setting next_dagrun for example_bash_operator to 2026-04-25 00:00:00+00:00, run_after=2026-04-26 00:00:00+00:00
[2026-04-26T23:09:17.209+0000] {processor.py:183} INFO - Processing /home/airflow/.local/lib/python3.12/site-packages/airflow/example_dags/example_bash_operator.py took 0.046 seconds
[2026-04-26T23:09:48.003+0000] {processor.py:161} INFO - Started process (PID=255) to work on /home/airflow/.local/lib/python3.12/site-packages/airflow/example_dags/example_bash_operator.py
[2026-04-26T23:09:48.004+0000] {processor.py:830} INFO - Processing file /home/airflow/.local/lib/python3.12/site-packages/airflow/example_dags/example_bash_operator.py for tasks to queue
[2026-04-26T23:09:48.006+0000] {logging_mixin.py:188} INFO - [2026-04-26T23:09:48.005+0000] {dagbag.py:545} INFO - Filling up the DagBag from /home/airflow/.local/lib/python3.12/site-packages/airflow/example_dags/example_bash_operator.py
[2026-04-26T23:09:48.015+0000] {processor.py:840} INFO - DAG(s) 'example_bash_operator' retrieved from /home/airflow/.local/lib/python3.12/site-packages/airflow/example_dags/example_bash_operator.py
[2026-04-26T23:09:48.032+0000] {logging_mixin.py:188} INFO - [2026-04-26T23:09:48.032+0000] {dag.py:3096} INFO - Sync 1 DAGs
[2026-04-26T23:09:48.050+0000] {logging_mixin.py:188} INFO - [2026-04-26T23:09:48.049+0000] {dag.py:3954} INFO - Setting next_dagrun for example_bash_operator to 2026-04-25 00:00:00+00:00, run_after=2026-04-26 00:00:00+00:00
[2026-04-26T23:09:48.062+0000] {processor.py:183} INFO - Processing /home/airflow/.local/lib/python3.12/site-packages/airflow/example_dags/example_bash_operator.py took 0.064 seconds
[2026-04-26T23:10:18.917+0000] {processor.py:161} INFO - Started process (PID=319) to work on /home/airflow/.local/lib/python3.12/site-packages/airflow/example_dags/example_bash_operator.py
[2026-04-26T23:10:18.918+0000] {processor.py:830} INFO - Processing file /home/airflow/.local/lib/python3.12/site-packages/airflow/example_dags/example_bash_operator.py for tasks to queue
[2026-04-26T23:10:18.919+0000] {logging_mixin.py:188} INFO - [2026-04-26T23:10:18.919+0000] {dagbag.py:545} INFO - Filling up the DagBag from /home/airflow/.local/lib/python3.12/site-packages/airflow/example_dags/example_bash_operator.py
[2026-04-26T23:10:18.925+0000] {processor.py:840} INFO - DAG(s) 'example_bash_operator' retrieved from /home/airflow/.local/lib/python3.12/site-packages/airflow/example_dags/example_bash_operator.py
[2026-04-26T23:10:18.939+0000] {logging_mixin.py:188} INFO - [2026-04-26T23:10:18.939+0000] {dag.py:3096} INFO - Sync 1 DAGs
[2026-04-26T23:10:18.950+0000] {logging_mixin.py:188} INFO - [2026-04-26T23:10:18.950+0000] {dag.py:3954} INFO - Setting next_dagrun for example_bash_operator to 2026-04-25 00:00:00+00:00, run_after=2026-04-26 00:00:00+00:00
[2026-04-26T23:10:18.958+0000] {processor.py:183} INFO - Processing /home/airflow/.local/lib/python3.12/site-packages/airflow/example_dags/example_bash_operator.py took 0.044 seconds
[2026-04-26T23:10:49.006+0000] {processor.py:161} INFO - Started process (PID=377) to work on /home/airflow/.local/lib/python3.12/site-packages/airflow/example_dags/example_bash_operator.py
[2026-04-26T23:10:49.007+0000] {processor.py:830} INFO - Processing file /home/airflow/.local/lib/python3.12/site-packages/airflow/example_dags/example_bash_operator.py for tasks to queue
[2026-04-26T23:10:49.008+0000] {logging_mixin.py:188} INFO - [2026-04-26T23:10:49.007+0000] {dagbag.py:545} INFO - Filling up the DagBag from /home/airflow/.local/lib/python3.12/site-packages/airflow/example_dags/example_bash_operator.py
[2026-04-26T23:10:49.014+0000] {processor.py:840} INFO - DAG(s) 'example_bash_operator' retrieved from /home/airflow/.local/lib/python3.12/site-packages/airflow/example_dags/example_bash_operator.py
[2026-04-26T23:10:49.027+0000] {logging_mixin.py:188} INFO - [2026-04-26T23:10:49.027+0000] {dag.py:3096} INFO - Sync 1 DAGs
[2026-04-26T23:10:49.038+0000] {logging_mixin.py:188} INFO - [2026-04-26T23:10:49.038+0000] {dag.py:3954} INFO - Setting next_dagrun for example_bash_operator to 2026-04-25 00:00:00+00:00, run_after=2026-04-26 00:00:00+00:00
[2026-04-26T23:10:49.047+0000] {processor.py:183} INFO - Processing /home/airflow/.local/lib/python3.12/site-packages/airflow/example_dags/example_bash_operator.py took 0.044 seconds
[2026-04-26T23:11:19.786+0000] {processor.py:161} INFO - Started process (PID=435) to work on /home/airflow/.local/lib/python3.12/site-packages/airflow/example_dags/example_bash_operator.py
[2026-04-26T23:11:19.787+0000] {processor.py:830} INFO - Processing file /home/airflow/.local/lib/python3.12/site-packages/airflow/example_dags/example_bash_operator.py for tasks to queue
[2026-04-26T23:11:19.788+0000] {logging_mixin.py:188} INFO - [2026-04-26T23:11:19.788+0000] {dagbag.py:545} INFO - Filling up the DagBag from /home/airflow/.local/lib/python3.12/site-packages/airflow/example_dags/example_bash_operator.py
[2026-04-26T23:11:19.795+0000] {processor.py:840} INFO - DAG(s) 'example_bash_operator' retrieved from /home/airflow/.local/lib/python3.12/site-packages/airflow/example_dags/example_bash_operator.py
[2026-04-26T23:11:19.810+0000] {logging_mixin.py:188} INFO - [2026-04-26T23:11:19.810+0000] {dag.py:3096} INFO - Sync 1 DAGs
[2026-04-26T23:11:19.822+0000] {logging_mixin.py:188} INFO - [2026-04-26T23:11:19.822+0000] {dag.py:3954} INFO - Setting next_dagrun for example_bash_operator to 2026-04-25 00:00:00+00:00, run_after=2026-04-26 00:00:00+00:00
[2026-04-26T23:11:19.832+0000] {processor.py:183} INFO - Processing /home/airflow/.local/lib/python3.12/site-packages/airflow/example_dags/example_bash_operator.py took 0.049 seconds
[2026-04-26T23:11:50.561+0000] {processor.py:161} INFO - Started process (PID=493) to work on /home/airflow/.local/lib/python3.12/site-packages/airflow/example_dags/example_bash_operator.py
[2026-04-26T23:11:50.561+0000] {processor.py:830} INFO - Processing file /home/airflow/.local/lib/python3.12/site-packages/airflow/example_dags/example_bash_operator.py for tasks to queue
[2026-04-26T23:11:50.562+0000] {logging_mixin.py:188} INFO - [2026-04-26T23:11:50.562+0000] {dagbag.py:545} INFO - Filling up the DagBag from /home/airflow/.local/lib/python3.12/site-packages/airflow/example_dags/example_bash_operator.py
[2026-04-26T23:11:50.569+0000] {processor.py:840} INFO - DAG(s) 'example_bash_operator' retrieved from /home/airflow/.local/lib/python3.12/site-packages/airflow/example_dags/example_bash_operator.py
[2026-04-26T23:11:50.585+0000] {logging_mixin.py:188} INFO - [2026-04-26T23:11:50.585+0000] {dag.py:3096} INFO - Sync 1 DAGs
[2026-04-26T23:11:50.599+0000] {logging_mixin.py:188} INFO - [2026-04-26T23:11:50.599+0000] {dag.py:3954} INFO - Setting next_dagrun for example_bash_operator to 2026-04-25 00:00:00+00:00, run_after=2026-04-26 00:00:00+00:00
[2026-04-26T23:11:50.609+0000] {processor.py:183} INFO - Processing /home/airflow/.local/lib/python3.12/site-packages/airflow/example_dags/example_bash_operator.py took 0.052 seconds
[2026-04-26T23:12:21.382+0000] {processor.py:161} INFO - Started process (PID=551) to work on /home/airflow/.local/lib/python3.12/site-packages/airflow/example_dags/example_bash_operator.py
[2026-04-26T23:12:21.382+0000] {processor.py:830} INFO - Processing file /home/airflow/.local/lib/python3.12/site-packages/airflow/example_dags/example_bash_operator.py for tasks to queue
[2026-04-26T23:12:21.383+0000] {logging_mixin.py:188} INFO - [2026-04-26T23:12:21.383+0000] {dagbag.py:545} INFO - Filling up the DagBag from /home/airflow/.local/lib/python3.12/site-packages/airflow/example_dags/example_bash_operator.py
[2026-04-26T23:12:21.390+0000] {processor.py:840} INFO - DAG(s) 'example_bash_operator' retrieved from /home/airflow/.local/lib/python3.12/site-packages/airflow/example_dags/example_bash_operator.py
[2026-04-26T23:12:21.405+0000] {logging_mixin.py:188} INFO - [2026-04-26T23:12:21.404+0000] {dag.py:3096} INFO - Sync 1 DAGs
[2026-04-26T23:12:21.417+0000] {logging_mixin.py:188} INFO - [2026-04-26T23:12:21.417+0000] {dag.py:3954} INFO - Setting next_dagrun for example_bash_operator to 2026-04-25 00:00:00+00:00, run_after=2026-04-26 00:00:00+00:00
[2026-04-26T23:12:21.427+0000] {processor.py:183} INFO - Processing /home/airflow/.local/lib/python3.12/site-packages/airflow/example_dags/example_bash_operator.py took 0.049 seconds
[2026-04-26T23:12:52.269+0000] {processor.py:161} INFO - Started process (PID=609) to work on /home/airflow/.local/lib/python3.12/site-packages/airflow/example_dags/example_bash_operator.py
[2026-04-26T23:12:52.270+0000] {processor.py:830} INFO - Processing file /home/airflow/.local/lib/python3.12/site-packages/airflow/example_dags/example_bash_operator.py for tasks to queue
[2026-04-26T23:12:52.271+0000] {logging_mixin.py:188} INFO - [2026-04-26T23:12:52.271+0000] {dagbag.py:545} INFO - Filling up the DagBag from /home/airflow/.local/lib/python3.12/site-packages/airflow/example_dags/example_bash_operator.py
[2026-04-26T23:12:52.278+0000] {processor.py:840} INFO - DAG(s) 'example_bash_operator' retrieved from /home/airflow/.local/lib/python3.12/site-packages/airflow/example_dags/example_bash_operator.py
[2026-04-26T23:12:52.295+0000] {logging_mixin.py:188} INFO - [2026-04-26T23:12:52.295+0000] {dag.py:3096} INFO - Sync 1 DAGs
[2026-04-26T23:12:52.309+0000] {logging_mixin.py:188} INFO - [2026-04-26T23:12:52.309+0000] {dag.py:3954} INFO - Setting next_dagrun for example_bash_operator to 2026-04-25 00:00:00+00:00, run_after=2026-04-26 00:00:00+00:00
[2026-04-26T23:12:52.320+0000] {processor.py:183} INFO - Processing /home/airflow/.local/lib/python3.12/site-packages/airflow/example_dags/example_bash_operator.py took 0.054 seconds
[2026-04-26T23:13:22.397+0000] {processor.py:161} INFO - Started process (PID=667) to work on /home/airflow/.local/lib/python3.12/site-packages/airflow/example_dags/example_bash_operator.py
[2026-04-26T23:13:22.398+0000] {processor.py:830} INFO - Processing file /home/airflow/.local/lib/python3.12/site-packages/airflow/example_dags/example_bash_operator.py for tasks to queue
[2026-04-26T23:13:22.399+0000] {logging_mixin.py:188} INFO - [2026-04-26T23:13:22.399+0000] {dagbag.py:545} INFO - Filling up the DagBag from /home/airflow/.local/lib/python3.12/site-packages/airflow/example_dags/example_bash_operator.py
[2026-04-26T23:13:22.409+0000] {processor.py:840} INFO - DAG(s) 'example_bash_operator' retrieved from /home/airflow/.local/lib/python3.12/site-packages/airflow/example_dags/example_bash_operator.py
[2026-04-26T23:13:22.434+0000] {logging_mixin.py:188} INFO - [2026-04-26T23:13:22.433+0000] {dag.py:3096} INFO - Sync 1 DAGs
[2026-04-26T23:13:22.457+0000] {logging_mixin.py:188} INFO - [2026-04-26T23:13:22.456+0000] {dag.py:3954} INFO - Setting next_dagrun for example_bash_operator to 2026-04-25 00:00:00+00:00, run_after=2026-04-26 00:00:00+00:00
[2026-04-26T23:13:22.473+0000] {processor.py:183} INFO - Processing /home/airflow/.local/lib/python3.12/site-packages/airflow/example_dags/example_bash_operator.py took 0.082 seconds
[2026-04-26T23:13:52.542+0000] {processor.py:161} INFO - Started process (PID=725) to work on /home/airflow/.local/lib/python3.12/site-packages/airflow/example_dags/example_bash_operator.py
[2026-04-26T23:13:52.542+0000] {processor.py:830} INFO - Processing file /home/airflow/.local/lib/python3.12/site-packages/airflow/example_dags/example_bash_operator.py for tasks to queue
[2026-04-26T23:13:52.543+0000] {logging_mixin.py:188} INFO - [2026-04-26T23:13:52.543+0000] {dagbag.py:545} INFO - Filling up the DagBag from /home/airflow/.local/lib/python3.12/site-packages/airflow/example_dags/example_bash_operator.py
[2026-04-26T23:13:52.550+0000] {processor.py:840} INFO - DAG(s) 'example_bash_operator' retrieved from /home/airflow/.local/lib/python3.12/site-packages/airflow/example_dags/example_bash_operator.py
[2026-04-26T23:13:52.565+0000] {logging_mixin.py:188} INFO - [2026-04-26T23:13:52.564+0000] {dag.py:3096} INFO - Sync 1 DAGs
[2026-04-26T23:13:52.577+0000] {logging_mixin.py:188} INFO - [2026-04-26T23:13:52.577+0000] {dag.py:3954} INFO - Setting next_dagrun for example_bash_operator to 2026-04-25 00:00:00+00:00, run_after=2026-04-26 00:00:00+00:00
[2026-04-26T23:13:52.587+0000] {processor.py:183} INFO - Processing /home/airflow/.local/lib/python3.12/site-packages/airflow/example_dags/example_bash_operator.py took 0.049 seconds
[2026-04-26T23:14:23.173+0000] {processor.py:161} INFO - Started process (PID=783) to work on /home/airflow/.local/lib/python3.12/site-packages/airflow/example_dags/example_bash_operator.py
[2026-04-26T23:14:23.174+0000] {processor.py:830} INFO - Processing file /home/airflow/.local/lib/python3.12/site-packages/airflow/example_dags/example_bash_operator.py for tasks to queue
[2026-04-26T23:14:23.175+0000] {logging_mixin.py:188} INFO - [2026-04-26T23:14:23.174+0000] {dagbag.py:545} INFO - Filling up the DagBag from /home/airflow/.local/lib/python3.12/site-packages/airflow/example_dags/example_bash_operator.py
[2026-04-26T23:14:23.181+0000] {processor.py:840} INFO - DAG(s) 'example_bash_operator' retrieved from /home/airflow/.local/lib/python3.12/site-packages/airflow/example_dags/example_bash_operator.py
[2026-04-26T23:14:23.194+0000] {logging_mixin.py:188} INFO - [2026-04-26T23:14:23.194+0000] {dag.py:3096} INFO - Sync 1 DAGs
[2026-04-26T23:14:23.205+0000] {logging_mixin.py:188} INFO - [2026-04-26T23:14:23.205+0000] {dag.py:3954} INFO - Setting next_dagrun for example_bash_operator to 2026-04-25 00:00:00+00:00, run_after=2026-04-26 00:00:00+00:00
[2026-04-26T23:14:23.215+0000] {processor.py:183} INFO - Processing /home/airflow/.local/lib/python3.12/site-packages/airflow/example_dags/example_bash_operator.py took 0.045 seconds
[2026-04-26T23:14:54.014+0000] {processor.py:161} INFO - Started process (PID=841) to work on /home/airflow/.local/lib/python3.12/site-packages/airflow/example_dags/example_bash_operator.py
[2026-04-26T23:14:54.015+0000] {processor.py:830} INFO - Processing file /home/airflow/.local/lib/python3.12/site-packages/airflow/example_dags/example_bash_operator.py for tasks to queue
[2026-04-26T23:14:54.016+0000] {logging_mixin.py:188} INFO - [2026-04-26T23:14:54.015+0000] {dagbag.py:545} INFO - Filling up the DagBag from /home/airflow/.local/lib/python3.12/site-packages/airflow/example_dags/example_bash_operator.py
[2026-04-26T23:14:54.022+0000] {processor.py:840} INFO - DAG(s) 'example_bash_operator' retrieved from /home/airflow/.local/lib/python3.12/site-packages/airflow/example_dags/example_bash_operator.py
[2026-04-26T23:14:54.036+0000] {logging_mixin.py:188} INFO - [2026-04-26T23:14:54.036+0000] {dag.py:3096} INFO - Sync 1 DAGs
[2026-04-26T23:14:54.048+0000] {logging_mixin.py:188} INFO - [2026-04-26T23:14:54.048+0000] {dag.py:3954} INFO - Setting next_dagrun for example_bash_operator to 2026-04-25 00:00:00+00:00, run_after=2026-04-26 00:00:00+00:00
[2026-04-26T23:14:54.056+0000] {processor.py:183} INFO - Processing /home/airflow/.local/lib/python3.12/site-packages/airflow/example_dags/example_bash_operator.py took 0.046 seconds
[2026-04-26T23:15:24.274+0000] {processor.py:161} INFO - Started process (PID=899) to work on /home/airflow/.local/lib/python3.12/site-packages/airflow/example_dags/example_bash_operator.py
[2026-04-26T23:15:24.274+0000] {processor.py:830} INFO - Processing file /home/airflow/.local/lib/python3.12/site-packages/airflow/example_dags/example_bash_operator.py for tasks to queue
[2026-04-26T23:15:24.275+0000] {logging_mixin.py:188} INFO - [2026-04-26T23:15:24.275+0000] {dagbag.py:545} INFO - Filling up the DagBag from /home/airflow/.local/lib/python3.12/site-packages/airflow/example_dags/example_bash_operator.py
[2026-04-26T23:15:24.281+0000] {processor.py:840} INFO - DAG(s) 'example_bash_operator' retrieved from /home/airflow/.local/lib/python3.12/site-packages/airflow/example_dags/example_bash_operator.py
[2026-04-26T23:15:24.297+0000] {logging_mixin.py:188} INFO - [2026-04-26T23:15:24.297+0000] {dag.py:3096} INFO - Sync 1 DAGs
[2026-04-26T23:15:24.310+0000] {logging_mixin.py:188} INFO - [2026-04-26T23:15:24.309+0000] {dag.py:3954} INFO - Setting next_dagrun for example_bash_operator to 2026-04-25 00:00:00+00:00, run_after=2026-04-26 00:00:00+00:00
[2026-04-26T23:15:24.319+0000] {processor.py:183} INFO - Processing /home/airflow/.local/lib/python3.12/site-packages/airflow/example_dags/example_bash_operator.py took 0.049 seconds
[2026-04-26T23:15:55.343+0000] {processor.py:161} INFO - Started process (PID=957) to work on /home/airflow/.local/lib/python3.12/site-packages/airflow/example_dags/example_bash_operator.py
[2026-04-26T23:15:55.343+0000] {processor.py:830} INFO - Processing file /home/airflow/.local/lib/python3.12/site-packages/airflow/example_dags/example_bash_operator.py for tasks to queue
[2026-04-26T23:15:55.345+0000] {logging_mixin.py:188} INFO - [2026-04-26T23:15:55.344+0000] {dagbag.py:545} INFO - Filling up the DagBag from /home/airflow/.local/lib/python3.12/site-packages/airflow/example_dags/example_bash_operator.py
[2026-04-26T23:15:55.351+0000] {processor.py:840} INFO - DAG(s) 'example_bash_operator' retrieved from /home/airflow/.local/lib/python3.12/site-packages/airflow/example_dags/example_bash_operator.py
[2026-04-26T23:15:55.367+0000] {logging_mixin.py:188} INFO - [2026-04-26T23:15:55.367+0000] {dag.py:3096} INFO - Sync 1 DAGs
[2026-04-26T23:15:55.380+0000] {logging_mixin.py:188} INFO - [2026-04-26T23:15:55.380+0000] {dag.py:3954} INFO - Setting next_dagrun for example_bash_operator to 2026-04-25 00:00:00+00:00, run_after=2026-04-26 00:00:00+00:00
[2026-04-26T23:15:55.390+0000] {processor.py:183} INFO - Processing /home/airflow/.local/lib/python3.12/site-packages/airflow/example_dags/example_bash_operator.py took 0.051 seconds
[2026-04-26T23:16:25.554+0000] {processor.py:161} INFO - Started process (PID=1015) to work on /home/airflow/.local/lib/python3.12/site-packages/airflow/example_dags/example_bash_operator.py
[2026-04-26T23:16:25.555+0000] {processor.py:830} INFO - Processing file /home/airflow/.local/lib/python3.12/site-packages/airflow/example_dags/example_bash_operator.py for tasks to queue
[2026-04-26T23:16:25.556+0000] {logging_mixin.py:188} INFO - [2026-04-26T23:16:25.556+0000] {dagbag.py:545} INFO - Filling up the DagBag from /home/airflow/.local/lib/python3.12/site-packages/airflow/example_dags/example_bash_operator.py
[2026-04-26T23:16:25.564+0000] {processor.py:840} INFO - DAG(s) 'example_bash_operator' retrieved from /home/airflow/.local/lib/python3.12/site-packages/airflow/example_dags/example_bash_operator.py
[2026-04-26T23:16:25.583+0000] {logging_mixin.py:188} INFO - [2026-04-26T23:16:25.583+0000] {dag.py:3096} INFO - Sync 1 DAGs
[2026-04-26T23:16:25.599+0000] {logging_mixin.py:188} INFO - [2026-04-26T23:16:25.599+0000] {dag.py:3954} INFO - Setting next_dagrun for example_bash_operator to 2026-04-25 00:00:00+00:00, run_after=2026-04-26 00:00:00+00:00
[2026-04-26T23:16:25.610+0000] {processor.py:183} INFO - Processing /home/airflow/.local/lib/python3.12/site-packages/airflow/example_dags/example_bash_operator.py took 0.060 seconds
[2026-04-26T23:16:55.659+0000] {processor.py:161} INFO - Started process (PID=1072) to work on /home/airflow/.local/lib/python3.12/site-packages/airflow/example_dags/example_bash_operator.py
[2026-04-26T23:16:55.660+0000] {processor.py:830} INFO - Processing file /home/airflow/.local/lib/python3.12/site-packages/airflow/example_dags/example_bash_operator.py for tasks to queue
[2026-04-26T23:16:55.661+0000] {logging_mixin.py:188} INFO - [2026-04-26T23:16:55.661+0000] {dagbag.py:545} INFO - Filling up the DagBag from /home/airflow/.local/lib/python3.12/site-packages/airflow/example_dags/example_bash_operator.py
[2026-04-26T23:16:55.669+0000] {processor.py:840} INFO - DAG(s) 'example_bash_operator' retrieved from /home/airflow/.local/lib/python3.12/site-packages/airflow/example_dags/example_bash_operator.py
[2026-04-26T23:16:55.688+0000] {logging_mixin.py:188} INFO - [2026-04-26T23:16:55.688+0000] {dag.py:3096} INFO - Sync 1 DAGs
[2026-04-26T23:16:55.703+0000] {logging_mixin.py:188} INFO - [2026-04-26T23:16:55.703+0000] {dag.py:3954} INFO - Setting next_dagrun for example_bash_operator to 2026-04-25 00:00:00+00:00, run_after=2026-04-26 00:00:00+00:00
[2026-04-26T23:16:55.730+0000] {processor.py:183} INFO - Processing /home/airflow/.local/lib/python3.12/site-packages/airflow/example_dags/example_bash_operator.py took 0.075 seconds
[2026-04-26T23:17:26.014+0000] {processor.py:161} INFO - Started process (PID=1130) to work on /home/airflow/.local/lib/python3.12/site-packages/airflow/example_dags/example_bash_operator.py
[2026-04-26T23:17:26.014+0000] {processor.py:830} INFO - Processing file /home/airflow/.local/lib/python3.12/site-packages/airflow/example_dags/example_bash_operator.py for tasks to queue
[2026-04-26T23:17:26.015+0000] {logging_mixin.py:188} INFO - [2026-04-26T23:17:26.015+0000] {dagbag.py:545} INFO - Filling up the DagBag from /home/airflow/.local/lib/python3.12/site-packages/airflow/example_dags/example_bash_operator.py
[2026-04-26T23:17:26.022+0000] {processor.py:840} INFO - DAG(s) 'example_bash_operator' retrieved from /home/airflow/.local/lib/python3.12/site-packages/airflow/example_dags/example_bash_operator.py
[2026-04-26T23:17:26.037+0000] {logging_mixin.py:188} INFO - [2026-04-26T23:17:26.037+0000] {dag.py:3096} INFO - Sync 1 DAGs
[2026-04-26T23:17:26.050+0000] {logging_mixin.py:188} INFO - [2026-04-26T23:17:26.050+0000] {dag.py:3954} INFO - Setting next_dagrun for example_bash_operator to 2026-04-25 00:00:00+00:00, run_after=2026-04-26 00:00:00+00:00
[2026-04-26T23:17:26.060+0000] {processor.py:183} INFO - Processing /home/airflow/.local/lib/python3.12/site-packages/airflow/example_dags/example_bash_operator.py took 0.050 seconds
[2026-04-26T23:17:56.334+0000] {processor.py:161} INFO - Started process (PID=1188) to work on /home/airflow/.local/lib/python3.12/site-packages/airflow/example_dags/example_bash_operator.py
[2026-04-26T23:17:56.335+0000] {processor.py:830} INFO - Processing file /home/airflow/.local/lib/python3.12/site-packages/airflow/example_dags/example_bash_operator.py for tasks to queue
[2026-04-26T23:17:56.336+0000] {logging_mixin.py:188} INFO - [2026-04-26T23:17:56.336+0000] {dagbag.py:545} INFO - Filling up the DagBag from /home/airflow/.local/lib/python3.12/site-packages/airflow/example_dags/example_bash_operator.py
[2026-04-26T23:17:56.345+0000] {processor.py:840} INFO - DAG(s) 'example_bash_operator' retrieved from /home/airflow/.local/lib/python3.12/site-packages/airflow/example_dags/example_bash_operator.py
[2026-04-26T23:17:56.365+0000] {logging_mixin.py:188} INFO - [2026-04-26T23:17:56.364+0000] {dag.py:3096} INFO - Sync 1 DAGs
[2026-04-26T23:17:56.381+0000] {logging_mixin.py:188} INFO - [2026-04-26T23:17:56.381+0000] {dag.py:3954} INFO - Setting next_dagrun for example_bash_operator to 2026-04-25 00:00:00+00:00, run_after=2026-04-26 00:00:00+00:00
[2026-04-26T23:17:56.394+0000] {processor.py:183} INFO - Processing /home/airflow/.local/lib/python3.12/site-packages/airflow/example_dags/example_bash_operator.py took 0.064 seconds
[2026-04-26T23:18:26.426+0000] {processor.py:161} INFO - Started process (PID=1247) to work on /home/airflow/.local/lib/python3.12/site-packages/airflow/example_dags/example_bash_operator.py
[2026-04-26T23:18:26.426+0000] {processor.py:830} INFO - Processing file /home/airflow/.local/lib/python3.12/site-packages/airflow/example_dags/example_bash_operator.py for tasks to queue
[2026-04-26T23:18:26.427+0000] {logging_mixin.py:188} INFO - [2026-04-26T23:18:26.427+0000] {dagbag.py:545} INFO - Filling up the DagBag from /home/airflow/.local/lib/python3.12/site-packages/airflow/example_dags/example_bash_operator.py
[2026-04-26T23:18:26.434+0000] {processor.py:840} INFO - DAG(s) 'example_bash_operator' retrieved from /home/airflow/.local/lib/python3.12/site-packages/airflow/example_dags/example_bash_operator.py
[2026-04-26T23:18:26.449+0000] {logging_mixin.py:188} INFO - [2026-04-26T23:18:26.448+0000] {dag.py:3096} INFO - Sync 1 DAGs
[2026-04-26T23:18:26.462+0000] {logging_mixin.py:188} INFO - [2026-04-26T23:18:26.462+0000] {dag.py:3954} INFO - Setting next_dagrun for example_bash_operator to 2026-04-25 00:00:00+00:00, run_after=2026-04-26 00:00:00+00:00
[2026-04-26T23:18:26.472+0000] {processor.py:183} INFO - Processing /home/airflow/.local/lib/python3.12/site-packages/airflow/example_dags/example_bash_operator.py took 0.050 seconds
[2026-04-26T23:18:56.820+0000] {processor.py:161} INFO - Started process (PID=1306) to work on /home/airflow/.local/lib/python3.12/site-packages/airflow/example_dags/example_bash_operator.py
[2026-04-26T23:18:56.821+0000] {processor.py:830} INFO - Processing file /home/airflow/.local/lib/python3.12/site-packages/airflow/example_dags/example_bash_operator.py for tasks to queue
[2026-04-26T23:18:56.822+0000] {logging_mixin.py:188} INFO - [2026-04-26T23:18:56.822+0000] {dagbag.py:545} INFO - Filling up the DagBag from /home/airflow/.local/lib/python3.12/site-packages/airflow/example_dags/example_bash_operator.py
[2026-04-26T23:18:56.828+0000] {processor.py:840} INFO - DAG(s) 'example_bash_operator' retrieved from /home/airflow/.local/lib/python3.12/site-packages/airflow/example_dags/example_bash_operator.py
[2026-04-26T23:18:56.843+0000] {logging_mixin.py:188} INFO - [2026-04-26T23:18:56.843+0000] {dag.py:3096} INFO - Sync 1 DAGs
[2026-04-26T23:18:56.855+0000] {logging_mixin.py:188} INFO - [2026-04-26T23:18:56.855+0000] {dag.py:3954} INFO - Setting next_dagrun for example_bash_operator to 2026-04-25 00:00:00+00:00, run_after=2026-04-26 00:00:00+00:00
[2026-04-26T23:18:56.864+0000] {processor.py:183} INFO - Processing /home/airflow/.local/lib/python3.12/site-packages/airflow/example_dags/example_bash_operator.py took 0.047 seconds
[2026-04-26T23:19:27.073+0000] {processor.py:161} INFO - Started process (PID=1365) to work on /home/airflow/.local/lib/python3.12/site-packages/airflow/example_dags/example_bash_operator.py
[2026-04-26T23:19:27.074+0000] {processor.py:830} INFO - Processing file /home/airflow/.local/lib/python3.12/site-packages/airflow/example_dags/example_bash_operator.py for tasks to queue
[2026-04-26T23:19:27.075+0000] {logging_mixin.py:188} INFO - [2026-04-26T23:19:27.075+0000] {dagbag.py:545} INFO - Filling up the DagBag from /home/airflow/.local/lib/python3.12/site-packages/airflow/example_dags/example_bash_operator.py
[2026-04-26T23:19:27.081+0000] {processor.py:840} INFO - DAG(s) 'example_bash_operator' retrieved from /home/airflow/.local/lib/python3.12/site-packages/airflow/example_dags/example_bash_operator.py
[2026-04-26T23:19:27.095+0000] {logging_mixin.py:188} INFO - [2026-04-26T23:19:27.095+0000] {dag.py:3096} INFO - Sync 1 DAGs
[2026-04-26T23:19:27.107+0000] {logging_mixin.py:188} INFO - [2026-04-26T23:19:27.107+0000] {dag.py:3954} INFO - Setting next_dagrun for example_bash_operator to 2026-04-25 00:00:00+00:00, run_after=2026-04-26 00:00:00+00:00
[2026-04-26T23:19:27.117+0000] {processor.py:183} INFO - Processing /home/airflow/.local/lib/python3.12/site-packages/airflow/example_dags/example_bash_operator.py took 0.046 seconds
[2026-04-26T23:19:57.397+0000] {processor.py:161} INFO - Started process (PID=1424) to work on /home/airflow/.local/lib/python3.12/site-packages/airflow/example_dags/example_bash_operator.py
[2026-04-26T23:19:57.398+0000] {processor.py:830} INFO - Processing file /home/airflow/.local/lib/python3.12/site-packages/airflow/example_dags/example_bash_operator.py for tasks to queue
[2026-04-26T23:19:57.399+0000] {logging_mixin.py:188} INFO - [2026-04-26T23:19:57.399+0000] {dagbag.py:545} INFO - Filling up the DagBag from /home/airflow/.local/lib/python3.12/site-packages/airflow/example_dags/example_bash_operator.py
[2026-04-26T23:19:57.405+0000] {processor.py:840} INFO - DAG(s) 'example_bash_operator' retrieved from /home/airflow/.local/lib/python3.12/site-packages/airflow/example_dags/example_bash_operator.py
[2026-04-26T23:19:57.419+0000] {logging_mixin.py:188} INFO - [2026-04-26T23:19:57.419+0000] {dag.py:3096} INFO - Sync 1 DAGs
[2026-04-26T23:19:57.430+0000] {logging_mixin.py:188} INFO - [2026-04-26T23:19:57.430+0000] {dag.py:3954} INFO - Setting next_dagrun for example_bash_operator to 2026-04-25 00:00:00+00:00, run_after=2026-04-26 00:00:00+00:00
[2026-04-26T23:19:57.439+0000] {processor.py:183} INFO - Processing /home/airflow/.local/lib/python3.12/site-packages/airflow/example_dags/example_bash_operator.py took 0.045 seconds
[2026-04-26T23:20:27.625+0000] {processor.py:161} INFO - Started process (PID=1483) to work on /home/airflow/.local/lib/python3.12/site-packages/airflow/example_dags/example_bash_operator.py
[2026-04-26T23:20:27.626+0000] {processor.py:830} INFO - Processing file /home/airflow/.local/lib/python3.12/site-packages/airflow/example_dags/example_bash_operator.py for tasks to queue
[2026-04-26T23:20:27.626+0000] {logging_mixin.py:188} INFO - [2026-04-26T23:20:27.626+0000] {dagbag.py:545} INFO - Filling up the DagBag from /home/airflow/.local/lib/python3.12/site-packages/airflow/example_dags/example_bash_operator.py
[2026-04-26T23:20:27.633+0000] {processor.py:840} INFO - DAG(s) 'example_bash_operator' retrieved from /home/airflow/.local/lib/python3.12/site-packages/airflow/example_dags/example_bash_operator.py
[2026-04-26T23:20:27.646+0000] {logging_mixin.py:188} INFO - [2026-04-26T23:20:27.646+0000] {dag.py:3096} INFO - Sync 1 DAGs
[2026-04-26T23:20:27.657+0000] {logging_mixin.py:188} INFO - [2026-04-26T23:20:27.657+0000] {dag.py:3954} INFO - Setting next_dagrun for example_bash_operator to 2026-04-25 00:00:00+00:00, run_after=2026-04-26 00:00:00+00:00
[2026-04-26T23:20:27.665+0000] {processor.py:183} INFO - Processing /home/airflow/.local/lib/python3.12/site-packages/airflow/example_dags/example_bash_operator.py took 0.043 seconds
[2026-04-26T23:20:57.928+0000] {processor.py:161} INFO - Started process (PID=1542) to work on /home/airflow/.local/lib/python3.12/site-packages/airflow/example_dags/example_bash_operator.py
[2026-04-26T23:20:57.929+0000] {processor.py:830} INFO - Processing file /home/airflow/.local/lib/python3.12/site-packages/airflow/example_dags/example_bash_operator.py for tasks to queue
[2026-04-26T23:20:57.930+0000] {logging_mixin.py:188} INFO - [2026-04-26T23:20:57.930+0000] {dagbag.py:545} INFO - Filling up the DagBag from /home/airflow/.local/lib/python3.12/site-packages/airflow/example_dags/example_bash_operator.py
[2026-04-26T23:20:57.938+0000] {processor.py:840} INFO - DAG(s) 'example_bash_operator' retrieved from /home/airflow/.local/lib/python3.12/site-packages/airflow/example_dags/example_bash_operator.py
[2026-04-26T23:20:57.957+0000] {logging_mixin.py:188} INFO - [2026-04-26T23:20:57.957+0000] {dag.py:3096} INFO - Sync 1 DAGs
[2026-04-26T23:20:57.973+0000] {logging_mixin.py:188} INFO - [2026-04-26T23:20:57.973+0000] {dag.py:3954} INFO - Setting next_dagrun for example_bash_operator to 2026-04-25 00:00:00+00:00, run_after=2026-04-26 00:00:00+00:00
[2026-04-26T23:20:57.985+0000] {processor.py:183} INFO - Processing /home/airflow/.local/lib/python3.12/site-packages/airflow/example_dags/example_bash_operator.py took 0.061 seconds
[2026-04-26T23:21:28.103+0000] {processor.py:161} INFO - Started process (PID=1601) to work on /home/airflow/.local/lib/python3.12/site-packages/airflow/example_dags/example_bash_operator.py
[2026-04-26T23:21:28.103+0000] {processor.py:830} INFO - Processing file /home/airflow/.local/lib/python3.12/site-packages/airflow/example_dags/example_bash_operator.py for tasks to queue
[2026-04-26T23:21:28.104+0000] {logging_mixin.py:188} INFO - [2026-04-26T23:21:28.104+0000] {dagbag.py:545} INFO - Filling up the DagBag from /home/airflow/.local/lib/python3.12/site-packages/airflow/example_dags/example_bash_operator.py
[2026-04-26T23:21:28.111+0000] {processor.py:840} INFO - DAG(s) 'example_bash_operator' retrieved from /home/airflow/.local/lib/python3.12/site-packages/airflow/example_dags/example_bash_operator.py
[2026-04-26T23:21:28.126+0000] {logging_mixin.py:188} INFO - [2026-04-26T23:21:28.126+0000] {dag.py:3096} INFO - Sync 1 DAGs
[2026-04-26T23:21:28.139+0000] {logging_mixin.py:188} INFO - [2026-04-26T23:21:28.139+0000] {dag.py:3954} INFO - Setting next_dagrun for example_bash_operator to 2026-04-25 00:00:00+00:00, run_after=2026-04-26 00:00:00+00:00
[2026-04-26T23:21:28.149+0000] {processor.py:183} INFO - Processing /home/airflow/.local/lib/python3.12/site-packages/airflow/example_dags/example_bash_operator.py took 0.050 seconds
[2026-04-26T23:21:59.211+0000] {processor.py:161} INFO - Started process (PID=1661) to work on /home/airflow/.local/lib/python3.12/site-packages/airflow/example_dags/example_bash_operator.py
[2026-04-26T23:21:59.212+0000] {processor.py:830} INFO - Processing file /home/airflow/.local/lib/python3.12/site-packages/airflow/example_dags/example_bash_operator.py for tasks to queue
[2026-04-26T23:21:59.213+0000] {logging_mixin.py:188} INFO - [2026-04-26T23:21:59.213+0000] {dagbag.py:545} INFO - Filling up the DagBag from /home/airflow/.local/lib/python3.12/site-packages/airflow/example_dags/example_bash_operator.py
[2026-04-26T23:21:59.219+0000] {processor.py:840} INFO - DAG(s) 'example_bash_operator' retrieved from /home/airflow/.local/lib/python3.12/site-packages/airflow/example_dags/example_bash_operator.py
[2026-04-26T23:21:59.233+0000] {logging_mixin.py:188} INFO - [2026-04-26T23:21:59.232+0000] {dag.py:3096} INFO - Sync 1 DAGs
[2026-04-26T23:21:59.244+0000] {logging_mixin.py:188} INFO - [2026-04-26T23:21:59.244+0000] {dag.py:3954} INFO - Setting next_dagrun for example_bash_operator to 2026-04-25 00:00:00+00:00, run_after=2026-04-26 00:00:00+00:00
[2026-04-26T23:21:59.254+0000] {processor.py:183} INFO - Processing /home/airflow/.local/lib/python3.12/site-packages/airflow/example_dags/example_bash_operator.py took 0.046 seconds
[2026-04-26T23:22:29.582+0000] {processor.py:161} INFO - Started process (PID=1720) to work on /home/airflow/.local/lib/python3.12/site-packages/airflow/example_dags/example_bash_operator.py
[2026-04-26T23:22:29.583+0000] {processor.py:830} INFO - Processing file /home/airflow/.local/lib/python3.12/site-packages/airflow/example_dags/example_bash_operator.py for tasks to queue
[2026-04-26T23:22:29.584+0000] {logging_mixin.py:188} INFO - [2026-04-26T23:22:29.584+0000] {dagbag.py:545} INFO - Filling up the DagBag from /home/airflow/.local/lib/python3.12/site-packages/airflow/example_dags/example_bash_operator.py
[2026-04-26T23:22:29.590+0000] {processor.py:840} INFO - DAG(s) 'example_bash_operator' retrieved from /home/airflow/.local/lib/python3.12/site-packages/airflow/example_dags/example_bash_operator.py
[2026-04-26T23:22:29.605+0000] {logging_mixin.py:188} INFO - [2026-04-26T23:22:29.605+0000] {dag.py:3096} INFO - Sync 1 DAGs
[2026-04-26T23:22:29.617+0000] {logging_mixin.py:188} INFO - [2026-04-26T23:22:29.617+0000] {dag.py:3954} INFO - Setting next_dagrun for example_bash_operator to 2026-04-25 00:00:00+00:00, run_after=2026-04-26 00:00:00+00:00
[2026-04-26T23:22:29.627+0000] {processor.py:183} INFO - Processing /home/airflow/.local/lib/python3.12/site-packages/airflow/example_dags/example_bash_operator.py took 0.049 seconds
[2026-04-26T23:22:59.808+0000] {processor.py:161} INFO - Started process (PID=1780) to work on /home/airflow/.local/lib/python3.12/site-packages/airflow/example_dags/example_bash_operator.py
[2026-04-26T23:22:59.809+0000] {processor.py:830} INFO - Processing file /home/airflow/.local/lib/python3.12/site-packages/airflow/example_dags/example_bash_operator.py for tasks to queue
[2026-04-26T23:22:59.810+0000] {logging_mixin.py:188} INFO - [2026-04-26T23:22:59.810+0000] {dagbag.py:545} INFO - Filling up the DagBag from /home/airflow/.local/lib/python3.12/site-packages/airflow/example_dags/example_bash_operator.py
[2026-04-26T23:22:59.816+0000] {processor.py:840} INFO - DAG(s) 'example_bash_operator' retrieved from /home/airflow/.local/lib/python3.12/site-packages/airflow/example_dags/example_bash_operator.py
[2026-04-26T23:22:59.831+0000] {logging_mixin.py:188} INFO - [2026-04-26T23:22:59.831+0000] {dag.py:3096} INFO - Sync 1 DAGs
[2026-04-26T23:22:59.843+0000] {logging_mixin.py:188} INFO - [2026-04-26T23:22:59.843+0000] {dag.py:3954} INFO - Setting next_dagrun for example_bash_operator to 2026-04-25 00:00:00+00:00, run_after=2026-04-26 00:00:00+00:00
[2026-04-26T23:22:59.852+0000] {processor.py:183} INFO - Processing /home/airflow/.local/lib/python3.12/site-packages/airflow/example_dags/example_bash_operator.py took 0.048 seconds
[2026-04-26T23:23:30.559+0000] {processor.py:161} INFO - Started process (PID=1839) to work on /home/airflow/.local/lib/python3.12/site-packages/airflow/example_dags/example_bash_operator.py
[2026-04-26T23:23:30.559+0000] {processor.py:830} INFO - Processing file /home/airflow/.local/lib/python3.12/site-packages/airflow/example_dags/example_bash_operator.py for tasks to queue
[2026-04-26T23:23:30.560+0000] {logging_mixin.py:188} INFO - [2026-04-26T23:23:30.560+0000] {dagbag.py:545} INFO - Filling up the DagBag from /home/airflow/.local/lib/python3.12/site-packages/airflow/example_dags/example_bash_operator.py
[2026-04-26T23:23:30.566+0000] {processor.py:840} INFO - DAG(s) 'example_bash_operator' retrieved from /home/airflow/.local/lib/python3.12/site-packages/airflow/example_dags/example_bash_operator.py
[2026-04-26T23:23:30.582+0000] {logging_mixin.py:188} INFO - [2026-04-26T23:23:30.582+0000] {dag.py:3096} INFO - Sync 1 DAGs
[2026-04-26T23:23:30.595+0000] {logging_mixin.py:188} INFO - [2026-04-26T23:23:30.595+0000] {dag.py:3954} INFO - Setting next_dagrun for example_bash_operator to 2026-04-25 00:00:00+00:00, run_after=2026-04-26 00:00:00+00:00
[2026-04-26T23:23:30.604+0000] {processor.py:183} INFO - Processing /home/airflow/.local/lib/python3.12/site-packages/airflow/example_dags/example_bash_operator.py took 0.049 seconds
[2026-04-26T23:24:02.056+0000] {processor.py:161} INFO - Started process (PID=1898) to work on /home/airflow/.local/lib/python3.12/site-packages/airflow/example_dags/example_bash_operator.py
[2026-04-26T23:24:02.057+0000] {processor.py:830} INFO - Processing file /home/airflow/.local/lib/python3.12/site-packages/airflow/example_dags/example_bash_operator.py for tasks to queue
[2026-04-26T23:24:02.058+0000] {logging_mixin.py:188} INFO - [2026-04-26T23:24:02.058+0000] {dagbag.py:545} INFO - Filling up the DagBag from /home/airflow/.local/lib/python3.12/site-packages/airflow/example_dags/example_bash_operator.py
[2026-04-26T23:24:02.065+0000] {processor.py:840} INFO - DAG(s) 'example_bash_operator' retrieved from /home/airflow/.local/lib/python3.12/site-packages/airflow/example_dags/example_bash_operator.py
[2026-04-26T23:24:02.081+0000] {logging_mixin.py:188} INFO - [2026-04-26T23:24:02.080+0000] {dag.py:3096} INFO - Sync 1 DAGs
[2026-04-26T23:24:02.094+0000] {logging_mixin.py:188} INFO - [2026-04-26T23:24:02.093+0000] {dag.py:3954} INFO - Setting next_dagrun for example_bash_operator to 2026-04-25 00:00:00+00:00, run_after=2026-04-26 00:00:00+00:00
[2026-04-26T23:24:02.104+0000] {processor.py:183} INFO - Processing /home/airflow/.local/lib/python3.12/site-packages/airflow/example_dags/example_bash_operator.py took 0.051 seconds
[2026-04-26T23:24:33.762+0000] {processor.py:161} INFO - Started process (PID=1958) to work on /home/airflow/.local/lib/python3.12/site-packages/airflow/example_dags/example_bash_operator.py
[2026-04-26T23:24:33.762+0000] {processor.py:830} INFO - Processing file /home/airflow/.local/lib/python3.12/site-packages/airflow/example_dags/example_bash_operator.py for tasks to queue
[2026-04-26T23:24:33.763+0000] {logging_mixin.py:188} INFO - [2026-04-26T23:24:33.763+0000] {dagbag.py:545} INFO - Filling up the DagBag from /home/airflow/.local/lib/python3.12/site-packages/airflow/example_dags/example_bash_operator.py
[2026-04-26T23:24:33.769+0000] {processor.py:840} INFO - DAG(s) 'example_bash_operator' retrieved from /home/airflow/.local/lib/python3.12/site-packages/airflow/example_dags/example_bash_operator.py
[2026-04-26T23:24:33.882+0000] {logging_mixin.py:188} INFO - [2026-04-26T23:24:33.881+0000] {dag.py:3096} INFO - Sync 1 DAGs
[2026-04-26T23:24:33.892+0000] {logging_mixin.py:188} INFO - [2026-04-26T23:24:33.892+0000] {dag.py:3954} INFO - Setting next_dagrun for example_bash_operator to 2026-04-25 00:00:00+00:00, run_after=2026-04-26 00:00:00+00:00
[2026-04-26T23:24:33.908+0000] {processor.py:183} INFO - Processing /home/airflow/.local/lib/python3.12/site-packages/airflow/example_dags/example_bash_operator.py took 0.150 seconds
[2026-04-26T23:25:04.313+0000] {processor.py:161} INFO - Started process (PID=2018) to work on /home/airflow/.local/lib/python3.12/site-packages/airflow/example_dags/example_bash_operator.py
[2026-04-26T23:25:04.314+0000] {processor.py:830} INFO - Processing file /home/airflow/.local/lib/python3.12/site-packages/airflow/example_dags/example_bash_operator.py for tasks to queue
[2026-04-26T23:25:04.315+0000] {logging_mixin.py:188} INFO - [2026-04-26T23:25:04.315+0000] {dagbag.py:545} INFO - Filling up the DagBag from /home/airflow/.local/lib/python3.12/site-packages/airflow/example_dags/example_bash_operator.py
[2026-04-26T23:25:04.322+0000] {processor.py:840} INFO - DAG(s) 'example_bash_operator' retrieved from /home/airflow/.local/lib/python3.12/site-packages/airflow/example_dags/example_bash_operator.py
[2026-04-26T23:25:04.338+0000] {logging_mixin.py:188} INFO - [2026-04-26T23:25:04.338+0000] {dag.py:3096} INFO - Sync 1 DAGs
[2026-04-26T23:25:04.352+0000] {logging_mixin.py:188} INFO - [2026-04-26T23:25:04.352+0000] {dag.py:3954} INFO - Setting next_dagrun for example_bash_operator to 2026-04-25 00:00:00+00:00, run_after=2026-04-26 00:00:00+00:00
[2026-04-26T23:25:04.361+0000] {processor.py:183} INFO - Processing /home/airflow/.local/lib/python3.12/site-packages/airflow/example_dags/example_bash_operator.py took 0.052 seconds
[2026-04-26T23:25:35.060+0000] {processor.py:161} INFO - Started process (PID=2077) to work on /home/airflow/.local/lib/python3.12/site-packages/airflow/example_dags/example_bash_operator.py
[2026-04-26T23:25:35.060+0000] {processor.py:830} INFO - Processing file /home/airflow/.local/lib/python3.12/site-packages/airflow/example_dags/example_bash_operator.py for tasks to queue
[2026-04-26T23:25:35.061+0000] {logging_mixin.py:188} INFO - [2026-04-26T23:25:35.061+0000] {dagbag.py:545} INFO - Filling up the DagBag from /home/airflow/.local/lib/python3.12/site-packages/airflow/example_dags/example_bash_operator.py
[2026-04-26T23:25:35.068+0000] {processor.py:840} INFO - DAG(s) 'example_bash_operator' retrieved from /home/airflow/.local/lib/python3.12/site-packages/airflow/example_dags/example_bash_operator.py
[2026-04-26T23:25:35.084+0000] {logging_mixin.py:188} INFO - [2026-04-26T23:25:35.084+0000] {dag.py:3096} INFO - Sync 1 DAGs
[2026-04-26T23:25:35.097+0000] {logging_mixin.py:188} INFO - [2026-04-26T23:25:35.097+0000] {dag.py:3954} INFO - Setting next_dagrun for example_bash_operator to 2026-04-25 00:00:00+00:00, run_after=2026-04-26 00:00:00+00:00
[2026-04-26T23:25:35.109+0000] {processor.py:183} INFO - Processing /home/airflow/.local/lib/python3.12/site-packages/airflow/example_dags/example_bash_operator.py took 0.052 seconds
[2026-04-26T23:26:05.804+0000] {processor.py:161} INFO - Started process (PID=2136) to work on /home/airflow/.local/lib/python3.12/site-packages/airflow/example_dags/example_bash_operator.py
[2026-04-26T23:26:05.805+0000] {processor.py:830} INFO - Processing file /home/airflow/.local/lib/python3.12/site-packages/airflow/example_dags/example_bash_operator.py for tasks to queue
[2026-04-26T23:26:05.806+0000] {logging_mixin.py:188} INFO - [2026-04-26T23:26:05.806+0000] {dagbag.py:545} INFO - Filling up the DagBag from /home/airflow/.local/lib/python3.12/site-packages/airflow/example_dags/example_bash_operator.py
[2026-04-26T23:26:05.813+0000] {processor.py:840} INFO - DAG(s) 'example_bash_operator' retrieved from /home/airflow/.local/lib/python3.12/site-packages/airflow/example_dags/example_bash_operator.py
[2026-04-26T23:26:05.829+0000] {logging_mixin.py:188} INFO - [2026-04-26T23:26:05.829+0000] {dag.py:3096} INFO - Sync 1 DAGs
[2026-04-26T23:26:05.842+0000] {logging_mixin.py:188} INFO - [2026-04-26T23:26:05.841+0000] {dag.py:3954} INFO - Setting next_dagrun for example_bash_operator to 2026-04-25 00:00:00+00:00, run_after=2026-04-26 00:00:00+00:00
[2026-04-26T23:26:05.852+0000] {processor.py:183} INFO - Processing /home/airflow/.local/lib/python3.12/site-packages/airflow/example_dags/example_bash_operator.py took 0.051 seconds
[2026-04-26T23:26:36.561+0000] {processor.py:161} INFO - Started process (PID=2195) to work on /home/airflow/.local/lib/python3.12/site-packages/airflow/example_dags/example_bash_operator.py
[2026-04-26T23:26:36.561+0000] {processor.py:830} INFO - Processing file /home/airflow/.local/lib/python3.12/site-packages/airflow/example_dags/example_bash_operator.py for tasks to queue
[2026-04-26T23:26:36.562+0000] {logging_mixin.py:188} INFO - [2026-04-26T23:26:36.562+0000] {dagbag.py:545} INFO - Filling up the DagBag from /home/airflow/.local/lib/python3.12/site-packages/airflow/example_dags/example_bash_operator.py
[2026-04-26T23:26:36.569+0000] {processor.py:840} INFO - DAG(s) 'example_bash_operator' retrieved from /home/airflow/.local/lib/python3.12/site-packages/airflow/example_dags/example_bash_operator.py
[2026-04-26T23:26:36.584+0000] {logging_mixin.py:188} INFO - [2026-04-26T23:26:36.584+0000] {dag.py:3096} INFO - Sync 1 DAGs
[2026-04-26T23:26:36.597+0000] {logging_mixin.py:188} INFO - [2026-04-26T23:26:36.597+0000] {dag.py:3954} INFO - Setting next_dagrun for example_bash_operator to 2026-04-25 00:00:00+00:00, run_after=2026-04-26 00:00:00+00:00
[2026-04-26T23:26:36.606+0000] {processor.py:183} INFO - Processing /home/airflow/.local/lib/python3.12/site-packages/airflow/example_dags/example_bash_operator.py took 0.049 seconds
[2026-04-26T23:27:07.373+0000] {processor.py:161} INFO - Started process (PID=2254) to work on /home/airflow/.local/lib/python3.12/site-packages/airflow/example_dags/example_bash_operator.py
[2026-04-26T23:27:07.374+0000] {processor.py:830} INFO - Processing file /home/airflow/.local/lib/python3.12/site-packages/airflow/example_dags/example_bash_operator.py for tasks to queue
[2026-04-26T23:27:07.375+0000] {logging_mixin.py:188} INFO - [2026-04-26T23:27:07.374+0000] {dagbag.py:545} INFO - Filling up the DagBag from /home/airflow/.local/lib/python3.12/site-packages/airflow/example_dags/example_bash_operator.py
[2026-04-26T23:27:07.381+0000] {processor.py:840} INFO - DAG(s) 'example_bash_operator' retrieved from /home/airflow/.local/lib/python3.12/site-packages/airflow/example_dags/example_bash_operator.py
[2026-04-26T23:27:07.397+0000] {logging_mixin.py:188} INFO - [2026-04-26T23:27:07.397+0000] {dag.py:3096} INFO - Sync 1 DAGs
[2026-04-26T23:27:07.409+0000] {logging_mixin.py:188} INFO - [2026-04-26T23:27:07.409+0000] {dag.py:3954} INFO - Setting next_dagrun for example_bash_operator to 2026-04-25 00:00:00+00:00, run_after=2026-04-26 00:00:00+00:00
[2026-04-26T23:27:07.420+0000] {processor.py:183} INFO - Processing /home/airflow/.local/lib/python3.12/site-packages/airflow/example_dags/example_bash_operator.py took 0.051 seconds
[2026-04-26T23:27:38.097+0000] {processor.py:161} INFO - Started process (PID=2313) to work on /home/airflow/.local/lib/python3.12/site-packages/airflow/example_dags/example_bash_operator.py
[2026-04-26T23:27:38.097+0000] {processor.py:830} INFO - Processing file /home/airflow/.local/lib/python3.12/site-packages/airflow/example_dags/example_bash_operator.py for tasks to queue
[2026-04-26T23:27:38.098+0000] {logging_mixin.py:188} INFO - [2026-04-26T23:27:38.098+0000] {dagbag.py:545} INFO - Filling up the DagBag from /home/airflow/.local/lib/python3.12/site-packages/airflow/example_dags/example_bash_operator.py
[2026-04-26T23:27:38.104+0000] {processor.py:840} INFO - DAG(s) 'example_bash_operator' retrieved from /home/airflow/.local/lib/python3.12/site-packages/airflow/example_dags/example_bash_operator.py
[2026-04-26T23:27:38.119+0000] {logging_mixin.py:188} INFO - [2026-04-26T23:27:38.119+0000] {dag.py:3096} INFO - Sync 1 DAGs
[2026-04-26T23:27:38.133+0000] {logging_mixin.py:188} INFO - [2026-04-26T23:27:38.133+0000] {dag.py:3954} INFO - Setting next_dagrun for example_bash_operator to 2026-04-25 00:00:00+00:00, run_after=2026-04-26 00:00:00+00:00
[2026-04-26T23:27:38.143+0000] {processor.py:183} INFO - Processing /home/airflow/.local/lib/python3.12/site-packages/airflow/example_dags/example_bash_operator.py took 0.050 seconds
[2026-04-26T23:28:08.838+0000] {processor.py:161} INFO - Started process (PID=2372) to work on /home/airflow/.local/lib/python3.12/site-packages/airflow/example_dags/example_bash_operator.py
[2026-04-26T23:28:08.838+0000] {processor.py:830} INFO - Processing file /home/airflow/.local/lib/python3.12/site-packages/airflow/example_dags/example_bash_operator.py for tasks to queue
[2026-04-26T23:28:08.839+0000] {logging_mixin.py:188} INFO - [2026-04-26T23:28:08.839+0000] {dagbag.py:545} INFO - Filling up the DagBag from /home/airflow/.local/lib/python3.12/site-packages/airflow/example_dags/example_bash_operator.py
[2026-04-26T23:28:08.846+0000] {processor.py:840} INFO - DAG(s) 'example_bash_operator' retrieved from /home/airflow/.local/lib/python3.12/site-packages/airflow/example_dags/example_bash_operator.py
[2026-04-26T23:28:08.862+0000] {logging_mixin.py:188} INFO - [2026-04-26T23:28:08.861+0000] {dag.py:3096} INFO - Sync 1 DAGs
[2026-04-26T23:28:08.874+0000] {logging_mixin.py:188} INFO - [2026-04-26T23:28:08.874+0000] {dag.py:3954} INFO - Setting next_dagrun for example_bash_operator to 2026-04-25 00:00:00+00:00, run_after=2026-04-26 00:00:00+00:00
[2026-04-26T23:28:08.884+0000] {processor.py:183} INFO - Processing /home/airflow/.local/lib/python3.12/site-packages/airflow/example_dags/example_bash_operator.py took 0.050 seconds
[2026-04-26T23:28:39.600+0000] {processor.py:161} INFO - Started process (PID=2431) to work on /home/airflow/.local/lib/python3.12/site-packages/airflow/example_dags/example_bash_operator.py
[2026-04-26T23:28:39.600+0000] {processor.py:830} INFO - Processing file /home/airflow/.local/lib/python3.12/site-packages/airflow/example_dags/example_bash_operator.py for tasks to queue
[2026-04-26T23:28:39.602+0000] {logging_mixin.py:188} INFO - [2026-04-26T23:28:39.601+0000] {dagbag.py:545} INFO - Filling up the DagBag from /home/airflow/.local/lib/python3.12/site-packages/airflow/example_dags/example_bash_operator.py
[2026-04-26T23:28:39.609+0000] {processor.py:840} INFO - DAG(s) 'example_bash_operator' retrieved from /home/airflow/.local/lib/python3.12/site-packages/airflow/example_dags/example_bash_operator.py
[2026-04-26T23:28:39.632+0000] {logging_mixin.py:188} INFO - [2026-04-26T23:28:39.631+0000] {dag.py:3096} INFO - Sync 1 DAGs
[2026-04-26T23:28:39.654+0000] {logging_mixin.py:188} INFO - [2026-04-26T23:28:39.654+0000] {dag.py:3954} INFO - Setting next_dagrun for example_bash_operator to 2026-04-25 00:00:00+00:00, run_after=2026-04-26 00:00:00+00:00
[2026-04-26T23:28:39.671+0000] {processor.py:183} INFO - Processing /home/airflow/.local/lib/python3.12/site-packages/airflow/example_dags/example_bash_operator.py took 0.075 seconds
[2026-04-26T23:29:09.829+0000] {processor.py:161} INFO - Started process (PID=2490) to work on /home/airflow/.local/lib/python3.12/site-packages/airflow/example_dags/example_bash_operator.py
[2026-04-26T23:29:09.830+0000] {processor.py:830} INFO - Processing file /home/airflow/.local/lib/python3.12/site-packages/airflow/example_dags/example_bash_operator.py for tasks to queue
[2026-04-26T23:29:09.831+0000] {logging_mixin.py:188} INFO - [2026-04-26T23:29:09.831+0000] {dagbag.py:545} INFO - Filling up the DagBag from /home/airflow/.local/lib/python3.12/site-packages/airflow/example_dags/example_bash_operator.py
[2026-04-26T23:29:09.838+0000] {processor.py:840} INFO - DAG(s) 'example_bash_operator' retrieved from /home/airflow/.local/lib/python3.12/site-packages/airflow/example_dags/example_bash_operator.py
[2026-04-26T23:29:09.852+0000] {logging_mixin.py:188} INFO - [2026-04-26T23:29:09.852+0000] {dag.py:3096} INFO - Sync 1 DAGs
[2026-04-26T23:29:09.864+0000] {logging_mixin.py:188} INFO - [2026-04-26T23:29:09.864+0000] {dag.py:3954} INFO - Setting next_dagrun for example_bash_operator to 2026-04-25 00:00:00+00:00, run_after=2026-04-26 00:00:00+00:00
[2026-04-26T23:29:09.874+0000] {processor.py:183} INFO - Processing /home/airflow/.local/lib/python3.12/site-packages/airflow/example_dags/example_bash_operator.py took 0.049 seconds
[2026-04-26T23:29:40.637+0000] {processor.py:161} INFO - Started process (PID=2549) to work on /home/airflow/.local/lib/python3.12/site-packages/airflow/example_dags/example_bash_operator.py
[2026-04-26T23:29:40.638+0000] {processor.py:830} INFO - Processing file /home/airflow/.local/lib/python3.12/site-packages/airflow/example_dags/example_bash_operator.py for tasks to queue
[2026-04-26T23:29:40.639+0000] {logging_mixin.py:188} INFO - [2026-04-26T23:29:40.638+0000] {dagbag.py:545} INFO - Filling up the DagBag from /home/airflow/.local/lib/python3.12/site-packages/airflow/example_dags/example_bash_operator.py
[2026-04-26T23:29:40.646+0000] {processor.py:840} INFO - DAG(s) 'example_bash_operator' retrieved from /home/airflow/.local/lib/python3.12/site-packages/airflow/example_dags/example_bash_operator.py
[2026-04-26T23:29:40.662+0000] {logging_mixin.py:188} INFO - [2026-04-26T23:29:40.662+0000] {dag.py:3096} INFO - Sync 1 DAGs
[2026-04-26T23:29:40.676+0000] {logging_mixin.py:188} INFO - [2026-04-26T23:29:40.676+0000] {dag.py:3954} INFO - Setting next_dagrun for example_bash_operator to 2026-04-25 00:00:00+00:00, run_after=2026-04-26 00:00:00+00:00
[2026-04-26T23:29:40.685+0000] {processor.py:183} INFO - Processing /home/airflow/.local/lib/python3.12/site-packages/airflow/example_dags/example_bash_operator.py took 0.051 seconds
[2026-04-26T23:30:11.434+0000] {processor.py:161} INFO - Started process (PID=2608) to work on /home/airflow/.local/lib/python3.12/site-packages/airflow/example_dags/example_bash_operator.py
[2026-04-26T23:30:11.434+0000] {processor.py:830} INFO - Processing file /home/airflow/.local/lib/python3.12/site-packages/airflow/example_dags/example_bash_operator.py for tasks to queue
[2026-04-26T23:30:11.435+0000] {logging_mixin.py:188} INFO - [2026-04-26T23:30:11.435+0000] {dagbag.py:545} INFO - Filling up the DagBag from /home/airflow/.local/lib/python3.12/site-packages/airflow/example_dags/example_bash_operator.py
[2026-04-26T23:30:11.442+0000] {processor.py:840} INFO - DAG(s) 'example_bash_operator' retrieved from /home/airflow/.local/lib/python3.12/site-packages/airflow/example_dags/example_bash_operator.py
[2026-04-26T23:30:11.456+0000] {logging_mixin.py:188} INFO - [2026-04-26T23:30:11.456+0000] {dag.py:3096} INFO - Sync 1 DAGs
[2026-04-26T23:30:11.468+0000] {logging_mixin.py:188} INFO - [2026-04-26T23:30:11.468+0000] {dag.py:3954} INFO - Setting next_dagrun for example_bash_operator to 2026-04-25 00:00:00+00:00, run_after=2026-04-26 00:00:00+00:00
[2026-04-26T23:30:11.477+0000] {processor.py:183} INFO - Processing /home/airflow/.local/lib/python3.12/site-packages/airflow/example_dags/example_bash_operator.py took 0.046 seconds
[2026-04-26T23:30:42.135+0000] {processor.py:161} INFO - Started process (PID=2667) to work on /home/airflow/.local/lib/python3.12/site-packages/airflow/example_dags/example_bash_operator.py
[2026-04-26T23:30:42.136+0000] {processor.py:830} INFO - Processing file /home/airflow/.local/lib/python3.12/site-packages/airflow/example_dags/example_bash_operator.py for tasks to queue
[2026-04-26T23:30:42.137+0000] {logging_mixin.py:188} INFO - [2026-04-26T23:30:42.136+0000] {dagbag.py:545} INFO - Filling up the DagBag from /home/airflow/.local/lib/python3.12/site-packages/airflow/example_dags/example_bash_operator.py
[2026-04-26T23:30:42.143+0000] {processor.py:840} INFO - DAG(s) 'example_bash_operator' retrieved from /home/airflow/.local/lib/python3.12/site-packages/airflow/example_dags/example_bash_operator.py
[2026-04-26T23:30:42.157+0000] {logging_mixin.py:188} INFO - [2026-04-26T23:30:42.157+0000] {dag.py:3096} INFO - Sync 1 DAGs
[2026-04-26T23:30:42.170+0000] {logging_mixin.py:188} INFO - [2026-04-26T23:30:42.170+0000] {dag.py:3954} INFO - Setting next_dagrun for example_bash_operator to 2026-04-25 00:00:00+00:00, run_after=2026-04-26 00:00:00+00:00
[2026-04-26T23:30:42.179+0000] {processor.py:183} INFO - Processing /home/airflow/.local/lib/python3.12/site-packages/airflow/example_dags/example_bash_operator.py took 0.047 seconds
[2026-04-26T23:31:12.902+0000] {processor.py:161} INFO - Started process (PID=2726) to work on /home/airflow/.local/lib/python3.12/site-packages/airflow/example_dags/example_bash_operator.py
[2026-04-26T23:31:12.902+0000] {processor.py:830} INFO - Processing file /home/airflow/.local/lib/python3.12/site-packages/airflow/example_dags/example_bash_operator.py for tasks to queue
[2026-04-26T23:31:12.903+0000] {logging_mixin.py:188} INFO - [2026-04-26T23:31:12.903+0000] {dagbag.py:545} INFO - Filling up the DagBag from /home/airflow/.local/lib/python3.12/site-packages/airflow/example_dags/example_bash_operator.py
[2026-04-26T23:31:12.910+0000] {processor.py:840} INFO - DAG(s) 'example_bash_operator' retrieved from /home/airflow/.local/lib/python3.12/site-packages/airflow/example_dags/example_bash_operator.py
[2026-04-26T23:31:12.924+0000] {logging_mixin.py:188} INFO - [2026-04-26T23:31:12.924+0000] {dag.py:3096} INFO - Sync 1 DAGs
[2026-04-26T23:31:12.937+0000] {logging_mixin.py:188} INFO - [2026-04-26T23:31:12.936+0000] {dag.py:3954} INFO - Setting next_dagrun for example_bash_operator to 2026-04-25 00:00:00+00:00, run_after=2026-04-26 00:00:00+00:00
[2026-04-26T23:31:12.946+0000] {processor.py:183} INFO - Processing /home/airflow/.local/lib/python3.12/site-packages/airflow/example_dags/example_bash_operator.py took 0.048 seconds
[2026-04-26T23:31:43.647+0000] {processor.py:161} INFO - Started process (PID=2785) to work on /home/airflow/.local/lib/python3.12/site-packages/airflow/example_dags/example_bash_operator.py
[2026-04-26T23:31:43.647+0000] {processor.py:830} INFO - Processing file /home/airflow/.local/lib/python3.12/site-packages/airflow/example_dags/example_bash_operator.py for tasks to queue
[2026-04-26T23:31:43.648+0000] {logging_mixin.py:188} INFO - [2026-04-26T23:31:43.648+0000] {dagbag.py:545} INFO - Filling up the DagBag from /home/airflow/.local/lib/python3.12/site-packages/airflow/example_dags/example_bash_operator.py
[2026-04-26T23:31:43.655+0000] {processor.py:840} INFO - DAG(s) 'example_bash_operator' retrieved from /home/airflow/.local/lib/python3.12/site-packages/airflow/example_dags/example_bash_operator.py
[2026-04-26T23:31:43.669+0000] {logging_mixin.py:188} INFO - [2026-04-26T23:31:43.669+0000] {dag.py:3096} INFO - Sync 1 DAGs
[2026-04-26T23:31:43.682+0000] {logging_mixin.py:188} INFO - [2026-04-26T23:31:43.682+0000] {dag.py:3954} INFO - Setting next_dagrun for example_bash_operator to 2026-04-25 00:00:00+00:00, run_after=2026-04-26 00:00:00+00:00
[2026-04-26T23:31:43.692+0000] {processor.py:183} INFO - Processing /home/airflow/.local/lib/python3.12/site-packages/airflow/example_dags/example_bash_operator.py took 0.049 seconds
[2026-04-26T23:32:14.572+0000] {processor.py:161} INFO - Started process (PID=2844) to work on /home/airflow/.local/lib/python3.12/site-packages/airflow/example_dags/example_bash_operator.py
[2026-04-26T23:32:14.572+0000] {processor.py:830} INFO - Processing file /home/airflow/.local/lib/python3.12/site-packages/airflow/example_dags/example_bash_operator.py for tasks to queue
[2026-04-26T23:32:14.573+0000] {logging_mixin.py:188} INFO - [2026-04-26T23:32:14.573+0000] {dagbag.py:545} INFO - Filling up the DagBag from /home/airflow/.local/lib/python3.12/site-packages/airflow/example_dags/example_bash_operator.py
[2026-04-26T23:32:14.582+0000] {processor.py:840} INFO - DAG(s) 'example_bash_operator' retrieved from /home/airflow/.local/lib/python3.12/site-packages/airflow/example_dags/example_bash_operator.py
[2026-04-26T23:32:14.600+0000] {logging_mixin.py:188} INFO - [2026-04-26T23:32:14.600+0000] {dag.py:3096} INFO - Sync 1 DAGs
[2026-04-26T23:32:14.615+0000] {logging_mixin.py:188} INFO - [2026-04-26T23:32:14.615+0000] {dag.py:3954} INFO - Setting next_dagrun for example_bash_operator to 2026-04-25 00:00:00+00:00, run_after=2026-04-26 00:00:00+00:00
[2026-04-26T23:32:14.626+0000] {processor.py:183} INFO - Processing /home/airflow/.local/lib/python3.12/site-packages/airflow/example_dags/example_bash_operator.py took 0.059 seconds
[2026-04-26T23:32:44.854+0000] {processor.py:161} INFO - Started process (PID=2903) to work on /home/airflow/.local/lib/python3.12/site-packages/airflow/example_dags/example_bash_operator.py
[2026-04-26T23:32:44.855+0000] {processor.py:830} INFO - Processing file /home/airflow/.local/lib/python3.12/site-packages/airflow/example_dags/example_bash_operator.py for tasks to queue
[2026-04-26T23:32:44.856+0000] {logging_mixin.py:188} INFO - [2026-04-26T23:32:44.856+0000] {dagbag.py:545} INFO - Filling up the DagBag from /home/airflow/.local/lib/python3.12/site-packages/airflow/example_dags/example_bash_operator.py
[2026-04-26T23:32:44.864+0000] {processor.py:840} INFO - DAG(s) 'example_bash_operator' retrieved from /home/airflow/.local/lib/python3.12/site-packages/airflow/example_dags/example_bash_operator.py
[2026-04-26T23:32:44.881+0000] {logging_mixin.py:188} INFO - [2026-04-26T23:32:44.881+0000] {dag.py:3096} INFO - Sync 1 DAGs
[2026-04-26T23:32:44.896+0000] {logging_mixin.py:188} INFO - [2026-04-26T23:32:44.896+0000] {dag.py:3954} INFO - Setting next_dagrun for example_bash_operator to 2026-04-25 00:00:00+00:00, run_after=2026-04-26 00:00:00+00:00
[2026-04-26T23:32:44.925+0000] {processor.py:183} INFO - Processing /home/airflow/.local/lib/python3.12/site-packages/airflow/example_dags/example_bash_operator.py took 0.075 seconds
[2026-04-26T23:33:15.884+0000] {processor.py:161} INFO - Started process (PID=2962) to work on /home/airflow/.local/lib/python3.12/site-packages/airflow/example_dags/example_bash_operator.py
[2026-04-26T23:33:15.885+0000] {processor.py:830} INFO - Processing file /home/airflow/.local/lib/python3.12/site-packages/airflow/example_dags/example_bash_operator.py for tasks to queue
[2026-04-26T23:33:15.886+0000] {logging_mixin.py:188} INFO - [2026-04-26T23:33:15.885+0000] {dagbag.py:545} INFO - Filling up the DagBag from /home/airflow/.local/lib/python3.12/site-packages/airflow/example_dags/example_bash_operator.py
[2026-04-26T23:33:15.892+0000] {processor.py:840} INFO - DAG(s) 'example_bash_operator' retrieved from /home/airflow/.local/lib/python3.12/site-packages/airflow/example_dags/example_bash_operator.py
[2026-04-26T23:33:15.908+0000] {logging_mixin.py:188} INFO - [2026-04-26T23:33:15.908+0000] {dag.py:3096} INFO - Sync 1 DAGs
[2026-04-26T23:33:15.921+0000] {logging_mixin.py:188} INFO - [2026-04-26T23:33:15.921+0000] {dag.py:3954} INFO - Setting next_dagrun for example_bash_operator to 2026-04-25 00:00:00+00:00, run_after=2026-04-26 00:00:00+00:00
[2026-04-26T23:33:15.932+0000] {processor.py:183} INFO - Processing /home/airflow/.local/lib/python3.12/site-packages/airflow/example_dags/example_bash_operator.py took 0.052 seconds
[2026-04-26T23:33:46.891+0000] {processor.py:161} INFO - Started process (PID=3026) to work on /home/airflow/.local/lib/python3.12/site-packages/airflow/example_dags/example_bash_operator.py
[2026-04-26T23:33:46.891+0000] {processor.py:830} INFO - Processing file /home/airflow/.local/lib/python3.12/site-packages/airflow/example_dags/example_bash_operator.py for tasks to queue
[2026-04-26T23:33:46.893+0000] {logging_mixin.py:188} INFO - [2026-04-26T23:33:46.892+0000] {dagbag.py:545} INFO - Filling up the DagBag from /home/airflow/.local/lib/python3.12/site-packages/airflow/example_dags/example_bash_operator.py
[2026-04-26T23:33:46.900+0000] {processor.py:840} INFO - DAG(s) 'example_bash_operator' retrieved from /home/airflow/.local/lib/python3.12/site-packages/airflow/example_dags/example_bash_operator.py
[2026-04-26T23:33:46.916+0000] {logging_mixin.py:188} INFO - [2026-04-26T23:33:46.916+0000] {dag.py:3096} INFO - Sync 1 DAGs
[2026-04-26T23:33:46.930+0000] {logging_mixin.py:188} INFO - [2026-04-26T23:33:46.930+0000] {dag.py:3954} INFO - Setting next_dagrun for example_bash_operator to 2026-04-25 00:00:00+00:00, run_after=2026-04-26 00:00:00+00:00
[2026-04-26T23:33:46.939+0000] {processor.py:183} INFO - Processing /home/airflow/.local/lib/python3.12/site-packages/airflow/example_dags/example_bash_operator.py took 0.051 seconds
[2026-04-26T23:34:16.997+0000] {processor.py:161} INFO - Started process (PID=3085) to work on /home/airflow/.local/lib/python3.12/site-packages/airflow/example_dags/example_bash_operator.py
[2026-04-26T23:34:16.998+0000] {processor.py:830} INFO - Processing file /home/airflow/.local/lib/python3.12/site-packages/airflow/example_dags/example_bash_operator.py for tasks to queue
[2026-04-26T23:34:16.999+0000] {logging_mixin.py:188} INFO - [2026-04-26T23:34:16.998+0000] {dagbag.py:545} INFO - Filling up the DagBag from /home/airflow/.local/lib/python3.12/site-packages/airflow/example_dags/example_bash_operator.py
[2026-04-26T23:34:17.005+0000] {processor.py:840} INFO - DAG(s) 'example_bash_operator' retrieved from /home/airflow/.local/lib/python3.12/site-packages/airflow/example_dags/example_bash_operator.py
[2026-04-26T23:34:17.021+0000] {logging_mixin.py:188} INFO - [2026-04-26T23:34:17.021+0000] {dag.py:3096} INFO - Sync 1 DAGs
[2026-04-26T23:34:17.033+0000] {logging_mixin.py:188} INFO - [2026-04-26T23:34:17.033+0000] {dag.py:3954} INFO - Setting next_dagrun for example_bash_operator to 2026-04-25 00:00:00+00:00, run_after=2026-04-26 00:00:00+00:00
[2026-04-26T23:34:17.044+0000] {processor.py:183} INFO - Processing /home/airflow/.local/lib/python3.12/site-packages/airflow/example_dags/example_bash_operator.py took 0.051 seconds
[2026-04-26T23:34:47.141+0000] {processor.py:161} INFO - Started process (PID=3143) to work on /home/airflow/.local/lib/python3.12/site-packages/airflow/example_dags/example_bash_operator.py
[2026-04-26T23:34:47.142+0000] {processor.py:830} INFO - Processing file /home/airflow/.local/lib/python3.12/site-packages/airflow/example_dags/example_bash_operator.py for tasks to queue
[2026-04-26T23:34:47.143+0000] {logging_mixin.py:188} INFO - [2026-04-26T23:34:47.143+0000] {dagbag.py:545} INFO - Filling up the DagBag from /home/airflow/.local/lib/python3.12/site-packages/airflow/example_dags/example_bash_operator.py
[2026-04-26T23:34:47.152+0000] {processor.py:840} INFO - DAG(s) 'example_bash_operator' retrieved from /home/airflow/.local/lib/python3.12/site-packages/airflow/example_dags/example_bash_operator.py
[2026-04-26T23:34:47.169+0000] {logging_mixin.py:188} INFO - [2026-04-26T23:34:47.169+0000] {dag.py:3096} INFO - Sync 1 DAGs
[2026-04-26T23:34:47.184+0000] {logging_mixin.py:188} INFO - [2026-04-26T23:34:47.184+0000] {dag.py:3954} INFO - Setting next_dagrun for example_bash_operator to 2026-04-25 00:00:00+00:00, run_after=2026-04-26 00:00:00+00:00
[2026-04-26T23:34:47.194+0000] {processor.py:183} INFO - Processing /home/airflow/.local/lib/python3.12/site-packages/airflow/example_dags/example_bash_operator.py took 0.057 seconds
[2026-04-26T23:35:17.827+0000] {processor.py:161} INFO - Started process (PID=3203) to work on /home/airflow/.local/lib/python3.12/site-packages/airflow/example_dags/example_bash_operator.py
[2026-04-26T23:35:17.827+0000] {processor.py:830} INFO - Processing file /home/airflow/.local/lib/python3.12/site-packages/airflow/example_dags/example_bash_operator.py for tasks to queue
[2026-04-26T23:35:17.828+0000] {logging_mixin.py:188} INFO - [2026-04-26T23:35:17.828+0000] {dagbag.py:545} INFO - Filling up the DagBag from /home/airflow/.local/lib/python3.12/site-packages/airflow/example_dags/example_bash_operator.py
[2026-04-26T23:35:17.834+0000] {processor.py:840} INFO - DAG(s) 'example_bash_operator' retrieved from /home/airflow/.local/lib/python3.12/site-packages/airflow/example_dags/example_bash_operator.py
[2026-04-26T23:35:17.849+0000] {logging_mixin.py:188} INFO - [2026-04-26T23:35:17.849+0000] {dag.py:3096} INFO - Sync 1 DAGs
[2026-04-26T23:35:17.861+0000] {logging_mixin.py:188} INFO - [2026-04-26T23:35:17.861+0000] {dag.py:3954} INFO - Setting next_dagrun for example_bash_operator to 2026-04-25 00:00:00+00:00, run_after=2026-04-26 00:00:00+00:00
[2026-04-26T23:35:17.872+0000] {processor.py:183} INFO - Processing /home/airflow/.local/lib/python3.12/site-packages/airflow/example_dags/example_bash_operator.py took 0.049 seconds
[2026-04-26T23:35:48.585+0000] {processor.py:161} INFO - Started process (PID=3262) to work on /home/airflow/.local/lib/python3.12/site-packages/airflow/example_dags/example_bash_operator.py
[2026-04-26T23:35:48.586+0000] {processor.py:830} INFO - Processing file /home/airflow/.local/lib/python3.12/site-packages/airflow/example_dags/example_bash_operator.py for tasks to queue
[2026-04-26T23:35:48.587+0000] {logging_mixin.py:188} INFO - [2026-04-26T23:35:48.587+0000] {dagbag.py:545} INFO - Filling up the DagBag from /home/airflow/.local/lib/python3.12/site-packages/airflow/example_dags/example_bash_operator.py
[2026-04-26T23:35:48.594+0000] {processor.py:840} INFO - DAG(s) 'example_bash_operator' retrieved from /home/airflow/.local/lib/python3.12/site-packages/airflow/example_dags/example_bash_operator.py
[2026-04-26T23:35:48.609+0000] {logging_mixin.py:188} INFO - [2026-04-26T23:35:48.609+0000] {dag.py:3096} INFO - Sync 1 DAGs
[2026-04-26T23:35:48.623+0000] {logging_mixin.py:188} INFO - [2026-04-26T23:35:48.623+0000] {dag.py:3954} INFO - Setting next_dagrun for example_bash_operator to 2026-04-25 00:00:00+00:00, run_after=2026-04-26 00:00:00+00:00
[2026-04-26T23:35:48.633+0000] {processor.py:183} INFO - Processing /home/airflow/.local/lib/python3.12/site-packages/airflow/example_dags/example_bash_operator.py took 0.051 seconds
[2026-04-26T23:36:19.333+0000] {processor.py:161} INFO - Started process (PID=3321) to work on /home/airflow/.local/lib/python3.12/site-packages/airflow/example_dags/example_bash_operator.py
[2026-04-26T23:36:19.333+0000] {processor.py:830} INFO - Processing file /home/airflow/.local/lib/python3.12/site-packages/airflow/example_dags/example_bash_operator.py for tasks to queue
[2026-04-26T23:36:19.334+0000] {logging_mixin.py:188} INFO - [2026-04-26T23:36:19.334+0000] {dagbag.py:545} INFO - Filling up the DagBag from /home/airflow/.local/lib/python3.12/site-packages/airflow/example_dags/example_bash_operator.py
[2026-04-26T23:36:19.341+0000] {processor.py:840} INFO - DAG(s) 'example_bash_operator' retrieved from /home/airflow/.local/lib/python3.12/site-packages/airflow/example_dags/example_bash_operator.py
[2026-04-26T23:36:19.355+0000] {logging_mixin.py:188} INFO - [2026-04-26T23:36:19.355+0000] {dag.py:3096} INFO - Sync 1 DAGs
[2026-04-26T23:36:19.368+0000] {logging_mixin.py:188} INFO - [2026-04-26T23:36:19.368+0000] {dag.py:3954} INFO - Setting next_dagrun for example_bash_operator to 2026-04-25 00:00:00+00:00, run_after=2026-04-26 00:00:00+00:00
[2026-04-26T23:36:19.377+0000] {processor.py:183} INFO - Processing /home/airflow/.local/lib/python3.12/site-packages/airflow/example_dags/example_bash_operator.py took 0.048 seconds
[2026-04-26T23:36:49.967+0000] {processor.py:161} INFO - Started process (PID=3380) to work on /home/airflow/.local/lib/python3.12/site-packages/airflow/example_dags/example_bash_operator.py
[2026-04-26T23:36:49.967+0000] {processor.py:830} INFO - Processing file /home/airflow/.local/lib/python3.12/site-packages/airflow/example_dags/example_bash_operator.py for tasks to queue
[2026-04-26T23:36:49.968+0000] {logging_mixin.py:188} INFO - [2026-04-26T23:36:49.968+0000] {dagbag.py:545} INFO - Filling up the DagBag from /home/airflow/.local/lib/python3.12/site-packages/airflow/example_dags/example_bash_operator.py
[2026-04-26T23:36:49.976+0000] {processor.py:840} INFO - DAG(s) 'example_bash_operator' retrieved from /home/airflow/.local/lib/python3.12/site-packages/airflow/example_dags/example_bash_operator.py
[2026-04-26T23:36:49.991+0000] {logging_mixin.py:188} INFO - [2026-04-26T23:36:49.991+0000] {dag.py:3096} INFO - Sync 1 DAGs
[2026-04-26T23:36:50.004+0000] {logging_mixin.py:188} INFO - [2026-04-26T23:36:50.004+0000] {dag.py:3954} INFO - Setting next_dagrun for example_bash_operator to 2026-04-25 00:00:00+00:00, run_after=2026-04-26 00:00:00+00:00
[2026-04-26T23:36:50.014+0000] {processor.py:183} INFO - Processing /home/airflow/.local/lib/python3.12/site-packages/airflow/example_dags/example_bash_operator.py took 0.051 seconds
[2026-04-26T23:37:20.745+0000] {processor.py:161} INFO - Started process (PID=3445) to work on /home/airflow/.local/lib/python3.12/site-packages/airflow/example_dags/example_bash_operator.py
[2026-04-26T23:37:20.746+0000] {processor.py:830} INFO - Processing file /home/airflow/.local/lib/python3.12/site-packages/airflow/example_dags/example_bash_operator.py for tasks to queue
[2026-04-26T23:37:20.747+0000] {logging_mixin.py:188} INFO - [2026-04-26T23:37:20.747+0000] {dagbag.py:545} INFO - Filling up the DagBag from /home/airflow/.local/lib/python3.12/site-packages/airflow/example_dags/example_bash_operator.py
[2026-04-26T23:37:20.755+0000] {processor.py:840} INFO - DAG(s) 'example_bash_operator' retrieved from /home/airflow/.local/lib/python3.12/site-packages/airflow/example_dags/example_bash_operator.py
[2026-04-26T23:37:20.775+0000] {logging_mixin.py:188} INFO - [2026-04-26T23:37:20.775+0000] {dag.py:3096} INFO - Sync 1 DAGs
[2026-04-26T23:37:20.791+0000] {logging_mixin.py:188} INFO - [2026-04-26T23:37:20.791+0000] {dag.py:3954} INFO - Setting next_dagrun for example_bash_operator to 2026-04-25 00:00:00+00:00, run_after=2026-04-26 00:00:00+00:00
[2026-04-26T23:37:20.801+0000] {processor.py:183} INFO - Processing /home/airflow/.local/lib/python3.12/site-packages/airflow/example_dags/example_bash_operator.py took 0.060 seconds
[2026-04-26T23:37:51.473+0000] {processor.py:161} INFO - Started process (PID=3504) to work on /home/airflow/.local/lib/python3.12/site-packages/airflow/example_dags/example_bash_operator.py
[2026-04-26T23:37:51.473+0000] {processor.py:830} INFO - Processing file /home/airflow/.local/lib/python3.12/site-packages/airflow/example_dags/example_bash_operator.py for tasks to queue
[2026-04-26T23:37:51.474+0000] {logging_mixin.py:188} INFO - [2026-04-26T23:37:51.474+0000] {dagbag.py:545} INFO - Filling up the DagBag from /home/airflow/.local/lib/python3.12/site-packages/airflow/example_dags/example_bash_operator.py
[2026-04-26T23:37:51.481+0000] {processor.py:840} INFO - DAG(s) 'example_bash_operator' retrieved from /home/airflow/.local/lib/python3.12/site-packages/airflow/example_dags/example_bash_operator.py
[2026-04-26T23:37:51.496+0000] {logging_mixin.py:188} INFO - [2026-04-26T23:37:51.496+0000] {dag.py:3096} INFO - Sync 1 DAGs
[2026-04-26T23:37:51.508+0000] {logging_mixin.py:188} INFO - [2026-04-26T23:37:51.508+0000] {dag.py:3954} INFO - Setting next_dagrun for example_bash_operator to 2026-04-25 00:00:00+00:00, run_after=2026-04-26 00:00:00+00:00
[2026-04-26T23:37:51.517+0000] {processor.py:183} INFO - Processing /home/airflow/.local/lib/python3.12/site-packages/airflow/example_dags/example_bash_operator.py took 0.049 seconds
[2026-04-26T23:38:22.192+0000] {processor.py:161} INFO - Started process (PID=3563) to work on /home/airflow/.local/lib/python3.12/site-packages/airflow/example_dags/example_bash_operator.py
[2026-04-26T23:38:22.192+0000] {processor.py:830} INFO - Processing file /home/airflow/.local/lib/python3.12/site-packages/airflow/example_dags/example_bash_operator.py for tasks to queue
[2026-04-26T23:38:22.193+0000] {logging_mixin.py:188} INFO - [2026-04-26T23:38:22.193+0000] {dagbag.py:545} INFO - Filling up the DagBag from /home/airflow/.local/lib/python3.12/site-packages/airflow/example_dags/example_bash_operator.py
[2026-04-26T23:38:22.200+0000] {processor.py:840} INFO - DAG(s) 'example_bash_operator' retrieved from /home/airflow/.local/lib/python3.12/site-packages/airflow/example_dags/example_bash_operator.py
[2026-04-26T23:38:22.218+0000] {logging_mixin.py:188} INFO - [2026-04-26T23:38:22.218+0000] {dag.py:3096} INFO - Sync 1 DAGs
[2026-04-26T23:38:22.234+0000] {logging_mixin.py:188} INFO - [2026-04-26T23:38:22.234+0000] {dag.py:3954} INFO - Setting next_dagrun for example_bash_operator to 2026-04-25 00:00:00+00:00, run_after=2026-04-26 00:00:00+00:00
[2026-04-26T23:38:22.245+0000] {processor.py:183} INFO - Processing /home/airflow/.local/lib/python3.12/site-packages/airflow/example_dags/example_bash_operator.py took 0.057 seconds
[2026-04-26T23:38:47.173+0000] {processor.py:161} INFO - Started process (PID=105) to work on /home/airflow/.local/lib/python3.12/site-packages/airflow/example_dags/example_bash_operator.py
[2026-04-26T23:38:47.173+0000] {processor.py:830} INFO - Processing file /home/airflow/.local/lib/python3.12/site-packages/airflow/example_dags/example_bash_operator.py for tasks to queue
[2026-04-26T23:38:47.174+0000] {logging_mixin.py:188} INFO - [2026-04-26T23:38:47.174+0000] {dagbag.py:545} INFO - Filling up the DagBag from /home/airflow/.local/lib/python3.12/site-packages/airflow/example_dags/example_bash_operator.py
[2026-04-26T23:38:47.181+0000] {processor.py:840} INFO - DAG(s) 'example_bash_operator' retrieved from /home/airflow/.local/lib/python3.12/site-packages/airflow/example_dags/example_bash_operator.py
[2026-04-26T23:38:47.188+0000] {logging_mixin.py:188} INFO - [2026-04-26T23:38:47.188+0000] {dag.py:3096} INFO - Sync 1 DAGs
[2026-04-26T23:38:47.205+0000] {logging_mixin.py:188} INFO - [2026-04-26T23:38:47.204+0000] {dag.py:3954} INFO - Setting next_dagrun for example_bash_operator to 2026-04-25 00:00:00+00:00, run_after=2026-04-26 00:00:00+00:00
[2026-04-26T23:38:47.215+0000] {processor.py:183} INFO - Processing /home/airflow/.local/lib/python3.12/site-packages/airflow/example_dags/example_bash_operator.py took 0.045 seconds
[2026-04-26T23:39:18.480+0000] {processor.py:161} INFO - Started process (PID=164) to work on /home/airflow/.local/lib/python3.12/site-packages/airflow/example_dags/example_bash_operator.py
[2026-04-26T23:39:18.481+0000] {processor.py:830} INFO - Processing file /home/airflow/.local/lib/python3.12/site-packages/airflow/example_dags/example_bash_operator.py for tasks to queue
[2026-04-26T23:39:18.482+0000] {logging_mixin.py:188} INFO - [2026-04-26T23:39:18.482+0000] {dagbag.py:545} INFO - Filling up the DagBag from /home/airflow/.local/lib/python3.12/site-packages/airflow/example_dags/example_bash_operator.py
[2026-04-26T23:39:18.488+0000] {processor.py:840} INFO - DAG(s) 'example_bash_operator' retrieved from /home/airflow/.local/lib/python3.12/site-packages/airflow/example_dags/example_bash_operator.py
[2026-04-26T23:39:18.546+0000] {logging_mixin.py:188} INFO - [2026-04-26T23:39:18.546+0000] {dag.py:3096} INFO - Sync 1 DAGs
[2026-04-26T23:39:18.557+0000] {logging_mixin.py:188} INFO - [2026-04-26T23:39:18.557+0000] {dag.py:3954} INFO - Setting next_dagrun for example_bash_operator to 2026-04-25 00:00:00+00:00, run_after=2026-04-26 00:00:00+00:00
[2026-04-26T23:39:18.566+0000] {processor.py:183} INFO - Processing /home/airflow/.local/lib/python3.12/site-packages/airflow/example_dags/example_bash_operator.py took 0.089 seconds
[2026-04-26T23:39:48.598+0000] {processor.py:161} INFO - Started process (PID=223) to work on /home/airflow/.local/lib/python3.12/site-packages/airflow/example_dags/example_bash_operator.py
[2026-04-26T23:39:48.599+0000] {processor.py:830} INFO - Processing file /home/airflow/.local/lib/python3.12/site-packages/airflow/example_dags/example_bash_operator.py for tasks to queue
[2026-04-26T23:39:48.600+0000] {logging_mixin.py:188} INFO - [2026-04-26T23:39:48.600+0000] {dagbag.py:545} INFO - Filling up the DagBag from /home/airflow/.local/lib/python3.12/site-packages/airflow/example_dags/example_bash_operator.py
[2026-04-26T23:39:48.606+0000] {processor.py:840} INFO - DAG(s) 'example_bash_operator' retrieved from /home/airflow/.local/lib/python3.12/site-packages/airflow/example_dags/example_bash_operator.py
[2026-04-26T23:39:48.620+0000] {logging_mixin.py:188} INFO - [2026-04-26T23:39:48.620+0000] {dag.py:3096} INFO - Sync 1 DAGs
[2026-04-26T23:39:48.634+0000] {logging_mixin.py:188} INFO - [2026-04-26T23:39:48.634+0000] {dag.py:3954} INFO - Setting next_dagrun for example_bash_operator to 2026-04-25 00:00:00+00:00, run_after=2026-04-26 00:00:00+00:00
[2026-04-26T23:39:48.644+0000] {processor.py:183} INFO - Processing /home/airflow/.local/lib/python3.12/site-packages/airflow/example_dags/example_bash_operator.py took 0.050 seconds
[2026-04-26T23:40:19.459+0000] {processor.py:161} INFO - Started process (PID=282) to work on /home/airflow/.local/lib/python3.12/site-packages/airflow/example_dags/example_bash_operator.py
[2026-04-26T23:40:19.460+0000] {processor.py:830} INFO - Processing file /home/airflow/.local/lib/python3.12/site-packages/airflow/example_dags/example_bash_operator.py for tasks to queue
[2026-04-26T23:40:19.461+0000] {logging_mixin.py:188} INFO - [2026-04-26T23:40:19.461+0000] {dagbag.py:545} INFO - Filling up the DagBag from /home/airflow/.local/lib/python3.12/site-packages/airflow/example_dags/example_bash_operator.py
[2026-04-26T23:40:19.467+0000] {processor.py:840} INFO - DAG(s) 'example_bash_operator' retrieved from /home/airflow/.local/lib/python3.12/site-packages/airflow/example_dags/example_bash_operator.py
[2026-04-26T23:40:19.481+0000] {logging_mixin.py:188} INFO - [2026-04-26T23:40:19.481+0000] {dag.py:3096} INFO - Sync 1 DAGs
[2026-04-26T23:40:19.492+0000] {logging_mixin.py:188} INFO - [2026-04-26T23:40:19.492+0000] {dag.py:3954} INFO - Setting next_dagrun for example_bash_operator to 2026-04-25 00:00:00+00:00, run_after=2026-04-26 00:00:00+00:00
[2026-04-26T23:40:19.501+0000] {processor.py:183} INFO - Processing /home/airflow/.local/lib/python3.12/site-packages/airflow/example_dags/example_bash_operator.py took 0.045 seconds
[2026-04-26T23:40:50.542+0000] {processor.py:161} INFO - Started process (PID=341) to work on /home/airflow/.local/lib/python3.12/site-packages/airflow/example_dags/example_bash_operator.py
[2026-04-26T23:40:50.543+0000] {processor.py:830} INFO - Processing file /home/airflow/.local/lib/python3.12/site-packages/airflow/example_dags/example_bash_operator.py for tasks to queue
[2026-04-26T23:40:50.544+0000] {logging_mixin.py:188} INFO - [2026-04-26T23:40:50.544+0000] {dagbag.py:545} INFO - Filling up the DagBag from /home/airflow/.local/lib/python3.12/site-packages/airflow/example_dags/example_bash_operator.py
[2026-04-26T23:40:50.550+0000] {processor.py:840} INFO - DAG(s) 'example_bash_operator' retrieved from /home/airflow/.local/lib/python3.12/site-packages/airflow/example_dags/example_bash_operator.py
[2026-04-26T23:40:50.563+0000] {logging_mixin.py:188} INFO - [2026-04-26T23:40:50.563+0000] {dag.py:3096} INFO - Sync 1 DAGs
[2026-04-26T23:40:50.575+0000] {logging_mixin.py:188} INFO - [2026-04-26T23:40:50.575+0000] {dag.py:3954} INFO - Setting next_dagrun for example_bash_operator to 2026-04-25 00:00:00+00:00, run_after=2026-04-26 00:00:00+00:00
[2026-04-26T23:40:50.584+0000] {processor.py:183} INFO - Processing /home/airflow/.local/lib/python3.12/site-packages/airflow/example_dags/example_bash_operator.py took 0.045 seconds
[2026-04-26T23:41:21.455+0000] {processor.py:161} INFO - Started process (PID=400) to work on /home/airflow/.local/lib/python3.12/site-packages/airflow/example_dags/example_bash_operator.py
[2026-04-26T23:41:21.455+0000] {processor.py:830} INFO - Processing file /home/airflow/.local/lib/python3.12/site-packages/airflow/example_dags/example_bash_operator.py for tasks to queue
[2026-04-26T23:41:21.456+0000] {logging_mixin.py:188} INFO - [2026-04-26T23:41:21.456+0000] {dagbag.py:545} INFO - Filling up the DagBag from /home/airflow/.local/lib/python3.12/site-packages/airflow/example_dags/example_bash_operator.py
[2026-04-26T23:41:21.464+0000] {processor.py:840} INFO - DAG(s) 'example_bash_operator' retrieved from /home/airflow/.local/lib/python3.12/site-packages/airflow/example_dags/example_bash_operator.py
[2026-04-26T23:41:21.480+0000] {logging_mixin.py:188} INFO - [2026-04-26T23:41:21.480+0000] {dag.py:3096} INFO - Sync 1 DAGs
[2026-04-26T23:41:21.494+0000] {logging_mixin.py:188} INFO - [2026-04-26T23:41:21.494+0000] {dag.py:3954} INFO - Setting next_dagrun for example_bash_operator to 2026-04-25 00:00:00+00:00, run_after=2026-04-26 00:00:00+00:00
[2026-04-26T23:41:21.504+0000] {processor.py:183} INFO - Processing /home/airflow/.local/lib/python3.12/site-packages/airflow/example_dags/example_bash_operator.py took 0.053 seconds
[2026-04-26T23:41:51.642+0000] {processor.py:161} INFO - Started process (PID=459) to work on /home/airflow/.local/lib/python3.12/site-packages/airflow/example_dags/example_bash_operator.py
[2026-04-26T23:41:51.643+0000] {processor.py:830} INFO - Processing file /home/airflow/.local/lib/python3.12/site-packages/airflow/example_dags/example_bash_operator.py for tasks to queue
[2026-04-26T23:41:51.644+0000] {logging_mixin.py:188} INFO - [2026-04-26T23:41:51.644+0000] {dagbag.py:545} INFO - Filling up the DagBag from /home/airflow/.local/lib/python3.12/site-packages/airflow/example_dags/example_bash_operator.py
[2026-04-26T23:41:51.650+0000] {processor.py:840} INFO - DAG(s) 'example_bash_operator' retrieved from /home/airflow/.local/lib/python3.12/site-packages/airflow/example_dags/example_bash_operator.py
[2026-04-26T23:41:51.665+0000] {logging_mixin.py:188} INFO - [2026-04-26T23:41:51.665+0000] {dag.py:3096} INFO - Sync 1 DAGs
[2026-04-26T23:41:51.677+0000] {logging_mixin.py:188} INFO - [2026-04-26T23:41:51.677+0000] {dag.py:3954} INFO - Setting next_dagrun for example_bash_operator to 2026-04-25 00:00:00+00:00, run_after=2026-04-26 00:00:00+00:00
[2026-04-26T23:41:51.687+0000] {processor.py:183} INFO - Processing /home/airflow/.local/lib/python3.12/site-packages/airflow/example_dags/example_bash_operator.py took 0.048 seconds
[2026-04-26T23:42:21.785+0000] {processor.py:161} INFO - Started process (PID=518) to work on /home/airflow/.local/lib/python3.12/site-packages/airflow/example_dags/example_bash_operator.py
[2026-04-26T23:42:21.786+0000] {processor.py:830} INFO - Processing file /home/airflow/.local/lib/python3.12/site-packages/airflow/example_dags/example_bash_operator.py for tasks to queue
[2026-04-26T23:42:21.787+0000] {logging_mixin.py:188} INFO - [2026-04-26T23:42:21.786+0000] {dagbag.py:545} INFO - Filling up the DagBag from /home/airflow/.local/lib/python3.12/site-packages/airflow/example_dags/example_bash_operator.py
[2026-04-26T23:42:21.793+0000] {processor.py:840} INFO - DAG(s) 'example_bash_operator' retrieved from /home/airflow/.local/lib/python3.12/site-packages/airflow/example_dags/example_bash_operator.py
[2026-04-26T23:42:21.810+0000] {logging_mixin.py:188} INFO - [2026-04-26T23:42:21.810+0000] {dag.py:3096} INFO - Sync 1 DAGs
[2026-04-26T23:42:21.823+0000] {logging_mixin.py:188} INFO - [2026-04-26T23:42:21.823+0000] {dag.py:3954} INFO - Setting next_dagrun for example_bash_operator to 2026-04-25 00:00:00+00:00, run_after=2026-04-26 00:00:00+00:00
[2026-04-26T23:42:21.834+0000] {processor.py:183} INFO - Processing /home/airflow/.local/lib/python3.12/site-packages/airflow/example_dags/example_bash_operator.py took 0.053 seconds
[2026-04-26T23:43:21.764+0000] {processor.py:161} INFO - Started process (PID=105) to work on /home/airflow/.local/lib/python3.12/site-packages/airflow/example_dags/example_bash_operator.py
[2026-04-26T23:43:21.765+0000] {processor.py:830} INFO - Processing file /home/airflow/.local/lib/python3.12/site-packages/airflow/example_dags/example_bash_operator.py for tasks to queue
[2026-04-26T23:43:21.765+0000] {logging_mixin.py:188} INFO - [2026-04-26T23:43:21.765+0000] {dagbag.py:545} INFO - Filling up the DagBag from /home/airflow/.local/lib/python3.12/site-packages/airflow/example_dags/example_bash_operator.py
[2026-04-26T23:43:21.772+0000] {processor.py:840} INFO - DAG(s) 'example_bash_operator' retrieved from /home/airflow/.local/lib/python3.12/site-packages/airflow/example_dags/example_bash_operator.py
[2026-04-26T23:43:21.778+0000] {logging_mixin.py:188} INFO - [2026-04-26T23:43:21.778+0000] {dag.py:3096} INFO - Sync 1 DAGs
[2026-04-26T23:43:21.791+0000] {logging_mixin.py:188} INFO - [2026-04-26T23:43:21.791+0000] {dag.py:3954} INFO - Setting next_dagrun for example_bash_operator to 2026-04-25 00:00:00+00:00, run_after=2026-04-26 00:00:00+00:00
[2026-04-26T23:43:21.801+0000] {processor.py:183} INFO - Processing /home/airflow/.local/lib/python3.12/site-packages/airflow/example_dags/example_bash_operator.py took 0.040 seconds
[2026-04-26T23:43:53.585+0000] {processor.py:161} INFO - Started process (PID=164) to work on /home/airflow/.local/lib/python3.12/site-packages/airflow/example_dags/example_bash_operator.py
[2026-04-26T23:43:53.585+0000] {processor.py:830} INFO - Processing file /home/airflow/.local/lib/python3.12/site-packages/airflow/example_dags/example_bash_operator.py for tasks to queue
[2026-04-26T23:43:53.586+0000] {logging_mixin.py:188} INFO - [2026-04-26T23:43:53.586+0000] {dagbag.py:545} INFO - Filling up the DagBag from /home/airflow/.local/lib/python3.12/site-packages/airflow/example_dags/example_bash_operator.py
[2026-04-26T23:43:53.592+0000] {processor.py:840} INFO - DAG(s) 'example_bash_operator' retrieved from /home/airflow/.local/lib/python3.12/site-packages/airflow/example_dags/example_bash_operator.py
[2026-04-26T23:43:53.653+0000] {logging_mixin.py:188} INFO - [2026-04-26T23:43:53.653+0000] {dag.py:3096} INFO - Sync 1 DAGs
[2026-04-26T23:43:53.664+0000] {logging_mixin.py:188} INFO - [2026-04-26T23:43:53.664+0000] {dag.py:3954} INFO - Setting next_dagrun for example_bash_operator to 2026-04-25 00:00:00+00:00, run_after=2026-04-26 00:00:00+00:00
[2026-04-26T23:43:53.673+0000] {processor.py:183} INFO - Processing /home/airflow/.local/lib/python3.12/site-packages/airflow/example_dags/example_bash_operator.py took 0.091 seconds
[2026-04-26T23:44:23.873+0000] {processor.py:161} INFO - Started process (PID=223) to work on /home/airflow/.local/lib/python3.12/site-packages/airflow/example_dags/example_bash_operator.py
[2026-04-26T23:44:23.874+0000] {processor.py:830} INFO - Processing file /home/airflow/.local/lib/python3.12/site-packages/airflow/example_dags/example_bash_operator.py for tasks to queue
[2026-04-26T23:44:23.875+0000] {logging_mixin.py:188} INFO - [2026-04-26T23:44:23.874+0000] {dagbag.py:545} INFO - Filling up the DagBag from /home/airflow/.local/lib/python3.12/site-packages/airflow/example_dags/example_bash_operator.py
[2026-04-26T23:44:23.881+0000] {processor.py:840} INFO - DAG(s) 'example_bash_operator' retrieved from /home/airflow/.local/lib/python3.12/site-packages/airflow/example_dags/example_bash_operator.py
[2026-04-26T23:44:23.896+0000] {logging_mixin.py:188} INFO - [2026-04-26T23:44:23.896+0000] {dag.py:3096} INFO - Sync 1 DAGs
[2026-04-26T23:44:23.909+0000] {logging_mixin.py:188} INFO - [2026-04-26T23:44:23.909+0000] {dag.py:3954} INFO - Setting next_dagrun for example_bash_operator to 2026-04-25 00:00:00+00:00, run_after=2026-04-26 00:00:00+00:00
[2026-04-26T23:44:23.918+0000] {processor.py:183} INFO - Processing /home/airflow/.local/lib/python3.12/site-packages/airflow/example_dags/example_bash_operator.py took 0.048 seconds
[2026-04-26T23:44:54.024+0000] {processor.py:161} INFO - Started process (PID=282) to work on /home/airflow/.local/lib/python3.12/site-packages/airflow/example_dags/example_bash_operator.py
[2026-04-26T23:44:54.025+0000] {processor.py:830} INFO - Processing file /home/airflow/.local/lib/python3.12/site-packages/airflow/example_dags/example_bash_operator.py for tasks to queue
[2026-04-26T23:44:54.026+0000] {logging_mixin.py:188} INFO - [2026-04-26T23:44:54.026+0000] {dagbag.py:545} INFO - Filling up the DagBag from /home/airflow/.local/lib/python3.12/site-packages/airflow/example_dags/example_bash_operator.py
[2026-04-26T23:44:54.033+0000] {processor.py:840} INFO - DAG(s) 'example_bash_operator' retrieved from /home/airflow/.local/lib/python3.12/site-packages/airflow/example_dags/example_bash_operator.py
[2026-04-26T23:44:54.050+0000] {logging_mixin.py:188} INFO - [2026-04-26T23:44:54.050+0000] {dag.py:3096} INFO - Sync 1 DAGs
[2026-04-26T23:44:54.064+0000] {logging_mixin.py:188} INFO - [2026-04-26T23:44:54.064+0000] {dag.py:3954} INFO - Setting next_dagrun for example_bash_operator to 2026-04-25 00:00:00+00:00, run_after=2026-04-26 00:00:00+00:00
[2026-04-26T23:44:54.076+0000] {processor.py:183} INFO - Processing /home/airflow/.local/lib/python3.12/site-packages/airflow/example_dags/example_bash_operator.py took 0.055 seconds
[2026-04-26T23:45:24.901+0000] {processor.py:161} INFO - Started process (PID=341) to work on /home/airflow/.local/lib/python3.12/site-packages/airflow/example_dags/example_bash_operator.py
[2026-04-26T23:45:24.901+0000] {processor.py:830} INFO - Processing file /home/airflow/.local/lib/python3.12/site-packages/airflow/example_dags/example_bash_operator.py for tasks to queue
[2026-04-26T23:45:24.902+0000] {logging_mixin.py:188} INFO - [2026-04-26T23:45:24.902+0000] {dagbag.py:545} INFO - Filling up the DagBag from /home/airflow/.local/lib/python3.12/site-packages/airflow/example_dags/example_bash_operator.py
[2026-04-26T23:45:24.909+0000] {processor.py:840} INFO - DAG(s) 'example_bash_operator' retrieved from /home/airflow/.local/lib/python3.12/site-packages/airflow/example_dags/example_bash_operator.py
[2026-04-26T23:45:24.924+0000] {logging_mixin.py:188} INFO - [2026-04-26T23:45:24.924+0000] {dag.py:3096} INFO - Sync 1 DAGs
[2026-04-26T23:45:24.937+0000] {logging_mixin.py:188} INFO - [2026-04-26T23:45:24.936+0000] {dag.py:3954} INFO - Setting next_dagrun for example_bash_operator to 2026-04-25 00:00:00+00:00, run_after=2026-04-26 00:00:00+00:00
[2026-04-26T23:45:24.953+0000] {processor.py:183} INFO - Processing /home/airflow/.local/lib/python3.12/site-packages/airflow/example_dags/example_bash_operator.py took 0.056 seconds
[2026-04-26T23:45:55.666+0000] {processor.py:161} INFO - Started process (PID=400) to work on /home/airflow/.local/lib/python3.12/site-packages/airflow/example_dags/example_bash_operator.py
[2026-04-26T23:45:55.667+0000] {processor.py:830} INFO - Processing file /home/airflow/.local/lib/python3.12/site-packages/airflow/example_dags/example_bash_operator.py for tasks to queue
[2026-04-26T23:45:55.668+0000] {logging_mixin.py:188} INFO - [2026-04-26T23:45:55.668+0000] {dagbag.py:545} INFO - Filling up the DagBag from /home/airflow/.local/lib/python3.12/site-packages/airflow/example_dags/example_bash_operator.py
[2026-04-26T23:45:55.675+0000] {processor.py:840} INFO - DAG(s) 'example_bash_operator' retrieved from /home/airflow/.local/lib/python3.12/site-packages/airflow/example_dags/example_bash_operator.py
[2026-04-26T23:45:55.691+0000] {logging_mixin.py:188} INFO - [2026-04-26T23:45:55.690+0000] {dag.py:3096} INFO - Sync 1 DAGs
[2026-04-26T23:45:55.705+0000] {logging_mixin.py:188} INFO - [2026-04-26T23:45:55.705+0000] {dag.py:3954} INFO - Setting next_dagrun for example_bash_operator to 2026-04-25 00:00:00+00:00, run_after=2026-04-26 00:00:00+00:00
[2026-04-26T23:45:55.715+0000] {processor.py:183} INFO - Processing /home/airflow/.local/lib/python3.12/site-packages/airflow/example_dags/example_bash_operator.py took 0.052 seconds
[2026-04-26T23:46:26.481+0000] {processor.py:161} INFO - Started process (PID=459) to work on /home/airflow/.local/lib/python3.12/site-packages/airflow/example_dags/example_bash_operator.py
[2026-04-26T23:46:26.481+0000] {processor.py:830} INFO - Processing file /home/airflow/.local/lib/python3.12/site-packages/airflow/example_dags/example_bash_operator.py for tasks to queue
[2026-04-26T23:46:26.482+0000] {logging_mixin.py:188} INFO - [2026-04-26T23:46:26.482+0000] {dagbag.py:545} INFO - Filling up the DagBag from /home/airflow/.local/lib/python3.12/site-packages/airflow/example_dags/example_bash_operator.py
[2026-04-26T23:46:26.489+0000] {processor.py:840} INFO - DAG(s) 'example_bash_operator' retrieved from /home/airflow/.local/lib/python3.12/site-packages/airflow/example_dags/example_bash_operator.py
[2026-04-26T23:46:26.504+0000] {logging_mixin.py:188} INFO - [2026-04-26T23:46:26.504+0000] {dag.py:3096} INFO - Sync 1 DAGs
[2026-04-26T23:46:26.517+0000] {logging_mixin.py:188} INFO - [2026-04-26T23:46:26.517+0000] {dag.py:3954} INFO - Setting next_dagrun for example_bash_operator to 2026-04-25 00:00:00+00:00, run_after=2026-04-26 00:00:00+00:00
[2026-04-26T23:46:26.528+0000] {processor.py:183} INFO - Processing /home/airflow/.local/lib/python3.12/site-packages/airflow/example_dags/example_bash_operator.py took 0.051 seconds
[2026-04-26T23:46:57.300+0000] {processor.py:161} INFO - Started process (PID=518) to work on /home/airflow/.local/lib/python3.12/site-packages/airflow/example_dags/example_bash_operator.py
[2026-04-26T23:46:57.300+0000] {processor.py:830} INFO - Processing file /home/airflow/.local/lib/python3.12/site-packages/airflow/example_dags/example_bash_operator.py for tasks to queue
[2026-04-26T23:46:57.301+0000] {logging_mixin.py:188} INFO - [2026-04-26T23:46:57.301+0000] {dagbag.py:545} INFO - Filling up the DagBag from /home/airflow/.local/lib/python3.12/site-packages/airflow/example_dags/example_bash_operator.py
[2026-04-26T23:46:57.308+0000] {processor.py:840} INFO - DAG(s) 'example_bash_operator' retrieved from /home/airflow/.local/lib/python3.12/site-packages/airflow/example_dags/example_bash_operator.py
[2026-04-26T23:46:57.324+0000] {logging_mixin.py:188} INFO - [2026-04-26T23:46:57.323+0000] {dag.py:3096} INFO - Sync 1 DAGs
[2026-04-26T23:46:57.337+0000] {logging_mixin.py:188} INFO - [2026-04-26T23:46:57.337+0000] {dag.py:3954} INFO - Setting next_dagrun for example_bash_operator to 2026-04-25 00:00:00+00:00, run_after=2026-04-26 00:00:00+00:00
[2026-04-26T23:46:57.348+0000] {processor.py:183} INFO - Processing /home/airflow/.local/lib/python3.12/site-packages/airflow/example_dags/example_bash_operator.py took 0.052 seconds
[2026-04-26T23:47:27.698+0000] {processor.py:161} INFO - Started process (PID=577) to work on /home/airflow/.local/lib/python3.12/site-packages/airflow/example_dags/example_bash_operator.py
[2026-04-26T23:47:27.699+0000] {processor.py:830} INFO - Processing file /home/airflow/.local/lib/python3.12/site-packages/airflow/example_dags/example_bash_operator.py for tasks to queue
[2026-04-26T23:47:27.700+0000] {logging_mixin.py:188} INFO - [2026-04-26T23:47:27.700+0000] {dagbag.py:545} INFO - Filling up the DagBag from /home/airflow/.local/lib/python3.12/site-packages/airflow/example_dags/example_bash_operator.py
[2026-04-26T23:47:27.706+0000] {processor.py:840} INFO - DAG(s) 'example_bash_operator' retrieved from /home/airflow/.local/lib/python3.12/site-packages/airflow/example_dags/example_bash_operator.py
[2026-04-26T23:47:27.720+0000] {logging_mixin.py:188} INFO - [2026-04-26T23:47:27.720+0000] {dag.py:3096} INFO - Sync 1 DAGs
[2026-04-26T23:47:27.735+0000] {logging_mixin.py:188} INFO - [2026-04-26T23:47:27.734+0000] {dag.py:3954} INFO - Setting next_dagrun for example_bash_operator to 2026-04-25 00:00:00+00:00, run_after=2026-04-26 00:00:00+00:00
[2026-04-26T23:47:27.746+0000] {processor.py:183} INFO - Processing /home/airflow/.local/lib/python3.12/site-packages/airflow/example_dags/example_bash_operator.py took 0.051 seconds
[2026-04-26T23:47:57.766+0000] {processor.py:161} INFO - Started process (PID=636) to work on /home/airflow/.local/lib/python3.12/site-packages/airflow/example_dags/example_bash_operator.py
[2026-04-26T23:47:57.766+0000] {processor.py:830} INFO - Processing file /home/airflow/.local/lib/python3.12/site-packages/airflow/example_dags/example_bash_operator.py for tasks to queue
[2026-04-26T23:47:57.767+0000] {logging_mixin.py:188} INFO - [2026-04-26T23:47:57.767+0000] {dagbag.py:545} INFO - Filling up the DagBag from /home/airflow/.local/lib/python3.12/site-packages/airflow/example_dags/example_bash_operator.py
[2026-04-26T23:47:57.773+0000] {processor.py:840} INFO - DAG(s) 'example_bash_operator' retrieved from /home/airflow/.local/lib/python3.12/site-packages/airflow/example_dags/example_bash_operator.py
[2026-04-26T23:47:57.786+0000] {logging_mixin.py:188} INFO - [2026-04-26T23:47:57.786+0000] {dag.py:3096} INFO - Sync 1 DAGs
[2026-04-26T23:47:57.798+0000] {logging_mixin.py:188} INFO - [2026-04-26T23:47:57.798+0000] {dag.py:3954} INFO - Setting next_dagrun for example_bash_operator to 2026-04-25 00:00:00+00:00, run_after=2026-04-26 00:00:00+00:00
[2026-04-26T23:47:57.806+0000] {processor.py:183} INFO - Processing /home/airflow/.local/lib/python3.12/site-packages/airflow/example_dags/example_bash_operator.py took 0.044 seconds
[2026-04-26T23:48:27.875+0000] {processor.py:161} INFO - Started process (PID=695) to work on /home/airflow/.local/lib/python3.12/site-packages/airflow/example_dags/example_bash_operator.py
[2026-04-26T23:48:27.876+0000] {processor.py:830} INFO - Processing file /home/airflow/.local/lib/python3.12/site-packages/airflow/example_dags/example_bash_operator.py for tasks to queue
[2026-04-26T23:48:27.876+0000] {logging_mixin.py:188} INFO - [2026-04-26T23:48:27.876+0000] {dagbag.py:545} INFO - Filling up the DagBag from /home/airflow/.local/lib/python3.12/site-packages/airflow/example_dags/example_bash_operator.py
[2026-04-26T23:48:27.883+0000] {processor.py:840} INFO - DAG(s) 'example_bash_operator' retrieved from /home/airflow/.local/lib/python3.12/site-packages/airflow/example_dags/example_bash_operator.py
[2026-04-26T23:48:27.898+0000] {logging_mixin.py:188} INFO - [2026-04-26T23:48:27.898+0000] {dag.py:3096} INFO - Sync 1 DAGs
[2026-04-26T23:48:27.909+0000] {logging_mixin.py:188} INFO - [2026-04-26T23:48:27.909+0000] {dag.py:3954} INFO - Setting next_dagrun for example_bash_operator to 2026-04-25 00:00:00+00:00, run_after=2026-04-26 00:00:00+00:00
[2026-04-26T23:48:27.917+0000] {processor.py:183} INFO - Processing /home/airflow/.local/lib/python3.12/site-packages/airflow/example_dags/example_bash_operator.py took 0.046 seconds
[2026-04-26T23:48:58.859+0000] {processor.py:161} INFO - Started process (PID=754) to work on /home/airflow/.local/lib/python3.12/site-packages/airflow/example_dags/example_bash_operator.py
[2026-04-26T23:48:58.859+0000] {processor.py:830} INFO - Processing file /home/airflow/.local/lib/python3.12/site-packages/airflow/example_dags/example_bash_operator.py for tasks to queue
[2026-04-26T23:48:58.860+0000] {logging_mixin.py:188} INFO - [2026-04-26T23:48:58.860+0000] {dagbag.py:545} INFO - Filling up the DagBag from /home/airflow/.local/lib/python3.12/site-packages/airflow/example_dags/example_bash_operator.py
[2026-04-26T23:48:58.866+0000] {processor.py:840} INFO - DAG(s) 'example_bash_operator' retrieved from /home/airflow/.local/lib/python3.12/site-packages/airflow/example_dags/example_bash_operator.py
[2026-04-26T23:48:58.882+0000] {logging_mixin.py:188} INFO - [2026-04-26T23:48:58.882+0000] {dag.py:3096} INFO - Sync 1 DAGs
[2026-04-26T23:48:58.895+0000] {logging_mixin.py:188} INFO - [2026-04-26T23:48:58.895+0000] {dag.py:3954} INFO - Setting next_dagrun for example_bash_operator to 2026-04-25 00:00:00+00:00, run_after=2026-04-26 00:00:00+00:00
[2026-04-26T23:48:58.904+0000] {processor.py:183} INFO - Processing /home/airflow/.local/lib/python3.12/site-packages/airflow/example_dags/example_bash_operator.py took 0.050 seconds
[2026-04-26T23:49:29.169+0000] {processor.py:161} INFO - Started process (PID=813) to work on /home/airflow/.local/lib/python3.12/site-packages/airflow/example_dags/example_bash_operator.py
[2026-04-26T23:49:29.169+0000] {processor.py:830} INFO - Processing file /home/airflow/.local/lib/python3.12/site-packages/airflow/example_dags/example_bash_operator.py for tasks to queue
[2026-04-26T23:49:29.170+0000] {logging_mixin.py:188} INFO - [2026-04-26T23:49:29.170+0000] {dagbag.py:545} INFO - Filling up the DagBag from /home/airflow/.local/lib/python3.12/site-packages/airflow/example_dags/example_bash_operator.py
[2026-04-26T23:49:29.176+0000] {processor.py:840} INFO - DAG(s) 'example_bash_operator' retrieved from /home/airflow/.local/lib/python3.12/site-packages/airflow/example_dags/example_bash_operator.py
[2026-04-26T23:49:29.190+0000] {logging_mixin.py:188} INFO - [2026-04-26T23:49:29.190+0000] {dag.py:3096} INFO - Sync 1 DAGs
[2026-04-26T23:49:29.202+0000] {logging_mixin.py:188} INFO - [2026-04-26T23:49:29.201+0000] {dag.py:3954} INFO - Setting next_dagrun for example_bash_operator to 2026-04-25 00:00:00+00:00, run_after=2026-04-26 00:00:00+00:00
[2026-04-26T23:49:29.209+0000] {processor.py:183} INFO - Processing /home/airflow/.local/lib/python3.12/site-packages/airflow/example_dags/example_bash_operator.py took 0.044 seconds
[2026-04-26T23:50:04.702+0000] {processor.py:161} INFO - Started process (PID=105) to work on /home/airflow/.local/lib/python3.12/site-packages/airflow/example_dags/example_bash_operator.py
[2026-04-26T23:50:04.703+0000] {processor.py:830} INFO - Processing file /home/airflow/.local/lib/python3.12/site-packages/airflow/example_dags/example_bash_operator.py for tasks to queue
[2026-04-26T23:50:04.704+0000] {logging_mixin.py:188} INFO - [2026-04-26T23:50:04.704+0000] {dagbag.py:545} INFO - Filling up the DagBag from /home/airflow/.local/lib/python3.12/site-packages/airflow/example_dags/example_bash_operator.py
[2026-04-26T23:50:04.710+0000] {processor.py:840} INFO - DAG(s) 'example_bash_operator' retrieved from /home/airflow/.local/lib/python3.12/site-packages/airflow/example_dags/example_bash_operator.py
[2026-04-26T23:50:04.717+0000] {logging_mixin.py:188} INFO - [2026-04-26T23:50:04.717+0000] {dag.py:3096} INFO - Sync 1 DAGs
[2026-04-26T23:50:04.731+0000] {logging_mixin.py:188} INFO - [2026-04-26T23:50:04.730+0000] {dag.py:3954} INFO - Setting next_dagrun for example_bash_operator to 2026-04-25 00:00:00+00:00, run_after=2026-04-26 00:00:00+00:00
[2026-04-26T23:50:04.740+0000] {processor.py:183} INFO - Processing /home/airflow/.local/lib/python3.12/site-packages/airflow/example_dags/example_bash_operator.py took 0.041 seconds
[2026-04-26T23:50:36.707+0000] {processor.py:161} INFO - Started process (PID=164) to work on /home/airflow/.local/lib/python3.12/site-packages/airflow/example_dags/example_bash_operator.py
[2026-04-26T23:50:36.707+0000] {processor.py:830} INFO - Processing file /home/airflow/.local/lib/python3.12/site-packages/airflow/example_dags/example_bash_operator.py for tasks to queue
[2026-04-26T23:50:36.708+0000] {logging_mixin.py:188} INFO - [2026-04-26T23:50:36.708+0000] {dagbag.py:545} INFO - Filling up the DagBag from /home/airflow/.local/lib/python3.12/site-packages/airflow/example_dags/example_bash_operator.py
[2026-04-26T23:50:36.715+0000] {processor.py:840} INFO - DAG(s) 'example_bash_operator' retrieved from /home/airflow/.local/lib/python3.12/site-packages/airflow/example_dags/example_bash_operator.py
[2026-04-26T23:50:36.784+0000] {logging_mixin.py:188} INFO - [2026-04-26T23:50:36.784+0000] {dag.py:3096} INFO - Sync 1 DAGs
[2026-04-26T23:50:36.799+0000] {logging_mixin.py:188} INFO - [2026-04-26T23:50:36.799+0000] {dag.py:3954} INFO - Setting next_dagrun for example_bash_operator to 2026-04-25 00:00:00+00:00, run_after=2026-04-26 00:00:00+00:00
[2026-04-26T23:50:36.824+0000] {processor.py:183} INFO - Processing /home/airflow/.local/lib/python3.12/site-packages/airflow/example_dags/example_bash_operator.py took 0.121 seconds
[2026-04-26T23:51:06.916+0000] {processor.py:161} INFO - Started process (PID=223) to work on /home/airflow/.local/lib/python3.12/site-packages/airflow/example_dags/example_bash_operator.py
[2026-04-26T23:51:06.916+0000] {processor.py:830} INFO - Processing file /home/airflow/.local/lib/python3.12/site-packages/airflow/example_dags/example_bash_operator.py for tasks to queue
[2026-04-26T23:51:06.917+0000] {logging_mixin.py:188} INFO - [2026-04-26T23:51:06.917+0000] {dagbag.py:545} INFO - Filling up the DagBag from /home/airflow/.local/lib/python3.12/site-packages/airflow/example_dags/example_bash_operator.py
[2026-04-26T23:51:06.923+0000] {processor.py:840} INFO - DAG(s) 'example_bash_operator' retrieved from /home/airflow/.local/lib/python3.12/site-packages/airflow/example_dags/example_bash_operator.py
[2026-04-26T23:51:06.938+0000] {logging_mixin.py:188} INFO - [2026-04-26T23:51:06.938+0000] {dag.py:3096} INFO - Sync 1 DAGs
[2026-04-26T23:51:06.951+0000] {logging_mixin.py:188} INFO - [2026-04-26T23:51:06.951+0000] {dag.py:3954} INFO - Setting next_dagrun for example_bash_operator to 2026-04-25 00:00:00+00:00, run_after=2026-04-26 00:00:00+00:00
[2026-04-26T23:51:06.960+0000] {processor.py:183} INFO - Processing /home/airflow/.local/lib/python3.12/site-packages/airflow/example_dags/example_bash_operator.py took 0.048 seconds
[2026-04-26T23:51:37.260+0000] {processor.py:161} INFO - Started process (PID=282) to work on /home/airflow/.local/lib/python3.12/site-packages/airflow/example_dags/example_bash_operator.py
[2026-04-26T23:51:37.261+0000] {processor.py:830} INFO - Processing file /home/airflow/.local/lib/python3.12/site-packages/airflow/example_dags/example_bash_operator.py for tasks to queue
[2026-04-26T23:51:37.262+0000] {logging_mixin.py:188} INFO - [2026-04-26T23:51:37.262+0000] {dagbag.py:545} INFO - Filling up the DagBag from /home/airflow/.local/lib/python3.12/site-packages/airflow/example_dags/example_bash_operator.py
[2026-04-26T23:51:37.270+0000] {processor.py:840} INFO - DAG(s) 'example_bash_operator' retrieved from /home/airflow/.local/lib/python3.12/site-packages/airflow/example_dags/example_bash_operator.py
[2026-04-26T23:51:37.287+0000] {logging_mixin.py:188} INFO - [2026-04-26T23:51:37.287+0000] {dag.py:3096} INFO - Sync 1 DAGs
[2026-04-26T23:51:37.301+0000] {logging_mixin.py:188} INFO - [2026-04-26T23:51:37.301+0000] {dag.py:3954} INFO - Setting next_dagrun for example_bash_operator to 2026-04-25 00:00:00+00:00, run_after=2026-04-26 00:00:00+00:00
[2026-04-26T23:51:37.312+0000] {processor.py:183} INFO - Processing /home/airflow/.local/lib/python3.12/site-packages/airflow/example_dags/example_bash_operator.py took 0.057 seconds
[2026-04-26T23:52:08.277+0000] {processor.py:161} INFO - Started process (PID=341) to work on /home/airflow/.local/lib/python3.12/site-packages/airflow/example_dags/example_bash_operator.py
[2026-04-26T23:52:08.277+0000] {processor.py:830} INFO - Processing file /home/airflow/.local/lib/python3.12/site-packages/airflow/example_dags/example_bash_operator.py for tasks to queue
[2026-04-26T23:52:08.278+0000] {logging_mixin.py:188} INFO - [2026-04-26T23:52:08.278+0000] {dagbag.py:545} INFO - Filling up the DagBag from /home/airflow/.local/lib/python3.12/site-packages/airflow/example_dags/example_bash_operator.py
[2026-04-26T23:52:08.285+0000] {processor.py:840} INFO - DAG(s) 'example_bash_operator' retrieved from /home/airflow/.local/lib/python3.12/site-packages/airflow/example_dags/example_bash_operator.py
[2026-04-26T23:52:08.298+0000] {logging_mixin.py:188} INFO - [2026-04-26T23:52:08.298+0000] {dag.py:3096} INFO - Sync 1 DAGs
[2026-04-26T23:52:08.310+0000] {logging_mixin.py:188} INFO - [2026-04-26T23:52:08.309+0000] {dag.py:3954} INFO - Setting next_dagrun for example_bash_operator to 2026-04-25 00:00:00+00:00, run_after=2026-04-26 00:00:00+00:00
[2026-04-26T23:52:08.319+0000] {processor.py:183} INFO - Processing /home/airflow/.local/lib/python3.12/site-packages/airflow/example_dags/example_bash_operator.py took 0.046 seconds
[2026-04-26T23:52:38.460+0000] {processor.py:161} INFO - Started process (PID=400) to work on /home/airflow/.local/lib/python3.12/site-packages/airflow/example_dags/example_bash_operator.py
[2026-04-26T23:52:38.460+0000] {processor.py:830} INFO - Processing file /home/airflow/.local/lib/python3.12/site-packages/airflow/example_dags/example_bash_operator.py for tasks to queue
[2026-04-26T23:52:38.461+0000] {logging_mixin.py:188} INFO - [2026-04-26T23:52:38.461+0000] {dagbag.py:545} INFO - Filling up the DagBag from /home/airflow/.local/lib/python3.12/site-packages/airflow/example_dags/example_bash_operator.py
[2026-04-26T23:52:38.467+0000] {processor.py:840} INFO - DAG(s) 'example_bash_operator' retrieved from /home/airflow/.local/lib/python3.12/site-packages/airflow/example_dags/example_bash_operator.py
[2026-04-26T23:52:38.481+0000] {logging_mixin.py:188} INFO - [2026-04-26T23:52:38.480+0000] {dag.py:3096} INFO - Sync 1 DAGs
[2026-04-26T23:52:38.492+0000] {logging_mixin.py:188} INFO - [2026-04-26T23:52:38.492+0000] {dag.py:3954} INFO - Setting next_dagrun for example_bash_operator to 2026-04-25 00:00:00+00:00, run_after=2026-04-26 00:00:00+00:00
[2026-04-26T23:52:38.502+0000] {processor.py:183} INFO - Processing /home/airflow/.local/lib/python3.12/site-packages/airflow/example_dags/example_bash_operator.py took 0.045 seconds
[2026-04-26T23:53:09.457+0000] {processor.py:161} INFO - Started process (PID=459) to work on /home/airflow/.local/lib/python3.12/site-packages/airflow/example_dags/example_bash_operator.py
[2026-04-26T23:53:09.458+0000] {processor.py:830} INFO - Processing file /home/airflow/.local/lib/python3.12/site-packages/airflow/example_dags/example_bash_operator.py for tasks to queue
[2026-04-26T23:53:09.459+0000] {logging_mixin.py:188} INFO - [2026-04-26T23:53:09.459+0000] {dagbag.py:545} INFO - Filling up the DagBag from /home/airflow/.local/lib/python3.12/site-packages/airflow/example_dags/example_bash_operator.py
[2026-04-26T23:53:09.466+0000] {processor.py:840} INFO - DAG(s) 'example_bash_operator' retrieved from /home/airflow/.local/lib/python3.12/site-packages/airflow/example_dags/example_bash_operator.py
[2026-04-26T23:53:09.482+0000] {logging_mixin.py:188} INFO - [2026-04-26T23:53:09.481+0000] {dag.py:3096} INFO - Sync 1 DAGs
[2026-04-26T23:53:09.495+0000] {logging_mixin.py:188} INFO - [2026-04-26T23:53:09.494+0000] {dag.py:3954} INFO - Setting next_dagrun for example_bash_operator to 2026-04-25 00:00:00+00:00, run_after=2026-04-26 00:00:00+00:00
[2026-04-26T23:53:09.505+0000] {processor.py:183} INFO - Processing /home/airflow/.local/lib/python3.12/site-packages/airflow/example_dags/example_bash_operator.py took 0.052 seconds
[2026-04-26T23:53:39.677+0000] {processor.py:161} INFO - Started process (PID=518) to work on /home/airflow/.local/lib/python3.12/site-packages/airflow/example_dags/example_bash_operator.py
[2026-04-26T23:53:39.678+0000] {processor.py:830} INFO - Processing file /home/airflow/.local/lib/python3.12/site-packages/airflow/example_dags/example_bash_operator.py for tasks to queue
[2026-04-26T23:53:39.679+0000] {logging_mixin.py:188} INFO - [2026-04-26T23:53:39.679+0000] {dagbag.py:545} INFO - Filling up the DagBag from /home/airflow/.local/lib/python3.12/site-packages/airflow/example_dags/example_bash_operator.py
[2026-04-26T23:53:39.685+0000] {processor.py:840} INFO - DAG(s) 'example_bash_operator' retrieved from /home/airflow/.local/lib/python3.12/site-packages/airflow/example_dags/example_bash_operator.py
[2026-04-26T23:53:39.698+0000] {logging_mixin.py:188} INFO - [2026-04-26T23:53:39.698+0000] {dag.py:3096} INFO - Sync 1 DAGs
[2026-04-26T23:53:39.709+0000] {logging_mixin.py:188} INFO - [2026-04-26T23:53:39.709+0000] {dag.py:3954} INFO - Setting next_dagrun for example_bash_operator to 2026-04-25 00:00:00+00:00, run_after=2026-04-26 00:00:00+00:00
[2026-04-26T23:53:39.717+0000] {processor.py:183} INFO - Processing /home/airflow/.local/lib/python3.12/site-packages/airflow/example_dags/example_bash_operator.py took 0.043 seconds
