[2026-04-26T23:08:14.857+0000] {processor.py:161} INFO - Started process (PID=60) to work on /home/airflow/.local/lib/python3.12/site-packages/airflow/example_dags/example_external_task_marker_dag.py
[2026-04-26T23:08:14.858+0000] {processor.py:830} INFO - Processing file /home/airflow/.local/lib/python3.12/site-packages/airflow/example_dags/example_external_task_marker_dag.py for tasks to queue
[2026-04-26T23:08:14.859+0000] {logging_mixin.py:188} INFO - [2026-04-26T23:08:14.858+0000] {dagbag.py:545} INFO - Filling up the DagBag from /home/airflow/.local/lib/python3.12/site-packages/airflow/example_dags/example_external_task_marker_dag.py
[2026-04-26T23:08:14.862+0000] {processor.py:840} INFO - DAG(s) 'example_external_task_marker_parent', 'example_external_task_marker_child' retrieved from /home/airflow/.local/lib/python3.12/site-packages/airflow/example_dags/example_external_task_marker_dag.py
[2026-04-26T23:08:14.869+0000] {logging_mixin.py:188} INFO - [2026-04-26T23:08:14.869+0000] {dag.py:3096} INFO - Sync 2 DAGs
[2026-04-26T23:08:14.878+0000] {logging_mixin.py:188} INFO - [2026-04-26T23:08:14.878+0000] {dag.py:3954} INFO - Setting next_dagrun for example_external_task_marker_child to None, run_after=None
[2026-04-26T23:08:14.880+0000] {logging_mixin.py:188} INFO - [2026-04-26T23:08:14.880+0000] {dag.py:3954} INFO - Setting next_dagrun for example_external_task_marker_parent to None, run_after=None
[2026-04-26T23:08:14.889+0000] {processor.py:183} INFO - Processing /home/airflow/.local/lib/python3.12/site-packages/airflow/example_dags/example_external_task_marker_dag.py took 0.035 seconds
[2026-04-26T23:08:45.479+0000] {processor.py:161} INFO - Started process (PID=118) to work on /home/airflow/.local/lib/python3.12/site-packages/airflow/example_dags/example_external_task_marker_dag.py
[2026-04-26T23:08:45.479+0000] {processor.py:830} INFO - Processing file /home/airflow/.local/lib/python3.12/site-packages/airflow/example_dags/example_external_task_marker_dag.py for tasks to queue
[2026-04-26T23:08:45.481+0000] {logging_mixin.py:188} INFO - [2026-04-26T23:08:45.480+0000] {dagbag.py:545} INFO - Filling up the DagBag from /home/airflow/.local/lib/python3.12/site-packages/airflow/example_dags/example_external_task_marker_dag.py
[2026-04-26T23:08:45.485+0000] {processor.py:840} INFO - DAG(s) 'example_external_task_marker_parent', 'example_external_task_marker_child' retrieved from /home/airflow/.local/lib/python3.12/site-packages/airflow/example_dags/example_external_task_marker_dag.py
[2026-04-26T23:08:45.567+0000] {logging_mixin.py:188} INFO - [2026-04-26T23:08:45.567+0000] {dag.py:3096} INFO - Sync 2 DAGs
[2026-04-26T23:08:45.574+0000] {logging_mixin.py:188} INFO - [2026-04-26T23:08:45.574+0000] {dag.py:3954} INFO - Setting next_dagrun for example_external_task_marker_child to None, run_after=None
[2026-04-26T23:08:45.576+0000] {logging_mixin.py:188} INFO - [2026-04-26T23:08:45.575+0000] {dag.py:3954} INFO - Setting next_dagrun for example_external_task_marker_parent to None, run_after=None
[2026-04-26T23:08:45.585+0000] {processor.py:183} INFO - Processing /home/airflow/.local/lib/python3.12/site-packages/airflow/example_dags/example_external_task_marker_dag.py took 0.110 seconds
[2026-04-26T23:09:16.454+0000] {processor.py:161} INFO - Started process (PID=176) to work on /home/airflow/.local/lib/python3.12/site-packages/airflow/example_dags/example_external_task_marker_dag.py
[2026-04-26T23:09:16.454+0000] {processor.py:830} INFO - Processing file /home/airflow/.local/lib/python3.12/site-packages/airflow/example_dags/example_external_task_marker_dag.py for tasks to queue
[2026-04-26T23:09:16.456+0000] {logging_mixin.py:188} INFO - [2026-04-26T23:09:16.455+0000] {dagbag.py:545} INFO - Filling up the DagBag from /home/airflow/.local/lib/python3.12/site-packages/airflow/example_dags/example_external_task_marker_dag.py
[2026-04-26T23:09:16.460+0000] {processor.py:840} INFO - DAG(s) 'example_external_task_marker_child', 'example_external_task_marker_parent' retrieved from /home/airflow/.local/lib/python3.12/site-packages/airflow/example_dags/example_external_task_marker_dag.py
[2026-04-26T23:09:16.476+0000] {logging_mixin.py:188} INFO - [2026-04-26T23:09:16.476+0000] {dag.py:3096} INFO - Sync 2 DAGs
[2026-04-26T23:09:16.487+0000] {logging_mixin.py:188} INFO - [2026-04-26T23:09:16.487+0000] {dag.py:3954} INFO - Setting next_dagrun for example_external_task_marker_child to None, run_after=None
[2026-04-26T23:09:16.489+0000] {logging_mixin.py:188} INFO - [2026-04-26T23:09:16.489+0000] {dag.py:3954} INFO - Setting next_dagrun for example_external_task_marker_parent to None, run_after=None
[2026-04-26T23:09:16.500+0000] {processor.py:183} INFO - Processing /home/airflow/.local/lib/python3.12/site-packages/airflow/example_dags/example_external_task_marker_dag.py took 0.051 seconds
[2026-04-26T23:09:47.293+0000] {processor.py:161} INFO - Started process (PID=234) to work on /home/airflow/.local/lib/python3.12/site-packages/airflow/example_dags/example_external_task_marker_dag.py
[2026-04-26T23:09:47.293+0000] {processor.py:830} INFO - Processing file /home/airflow/.local/lib/python3.12/site-packages/airflow/example_dags/example_external_task_marker_dag.py for tasks to queue
[2026-04-26T23:09:47.294+0000] {logging_mixin.py:188} INFO - [2026-04-26T23:09:47.294+0000] {dagbag.py:545} INFO - Filling up the DagBag from /home/airflow/.local/lib/python3.12/site-packages/airflow/example_dags/example_external_task_marker_dag.py
[2026-04-26T23:09:47.298+0000] {processor.py:840} INFO - DAG(s) 'example_external_task_marker_child', 'example_external_task_marker_parent' retrieved from /home/airflow/.local/lib/python3.12/site-packages/airflow/example_dags/example_external_task_marker_dag.py
[2026-04-26T23:09:47.312+0000] {logging_mixin.py:188} INFO - [2026-04-26T23:09:47.312+0000] {dag.py:3096} INFO - Sync 2 DAGs
[2026-04-26T23:09:47.322+0000] {logging_mixin.py:188} INFO - [2026-04-26T23:09:47.321+0000] {dag.py:3954} INFO - Setting next_dagrun for example_external_task_marker_child to None, run_after=None
[2026-04-26T23:09:47.324+0000] {logging_mixin.py:188} INFO - [2026-04-26T23:09:47.324+0000] {dag.py:3954} INFO - Setting next_dagrun for example_external_task_marker_parent to None, run_after=None
[2026-04-26T23:09:47.333+0000] {processor.py:183} INFO - Processing /home/airflow/.local/lib/python3.12/site-packages/airflow/example_dags/example_external_task_marker_dag.py took 0.044 seconds
[2026-04-26T23:10:18.196+0000] {processor.py:161} INFO - Started process (PID=298) to work on /home/airflow/.local/lib/python3.12/site-packages/airflow/example_dags/example_external_task_marker_dag.py
[2026-04-26T23:10:18.196+0000] {processor.py:830} INFO - Processing file /home/airflow/.local/lib/python3.12/site-packages/airflow/example_dags/example_external_task_marker_dag.py for tasks to queue
[2026-04-26T23:10:18.198+0000] {logging_mixin.py:188} INFO - [2026-04-26T23:10:18.198+0000] {dagbag.py:545} INFO - Filling up the DagBag from /home/airflow/.local/lib/python3.12/site-packages/airflow/example_dags/example_external_task_marker_dag.py
[2026-04-26T23:10:18.202+0000] {processor.py:840} INFO - DAG(s) 'example_external_task_marker_child', 'example_external_task_marker_parent' retrieved from /home/airflow/.local/lib/python3.12/site-packages/airflow/example_dags/example_external_task_marker_dag.py
[2026-04-26T23:10:18.219+0000] {logging_mixin.py:188} INFO - [2026-04-26T23:10:18.219+0000] {dag.py:3096} INFO - Sync 2 DAGs
[2026-04-26T23:10:18.230+0000] {logging_mixin.py:188} INFO - [2026-04-26T23:10:18.230+0000] {dag.py:3954} INFO - Setting next_dagrun for example_external_task_marker_child to None, run_after=None
[2026-04-26T23:10:18.232+0000] {logging_mixin.py:188} INFO - [2026-04-26T23:10:18.232+0000] {dag.py:3954} INFO - Setting next_dagrun for example_external_task_marker_parent to None, run_after=None
[2026-04-26T23:10:18.244+0000] {processor.py:183} INFO - Processing /home/airflow/.local/lib/python3.12/site-packages/airflow/example_dags/example_external_task_marker_dag.py took 0.052 seconds
[2026-04-26T23:10:48.303+0000] {processor.py:161} INFO - Started process (PID=356) to work on /home/airflow/.local/lib/python3.12/site-packages/airflow/example_dags/example_external_task_marker_dag.py
[2026-04-26T23:10:48.303+0000] {processor.py:830} INFO - Processing file /home/airflow/.local/lib/python3.12/site-packages/airflow/example_dags/example_external_task_marker_dag.py for tasks to queue
[2026-04-26T23:10:48.305+0000] {logging_mixin.py:188} INFO - [2026-04-26T23:10:48.304+0000] {dagbag.py:545} INFO - Filling up the DagBag from /home/airflow/.local/lib/python3.12/site-packages/airflow/example_dags/example_external_task_marker_dag.py
[2026-04-26T23:10:48.309+0000] {processor.py:840} INFO - DAG(s) 'example_external_task_marker_parent', 'example_external_task_marker_child' retrieved from /home/airflow/.local/lib/python3.12/site-packages/airflow/example_dags/example_external_task_marker_dag.py
[2026-04-26T23:10:48.326+0000] {logging_mixin.py:188} INFO - [2026-04-26T23:10:48.326+0000] {dag.py:3096} INFO - Sync 2 DAGs
[2026-04-26T23:10:48.335+0000] {logging_mixin.py:188} INFO - [2026-04-26T23:10:48.335+0000] {dag.py:3954} INFO - Setting next_dagrun for example_external_task_marker_child to None, run_after=None
[2026-04-26T23:10:48.338+0000] {logging_mixin.py:188} INFO - [2026-04-26T23:10:48.338+0000] {dag.py:3954} INFO - Setting next_dagrun for example_external_task_marker_parent to None, run_after=None
[2026-04-26T23:10:48.349+0000] {processor.py:183} INFO - Processing /home/airflow/.local/lib/python3.12/site-packages/airflow/example_dags/example_external_task_marker_dag.py took 0.051 seconds
[2026-04-26T23:11:19.086+0000] {processor.py:161} INFO - Started process (PID=414) to work on /home/airflow/.local/lib/python3.12/site-packages/airflow/example_dags/example_external_task_marker_dag.py
[2026-04-26T23:11:19.087+0000] {processor.py:830} INFO - Processing file /home/airflow/.local/lib/python3.12/site-packages/airflow/example_dags/example_external_task_marker_dag.py for tasks to queue
[2026-04-26T23:11:19.088+0000] {logging_mixin.py:188} INFO - [2026-04-26T23:11:19.088+0000] {dagbag.py:545} INFO - Filling up the DagBag from /home/airflow/.local/lib/python3.12/site-packages/airflow/example_dags/example_external_task_marker_dag.py
[2026-04-26T23:11:19.092+0000] {processor.py:840} INFO - DAG(s) 'example_external_task_marker_child', 'example_external_task_marker_parent' retrieved from /home/airflow/.local/lib/python3.12/site-packages/airflow/example_dags/example_external_task_marker_dag.py
[2026-04-26T23:11:19.104+0000] {logging_mixin.py:188} INFO - [2026-04-26T23:11:19.104+0000] {dag.py:3096} INFO - Sync 2 DAGs
[2026-04-26T23:11:19.111+0000] {logging_mixin.py:188} INFO - [2026-04-26T23:11:19.111+0000] {dag.py:3954} INFO - Setting next_dagrun for example_external_task_marker_child to None, run_after=None
[2026-04-26T23:11:19.113+0000] {logging_mixin.py:188} INFO - [2026-04-26T23:11:19.113+0000] {dag.py:3954} INFO - Setting next_dagrun for example_external_task_marker_parent to None, run_after=None
[2026-04-26T23:11:19.122+0000] {processor.py:183} INFO - Processing /home/airflow/.local/lib/python3.12/site-packages/airflow/example_dags/example_external_task_marker_dag.py took 0.039 seconds
[2026-04-26T23:11:49.872+0000] {processor.py:161} INFO - Started process (PID=472) to work on /home/airflow/.local/lib/python3.12/site-packages/airflow/example_dags/example_external_task_marker_dag.py
[2026-04-26T23:11:49.873+0000] {processor.py:830} INFO - Processing file /home/airflow/.local/lib/python3.12/site-packages/airflow/example_dags/example_external_task_marker_dag.py for tasks to queue
[2026-04-26T23:11:49.874+0000] {logging_mixin.py:188} INFO - [2026-04-26T23:11:49.874+0000] {dagbag.py:545} INFO - Filling up the DagBag from /home/airflow/.local/lib/python3.12/site-packages/airflow/example_dags/example_external_task_marker_dag.py
[2026-04-26T23:11:49.878+0000] {processor.py:840} INFO - DAG(s) 'example_external_task_marker_child', 'example_external_task_marker_parent' retrieved from /home/airflow/.local/lib/python3.12/site-packages/airflow/example_dags/example_external_task_marker_dag.py
[2026-04-26T23:11:49.892+0000] {logging_mixin.py:188} INFO - [2026-04-26T23:11:49.891+0000] {dag.py:3096} INFO - Sync 2 DAGs
[2026-04-26T23:11:49.900+0000] {logging_mixin.py:188} INFO - [2026-04-26T23:11:49.900+0000] {dag.py:3954} INFO - Setting next_dagrun for example_external_task_marker_child to None, run_after=None
[2026-04-26T23:11:49.901+0000] {logging_mixin.py:188} INFO - [2026-04-26T23:11:49.901+0000] {dag.py:3954} INFO - Setting next_dagrun for example_external_task_marker_parent to None, run_after=None
[2026-04-26T23:11:49.909+0000] {processor.py:183} INFO - Processing /home/airflow/.local/lib/python3.12/site-packages/airflow/example_dags/example_external_task_marker_dag.py took 0.040 seconds
[2026-04-26T23:12:20.655+0000] {processor.py:161} INFO - Started process (PID=530) to work on /home/airflow/.local/lib/python3.12/site-packages/airflow/example_dags/example_external_task_marker_dag.py
[2026-04-26T23:12:20.656+0000] {processor.py:830} INFO - Processing file /home/airflow/.local/lib/python3.12/site-packages/airflow/example_dags/example_external_task_marker_dag.py for tasks to queue
[2026-04-26T23:12:20.657+0000] {logging_mixin.py:188} INFO - [2026-04-26T23:12:20.657+0000] {dagbag.py:545} INFO - Filling up the DagBag from /home/airflow/.local/lib/python3.12/site-packages/airflow/example_dags/example_external_task_marker_dag.py
[2026-04-26T23:12:20.661+0000] {processor.py:840} INFO - DAG(s) 'example_external_task_marker_parent', 'example_external_task_marker_child' retrieved from /home/airflow/.local/lib/python3.12/site-packages/airflow/example_dags/example_external_task_marker_dag.py
[2026-04-26T23:12:20.674+0000] {logging_mixin.py:188} INFO - [2026-04-26T23:12:20.674+0000] {dag.py:3096} INFO - Sync 2 DAGs
[2026-04-26T23:12:20.682+0000] {logging_mixin.py:188} INFO - [2026-04-26T23:12:20.682+0000] {dag.py:3954} INFO - Setting next_dagrun for example_external_task_marker_child to None, run_after=None
[2026-04-26T23:12:20.684+0000] {logging_mixin.py:188} INFO - [2026-04-26T23:12:20.683+0000] {dag.py:3954} INFO - Setting next_dagrun for example_external_task_marker_parent to None, run_after=None
[2026-04-26T23:12:20.693+0000] {processor.py:183} INFO - Processing /home/airflow/.local/lib/python3.12/site-packages/airflow/example_dags/example_external_task_marker_dag.py took 0.041 seconds
[2026-04-26T23:12:51.459+0000] {processor.py:161} INFO - Started process (PID=588) to work on /home/airflow/.local/lib/python3.12/site-packages/airflow/example_dags/example_external_task_marker_dag.py
[2026-04-26T23:12:51.459+0000] {processor.py:830} INFO - Processing file /home/airflow/.local/lib/python3.12/site-packages/airflow/example_dags/example_external_task_marker_dag.py for tasks to queue
[2026-04-26T23:12:51.460+0000] {logging_mixin.py:188} INFO - [2026-04-26T23:12:51.460+0000] {dagbag.py:545} INFO - Filling up the DagBag from /home/airflow/.local/lib/python3.12/site-packages/airflow/example_dags/example_external_task_marker_dag.py
[2026-04-26T23:12:51.464+0000] {processor.py:840} INFO - DAG(s) 'example_external_task_marker_parent', 'example_external_task_marker_child' retrieved from /home/airflow/.local/lib/python3.12/site-packages/airflow/example_dags/example_external_task_marker_dag.py
[2026-04-26T23:12:51.478+0000] {logging_mixin.py:188} INFO - [2026-04-26T23:12:51.478+0000] {dag.py:3096} INFO - Sync 2 DAGs
[2026-04-26T23:12:51.486+0000] {logging_mixin.py:188} INFO - [2026-04-26T23:12:51.486+0000] {dag.py:3954} INFO - Setting next_dagrun for example_external_task_marker_child to None, run_after=None
[2026-04-26T23:12:51.488+0000] {logging_mixin.py:188} INFO - [2026-04-26T23:12:51.488+0000] {dag.py:3954} INFO - Setting next_dagrun for example_external_task_marker_parent to None, run_after=None
[2026-04-26T23:12:51.498+0000] {processor.py:183} INFO - Processing /home/airflow/.local/lib/python3.12/site-packages/airflow/example_dags/example_external_task_marker_dag.py took 0.044 seconds
[2026-04-26T23:13:21.573+0000] {processor.py:161} INFO - Started process (PID=646) to work on /home/airflow/.local/lib/python3.12/site-packages/airflow/example_dags/example_external_task_marker_dag.py
[2026-04-26T23:13:21.574+0000] {processor.py:830} INFO - Processing file /home/airflow/.local/lib/python3.12/site-packages/airflow/example_dags/example_external_task_marker_dag.py for tasks to queue
[2026-04-26T23:13:21.575+0000] {logging_mixin.py:188} INFO - [2026-04-26T23:13:21.575+0000] {dagbag.py:545} INFO - Filling up the DagBag from /home/airflow/.local/lib/python3.12/site-packages/airflow/example_dags/example_external_task_marker_dag.py
[2026-04-26T23:13:21.578+0000] {processor.py:840} INFO - DAG(s) 'example_external_task_marker_parent', 'example_external_task_marker_child' retrieved from /home/airflow/.local/lib/python3.12/site-packages/airflow/example_dags/example_external_task_marker_dag.py
[2026-04-26T23:13:21.593+0000] {logging_mixin.py:188} INFO - [2026-04-26T23:13:21.593+0000] {dag.py:3096} INFO - Sync 2 DAGs
[2026-04-26T23:13:21.600+0000] {logging_mixin.py:188} INFO - [2026-04-26T23:13:21.600+0000] {dag.py:3954} INFO - Setting next_dagrun for example_external_task_marker_child to None, run_after=None
[2026-04-26T23:13:21.602+0000] {logging_mixin.py:188} INFO - [2026-04-26T23:13:21.602+0000] {dag.py:3954} INFO - Setting next_dagrun for example_external_task_marker_parent to None, run_after=None
[2026-04-26T23:13:21.611+0000] {processor.py:183} INFO - Processing /home/airflow/.local/lib/python3.12/site-packages/airflow/example_dags/example_external_task_marker_dag.py took 0.041 seconds
[2026-04-26T23:13:51.889+0000] {processor.py:161} INFO - Started process (PID=704) to work on /home/airflow/.local/lib/python3.12/site-packages/airflow/example_dags/example_external_task_marker_dag.py
[2026-04-26T23:13:51.890+0000] {processor.py:830} INFO - Processing file /home/airflow/.local/lib/python3.12/site-packages/airflow/example_dags/example_external_task_marker_dag.py for tasks to queue
[2026-04-26T23:13:51.891+0000] {logging_mixin.py:188} INFO - [2026-04-26T23:13:51.890+0000] {dagbag.py:545} INFO - Filling up the DagBag from /home/airflow/.local/lib/python3.12/site-packages/airflow/example_dags/example_external_task_marker_dag.py
[2026-04-26T23:13:51.895+0000] {processor.py:840} INFO - DAG(s) 'example_external_task_marker_child', 'example_external_task_marker_parent' retrieved from /home/airflow/.local/lib/python3.12/site-packages/airflow/example_dags/example_external_task_marker_dag.py
[2026-04-26T23:13:51.907+0000] {logging_mixin.py:188} INFO - [2026-04-26T23:13:51.907+0000] {dag.py:3096} INFO - Sync 2 DAGs
[2026-04-26T23:13:51.915+0000] {logging_mixin.py:188} INFO - [2026-04-26T23:13:51.914+0000] {dag.py:3954} INFO - Setting next_dagrun for example_external_task_marker_child to None, run_after=None
[2026-04-26T23:13:51.917+0000] {logging_mixin.py:188} INFO - [2026-04-26T23:13:51.917+0000] {dag.py:3954} INFO - Setting next_dagrun for example_external_task_marker_parent to None, run_after=None
[2026-04-26T23:13:51.926+0000] {processor.py:183} INFO - Processing /home/airflow/.local/lib/python3.12/site-packages/airflow/example_dags/example_external_task_marker_dag.py took 0.040 seconds
[2026-04-26T23:14:22.534+0000] {processor.py:161} INFO - Started process (PID=762) to work on /home/airflow/.local/lib/python3.12/site-packages/airflow/example_dags/example_external_task_marker_dag.py
[2026-04-26T23:14:22.534+0000] {processor.py:830} INFO - Processing file /home/airflow/.local/lib/python3.12/site-packages/airflow/example_dags/example_external_task_marker_dag.py for tasks to queue
[2026-04-26T23:14:22.535+0000] {logging_mixin.py:188} INFO - [2026-04-26T23:14:22.535+0000] {dagbag.py:545} INFO - Filling up the DagBag from /home/airflow/.local/lib/python3.12/site-packages/airflow/example_dags/example_external_task_marker_dag.py
[2026-04-26T23:14:22.539+0000] {processor.py:840} INFO - DAG(s) 'example_external_task_marker_parent', 'example_external_task_marker_child' retrieved from /home/airflow/.local/lib/python3.12/site-packages/airflow/example_dags/example_external_task_marker_dag.py
[2026-04-26T23:14:22.552+0000] {logging_mixin.py:188} INFO - [2026-04-26T23:14:22.552+0000] {dag.py:3096} INFO - Sync 2 DAGs
[2026-04-26T23:14:22.559+0000] {logging_mixin.py:188} INFO - [2026-04-26T23:14:22.558+0000] {dag.py:3954} INFO - Setting next_dagrun for example_external_task_marker_child to None, run_after=None
[2026-04-26T23:14:22.560+0000] {logging_mixin.py:188} INFO - [2026-04-26T23:14:22.560+0000] {dag.py:3954} INFO - Setting next_dagrun for example_external_task_marker_parent to None, run_after=None
[2026-04-26T23:14:22.567+0000] {processor.py:183} INFO - Processing /home/airflow/.local/lib/python3.12/site-packages/airflow/example_dags/example_external_task_marker_dag.py took 0.038 seconds
[2026-04-26T23:14:53.298+0000] {processor.py:161} INFO - Started process (PID=820) to work on /home/airflow/.local/lib/python3.12/site-packages/airflow/example_dags/example_external_task_marker_dag.py
[2026-04-26T23:14:53.298+0000] {processor.py:830} INFO - Processing file /home/airflow/.local/lib/python3.12/site-packages/airflow/example_dags/example_external_task_marker_dag.py for tasks to queue
[2026-04-26T23:14:53.299+0000] {logging_mixin.py:188} INFO - [2026-04-26T23:14:53.299+0000] {dagbag.py:545} INFO - Filling up the DagBag from /home/airflow/.local/lib/python3.12/site-packages/airflow/example_dags/example_external_task_marker_dag.py
[2026-04-26T23:14:53.303+0000] {processor.py:840} INFO - DAG(s) 'example_external_task_marker_child', 'example_external_task_marker_parent' retrieved from /home/airflow/.local/lib/python3.12/site-packages/airflow/example_dags/example_external_task_marker_dag.py
[2026-04-26T23:14:53.316+0000] {logging_mixin.py:188} INFO - [2026-04-26T23:14:53.316+0000] {dag.py:3096} INFO - Sync 2 DAGs
[2026-04-26T23:14:53.323+0000] {logging_mixin.py:188} INFO - [2026-04-26T23:14:53.323+0000] {dag.py:3954} INFO - Setting next_dagrun for example_external_task_marker_child to None, run_after=None
[2026-04-26T23:14:53.326+0000] {logging_mixin.py:188} INFO - [2026-04-26T23:14:53.325+0000] {dag.py:3954} INFO - Setting next_dagrun for example_external_task_marker_parent to None, run_after=None
[2026-04-26T23:14:53.335+0000] {processor.py:183} INFO - Processing /home/airflow/.local/lib/python3.12/site-packages/airflow/example_dags/example_external_task_marker_dag.py took 0.041 seconds
[2026-04-26T23:15:23.394+0000] {processor.py:161} INFO - Started process (PID=878) to work on /home/airflow/.local/lib/python3.12/site-packages/airflow/example_dags/example_external_task_marker_dag.py
[2026-04-26T23:15:23.395+0000] {processor.py:830} INFO - Processing file /home/airflow/.local/lib/python3.12/site-packages/airflow/example_dags/example_external_task_marker_dag.py for tasks to queue
[2026-04-26T23:15:23.396+0000] {logging_mixin.py:188} INFO - [2026-04-26T23:15:23.396+0000] {dagbag.py:545} INFO - Filling up the DagBag from /home/airflow/.local/lib/python3.12/site-packages/airflow/example_dags/example_external_task_marker_dag.py
[2026-04-26T23:15:23.399+0000] {processor.py:840} INFO - DAG(s) 'example_external_task_marker_parent', 'example_external_task_marker_child' retrieved from /home/airflow/.local/lib/python3.12/site-packages/airflow/example_dags/example_external_task_marker_dag.py
[2026-04-26T23:15:23.411+0000] {logging_mixin.py:188} INFO - [2026-04-26T23:15:23.411+0000] {dag.py:3096} INFO - Sync 2 DAGs
[2026-04-26T23:15:23.418+0000] {logging_mixin.py:188} INFO - [2026-04-26T23:15:23.418+0000] {dag.py:3954} INFO - Setting next_dagrun for example_external_task_marker_child to None, run_after=None
[2026-04-26T23:15:23.420+0000] {logging_mixin.py:188} INFO - [2026-04-26T23:15:23.419+0000] {dag.py:3954} INFO - Setting next_dagrun for example_external_task_marker_parent to None, run_after=None
[2026-04-26T23:15:23.428+0000] {processor.py:183} INFO - Processing /home/airflow/.local/lib/python3.12/site-packages/airflow/example_dags/example_external_task_marker_dag.py took 0.037 seconds
[2026-04-26T23:15:53.600+0000] {processor.py:161} INFO - Started process (PID=936) to work on /home/airflow/.local/lib/python3.12/site-packages/airflow/example_dags/example_external_task_marker_dag.py
[2026-04-26T23:15:53.600+0000] {processor.py:830} INFO - Processing file /home/airflow/.local/lib/python3.12/site-packages/airflow/example_dags/example_external_task_marker_dag.py for tasks to queue
[2026-04-26T23:15:53.601+0000] {logging_mixin.py:188} INFO - [2026-04-26T23:15:53.601+0000] {dagbag.py:545} INFO - Filling up the DagBag from /home/airflow/.local/lib/python3.12/site-packages/airflow/example_dags/example_external_task_marker_dag.py
[2026-04-26T23:15:53.604+0000] {processor.py:840} INFO - DAG(s) 'example_external_task_marker_parent', 'example_external_task_marker_child' retrieved from /home/airflow/.local/lib/python3.12/site-packages/airflow/example_dags/example_external_task_marker_dag.py
[2026-04-26T23:15:53.616+0000] {logging_mixin.py:188} INFO - [2026-04-26T23:15:53.616+0000] {dag.py:3096} INFO - Sync 2 DAGs
[2026-04-26T23:15:53.623+0000] {logging_mixin.py:188} INFO - [2026-04-26T23:15:53.623+0000] {dag.py:3954} INFO - Setting next_dagrun for example_external_task_marker_child to None, run_after=None
[2026-04-26T23:15:53.624+0000] {logging_mixin.py:188} INFO - [2026-04-26T23:15:53.624+0000] {dag.py:3954} INFO - Setting next_dagrun for example_external_task_marker_parent to None, run_after=None
[2026-04-26T23:15:53.633+0000] {processor.py:183} INFO - Processing /home/airflow/.local/lib/python3.12/site-packages/airflow/example_dags/example_external_task_marker_dag.py took 0.036 seconds
[2026-04-26T23:16:23.790+0000] {processor.py:161} INFO - Started process (PID=994) to work on /home/airflow/.local/lib/python3.12/site-packages/airflow/example_dags/example_external_task_marker_dag.py
[2026-04-26T23:16:23.791+0000] {processor.py:830} INFO - Processing file /home/airflow/.local/lib/python3.12/site-packages/airflow/example_dags/example_external_task_marker_dag.py for tasks to queue
[2026-04-26T23:16:23.792+0000] {logging_mixin.py:188} INFO - [2026-04-26T23:16:23.792+0000] {dagbag.py:545} INFO - Filling up the DagBag from /home/airflow/.local/lib/python3.12/site-packages/airflow/example_dags/example_external_task_marker_dag.py
[2026-04-26T23:16:23.796+0000] {processor.py:840} INFO - DAG(s) 'example_external_task_marker_child', 'example_external_task_marker_parent' retrieved from /home/airflow/.local/lib/python3.12/site-packages/airflow/example_dags/example_external_task_marker_dag.py
[2026-04-26T23:16:23.808+0000] {logging_mixin.py:188} INFO - [2026-04-26T23:16:23.808+0000] {dag.py:3096} INFO - Sync 2 DAGs
[2026-04-26T23:16:23.816+0000] {logging_mixin.py:188} INFO - [2026-04-26T23:16:23.816+0000] {dag.py:3954} INFO - Setting next_dagrun for example_external_task_marker_child to None, run_after=None
[2026-04-26T23:16:23.818+0000] {logging_mixin.py:188} INFO - [2026-04-26T23:16:23.818+0000] {dag.py:3954} INFO - Setting next_dagrun for example_external_task_marker_parent to None, run_after=None
[2026-04-26T23:16:23.826+0000] {processor.py:183} INFO - Processing /home/airflow/.local/lib/python3.12/site-packages/airflow/example_dags/example_external_task_marker_dag.py took 0.039 seconds
[2026-04-26T23:16:54.024+0000] {processor.py:161} INFO - Started process (PID=1052) to work on /home/airflow/.local/lib/python3.12/site-packages/airflow/example_dags/example_external_task_marker_dag.py
[2026-04-26T23:16:54.025+0000] {processor.py:830} INFO - Processing file /home/airflow/.local/lib/python3.12/site-packages/airflow/example_dags/example_external_task_marker_dag.py for tasks to queue
[2026-04-26T23:16:54.026+0000] {logging_mixin.py:188} INFO - [2026-04-26T23:16:54.026+0000] {dagbag.py:545} INFO - Filling up the DagBag from /home/airflow/.local/lib/python3.12/site-packages/airflow/example_dags/example_external_task_marker_dag.py
[2026-04-26T23:16:54.030+0000] {processor.py:840} INFO - DAG(s) 'example_external_task_marker_parent', 'example_external_task_marker_child' retrieved from /home/airflow/.local/lib/python3.12/site-packages/airflow/example_dags/example_external_task_marker_dag.py
[2026-04-26T23:16:54.046+0000] {logging_mixin.py:188} INFO - [2026-04-26T23:16:54.046+0000] {dag.py:3096} INFO - Sync 2 DAGs
[2026-04-26T23:16:54.055+0000] {logging_mixin.py:188} INFO - [2026-04-26T23:16:54.055+0000] {dag.py:3954} INFO - Setting next_dagrun for example_external_task_marker_child to None, run_after=None
[2026-04-26T23:16:54.057+0000] {logging_mixin.py:188} INFO - [2026-04-26T23:16:54.057+0000] {dag.py:3954} INFO - Setting next_dagrun for example_external_task_marker_parent to None, run_after=None
[2026-04-26T23:16:54.067+0000] {processor.py:183} INFO - Processing /home/airflow/.local/lib/python3.12/site-packages/airflow/example_dags/example_external_task_marker_dag.py took 0.048 seconds
[2026-04-26T23:17:24.347+0000] {processor.py:161} INFO - Started process (PID=1110) to work on /home/airflow/.local/lib/python3.12/site-packages/airflow/example_dags/example_external_task_marker_dag.py
[2026-04-26T23:17:24.348+0000] {processor.py:830} INFO - Processing file /home/airflow/.local/lib/python3.12/site-packages/airflow/example_dags/example_external_task_marker_dag.py for tasks to queue
[2026-04-26T23:17:24.349+0000] {logging_mixin.py:188} INFO - [2026-04-26T23:17:24.349+0000] {dagbag.py:545} INFO - Filling up the DagBag from /home/airflow/.local/lib/python3.12/site-packages/airflow/example_dags/example_external_task_marker_dag.py
[2026-04-26T23:17:24.354+0000] {processor.py:840} INFO - DAG(s) 'example_external_task_marker_parent', 'example_external_task_marker_child' retrieved from /home/airflow/.local/lib/python3.12/site-packages/airflow/example_dags/example_external_task_marker_dag.py
[2026-04-26T23:17:24.371+0000] {logging_mixin.py:188} INFO - [2026-04-26T23:17:24.370+0000] {dag.py:3096} INFO - Sync 2 DAGs
[2026-04-26T23:17:24.380+0000] {logging_mixin.py:188} INFO - [2026-04-26T23:17:24.380+0000] {dag.py:3954} INFO - Setting next_dagrun for example_external_task_marker_child to None, run_after=None
[2026-04-26T23:17:24.383+0000] {logging_mixin.py:188} INFO - [2026-04-26T23:17:24.383+0000] {dag.py:3954} INFO - Setting next_dagrun for example_external_task_marker_parent to None, run_after=None
[2026-04-26T23:17:24.394+0000] {processor.py:183} INFO - Processing /home/airflow/.local/lib/python3.12/site-packages/airflow/example_dags/example_external_task_marker_dag.py took 0.051 seconds
[2026-04-26T23:17:54.653+0000] {processor.py:161} INFO - Started process (PID=1168) to work on /home/airflow/.local/lib/python3.12/site-packages/airflow/example_dags/example_external_task_marker_dag.py
[2026-04-26T23:17:54.654+0000] {processor.py:830} INFO - Processing file /home/airflow/.local/lib/python3.12/site-packages/airflow/example_dags/example_external_task_marker_dag.py for tasks to queue
[2026-04-26T23:17:54.655+0000] {logging_mixin.py:188} INFO - [2026-04-26T23:17:54.655+0000] {dagbag.py:545} INFO - Filling up the DagBag from /home/airflow/.local/lib/python3.12/site-packages/airflow/example_dags/example_external_task_marker_dag.py
[2026-04-26T23:17:54.659+0000] {processor.py:840} INFO - DAG(s) 'example_external_task_marker_child', 'example_external_task_marker_parent' retrieved from /home/airflow/.local/lib/python3.12/site-packages/airflow/example_dags/example_external_task_marker_dag.py
[2026-04-26T23:17:54.672+0000] {logging_mixin.py:188} INFO - [2026-04-26T23:17:54.672+0000] {dag.py:3096} INFO - Sync 2 DAGs
[2026-04-26T23:17:54.679+0000] {logging_mixin.py:188} INFO - [2026-04-26T23:17:54.679+0000] {dag.py:3954} INFO - Setting next_dagrun for example_external_task_marker_child to None, run_after=None
[2026-04-26T23:17:54.681+0000] {logging_mixin.py:188} INFO - [2026-04-26T23:17:54.681+0000] {dag.py:3954} INFO - Setting next_dagrun for example_external_task_marker_parent to None, run_after=None
[2026-04-26T23:17:54.690+0000] {processor.py:183} INFO - Processing /home/airflow/.local/lib/python3.12/site-packages/airflow/example_dags/example_external_task_marker_dag.py took 0.040 seconds
[2026-04-26T23:18:25.700+0000] {processor.py:161} INFO - Started process (PID=1227) to work on /home/airflow/.local/lib/python3.12/site-packages/airflow/example_dags/example_external_task_marker_dag.py
[2026-04-26T23:18:25.701+0000] {processor.py:830} INFO - Processing file /home/airflow/.local/lib/python3.12/site-packages/airflow/example_dags/example_external_task_marker_dag.py for tasks to queue
[2026-04-26T23:18:25.702+0000] {logging_mixin.py:188} INFO - [2026-04-26T23:18:25.702+0000] {dagbag.py:545} INFO - Filling up the DagBag from /home/airflow/.local/lib/python3.12/site-packages/airflow/example_dags/example_external_task_marker_dag.py
[2026-04-26T23:18:25.707+0000] {processor.py:840} INFO - DAG(s) 'example_external_task_marker_child', 'example_external_task_marker_parent' retrieved from /home/airflow/.local/lib/python3.12/site-packages/airflow/example_dags/example_external_task_marker_dag.py
[2026-04-26T23:18:25.723+0000] {logging_mixin.py:188} INFO - [2026-04-26T23:18:25.723+0000] {dag.py:3096} INFO - Sync 2 DAGs
[2026-04-26T23:18:25.733+0000] {logging_mixin.py:188} INFO - [2026-04-26T23:18:25.733+0000] {dag.py:3954} INFO - Setting next_dagrun for example_external_task_marker_child to None, run_after=None
[2026-04-26T23:18:25.736+0000] {logging_mixin.py:188} INFO - [2026-04-26T23:18:25.735+0000] {dag.py:3954} INFO - Setting next_dagrun for example_external_task_marker_parent to None, run_after=None
[2026-04-26T23:18:25.747+0000] {processor.py:183} INFO - Processing /home/airflow/.local/lib/python3.12/site-packages/airflow/example_dags/example_external_task_marker_dag.py took 0.052 seconds
[2026-04-26T23:18:56.155+0000] {processor.py:161} INFO - Started process (PID=1286) to work on /home/airflow/.local/lib/python3.12/site-packages/airflow/example_dags/example_external_task_marker_dag.py
[2026-04-26T23:18:56.156+0000] {processor.py:830} INFO - Processing file /home/airflow/.local/lib/python3.12/site-packages/airflow/example_dags/example_external_task_marker_dag.py for tasks to queue
[2026-04-26T23:18:56.157+0000] {logging_mixin.py:188} INFO - [2026-04-26T23:18:56.157+0000] {dagbag.py:545} INFO - Filling up the DagBag from /home/airflow/.local/lib/python3.12/site-packages/airflow/example_dags/example_external_task_marker_dag.py
[2026-04-26T23:18:56.161+0000] {processor.py:840} INFO - DAG(s) 'example_external_task_marker_child', 'example_external_task_marker_parent' retrieved from /home/airflow/.local/lib/python3.12/site-packages/airflow/example_dags/example_external_task_marker_dag.py
[2026-04-26T23:18:56.178+0000] {logging_mixin.py:188} INFO - [2026-04-26T23:18:56.177+0000] {dag.py:3096} INFO - Sync 2 DAGs
[2026-04-26T23:18:56.187+0000] {logging_mixin.py:188} INFO - [2026-04-26T23:18:56.187+0000] {dag.py:3954} INFO - Setting next_dagrun for example_external_task_marker_child to None, run_after=None
[2026-04-26T23:18:56.190+0000] {logging_mixin.py:188} INFO - [2026-04-26T23:18:56.190+0000] {dag.py:3954} INFO - Setting next_dagrun for example_external_task_marker_parent to None, run_after=None
[2026-04-26T23:18:56.200+0000] {processor.py:183} INFO - Processing /home/airflow/.local/lib/python3.12/site-packages/airflow/example_dags/example_external_task_marker_dag.py took 0.049 seconds
[2026-04-26T23:19:26.410+0000] {processor.py:161} INFO - Started process (PID=1345) to work on /home/airflow/.local/lib/python3.12/site-packages/airflow/example_dags/example_external_task_marker_dag.py
[2026-04-26T23:19:26.411+0000] {processor.py:830} INFO - Processing file /home/airflow/.local/lib/python3.12/site-packages/airflow/example_dags/example_external_task_marker_dag.py for tasks to queue
[2026-04-26T23:19:26.412+0000] {logging_mixin.py:188} INFO - [2026-04-26T23:19:26.412+0000] {dagbag.py:545} INFO - Filling up the DagBag from /home/airflow/.local/lib/python3.12/site-packages/airflow/example_dags/example_external_task_marker_dag.py
[2026-04-26T23:19:26.417+0000] {processor.py:840} INFO - DAG(s) 'example_external_task_marker_parent', 'example_external_task_marker_child' retrieved from /home/airflow/.local/lib/python3.12/site-packages/airflow/example_dags/example_external_task_marker_dag.py
[2026-04-26T23:19:26.433+0000] {logging_mixin.py:188} INFO - [2026-04-26T23:19:26.433+0000] {dag.py:3096} INFO - Sync 2 DAGs
[2026-04-26T23:19:26.443+0000] {logging_mixin.py:188} INFO - [2026-04-26T23:19:26.443+0000] {dag.py:3954} INFO - Setting next_dagrun for example_external_task_marker_child to None, run_after=None
[2026-04-26T23:19:26.445+0000] {logging_mixin.py:188} INFO - [2026-04-26T23:19:26.445+0000] {dag.py:3954} INFO - Setting next_dagrun for example_external_task_marker_parent to None, run_after=None
[2026-04-26T23:19:26.455+0000] {processor.py:183} INFO - Processing /home/airflow/.local/lib/python3.12/site-packages/airflow/example_dags/example_external_task_marker_dag.py took 0.049 seconds
[2026-04-26T23:19:56.790+0000] {processor.py:161} INFO - Started process (PID=1404) to work on /home/airflow/.local/lib/python3.12/site-packages/airflow/example_dags/example_external_task_marker_dag.py
[2026-04-26T23:19:56.791+0000] {processor.py:830} INFO - Processing file /home/airflow/.local/lib/python3.12/site-packages/airflow/example_dags/example_external_task_marker_dag.py for tasks to queue
[2026-04-26T23:19:56.792+0000] {logging_mixin.py:188} INFO - [2026-04-26T23:19:56.792+0000] {dagbag.py:545} INFO - Filling up the DagBag from /home/airflow/.local/lib/python3.12/site-packages/airflow/example_dags/example_external_task_marker_dag.py
[2026-04-26T23:19:56.796+0000] {processor.py:840} INFO - DAG(s) 'example_external_task_marker_parent', 'example_external_task_marker_child' retrieved from /home/airflow/.local/lib/python3.12/site-packages/airflow/example_dags/example_external_task_marker_dag.py
[2026-04-26T23:19:56.810+0000] {logging_mixin.py:188} INFO - [2026-04-26T23:19:56.810+0000] {dag.py:3096} INFO - Sync 2 DAGs
[2026-04-26T23:19:56.817+0000] {logging_mixin.py:188} INFO - [2026-04-26T23:19:56.817+0000] {dag.py:3954} INFO - Setting next_dagrun for example_external_task_marker_child to None, run_after=None
[2026-04-26T23:19:56.819+0000] {logging_mixin.py:188} INFO - [2026-04-26T23:19:56.819+0000] {dag.py:3954} INFO - Setting next_dagrun for example_external_task_marker_parent to None, run_after=None
[2026-04-26T23:19:56.828+0000] {processor.py:183} INFO - Processing /home/airflow/.local/lib/python3.12/site-packages/airflow/example_dags/example_external_task_marker_dag.py took 0.042 seconds
[2026-04-26T23:20:27.025+0000] {processor.py:161} INFO - Started process (PID=1463) to work on /home/airflow/.local/lib/python3.12/site-packages/airflow/example_dags/example_external_task_marker_dag.py
[2026-04-26T23:20:27.026+0000] {processor.py:830} INFO - Processing file /home/airflow/.local/lib/python3.12/site-packages/airflow/example_dags/example_external_task_marker_dag.py for tasks to queue
[2026-04-26T23:20:27.027+0000] {logging_mixin.py:188} INFO - [2026-04-26T23:20:27.027+0000] {dagbag.py:545} INFO - Filling up the DagBag from /home/airflow/.local/lib/python3.12/site-packages/airflow/example_dags/example_external_task_marker_dag.py
[2026-04-26T23:20:27.032+0000] {processor.py:840} INFO - DAG(s) 'example_external_task_marker_parent', 'example_external_task_marker_child' retrieved from /home/airflow/.local/lib/python3.12/site-packages/airflow/example_dags/example_external_task_marker_dag.py
[2026-04-26T23:20:27.048+0000] {logging_mixin.py:188} INFO - [2026-04-26T23:20:27.047+0000] {dag.py:3096} INFO - Sync 2 DAGs
[2026-04-26T23:20:27.057+0000] {logging_mixin.py:188} INFO - [2026-04-26T23:20:27.057+0000] {dag.py:3954} INFO - Setting next_dagrun for example_external_task_marker_child to None, run_after=None
[2026-04-26T23:20:27.060+0000] {logging_mixin.py:188} INFO - [2026-04-26T23:20:27.060+0000] {dag.py:3954} INFO - Setting next_dagrun for example_external_task_marker_parent to None, run_after=None
[2026-04-26T23:20:27.071+0000] {processor.py:183} INFO - Processing /home/airflow/.local/lib/python3.12/site-packages/airflow/example_dags/example_external_task_marker_dag.py took 0.050 seconds
[2026-04-26T23:20:57.184+0000] {processor.py:161} INFO - Started process (PID=1522) to work on /home/airflow/.local/lib/python3.12/site-packages/airflow/example_dags/example_external_task_marker_dag.py
[2026-04-26T23:20:57.184+0000] {processor.py:830} INFO - Processing file /home/airflow/.local/lib/python3.12/site-packages/airflow/example_dags/example_external_task_marker_dag.py for tasks to queue
[2026-04-26T23:20:57.186+0000] {logging_mixin.py:188} INFO - [2026-04-26T23:20:57.185+0000] {dagbag.py:545} INFO - Filling up the DagBag from /home/airflow/.local/lib/python3.12/site-packages/airflow/example_dags/example_external_task_marker_dag.py
[2026-04-26T23:20:57.190+0000] {processor.py:840} INFO - DAG(s) 'example_external_task_marker_parent', 'example_external_task_marker_child' retrieved from /home/airflow/.local/lib/python3.12/site-packages/airflow/example_dags/example_external_task_marker_dag.py
[2026-04-26T23:20:57.206+0000] {logging_mixin.py:188} INFO - [2026-04-26T23:20:57.206+0000] {dag.py:3096} INFO - Sync 2 DAGs
[2026-04-26T23:20:57.217+0000] {logging_mixin.py:188} INFO - [2026-04-26T23:20:57.217+0000] {dag.py:3954} INFO - Setting next_dagrun for example_external_task_marker_child to None, run_after=None
[2026-04-26T23:20:57.220+0000] {logging_mixin.py:188} INFO - [2026-04-26T23:20:57.220+0000] {dag.py:3954} INFO - Setting next_dagrun for example_external_task_marker_parent to None, run_after=None
[2026-04-26T23:20:57.231+0000] {processor.py:183} INFO - Processing /home/airflow/.local/lib/python3.12/site-packages/airflow/example_dags/example_external_task_marker_dag.py took 0.051 seconds
[2026-04-26T23:21:27.465+0000] {processor.py:161} INFO - Started process (PID=1581) to work on /home/airflow/.local/lib/python3.12/site-packages/airflow/example_dags/example_external_task_marker_dag.py
[2026-04-26T23:21:27.465+0000] {processor.py:830} INFO - Processing file /home/airflow/.local/lib/python3.12/site-packages/airflow/example_dags/example_external_task_marker_dag.py for tasks to queue
[2026-04-26T23:21:27.466+0000] {logging_mixin.py:188} INFO - [2026-04-26T23:21:27.466+0000] {dagbag.py:545} INFO - Filling up the DagBag from /home/airflow/.local/lib/python3.12/site-packages/airflow/example_dags/example_external_task_marker_dag.py
[2026-04-26T23:21:27.469+0000] {processor.py:840} INFO - DAG(s) 'example_external_task_marker_parent', 'example_external_task_marker_child' retrieved from /home/airflow/.local/lib/python3.12/site-packages/airflow/example_dags/example_external_task_marker_dag.py
[2026-04-26T23:21:27.482+0000] {logging_mixin.py:188} INFO - [2026-04-26T23:21:27.482+0000] {dag.py:3096} INFO - Sync 2 DAGs
[2026-04-26T23:21:27.489+0000] {logging_mixin.py:188} INFO - [2026-04-26T23:21:27.489+0000] {dag.py:3954} INFO - Setting next_dagrun for example_external_task_marker_child to None, run_after=None
[2026-04-26T23:21:27.490+0000] {logging_mixin.py:188} INFO - [2026-04-26T23:21:27.490+0000] {dag.py:3954} INFO - Setting next_dagrun for example_external_task_marker_parent to None, run_after=None
[2026-04-26T23:21:27.498+0000] {processor.py:183} INFO - Processing /home/airflow/.local/lib/python3.12/site-packages/airflow/example_dags/example_external_task_marker_dag.py took 0.036 seconds
[2026-04-26T23:21:58.458+0000] {processor.py:161} INFO - Started process (PID=1641) to work on /home/airflow/.local/lib/python3.12/site-packages/airflow/example_dags/example_external_task_marker_dag.py
[2026-04-26T23:21:58.459+0000] {processor.py:830} INFO - Processing file /home/airflow/.local/lib/python3.12/site-packages/airflow/example_dags/example_external_task_marker_dag.py for tasks to queue
[2026-04-26T23:21:58.460+0000] {logging_mixin.py:188} INFO - [2026-04-26T23:21:58.460+0000] {dagbag.py:545} INFO - Filling up the DagBag from /home/airflow/.local/lib/python3.12/site-packages/airflow/example_dags/example_external_task_marker_dag.py
[2026-04-26T23:21:58.464+0000] {processor.py:840} INFO - DAG(s) 'example_external_task_marker_parent', 'example_external_task_marker_child' retrieved from /home/airflow/.local/lib/python3.12/site-packages/airflow/example_dags/example_external_task_marker_dag.py
[2026-04-26T23:21:58.477+0000] {logging_mixin.py:188} INFO - [2026-04-26T23:21:58.477+0000] {dag.py:3096} INFO - Sync 2 DAGs
[2026-04-26T23:21:58.484+0000] {logging_mixin.py:188} INFO - [2026-04-26T23:21:58.484+0000] {dag.py:3954} INFO - Setting next_dagrun for example_external_task_marker_child to None, run_after=None
[2026-04-26T23:21:58.486+0000] {logging_mixin.py:188} INFO - [2026-04-26T23:21:58.485+0000] {dag.py:3954} INFO - Setting next_dagrun for example_external_task_marker_parent to None, run_after=None
[2026-04-26T23:21:58.494+0000] {processor.py:183} INFO - Processing /home/airflow/.local/lib/python3.12/site-packages/airflow/example_dags/example_external_task_marker_dag.py took 0.039 seconds
[2026-04-26T23:22:28.855+0000] {processor.py:161} INFO - Started process (PID=1700) to work on /home/airflow/.local/lib/python3.12/site-packages/airflow/example_dags/example_external_task_marker_dag.py
[2026-04-26T23:22:28.855+0000] {processor.py:830} INFO - Processing file /home/airflow/.local/lib/python3.12/site-packages/airflow/example_dags/example_external_task_marker_dag.py for tasks to queue
[2026-04-26T23:22:28.856+0000] {logging_mixin.py:188} INFO - [2026-04-26T23:22:28.856+0000] {dagbag.py:545} INFO - Filling up the DagBag from /home/airflow/.local/lib/python3.12/site-packages/airflow/example_dags/example_external_task_marker_dag.py
[2026-04-26T23:22:28.860+0000] {processor.py:840} INFO - DAG(s) 'example_external_task_marker_parent', 'example_external_task_marker_child' retrieved from /home/airflow/.local/lib/python3.12/site-packages/airflow/example_dags/example_external_task_marker_dag.py
[2026-04-26T23:22:28.876+0000] {logging_mixin.py:188} INFO - [2026-04-26T23:22:28.875+0000] {dag.py:3096} INFO - Sync 2 DAGs
[2026-04-26T23:22:28.884+0000] {logging_mixin.py:188} INFO - [2026-04-26T23:22:28.884+0000] {dag.py:3954} INFO - Setting next_dagrun for example_external_task_marker_child to None, run_after=None
[2026-04-26T23:22:28.886+0000] {logging_mixin.py:188} INFO - [2026-04-26T23:22:28.886+0000] {dag.py:3954} INFO - Setting next_dagrun for example_external_task_marker_parent to None, run_after=None
[2026-04-26T23:22:28.894+0000] {processor.py:183} INFO - Processing /home/airflow/.local/lib/python3.12/site-packages/airflow/example_dags/example_external_task_marker_dag.py took 0.043 seconds
[2026-04-26T23:22:59.104+0000] {processor.py:161} INFO - Started process (PID=1760) to work on /home/airflow/.local/lib/python3.12/site-packages/airflow/example_dags/example_external_task_marker_dag.py
[2026-04-26T23:22:59.105+0000] {processor.py:830} INFO - Processing file /home/airflow/.local/lib/python3.12/site-packages/airflow/example_dags/example_external_task_marker_dag.py for tasks to queue
[2026-04-26T23:22:59.106+0000] {logging_mixin.py:188} INFO - [2026-04-26T23:22:59.106+0000] {dagbag.py:545} INFO - Filling up the DagBag from /home/airflow/.local/lib/python3.12/site-packages/airflow/example_dags/example_external_task_marker_dag.py
[2026-04-26T23:22:59.110+0000] {processor.py:840} INFO - DAG(s) 'example_external_task_marker_parent', 'example_external_task_marker_child' retrieved from /home/airflow/.local/lib/python3.12/site-packages/airflow/example_dags/example_external_task_marker_dag.py
[2026-04-26T23:22:59.124+0000] {logging_mixin.py:188} INFO - [2026-04-26T23:22:59.124+0000] {dag.py:3096} INFO - Sync 2 DAGs
[2026-04-26T23:22:59.132+0000] {logging_mixin.py:188} INFO - [2026-04-26T23:22:59.132+0000] {dag.py:3954} INFO - Setting next_dagrun for example_external_task_marker_child to None, run_after=None
[2026-04-26T23:22:59.134+0000] {logging_mixin.py:188} INFO - [2026-04-26T23:22:59.134+0000] {dag.py:3954} INFO - Setting next_dagrun for example_external_task_marker_parent to None, run_after=None
[2026-04-26T23:22:59.143+0000] {processor.py:183} INFO - Processing /home/airflow/.local/lib/python3.12/site-packages/airflow/example_dags/example_external_task_marker_dag.py took 0.042 seconds
[2026-04-26T23:23:29.882+0000] {processor.py:161} INFO - Started process (PID=1819) to work on /home/airflow/.local/lib/python3.12/site-packages/airflow/example_dags/example_external_task_marker_dag.py
[2026-04-26T23:23:29.883+0000] {processor.py:830} INFO - Processing file /home/airflow/.local/lib/python3.12/site-packages/airflow/example_dags/example_external_task_marker_dag.py for tasks to queue
[2026-04-26T23:23:29.884+0000] {logging_mixin.py:188} INFO - [2026-04-26T23:23:29.884+0000] {dagbag.py:545} INFO - Filling up the DagBag from /home/airflow/.local/lib/python3.12/site-packages/airflow/example_dags/example_external_task_marker_dag.py
[2026-04-26T23:23:29.889+0000] {processor.py:840} INFO - DAG(s) 'example_external_task_marker_parent', 'example_external_task_marker_child' retrieved from /home/airflow/.local/lib/python3.12/site-packages/airflow/example_dags/example_external_task_marker_dag.py
[2026-04-26T23:23:29.906+0000] {logging_mixin.py:188} INFO - [2026-04-26T23:23:29.905+0000] {dag.py:3096} INFO - Sync 2 DAGs
[2026-04-26T23:23:29.915+0000] {logging_mixin.py:188} INFO - [2026-04-26T23:23:29.915+0000] {dag.py:3954} INFO - Setting next_dagrun for example_external_task_marker_child to None, run_after=None
[2026-04-26T23:23:29.918+0000] {logging_mixin.py:188} INFO - [2026-04-26T23:23:29.918+0000] {dag.py:3954} INFO - Setting next_dagrun for example_external_task_marker_parent to None, run_after=None
[2026-04-26T23:23:29.928+0000] {processor.py:183} INFO - Processing /home/airflow/.local/lib/python3.12/site-packages/airflow/example_dags/example_external_task_marker_dag.py took 0.050 seconds
[2026-04-26T23:24:00.862+0000] {processor.py:161} INFO - Started process (PID=1878) to work on /home/airflow/.local/lib/python3.12/site-packages/airflow/example_dags/example_external_task_marker_dag.py
[2026-04-26T23:24:00.862+0000] {processor.py:830} INFO - Processing file /home/airflow/.local/lib/python3.12/site-packages/airflow/example_dags/example_external_task_marker_dag.py for tasks to queue
[2026-04-26T23:24:00.864+0000] {logging_mixin.py:188} INFO - [2026-04-26T23:24:00.863+0000] {dagbag.py:545} INFO - Filling up the DagBag from /home/airflow/.local/lib/python3.12/site-packages/airflow/example_dags/example_external_task_marker_dag.py
[2026-04-26T23:24:00.867+0000] {processor.py:840} INFO - DAG(s) 'example_external_task_marker_parent', 'example_external_task_marker_child' retrieved from /home/airflow/.local/lib/python3.12/site-packages/airflow/example_dags/example_external_task_marker_dag.py
[2026-04-26T23:24:00.881+0000] {logging_mixin.py:188} INFO - [2026-04-26T23:24:00.881+0000] {dag.py:3096} INFO - Sync 2 DAGs
[2026-04-26T23:24:01.001+0000] {logging_mixin.py:188} INFO - [2026-04-26T23:24:01.001+0000] {dag.py:3954} INFO - Setting next_dagrun for example_external_task_marker_child to None, run_after=None
[2026-04-26T23:24:01.003+0000] {logging_mixin.py:188} INFO - [2026-04-26T23:24:01.003+0000] {dag.py:3954} INFO - Setting next_dagrun for example_external_task_marker_parent to None, run_after=None
[2026-04-26T23:24:01.018+0000] {processor.py:183} INFO - Processing /home/airflow/.local/lib/python3.12/site-packages/airflow/example_dags/example_external_task_marker_dag.py took 0.160 seconds
[2026-04-26T23:24:31.980+0000] {processor.py:161} INFO - Started process (PID=1938) to work on /home/airflow/.local/lib/python3.12/site-packages/airflow/example_dags/example_external_task_marker_dag.py
[2026-04-26T23:24:31.981+0000] {processor.py:830} INFO - Processing file /home/airflow/.local/lib/python3.12/site-packages/airflow/example_dags/example_external_task_marker_dag.py for tasks to queue
[2026-04-26T23:24:31.982+0000] {logging_mixin.py:188} INFO - [2026-04-26T23:24:31.982+0000] {dagbag.py:545} INFO - Filling up the DagBag from /home/airflow/.local/lib/python3.12/site-packages/airflow/example_dags/example_external_task_marker_dag.py
[2026-04-26T23:24:31.986+0000] {processor.py:840} INFO - DAG(s) 'example_external_task_marker_parent', 'example_external_task_marker_child' retrieved from /home/airflow/.local/lib/python3.12/site-packages/airflow/example_dags/example_external_task_marker_dag.py
[2026-04-26T23:24:31.999+0000] {logging_mixin.py:188} INFO - [2026-04-26T23:24:31.999+0000] {dag.py:3096} INFO - Sync 2 DAGs
[2026-04-26T23:24:32.006+0000] {logging_mixin.py:188} INFO - [2026-04-26T23:24:32.006+0000] {dag.py:3954} INFO - Setting next_dagrun for example_external_task_marker_child to None, run_after=None
[2026-04-26T23:24:32.008+0000] {logging_mixin.py:188} INFO - [2026-04-26T23:24:32.008+0000] {dag.py:3954} INFO - Setting next_dagrun for example_external_task_marker_parent to None, run_after=None
[2026-04-26T23:24:32.118+0000] {processor.py:183} INFO - Processing /home/airflow/.local/lib/python3.12/site-packages/airflow/example_dags/example_external_task_marker_dag.py took 0.142 seconds
[2026-04-26T23:25:02.607+0000] {processor.py:161} INFO - Started process (PID=1998) to work on /home/airflow/.local/lib/python3.12/site-packages/airflow/example_dags/example_external_task_marker_dag.py
[2026-04-26T23:25:02.608+0000] {processor.py:830} INFO - Processing file /home/airflow/.local/lib/python3.12/site-packages/airflow/example_dags/example_external_task_marker_dag.py for tasks to queue
[2026-04-26T23:25:02.609+0000] {logging_mixin.py:188} INFO - [2026-04-26T23:25:02.609+0000] {dagbag.py:545} INFO - Filling up the DagBag from /home/airflow/.local/lib/python3.12/site-packages/airflow/example_dags/example_external_task_marker_dag.py
[2026-04-26T23:25:02.613+0000] {processor.py:840} INFO - DAG(s) 'example_external_task_marker_child', 'example_external_task_marker_parent' retrieved from /home/airflow/.local/lib/python3.12/site-packages/airflow/example_dags/example_external_task_marker_dag.py
[2026-04-26T23:25:02.627+0000] {logging_mixin.py:188} INFO - [2026-04-26T23:25:02.627+0000] {dag.py:3096} INFO - Sync 2 DAGs
[2026-04-26T23:25:02.635+0000] {logging_mixin.py:188} INFO - [2026-04-26T23:25:02.635+0000] {dag.py:3954} INFO - Setting next_dagrun for example_external_task_marker_child to None, run_after=None
[2026-04-26T23:25:02.637+0000] {logging_mixin.py:188} INFO - [2026-04-26T23:25:02.637+0000] {dag.py:3954} INFO - Setting next_dagrun for example_external_task_marker_parent to None, run_after=None
[2026-04-26T23:25:02.646+0000] {processor.py:183} INFO - Processing /home/airflow/.local/lib/python3.12/site-packages/airflow/example_dags/example_external_task_marker_dag.py took 0.043 seconds
[2026-04-26T23:25:33.370+0000] {processor.py:161} INFO - Started process (PID=2057) to work on /home/airflow/.local/lib/python3.12/site-packages/airflow/example_dags/example_external_task_marker_dag.py
[2026-04-26T23:25:33.370+0000] {processor.py:830} INFO - Processing file /home/airflow/.local/lib/python3.12/site-packages/airflow/example_dags/example_external_task_marker_dag.py for tasks to queue
[2026-04-26T23:25:33.372+0000] {logging_mixin.py:188} INFO - [2026-04-26T23:25:33.371+0000] {dagbag.py:545} INFO - Filling up the DagBag from /home/airflow/.local/lib/python3.12/site-packages/airflow/example_dags/example_external_task_marker_dag.py
[2026-04-26T23:25:33.377+0000] {processor.py:840} INFO - DAG(s) 'example_external_task_marker_parent', 'example_external_task_marker_child' retrieved from /home/airflow/.local/lib/python3.12/site-packages/airflow/example_dags/example_external_task_marker_dag.py
[2026-04-26T23:25:33.395+0000] {logging_mixin.py:188} INFO - [2026-04-26T23:25:33.395+0000] {dag.py:3096} INFO - Sync 2 DAGs
[2026-04-26T23:25:33.405+0000] {logging_mixin.py:188} INFO - [2026-04-26T23:25:33.405+0000] {dag.py:3954} INFO - Setting next_dagrun for example_external_task_marker_child to None, run_after=None
[2026-04-26T23:25:33.408+0000] {logging_mixin.py:188} INFO - [2026-04-26T23:25:33.407+0000] {dag.py:3954} INFO - Setting next_dagrun for example_external_task_marker_parent to None, run_after=None
[2026-04-26T23:25:33.419+0000] {processor.py:183} INFO - Processing /home/airflow/.local/lib/python3.12/site-packages/airflow/example_dags/example_external_task_marker_dag.py took 0.055 seconds
[2026-04-26T23:26:04.152+0000] {processor.py:161} INFO - Started process (PID=2116) to work on /home/airflow/.local/lib/python3.12/site-packages/airflow/example_dags/example_external_task_marker_dag.py
[2026-04-26T23:26:04.153+0000] {processor.py:830} INFO - Processing file /home/airflow/.local/lib/python3.12/site-packages/airflow/example_dags/example_external_task_marker_dag.py for tasks to queue
[2026-04-26T23:26:04.154+0000] {logging_mixin.py:188} INFO - [2026-04-26T23:26:04.154+0000] {dagbag.py:545} INFO - Filling up the DagBag from /home/airflow/.local/lib/python3.12/site-packages/airflow/example_dags/example_external_task_marker_dag.py
[2026-04-26T23:26:04.159+0000] {processor.py:840} INFO - DAG(s) 'example_external_task_marker_child', 'example_external_task_marker_parent' retrieved from /home/airflow/.local/lib/python3.12/site-packages/airflow/example_dags/example_external_task_marker_dag.py
[2026-04-26T23:26:04.175+0000] {logging_mixin.py:188} INFO - [2026-04-26T23:26:04.175+0000] {dag.py:3096} INFO - Sync 2 DAGs
[2026-04-26T23:26:04.184+0000] {logging_mixin.py:188} INFO - [2026-04-26T23:26:04.184+0000] {dag.py:3954} INFO - Setting next_dagrun for example_external_task_marker_child to None, run_after=None
[2026-04-26T23:26:04.187+0000] {logging_mixin.py:188} INFO - [2026-04-26T23:26:04.186+0000] {dag.py:3954} INFO - Setting next_dagrun for example_external_task_marker_parent to None, run_after=None
[2026-04-26T23:26:04.196+0000] {processor.py:183} INFO - Processing /home/airflow/.local/lib/python3.12/site-packages/airflow/example_dags/example_external_task_marker_dag.py took 0.049 seconds
[2026-04-26T23:26:34.895+0000] {processor.py:161} INFO - Started process (PID=2175) to work on /home/airflow/.local/lib/python3.12/site-packages/airflow/example_dags/example_external_task_marker_dag.py
[2026-04-26T23:26:34.895+0000] {processor.py:830} INFO - Processing file /home/airflow/.local/lib/python3.12/site-packages/airflow/example_dags/example_external_task_marker_dag.py for tasks to queue
[2026-04-26T23:26:34.897+0000] {logging_mixin.py:188} INFO - [2026-04-26T23:26:34.896+0000] {dagbag.py:545} INFO - Filling up the DagBag from /home/airflow/.local/lib/python3.12/site-packages/airflow/example_dags/example_external_task_marker_dag.py
[2026-04-26T23:26:34.901+0000] {processor.py:840} INFO - DAG(s) 'example_external_task_marker_parent', 'example_external_task_marker_child' retrieved from /home/airflow/.local/lib/python3.12/site-packages/airflow/example_dags/example_external_task_marker_dag.py
[2026-04-26T23:26:34.914+0000] {logging_mixin.py:188} INFO - [2026-04-26T23:26:34.914+0000] {dag.py:3096} INFO - Sync 2 DAGs
[2026-04-26T23:26:34.921+0000] {logging_mixin.py:188} INFO - [2026-04-26T23:26:34.921+0000] {dag.py:3954} INFO - Setting next_dagrun for example_external_task_marker_child to None, run_after=None
[2026-04-26T23:26:34.923+0000] {logging_mixin.py:188} INFO - [2026-04-26T23:26:34.923+0000] {dag.py:3954} INFO - Setting next_dagrun for example_external_task_marker_parent to None, run_after=None
[2026-04-26T23:26:34.931+0000] {processor.py:183} INFO - Processing /home/airflow/.local/lib/python3.12/site-packages/airflow/example_dags/example_external_task_marker_dag.py took 0.040 seconds
[2026-04-26T23:27:05.701+0000] {processor.py:161} INFO - Started process (PID=2234) to work on /home/airflow/.local/lib/python3.12/site-packages/airflow/example_dags/example_external_task_marker_dag.py
[2026-04-26T23:27:05.701+0000] {processor.py:830} INFO - Processing file /home/airflow/.local/lib/python3.12/site-packages/airflow/example_dags/example_external_task_marker_dag.py for tasks to queue
[2026-04-26T23:27:05.703+0000] {logging_mixin.py:188} INFO - [2026-04-26T23:27:05.702+0000] {dagbag.py:545} INFO - Filling up the DagBag from /home/airflow/.local/lib/python3.12/site-packages/airflow/example_dags/example_external_task_marker_dag.py
[2026-04-26T23:27:05.706+0000] {processor.py:840} INFO - DAG(s) 'example_external_task_marker_child', 'example_external_task_marker_parent' retrieved from /home/airflow/.local/lib/python3.12/site-packages/airflow/example_dags/example_external_task_marker_dag.py
[2026-04-26T23:27:05.720+0000] {logging_mixin.py:188} INFO - [2026-04-26T23:27:05.719+0000] {dag.py:3096} INFO - Sync 2 DAGs
[2026-04-26T23:27:05.727+0000] {logging_mixin.py:188} INFO - [2026-04-26T23:27:05.727+0000] {dag.py:3954} INFO - Setting next_dagrun for example_external_task_marker_child to None, run_after=None
[2026-04-26T23:27:05.729+0000] {logging_mixin.py:188} INFO - [2026-04-26T23:27:05.729+0000] {dag.py:3954} INFO - Setting next_dagrun for example_external_task_marker_parent to None, run_after=None
[2026-04-26T23:27:05.737+0000] {processor.py:183} INFO - Processing /home/airflow/.local/lib/python3.12/site-packages/airflow/example_dags/example_external_task_marker_dag.py took 0.040 seconds
[2026-04-26T23:27:36.416+0000] {processor.py:161} INFO - Started process (PID=2293) to work on /home/airflow/.local/lib/python3.12/site-packages/airflow/example_dags/example_external_task_marker_dag.py
[2026-04-26T23:27:36.416+0000] {processor.py:830} INFO - Processing file /home/airflow/.local/lib/python3.12/site-packages/airflow/example_dags/example_external_task_marker_dag.py for tasks to queue
[2026-04-26T23:27:36.418+0000] {logging_mixin.py:188} INFO - [2026-04-26T23:27:36.417+0000] {dagbag.py:545} INFO - Filling up the DagBag from /home/airflow/.local/lib/python3.12/site-packages/airflow/example_dags/example_external_task_marker_dag.py
[2026-04-26T23:27:36.421+0000] {processor.py:840} INFO - DAG(s) 'example_external_task_marker_child', 'example_external_task_marker_parent' retrieved from /home/airflow/.local/lib/python3.12/site-packages/airflow/example_dags/example_external_task_marker_dag.py
[2026-04-26T23:27:36.435+0000] {logging_mixin.py:188} INFO - [2026-04-26T23:27:36.435+0000] {dag.py:3096} INFO - Sync 2 DAGs
[2026-04-26T23:27:36.444+0000] {logging_mixin.py:188} INFO - [2026-04-26T23:27:36.444+0000] {dag.py:3954} INFO - Setting next_dagrun for example_external_task_marker_child to None, run_after=None
[2026-04-26T23:27:36.446+0000] {logging_mixin.py:188} INFO - [2026-04-26T23:27:36.446+0000] {dag.py:3954} INFO - Setting next_dagrun for example_external_task_marker_parent to None, run_after=None
[2026-04-26T23:27:36.456+0000] {processor.py:183} INFO - Processing /home/airflow/.local/lib/python3.12/site-packages/airflow/example_dags/example_external_task_marker_dag.py took 0.044 seconds
[2026-04-26T23:28:07.151+0000] {processor.py:161} INFO - Started process (PID=2352) to work on /home/airflow/.local/lib/python3.12/site-packages/airflow/example_dags/example_external_task_marker_dag.py
[2026-04-26T23:28:07.152+0000] {processor.py:830} INFO - Processing file /home/airflow/.local/lib/python3.12/site-packages/airflow/example_dags/example_external_task_marker_dag.py for tasks to queue
[2026-04-26T23:28:07.153+0000] {logging_mixin.py:188} INFO - [2026-04-26T23:28:07.153+0000] {dagbag.py:545} INFO - Filling up the DagBag from /home/airflow/.local/lib/python3.12/site-packages/airflow/example_dags/example_external_task_marker_dag.py
[2026-04-26T23:28:07.157+0000] {processor.py:840} INFO - DAG(s) 'example_external_task_marker_parent', 'example_external_task_marker_child' retrieved from /home/airflow/.local/lib/python3.12/site-packages/airflow/example_dags/example_external_task_marker_dag.py
[2026-04-26T23:28:07.170+0000] {logging_mixin.py:188} INFO - [2026-04-26T23:28:07.170+0000] {dag.py:3096} INFO - Sync 2 DAGs
[2026-04-26T23:28:07.179+0000] {logging_mixin.py:188} INFO - [2026-04-26T23:28:07.179+0000] {dag.py:3954} INFO - Setting next_dagrun for example_external_task_marker_child to None, run_after=None
[2026-04-26T23:28:07.181+0000] {logging_mixin.py:188} INFO - [2026-04-26T23:28:07.181+0000] {dag.py:3954} INFO - Setting next_dagrun for example_external_task_marker_parent to None, run_after=None
[2026-04-26T23:28:07.188+0000] {processor.py:183} INFO - Processing /home/airflow/.local/lib/python3.12/site-packages/airflow/example_dags/example_external_task_marker_dag.py took 0.041 seconds
[2026-04-26T23:28:37.878+0000] {processor.py:161} INFO - Started process (PID=2411) to work on /home/airflow/.local/lib/python3.12/site-packages/airflow/example_dags/example_external_task_marker_dag.py
[2026-04-26T23:28:37.879+0000] {processor.py:830} INFO - Processing file /home/airflow/.local/lib/python3.12/site-packages/airflow/example_dags/example_external_task_marker_dag.py for tasks to queue
[2026-04-26T23:28:37.880+0000] {logging_mixin.py:188} INFO - [2026-04-26T23:28:37.880+0000] {dagbag.py:545} INFO - Filling up the DagBag from /home/airflow/.local/lib/python3.12/site-packages/airflow/example_dags/example_external_task_marker_dag.py
[2026-04-26T23:28:37.885+0000] {processor.py:840} INFO - DAG(s) 'example_external_task_marker_parent', 'example_external_task_marker_child' retrieved from /home/airflow/.local/lib/python3.12/site-packages/airflow/example_dags/example_external_task_marker_dag.py
[2026-04-26T23:28:37.902+0000] {logging_mixin.py:188} INFO - [2026-04-26T23:28:37.902+0000] {dag.py:3096} INFO - Sync 2 DAGs
[2026-04-26T23:28:37.911+0000] {logging_mixin.py:188} INFO - [2026-04-26T23:28:37.911+0000] {dag.py:3954} INFO - Setting next_dagrun for example_external_task_marker_child to None, run_after=None
[2026-04-26T23:28:37.914+0000] {logging_mixin.py:188} INFO - [2026-04-26T23:28:37.914+0000] {dag.py:3954} INFO - Setting next_dagrun for example_external_task_marker_parent to None, run_after=None
[2026-04-26T23:28:37.924+0000] {processor.py:183} INFO - Processing /home/airflow/.local/lib/python3.12/site-packages/airflow/example_dags/example_external_task_marker_dag.py took 0.051 seconds
[2026-04-26T23:29:08.163+0000] {processor.py:161} INFO - Started process (PID=2470) to work on /home/airflow/.local/lib/python3.12/site-packages/airflow/example_dags/example_external_task_marker_dag.py
[2026-04-26T23:29:08.163+0000] {processor.py:830} INFO - Processing file /home/airflow/.local/lib/python3.12/site-packages/airflow/example_dags/example_external_task_marker_dag.py for tasks to queue
[2026-04-26T23:29:08.164+0000] {logging_mixin.py:188} INFO - [2026-04-26T23:29:08.164+0000] {dagbag.py:545} INFO - Filling up the DagBag from /home/airflow/.local/lib/python3.12/site-packages/airflow/example_dags/example_external_task_marker_dag.py
[2026-04-26T23:29:08.168+0000] {processor.py:840} INFO - DAG(s) 'example_external_task_marker_child', 'example_external_task_marker_parent' retrieved from /home/airflow/.local/lib/python3.12/site-packages/airflow/example_dags/example_external_task_marker_dag.py
[2026-04-26T23:29:08.182+0000] {logging_mixin.py:188} INFO - [2026-04-26T23:29:08.182+0000] {dag.py:3096} INFO - Sync 2 DAGs
[2026-04-26T23:29:08.190+0000] {logging_mixin.py:188} INFO - [2026-04-26T23:29:08.190+0000] {dag.py:3954} INFO - Setting next_dagrun for example_external_task_marker_child to None, run_after=None
[2026-04-26T23:29:08.192+0000] {logging_mixin.py:188} INFO - [2026-04-26T23:29:08.192+0000] {dag.py:3954} INFO - Setting next_dagrun for example_external_task_marker_parent to None, run_after=None
[2026-04-26T23:29:08.201+0000] {processor.py:183} INFO - Processing /home/airflow/.local/lib/python3.12/site-packages/airflow/example_dags/example_external_task_marker_dag.py took 0.042 seconds
[2026-04-26T23:29:39.011+0000] {processor.py:161} INFO - Started process (PID=2529) to work on /home/airflow/.local/lib/python3.12/site-packages/airflow/example_dags/example_external_task_marker_dag.py
[2026-04-26T23:29:39.012+0000] {processor.py:830} INFO - Processing file /home/airflow/.local/lib/python3.12/site-packages/airflow/example_dags/example_external_task_marker_dag.py for tasks to queue
[2026-04-26T23:29:39.013+0000] {logging_mixin.py:188} INFO - [2026-04-26T23:29:39.013+0000] {dagbag.py:545} INFO - Filling up the DagBag from /home/airflow/.local/lib/python3.12/site-packages/airflow/example_dags/example_external_task_marker_dag.py
[2026-04-26T23:29:39.017+0000] {processor.py:840} INFO - DAG(s) 'example_external_task_marker_parent', 'example_external_task_marker_child' retrieved from /home/airflow/.local/lib/python3.12/site-packages/airflow/example_dags/example_external_task_marker_dag.py
[2026-04-26T23:29:39.030+0000] {logging_mixin.py:188} INFO - [2026-04-26T23:29:39.030+0000] {dag.py:3096} INFO - Sync 2 DAGs
[2026-04-26T23:29:39.038+0000] {logging_mixin.py:188} INFO - [2026-04-26T23:29:39.038+0000] {dag.py:3954} INFO - Setting next_dagrun for example_external_task_marker_child to None, run_after=None
[2026-04-26T23:29:39.040+0000] {logging_mixin.py:188} INFO - [2026-04-26T23:29:39.040+0000] {dag.py:3954} INFO - Setting next_dagrun for example_external_task_marker_parent to None, run_after=None
[2026-04-26T23:29:39.049+0000] {processor.py:183} INFO - Processing /home/airflow/.local/lib/python3.12/site-packages/airflow/example_dags/example_external_task_marker_dag.py took 0.042 seconds
[2026-04-26T23:30:09.755+0000] {processor.py:161} INFO - Started process (PID=2588) to work on /home/airflow/.local/lib/python3.12/site-packages/airflow/example_dags/example_external_task_marker_dag.py
[2026-04-26T23:30:09.755+0000] {processor.py:830} INFO - Processing file /home/airflow/.local/lib/python3.12/site-packages/airflow/example_dags/example_external_task_marker_dag.py for tasks to queue
[2026-04-26T23:30:09.757+0000] {logging_mixin.py:188} INFO - [2026-04-26T23:30:09.756+0000] {dagbag.py:545} INFO - Filling up the DagBag from /home/airflow/.local/lib/python3.12/site-packages/airflow/example_dags/example_external_task_marker_dag.py
[2026-04-26T23:30:09.762+0000] {processor.py:840} INFO - DAG(s) 'example_external_task_marker_parent', 'example_external_task_marker_child' retrieved from /home/airflow/.local/lib/python3.12/site-packages/airflow/example_dags/example_external_task_marker_dag.py
[2026-04-26T23:30:09.779+0000] {logging_mixin.py:188} INFO - [2026-04-26T23:30:09.779+0000] {dag.py:3096} INFO - Sync 2 DAGs
[2026-04-26T23:30:09.790+0000] {logging_mixin.py:188} INFO - [2026-04-26T23:30:09.789+0000] {dag.py:3954} INFO - Setting next_dagrun for example_external_task_marker_child to None, run_after=None
[2026-04-26T23:30:09.792+0000] {logging_mixin.py:188} INFO - [2026-04-26T23:30:09.792+0000] {dag.py:3954} INFO - Setting next_dagrun for example_external_task_marker_parent to None, run_after=None
[2026-04-26T23:30:09.804+0000] {processor.py:183} INFO - Processing /home/airflow/.local/lib/python3.12/site-packages/airflow/example_dags/example_external_task_marker_dag.py took 0.055 seconds
[2026-04-26T23:30:40.452+0000] {processor.py:161} INFO - Started process (PID=2647) to work on /home/airflow/.local/lib/python3.12/site-packages/airflow/example_dags/example_external_task_marker_dag.py
[2026-04-26T23:30:40.452+0000] {processor.py:830} INFO - Processing file /home/airflow/.local/lib/python3.12/site-packages/airflow/example_dags/example_external_task_marker_dag.py for tasks to queue
[2026-04-26T23:30:40.454+0000] {logging_mixin.py:188} INFO - [2026-04-26T23:30:40.454+0000] {dagbag.py:545} INFO - Filling up the DagBag from /home/airflow/.local/lib/python3.12/site-packages/airflow/example_dags/example_external_task_marker_dag.py
[2026-04-26T23:30:40.458+0000] {processor.py:840} INFO - DAG(s) 'example_external_task_marker_child', 'example_external_task_marker_parent' retrieved from /home/airflow/.local/lib/python3.12/site-packages/airflow/example_dags/example_external_task_marker_dag.py
[2026-04-26T23:30:40.471+0000] {logging_mixin.py:188} INFO - [2026-04-26T23:30:40.471+0000] {dag.py:3096} INFO - Sync 2 DAGs
[2026-04-26T23:30:40.479+0000] {logging_mixin.py:188} INFO - [2026-04-26T23:30:40.478+0000] {dag.py:3954} INFO - Setting next_dagrun for example_external_task_marker_child to None, run_after=None
[2026-04-26T23:30:40.480+0000] {logging_mixin.py:188} INFO - [2026-04-26T23:30:40.480+0000] {dag.py:3954} INFO - Setting next_dagrun for example_external_task_marker_parent to None, run_after=None
[2026-04-26T23:30:40.488+0000] {processor.py:183} INFO - Processing /home/airflow/.local/lib/python3.12/site-packages/airflow/example_dags/example_external_task_marker_dag.py took 0.041 seconds
[2026-04-26T23:31:11.250+0000] {processor.py:161} INFO - Started process (PID=2706) to work on /home/airflow/.local/lib/python3.12/site-packages/airflow/example_dags/example_external_task_marker_dag.py
[2026-04-26T23:31:11.251+0000] {processor.py:830} INFO - Processing file /home/airflow/.local/lib/python3.12/site-packages/airflow/example_dags/example_external_task_marker_dag.py for tasks to queue
[2026-04-26T23:31:11.252+0000] {logging_mixin.py:188} INFO - [2026-04-26T23:31:11.252+0000] {dagbag.py:545} INFO - Filling up the DagBag from /home/airflow/.local/lib/python3.12/site-packages/airflow/example_dags/example_external_task_marker_dag.py
[2026-04-26T23:31:11.256+0000] {processor.py:840} INFO - DAG(s) 'example_external_task_marker_child', 'example_external_task_marker_parent' retrieved from /home/airflow/.local/lib/python3.12/site-packages/airflow/example_dags/example_external_task_marker_dag.py
[2026-04-26T23:31:11.269+0000] {logging_mixin.py:188} INFO - [2026-04-26T23:31:11.268+0000] {dag.py:3096} INFO - Sync 2 DAGs
[2026-04-26T23:31:11.276+0000] {logging_mixin.py:188} INFO - [2026-04-26T23:31:11.276+0000] {dag.py:3954} INFO - Setting next_dagrun for example_external_task_marker_child to None, run_after=None
[2026-04-26T23:31:11.278+0000] {logging_mixin.py:188} INFO - [2026-04-26T23:31:11.278+0000] {dag.py:3954} INFO - Setting next_dagrun for example_external_task_marker_parent to None, run_after=None
[2026-04-26T23:31:11.286+0000] {processor.py:183} INFO - Processing /home/airflow/.local/lib/python3.12/site-packages/airflow/example_dags/example_external_task_marker_dag.py took 0.039 seconds
[2026-04-26T23:31:42.008+0000] {processor.py:161} INFO - Started process (PID=2765) to work on /home/airflow/.local/lib/python3.12/site-packages/airflow/example_dags/example_external_task_marker_dag.py
[2026-04-26T23:31:42.009+0000] {processor.py:830} INFO - Processing file /home/airflow/.local/lib/python3.12/site-packages/airflow/example_dags/example_external_task_marker_dag.py for tasks to queue
[2026-04-26T23:31:42.010+0000] {logging_mixin.py:188} INFO - [2026-04-26T23:31:42.010+0000] {dagbag.py:545} INFO - Filling up the DagBag from /home/airflow/.local/lib/python3.12/site-packages/airflow/example_dags/example_external_task_marker_dag.py
[2026-04-26T23:31:42.014+0000] {processor.py:840} INFO - DAG(s) 'example_external_task_marker_child', 'example_external_task_marker_parent' retrieved from /home/airflow/.local/lib/python3.12/site-packages/airflow/example_dags/example_external_task_marker_dag.py
[2026-04-26T23:31:42.029+0000] {logging_mixin.py:188} INFO - [2026-04-26T23:31:42.028+0000] {dag.py:3096} INFO - Sync 2 DAGs
[2026-04-26T23:31:42.037+0000] {logging_mixin.py:188} INFO - [2026-04-26T23:31:42.037+0000] {dag.py:3954} INFO - Setting next_dagrun for example_external_task_marker_child to None, run_after=None
[2026-04-26T23:31:42.039+0000] {logging_mixin.py:188} INFO - [2026-04-26T23:31:42.039+0000] {dag.py:3954} INFO - Setting next_dagrun for example_external_task_marker_parent to None, run_after=None
[2026-04-26T23:31:42.048+0000] {processor.py:183} INFO - Processing /home/airflow/.local/lib/python3.12/site-packages/airflow/example_dags/example_external_task_marker_dag.py took 0.044 seconds
[2026-04-26T23:32:12.774+0000] {processor.py:161} INFO - Started process (PID=2824) to work on /home/airflow/.local/lib/python3.12/site-packages/airflow/example_dags/example_external_task_marker_dag.py
[2026-04-26T23:32:12.775+0000] {processor.py:830} INFO - Processing file /home/airflow/.local/lib/python3.12/site-packages/airflow/example_dags/example_external_task_marker_dag.py for tasks to queue
[2026-04-26T23:32:12.776+0000] {logging_mixin.py:188} INFO - [2026-04-26T23:32:12.776+0000] {dagbag.py:545} INFO - Filling up the DagBag from /home/airflow/.local/lib/python3.12/site-packages/airflow/example_dags/example_external_task_marker_dag.py
[2026-04-26T23:32:12.781+0000] {processor.py:840} INFO - DAG(s) 'example_external_task_marker_child', 'example_external_task_marker_parent' retrieved from /home/airflow/.local/lib/python3.12/site-packages/airflow/example_dags/example_external_task_marker_dag.py
[2026-04-26T23:32:12.797+0000] {logging_mixin.py:188} INFO - [2026-04-26T23:32:12.797+0000] {dag.py:3096} INFO - Sync 2 DAGs
[2026-04-26T23:32:12.807+0000] {logging_mixin.py:188} INFO - [2026-04-26T23:32:12.807+0000] {dag.py:3954} INFO - Setting next_dagrun for example_external_task_marker_child to None, run_after=None
[2026-04-26T23:32:12.809+0000] {logging_mixin.py:188} INFO - [2026-04-26T23:32:12.809+0000] {dag.py:3954} INFO - Setting next_dagrun for example_external_task_marker_parent to None, run_after=None
[2026-04-26T23:32:12.820+0000] {processor.py:183} INFO - Processing /home/airflow/.local/lib/python3.12/site-packages/airflow/example_dags/example_external_task_marker_dag.py took 0.051 seconds
[2026-04-26T23:32:42.955+0000] {processor.py:161} INFO - Started process (PID=2883) to work on /home/airflow/.local/lib/python3.12/site-packages/airflow/example_dags/example_external_task_marker_dag.py
[2026-04-26T23:32:42.956+0000] {processor.py:830} INFO - Processing file /home/airflow/.local/lib/python3.12/site-packages/airflow/example_dags/example_external_task_marker_dag.py for tasks to queue
[2026-04-26T23:32:42.957+0000] {logging_mixin.py:188} INFO - [2026-04-26T23:32:42.957+0000] {dagbag.py:545} INFO - Filling up the DagBag from /home/airflow/.local/lib/python3.12/site-packages/airflow/example_dags/example_external_task_marker_dag.py
[2026-04-26T23:32:42.962+0000] {processor.py:840} INFO - DAG(s) 'example_external_task_marker_child', 'example_external_task_marker_parent' retrieved from /home/airflow/.local/lib/python3.12/site-packages/airflow/example_dags/example_external_task_marker_dag.py
[2026-04-26T23:32:42.978+0000] {logging_mixin.py:188} INFO - [2026-04-26T23:32:42.978+0000] {dag.py:3096} INFO - Sync 2 DAGs
[2026-04-26T23:32:42.987+0000] {logging_mixin.py:188} INFO - [2026-04-26T23:32:42.987+0000] {dag.py:3954} INFO - Setting next_dagrun for example_external_task_marker_child to None, run_after=None
[2026-04-26T23:32:42.990+0000] {logging_mixin.py:188} INFO - [2026-04-26T23:32:42.990+0000] {dag.py:3954} INFO - Setting next_dagrun for example_external_task_marker_parent to None, run_after=None
[2026-04-26T23:32:43.001+0000] {processor.py:183} INFO - Processing /home/airflow/.local/lib/python3.12/site-packages/airflow/example_dags/example_external_task_marker_dag.py took 0.050 seconds
[2026-04-26T23:33:13.215+0000] {processor.py:161} INFO - Started process (PID=2942) to work on /home/airflow/.local/lib/python3.12/site-packages/airflow/example_dags/example_external_task_marker_dag.py
[2026-04-26T23:33:13.216+0000] {processor.py:830} INFO - Processing file /home/airflow/.local/lib/python3.12/site-packages/airflow/example_dags/example_external_task_marker_dag.py for tasks to queue
[2026-04-26T23:33:13.217+0000] {logging_mixin.py:188} INFO - [2026-04-26T23:33:13.217+0000] {dagbag.py:545} INFO - Filling up the DagBag from /home/airflow/.local/lib/python3.12/site-packages/airflow/example_dags/example_external_task_marker_dag.py
[2026-04-26T23:33:13.222+0000] {processor.py:840} INFO - DAG(s) 'example_external_task_marker_parent', 'example_external_task_marker_child' retrieved from /home/airflow/.local/lib/python3.12/site-packages/airflow/example_dags/example_external_task_marker_dag.py
[2026-04-26T23:33:13.238+0000] {logging_mixin.py:188} INFO - [2026-04-26T23:33:13.238+0000] {dag.py:3096} INFO - Sync 2 DAGs
[2026-04-26T23:33:13.248+0000] {logging_mixin.py:188} INFO - [2026-04-26T23:33:13.248+0000] {dag.py:3954} INFO - Setting next_dagrun for example_external_task_marker_child to None, run_after=None
[2026-04-26T23:33:13.250+0000] {logging_mixin.py:188} INFO - [2026-04-26T23:33:13.250+0000] {dag.py:3954} INFO - Setting next_dagrun for example_external_task_marker_parent to None, run_after=None
[2026-04-26T23:33:13.260+0000] {processor.py:183} INFO - Processing /home/airflow/.local/lib/python3.12/site-packages/airflow/example_dags/example_external_task_marker_dag.py took 0.049 seconds
[2026-04-26T23:33:44.135+0000] {processor.py:161} INFO - Started process (PID=3005) to work on /home/airflow/.local/lib/python3.12/site-packages/airflow/example_dags/example_external_task_marker_dag.py
[2026-04-26T23:33:44.136+0000] {processor.py:830} INFO - Processing file /home/airflow/.local/lib/python3.12/site-packages/airflow/example_dags/example_external_task_marker_dag.py for tasks to queue
[2026-04-26T23:33:44.137+0000] {logging_mixin.py:188} INFO - [2026-04-26T23:33:44.137+0000] {dagbag.py:545} INFO - Filling up the DagBag from /home/airflow/.local/lib/python3.12/site-packages/airflow/example_dags/example_external_task_marker_dag.py
[2026-04-26T23:33:44.140+0000] {processor.py:840} INFO - DAG(s) 'example_external_task_marker_child', 'example_external_task_marker_parent' retrieved from /home/airflow/.local/lib/python3.12/site-packages/airflow/example_dags/example_external_task_marker_dag.py
[2026-04-26T23:33:44.154+0000] {logging_mixin.py:188} INFO - [2026-04-26T23:33:44.154+0000] {dag.py:3096} INFO - Sync 2 DAGs
[2026-04-26T23:33:44.162+0000] {logging_mixin.py:188} INFO - [2026-04-26T23:33:44.161+0000] {dag.py:3954} INFO - Setting next_dagrun for example_external_task_marker_child to None, run_after=None
[2026-04-26T23:33:44.164+0000] {logging_mixin.py:188} INFO - [2026-04-26T23:33:44.163+0000] {dag.py:3954} INFO - Setting next_dagrun for example_external_task_marker_parent to None, run_after=None
[2026-04-26T23:33:44.173+0000] {processor.py:183} INFO - Processing /home/airflow/.local/lib/python3.12/site-packages/airflow/example_dags/example_external_task_marker_dag.py took 0.042 seconds
[2026-04-26T23:34:14.265+0000] {processor.py:161} INFO - Started process (PID=3064) to work on /home/airflow/.local/lib/python3.12/site-packages/airflow/example_dags/example_external_task_marker_dag.py
[2026-04-26T23:34:14.266+0000] {processor.py:830} INFO - Processing file /home/airflow/.local/lib/python3.12/site-packages/airflow/example_dags/example_external_task_marker_dag.py for tasks to queue
[2026-04-26T23:34:14.267+0000] {logging_mixin.py:188} INFO - [2026-04-26T23:34:14.267+0000] {dagbag.py:545} INFO - Filling up the DagBag from /home/airflow/.local/lib/python3.12/site-packages/airflow/example_dags/example_external_task_marker_dag.py
[2026-04-26T23:34:14.271+0000] {processor.py:840} INFO - DAG(s) 'example_external_task_marker_child', 'example_external_task_marker_parent' retrieved from /home/airflow/.local/lib/python3.12/site-packages/airflow/example_dags/example_external_task_marker_dag.py
[2026-04-26T23:34:14.285+0000] {logging_mixin.py:188} INFO - [2026-04-26T23:34:14.285+0000] {dag.py:3096} INFO - Sync 2 DAGs
[2026-04-26T23:34:14.293+0000] {logging_mixin.py:188} INFO - [2026-04-26T23:34:14.293+0000] {dag.py:3954} INFO - Setting next_dagrun for example_external_task_marker_child to None, run_after=None
[2026-04-26T23:34:14.295+0000] {logging_mixin.py:188} INFO - [2026-04-26T23:34:14.295+0000] {dag.py:3954} INFO - Setting next_dagrun for example_external_task_marker_parent to None, run_after=None
[2026-04-26T23:34:14.304+0000] {processor.py:183} INFO - Processing /home/airflow/.local/lib/python3.12/site-packages/airflow/example_dags/example_external_task_marker_dag.py took 0.042 seconds
[2026-04-26T23:34:44.432+0000] {processor.py:161} INFO - Started process (PID=3123) to work on /home/airflow/.local/lib/python3.12/site-packages/airflow/example_dags/example_external_task_marker_dag.py
[2026-04-26T23:34:44.432+0000] {processor.py:830} INFO - Processing file /home/airflow/.local/lib/python3.12/site-packages/airflow/example_dags/example_external_task_marker_dag.py for tasks to queue
[2026-04-26T23:34:44.433+0000] {logging_mixin.py:188} INFO - [2026-04-26T23:34:44.433+0000] {dagbag.py:545} INFO - Filling up the DagBag from /home/airflow/.local/lib/python3.12/site-packages/airflow/example_dags/example_external_task_marker_dag.py
[2026-04-26T23:34:44.436+0000] {processor.py:840} INFO - DAG(s) 'example_external_task_marker_parent', 'example_external_task_marker_child' retrieved from /home/airflow/.local/lib/python3.12/site-packages/airflow/example_dags/example_external_task_marker_dag.py
[2026-04-26T23:34:44.449+0000] {logging_mixin.py:188} INFO - [2026-04-26T23:34:44.449+0000] {dag.py:3096} INFO - Sync 2 DAGs
[2026-04-26T23:34:44.456+0000] {logging_mixin.py:188} INFO - [2026-04-26T23:34:44.456+0000] {dag.py:3954} INFO - Setting next_dagrun for example_external_task_marker_child to None, run_after=None
[2026-04-26T23:34:44.457+0000] {logging_mixin.py:188} INFO - [2026-04-26T23:34:44.457+0000] {dag.py:3954} INFO - Setting next_dagrun for example_external_task_marker_parent to None, run_after=None
[2026-04-26T23:34:44.465+0000] {processor.py:183} INFO - Processing /home/airflow/.local/lib/python3.12/site-packages/airflow/example_dags/example_external_task_marker_dag.py took 0.036 seconds
[2026-04-26T23:35:15.180+0000] {processor.py:161} INFO - Started process (PID=3182) to work on /home/airflow/.local/lib/python3.12/site-packages/airflow/example_dags/example_external_task_marker_dag.py
[2026-04-26T23:35:15.180+0000] {processor.py:830} INFO - Processing file /home/airflow/.local/lib/python3.12/site-packages/airflow/example_dags/example_external_task_marker_dag.py for tasks to queue
[2026-04-26T23:35:15.182+0000] {logging_mixin.py:188} INFO - [2026-04-26T23:35:15.181+0000] {dagbag.py:545} INFO - Filling up the DagBag from /home/airflow/.local/lib/python3.12/site-packages/airflow/example_dags/example_external_task_marker_dag.py
[2026-04-26T23:35:15.185+0000] {processor.py:840} INFO - DAG(s) 'example_external_task_marker_child', 'example_external_task_marker_parent' retrieved from /home/airflow/.local/lib/python3.12/site-packages/airflow/example_dags/example_external_task_marker_dag.py
[2026-04-26T23:35:15.199+0000] {logging_mixin.py:188} INFO - [2026-04-26T23:35:15.199+0000] {dag.py:3096} INFO - Sync 2 DAGs
[2026-04-26T23:35:15.206+0000] {logging_mixin.py:188} INFO - [2026-04-26T23:35:15.206+0000] {dag.py:3954} INFO - Setting next_dagrun for example_external_task_marker_child to None, run_after=None
[2026-04-26T23:35:15.208+0000] {logging_mixin.py:188} INFO - [2026-04-26T23:35:15.208+0000] {dag.py:3954} INFO - Setting next_dagrun for example_external_task_marker_parent to None, run_after=None
[2026-04-26T23:35:15.216+0000] {processor.py:183} INFO - Processing /home/airflow/.local/lib/python3.12/site-packages/airflow/example_dags/example_external_task_marker_dag.py took 0.041 seconds
[2026-04-26T23:35:45.826+0000] {processor.py:161} INFO - Started process (PID=3241) to work on /home/airflow/.local/lib/python3.12/site-packages/airflow/example_dags/example_external_task_marker_dag.py
[2026-04-26T23:35:45.827+0000] {processor.py:830} INFO - Processing file /home/airflow/.local/lib/python3.12/site-packages/airflow/example_dags/example_external_task_marker_dag.py for tasks to queue
[2026-04-26T23:35:45.828+0000] {logging_mixin.py:188} INFO - [2026-04-26T23:35:45.827+0000] {dagbag.py:545} INFO - Filling up the DagBag from /home/airflow/.local/lib/python3.12/site-packages/airflow/example_dags/example_external_task_marker_dag.py
[2026-04-26T23:35:45.831+0000] {processor.py:840} INFO - DAG(s) 'example_external_task_marker_parent', 'example_external_task_marker_child' retrieved from /home/airflow/.local/lib/python3.12/site-packages/airflow/example_dags/example_external_task_marker_dag.py
[2026-04-26T23:35:45.845+0000] {logging_mixin.py:188} INFO - [2026-04-26T23:35:45.845+0000] {dag.py:3096} INFO - Sync 2 DAGs
[2026-04-26T23:35:45.853+0000] {logging_mixin.py:188} INFO - [2026-04-26T23:35:45.853+0000] {dag.py:3954} INFO - Setting next_dagrun for example_external_task_marker_child to None, run_after=None
[2026-04-26T23:35:45.855+0000] {logging_mixin.py:188} INFO - [2026-04-26T23:35:45.855+0000] {dag.py:3954} INFO - Setting next_dagrun for example_external_task_marker_parent to None, run_after=None
[2026-04-26T23:35:45.863+0000] {processor.py:183} INFO - Processing /home/airflow/.local/lib/python3.12/site-packages/airflow/example_dags/example_external_task_marker_dag.py took 0.041 seconds
[2026-04-26T23:36:16.616+0000] {processor.py:161} INFO - Started process (PID=3300) to work on /home/airflow/.local/lib/python3.12/site-packages/airflow/example_dags/example_external_task_marker_dag.py
[2026-04-26T23:36:16.617+0000] {processor.py:830} INFO - Processing file /home/airflow/.local/lib/python3.12/site-packages/airflow/example_dags/example_external_task_marker_dag.py for tasks to queue
[2026-04-26T23:36:16.618+0000] {logging_mixin.py:188} INFO - [2026-04-26T23:36:16.618+0000] {dagbag.py:545} INFO - Filling up the DagBag from /home/airflow/.local/lib/python3.12/site-packages/airflow/example_dags/example_external_task_marker_dag.py
[2026-04-26T23:36:16.622+0000] {processor.py:840} INFO - DAG(s) 'example_external_task_marker_parent', 'example_external_task_marker_child' retrieved from /home/airflow/.local/lib/python3.12/site-packages/airflow/example_dags/example_external_task_marker_dag.py
[2026-04-26T23:36:16.635+0000] {logging_mixin.py:188} INFO - [2026-04-26T23:36:16.635+0000] {dag.py:3096} INFO - Sync 2 DAGs
[2026-04-26T23:36:16.643+0000] {logging_mixin.py:188} INFO - [2026-04-26T23:36:16.643+0000] {dag.py:3954} INFO - Setting next_dagrun for example_external_task_marker_child to None, run_after=None
[2026-04-26T23:36:16.645+0000] {logging_mixin.py:188} INFO - [2026-04-26T23:36:16.645+0000] {dag.py:3954} INFO - Setting next_dagrun for example_external_task_marker_parent to None, run_after=None
[2026-04-26T23:36:16.654+0000] {processor.py:183} INFO - Processing /home/airflow/.local/lib/python3.12/site-packages/airflow/example_dags/example_external_task_marker_dag.py took 0.042 seconds
[2026-04-26T23:36:47.254+0000] {processor.py:161} INFO - Started process (PID=3359) to work on /home/airflow/.local/lib/python3.12/site-packages/airflow/example_dags/example_external_task_marker_dag.py
[2026-04-26T23:36:47.255+0000] {processor.py:830} INFO - Processing file /home/airflow/.local/lib/python3.12/site-packages/airflow/example_dags/example_external_task_marker_dag.py for tasks to queue
[2026-04-26T23:36:47.256+0000] {logging_mixin.py:188} INFO - [2026-04-26T23:36:47.255+0000] {dagbag.py:545} INFO - Filling up the DagBag from /home/airflow/.local/lib/python3.12/site-packages/airflow/example_dags/example_external_task_marker_dag.py
[2026-04-26T23:36:47.259+0000] {processor.py:840} INFO - DAG(s) 'example_external_task_marker_child', 'example_external_task_marker_parent' retrieved from /home/airflow/.local/lib/python3.12/site-packages/airflow/example_dags/example_external_task_marker_dag.py
[2026-04-26T23:36:47.273+0000] {logging_mixin.py:188} INFO - [2026-04-26T23:36:47.272+0000] {dag.py:3096} INFO - Sync 2 DAGs
[2026-04-26T23:36:47.280+0000] {logging_mixin.py:188} INFO - [2026-04-26T23:36:47.280+0000] {dag.py:3954} INFO - Setting next_dagrun for example_external_task_marker_child to None, run_after=None
[2026-04-26T23:36:47.282+0000] {logging_mixin.py:188} INFO - [2026-04-26T23:36:47.282+0000] {dag.py:3954} INFO - Setting next_dagrun for example_external_task_marker_parent to None, run_after=None
[2026-04-26T23:36:47.292+0000] {processor.py:183} INFO - Processing /home/airflow/.local/lib/python3.12/site-packages/airflow/example_dags/example_external_task_marker_dag.py took 0.042 seconds
[2026-04-26T23:37:17.992+0000] {processor.py:161} INFO - Started process (PID=3418) to work on /home/airflow/.local/lib/python3.12/site-packages/airflow/example_dags/example_external_task_marker_dag.py
[2026-04-26T23:37:17.993+0000] {processor.py:830} INFO - Processing file /home/airflow/.local/lib/python3.12/site-packages/airflow/example_dags/example_external_task_marker_dag.py for tasks to queue
[2026-04-26T23:37:17.994+0000] {logging_mixin.py:188} INFO - [2026-04-26T23:37:17.993+0000] {dagbag.py:545} INFO - Filling up the DagBag from /home/airflow/.local/lib/python3.12/site-packages/airflow/example_dags/example_external_task_marker_dag.py
[2026-04-26T23:37:17.997+0000] {processor.py:840} INFO - DAG(s) 'example_external_task_marker_parent', 'example_external_task_marker_child' retrieved from /home/airflow/.local/lib/python3.12/site-packages/airflow/example_dags/example_external_task_marker_dag.py
[2026-04-26T23:37:18.012+0000] {logging_mixin.py:188} INFO - [2026-04-26T23:37:18.012+0000] {dag.py:3096} INFO - Sync 2 DAGs
[2026-04-26T23:37:18.020+0000] {logging_mixin.py:188} INFO - [2026-04-26T23:37:18.020+0000] {dag.py:3954} INFO - Setting next_dagrun for example_external_task_marker_child to None, run_after=None
[2026-04-26T23:37:18.022+0000] {logging_mixin.py:188} INFO - [2026-04-26T23:37:18.022+0000] {dag.py:3954} INFO - Setting next_dagrun for example_external_task_marker_parent to None, run_after=None
[2026-04-26T23:37:18.031+0000] {processor.py:183} INFO - Processing /home/airflow/.local/lib/python3.12/site-packages/airflow/example_dags/example_external_task_marker_dag.py took 0.044 seconds
[2026-04-26T23:37:48.786+0000] {processor.py:161} INFO - Started process (PID=3477) to work on /home/airflow/.local/lib/python3.12/site-packages/airflow/example_dags/example_external_task_marker_dag.py
[2026-04-26T23:37:48.787+0000] {processor.py:830} INFO - Processing file /home/airflow/.local/lib/python3.12/site-packages/airflow/example_dags/example_external_task_marker_dag.py for tasks to queue
[2026-04-26T23:37:48.788+0000] {logging_mixin.py:188} INFO - [2026-04-26T23:37:48.788+0000] {dagbag.py:545} INFO - Filling up the DagBag from /home/airflow/.local/lib/python3.12/site-packages/airflow/example_dags/example_external_task_marker_dag.py
[2026-04-26T23:37:48.791+0000] {processor.py:840} INFO - DAG(s) 'example_external_task_marker_parent', 'example_external_task_marker_child' retrieved from /home/airflow/.local/lib/python3.12/site-packages/airflow/example_dags/example_external_task_marker_dag.py
[2026-04-26T23:37:48.804+0000] {logging_mixin.py:188} INFO - [2026-04-26T23:37:48.804+0000] {dag.py:3096} INFO - Sync 2 DAGs
[2026-04-26T23:37:48.812+0000] {logging_mixin.py:188} INFO - [2026-04-26T23:37:48.811+0000] {dag.py:3954} INFO - Setting next_dagrun for example_external_task_marker_child to None, run_after=None
[2026-04-26T23:37:48.814+0000] {logging_mixin.py:188} INFO - [2026-04-26T23:37:48.814+0000] {dag.py:3954} INFO - Setting next_dagrun for example_external_task_marker_parent to None, run_after=None
[2026-04-26T23:37:48.823+0000] {processor.py:183} INFO - Processing /home/airflow/.local/lib/python3.12/site-packages/airflow/example_dags/example_external_task_marker_dag.py took 0.040 seconds
[2026-04-26T23:38:19.481+0000] {processor.py:161} INFO - Started process (PID=3536) to work on /home/airflow/.local/lib/python3.12/site-packages/airflow/example_dags/example_external_task_marker_dag.py
[2026-04-26T23:38:19.481+0000] {processor.py:830} INFO - Processing file /home/airflow/.local/lib/python3.12/site-packages/airflow/example_dags/example_external_task_marker_dag.py for tasks to queue
[2026-04-26T23:38:19.482+0000] {logging_mixin.py:188} INFO - [2026-04-26T23:38:19.482+0000] {dagbag.py:545} INFO - Filling up the DagBag from /home/airflow/.local/lib/python3.12/site-packages/airflow/example_dags/example_external_task_marker_dag.py
[2026-04-26T23:38:19.485+0000] {processor.py:840} INFO - DAG(s) 'example_external_task_marker_parent', 'example_external_task_marker_child' retrieved from /home/airflow/.local/lib/python3.12/site-packages/airflow/example_dags/example_external_task_marker_dag.py
[2026-04-26T23:38:19.498+0000] {logging_mixin.py:188} INFO - [2026-04-26T23:38:19.498+0000] {dag.py:3096} INFO - Sync 2 DAGs
[2026-04-26T23:38:19.505+0000] {logging_mixin.py:188} INFO - [2026-04-26T23:38:19.505+0000] {dag.py:3954} INFO - Setting next_dagrun for example_external_task_marker_child to None, run_after=None
[2026-04-26T23:38:19.507+0000] {logging_mixin.py:188} INFO - [2026-04-26T23:38:19.507+0000] {dag.py:3954} INFO - Setting next_dagrun for example_external_task_marker_parent to None, run_after=None
[2026-04-26T23:38:19.516+0000] {processor.py:183} INFO - Processing /home/airflow/.local/lib/python3.12/site-packages/airflow/example_dags/example_external_task_marker_dag.py took 0.038 seconds
[2026-04-26T23:38:46.540+0000] {processor.py:161} INFO - Started process (PID=78) to work on /home/airflow/.local/lib/python3.12/site-packages/airflow/example_dags/example_external_task_marker_dag.py
[2026-04-26T23:38:46.541+0000] {processor.py:830} INFO - Processing file /home/airflow/.local/lib/python3.12/site-packages/airflow/example_dags/example_external_task_marker_dag.py for tasks to queue
[2026-04-26T23:38:46.542+0000] {logging_mixin.py:188} INFO - [2026-04-26T23:38:46.541+0000] {dagbag.py:545} INFO - Filling up the DagBag from /home/airflow/.local/lib/python3.12/site-packages/airflow/example_dags/example_external_task_marker_dag.py
[2026-04-26T23:38:46.547+0000] {processor.py:840} INFO - DAG(s) 'example_external_task_marker_parent', 'example_external_task_marker_child' retrieved from /home/airflow/.local/lib/python3.12/site-packages/airflow/example_dags/example_external_task_marker_dag.py
[2026-04-26T23:38:46.554+0000] {logging_mixin.py:188} INFO - [2026-04-26T23:38:46.554+0000] {dag.py:3096} INFO - Sync 2 DAGs
[2026-04-26T23:38:46.562+0000] {logging_mixin.py:188} INFO - [2026-04-26T23:38:46.562+0000] {dag.py:3954} INFO - Setting next_dagrun for example_external_task_marker_child to None, run_after=None
[2026-04-26T23:38:46.564+0000] {logging_mixin.py:188} INFO - [2026-04-26T23:38:46.564+0000] {dag.py:3954} INFO - Setting next_dagrun for example_external_task_marker_parent to None, run_after=None
[2026-04-26T23:38:46.573+0000] {processor.py:183} INFO - Processing /home/airflow/.local/lib/python3.12/site-packages/airflow/example_dags/example_external_task_marker_dag.py took 0.037 seconds
[2026-04-26T23:39:17.368+0000] {processor.py:161} INFO - Started process (PID=143) to work on /home/airflow/.local/lib/python3.12/site-packages/airflow/example_dags/example_external_task_marker_dag.py
[2026-04-26T23:39:17.369+0000] {processor.py:830} INFO - Processing file /home/airflow/.local/lib/python3.12/site-packages/airflow/example_dags/example_external_task_marker_dag.py for tasks to queue
[2026-04-26T23:39:17.370+0000] {logging_mixin.py:188} INFO - [2026-04-26T23:39:17.369+0000] {dagbag.py:545} INFO - Filling up the DagBag from /home/airflow/.local/lib/python3.12/site-packages/airflow/example_dags/example_external_task_marker_dag.py
[2026-04-26T23:39:17.373+0000] {processor.py:840} INFO - DAG(s) 'example_external_task_marker_child', 'example_external_task_marker_parent' retrieved from /home/airflow/.local/lib/python3.12/site-packages/airflow/example_dags/example_external_task_marker_dag.py
[2026-04-26T23:39:17.437+0000] {logging_mixin.py:188} INFO - [2026-04-26T23:39:17.436+0000] {dag.py:3096} INFO - Sync 2 DAGs
[2026-04-26T23:39:17.442+0000] {logging_mixin.py:188} INFO - [2026-04-26T23:39:17.442+0000] {dag.py:3954} INFO - Setting next_dagrun for example_external_task_marker_child to None, run_after=None
[2026-04-26T23:39:17.444+0000] {logging_mixin.py:188} INFO - [2026-04-26T23:39:17.444+0000] {dag.py:3954} INFO - Setting next_dagrun for example_external_task_marker_parent to None, run_after=None
[2026-04-26T23:39:17.454+0000] {processor.py:183} INFO - Processing /home/airflow/.local/lib/python3.12/site-packages/airflow/example_dags/example_external_task_marker_dag.py took 0.089 seconds
[2026-04-26T23:39:47.914+0000] {processor.py:161} INFO - Started process (PID=202) to work on /home/airflow/.local/lib/python3.12/site-packages/airflow/example_dags/example_external_task_marker_dag.py
[2026-04-26T23:39:47.914+0000] {processor.py:830} INFO - Processing file /home/airflow/.local/lib/python3.12/site-packages/airflow/example_dags/example_external_task_marker_dag.py for tasks to queue
[2026-04-26T23:39:47.915+0000] {logging_mixin.py:188} INFO - [2026-04-26T23:39:47.915+0000] {dagbag.py:545} INFO - Filling up the DagBag from /home/airflow/.local/lib/python3.12/site-packages/airflow/example_dags/example_external_task_marker_dag.py
[2026-04-26T23:39:47.919+0000] {processor.py:840} INFO - DAG(s) 'example_external_task_marker_child', 'example_external_task_marker_parent' retrieved from /home/airflow/.local/lib/python3.12/site-packages/airflow/example_dags/example_external_task_marker_dag.py
[2026-04-26T23:39:47.932+0000] {logging_mixin.py:188} INFO - [2026-04-26T23:39:47.932+0000] {dag.py:3096} INFO - Sync 2 DAGs
[2026-04-26T23:39:47.940+0000] {logging_mixin.py:188} INFO - [2026-04-26T23:39:47.940+0000] {dag.py:3954} INFO - Setting next_dagrun for example_external_task_marker_child to None, run_after=None
[2026-04-26T23:39:47.942+0000] {logging_mixin.py:188} INFO - [2026-04-26T23:39:47.942+0000] {dag.py:3954} INFO - Setting next_dagrun for example_external_task_marker_parent to None, run_after=None
[2026-04-26T23:39:47.950+0000] {processor.py:183} INFO - Processing /home/airflow/.local/lib/python3.12/site-packages/airflow/example_dags/example_external_task_marker_dag.py took 0.040 seconds
[2026-04-26T23:40:18.762+0000] {processor.py:161} INFO - Started process (PID=261) to work on /home/airflow/.local/lib/python3.12/site-packages/airflow/example_dags/example_external_task_marker_dag.py
[2026-04-26T23:40:18.763+0000] {processor.py:830} INFO - Processing file /home/airflow/.local/lib/python3.12/site-packages/airflow/example_dags/example_external_task_marker_dag.py for tasks to queue
[2026-04-26T23:40:18.764+0000] {logging_mixin.py:188} INFO - [2026-04-26T23:40:18.764+0000] {dagbag.py:545} INFO - Filling up the DagBag from /home/airflow/.local/lib/python3.12/site-packages/airflow/example_dags/example_external_task_marker_dag.py
[2026-04-26T23:40:18.767+0000] {processor.py:840} INFO - DAG(s) 'example_external_task_marker_parent', 'example_external_task_marker_child' retrieved from /home/airflow/.local/lib/python3.12/site-packages/airflow/example_dags/example_external_task_marker_dag.py
[2026-04-26T23:40:18.780+0000] {logging_mixin.py:188} INFO - [2026-04-26T23:40:18.780+0000] {dag.py:3096} INFO - Sync 2 DAGs
[2026-04-26T23:40:18.787+0000] {logging_mixin.py:188} INFO - [2026-04-26T23:40:18.787+0000] {dag.py:3954} INFO - Setting next_dagrun for example_external_task_marker_child to None, run_after=None
[2026-04-26T23:40:18.789+0000] {logging_mixin.py:188} INFO - [2026-04-26T23:40:18.789+0000] {dag.py:3954} INFO - Setting next_dagrun for example_external_task_marker_parent to None, run_after=None
[2026-04-26T23:40:18.797+0000] {processor.py:183} INFO - Processing /home/airflow/.local/lib/python3.12/site-packages/airflow/example_dags/example_external_task_marker_dag.py took 0.038 seconds
[2026-04-26T23:40:49.803+0000] {processor.py:161} INFO - Started process (PID=320) to work on /home/airflow/.local/lib/python3.12/site-packages/airflow/example_dags/example_external_task_marker_dag.py
[2026-04-26T23:40:49.803+0000] {processor.py:830} INFO - Processing file /home/airflow/.local/lib/python3.12/site-packages/airflow/example_dags/example_external_task_marker_dag.py for tasks to queue
[2026-04-26T23:40:49.804+0000] {logging_mixin.py:188} INFO - [2026-04-26T23:40:49.804+0000] {dagbag.py:545} INFO - Filling up the DagBag from /home/airflow/.local/lib/python3.12/site-packages/airflow/example_dags/example_external_task_marker_dag.py
[2026-04-26T23:40:49.808+0000] {processor.py:840} INFO - DAG(s) 'example_external_task_marker_parent', 'example_external_task_marker_child' retrieved from /home/airflow/.local/lib/python3.12/site-packages/airflow/example_dags/example_external_task_marker_dag.py
[2026-04-26T23:40:49.820+0000] {logging_mixin.py:188} INFO - [2026-04-26T23:40:49.820+0000] {dag.py:3096} INFO - Sync 2 DAGs
[2026-04-26T23:40:49.827+0000] {logging_mixin.py:188} INFO - [2026-04-26T23:40:49.827+0000] {dag.py:3954} INFO - Setting next_dagrun for example_external_task_marker_child to None, run_after=None
[2026-04-26T23:40:49.828+0000] {logging_mixin.py:188} INFO - [2026-04-26T23:40:49.828+0000] {dag.py:3954} INFO - Setting next_dagrun for example_external_task_marker_parent to None, run_after=None
[2026-04-26T23:40:49.837+0000] {processor.py:183} INFO - Processing /home/airflow/.local/lib/python3.12/site-packages/airflow/example_dags/example_external_task_marker_dag.py took 0.037 seconds
[2026-04-26T23:41:20.661+0000] {processor.py:161} INFO - Started process (PID=379) to work on /home/airflow/.local/lib/python3.12/site-packages/airflow/example_dags/example_external_task_marker_dag.py
[2026-04-26T23:41:20.662+0000] {processor.py:830} INFO - Processing file /home/airflow/.local/lib/python3.12/site-packages/airflow/example_dags/example_external_task_marker_dag.py for tasks to queue
[2026-04-26T23:41:20.663+0000] {logging_mixin.py:188} INFO - [2026-04-26T23:41:20.663+0000] {dagbag.py:545} INFO - Filling up the DagBag from /home/airflow/.local/lib/python3.12/site-packages/airflow/example_dags/example_external_task_marker_dag.py
[2026-04-26T23:41:20.666+0000] {processor.py:840} INFO - DAG(s) 'example_external_task_marker_parent', 'example_external_task_marker_child' retrieved from /home/airflow/.local/lib/python3.12/site-packages/airflow/example_dags/example_external_task_marker_dag.py
[2026-04-26T23:41:20.681+0000] {logging_mixin.py:188} INFO - [2026-04-26T23:41:20.680+0000] {dag.py:3096} INFO - Sync 2 DAGs
[2026-04-26T23:41:20.688+0000] {logging_mixin.py:188} INFO - [2026-04-26T23:41:20.688+0000] {dag.py:3954} INFO - Setting next_dagrun for example_external_task_marker_child to None, run_after=None
[2026-04-26T23:41:20.690+0000] {logging_mixin.py:188} INFO - [2026-04-26T23:41:20.690+0000] {dag.py:3954} INFO - Setting next_dagrun for example_external_task_marker_parent to None, run_after=None
[2026-04-26T23:41:20.700+0000] {processor.py:183} INFO - Processing /home/airflow/.local/lib/python3.12/site-packages/airflow/example_dags/example_external_task_marker_dag.py took 0.042 seconds
[2026-04-26T23:41:50.892+0000] {processor.py:161} INFO - Started process (PID=438) to work on /home/airflow/.local/lib/python3.12/site-packages/airflow/example_dags/example_external_task_marker_dag.py
[2026-04-26T23:41:50.893+0000] {processor.py:830} INFO - Processing file /home/airflow/.local/lib/python3.12/site-packages/airflow/example_dags/example_external_task_marker_dag.py for tasks to queue
[2026-04-26T23:41:50.894+0000] {logging_mixin.py:188} INFO - [2026-04-26T23:41:50.894+0000] {dagbag.py:545} INFO - Filling up the DagBag from /home/airflow/.local/lib/python3.12/site-packages/airflow/example_dags/example_external_task_marker_dag.py
[2026-04-26T23:41:50.898+0000] {processor.py:840} INFO - DAG(s) 'example_external_task_marker_parent', 'example_external_task_marker_child' retrieved from /home/airflow/.local/lib/python3.12/site-packages/airflow/example_dags/example_external_task_marker_dag.py
[2026-04-26T23:41:50.911+0000] {logging_mixin.py:188} INFO - [2026-04-26T23:41:50.911+0000] {dag.py:3096} INFO - Sync 2 DAGs
[2026-04-26T23:41:50.918+0000] {logging_mixin.py:188} INFO - [2026-04-26T23:41:50.918+0000] {dag.py:3954} INFO - Setting next_dagrun for example_external_task_marker_child to None, run_after=None
[2026-04-26T23:41:50.920+0000] {logging_mixin.py:188} INFO - [2026-04-26T23:41:50.920+0000] {dag.py:3954} INFO - Setting next_dagrun for example_external_task_marker_parent to None, run_after=None
[2026-04-26T23:41:50.928+0000] {processor.py:183} INFO - Processing /home/airflow/.local/lib/python3.12/site-packages/airflow/example_dags/example_external_task_marker_dag.py took 0.039 seconds
[2026-04-26T23:42:21.008+0000] {processor.py:161} INFO - Started process (PID=497) to work on /home/airflow/.local/lib/python3.12/site-packages/airflow/example_dags/example_external_task_marker_dag.py
[2026-04-26T23:42:21.008+0000] {processor.py:830} INFO - Processing file /home/airflow/.local/lib/python3.12/site-packages/airflow/example_dags/example_external_task_marker_dag.py for tasks to queue
[2026-04-26T23:42:21.009+0000] {logging_mixin.py:188} INFO - [2026-04-26T23:42:21.009+0000] {dagbag.py:545} INFO - Filling up the DagBag from /home/airflow/.local/lib/python3.12/site-packages/airflow/example_dags/example_external_task_marker_dag.py
[2026-04-26T23:42:21.013+0000] {processor.py:840} INFO - DAG(s) 'example_external_task_marker_parent', 'example_external_task_marker_child' retrieved from /home/airflow/.local/lib/python3.12/site-packages/airflow/example_dags/example_external_task_marker_dag.py
[2026-04-26T23:42:21.028+0000] {logging_mixin.py:188} INFO - [2026-04-26T23:42:21.028+0000] {dag.py:3096} INFO - Sync 2 DAGs
[2026-04-26T23:42:21.036+0000] {logging_mixin.py:188} INFO - [2026-04-26T23:42:21.036+0000] {dag.py:3954} INFO - Setting next_dagrun for example_external_task_marker_child to None, run_after=None
[2026-04-26T23:42:21.038+0000] {logging_mixin.py:188} INFO - [2026-04-26T23:42:21.038+0000] {dag.py:3954} INFO - Setting next_dagrun for example_external_task_marker_parent to None, run_after=None
[2026-04-26T23:42:21.047+0000] {processor.py:183} INFO - Processing /home/airflow/.local/lib/python3.12/site-packages/airflow/example_dags/example_external_task_marker_dag.py took 0.044 seconds
[2026-04-26T23:43:21.065+0000] {processor.py:161} INFO - Started process (PID=84) to work on /home/airflow/.local/lib/python3.12/site-packages/airflow/example_dags/example_external_task_marker_dag.py
[2026-04-26T23:43:21.065+0000] {processor.py:830} INFO - Processing file /home/airflow/.local/lib/python3.12/site-packages/airflow/example_dags/example_external_task_marker_dag.py for tasks to queue
[2026-04-26T23:43:21.066+0000] {logging_mixin.py:188} INFO - [2026-04-26T23:43:21.066+0000] {dagbag.py:545} INFO - Filling up the DagBag from /home/airflow/.local/lib/python3.12/site-packages/airflow/example_dags/example_external_task_marker_dag.py
[2026-04-26T23:43:21.072+0000] {processor.py:840} INFO - DAG(s) 'example_external_task_marker_child', 'example_external_task_marker_parent' retrieved from /home/airflow/.local/lib/python3.12/site-packages/airflow/example_dags/example_external_task_marker_dag.py
[2026-04-26T23:43:21.078+0000] {logging_mixin.py:188} INFO - [2026-04-26T23:43:21.078+0000] {dag.py:3096} INFO - Sync 2 DAGs
[2026-04-26T23:43:21.086+0000] {logging_mixin.py:188} INFO - [2026-04-26T23:43:21.086+0000] {dag.py:3954} INFO - Setting next_dagrun for example_external_task_marker_child to None, run_after=None
[2026-04-26T23:43:21.088+0000] {logging_mixin.py:188} INFO - [2026-04-26T23:43:21.088+0000] {dag.py:3954} INFO - Setting next_dagrun for example_external_task_marker_parent to None, run_after=None
[2026-04-26T23:43:21.096+0000] {processor.py:183} INFO - Processing /home/airflow/.local/lib/python3.12/site-packages/airflow/example_dags/example_external_task_marker_dag.py took 0.036 seconds
[2026-04-26T23:43:52.132+0000] {processor.py:161} INFO - Started process (PID=143) to work on /home/airflow/.local/lib/python3.12/site-packages/airflow/example_dags/example_external_task_marker_dag.py
[2026-04-26T23:43:52.132+0000] {processor.py:830} INFO - Processing file /home/airflow/.local/lib/python3.12/site-packages/airflow/example_dags/example_external_task_marker_dag.py for tasks to queue
[2026-04-26T23:43:52.133+0000] {logging_mixin.py:188} INFO - [2026-04-26T23:43:52.133+0000] {dagbag.py:545} INFO - Filling up the DagBag from /home/airflow/.local/lib/python3.12/site-packages/airflow/example_dags/example_external_task_marker_dag.py
[2026-04-26T23:43:52.137+0000] {processor.py:840} INFO - DAG(s) 'example_external_task_marker_parent', 'example_external_task_marker_child' retrieved from /home/airflow/.local/lib/python3.12/site-packages/airflow/example_dags/example_external_task_marker_dag.py
[2026-04-26T23:43:52.197+0000] {logging_mixin.py:188} INFO - [2026-04-26T23:43:52.196+0000] {dag.py:3096} INFO - Sync 2 DAGs
[2026-04-26T23:43:52.202+0000] {logging_mixin.py:188} INFO - [2026-04-26T23:43:52.202+0000] {dag.py:3954} INFO - Setting next_dagrun for example_external_task_marker_child to None, run_after=None
[2026-04-26T23:43:52.203+0000] {logging_mixin.py:188} INFO - [2026-04-26T23:43:52.203+0000] {dag.py:3954} INFO - Setting next_dagrun for example_external_task_marker_parent to None, run_after=None
[2026-04-26T23:43:52.236+0000] {processor.py:183} INFO - Processing /home/airflow/.local/lib/python3.12/site-packages/airflow/example_dags/example_external_task_marker_dag.py took 0.108 seconds
[2026-04-26T23:44:23.165+0000] {processor.py:161} INFO - Started process (PID=202) to work on /home/airflow/.local/lib/python3.12/site-packages/airflow/example_dags/example_external_task_marker_dag.py
[2026-04-26T23:44:23.165+0000] {processor.py:830} INFO - Processing file /home/airflow/.local/lib/python3.12/site-packages/airflow/example_dags/example_external_task_marker_dag.py for tasks to queue
[2026-04-26T23:44:23.166+0000] {logging_mixin.py:188} INFO - [2026-04-26T23:44:23.166+0000] {dagbag.py:545} INFO - Filling up the DagBag from /home/airflow/.local/lib/python3.12/site-packages/airflow/example_dags/example_external_task_marker_dag.py
[2026-04-26T23:44:23.170+0000] {processor.py:840} INFO - DAG(s) 'example_external_task_marker_child', 'example_external_task_marker_parent' retrieved from /home/airflow/.local/lib/python3.12/site-packages/airflow/example_dags/example_external_task_marker_dag.py
[2026-04-26T23:44:23.184+0000] {logging_mixin.py:188} INFO - [2026-04-26T23:44:23.184+0000] {dag.py:3096} INFO - Sync 2 DAGs
[2026-04-26T23:44:23.193+0000] {logging_mixin.py:188} INFO - [2026-04-26T23:44:23.193+0000] {dag.py:3954} INFO - Setting next_dagrun for example_external_task_marker_child to None, run_after=None
[2026-04-26T23:44:23.196+0000] {logging_mixin.py:188} INFO - [2026-04-26T23:44:23.196+0000] {dag.py:3954} INFO - Setting next_dagrun for example_external_task_marker_parent to None, run_after=None
[2026-04-26T23:44:23.206+0000] {processor.py:183} INFO - Processing /home/airflow/.local/lib/python3.12/site-packages/airflow/example_dags/example_external_task_marker_dag.py took 0.045 seconds
[2026-04-26T23:44:53.264+0000] {processor.py:161} INFO - Started process (PID=261) to work on /home/airflow/.local/lib/python3.12/site-packages/airflow/example_dags/example_external_task_marker_dag.py
[2026-04-26T23:44:53.265+0000] {processor.py:830} INFO - Processing file /home/airflow/.local/lib/python3.12/site-packages/airflow/example_dags/example_external_task_marker_dag.py for tasks to queue
[2026-04-26T23:44:53.266+0000] {logging_mixin.py:188} INFO - [2026-04-26T23:44:53.266+0000] {dagbag.py:545} INFO - Filling up the DagBag from /home/airflow/.local/lib/python3.12/site-packages/airflow/example_dags/example_external_task_marker_dag.py
[2026-04-26T23:44:53.270+0000] {processor.py:840} INFO - DAG(s) 'example_external_task_marker_child', 'example_external_task_marker_parent' retrieved from /home/airflow/.local/lib/python3.12/site-packages/airflow/example_dags/example_external_task_marker_dag.py
[2026-04-26T23:44:53.284+0000] {logging_mixin.py:188} INFO - [2026-04-26T23:44:53.283+0000] {dag.py:3096} INFO - Sync 2 DAGs
[2026-04-26T23:44:53.291+0000] {logging_mixin.py:188} INFO - [2026-04-26T23:44:53.291+0000] {dag.py:3954} INFO - Setting next_dagrun for example_external_task_marker_child to None, run_after=None
[2026-04-26T23:44:53.293+0000] {logging_mixin.py:188} INFO - [2026-04-26T23:44:53.293+0000] {dag.py:3954} INFO - Setting next_dagrun for example_external_task_marker_parent to None, run_after=None
[2026-04-26T23:44:53.301+0000] {processor.py:183} INFO - Processing /home/airflow/.local/lib/python3.12/site-packages/airflow/example_dags/example_external_task_marker_dag.py took 0.041 seconds
[2026-04-26T23:45:24.150+0000] {processor.py:161} INFO - Started process (PID=320) to work on /home/airflow/.local/lib/python3.12/site-packages/airflow/example_dags/example_external_task_marker_dag.py
[2026-04-26T23:45:24.150+0000] {processor.py:830} INFO - Processing file /home/airflow/.local/lib/python3.12/site-packages/airflow/example_dags/example_external_task_marker_dag.py for tasks to queue
[2026-04-26T23:45:24.151+0000] {logging_mixin.py:188} INFO - [2026-04-26T23:45:24.151+0000] {dagbag.py:545} INFO - Filling up the DagBag from /home/airflow/.local/lib/python3.12/site-packages/airflow/example_dags/example_external_task_marker_dag.py
[2026-04-26T23:45:24.155+0000] {processor.py:840} INFO - DAG(s) 'example_external_task_marker_parent', 'example_external_task_marker_child' retrieved from /home/airflow/.local/lib/python3.12/site-packages/airflow/example_dags/example_external_task_marker_dag.py
[2026-04-26T23:45:24.169+0000] {logging_mixin.py:188} INFO - [2026-04-26T23:45:24.169+0000] {dag.py:3096} INFO - Sync 2 DAGs
[2026-04-26T23:45:24.176+0000] {logging_mixin.py:188} INFO - [2026-04-26T23:45:24.176+0000] {dag.py:3954} INFO - Setting next_dagrun for example_external_task_marker_child to None, run_after=None
[2026-04-26T23:45:24.178+0000] {logging_mixin.py:188} INFO - [2026-04-26T23:45:24.178+0000] {dag.py:3954} INFO - Setting next_dagrun for example_external_task_marker_parent to None, run_after=None
[2026-04-26T23:45:24.187+0000] {processor.py:183} INFO - Processing /home/airflow/.local/lib/python3.12/site-packages/airflow/example_dags/example_external_task_marker_dag.py took 0.040 seconds
[2026-04-26T23:45:54.964+0000] {processor.py:161} INFO - Started process (PID=379) to work on /home/airflow/.local/lib/python3.12/site-packages/airflow/example_dags/example_external_task_marker_dag.py
[2026-04-26T23:45:54.964+0000] {processor.py:830} INFO - Processing file /home/airflow/.local/lib/python3.12/site-packages/airflow/example_dags/example_external_task_marker_dag.py for tasks to queue
[2026-04-26T23:45:54.965+0000] {logging_mixin.py:188} INFO - [2026-04-26T23:45:54.965+0000] {dagbag.py:545} INFO - Filling up the DagBag from /home/airflow/.local/lib/python3.12/site-packages/airflow/example_dags/example_external_task_marker_dag.py
[2026-04-26T23:45:54.969+0000] {processor.py:840} INFO - DAG(s) 'example_external_task_marker_child', 'example_external_task_marker_parent' retrieved from /home/airflow/.local/lib/python3.12/site-packages/airflow/example_dags/example_external_task_marker_dag.py
[2026-04-26T23:45:54.983+0000] {logging_mixin.py:188} INFO - [2026-04-26T23:45:54.983+0000] {dag.py:3096} INFO - Sync 2 DAGs
[2026-04-26T23:45:54.992+0000] {logging_mixin.py:188} INFO - [2026-04-26T23:45:54.992+0000] {dag.py:3954} INFO - Setting next_dagrun for example_external_task_marker_child to None, run_after=None
[2026-04-26T23:45:54.994+0000] {logging_mixin.py:188} INFO - [2026-04-26T23:45:54.994+0000] {dag.py:3954} INFO - Setting next_dagrun for example_external_task_marker_parent to None, run_after=None
[2026-04-26T23:45:55.002+0000] {processor.py:183} INFO - Processing /home/airflow/.local/lib/python3.12/site-packages/airflow/example_dags/example_external_task_marker_dag.py took 0.042 seconds
[2026-04-26T23:46:25.767+0000] {processor.py:161} INFO - Started process (PID=438) to work on /home/airflow/.local/lib/python3.12/site-packages/airflow/example_dags/example_external_task_marker_dag.py
[2026-04-26T23:46:25.768+0000] {processor.py:830} INFO - Processing file /home/airflow/.local/lib/python3.12/site-packages/airflow/example_dags/example_external_task_marker_dag.py for tasks to queue
[2026-04-26T23:46:25.769+0000] {logging_mixin.py:188} INFO - [2026-04-26T23:46:25.769+0000] {dagbag.py:545} INFO - Filling up the DagBag from /home/airflow/.local/lib/python3.12/site-packages/airflow/example_dags/example_external_task_marker_dag.py
[2026-04-26T23:46:25.772+0000] {processor.py:840} INFO - DAG(s) 'example_external_task_marker_child', 'example_external_task_marker_parent' retrieved from /home/airflow/.local/lib/python3.12/site-packages/airflow/example_dags/example_external_task_marker_dag.py
[2026-04-26T23:46:25.787+0000] {logging_mixin.py:188} INFO - [2026-04-26T23:46:25.786+0000] {dag.py:3096} INFO - Sync 2 DAGs
[2026-04-26T23:46:25.795+0000] {logging_mixin.py:188} INFO - [2026-04-26T23:46:25.795+0000] {dag.py:3954} INFO - Setting next_dagrun for example_external_task_marker_child to None, run_after=None
[2026-04-26T23:46:25.797+0000] {logging_mixin.py:188} INFO - [2026-04-26T23:46:25.797+0000] {dag.py:3954} INFO - Setting next_dagrun for example_external_task_marker_parent to None, run_after=None
[2026-04-26T23:46:25.806+0000] {processor.py:183} INFO - Processing /home/airflow/.local/lib/python3.12/site-packages/airflow/example_dags/example_external_task_marker_dag.py took 0.042 seconds
[2026-04-26T23:46:56.558+0000] {processor.py:161} INFO - Started process (PID=497) to work on /home/airflow/.local/lib/python3.12/site-packages/airflow/example_dags/example_external_task_marker_dag.py
[2026-04-26T23:46:56.559+0000] {processor.py:830} INFO - Processing file /home/airflow/.local/lib/python3.12/site-packages/airflow/example_dags/example_external_task_marker_dag.py for tasks to queue
[2026-04-26T23:46:56.560+0000] {logging_mixin.py:188} INFO - [2026-04-26T23:46:56.560+0000] {dagbag.py:545} INFO - Filling up the DagBag from /home/airflow/.local/lib/python3.12/site-packages/airflow/example_dags/example_external_task_marker_dag.py
[2026-04-26T23:46:56.564+0000] {processor.py:840} INFO - DAG(s) 'example_external_task_marker_parent', 'example_external_task_marker_child' retrieved from /home/airflow/.local/lib/python3.12/site-packages/airflow/example_dags/example_external_task_marker_dag.py
[2026-04-26T23:46:56.579+0000] {logging_mixin.py:188} INFO - [2026-04-26T23:46:56.579+0000] {dag.py:3096} INFO - Sync 2 DAGs
[2026-04-26T23:46:56.587+0000] {logging_mixin.py:188} INFO - [2026-04-26T23:46:56.587+0000] {dag.py:3954} INFO - Setting next_dagrun for example_external_task_marker_child to None, run_after=None
[2026-04-26T23:46:56.589+0000] {logging_mixin.py:188} INFO - [2026-04-26T23:46:56.589+0000] {dag.py:3954} INFO - Setting next_dagrun for example_external_task_marker_parent to None, run_after=None
[2026-04-26T23:46:56.598+0000] {processor.py:183} INFO - Processing /home/airflow/.local/lib/python3.12/site-packages/airflow/example_dags/example_external_task_marker_dag.py took 0.044 seconds
[2026-04-26T23:47:26.827+0000] {processor.py:161} INFO - Started process (PID=556) to work on /home/airflow/.local/lib/python3.12/site-packages/airflow/example_dags/example_external_task_marker_dag.py
[2026-04-26T23:47:26.827+0000] {processor.py:830} INFO - Processing file /home/airflow/.local/lib/python3.12/site-packages/airflow/example_dags/example_external_task_marker_dag.py for tasks to queue
[2026-04-26T23:47:26.829+0000] {logging_mixin.py:188} INFO - [2026-04-26T23:47:26.829+0000] {dagbag.py:545} INFO - Filling up the DagBag from /home/airflow/.local/lib/python3.12/site-packages/airflow/example_dags/example_external_task_marker_dag.py
[2026-04-26T23:47:26.835+0000] {processor.py:840} INFO - DAG(s) 'example_external_task_marker_parent', 'example_external_task_marker_child' retrieved from /home/airflow/.local/lib/python3.12/site-packages/airflow/example_dags/example_external_task_marker_dag.py
[2026-04-26T23:47:26.861+0000] {logging_mixin.py:188} INFO - [2026-04-26T23:47:26.861+0000] {dag.py:3096} INFO - Sync 2 DAGs
[2026-04-26T23:47:26.876+0000] {logging_mixin.py:188} INFO - [2026-04-26T23:47:26.876+0000] {dag.py:3954} INFO - Setting next_dagrun for example_external_task_marker_child to None, run_after=None
[2026-04-26T23:47:26.881+0000] {logging_mixin.py:188} INFO - [2026-04-26T23:47:26.881+0000] {dag.py:3954} INFO - Setting next_dagrun for example_external_task_marker_parent to None, run_after=None
[2026-04-26T23:47:26.896+0000] {processor.py:183} INFO - Processing /home/airflow/.local/lib/python3.12/site-packages/airflow/example_dags/example_external_task_marker_dag.py took 0.076 seconds
[2026-04-26T23:47:56.983+0000] {processor.py:161} INFO - Started process (PID=615) to work on /home/airflow/.local/lib/python3.12/site-packages/airflow/example_dags/example_external_task_marker_dag.py
[2026-04-26T23:47:56.984+0000] {processor.py:830} INFO - Processing file /home/airflow/.local/lib/python3.12/site-packages/airflow/example_dags/example_external_task_marker_dag.py for tasks to queue
[2026-04-26T23:47:56.985+0000] {logging_mixin.py:188} INFO - [2026-04-26T23:47:56.985+0000] {dagbag.py:545} INFO - Filling up the DagBag from /home/airflow/.local/lib/python3.12/site-packages/airflow/example_dags/example_external_task_marker_dag.py
[2026-04-26T23:47:56.990+0000] {processor.py:840} INFO - DAG(s) 'example_external_task_marker_child', 'example_external_task_marker_parent' retrieved from /home/airflow/.local/lib/python3.12/site-packages/airflow/example_dags/example_external_task_marker_dag.py
[2026-04-26T23:47:57.006+0000] {logging_mixin.py:188} INFO - [2026-04-26T23:47:57.006+0000] {dag.py:3096} INFO - Sync 2 DAGs
[2026-04-26T23:47:57.016+0000] {logging_mixin.py:188} INFO - [2026-04-26T23:47:57.016+0000] {dag.py:3954} INFO - Setting next_dagrun for example_external_task_marker_child to None, run_after=None
[2026-04-26T23:47:57.019+0000] {logging_mixin.py:188} INFO - [2026-04-26T23:47:57.019+0000] {dag.py:3954} INFO - Setting next_dagrun for example_external_task_marker_parent to None, run_after=None
[2026-04-26T23:47:57.030+0000] {processor.py:183} INFO - Processing /home/airflow/.local/lib/python3.12/site-packages/airflow/example_dags/example_external_task_marker_dag.py took 0.052 seconds
[2026-04-26T23:48:27.077+0000] {processor.py:161} INFO - Started process (PID=674) to work on /home/airflow/.local/lib/python3.12/site-packages/airflow/example_dags/example_external_task_marker_dag.py
[2026-04-26T23:48:27.078+0000] {processor.py:830} INFO - Processing file /home/airflow/.local/lib/python3.12/site-packages/airflow/example_dags/example_external_task_marker_dag.py for tasks to queue
[2026-04-26T23:48:27.079+0000] {logging_mixin.py:188} INFO - [2026-04-26T23:48:27.079+0000] {dagbag.py:545} INFO - Filling up the DagBag from /home/airflow/.local/lib/python3.12/site-packages/airflow/example_dags/example_external_task_marker_dag.py
[2026-04-26T23:48:27.083+0000] {processor.py:840} INFO - DAG(s) 'example_external_task_marker_child', 'example_external_task_marker_parent' retrieved from /home/airflow/.local/lib/python3.12/site-packages/airflow/example_dags/example_external_task_marker_dag.py
[2026-04-26T23:48:27.100+0000] {logging_mixin.py:188} INFO - [2026-04-26T23:48:27.100+0000] {dag.py:3096} INFO - Sync 2 DAGs
[2026-04-26T23:48:27.109+0000] {logging_mixin.py:188} INFO - [2026-04-26T23:48:27.109+0000] {dag.py:3954} INFO - Setting next_dagrun for example_external_task_marker_child to None, run_after=None
[2026-04-26T23:48:27.112+0000] {logging_mixin.py:188} INFO - [2026-04-26T23:48:27.112+0000] {dag.py:3954} INFO - Setting next_dagrun for example_external_task_marker_parent to None, run_after=None
[2026-04-26T23:48:27.123+0000] {processor.py:183} INFO - Processing /home/airflow/.local/lib/python3.12/site-packages/airflow/example_dags/example_external_task_marker_dag.py took 0.051 seconds
[2026-04-26T23:48:58.132+0000] {processor.py:161} INFO - Started process (PID=733) to work on /home/airflow/.local/lib/python3.12/site-packages/airflow/example_dags/example_external_task_marker_dag.py
[2026-04-26T23:48:58.133+0000] {processor.py:830} INFO - Processing file /home/airflow/.local/lib/python3.12/site-packages/airflow/example_dags/example_external_task_marker_dag.py for tasks to queue
[2026-04-26T23:48:58.134+0000] {logging_mixin.py:188} INFO - [2026-04-26T23:48:58.134+0000] {dagbag.py:545} INFO - Filling up the DagBag from /home/airflow/.local/lib/python3.12/site-packages/airflow/example_dags/example_external_task_marker_dag.py
[2026-04-26T23:48:58.139+0000] {processor.py:840} INFO - DAG(s) 'example_external_task_marker_child', 'example_external_task_marker_parent' retrieved from /home/airflow/.local/lib/python3.12/site-packages/airflow/example_dags/example_external_task_marker_dag.py
[2026-04-26T23:48:58.157+0000] {logging_mixin.py:188} INFO - [2026-04-26T23:48:58.157+0000] {dag.py:3096} INFO - Sync 2 DAGs
[2026-04-26T23:48:58.167+0000] {logging_mixin.py:188} INFO - [2026-04-26T23:48:58.167+0000] {dag.py:3954} INFO - Setting next_dagrun for example_external_task_marker_child to None, run_after=None
[2026-04-26T23:48:58.170+0000] {logging_mixin.py:188} INFO - [2026-04-26T23:48:58.170+0000] {dag.py:3954} INFO - Setting next_dagrun for example_external_task_marker_parent to None, run_after=None
[2026-04-26T23:48:58.182+0000] {processor.py:183} INFO - Processing /home/airflow/.local/lib/python3.12/site-packages/airflow/example_dags/example_external_task_marker_dag.py took 0.055 seconds
[2026-04-26T23:49:28.342+0000] {processor.py:161} INFO - Started process (PID=792) to work on /home/airflow/.local/lib/python3.12/site-packages/airflow/example_dags/example_external_task_marker_dag.py
[2026-04-26T23:49:28.342+0000] {processor.py:830} INFO - Processing file /home/airflow/.local/lib/python3.12/site-packages/airflow/example_dags/example_external_task_marker_dag.py for tasks to queue
[2026-04-26T23:49:28.344+0000] {logging_mixin.py:188} INFO - [2026-04-26T23:49:28.344+0000] {dagbag.py:545} INFO - Filling up the DagBag from /home/airflow/.local/lib/python3.12/site-packages/airflow/example_dags/example_external_task_marker_dag.py
[2026-04-26T23:49:28.348+0000] {processor.py:840} INFO - DAG(s) 'example_external_task_marker_child', 'example_external_task_marker_parent' retrieved from /home/airflow/.local/lib/python3.12/site-packages/airflow/example_dags/example_external_task_marker_dag.py
[2026-04-26T23:49:28.364+0000] {logging_mixin.py:188} INFO - [2026-04-26T23:49:28.364+0000] {dag.py:3096} INFO - Sync 2 DAGs
[2026-04-26T23:49:28.373+0000] {logging_mixin.py:188} INFO - [2026-04-26T23:49:28.373+0000] {dag.py:3954} INFO - Setting next_dagrun for example_external_task_marker_child to None, run_after=None
[2026-04-26T23:49:28.376+0000] {logging_mixin.py:188} INFO - [2026-04-26T23:49:28.376+0000] {dag.py:3954} INFO - Setting next_dagrun for example_external_task_marker_parent to None, run_after=None
[2026-04-26T23:49:28.387+0000] {processor.py:183} INFO - Processing /home/airflow/.local/lib/python3.12/site-packages/airflow/example_dags/example_external_task_marker_dag.py took 0.049 seconds
[2026-04-26T23:50:03.941+0000] {processor.py:161} INFO - Started process (PID=84) to work on /home/airflow/.local/lib/python3.12/site-packages/airflow/example_dags/example_external_task_marker_dag.py
[2026-04-26T23:50:03.942+0000] {processor.py:830} INFO - Processing file /home/airflow/.local/lib/python3.12/site-packages/airflow/example_dags/example_external_task_marker_dag.py for tasks to queue
[2026-04-26T23:50:03.943+0000] {logging_mixin.py:188} INFO - [2026-04-26T23:50:03.942+0000] {dagbag.py:545} INFO - Filling up the DagBag from /home/airflow/.local/lib/python3.12/site-packages/airflow/example_dags/example_external_task_marker_dag.py
[2026-04-26T23:50:03.948+0000] {processor.py:840} INFO - DAG(s) 'example_external_task_marker_child', 'example_external_task_marker_parent' retrieved from /home/airflow/.local/lib/python3.12/site-packages/airflow/example_dags/example_external_task_marker_dag.py
[2026-04-26T23:50:03.955+0000] {logging_mixin.py:188} INFO - [2026-04-26T23:50:03.955+0000] {dag.py:3096} INFO - Sync 2 DAGs
[2026-04-26T23:50:03.962+0000] {logging_mixin.py:188} INFO - [2026-04-26T23:50:03.962+0000] {dag.py:3954} INFO - Setting next_dagrun for example_external_task_marker_child to None, run_after=None
[2026-04-26T23:50:03.964+0000] {logging_mixin.py:188} INFO - [2026-04-26T23:50:03.964+0000] {dag.py:3954} INFO - Setting next_dagrun for example_external_task_marker_parent to None, run_after=None
[2026-04-26T23:50:03.973+0000] {processor.py:183} INFO - Processing /home/airflow/.local/lib/python3.12/site-packages/airflow/example_dags/example_external_task_marker_dag.py took 0.036 seconds
[2026-04-26T23:50:35.232+0000] {processor.py:161} INFO - Started process (PID=143) to work on /home/airflow/.local/lib/python3.12/site-packages/airflow/example_dags/example_external_task_marker_dag.py
[2026-04-26T23:50:35.235+0000] {processor.py:830} INFO - Processing file /home/airflow/.local/lib/python3.12/site-packages/airflow/example_dags/example_external_task_marker_dag.py for tasks to queue
[2026-04-26T23:50:35.236+0000] {logging_mixin.py:188} INFO - [2026-04-26T23:50:35.236+0000] {dagbag.py:545} INFO - Filling up the DagBag from /home/airflow/.local/lib/python3.12/site-packages/airflow/example_dags/example_external_task_marker_dag.py
[2026-04-26T23:50:35.240+0000] {processor.py:840} INFO - DAG(s) 'example_external_task_marker_child', 'example_external_task_marker_parent' retrieved from /home/airflow/.local/lib/python3.12/site-packages/airflow/example_dags/example_external_task_marker_dag.py
[2026-04-26T23:50:35.301+0000] {logging_mixin.py:188} INFO - [2026-04-26T23:50:35.301+0000] {dag.py:3096} INFO - Sync 2 DAGs
[2026-04-26T23:50:35.307+0000] {logging_mixin.py:188} INFO - [2026-04-26T23:50:35.307+0000] {dag.py:3954} INFO - Setting next_dagrun for example_external_task_marker_child to None, run_after=None
[2026-04-26T23:50:35.308+0000] {logging_mixin.py:188} INFO - [2026-04-26T23:50:35.308+0000] {dag.py:3954} INFO - Setting next_dagrun for example_external_task_marker_parent to None, run_after=None
[2026-04-26T23:50:35.320+0000] {processor.py:183} INFO - Processing /home/airflow/.local/lib/python3.12/site-packages/airflow/example_dags/example_external_task_marker_dag.py took 0.093 seconds
[2026-04-26T23:51:06.230+0000] {processor.py:161} INFO - Started process (PID=202) to work on /home/airflow/.local/lib/python3.12/site-packages/airflow/example_dags/example_external_task_marker_dag.py
[2026-04-26T23:51:06.231+0000] {processor.py:830} INFO - Processing file /home/airflow/.local/lib/python3.12/site-packages/airflow/example_dags/example_external_task_marker_dag.py for tasks to queue
[2026-04-26T23:51:06.232+0000] {logging_mixin.py:188} INFO - [2026-04-26T23:51:06.232+0000] {dagbag.py:545} INFO - Filling up the DagBag from /home/airflow/.local/lib/python3.12/site-packages/airflow/example_dags/example_external_task_marker_dag.py
[2026-04-26T23:51:06.237+0000] {processor.py:840} INFO - DAG(s) 'example_external_task_marker_parent', 'example_external_task_marker_child' retrieved from /home/airflow/.local/lib/python3.12/site-packages/airflow/example_dags/example_external_task_marker_dag.py
[2026-04-26T23:51:06.253+0000] {logging_mixin.py:188} INFO - [2026-04-26T23:51:06.253+0000] {dag.py:3096} INFO - Sync 2 DAGs
[2026-04-26T23:51:06.263+0000] {logging_mixin.py:188} INFO - [2026-04-26T23:51:06.262+0000] {dag.py:3954} INFO - Setting next_dagrun for example_external_task_marker_child to None, run_after=None
[2026-04-26T23:51:06.265+0000] {logging_mixin.py:188} INFO - [2026-04-26T23:51:06.265+0000] {dag.py:3954} INFO - Setting next_dagrun for example_external_task_marker_parent to None, run_after=None
[2026-04-26T23:51:06.277+0000] {processor.py:183} INFO - Processing /home/airflow/.local/lib/python3.12/site-packages/airflow/example_dags/example_external_task_marker_dag.py took 0.051 seconds
[2026-04-26T23:51:36.324+0000] {processor.py:161} INFO - Started process (PID=261) to work on /home/airflow/.local/lib/python3.12/site-packages/airflow/example_dags/example_external_task_marker_dag.py
[2026-04-26T23:51:36.325+0000] {processor.py:830} INFO - Processing file /home/airflow/.local/lib/python3.12/site-packages/airflow/example_dags/example_external_task_marker_dag.py for tasks to queue
[2026-04-26T23:51:36.326+0000] {logging_mixin.py:188} INFO - [2026-04-26T23:51:36.326+0000] {dagbag.py:545} INFO - Filling up the DagBag from /home/airflow/.local/lib/python3.12/site-packages/airflow/example_dags/example_external_task_marker_dag.py
[2026-04-26T23:51:36.330+0000] {processor.py:840} INFO - DAG(s) 'example_external_task_marker_child', 'example_external_task_marker_parent' retrieved from /home/airflow/.local/lib/python3.12/site-packages/airflow/example_dags/example_external_task_marker_dag.py
[2026-04-26T23:51:36.347+0000] {logging_mixin.py:188} INFO - [2026-04-26T23:51:36.347+0000] {dag.py:3096} INFO - Sync 2 DAGs
[2026-04-26T23:51:36.358+0000] {logging_mixin.py:188} INFO - [2026-04-26T23:51:36.358+0000] {dag.py:3954} INFO - Setting next_dagrun for example_external_task_marker_child to None, run_after=None
[2026-04-26T23:51:36.361+0000] {logging_mixin.py:188} INFO - [2026-04-26T23:51:36.360+0000] {dag.py:3954} INFO - Setting next_dagrun for example_external_task_marker_parent to None, run_after=None
[2026-04-26T23:51:36.370+0000] {processor.py:183} INFO - Processing /home/airflow/.local/lib/python3.12/site-packages/airflow/example_dags/example_external_task_marker_dag.py took 0.050 seconds
[2026-04-26T23:52:06.437+0000] {processor.py:161} INFO - Started process (PID=320) to work on /home/airflow/.local/lib/python3.12/site-packages/airflow/example_dags/example_external_task_marker_dag.py
[2026-04-26T23:52:06.438+0000] {processor.py:830} INFO - Processing file /home/airflow/.local/lib/python3.12/site-packages/airflow/example_dags/example_external_task_marker_dag.py for tasks to queue
[2026-04-26T23:52:06.439+0000] {logging_mixin.py:188} INFO - [2026-04-26T23:52:06.439+0000] {dagbag.py:545} INFO - Filling up the DagBag from /home/airflow/.local/lib/python3.12/site-packages/airflow/example_dags/example_external_task_marker_dag.py
[2026-04-26T23:52:06.443+0000] {processor.py:840} INFO - DAG(s) 'example_external_task_marker_parent', 'example_external_task_marker_child' retrieved from /home/airflow/.local/lib/python3.12/site-packages/airflow/example_dags/example_external_task_marker_dag.py
[2026-04-26T23:52:06.458+0000] {logging_mixin.py:188} INFO - [2026-04-26T23:52:06.458+0000] {dag.py:3096} INFO - Sync 2 DAGs
[2026-04-26T23:52:06.465+0000] {logging_mixin.py:188} INFO - [2026-04-26T23:52:06.465+0000] {dag.py:3954} INFO - Setting next_dagrun for example_external_task_marker_child to None, run_after=None
[2026-04-26T23:52:06.467+0000] {logging_mixin.py:188} INFO - [2026-04-26T23:52:06.467+0000] {dag.py:3954} INFO - Setting next_dagrun for example_external_task_marker_parent to None, run_after=None
[2026-04-26T23:52:06.476+0000] {processor.py:183} INFO - Processing /home/airflow/.local/lib/python3.12/site-packages/airflow/example_dags/example_external_task_marker_dag.py took 0.043 seconds
[2026-04-26T23:52:36.704+0000] {processor.py:161} INFO - Started process (PID=379) to work on /home/airflow/.local/lib/python3.12/site-packages/airflow/example_dags/example_external_task_marker_dag.py
[2026-04-26T23:52:36.704+0000] {processor.py:830} INFO - Processing file /home/airflow/.local/lib/python3.12/site-packages/airflow/example_dags/example_external_task_marker_dag.py for tasks to queue
[2026-04-26T23:52:36.705+0000] {logging_mixin.py:188} INFO - [2026-04-26T23:52:36.705+0000] {dagbag.py:545} INFO - Filling up the DagBag from /home/airflow/.local/lib/python3.12/site-packages/airflow/example_dags/example_external_task_marker_dag.py
[2026-04-26T23:52:36.708+0000] {processor.py:840} INFO - DAG(s) 'example_external_task_marker_parent', 'example_external_task_marker_child' retrieved from /home/airflow/.local/lib/python3.12/site-packages/airflow/example_dags/example_external_task_marker_dag.py
[2026-04-26T23:52:36.721+0000] {logging_mixin.py:188} INFO - [2026-04-26T23:52:36.721+0000] {dag.py:3096} INFO - Sync 2 DAGs
[2026-04-26T23:52:36.728+0000] {logging_mixin.py:188} INFO - [2026-04-26T23:52:36.728+0000] {dag.py:3954} INFO - Setting next_dagrun for example_external_task_marker_child to None, run_after=None
[2026-04-26T23:52:36.730+0000] {logging_mixin.py:188} INFO - [2026-04-26T23:52:36.730+0000] {dag.py:3954} INFO - Setting next_dagrun for example_external_task_marker_parent to None, run_after=None
[2026-04-26T23:52:36.737+0000] {processor.py:183} INFO - Processing /home/airflow/.local/lib/python3.12/site-packages/airflow/example_dags/example_external_task_marker_dag.py took 0.037 seconds
[2026-04-26T23:53:07.538+0000] {processor.py:161} INFO - Started process (PID=438) to work on /home/airflow/.local/lib/python3.12/site-packages/airflow/example_dags/example_external_task_marker_dag.py
[2026-04-26T23:53:07.539+0000] {processor.py:830} INFO - Processing file /home/airflow/.local/lib/python3.12/site-packages/airflow/example_dags/example_external_task_marker_dag.py for tasks to queue
[2026-04-26T23:53:07.540+0000] {logging_mixin.py:188} INFO - [2026-04-26T23:53:07.540+0000] {dagbag.py:545} INFO - Filling up the DagBag from /home/airflow/.local/lib/python3.12/site-packages/airflow/example_dags/example_external_task_marker_dag.py
[2026-04-26T23:53:07.545+0000] {processor.py:840} INFO - DAG(s) 'example_external_task_marker_parent', 'example_external_task_marker_child' retrieved from /home/airflow/.local/lib/python3.12/site-packages/airflow/example_dags/example_external_task_marker_dag.py
[2026-04-26T23:53:07.561+0000] {logging_mixin.py:188} INFO - [2026-04-26T23:53:07.561+0000] {dag.py:3096} INFO - Sync 2 DAGs
[2026-04-26T23:53:07.571+0000] {logging_mixin.py:188} INFO - [2026-04-26T23:53:07.571+0000] {dag.py:3954} INFO - Setting next_dagrun for example_external_task_marker_child to None, run_after=None
[2026-04-26T23:53:07.573+0000] {logging_mixin.py:188} INFO - [2026-04-26T23:53:07.573+0000] {dag.py:3954} INFO - Setting next_dagrun for example_external_task_marker_parent to None, run_after=None
[2026-04-26T23:53:07.584+0000] {processor.py:183} INFO - Processing /home/airflow/.local/lib/python3.12/site-packages/airflow/example_dags/example_external_task_marker_dag.py took 0.051 seconds
[2026-04-26T23:53:37.880+0000] {processor.py:161} INFO - Started process (PID=497) to work on /home/airflow/.local/lib/python3.12/site-packages/airflow/example_dags/example_external_task_marker_dag.py
[2026-04-26T23:53:37.880+0000] {processor.py:830} INFO - Processing file /home/airflow/.local/lib/python3.12/site-packages/airflow/example_dags/example_external_task_marker_dag.py for tasks to queue
[2026-04-26T23:53:37.882+0000] {logging_mixin.py:188} INFO - [2026-04-26T23:53:37.882+0000] {dagbag.py:545} INFO - Filling up the DagBag from /home/airflow/.local/lib/python3.12/site-packages/airflow/example_dags/example_external_task_marker_dag.py
[2026-04-26T23:53:37.887+0000] {processor.py:840} INFO - DAG(s) 'example_external_task_marker_parent', 'example_external_task_marker_child' retrieved from /home/airflow/.local/lib/python3.12/site-packages/airflow/example_dags/example_external_task_marker_dag.py
[2026-04-26T23:53:37.904+0000] {logging_mixin.py:188} INFO - [2026-04-26T23:53:37.904+0000] {dag.py:3096} INFO - Sync 2 DAGs
[2026-04-26T23:53:37.914+0000] {logging_mixin.py:188} INFO - [2026-04-26T23:53:37.914+0000] {dag.py:3954} INFO - Setting next_dagrun for example_external_task_marker_child to None, run_after=None
[2026-04-26T23:53:37.917+0000] {logging_mixin.py:188} INFO - [2026-04-26T23:53:37.917+0000] {dag.py:3954} INFO - Setting next_dagrun for example_external_task_marker_parent to None, run_after=None
[2026-04-26T23:53:37.928+0000] {processor.py:183} INFO - Processing /home/airflow/.local/lib/python3.12/site-packages/airflow/example_dags/example_external_task_marker_dag.py took 0.054 seconds
