[2026-04-26T23:08:15.942+0000] {processor.py:161} INFO - Started process (PID=88) to work on /home/airflow/.local/lib/python3.12/site-packages/airflow/example_dags/example_trigger_target_dag.py
[2026-04-26T23:08:15.943+0000] {processor.py:830} INFO - Processing file /home/airflow/.local/lib/python3.12/site-packages/airflow/example_dags/example_trigger_target_dag.py for tasks to queue
[2026-04-26T23:08:15.944+0000] {logging_mixin.py:188} INFO - [2026-04-26T23:08:15.944+0000] {dagbag.py:545} INFO - Filling up the DagBag from /home/airflow/.local/lib/python3.12/site-packages/airflow/example_dags/example_trigger_target_dag.py
[2026-04-26T23:08:15.949+0000] {processor.py:840} INFO - DAG(s) 'example_trigger_target_dag' retrieved from /home/airflow/.local/lib/python3.12/site-packages/airflow/example_dags/example_trigger_target_dag.py
[2026-04-26T23:08:15.955+0000] {logging_mixin.py:188} INFO - [2026-04-26T23:08:15.955+0000] {dag.py:3096} INFO - Sync 1 DAGs
[2026-04-26T23:08:15.962+0000] {logging_mixin.py:188} INFO - [2026-04-26T23:08:15.962+0000] {dag.py:3954} INFO - Setting next_dagrun for example_trigger_target_dag to None, run_after=None
[2026-04-26T23:08:15.972+0000] {processor.py:183} INFO - Processing /home/airflow/.local/lib/python3.12/site-packages/airflow/example_dags/example_trigger_target_dag.py took 0.035 seconds
[2026-04-26T23:08:47.348+0000] {processor.py:161} INFO - Started process (PID=146) to work on /home/airflow/.local/lib/python3.12/site-packages/airflow/example_dags/example_trigger_target_dag.py
[2026-04-26T23:08:47.348+0000] {processor.py:830} INFO - Processing file /home/airflow/.local/lib/python3.12/site-packages/airflow/example_dags/example_trigger_target_dag.py for tasks to queue
[2026-04-26T23:08:47.349+0000] {logging_mixin.py:188} INFO - [2026-04-26T23:08:47.349+0000] {dagbag.py:545} INFO - Filling up the DagBag from /home/airflow/.local/lib/python3.12/site-packages/airflow/example_dags/example_trigger_target_dag.py
[2026-04-26T23:08:47.353+0000] {processor.py:840} INFO - DAG(s) 'example_trigger_target_dag' retrieved from /home/airflow/.local/lib/python3.12/site-packages/airflow/example_dags/example_trigger_target_dag.py
[2026-04-26T23:08:47.414+0000] {logging_mixin.py:188} INFO - [2026-04-26T23:08:47.414+0000] {dag.py:3096} INFO - Sync 1 DAGs
[2026-04-26T23:08:47.420+0000] {logging_mixin.py:188} INFO - [2026-04-26T23:08:47.420+0000] {dag.py:3954} INFO - Setting next_dagrun for example_trigger_target_dag to None, run_after=None
[2026-04-26T23:08:47.445+0000] {processor.py:183} INFO - Processing /home/airflow/.local/lib/python3.12/site-packages/airflow/example_dags/example_trigger_target_dag.py took 0.101 seconds
[2026-04-26T23:09:18.439+0000] {processor.py:161} INFO - Started process (PID=210) to work on /home/airflow/.local/lib/python3.12/site-packages/airflow/example_dags/example_trigger_target_dag.py
[2026-04-26T23:09:18.441+0000] {processor.py:830} INFO - Processing file /home/airflow/.local/lib/python3.12/site-packages/airflow/example_dags/example_trigger_target_dag.py for tasks to queue
[2026-04-26T23:09:18.443+0000] {logging_mixin.py:188} INFO - [2026-04-26T23:09:18.442+0000] {dagbag.py:545} INFO - Filling up the DagBag from /home/airflow/.local/lib/python3.12/site-packages/airflow/example_dags/example_trigger_target_dag.py
[2026-04-26T23:09:18.446+0000] {processor.py:840} INFO - DAG(s) 'example_trigger_target_dag' retrieved from /home/airflow/.local/lib/python3.12/site-packages/airflow/example_dags/example_trigger_target_dag.py
[2026-04-26T23:09:18.457+0000] {logging_mixin.py:188} INFO - [2026-04-26T23:09:18.457+0000] {dag.py:3096} INFO - Sync 1 DAGs
[2026-04-26T23:09:18.463+0000] {logging_mixin.py:188} INFO - [2026-04-26T23:09:18.463+0000] {dag.py:3954} INFO - Setting next_dagrun for example_trigger_target_dag to None, run_after=None
[2026-04-26T23:09:18.473+0000] {processor.py:183} INFO - Processing /home/airflow/.local/lib/python3.12/site-packages/airflow/example_dags/example_trigger_target_dag.py took 0.038 seconds
[2026-04-26T23:09:49.252+0000] {processor.py:161} INFO - Started process (PID=268) to work on /home/airflow/.local/lib/python3.12/site-packages/airflow/example_dags/example_trigger_target_dag.py
[2026-04-26T23:09:49.253+0000] {processor.py:830} INFO - Processing file /home/airflow/.local/lib/python3.12/site-packages/airflow/example_dags/example_trigger_target_dag.py for tasks to queue
[2026-04-26T23:09:49.254+0000] {logging_mixin.py:188} INFO - [2026-04-26T23:09:49.254+0000] {dagbag.py:545} INFO - Filling up the DagBag from /home/airflow/.local/lib/python3.12/site-packages/airflow/example_dags/example_trigger_target_dag.py
[2026-04-26T23:09:49.258+0000] {processor.py:840} INFO - DAG(s) 'example_trigger_target_dag' retrieved from /home/airflow/.local/lib/python3.12/site-packages/airflow/example_dags/example_trigger_target_dag.py
[2026-04-26T23:09:49.269+0000] {logging_mixin.py:188} INFO - [2026-04-26T23:09:49.269+0000] {dag.py:3096} INFO - Sync 1 DAGs
[2026-04-26T23:09:49.275+0000] {logging_mixin.py:188} INFO - [2026-04-26T23:09:49.275+0000] {dag.py:3954} INFO - Setting next_dagrun for example_trigger_target_dag to None, run_after=None
[2026-04-26T23:09:49.285+0000] {processor.py:183} INFO - Processing /home/airflow/.local/lib/python3.12/site-packages/airflow/example_dags/example_trigger_target_dag.py took 0.036 seconds
[2026-04-26T23:10:20.098+0000] {processor.py:161} INFO - Started process (PID=326) to work on /home/airflow/.local/lib/python3.12/site-packages/airflow/example_dags/example_trigger_target_dag.py
[2026-04-26T23:10:20.111+0000] {processor.py:830} INFO - Processing file /home/airflow/.local/lib/python3.12/site-packages/airflow/example_dags/example_trigger_target_dag.py for tasks to queue
[2026-04-26T23:10:20.112+0000] {logging_mixin.py:188} INFO - [2026-04-26T23:10:20.112+0000] {dagbag.py:545} INFO - Filling up the DagBag from /home/airflow/.local/lib/python3.12/site-packages/airflow/example_dags/example_trigger_target_dag.py
[2026-04-26T23:10:20.118+0000] {processor.py:840} INFO - DAG(s) 'example_trigger_target_dag' retrieved from /home/airflow/.local/lib/python3.12/site-packages/airflow/example_dags/example_trigger_target_dag.py
[2026-04-26T23:10:20.130+0000] {logging_mixin.py:188} INFO - [2026-04-26T23:10:20.130+0000] {dag.py:3096} INFO - Sync 1 DAGs
[2026-04-26T23:10:20.139+0000] {logging_mixin.py:188} INFO - [2026-04-26T23:10:20.139+0000] {dag.py:3954} INFO - Setting next_dagrun for example_trigger_target_dag to None, run_after=None
[2026-04-26T23:10:20.152+0000] {processor.py:183} INFO - Processing /home/airflow/.local/lib/python3.12/site-packages/airflow/example_dags/example_trigger_target_dag.py took 0.058 seconds
[2026-04-26T23:10:50.204+0000] {processor.py:161} INFO - Started process (PID=384) to work on /home/airflow/.local/lib/python3.12/site-packages/airflow/example_dags/example_trigger_target_dag.py
[2026-04-26T23:10:50.204+0000] {processor.py:830} INFO - Processing file /home/airflow/.local/lib/python3.12/site-packages/airflow/example_dags/example_trigger_target_dag.py for tasks to queue
[2026-04-26T23:10:50.205+0000] {logging_mixin.py:188} INFO - [2026-04-26T23:10:50.205+0000] {dagbag.py:545} INFO - Filling up the DagBag from /home/airflow/.local/lib/python3.12/site-packages/airflow/example_dags/example_trigger_target_dag.py
[2026-04-26T23:10:50.210+0000] {processor.py:840} INFO - DAG(s) 'example_trigger_target_dag' retrieved from /home/airflow/.local/lib/python3.12/site-packages/airflow/example_dags/example_trigger_target_dag.py
[2026-04-26T23:10:50.223+0000] {logging_mixin.py:188} INFO - [2026-04-26T23:10:50.223+0000] {dag.py:3096} INFO - Sync 1 DAGs
[2026-04-26T23:10:50.232+0000] {logging_mixin.py:188} INFO - [2026-04-26T23:10:50.232+0000] {dag.py:3954} INFO - Setting next_dagrun for example_trigger_target_dag to None, run_after=None
[2026-04-26T23:10:50.245+0000] {processor.py:183} INFO - Processing /home/airflow/.local/lib/python3.12/site-packages/airflow/example_dags/example_trigger_target_dag.py took 0.045 seconds
[2026-04-26T23:11:20.987+0000] {processor.py:161} INFO - Started process (PID=442) to work on /home/airflow/.local/lib/python3.12/site-packages/airflow/example_dags/example_trigger_target_dag.py
[2026-04-26T23:11:20.993+0000] {processor.py:830} INFO - Processing file /home/airflow/.local/lib/python3.12/site-packages/airflow/example_dags/example_trigger_target_dag.py for tasks to queue
[2026-04-26T23:11:20.994+0000] {logging_mixin.py:188} INFO - [2026-04-26T23:11:20.994+0000] {dagbag.py:545} INFO - Filling up the DagBag from /home/airflow/.local/lib/python3.12/site-packages/airflow/example_dags/example_trigger_target_dag.py
[2026-04-26T23:11:20.997+0000] {processor.py:840} INFO - DAG(s) 'example_trigger_target_dag' retrieved from /home/airflow/.local/lib/python3.12/site-packages/airflow/example_dags/example_trigger_target_dag.py
[2026-04-26T23:11:21.008+0000] {logging_mixin.py:188} INFO - [2026-04-26T23:11:21.008+0000] {dag.py:3096} INFO - Sync 1 DAGs
[2026-04-26T23:11:21.015+0000] {logging_mixin.py:188} INFO - [2026-04-26T23:11:21.014+0000] {dag.py:3954} INFO - Setting next_dagrun for example_trigger_target_dag to None, run_after=None
[2026-04-26T23:11:21.024+0000] {processor.py:183} INFO - Processing /home/airflow/.local/lib/python3.12/site-packages/airflow/example_dags/example_trigger_target_dag.py took 0.040 seconds
[2026-04-26T23:11:51.816+0000] {processor.py:161} INFO - Started process (PID=500) to work on /home/airflow/.local/lib/python3.12/site-packages/airflow/example_dags/example_trigger_target_dag.py
[2026-04-26T23:11:51.816+0000] {processor.py:830} INFO - Processing file /home/airflow/.local/lib/python3.12/site-packages/airflow/example_dags/example_trigger_target_dag.py for tasks to queue
[2026-04-26T23:11:51.818+0000] {logging_mixin.py:188} INFO - [2026-04-26T23:11:51.817+0000] {dagbag.py:545} INFO - Filling up the DagBag from /home/airflow/.local/lib/python3.12/site-packages/airflow/example_dags/example_trigger_target_dag.py
[2026-04-26T23:11:51.822+0000] {processor.py:840} INFO - DAG(s) 'example_trigger_target_dag' retrieved from /home/airflow/.local/lib/python3.12/site-packages/airflow/example_dags/example_trigger_target_dag.py
[2026-04-26T23:11:51.834+0000] {logging_mixin.py:188} INFO - [2026-04-26T23:11:51.834+0000] {dag.py:3096} INFO - Sync 1 DAGs
[2026-04-26T23:11:51.841+0000] {logging_mixin.py:188} INFO - [2026-04-26T23:11:51.841+0000] {dag.py:3954} INFO - Setting next_dagrun for example_trigger_target_dag to None, run_after=None
[2026-04-26T23:11:51.851+0000] {processor.py:183} INFO - Processing /home/airflow/.local/lib/python3.12/site-packages/airflow/example_dags/example_trigger_target_dag.py took 0.039 seconds
[2026-04-26T23:12:22.599+0000] {processor.py:161} INFO - Started process (PID=558) to work on /home/airflow/.local/lib/python3.12/site-packages/airflow/example_dags/example_trigger_target_dag.py
[2026-04-26T23:12:22.607+0000] {processor.py:830} INFO - Processing file /home/airflow/.local/lib/python3.12/site-packages/airflow/example_dags/example_trigger_target_dag.py for tasks to queue
[2026-04-26T23:12:22.608+0000] {logging_mixin.py:188} INFO - [2026-04-26T23:12:22.608+0000] {dagbag.py:545} INFO - Filling up the DagBag from /home/airflow/.local/lib/python3.12/site-packages/airflow/example_dags/example_trigger_target_dag.py
[2026-04-26T23:12:22.611+0000] {processor.py:840} INFO - DAG(s) 'example_trigger_target_dag' retrieved from /home/airflow/.local/lib/python3.12/site-packages/airflow/example_dags/example_trigger_target_dag.py
[2026-04-26T23:12:22.624+0000] {logging_mixin.py:188} INFO - [2026-04-26T23:12:22.624+0000] {dag.py:3096} INFO - Sync 1 DAGs
[2026-04-26T23:12:22.631+0000] {logging_mixin.py:188} INFO - [2026-04-26T23:12:22.631+0000] {dag.py:3954} INFO - Setting next_dagrun for example_trigger_target_dag to None, run_after=None
[2026-04-26T23:12:22.639+0000] {processor.py:183} INFO - Processing /home/airflow/.local/lib/python3.12/site-packages/airflow/example_dags/example_trigger_target_dag.py took 0.043 seconds
[2026-04-26T23:12:53.545+0000] {processor.py:161} INFO - Started process (PID=616) to work on /home/airflow/.local/lib/python3.12/site-packages/airflow/example_dags/example_trigger_target_dag.py
[2026-04-26T23:12:53.545+0000] {processor.py:830} INFO - Processing file /home/airflow/.local/lib/python3.12/site-packages/airflow/example_dags/example_trigger_target_dag.py for tasks to queue
[2026-04-26T23:12:53.546+0000] {logging_mixin.py:188} INFO - [2026-04-26T23:12:53.546+0000] {dagbag.py:545} INFO - Filling up the DagBag from /home/airflow/.local/lib/python3.12/site-packages/airflow/example_dags/example_trigger_target_dag.py
[2026-04-26T23:12:53.550+0000] {processor.py:840} INFO - DAG(s) 'example_trigger_target_dag' retrieved from /home/airflow/.local/lib/python3.12/site-packages/airflow/example_dags/example_trigger_target_dag.py
[2026-04-26T23:12:53.562+0000] {logging_mixin.py:188} INFO - [2026-04-26T23:12:53.562+0000] {dag.py:3096} INFO - Sync 1 DAGs
[2026-04-26T23:12:53.569+0000] {logging_mixin.py:188} INFO - [2026-04-26T23:12:53.569+0000] {dag.py:3954} INFO - Setting next_dagrun for example_trigger_target_dag to None, run_after=None
[2026-04-26T23:12:53.580+0000] {processor.py:183} INFO - Processing /home/airflow/.local/lib/python3.12/site-packages/airflow/example_dags/example_trigger_target_dag.py took 0.039 seconds
[2026-04-26T23:13:23.705+0000] {processor.py:161} INFO - Started process (PID=674) to work on /home/airflow/.local/lib/python3.12/site-packages/airflow/example_dags/example_trigger_target_dag.py
[2026-04-26T23:13:23.714+0000] {processor.py:830} INFO - Processing file /home/airflow/.local/lib/python3.12/site-packages/airflow/example_dags/example_trigger_target_dag.py for tasks to queue
[2026-04-26T23:13:23.715+0000] {logging_mixin.py:188} INFO - [2026-04-26T23:13:23.715+0000] {dagbag.py:545} INFO - Filling up the DagBag from /home/airflow/.local/lib/python3.12/site-packages/airflow/example_dags/example_trigger_target_dag.py
[2026-04-26T23:13:23.719+0000] {processor.py:840} INFO - DAG(s) 'example_trigger_target_dag' retrieved from /home/airflow/.local/lib/python3.12/site-packages/airflow/example_dags/example_trigger_target_dag.py
[2026-04-26T23:13:23.732+0000] {logging_mixin.py:188} INFO - [2026-04-26T23:13:23.731+0000] {dag.py:3096} INFO - Sync 1 DAGs
[2026-04-26T23:13:23.740+0000] {logging_mixin.py:188} INFO - [2026-04-26T23:13:23.740+0000] {dag.py:3954} INFO - Setting next_dagrun for example_trigger_target_dag to None, run_after=None
[2026-04-26T23:13:23.752+0000] {processor.py:183} INFO - Processing /home/airflow/.local/lib/python3.12/site-packages/airflow/example_dags/example_trigger_target_dag.py took 0.051 seconds
[2026-04-26T23:13:53.777+0000] {processor.py:161} INFO - Started process (PID=732) to work on /home/airflow/.local/lib/python3.12/site-packages/airflow/example_dags/example_trigger_target_dag.py
[2026-04-26T23:13:53.777+0000] {processor.py:830} INFO - Processing file /home/airflow/.local/lib/python3.12/site-packages/airflow/example_dags/example_trigger_target_dag.py for tasks to queue
[2026-04-26T23:13:53.779+0000] {logging_mixin.py:188} INFO - [2026-04-26T23:13:53.778+0000] {dagbag.py:545} INFO - Filling up the DagBag from /home/airflow/.local/lib/python3.12/site-packages/airflow/example_dags/example_trigger_target_dag.py
[2026-04-26T23:13:53.782+0000] {processor.py:840} INFO - DAG(s) 'example_trigger_target_dag' retrieved from /home/airflow/.local/lib/python3.12/site-packages/airflow/example_dags/example_trigger_target_dag.py
[2026-04-26T23:13:53.794+0000] {logging_mixin.py:188} INFO - [2026-04-26T23:13:53.794+0000] {dag.py:3096} INFO - Sync 1 DAGs
[2026-04-26T23:13:53.801+0000] {logging_mixin.py:188} INFO - [2026-04-26T23:13:53.801+0000] {dag.py:3954} INFO - Setting next_dagrun for example_trigger_target_dag to None, run_after=None
[2026-04-26T23:13:53.811+0000] {processor.py:183} INFO - Processing /home/airflow/.local/lib/python3.12/site-packages/airflow/example_dags/example_trigger_target_dag.py took 0.037 seconds
[2026-04-26T23:14:24.405+0000] {processor.py:161} INFO - Started process (PID=790) to work on /home/airflow/.local/lib/python3.12/site-packages/airflow/example_dags/example_trigger_target_dag.py
[2026-04-26T23:14:24.414+0000] {processor.py:830} INFO - Processing file /home/airflow/.local/lib/python3.12/site-packages/airflow/example_dags/example_trigger_target_dag.py for tasks to queue
[2026-04-26T23:14:24.415+0000] {logging_mixin.py:188} INFO - [2026-04-26T23:14:24.415+0000] {dagbag.py:545} INFO - Filling up the DagBag from /home/airflow/.local/lib/python3.12/site-packages/airflow/example_dags/example_trigger_target_dag.py
[2026-04-26T23:14:24.419+0000] {processor.py:840} INFO - DAG(s) 'example_trigger_target_dag' retrieved from /home/airflow/.local/lib/python3.12/site-packages/airflow/example_dags/example_trigger_target_dag.py
[2026-04-26T23:14:24.431+0000] {logging_mixin.py:188} INFO - [2026-04-26T23:14:24.431+0000] {dag.py:3096} INFO - Sync 1 DAGs
[2026-04-26T23:14:24.440+0000] {logging_mixin.py:188} INFO - [2026-04-26T23:14:24.440+0000] {dag.py:3954} INFO - Setting next_dagrun for example_trigger_target_dag to None, run_after=None
[2026-04-26T23:14:24.451+0000] {processor.py:183} INFO - Processing /home/airflow/.local/lib/python3.12/site-packages/airflow/example_dags/example_trigger_target_dag.py took 0.050 seconds
[2026-04-26T23:14:55.209+0000] {processor.py:161} INFO - Started process (PID=848) to work on /home/airflow/.local/lib/python3.12/site-packages/airflow/example_dags/example_trigger_target_dag.py
[2026-04-26T23:14:55.210+0000] {processor.py:830} INFO - Processing file /home/airflow/.local/lib/python3.12/site-packages/airflow/example_dags/example_trigger_target_dag.py for tasks to queue
[2026-04-26T23:14:55.211+0000] {logging_mixin.py:188} INFO - [2026-04-26T23:14:55.211+0000] {dagbag.py:545} INFO - Filling up the DagBag from /home/airflow/.local/lib/python3.12/site-packages/airflow/example_dags/example_trigger_target_dag.py
[2026-04-26T23:14:55.214+0000] {processor.py:840} INFO - DAG(s) 'example_trigger_target_dag' retrieved from /home/airflow/.local/lib/python3.12/site-packages/airflow/example_dags/example_trigger_target_dag.py
[2026-04-26T23:14:55.224+0000] {logging_mixin.py:188} INFO - [2026-04-26T23:14:55.224+0000] {dag.py:3096} INFO - Sync 1 DAGs
[2026-04-26T23:14:55.231+0000] {logging_mixin.py:188} INFO - [2026-04-26T23:14:55.231+0000] {dag.py:3954} INFO - Setting next_dagrun for example_trigger_target_dag to None, run_after=None
[2026-04-26T23:14:55.239+0000] {processor.py:183} INFO - Processing /home/airflow/.local/lib/python3.12/site-packages/airflow/example_dags/example_trigger_target_dag.py took 0.033 seconds
[2026-04-26T23:15:25.515+0000] {processor.py:161} INFO - Started process (PID=906) to work on /home/airflow/.local/lib/python3.12/site-packages/airflow/example_dags/example_trigger_target_dag.py
[2026-04-26T23:15:25.527+0000] {processor.py:830} INFO - Processing file /home/airflow/.local/lib/python3.12/site-packages/airflow/example_dags/example_trigger_target_dag.py for tasks to queue
[2026-04-26T23:15:25.528+0000] {logging_mixin.py:188} INFO - [2026-04-26T23:15:25.528+0000] {dagbag.py:545} INFO - Filling up the DagBag from /home/airflow/.local/lib/python3.12/site-packages/airflow/example_dags/example_trigger_target_dag.py
[2026-04-26T23:15:25.532+0000] {processor.py:840} INFO - DAG(s) 'example_trigger_target_dag' retrieved from /home/airflow/.local/lib/python3.12/site-packages/airflow/example_dags/example_trigger_target_dag.py
[2026-04-26T23:15:25.542+0000] {logging_mixin.py:188} INFO - [2026-04-26T23:15:25.542+0000] {dag.py:3096} INFO - Sync 1 DAGs
[2026-04-26T23:15:25.549+0000] {logging_mixin.py:188} INFO - [2026-04-26T23:15:25.549+0000] {dag.py:3954} INFO - Setting next_dagrun for example_trigger_target_dag to None, run_after=None
[2026-04-26T23:15:25.558+0000] {processor.py:183} INFO - Processing /home/airflow/.local/lib/python3.12/site-packages/airflow/example_dags/example_trigger_target_dag.py took 0.047 seconds
[2026-04-26T23:15:55.586+0000] {processor.py:161} INFO - Started process (PID=964) to work on /home/airflow/.local/lib/python3.12/site-packages/airflow/example_dags/example_trigger_target_dag.py
[2026-04-26T23:15:55.586+0000] {processor.py:830} INFO - Processing file /home/airflow/.local/lib/python3.12/site-packages/airflow/example_dags/example_trigger_target_dag.py for tasks to queue
[2026-04-26T23:15:55.587+0000] {logging_mixin.py:188} INFO - [2026-04-26T23:15:55.587+0000] {dagbag.py:545} INFO - Filling up the DagBag from /home/airflow/.local/lib/python3.12/site-packages/airflow/example_dags/example_trigger_target_dag.py
[2026-04-26T23:15:55.591+0000] {processor.py:840} INFO - DAG(s) 'example_trigger_target_dag' retrieved from /home/airflow/.local/lib/python3.12/site-packages/airflow/example_dags/example_trigger_target_dag.py
[2026-04-26T23:15:55.603+0000] {logging_mixin.py:188} INFO - [2026-04-26T23:15:55.603+0000] {dag.py:3096} INFO - Sync 1 DAGs
[2026-04-26T23:15:55.611+0000] {logging_mixin.py:188} INFO - [2026-04-26T23:15:55.611+0000] {dag.py:3954} INFO - Setting next_dagrun for example_trigger_target_dag to None, run_after=None
[2026-04-26T23:15:55.621+0000] {processor.py:183} INFO - Processing /home/airflow/.local/lib/python3.12/site-packages/airflow/example_dags/example_trigger_target_dag.py took 0.039 seconds
[2026-04-26T23:16:25.801+0000] {processor.py:161} INFO - Started process (PID=1022) to work on /home/airflow/.local/lib/python3.12/site-packages/airflow/example_dags/example_trigger_target_dag.py
[2026-04-26T23:16:25.801+0000] {processor.py:830} INFO - Processing file /home/airflow/.local/lib/python3.12/site-packages/airflow/example_dags/example_trigger_target_dag.py for tasks to queue
[2026-04-26T23:16:25.802+0000] {logging_mixin.py:188} INFO - [2026-04-26T23:16:25.802+0000] {dagbag.py:545} INFO - Filling up the DagBag from /home/airflow/.local/lib/python3.12/site-packages/airflow/example_dags/example_trigger_target_dag.py
[2026-04-26T23:16:25.805+0000] {processor.py:840} INFO - DAG(s) 'example_trigger_target_dag' retrieved from /home/airflow/.local/lib/python3.12/site-packages/airflow/example_dags/example_trigger_target_dag.py
[2026-04-26T23:16:25.816+0000] {logging_mixin.py:188} INFO - [2026-04-26T23:16:25.816+0000] {dag.py:3096} INFO - Sync 1 DAGs
[2026-04-26T23:16:25.822+0000] {logging_mixin.py:188} INFO - [2026-04-26T23:16:25.822+0000] {dag.py:3954} INFO - Setting next_dagrun for example_trigger_target_dag to None, run_after=None
[2026-04-26T23:16:25.830+0000] {processor.py:183} INFO - Processing /home/airflow/.local/lib/python3.12/site-packages/airflow/example_dags/example_trigger_target_dag.py took 0.033 seconds
[2026-04-26T23:16:56.050+0000] {processor.py:161} INFO - Started process (PID=1080) to work on /home/airflow/.local/lib/python3.12/site-packages/airflow/example_dags/example_trigger_target_dag.py
[2026-04-26T23:16:56.050+0000] {processor.py:830} INFO - Processing file /home/airflow/.local/lib/python3.12/site-packages/airflow/example_dags/example_trigger_target_dag.py for tasks to queue
[2026-04-26T23:16:56.051+0000] {logging_mixin.py:188} INFO - [2026-04-26T23:16:56.051+0000] {dagbag.py:545} INFO - Filling up the DagBag from /home/airflow/.local/lib/python3.12/site-packages/airflow/example_dags/example_trigger_target_dag.py
[2026-04-26T23:16:56.055+0000] {processor.py:840} INFO - DAG(s) 'example_trigger_target_dag' retrieved from /home/airflow/.local/lib/python3.12/site-packages/airflow/example_dags/example_trigger_target_dag.py
[2026-04-26T23:16:56.065+0000] {logging_mixin.py:188} INFO - [2026-04-26T23:16:56.065+0000] {dag.py:3096} INFO - Sync 1 DAGs
[2026-04-26T23:16:56.071+0000] {logging_mixin.py:188} INFO - [2026-04-26T23:16:56.071+0000] {dag.py:3954} INFO - Setting next_dagrun for example_trigger_target_dag to None, run_after=None
[2026-04-26T23:16:56.079+0000] {processor.py:183} INFO - Processing /home/airflow/.local/lib/python3.12/site-packages/airflow/example_dags/example_trigger_target_dag.py took 0.033 seconds
[2026-04-26T23:17:26.393+0000] {processor.py:161} INFO - Started process (PID=1138) to work on /home/airflow/.local/lib/python3.12/site-packages/airflow/example_dags/example_trigger_target_dag.py
[2026-04-26T23:17:26.394+0000] {processor.py:830} INFO - Processing file /home/airflow/.local/lib/python3.12/site-packages/airflow/example_dags/example_trigger_target_dag.py for tasks to queue
[2026-04-26T23:17:26.395+0000] {logging_mixin.py:188} INFO - [2026-04-26T23:17:26.395+0000] {dagbag.py:545} INFO - Filling up the DagBag from /home/airflow/.local/lib/python3.12/site-packages/airflow/example_dags/example_trigger_target_dag.py
[2026-04-26T23:17:26.399+0000] {processor.py:840} INFO - DAG(s) 'example_trigger_target_dag' retrieved from /home/airflow/.local/lib/python3.12/site-packages/airflow/example_dags/example_trigger_target_dag.py
[2026-04-26T23:17:26.411+0000] {logging_mixin.py:188} INFO - [2026-04-26T23:17:26.411+0000] {dag.py:3096} INFO - Sync 1 DAGs
[2026-04-26T23:17:26.418+0000] {logging_mixin.py:188} INFO - [2026-04-26T23:17:26.418+0000] {dag.py:3954} INFO - Setting next_dagrun for example_trigger_target_dag to None, run_after=None
[2026-04-26T23:17:26.430+0000] {processor.py:183} INFO - Processing /home/airflow/.local/lib/python3.12/site-packages/airflow/example_dags/example_trigger_target_dag.py took 0.040 seconds
[2026-04-26T23:17:56.691+0000] {processor.py:161} INFO - Started process (PID=1196) to work on /home/airflow/.local/lib/python3.12/site-packages/airflow/example_dags/example_trigger_target_dag.py
[2026-04-26T23:17:56.691+0000] {processor.py:830} INFO - Processing file /home/airflow/.local/lib/python3.12/site-packages/airflow/example_dags/example_trigger_target_dag.py for tasks to queue
[2026-04-26T23:17:56.692+0000] {logging_mixin.py:188} INFO - [2026-04-26T23:17:56.692+0000] {dagbag.py:545} INFO - Filling up the DagBag from /home/airflow/.local/lib/python3.12/site-packages/airflow/example_dags/example_trigger_target_dag.py
[2026-04-26T23:17:56.695+0000] {processor.py:840} INFO - DAG(s) 'example_trigger_target_dag' retrieved from /home/airflow/.local/lib/python3.12/site-packages/airflow/example_dags/example_trigger_target_dag.py
[2026-04-26T23:17:56.706+0000] {logging_mixin.py:188} INFO - [2026-04-26T23:17:56.706+0000] {dag.py:3096} INFO - Sync 1 DAGs
[2026-04-26T23:17:56.713+0000] {logging_mixin.py:188} INFO - [2026-04-26T23:17:56.713+0000] {dag.py:3954} INFO - Setting next_dagrun for example_trigger_target_dag to None, run_after=None
[2026-04-26T23:17:56.723+0000] {processor.py:183} INFO - Processing /home/airflow/.local/lib/python3.12/site-packages/airflow/example_dags/example_trigger_target_dag.py took 0.036 seconds
[2026-04-26T23:18:26.813+0000] {processor.py:161} INFO - Started process (PID=1255) to work on /home/airflow/.local/lib/python3.12/site-packages/airflow/example_dags/example_trigger_target_dag.py
[2026-04-26T23:18:26.814+0000] {processor.py:830} INFO - Processing file /home/airflow/.local/lib/python3.12/site-packages/airflow/example_dags/example_trigger_target_dag.py for tasks to queue
[2026-04-26T23:18:26.815+0000] {logging_mixin.py:188} INFO - [2026-04-26T23:18:26.815+0000] {dagbag.py:545} INFO - Filling up the DagBag from /home/airflow/.local/lib/python3.12/site-packages/airflow/example_dags/example_trigger_target_dag.py
[2026-04-26T23:18:26.818+0000] {processor.py:840} INFO - DAG(s) 'example_trigger_target_dag' retrieved from /home/airflow/.local/lib/python3.12/site-packages/airflow/example_dags/example_trigger_target_dag.py
[2026-04-26T23:18:26.829+0000] {logging_mixin.py:188} INFO - [2026-04-26T23:18:26.829+0000] {dag.py:3096} INFO - Sync 1 DAGs
[2026-04-26T23:18:26.836+0000] {logging_mixin.py:188} INFO - [2026-04-26T23:18:26.836+0000] {dag.py:3954} INFO - Setting next_dagrun for example_trigger_target_dag to None, run_after=None
[2026-04-26T23:18:26.845+0000] {processor.py:183} INFO - Processing /home/airflow/.local/lib/python3.12/site-packages/airflow/example_dags/example_trigger_target_dag.py took 0.035 seconds
[2026-04-26T23:18:57.046+0000] {processor.py:161} INFO - Started process (PID=1313) to work on /home/airflow/.local/lib/python3.12/site-packages/airflow/example_dags/example_trigger_target_dag.py
[2026-04-26T23:18:57.046+0000] {processor.py:830} INFO - Processing file /home/airflow/.local/lib/python3.12/site-packages/airflow/example_dags/example_trigger_target_dag.py for tasks to queue
[2026-04-26T23:18:57.047+0000] {logging_mixin.py:188} INFO - [2026-04-26T23:18:57.047+0000] {dagbag.py:545} INFO - Filling up the DagBag from /home/airflow/.local/lib/python3.12/site-packages/airflow/example_dags/example_trigger_target_dag.py
[2026-04-26T23:18:57.050+0000] {processor.py:840} INFO - DAG(s) 'example_trigger_target_dag' retrieved from /home/airflow/.local/lib/python3.12/site-packages/airflow/example_dags/example_trigger_target_dag.py
[2026-04-26T23:18:57.061+0000] {logging_mixin.py:188} INFO - [2026-04-26T23:18:57.061+0000] {dag.py:3096} INFO - Sync 1 DAGs
[2026-04-26T23:18:57.068+0000] {logging_mixin.py:188} INFO - [2026-04-26T23:18:57.068+0000] {dag.py:3954} INFO - Setting next_dagrun for example_trigger_target_dag to None, run_after=None
[2026-04-26T23:18:57.077+0000] {processor.py:183} INFO - Processing /home/airflow/.local/lib/python3.12/site-packages/airflow/example_dags/example_trigger_target_dag.py took 0.035 seconds
[2026-04-26T23:19:27.251+0000] {processor.py:161} INFO - Started process (PID=1372) to work on /home/airflow/.local/lib/python3.12/site-packages/airflow/example_dags/example_trigger_target_dag.py
[2026-04-26T23:19:27.251+0000] {processor.py:830} INFO - Processing file /home/airflow/.local/lib/python3.12/site-packages/airflow/example_dags/example_trigger_target_dag.py for tasks to queue
[2026-04-26T23:19:27.252+0000] {logging_mixin.py:188} INFO - [2026-04-26T23:19:27.252+0000] {dagbag.py:545} INFO - Filling up the DagBag from /home/airflow/.local/lib/python3.12/site-packages/airflow/example_dags/example_trigger_target_dag.py
[2026-04-26T23:19:27.256+0000] {processor.py:840} INFO - DAG(s) 'example_trigger_target_dag' retrieved from /home/airflow/.local/lib/python3.12/site-packages/airflow/example_dags/example_trigger_target_dag.py
[2026-04-26T23:19:27.266+0000] {logging_mixin.py:188} INFO - [2026-04-26T23:19:27.266+0000] {dag.py:3096} INFO - Sync 1 DAGs
[2026-04-26T23:19:27.273+0000] {logging_mixin.py:188} INFO - [2026-04-26T23:19:27.273+0000] {dag.py:3954} INFO - Setting next_dagrun for example_trigger_target_dag to None, run_after=None
[2026-04-26T23:19:27.281+0000] {processor.py:183} INFO - Processing /home/airflow/.local/lib/python3.12/site-packages/airflow/example_dags/example_trigger_target_dag.py took 0.034 seconds
[2026-04-26T23:19:57.677+0000] {processor.py:161} INFO - Started process (PID=1431) to work on /home/airflow/.local/lib/python3.12/site-packages/airflow/example_dags/example_trigger_target_dag.py
[2026-04-26T23:19:57.678+0000] {processor.py:830} INFO - Processing file /home/airflow/.local/lib/python3.12/site-packages/airflow/example_dags/example_trigger_target_dag.py for tasks to queue
[2026-04-26T23:19:57.679+0000] {logging_mixin.py:188} INFO - [2026-04-26T23:19:57.678+0000] {dagbag.py:545} INFO - Filling up the DagBag from /home/airflow/.local/lib/python3.12/site-packages/airflow/example_dags/example_trigger_target_dag.py
[2026-04-26T23:19:57.682+0000] {processor.py:840} INFO - DAG(s) 'example_trigger_target_dag' retrieved from /home/airflow/.local/lib/python3.12/site-packages/airflow/example_dags/example_trigger_target_dag.py
[2026-04-26T23:19:57.693+0000] {logging_mixin.py:188} INFO - [2026-04-26T23:19:57.693+0000] {dag.py:3096} INFO - Sync 1 DAGs
[2026-04-26T23:19:57.700+0000] {logging_mixin.py:188} INFO - [2026-04-26T23:19:57.700+0000] {dag.py:3954} INFO - Setting next_dagrun for example_trigger_target_dag to None, run_after=None
[2026-04-26T23:19:57.709+0000] {processor.py:183} INFO - Processing /home/airflow/.local/lib/python3.12/site-packages/airflow/example_dags/example_trigger_target_dag.py took 0.035 seconds
[2026-04-26T23:20:27.846+0000] {processor.py:161} INFO - Started process (PID=1490) to work on /home/airflow/.local/lib/python3.12/site-packages/airflow/example_dags/example_trigger_target_dag.py
[2026-04-26T23:20:27.847+0000] {processor.py:830} INFO - Processing file /home/airflow/.local/lib/python3.12/site-packages/airflow/example_dags/example_trigger_target_dag.py for tasks to queue
[2026-04-26T23:20:27.848+0000] {logging_mixin.py:188} INFO - [2026-04-26T23:20:27.848+0000] {dagbag.py:545} INFO - Filling up the DagBag from /home/airflow/.local/lib/python3.12/site-packages/airflow/example_dags/example_trigger_target_dag.py
[2026-04-26T23:20:27.851+0000] {processor.py:840} INFO - DAG(s) 'example_trigger_target_dag' retrieved from /home/airflow/.local/lib/python3.12/site-packages/airflow/example_dags/example_trigger_target_dag.py
[2026-04-26T23:20:27.863+0000] {logging_mixin.py:188} INFO - [2026-04-26T23:20:27.863+0000] {dag.py:3096} INFO - Sync 1 DAGs
[2026-04-26T23:20:27.871+0000] {logging_mixin.py:188} INFO - [2026-04-26T23:20:27.871+0000] {dag.py:3954} INFO - Setting next_dagrun for example_trigger_target_dag to None, run_after=None
[2026-04-26T23:20:27.881+0000] {processor.py:183} INFO - Processing /home/airflow/.local/lib/python3.12/site-packages/airflow/example_dags/example_trigger_target_dag.py took 0.038 seconds
[2026-04-26T23:20:58.272+0000] {processor.py:161} INFO - Started process (PID=1549) to work on /home/airflow/.local/lib/python3.12/site-packages/airflow/example_dags/example_trigger_target_dag.py
[2026-04-26T23:20:58.273+0000] {processor.py:830} INFO - Processing file /home/airflow/.local/lib/python3.12/site-packages/airflow/example_dags/example_trigger_target_dag.py for tasks to queue
[2026-04-26T23:20:58.274+0000] {logging_mixin.py:188} INFO - [2026-04-26T23:20:58.274+0000] {dagbag.py:545} INFO - Filling up the DagBag from /home/airflow/.local/lib/python3.12/site-packages/airflow/example_dags/example_trigger_target_dag.py
[2026-04-26T23:20:58.278+0000] {processor.py:840} INFO - DAG(s) 'example_trigger_target_dag' retrieved from /home/airflow/.local/lib/python3.12/site-packages/airflow/example_dags/example_trigger_target_dag.py
[2026-04-26T23:20:58.290+0000] {logging_mixin.py:188} INFO - [2026-04-26T23:20:58.290+0000] {dag.py:3096} INFO - Sync 1 DAGs
[2026-04-26T23:20:58.298+0000] {logging_mixin.py:188} INFO - [2026-04-26T23:20:58.298+0000] {dag.py:3954} INFO - Setting next_dagrun for example_trigger_target_dag to None, run_after=None
[2026-04-26T23:20:58.308+0000] {processor.py:183} INFO - Processing /home/airflow/.local/lib/python3.12/site-packages/airflow/example_dags/example_trigger_target_dag.py took 0.039 seconds
[2026-04-26T23:21:28.338+0000] {processor.py:161} INFO - Started process (PID=1608) to work on /home/airflow/.local/lib/python3.12/site-packages/airflow/example_dags/example_trigger_target_dag.py
[2026-04-26T23:21:28.339+0000] {processor.py:830} INFO - Processing file /home/airflow/.local/lib/python3.12/site-packages/airflow/example_dags/example_trigger_target_dag.py for tasks to queue
[2026-04-26T23:21:28.340+0000] {logging_mixin.py:188} INFO - [2026-04-26T23:21:28.339+0000] {dagbag.py:545} INFO - Filling up the DagBag from /home/airflow/.local/lib/python3.12/site-packages/airflow/example_dags/example_trigger_target_dag.py
[2026-04-26T23:21:28.343+0000] {processor.py:840} INFO - DAG(s) 'example_trigger_target_dag' retrieved from /home/airflow/.local/lib/python3.12/site-packages/airflow/example_dags/example_trigger_target_dag.py
[2026-04-26T23:21:28.354+0000] {logging_mixin.py:188} INFO - [2026-04-26T23:21:28.354+0000] {dag.py:3096} INFO - Sync 1 DAGs
[2026-04-26T23:21:28.362+0000] {logging_mixin.py:188} INFO - [2026-04-26T23:21:28.362+0000] {dag.py:3954} INFO - Setting next_dagrun for example_trigger_target_dag to None, run_after=None
[2026-04-26T23:21:28.372+0000] {processor.py:183} INFO - Processing /home/airflow/.local/lib/python3.12/site-packages/airflow/example_dags/example_trigger_target_dag.py took 0.037 seconds
[2026-04-26T23:21:59.406+0000] {processor.py:161} INFO - Started process (PID=1668) to work on /home/airflow/.local/lib/python3.12/site-packages/airflow/example_dags/example_trigger_target_dag.py
[2026-04-26T23:21:59.407+0000] {processor.py:830} INFO - Processing file /home/airflow/.local/lib/python3.12/site-packages/airflow/example_dags/example_trigger_target_dag.py for tasks to queue
[2026-04-26T23:21:59.408+0000] {logging_mixin.py:188} INFO - [2026-04-26T23:21:59.408+0000] {dagbag.py:545} INFO - Filling up the DagBag from /home/airflow/.local/lib/python3.12/site-packages/airflow/example_dags/example_trigger_target_dag.py
[2026-04-26T23:21:59.411+0000] {processor.py:840} INFO - DAG(s) 'example_trigger_target_dag' retrieved from /home/airflow/.local/lib/python3.12/site-packages/airflow/example_dags/example_trigger_target_dag.py
[2026-04-26T23:21:59.421+0000] {logging_mixin.py:188} INFO - [2026-04-26T23:21:59.421+0000] {dag.py:3096} INFO - Sync 1 DAGs
[2026-04-26T23:21:59.428+0000] {logging_mixin.py:188} INFO - [2026-04-26T23:21:59.428+0000] {dag.py:3954} INFO - Setting next_dagrun for example_trigger_target_dag to None, run_after=None
[2026-04-26T23:21:59.436+0000] {processor.py:183} INFO - Processing /home/airflow/.local/lib/python3.12/site-packages/airflow/example_dags/example_trigger_target_dag.py took 0.033 seconds
[2026-04-26T23:22:29.834+0000] {processor.py:161} INFO - Started process (PID=1727) to work on /home/airflow/.local/lib/python3.12/site-packages/airflow/example_dags/example_trigger_target_dag.py
[2026-04-26T23:22:29.834+0000] {processor.py:830} INFO - Processing file /home/airflow/.local/lib/python3.12/site-packages/airflow/example_dags/example_trigger_target_dag.py for tasks to queue
[2026-04-26T23:22:29.835+0000] {logging_mixin.py:188} INFO - [2026-04-26T23:22:29.835+0000] {dagbag.py:545} INFO - Filling up the DagBag from /home/airflow/.local/lib/python3.12/site-packages/airflow/example_dags/example_trigger_target_dag.py
[2026-04-26T23:22:29.839+0000] {processor.py:840} INFO - DAG(s) 'example_trigger_target_dag' retrieved from /home/airflow/.local/lib/python3.12/site-packages/airflow/example_dags/example_trigger_target_dag.py
[2026-04-26T23:22:29.851+0000] {logging_mixin.py:188} INFO - [2026-04-26T23:22:29.851+0000] {dag.py:3096} INFO - Sync 1 DAGs
[2026-04-26T23:22:29.858+0000] {logging_mixin.py:188} INFO - [2026-04-26T23:22:29.858+0000] {dag.py:3954} INFO - Setting next_dagrun for example_trigger_target_dag to None, run_after=None
[2026-04-26T23:22:29.868+0000] {processor.py:183} INFO - Processing /home/airflow/.local/lib/python3.12/site-packages/airflow/example_dags/example_trigger_target_dag.py took 0.038 seconds
[2026-04-26T23:23:00.025+0000] {processor.py:161} INFO - Started process (PID=1787) to work on /home/airflow/.local/lib/python3.12/site-packages/airflow/example_dags/example_trigger_target_dag.py
[2026-04-26T23:23:00.025+0000] {processor.py:830} INFO - Processing file /home/airflow/.local/lib/python3.12/site-packages/airflow/example_dags/example_trigger_target_dag.py for tasks to queue
[2026-04-26T23:23:00.026+0000] {logging_mixin.py:188} INFO - [2026-04-26T23:23:00.026+0000] {dagbag.py:545} INFO - Filling up the DagBag from /home/airflow/.local/lib/python3.12/site-packages/airflow/example_dags/example_trigger_target_dag.py
[2026-04-26T23:23:00.030+0000] {processor.py:840} INFO - DAG(s) 'example_trigger_target_dag' retrieved from /home/airflow/.local/lib/python3.12/site-packages/airflow/example_dags/example_trigger_target_dag.py
[2026-04-26T23:23:00.040+0000] {logging_mixin.py:188} INFO - [2026-04-26T23:23:00.040+0000] {dag.py:3096} INFO - Sync 1 DAGs
[2026-04-26T23:23:00.048+0000] {logging_mixin.py:188} INFO - [2026-04-26T23:23:00.048+0000] {dag.py:3954} INFO - Setting next_dagrun for example_trigger_target_dag to None, run_after=None
[2026-04-26T23:23:00.058+0000] {processor.py:183} INFO - Processing /home/airflow/.local/lib/python3.12/site-packages/airflow/example_dags/example_trigger_target_dag.py took 0.037 seconds
[2026-04-26T23:23:30.830+0000] {processor.py:161} INFO - Started process (PID=1846) to work on /home/airflow/.local/lib/python3.12/site-packages/airflow/example_dags/example_trigger_target_dag.py
[2026-04-26T23:23:30.831+0000] {processor.py:830} INFO - Processing file /home/airflow/.local/lib/python3.12/site-packages/airflow/example_dags/example_trigger_target_dag.py for tasks to queue
[2026-04-26T23:23:30.832+0000] {logging_mixin.py:188} INFO - [2026-04-26T23:23:30.831+0000] {dagbag.py:545} INFO - Filling up the DagBag from /home/airflow/.local/lib/python3.12/site-packages/airflow/example_dags/example_trigger_target_dag.py
[2026-04-26T23:23:30.835+0000] {processor.py:840} INFO - DAG(s) 'example_trigger_target_dag' retrieved from /home/airflow/.local/lib/python3.12/site-packages/airflow/example_dags/example_trigger_target_dag.py
[2026-04-26T23:23:30.845+0000] {logging_mixin.py:188} INFO - [2026-04-26T23:23:30.845+0000] {dag.py:3096} INFO - Sync 1 DAGs
[2026-04-26T23:23:30.852+0000] {logging_mixin.py:188} INFO - [2026-04-26T23:23:30.852+0000] {dag.py:3954} INFO - Setting next_dagrun for example_trigger_target_dag to None, run_after=None
[2026-04-26T23:23:30.860+0000] {processor.py:183} INFO - Processing /home/airflow/.local/lib/python3.12/site-packages/airflow/example_dags/example_trigger_target_dag.py took 0.033 seconds
[2026-04-26T23:24:02.348+0000] {processor.py:161} INFO - Started process (PID=1905) to work on /home/airflow/.local/lib/python3.12/site-packages/airflow/example_dags/example_trigger_target_dag.py
[2026-04-26T23:24:02.349+0000] {processor.py:830} INFO - Processing file /home/airflow/.local/lib/python3.12/site-packages/airflow/example_dags/example_trigger_target_dag.py for tasks to queue
[2026-04-26T23:24:02.350+0000] {logging_mixin.py:188} INFO - [2026-04-26T23:24:02.349+0000] {dagbag.py:545} INFO - Filling up the DagBag from /home/airflow/.local/lib/python3.12/site-packages/airflow/example_dags/example_trigger_target_dag.py
[2026-04-26T23:24:02.353+0000] {processor.py:840} INFO - DAG(s) 'example_trigger_target_dag' retrieved from /home/airflow/.local/lib/python3.12/site-packages/airflow/example_dags/example_trigger_target_dag.py
[2026-04-26T23:24:02.363+0000] {logging_mixin.py:188} INFO - [2026-04-26T23:24:02.363+0000] {dag.py:3096} INFO - Sync 1 DAGs
[2026-04-26T23:24:02.370+0000] {logging_mixin.py:188} INFO - [2026-04-26T23:24:02.370+0000] {dag.py:3954} INFO - Setting next_dagrun for example_trigger_target_dag to None, run_after=None
[2026-04-26T23:24:02.380+0000] {processor.py:183} INFO - Processing /home/airflow/.local/lib/python3.12/site-packages/airflow/example_dags/example_trigger_target_dag.py took 0.035 seconds
[2026-04-26T23:24:34.264+0000] {processor.py:161} INFO - Started process (PID=1965) to work on /home/airflow/.local/lib/python3.12/site-packages/airflow/example_dags/example_trigger_target_dag.py
[2026-04-26T23:24:34.265+0000] {processor.py:830} INFO - Processing file /home/airflow/.local/lib/python3.12/site-packages/airflow/example_dags/example_trigger_target_dag.py for tasks to queue
[2026-04-26T23:24:34.266+0000] {logging_mixin.py:188} INFO - [2026-04-26T23:24:34.266+0000] {dagbag.py:545} INFO - Filling up the DagBag from /home/airflow/.local/lib/python3.12/site-packages/airflow/example_dags/example_trigger_target_dag.py
[2026-04-26T23:24:34.269+0000] {processor.py:840} INFO - DAG(s) 'example_trigger_target_dag' retrieved from /home/airflow/.local/lib/python3.12/site-packages/airflow/example_dags/example_trigger_target_dag.py
[2026-04-26T23:24:34.373+0000] {logging_mixin.py:188} INFO - [2026-04-26T23:24:34.373+0000] {dag.py:3096} INFO - Sync 1 DAGs
[2026-04-26T23:24:34.379+0000] {logging_mixin.py:188} INFO - [2026-04-26T23:24:34.379+0000] {dag.py:3954} INFO - Setting next_dagrun for example_trigger_target_dag to None, run_after=None
[2026-04-26T23:24:34.394+0000] {processor.py:183} INFO - Processing /home/airflow/.local/lib/python3.12/site-packages/airflow/example_dags/example_trigger_target_dag.py took 0.132 seconds
[2026-04-26T23:25:04.563+0000] {processor.py:161} INFO - Started process (PID=2025) to work on /home/airflow/.local/lib/python3.12/site-packages/airflow/example_dags/example_trigger_target_dag.py
[2026-04-26T23:25:04.563+0000] {processor.py:830} INFO - Processing file /home/airflow/.local/lib/python3.12/site-packages/airflow/example_dags/example_trigger_target_dag.py for tasks to queue
[2026-04-26T23:25:04.564+0000] {logging_mixin.py:188} INFO - [2026-04-26T23:25:04.564+0000] {dagbag.py:545} INFO - Filling up the DagBag from /home/airflow/.local/lib/python3.12/site-packages/airflow/example_dags/example_trigger_target_dag.py
[2026-04-26T23:25:04.567+0000] {processor.py:840} INFO - DAG(s) 'example_trigger_target_dag' retrieved from /home/airflow/.local/lib/python3.12/site-packages/airflow/example_dags/example_trigger_target_dag.py
[2026-04-26T23:25:04.579+0000] {logging_mixin.py:188} INFO - [2026-04-26T23:25:04.579+0000] {dag.py:3096} INFO - Sync 1 DAGs
[2026-04-26T23:25:04.586+0000] {logging_mixin.py:188} INFO - [2026-04-26T23:25:04.586+0000] {dag.py:3954} INFO - Setting next_dagrun for example_trigger_target_dag to None, run_after=None
[2026-04-26T23:25:04.596+0000] {processor.py:183} INFO - Processing /home/airflow/.local/lib/python3.12/site-packages/airflow/example_dags/example_trigger_target_dag.py took 0.037 seconds
[2026-04-26T23:25:35.295+0000] {processor.py:161} INFO - Started process (PID=2084) to work on /home/airflow/.local/lib/python3.12/site-packages/airflow/example_dags/example_trigger_target_dag.py
[2026-04-26T23:25:35.295+0000] {processor.py:830} INFO - Processing file /home/airflow/.local/lib/python3.12/site-packages/airflow/example_dags/example_trigger_target_dag.py for tasks to queue
[2026-04-26T23:25:35.296+0000] {logging_mixin.py:188} INFO - [2026-04-26T23:25:35.296+0000] {dagbag.py:545} INFO - Filling up the DagBag from /home/airflow/.local/lib/python3.12/site-packages/airflow/example_dags/example_trigger_target_dag.py
[2026-04-26T23:25:35.301+0000] {processor.py:840} INFO - DAG(s) 'example_trigger_target_dag' retrieved from /home/airflow/.local/lib/python3.12/site-packages/airflow/example_dags/example_trigger_target_dag.py
[2026-04-26T23:25:35.312+0000] {logging_mixin.py:188} INFO - [2026-04-26T23:25:35.312+0000] {dag.py:3096} INFO - Sync 1 DAGs
[2026-04-26T23:25:35.318+0000] {logging_mixin.py:188} INFO - [2026-04-26T23:25:35.318+0000] {dag.py:3954} INFO - Setting next_dagrun for example_trigger_target_dag to None, run_after=None
[2026-04-26T23:25:35.328+0000] {processor.py:183} INFO - Processing /home/airflow/.local/lib/python3.12/site-packages/airflow/example_dags/example_trigger_target_dag.py took 0.036 seconds
[2026-04-26T23:26:06.046+0000] {processor.py:161} INFO - Started process (PID=2143) to work on /home/airflow/.local/lib/python3.12/site-packages/airflow/example_dags/example_trigger_target_dag.py
[2026-04-26T23:26:06.047+0000] {processor.py:830} INFO - Processing file /home/airflow/.local/lib/python3.12/site-packages/airflow/example_dags/example_trigger_target_dag.py for tasks to queue
[2026-04-26T23:26:06.048+0000] {logging_mixin.py:188} INFO - [2026-04-26T23:26:06.048+0000] {dagbag.py:545} INFO - Filling up the DagBag from /home/airflow/.local/lib/python3.12/site-packages/airflow/example_dags/example_trigger_target_dag.py
[2026-04-26T23:26:06.052+0000] {processor.py:840} INFO - DAG(s) 'example_trigger_target_dag' retrieved from /home/airflow/.local/lib/python3.12/site-packages/airflow/example_dags/example_trigger_target_dag.py
[2026-04-26T23:26:06.063+0000] {logging_mixin.py:188} INFO - [2026-04-26T23:26:06.063+0000] {dag.py:3096} INFO - Sync 1 DAGs
[2026-04-26T23:26:06.070+0000] {logging_mixin.py:188} INFO - [2026-04-26T23:26:06.070+0000] {dag.py:3954} INFO - Setting next_dagrun for example_trigger_target_dag to None, run_after=None
[2026-04-26T23:26:06.080+0000] {processor.py:183} INFO - Processing /home/airflow/.local/lib/python3.12/site-packages/airflow/example_dags/example_trigger_target_dag.py took 0.037 seconds
[2026-04-26T23:26:36.866+0000] {processor.py:161} INFO - Started process (PID=2202) to work on /home/airflow/.local/lib/python3.12/site-packages/airflow/example_dags/example_trigger_target_dag.py
[2026-04-26T23:26:36.866+0000] {processor.py:830} INFO - Processing file /home/airflow/.local/lib/python3.12/site-packages/airflow/example_dags/example_trigger_target_dag.py for tasks to queue
[2026-04-26T23:26:36.867+0000] {logging_mixin.py:188} INFO - [2026-04-26T23:26:36.867+0000] {dagbag.py:545} INFO - Filling up the DagBag from /home/airflow/.local/lib/python3.12/site-packages/airflow/example_dags/example_trigger_target_dag.py
[2026-04-26T23:26:36.871+0000] {processor.py:840} INFO - DAG(s) 'example_trigger_target_dag' retrieved from /home/airflow/.local/lib/python3.12/site-packages/airflow/example_dags/example_trigger_target_dag.py
[2026-04-26T23:26:36.883+0000] {logging_mixin.py:188} INFO - [2026-04-26T23:26:36.882+0000] {dag.py:3096} INFO - Sync 1 DAGs
[2026-04-26T23:26:36.890+0000] {logging_mixin.py:188} INFO - [2026-04-26T23:26:36.890+0000] {dag.py:3954} INFO - Setting next_dagrun for example_trigger_target_dag to None, run_after=None
[2026-04-26T23:26:36.899+0000] {processor.py:183} INFO - Processing /home/airflow/.local/lib/python3.12/site-packages/airflow/example_dags/example_trigger_target_dag.py took 0.037 seconds
[2026-04-26T23:27:07.619+0000] {processor.py:161} INFO - Started process (PID=2261) to work on /home/airflow/.local/lib/python3.12/site-packages/airflow/example_dags/example_trigger_target_dag.py
[2026-04-26T23:27:07.620+0000] {processor.py:830} INFO - Processing file /home/airflow/.local/lib/python3.12/site-packages/airflow/example_dags/example_trigger_target_dag.py for tasks to queue
[2026-04-26T23:27:07.621+0000] {logging_mixin.py:188} INFO - [2026-04-26T23:27:07.620+0000] {dagbag.py:545} INFO - Filling up the DagBag from /home/airflow/.local/lib/python3.12/site-packages/airflow/example_dags/example_trigger_target_dag.py
[2026-04-26T23:27:07.624+0000] {processor.py:840} INFO - DAG(s) 'example_trigger_target_dag' retrieved from /home/airflow/.local/lib/python3.12/site-packages/airflow/example_dags/example_trigger_target_dag.py
[2026-04-26T23:27:07.635+0000] {logging_mixin.py:188} INFO - [2026-04-26T23:27:07.635+0000] {dag.py:3096} INFO - Sync 1 DAGs
[2026-04-26T23:27:07.643+0000] {logging_mixin.py:188} INFO - [2026-04-26T23:27:07.642+0000] {dag.py:3954} INFO - Setting next_dagrun for example_trigger_target_dag to None, run_after=None
[2026-04-26T23:27:07.653+0000] {processor.py:183} INFO - Processing /home/airflow/.local/lib/python3.12/site-packages/airflow/example_dags/example_trigger_target_dag.py took 0.037 seconds
[2026-04-26T23:27:38.331+0000] {processor.py:161} INFO - Started process (PID=2320) to work on /home/airflow/.local/lib/python3.12/site-packages/airflow/example_dags/example_trigger_target_dag.py
[2026-04-26T23:27:38.331+0000] {processor.py:830} INFO - Processing file /home/airflow/.local/lib/python3.12/site-packages/airflow/example_dags/example_trigger_target_dag.py for tasks to queue
[2026-04-26T23:27:38.332+0000] {logging_mixin.py:188} INFO - [2026-04-26T23:27:38.332+0000] {dagbag.py:545} INFO - Filling up the DagBag from /home/airflow/.local/lib/python3.12/site-packages/airflow/example_dags/example_trigger_target_dag.py
[2026-04-26T23:27:38.336+0000] {processor.py:840} INFO - DAG(s) 'example_trigger_target_dag' retrieved from /home/airflow/.local/lib/python3.12/site-packages/airflow/example_dags/example_trigger_target_dag.py
[2026-04-26T23:27:38.348+0000] {logging_mixin.py:188} INFO - [2026-04-26T23:27:38.348+0000] {dag.py:3096} INFO - Sync 1 DAGs
[2026-04-26T23:27:38.356+0000] {logging_mixin.py:188} INFO - [2026-04-26T23:27:38.356+0000] {dag.py:3954} INFO - Setting next_dagrun for example_trigger_target_dag to None, run_after=None
[2026-04-26T23:27:38.365+0000] {processor.py:183} INFO - Processing /home/airflow/.local/lib/python3.12/site-packages/airflow/example_dags/example_trigger_target_dag.py took 0.037 seconds
[2026-04-26T23:28:09.084+0000] {processor.py:161} INFO - Started process (PID=2379) to work on /home/airflow/.local/lib/python3.12/site-packages/airflow/example_dags/example_trigger_target_dag.py
[2026-04-26T23:28:09.085+0000] {processor.py:830} INFO - Processing file /home/airflow/.local/lib/python3.12/site-packages/airflow/example_dags/example_trigger_target_dag.py for tasks to queue
[2026-04-26T23:28:09.086+0000] {logging_mixin.py:188} INFO - [2026-04-26T23:28:09.086+0000] {dagbag.py:545} INFO - Filling up the DagBag from /home/airflow/.local/lib/python3.12/site-packages/airflow/example_dags/example_trigger_target_dag.py
[2026-04-26T23:28:09.090+0000] {processor.py:840} INFO - DAG(s) 'example_trigger_target_dag' retrieved from /home/airflow/.local/lib/python3.12/site-packages/airflow/example_dags/example_trigger_target_dag.py
[2026-04-26T23:28:09.101+0000] {logging_mixin.py:188} INFO - [2026-04-26T23:28:09.101+0000] {dag.py:3096} INFO - Sync 1 DAGs
[2026-04-26T23:28:09.108+0000] {logging_mixin.py:188} INFO - [2026-04-26T23:28:09.108+0000] {dag.py:3954} INFO - Setting next_dagrun for example_trigger_target_dag to None, run_after=None
[2026-04-26T23:28:09.118+0000] {processor.py:183} INFO - Processing /home/airflow/.local/lib/python3.12/site-packages/airflow/example_dags/example_trigger_target_dag.py took 0.038 seconds
[2026-04-26T23:28:40.069+0000] {processor.py:161} INFO - Started process (PID=2438) to work on /home/airflow/.local/lib/python3.12/site-packages/airflow/example_dags/example_trigger_target_dag.py
[2026-04-26T23:28:40.070+0000] {processor.py:830} INFO - Processing file /home/airflow/.local/lib/python3.12/site-packages/airflow/example_dags/example_trigger_target_dag.py for tasks to queue
[2026-04-26T23:28:40.071+0000] {logging_mixin.py:188} INFO - [2026-04-26T23:28:40.071+0000] {dagbag.py:545} INFO - Filling up the DagBag from /home/airflow/.local/lib/python3.12/site-packages/airflow/example_dags/example_trigger_target_dag.py
[2026-04-26T23:28:40.075+0000] {processor.py:840} INFO - DAG(s) 'example_trigger_target_dag' retrieved from /home/airflow/.local/lib/python3.12/site-packages/airflow/example_dags/example_trigger_target_dag.py
[2026-04-26T23:28:40.087+0000] {logging_mixin.py:188} INFO - [2026-04-26T23:28:40.087+0000] {dag.py:3096} INFO - Sync 1 DAGs
[2026-04-26T23:28:40.095+0000] {logging_mixin.py:188} INFO - [2026-04-26T23:28:40.095+0000] {dag.py:3954} INFO - Setting next_dagrun for example_trigger_target_dag to None, run_after=None
[2026-04-26T23:28:40.104+0000] {processor.py:183} INFO - Processing /home/airflow/.local/lib/python3.12/site-packages/airflow/example_dags/example_trigger_target_dag.py took 0.039 seconds
[2026-04-26T23:29:10.165+0000] {processor.py:161} INFO - Started process (PID=2497) to work on /home/airflow/.local/lib/python3.12/site-packages/airflow/example_dags/example_trigger_target_dag.py
[2026-04-26T23:29:10.165+0000] {processor.py:830} INFO - Processing file /home/airflow/.local/lib/python3.12/site-packages/airflow/example_dags/example_trigger_target_dag.py for tasks to queue
[2026-04-26T23:29:10.167+0000] {logging_mixin.py:188} INFO - [2026-04-26T23:29:10.167+0000] {dagbag.py:545} INFO - Filling up the DagBag from /home/airflow/.local/lib/python3.12/site-packages/airflow/example_dags/example_trigger_target_dag.py
[2026-04-26T23:29:10.172+0000] {processor.py:840} INFO - DAG(s) 'example_trigger_target_dag' retrieved from /home/airflow/.local/lib/python3.12/site-packages/airflow/example_dags/example_trigger_target_dag.py
[2026-04-26T23:29:10.185+0000] {logging_mixin.py:188} INFO - [2026-04-26T23:29:10.185+0000] {dag.py:3096} INFO - Sync 1 DAGs
[2026-04-26T23:29:10.193+0000] {logging_mixin.py:188} INFO - [2026-04-26T23:29:10.193+0000] {dag.py:3954} INFO - Setting next_dagrun for example_trigger_target_dag to None, run_after=None
[2026-04-26T23:29:10.204+0000] {processor.py:183} INFO - Processing /home/airflow/.local/lib/python3.12/site-packages/airflow/example_dags/example_trigger_target_dag.py took 0.045 seconds
[2026-04-26T23:29:40.884+0000] {processor.py:161} INFO - Started process (PID=2556) to work on /home/airflow/.local/lib/python3.12/site-packages/airflow/example_dags/example_trigger_target_dag.py
[2026-04-26T23:29:40.884+0000] {processor.py:830} INFO - Processing file /home/airflow/.local/lib/python3.12/site-packages/airflow/example_dags/example_trigger_target_dag.py for tasks to queue
[2026-04-26T23:29:40.885+0000] {logging_mixin.py:188} INFO - [2026-04-26T23:29:40.885+0000] {dagbag.py:545} INFO - Filling up the DagBag from /home/airflow/.local/lib/python3.12/site-packages/airflow/example_dags/example_trigger_target_dag.py
[2026-04-26T23:29:40.889+0000] {processor.py:840} INFO - DAG(s) 'example_trigger_target_dag' retrieved from /home/airflow/.local/lib/python3.12/site-packages/airflow/example_dags/example_trigger_target_dag.py
[2026-04-26T23:29:40.900+0000] {logging_mixin.py:188} INFO - [2026-04-26T23:29:40.899+0000] {dag.py:3096} INFO - Sync 1 DAGs
[2026-04-26T23:29:40.906+0000] {logging_mixin.py:188} INFO - [2026-04-26T23:29:40.906+0000] {dag.py:3954} INFO - Setting next_dagrun for example_trigger_target_dag to None, run_after=None
[2026-04-26T23:29:40.916+0000] {processor.py:183} INFO - Processing /home/airflow/.local/lib/python3.12/site-packages/airflow/example_dags/example_trigger_target_dag.py took 0.036 seconds
[2026-04-26T23:30:11.667+0000] {processor.py:161} INFO - Started process (PID=2615) to work on /home/airflow/.local/lib/python3.12/site-packages/airflow/example_dags/example_trigger_target_dag.py
[2026-04-26T23:30:11.667+0000] {processor.py:830} INFO - Processing file /home/airflow/.local/lib/python3.12/site-packages/airflow/example_dags/example_trigger_target_dag.py for tasks to queue
[2026-04-26T23:30:11.668+0000] {logging_mixin.py:188} INFO - [2026-04-26T23:30:11.668+0000] {dagbag.py:545} INFO - Filling up the DagBag from /home/airflow/.local/lib/python3.12/site-packages/airflow/example_dags/example_trigger_target_dag.py
[2026-04-26T23:30:11.672+0000] {processor.py:840} INFO - DAG(s) 'example_trigger_target_dag' retrieved from /home/airflow/.local/lib/python3.12/site-packages/airflow/example_dags/example_trigger_target_dag.py
[2026-04-26T23:30:11.683+0000] {logging_mixin.py:188} INFO - [2026-04-26T23:30:11.683+0000] {dag.py:3096} INFO - Sync 1 DAGs
[2026-04-26T23:30:11.691+0000] {logging_mixin.py:188} INFO - [2026-04-26T23:30:11.690+0000] {dag.py:3954} INFO - Setting next_dagrun for example_trigger_target_dag to None, run_after=None
[2026-04-26T23:30:11.701+0000] {processor.py:183} INFO - Processing /home/airflow/.local/lib/python3.12/site-packages/airflow/example_dags/example_trigger_target_dag.py took 0.038 seconds
[2026-04-26T23:30:42.438+0000] {processor.py:161} INFO - Started process (PID=2674) to work on /home/airflow/.local/lib/python3.12/site-packages/airflow/example_dags/example_trigger_target_dag.py
[2026-04-26T23:30:42.438+0000] {processor.py:830} INFO - Processing file /home/airflow/.local/lib/python3.12/site-packages/airflow/example_dags/example_trigger_target_dag.py for tasks to queue
[2026-04-26T23:30:42.440+0000] {logging_mixin.py:188} INFO - [2026-04-26T23:30:42.439+0000] {dagbag.py:545} INFO - Filling up the DagBag from /home/airflow/.local/lib/python3.12/site-packages/airflow/example_dags/example_trigger_target_dag.py
[2026-04-26T23:30:42.443+0000] {processor.py:840} INFO - DAG(s) 'example_trigger_target_dag' retrieved from /home/airflow/.local/lib/python3.12/site-packages/airflow/example_dags/example_trigger_target_dag.py
[2026-04-26T23:30:42.455+0000] {logging_mixin.py:188} INFO - [2026-04-26T23:30:42.455+0000] {dag.py:3096} INFO - Sync 1 DAGs
[2026-04-26T23:30:42.462+0000] {logging_mixin.py:188} INFO - [2026-04-26T23:30:42.462+0000] {dag.py:3954} INFO - Setting next_dagrun for example_trigger_target_dag to None, run_after=None
[2026-04-26T23:30:42.472+0000] {processor.py:183} INFO - Processing /home/airflow/.local/lib/python3.12/site-packages/airflow/example_dags/example_trigger_target_dag.py took 0.038 seconds
[2026-04-26T23:31:13.144+0000] {processor.py:161} INFO - Started process (PID=2733) to work on /home/airflow/.local/lib/python3.12/site-packages/airflow/example_dags/example_trigger_target_dag.py
[2026-04-26T23:31:13.145+0000] {processor.py:830} INFO - Processing file /home/airflow/.local/lib/python3.12/site-packages/airflow/example_dags/example_trigger_target_dag.py for tasks to queue
[2026-04-26T23:31:13.146+0000] {logging_mixin.py:188} INFO - [2026-04-26T23:31:13.146+0000] {dagbag.py:545} INFO - Filling up the DagBag from /home/airflow/.local/lib/python3.12/site-packages/airflow/example_dags/example_trigger_target_dag.py
[2026-04-26T23:31:13.149+0000] {processor.py:840} INFO - DAG(s) 'example_trigger_target_dag' retrieved from /home/airflow/.local/lib/python3.12/site-packages/airflow/example_dags/example_trigger_target_dag.py
[2026-04-26T23:31:13.160+0000] {logging_mixin.py:188} INFO - [2026-04-26T23:31:13.160+0000] {dag.py:3096} INFO - Sync 1 DAGs
[2026-04-26T23:31:13.168+0000] {logging_mixin.py:188} INFO - [2026-04-26T23:31:13.168+0000] {dag.py:3954} INFO - Setting next_dagrun for example_trigger_target_dag to None, run_after=None
[2026-04-26T23:31:13.177+0000] {processor.py:183} INFO - Processing /home/airflow/.local/lib/python3.12/site-packages/airflow/example_dags/example_trigger_target_dag.py took 0.037 seconds
[2026-04-26T23:31:43.882+0000] {processor.py:161} INFO - Started process (PID=2792) to work on /home/airflow/.local/lib/python3.12/site-packages/airflow/example_dags/example_trigger_target_dag.py
[2026-04-26T23:31:43.883+0000] {processor.py:830} INFO - Processing file /home/airflow/.local/lib/python3.12/site-packages/airflow/example_dags/example_trigger_target_dag.py for tasks to queue
[2026-04-26T23:31:43.884+0000] {logging_mixin.py:188} INFO - [2026-04-26T23:31:43.884+0000] {dagbag.py:545} INFO - Filling up the DagBag from /home/airflow/.local/lib/python3.12/site-packages/airflow/example_dags/example_trigger_target_dag.py
[2026-04-26T23:31:43.888+0000] {processor.py:840} INFO - DAG(s) 'example_trigger_target_dag' retrieved from /home/airflow/.local/lib/python3.12/site-packages/airflow/example_dags/example_trigger_target_dag.py
[2026-04-26T23:31:43.898+0000] {logging_mixin.py:188} INFO - [2026-04-26T23:31:43.898+0000] {dag.py:3096} INFO - Sync 1 DAGs
[2026-04-26T23:31:43.905+0000] {logging_mixin.py:188} INFO - [2026-04-26T23:31:43.905+0000] {dag.py:3954} INFO - Setting next_dagrun for example_trigger_target_dag to None, run_after=None
[2026-04-26T23:31:43.915+0000] {processor.py:183} INFO - Processing /home/airflow/.local/lib/python3.12/site-packages/airflow/example_dags/example_trigger_target_dag.py took 0.036 seconds
[2026-04-26T23:32:14.809+0000] {processor.py:161} INFO - Started process (PID=2851) to work on /home/airflow/.local/lib/python3.12/site-packages/airflow/example_dags/example_trigger_target_dag.py
[2026-04-26T23:32:14.809+0000] {processor.py:830} INFO - Processing file /home/airflow/.local/lib/python3.12/site-packages/airflow/example_dags/example_trigger_target_dag.py for tasks to queue
[2026-04-26T23:32:14.810+0000] {logging_mixin.py:188} INFO - [2026-04-26T23:32:14.810+0000] {dagbag.py:545} INFO - Filling up the DagBag from /home/airflow/.local/lib/python3.12/site-packages/airflow/example_dags/example_trigger_target_dag.py
[2026-04-26T23:32:14.813+0000] {processor.py:840} INFO - DAG(s) 'example_trigger_target_dag' retrieved from /home/airflow/.local/lib/python3.12/site-packages/airflow/example_dags/example_trigger_target_dag.py
[2026-04-26T23:32:14.823+0000] {logging_mixin.py:188} INFO - [2026-04-26T23:32:14.823+0000] {dag.py:3096} INFO - Sync 1 DAGs
[2026-04-26T23:32:14.830+0000] {logging_mixin.py:188} INFO - [2026-04-26T23:32:14.830+0000] {dag.py:3954} INFO - Setting next_dagrun for example_trigger_target_dag to None, run_after=None
[2026-04-26T23:32:14.838+0000] {processor.py:183} INFO - Processing /home/airflow/.local/lib/python3.12/site-packages/airflow/example_dags/example_trigger_target_dag.py took 0.034 seconds
[2026-04-26T23:32:45.101+0000] {processor.py:161} INFO - Started process (PID=2910) to work on /home/airflow/.local/lib/python3.12/site-packages/airflow/example_dags/example_trigger_target_dag.py
[2026-04-26T23:32:45.102+0000] {processor.py:830} INFO - Processing file /home/airflow/.local/lib/python3.12/site-packages/airflow/example_dags/example_trigger_target_dag.py for tasks to queue
[2026-04-26T23:32:45.103+0000] {logging_mixin.py:188} INFO - [2026-04-26T23:32:45.103+0000] {dagbag.py:545} INFO - Filling up the DagBag from /home/airflow/.local/lib/python3.12/site-packages/airflow/example_dags/example_trigger_target_dag.py
[2026-04-26T23:32:45.106+0000] {processor.py:840} INFO - DAG(s) 'example_trigger_target_dag' retrieved from /home/airflow/.local/lib/python3.12/site-packages/airflow/example_dags/example_trigger_target_dag.py
[2026-04-26T23:32:45.116+0000] {logging_mixin.py:188} INFO - [2026-04-26T23:32:45.116+0000] {dag.py:3096} INFO - Sync 1 DAGs
[2026-04-26T23:32:45.122+0000] {logging_mixin.py:188} INFO - [2026-04-26T23:32:45.122+0000] {dag.py:3954} INFO - Setting next_dagrun for example_trigger_target_dag to None, run_after=None
[2026-04-26T23:32:45.131+0000] {processor.py:183} INFO - Processing /home/airflow/.local/lib/python3.12/site-packages/airflow/example_dags/example_trigger_target_dag.py took 0.033 seconds
[2026-04-26T23:33:16.152+0000] {processor.py:161} INFO - Started process (PID=2969) to work on /home/airflow/.local/lib/python3.12/site-packages/airflow/example_dags/example_trigger_target_dag.py
[2026-04-26T23:33:16.152+0000] {processor.py:830} INFO - Processing file /home/airflow/.local/lib/python3.12/site-packages/airflow/example_dags/example_trigger_target_dag.py for tasks to queue
[2026-04-26T23:33:16.154+0000] {logging_mixin.py:188} INFO - [2026-04-26T23:33:16.153+0000] {dagbag.py:545} INFO - Filling up the DagBag from /home/airflow/.local/lib/python3.12/site-packages/airflow/example_dags/example_trigger_target_dag.py
[2026-04-26T23:33:16.157+0000] {processor.py:840} INFO - DAG(s) 'example_trigger_target_dag' retrieved from /home/airflow/.local/lib/python3.12/site-packages/airflow/example_dags/example_trigger_target_dag.py
[2026-04-26T23:33:16.170+0000] {logging_mixin.py:188} INFO - [2026-04-26T23:33:16.170+0000] {dag.py:3096} INFO - Sync 1 DAGs
[2026-04-26T23:33:16.179+0000] {logging_mixin.py:188} INFO - [2026-04-26T23:33:16.179+0000] {dag.py:3954} INFO - Setting next_dagrun for example_trigger_target_dag to None, run_after=None
[2026-04-26T23:33:16.190+0000] {processor.py:183} INFO - Processing /home/airflow/.local/lib/python3.12/site-packages/airflow/example_dags/example_trigger_target_dag.py took 0.043 seconds
[2026-04-26T23:33:47.197+0000] {processor.py:161} INFO - Started process (PID=3033) to work on /home/airflow/.local/lib/python3.12/site-packages/airflow/example_dags/example_trigger_target_dag.py
[2026-04-26T23:33:47.197+0000] {processor.py:830} INFO - Processing file /home/airflow/.local/lib/python3.12/site-packages/airflow/example_dags/example_trigger_target_dag.py for tasks to queue
[2026-04-26T23:33:47.199+0000] {logging_mixin.py:188} INFO - [2026-04-26T23:33:47.198+0000] {dagbag.py:545} INFO - Filling up the DagBag from /home/airflow/.local/lib/python3.12/site-packages/airflow/example_dags/example_trigger_target_dag.py
[2026-04-26T23:33:47.203+0000] {processor.py:840} INFO - DAG(s) 'example_trigger_target_dag' retrieved from /home/airflow/.local/lib/python3.12/site-packages/airflow/example_dags/example_trigger_target_dag.py
[2026-04-26T23:33:47.214+0000] {logging_mixin.py:188} INFO - [2026-04-26T23:33:47.214+0000] {dag.py:3096} INFO - Sync 1 DAGs
[2026-04-26T23:33:47.222+0000] {logging_mixin.py:188} INFO - [2026-04-26T23:33:47.222+0000] {dag.py:3954} INFO - Setting next_dagrun for example_trigger_target_dag to None, run_after=None
[2026-04-26T23:33:47.231+0000] {processor.py:183} INFO - Processing /home/airflow/.local/lib/python3.12/site-packages/airflow/example_dags/example_trigger_target_dag.py took 0.038 seconds
[2026-04-26T23:34:17.316+0000] {processor.py:161} INFO - Started process (PID=3092) to work on /home/airflow/.local/lib/python3.12/site-packages/airflow/example_dags/example_trigger_target_dag.py
[2026-04-26T23:34:17.316+0000] {processor.py:830} INFO - Processing file /home/airflow/.local/lib/python3.12/site-packages/airflow/example_dags/example_trigger_target_dag.py for tasks to queue
[2026-04-26T23:34:17.317+0000] {logging_mixin.py:188} INFO - [2026-04-26T23:34:17.317+0000] {dagbag.py:545} INFO - Filling up the DagBag from /home/airflow/.local/lib/python3.12/site-packages/airflow/example_dags/example_trigger_target_dag.py
[2026-04-26T23:34:17.321+0000] {processor.py:840} INFO - DAG(s) 'example_trigger_target_dag' retrieved from /home/airflow/.local/lib/python3.12/site-packages/airflow/example_dags/example_trigger_target_dag.py
[2026-04-26T23:34:17.332+0000] {logging_mixin.py:188} INFO - [2026-04-26T23:34:17.332+0000] {dag.py:3096} INFO - Sync 1 DAGs
[2026-04-26T23:34:17.339+0000] {logging_mixin.py:188} INFO - [2026-04-26T23:34:17.338+0000] {dag.py:3954} INFO - Setting next_dagrun for example_trigger_target_dag to None, run_after=None
[2026-04-26T23:34:17.349+0000] {processor.py:183} INFO - Processing /home/airflow/.local/lib/python3.12/site-packages/airflow/example_dags/example_trigger_target_dag.py took 0.037 seconds
[2026-04-26T23:34:47.441+0000] {processor.py:161} INFO - Started process (PID=3151) to work on /home/airflow/.local/lib/python3.12/site-packages/airflow/example_dags/example_trigger_target_dag.py
[2026-04-26T23:34:47.442+0000] {processor.py:830} INFO - Processing file /home/airflow/.local/lib/python3.12/site-packages/airflow/example_dags/example_trigger_target_dag.py for tasks to queue
[2026-04-26T23:34:47.443+0000] {logging_mixin.py:188} INFO - [2026-04-26T23:34:47.443+0000] {dagbag.py:545} INFO - Filling up the DagBag from /home/airflow/.local/lib/python3.12/site-packages/airflow/example_dags/example_trigger_target_dag.py
[2026-04-26T23:34:47.447+0000] {processor.py:840} INFO - DAG(s) 'example_trigger_target_dag' retrieved from /home/airflow/.local/lib/python3.12/site-packages/airflow/example_dags/example_trigger_target_dag.py
[2026-04-26T23:34:47.459+0000] {logging_mixin.py:188} INFO - [2026-04-26T23:34:47.459+0000] {dag.py:3096} INFO - Sync 1 DAGs
[2026-04-26T23:34:47.467+0000] {logging_mixin.py:188} INFO - [2026-04-26T23:34:47.467+0000] {dag.py:3954} INFO - Setting next_dagrun for example_trigger_target_dag to None, run_after=None
[2026-04-26T23:34:47.477+0000] {processor.py:183} INFO - Processing /home/airflow/.local/lib/python3.12/site-packages/airflow/example_dags/example_trigger_target_dag.py took 0.040 seconds
[2026-04-26T23:35:18.083+0000] {processor.py:161} INFO - Started process (PID=3210) to work on /home/airflow/.local/lib/python3.12/site-packages/airflow/example_dags/example_trigger_target_dag.py
[2026-04-26T23:35:18.083+0000] {processor.py:830} INFO - Processing file /home/airflow/.local/lib/python3.12/site-packages/airflow/example_dags/example_trigger_target_dag.py for tasks to queue
[2026-04-26T23:35:18.084+0000] {logging_mixin.py:188} INFO - [2026-04-26T23:35:18.084+0000] {dagbag.py:545} INFO - Filling up the DagBag from /home/airflow/.local/lib/python3.12/site-packages/airflow/example_dags/example_trigger_target_dag.py
[2026-04-26T23:35:18.088+0000] {processor.py:840} INFO - DAG(s) 'example_trigger_target_dag' retrieved from /home/airflow/.local/lib/python3.12/site-packages/airflow/example_dags/example_trigger_target_dag.py
[2026-04-26T23:35:18.099+0000] {logging_mixin.py:188} INFO - [2026-04-26T23:35:18.099+0000] {dag.py:3096} INFO - Sync 1 DAGs
[2026-04-26T23:35:18.107+0000] {logging_mixin.py:188} INFO - [2026-04-26T23:35:18.107+0000] {dag.py:3954} INFO - Setting next_dagrun for example_trigger_target_dag to None, run_after=None
[2026-04-26T23:35:18.118+0000] {processor.py:183} INFO - Processing /home/airflow/.local/lib/python3.12/site-packages/airflow/example_dags/example_trigger_target_dag.py took 0.039 seconds
[2026-04-26T23:35:48.886+0000] {processor.py:161} INFO - Started process (PID=3269) to work on /home/airflow/.local/lib/python3.12/site-packages/airflow/example_dags/example_trigger_target_dag.py
[2026-04-26T23:35:48.887+0000] {processor.py:830} INFO - Processing file /home/airflow/.local/lib/python3.12/site-packages/airflow/example_dags/example_trigger_target_dag.py for tasks to queue
[2026-04-26T23:35:48.888+0000] {logging_mixin.py:188} INFO - [2026-04-26T23:35:48.888+0000] {dagbag.py:545} INFO - Filling up the DagBag from /home/airflow/.local/lib/python3.12/site-packages/airflow/example_dags/example_trigger_target_dag.py
[2026-04-26T23:35:48.892+0000] {processor.py:840} INFO - DAG(s) 'example_trigger_target_dag' retrieved from /home/airflow/.local/lib/python3.12/site-packages/airflow/example_dags/example_trigger_target_dag.py
[2026-04-26T23:35:48.904+0000] {logging_mixin.py:188} INFO - [2026-04-26T23:35:48.904+0000] {dag.py:3096} INFO - Sync 1 DAGs
[2026-04-26T23:35:48.913+0000] {logging_mixin.py:188} INFO - [2026-04-26T23:35:48.912+0000] {dag.py:3954} INFO - Setting next_dagrun for example_trigger_target_dag to None, run_after=None
[2026-04-26T23:35:48.924+0000] {processor.py:183} INFO - Processing /home/airflow/.local/lib/python3.12/site-packages/airflow/example_dags/example_trigger_target_dag.py took 0.041 seconds
[2026-04-26T23:36:19.534+0000] {processor.py:161} INFO - Started process (PID=3328) to work on /home/airflow/.local/lib/python3.12/site-packages/airflow/example_dags/example_trigger_target_dag.py
[2026-04-26T23:36:19.534+0000] {processor.py:830} INFO - Processing file /home/airflow/.local/lib/python3.12/site-packages/airflow/example_dags/example_trigger_target_dag.py for tasks to queue
[2026-04-26T23:36:19.535+0000] {logging_mixin.py:188} INFO - [2026-04-26T23:36:19.535+0000] {dagbag.py:545} INFO - Filling up the DagBag from /home/airflow/.local/lib/python3.12/site-packages/airflow/example_dags/example_trigger_target_dag.py
[2026-04-26T23:36:19.539+0000] {processor.py:840} INFO - DAG(s) 'example_trigger_target_dag' retrieved from /home/airflow/.local/lib/python3.12/site-packages/airflow/example_dags/example_trigger_target_dag.py
[2026-04-26T23:36:19.550+0000] {logging_mixin.py:188} INFO - [2026-04-26T23:36:19.550+0000] {dag.py:3096} INFO - Sync 1 DAGs
[2026-04-26T23:36:19.556+0000] {logging_mixin.py:188} INFO - [2026-04-26T23:36:19.556+0000] {dag.py:3954} INFO - Setting next_dagrun for example_trigger_target_dag to None, run_after=None
[2026-04-26T23:36:19.567+0000] {processor.py:183} INFO - Processing /home/airflow/.local/lib/python3.12/site-packages/airflow/example_dags/example_trigger_target_dag.py took 0.037 seconds
[2026-04-26T23:36:50.264+0000] {processor.py:161} INFO - Started process (PID=3387) to work on /home/airflow/.local/lib/python3.12/site-packages/airflow/example_dags/example_trigger_target_dag.py
[2026-04-26T23:36:50.265+0000] {processor.py:830} INFO - Processing file /home/airflow/.local/lib/python3.12/site-packages/airflow/example_dags/example_trigger_target_dag.py for tasks to queue
[2026-04-26T23:36:50.266+0000] {logging_mixin.py:188} INFO - [2026-04-26T23:36:50.266+0000] {dagbag.py:545} INFO - Filling up the DagBag from /home/airflow/.local/lib/python3.12/site-packages/airflow/example_dags/example_trigger_target_dag.py
[2026-04-26T23:36:50.270+0000] {processor.py:840} INFO - DAG(s) 'example_trigger_target_dag' retrieved from /home/airflow/.local/lib/python3.12/site-packages/airflow/example_dags/example_trigger_target_dag.py
[2026-04-26T23:36:50.282+0000] {logging_mixin.py:188} INFO - [2026-04-26T23:36:50.282+0000] {dag.py:3096} INFO - Sync 1 DAGs
[2026-04-26T23:36:50.289+0000] {logging_mixin.py:188} INFO - [2026-04-26T23:36:50.289+0000] {dag.py:3954} INFO - Setting next_dagrun for example_trigger_target_dag to None, run_after=None
[2026-04-26T23:36:50.299+0000] {processor.py:183} INFO - Processing /home/airflow/.local/lib/python3.12/site-packages/airflow/example_dags/example_trigger_target_dag.py took 0.038 seconds
[2026-04-26T23:37:20.995+0000] {processor.py:161} INFO - Started process (PID=3452) to work on /home/airflow/.local/lib/python3.12/site-packages/airflow/example_dags/example_trigger_target_dag.py
[2026-04-26T23:37:20.995+0000] {processor.py:830} INFO - Processing file /home/airflow/.local/lib/python3.12/site-packages/airflow/example_dags/example_trigger_target_dag.py for tasks to queue
[2026-04-26T23:37:20.996+0000] {logging_mixin.py:188} INFO - [2026-04-26T23:37:20.996+0000] {dagbag.py:545} INFO - Filling up the DagBag from /home/airflow/.local/lib/python3.12/site-packages/airflow/example_dags/example_trigger_target_dag.py
[2026-04-26T23:37:21.001+0000] {processor.py:840} INFO - DAG(s) 'example_trigger_target_dag' retrieved from /home/airflow/.local/lib/python3.12/site-packages/airflow/example_dags/example_trigger_target_dag.py
[2026-04-26T23:37:21.014+0000] {logging_mixin.py:188} INFO - [2026-04-26T23:37:21.014+0000] {dag.py:3096} INFO - Sync 1 DAGs
[2026-04-26T23:37:21.022+0000] {logging_mixin.py:188} INFO - [2026-04-26T23:37:21.022+0000] {dag.py:3954} INFO - Setting next_dagrun for example_trigger_target_dag to None, run_after=None
[2026-04-26T23:37:21.033+0000] {processor.py:183} INFO - Processing /home/airflow/.local/lib/python3.12/site-packages/airflow/example_dags/example_trigger_target_dag.py took 0.042 seconds
[2026-04-26T23:37:51.764+0000] {processor.py:161} INFO - Started process (PID=3511) to work on /home/airflow/.local/lib/python3.12/site-packages/airflow/example_dags/example_trigger_target_dag.py
[2026-04-26T23:37:51.764+0000] {processor.py:830} INFO - Processing file /home/airflow/.local/lib/python3.12/site-packages/airflow/example_dags/example_trigger_target_dag.py for tasks to queue
[2026-04-26T23:37:51.765+0000] {logging_mixin.py:188} INFO - [2026-04-26T23:37:51.765+0000] {dagbag.py:545} INFO - Filling up the DagBag from /home/airflow/.local/lib/python3.12/site-packages/airflow/example_dags/example_trigger_target_dag.py
[2026-04-26T23:37:51.769+0000] {processor.py:840} INFO - DAG(s) 'example_trigger_target_dag' retrieved from /home/airflow/.local/lib/python3.12/site-packages/airflow/example_dags/example_trigger_target_dag.py
[2026-04-26T23:37:51.781+0000] {logging_mixin.py:188} INFO - [2026-04-26T23:37:51.781+0000] {dag.py:3096} INFO - Sync 1 DAGs
[2026-04-26T23:37:51.788+0000] {logging_mixin.py:188} INFO - [2026-04-26T23:37:51.788+0000] {dag.py:3954} INFO - Setting next_dagrun for example_trigger_target_dag to None, run_after=None
[2026-04-26T23:37:51.798+0000] {processor.py:183} INFO - Processing /home/airflow/.local/lib/python3.12/site-packages/airflow/example_dags/example_trigger_target_dag.py took 0.038 seconds
[2026-04-26T23:38:22.454+0000] {processor.py:161} INFO - Started process (PID=3570) to work on /home/airflow/.local/lib/python3.12/site-packages/airflow/example_dags/example_trigger_target_dag.py
[2026-04-26T23:38:22.455+0000] {processor.py:830} INFO - Processing file /home/airflow/.local/lib/python3.12/site-packages/airflow/example_dags/example_trigger_target_dag.py for tasks to queue
[2026-04-26T23:38:22.456+0000] {logging_mixin.py:188} INFO - [2026-04-26T23:38:22.456+0000] {dagbag.py:545} INFO - Filling up the DagBag from /home/airflow/.local/lib/python3.12/site-packages/airflow/example_dags/example_trigger_target_dag.py
[2026-04-26T23:38:22.461+0000] {processor.py:840} INFO - DAG(s) 'example_trigger_target_dag' retrieved from /home/airflow/.local/lib/python3.12/site-packages/airflow/example_dags/example_trigger_target_dag.py
[2026-04-26T23:38:22.475+0000] {logging_mixin.py:188} INFO - [2026-04-26T23:38:22.474+0000] {dag.py:3096} INFO - Sync 1 DAGs
[2026-04-26T23:38:22.484+0000] {logging_mixin.py:188} INFO - [2026-04-26T23:38:22.484+0000] {dag.py:3954} INFO - Setting next_dagrun for example_trigger_target_dag to None, run_after=None
[2026-04-26T23:38:22.496+0000] {processor.py:183} INFO - Processing /home/airflow/.local/lib/python3.12/site-packages/airflow/example_dags/example_trigger_target_dag.py took 0.046 seconds
[2026-04-26T23:38:47.387+0000] {processor.py:161} INFO - Started process (PID=112) to work on /home/airflow/.local/lib/python3.12/site-packages/airflow/example_dags/example_trigger_target_dag.py
[2026-04-26T23:38:47.388+0000] {processor.py:830} INFO - Processing file /home/airflow/.local/lib/python3.12/site-packages/airflow/example_dags/example_trigger_target_dag.py for tasks to queue
[2026-04-26T23:38:47.389+0000] {logging_mixin.py:188} INFO - [2026-04-26T23:38:47.388+0000] {dagbag.py:545} INFO - Filling up the DagBag from /home/airflow/.local/lib/python3.12/site-packages/airflow/example_dags/example_trigger_target_dag.py
[2026-04-26T23:38:47.393+0000] {processor.py:840} INFO - DAG(s) 'example_trigger_target_dag' retrieved from /home/airflow/.local/lib/python3.12/site-packages/airflow/example_dags/example_trigger_target_dag.py
[2026-04-26T23:38:47.400+0000] {logging_mixin.py:188} INFO - [2026-04-26T23:38:47.400+0000] {dag.py:3096} INFO - Sync 1 DAGs
[2026-04-26T23:38:47.410+0000] {logging_mixin.py:188} INFO - [2026-04-26T23:38:47.410+0000] {dag.py:3954} INFO - Setting next_dagrun for example_trigger_target_dag to None, run_after=None
[2026-04-26T23:38:47.422+0000] {processor.py:183} INFO - Processing /home/airflow/.local/lib/python3.12/site-packages/airflow/example_dags/example_trigger_target_dag.py took 0.039 seconds
[2026-04-26T23:39:18.916+0000] {processor.py:161} INFO - Started process (PID=171) to work on /home/airflow/.local/lib/python3.12/site-packages/airflow/example_dags/example_trigger_target_dag.py
[2026-04-26T23:39:18.916+0000] {processor.py:830} INFO - Processing file /home/airflow/.local/lib/python3.12/site-packages/airflow/example_dags/example_trigger_target_dag.py for tasks to queue
[2026-04-26T23:39:18.917+0000] {logging_mixin.py:188} INFO - [2026-04-26T23:39:18.917+0000] {dagbag.py:545} INFO - Filling up the DagBag from /home/airflow/.local/lib/python3.12/site-packages/airflow/example_dags/example_trigger_target_dag.py
[2026-04-26T23:39:18.921+0000] {processor.py:840} INFO - DAG(s) 'example_trigger_target_dag' retrieved from /home/airflow/.local/lib/python3.12/site-packages/airflow/example_dags/example_trigger_target_dag.py
[2026-04-26T23:39:18.974+0000] {logging_mixin.py:188} INFO - [2026-04-26T23:39:18.974+0000] {dag.py:3096} INFO - Sync 1 DAGs
[2026-04-26T23:39:18.980+0000] {logging_mixin.py:188} INFO - [2026-04-26T23:39:18.980+0000] {dag.py:3954} INFO - Setting next_dagrun for example_trigger_target_dag to None, run_after=None
[2026-04-26T23:39:19.007+0000] {processor.py:183} INFO - Processing /home/airflow/.local/lib/python3.12/site-packages/airflow/example_dags/example_trigger_target_dag.py took 0.095 seconds
[2026-04-26T23:39:49.867+0000] {processor.py:161} INFO - Started process (PID=230) to work on /home/airflow/.local/lib/python3.12/site-packages/airflow/example_dags/example_trigger_target_dag.py
[2026-04-26T23:39:49.868+0000] {processor.py:830} INFO - Processing file /home/airflow/.local/lib/python3.12/site-packages/airflow/example_dags/example_trigger_target_dag.py for tasks to queue
[2026-04-26T23:39:49.869+0000] {logging_mixin.py:188} INFO - [2026-04-26T23:39:49.869+0000] {dagbag.py:545} INFO - Filling up the DagBag from /home/airflow/.local/lib/python3.12/site-packages/airflow/example_dags/example_trigger_target_dag.py
[2026-04-26T23:39:49.872+0000] {processor.py:840} INFO - DAG(s) 'example_trigger_target_dag' retrieved from /home/airflow/.local/lib/python3.12/site-packages/airflow/example_dags/example_trigger_target_dag.py
[2026-04-26T23:39:49.882+0000] {logging_mixin.py:188} INFO - [2026-04-26T23:39:49.882+0000] {dag.py:3096} INFO - Sync 1 DAGs
[2026-04-26T23:39:49.889+0000] {logging_mixin.py:188} INFO - [2026-04-26T23:39:49.889+0000] {dag.py:3954} INFO - Setting next_dagrun for example_trigger_target_dag to None, run_after=None
[2026-04-26T23:39:49.898+0000] {processor.py:183} INFO - Processing /home/airflow/.local/lib/python3.12/site-packages/airflow/example_dags/example_trigger_target_dag.py took 0.034 seconds
[2026-04-26T23:40:20.657+0000] {processor.py:161} INFO - Started process (PID=289) to work on /home/airflow/.local/lib/python3.12/site-packages/airflow/example_dags/example_trigger_target_dag.py
[2026-04-26T23:40:20.657+0000] {processor.py:830} INFO - Processing file /home/airflow/.local/lib/python3.12/site-packages/airflow/example_dags/example_trigger_target_dag.py for tasks to queue
[2026-04-26T23:40:20.658+0000] {logging_mixin.py:188} INFO - [2026-04-26T23:40:20.658+0000] {dagbag.py:545} INFO - Filling up the DagBag from /home/airflow/.local/lib/python3.12/site-packages/airflow/example_dags/example_trigger_target_dag.py
[2026-04-26T23:40:20.661+0000] {processor.py:840} INFO - DAG(s) 'example_trigger_target_dag' retrieved from /home/airflow/.local/lib/python3.12/site-packages/airflow/example_dags/example_trigger_target_dag.py
[2026-04-26T23:40:20.671+0000] {logging_mixin.py:188} INFO - [2026-04-26T23:40:20.671+0000] {dag.py:3096} INFO - Sync 1 DAGs
[2026-04-26T23:40:20.678+0000] {logging_mixin.py:188} INFO - [2026-04-26T23:40:20.678+0000] {dag.py:3954} INFO - Setting next_dagrun for example_trigger_target_dag to None, run_after=None
[2026-04-26T23:40:20.688+0000] {processor.py:183} INFO - Processing /home/airflow/.local/lib/python3.12/site-packages/airflow/example_dags/example_trigger_target_dag.py took 0.034 seconds
[2026-04-26T23:40:50.836+0000] {processor.py:161} INFO - Started process (PID=348) to work on /home/airflow/.local/lib/python3.12/site-packages/airflow/example_dags/example_trigger_target_dag.py
[2026-04-26T23:40:50.837+0000] {processor.py:830} INFO - Processing file /home/airflow/.local/lib/python3.12/site-packages/airflow/example_dags/example_trigger_target_dag.py for tasks to queue
[2026-04-26T23:40:50.838+0000] {logging_mixin.py:188} INFO - [2026-04-26T23:40:50.838+0000] {dagbag.py:545} INFO - Filling up the DagBag from /home/airflow/.local/lib/python3.12/site-packages/airflow/example_dags/example_trigger_target_dag.py
[2026-04-26T23:40:50.841+0000] {processor.py:840} INFO - DAG(s) 'example_trigger_target_dag' retrieved from /home/airflow/.local/lib/python3.12/site-packages/airflow/example_dags/example_trigger_target_dag.py
[2026-04-26T23:40:50.853+0000] {logging_mixin.py:188} INFO - [2026-04-26T23:40:50.853+0000] {dag.py:3096} INFO - Sync 1 DAGs
[2026-04-26T23:40:50.859+0000] {logging_mixin.py:188} INFO - [2026-04-26T23:40:50.859+0000] {dag.py:3954} INFO - Setting next_dagrun for example_trigger_target_dag to None, run_after=None
[2026-04-26T23:40:50.868+0000] {processor.py:183} INFO - Processing /home/airflow/.local/lib/python3.12/site-packages/airflow/example_dags/example_trigger_target_dag.py took 0.035 seconds
[2026-04-26T23:41:21.677+0000] {processor.py:161} INFO - Started process (PID=407) to work on /home/airflow/.local/lib/python3.12/site-packages/airflow/example_dags/example_trigger_target_dag.py
[2026-04-26T23:41:21.677+0000] {processor.py:830} INFO - Processing file /home/airflow/.local/lib/python3.12/site-packages/airflow/example_dags/example_trigger_target_dag.py for tasks to queue
[2026-04-26T23:41:21.678+0000] {logging_mixin.py:188} INFO - [2026-04-26T23:41:21.678+0000] {dagbag.py:545} INFO - Filling up the DagBag from /home/airflow/.local/lib/python3.12/site-packages/airflow/example_dags/example_trigger_target_dag.py
[2026-04-26T23:41:21.682+0000] {processor.py:840} INFO - DAG(s) 'example_trigger_target_dag' retrieved from /home/airflow/.local/lib/python3.12/site-packages/airflow/example_dags/example_trigger_target_dag.py
[2026-04-26T23:41:21.694+0000] {logging_mixin.py:188} INFO - [2026-04-26T23:41:21.694+0000] {dag.py:3096} INFO - Sync 1 DAGs
[2026-04-26T23:41:21.701+0000] {logging_mixin.py:188} INFO - [2026-04-26T23:41:21.701+0000] {dag.py:3954} INFO - Setting next_dagrun for example_trigger_target_dag to None, run_after=None
[2026-04-26T23:41:21.711+0000] {processor.py:183} INFO - Processing /home/airflow/.local/lib/python3.12/site-packages/airflow/example_dags/example_trigger_target_dag.py took 0.038 seconds
[2026-04-26T23:41:51.865+0000] {processor.py:161} INFO - Started process (PID=466) to work on /home/airflow/.local/lib/python3.12/site-packages/airflow/example_dags/example_trigger_target_dag.py
[2026-04-26T23:41:51.867+0000] {processor.py:830} INFO - Processing file /home/airflow/.local/lib/python3.12/site-packages/airflow/example_dags/example_trigger_target_dag.py for tasks to queue
[2026-04-26T23:41:51.868+0000] {logging_mixin.py:188} INFO - [2026-04-26T23:41:51.868+0000] {dagbag.py:545} INFO - Filling up the DagBag from /home/airflow/.local/lib/python3.12/site-packages/airflow/example_dags/example_trigger_target_dag.py
[2026-04-26T23:41:51.872+0000] {processor.py:840} INFO - DAG(s) 'example_trigger_target_dag' retrieved from /home/airflow/.local/lib/python3.12/site-packages/airflow/example_dags/example_trigger_target_dag.py
[2026-04-26T23:41:51.883+0000] {logging_mixin.py:188} INFO - [2026-04-26T23:41:51.883+0000] {dag.py:3096} INFO - Sync 1 DAGs
[2026-04-26T23:41:51.889+0000] {logging_mixin.py:188} INFO - [2026-04-26T23:41:51.889+0000] {dag.py:3954} INFO - Setting next_dagrun for example_trigger_target_dag to None, run_after=None
[2026-04-26T23:41:51.899+0000] {processor.py:183} INFO - Processing /home/airflow/.local/lib/python3.12/site-packages/airflow/example_dags/example_trigger_target_dag.py took 0.038 seconds
[2026-04-26T23:42:22.027+0000] {processor.py:161} INFO - Started process (PID=525) to work on /home/airflow/.local/lib/python3.12/site-packages/airflow/example_dags/example_trigger_target_dag.py
[2026-04-26T23:42:22.027+0000] {processor.py:830} INFO - Processing file /home/airflow/.local/lib/python3.12/site-packages/airflow/example_dags/example_trigger_target_dag.py for tasks to queue
[2026-04-26T23:42:22.029+0000] {logging_mixin.py:188} INFO - [2026-04-26T23:42:22.028+0000] {dagbag.py:545} INFO - Filling up the DagBag from /home/airflow/.local/lib/python3.12/site-packages/airflow/example_dags/example_trigger_target_dag.py
[2026-04-26T23:42:22.032+0000] {processor.py:840} INFO - DAG(s) 'example_trigger_target_dag' retrieved from /home/airflow/.local/lib/python3.12/site-packages/airflow/example_dags/example_trigger_target_dag.py
[2026-04-26T23:42:22.043+0000] {logging_mixin.py:188} INFO - [2026-04-26T23:42:22.043+0000] {dag.py:3096} INFO - Sync 1 DAGs
[2026-04-26T23:42:22.051+0000] {logging_mixin.py:188} INFO - [2026-04-26T23:42:22.050+0000] {dag.py:3954} INFO - Setting next_dagrun for example_trigger_target_dag to None, run_after=None
[2026-04-26T23:42:22.061+0000] {processor.py:183} INFO - Processing /home/airflow/.local/lib/python3.12/site-packages/airflow/example_dags/example_trigger_target_dag.py took 0.037 seconds
[2026-04-26T23:43:22.042+0000] {processor.py:161} INFO - Started process (PID=112) to work on /home/airflow/.local/lib/python3.12/site-packages/airflow/example_dags/example_trigger_target_dag.py
[2026-04-26T23:43:22.042+0000] {processor.py:830} INFO - Processing file /home/airflow/.local/lib/python3.12/site-packages/airflow/example_dags/example_trigger_target_dag.py for tasks to queue
[2026-04-26T23:43:22.043+0000] {logging_mixin.py:188} INFO - [2026-04-26T23:43:22.043+0000] {dagbag.py:545} INFO - Filling up the DagBag from /home/airflow/.local/lib/python3.12/site-packages/airflow/example_dags/example_trigger_target_dag.py
[2026-04-26T23:43:22.047+0000] {processor.py:840} INFO - DAG(s) 'example_trigger_target_dag' retrieved from /home/airflow/.local/lib/python3.12/site-packages/airflow/example_dags/example_trigger_target_dag.py
[2026-04-26T23:43:22.054+0000] {logging_mixin.py:188} INFO - [2026-04-26T23:43:22.054+0000] {dag.py:3096} INFO - Sync 1 DAGs
[2026-04-26T23:43:22.061+0000] {logging_mixin.py:188} INFO - [2026-04-26T23:43:22.061+0000] {dag.py:3954} INFO - Setting next_dagrun for example_trigger_target_dag to None, run_after=None
[2026-04-26T23:43:22.070+0000] {processor.py:183} INFO - Processing /home/airflow/.local/lib/python3.12/site-packages/airflow/example_dags/example_trigger_target_dag.py took 0.032 seconds
[2026-04-26T23:43:54.076+0000] {processor.py:161} INFO - Started process (PID=171) to work on /home/airflow/.local/lib/python3.12/site-packages/airflow/example_dags/example_trigger_target_dag.py
[2026-04-26T23:43:54.077+0000] {processor.py:830} INFO - Processing file /home/airflow/.local/lib/python3.12/site-packages/airflow/example_dags/example_trigger_target_dag.py for tasks to queue
[2026-04-26T23:43:54.078+0000] {logging_mixin.py:188} INFO - [2026-04-26T23:43:54.078+0000] {dagbag.py:545} INFO - Filling up the DagBag from /home/airflow/.local/lib/python3.12/site-packages/airflow/example_dags/example_trigger_target_dag.py
[2026-04-26T23:43:54.082+0000] {processor.py:840} INFO - DAG(s) 'example_trigger_target_dag' retrieved from /home/airflow/.local/lib/python3.12/site-packages/airflow/example_dags/example_trigger_target_dag.py
[2026-04-26T23:43:54.138+0000] {logging_mixin.py:188} INFO - [2026-04-26T23:43:54.138+0000] {dag.py:3096} INFO - Sync 1 DAGs
[2026-04-26T23:43:54.143+0000] {logging_mixin.py:188} INFO - [2026-04-26T23:43:54.143+0000] {dag.py:3954} INFO - Setting next_dagrun for example_trigger_target_dag to None, run_after=None
[2026-04-26T23:43:54.154+0000] {processor.py:183} INFO - Processing /home/airflow/.local/lib/python3.12/site-packages/airflow/example_dags/example_trigger_target_dag.py took 0.081 seconds
[2026-04-26T23:44:25.123+0000] {processor.py:161} INFO - Started process (PID=230) to work on /home/airflow/.local/lib/python3.12/site-packages/airflow/example_dags/example_trigger_target_dag.py
[2026-04-26T23:44:25.123+0000] {processor.py:830} INFO - Processing file /home/airflow/.local/lib/python3.12/site-packages/airflow/example_dags/example_trigger_target_dag.py for tasks to queue
[2026-04-26T23:44:25.124+0000] {logging_mixin.py:188} INFO - [2026-04-26T23:44:25.124+0000] {dagbag.py:545} INFO - Filling up the DagBag from /home/airflow/.local/lib/python3.12/site-packages/airflow/example_dags/example_trigger_target_dag.py
[2026-04-26T23:44:25.128+0000] {processor.py:840} INFO - DAG(s) 'example_trigger_target_dag' retrieved from /home/airflow/.local/lib/python3.12/site-packages/airflow/example_dags/example_trigger_target_dag.py
[2026-04-26T23:44:25.140+0000] {logging_mixin.py:188} INFO - [2026-04-26T23:44:25.140+0000] {dag.py:3096} INFO - Sync 1 DAGs
[2026-04-26T23:44:25.148+0000] {logging_mixin.py:188} INFO - [2026-04-26T23:44:25.148+0000] {dag.py:3954} INFO - Setting next_dagrun for example_trigger_target_dag to None, run_after=None
[2026-04-26T23:44:25.159+0000] {processor.py:183} INFO - Processing /home/airflow/.local/lib/python3.12/site-packages/airflow/example_dags/example_trigger_target_dag.py took 0.040 seconds
[2026-04-26T23:44:55.265+0000] {processor.py:161} INFO - Started process (PID=289) to work on /home/airflow/.local/lib/python3.12/site-packages/airflow/example_dags/example_trigger_target_dag.py
[2026-04-26T23:44:55.266+0000] {processor.py:830} INFO - Processing file /home/airflow/.local/lib/python3.12/site-packages/airflow/example_dags/example_trigger_target_dag.py for tasks to queue
[2026-04-26T23:44:55.267+0000] {logging_mixin.py:188} INFO - [2026-04-26T23:44:55.266+0000] {dagbag.py:545} INFO - Filling up the DagBag from /home/airflow/.local/lib/python3.12/site-packages/airflow/example_dags/example_trigger_target_dag.py
[2026-04-26T23:44:55.271+0000] {processor.py:840} INFO - DAG(s) 'example_trigger_target_dag' retrieved from /home/airflow/.local/lib/python3.12/site-packages/airflow/example_dags/example_trigger_target_dag.py
[2026-04-26T23:44:55.282+0000] {logging_mixin.py:188} INFO - [2026-04-26T23:44:55.282+0000] {dag.py:3096} INFO - Sync 1 DAGs
[2026-04-26T23:44:55.289+0000] {logging_mixin.py:188} INFO - [2026-04-26T23:44:55.289+0000] {dag.py:3954} INFO - Setting next_dagrun for example_trigger_target_dag to None, run_after=None
[2026-04-26T23:44:55.298+0000] {processor.py:183} INFO - Processing /home/airflow/.local/lib/python3.12/site-packages/airflow/example_dags/example_trigger_target_dag.py took 0.037 seconds
[2026-04-26T23:45:26.161+0000] {processor.py:161} INFO - Started process (PID=348) to work on /home/airflow/.local/lib/python3.12/site-packages/airflow/example_dags/example_trigger_target_dag.py
[2026-04-26T23:45:26.161+0000] {processor.py:830} INFO - Processing file /home/airflow/.local/lib/python3.12/site-packages/airflow/example_dags/example_trigger_target_dag.py for tasks to queue
[2026-04-26T23:45:26.162+0000] {logging_mixin.py:188} INFO - [2026-04-26T23:45:26.162+0000] {dagbag.py:545} INFO - Filling up the DagBag from /home/airflow/.local/lib/python3.12/site-packages/airflow/example_dags/example_trigger_target_dag.py
[2026-04-26T23:45:26.166+0000] {processor.py:840} INFO - DAG(s) 'example_trigger_target_dag' retrieved from /home/airflow/.local/lib/python3.12/site-packages/airflow/example_dags/example_trigger_target_dag.py
[2026-04-26T23:45:26.177+0000] {logging_mixin.py:188} INFO - [2026-04-26T23:45:26.177+0000] {dag.py:3096} INFO - Sync 1 DAGs
[2026-04-26T23:45:26.184+0000] {logging_mixin.py:188} INFO - [2026-04-26T23:45:26.184+0000] {dag.py:3954} INFO - Setting next_dagrun for example_trigger_target_dag to None, run_after=None
[2026-04-26T23:45:26.193+0000] {processor.py:183} INFO - Processing /home/airflow/.local/lib/python3.12/site-packages/airflow/example_dags/example_trigger_target_dag.py took 0.036 seconds
[2026-04-26T23:45:56.907+0000] {processor.py:161} INFO - Started process (PID=407) to work on /home/airflow/.local/lib/python3.12/site-packages/airflow/example_dags/example_trigger_target_dag.py
[2026-04-26T23:45:56.907+0000] {processor.py:830} INFO - Processing file /home/airflow/.local/lib/python3.12/site-packages/airflow/example_dags/example_trigger_target_dag.py for tasks to queue
[2026-04-26T23:45:56.908+0000] {logging_mixin.py:188} INFO - [2026-04-26T23:45:56.908+0000] {dagbag.py:545} INFO - Filling up the DagBag from /home/airflow/.local/lib/python3.12/site-packages/airflow/example_dags/example_trigger_target_dag.py
[2026-04-26T23:45:56.912+0000] {processor.py:840} INFO - DAG(s) 'example_trigger_target_dag' retrieved from /home/airflow/.local/lib/python3.12/site-packages/airflow/example_dags/example_trigger_target_dag.py
[2026-04-26T23:45:56.923+0000] {logging_mixin.py:188} INFO - [2026-04-26T23:45:56.923+0000] {dag.py:3096} INFO - Sync 1 DAGs
[2026-04-26T23:45:56.931+0000] {logging_mixin.py:188} INFO - [2026-04-26T23:45:56.931+0000] {dag.py:3954} INFO - Setting next_dagrun for example_trigger_target_dag to None, run_after=None
[2026-04-26T23:45:56.943+0000] {processor.py:183} INFO - Processing /home/airflow/.local/lib/python3.12/site-packages/airflow/example_dags/example_trigger_target_dag.py took 0.039 seconds
[2026-04-26T23:46:27.713+0000] {processor.py:161} INFO - Started process (PID=466) to work on /home/airflow/.local/lib/python3.12/site-packages/airflow/example_dags/example_trigger_target_dag.py
[2026-04-26T23:46:27.714+0000] {processor.py:830} INFO - Processing file /home/airflow/.local/lib/python3.12/site-packages/airflow/example_dags/example_trigger_target_dag.py for tasks to queue
[2026-04-26T23:46:27.715+0000] {logging_mixin.py:188} INFO - [2026-04-26T23:46:27.715+0000] {dagbag.py:545} INFO - Filling up the DagBag from /home/airflow/.local/lib/python3.12/site-packages/airflow/example_dags/example_trigger_target_dag.py
[2026-04-26T23:46:27.719+0000] {processor.py:840} INFO - DAG(s) 'example_trigger_target_dag' retrieved from /home/airflow/.local/lib/python3.12/site-packages/airflow/example_dags/example_trigger_target_dag.py
[2026-04-26T23:46:27.731+0000] {logging_mixin.py:188} INFO - [2026-04-26T23:46:27.731+0000] {dag.py:3096} INFO - Sync 1 DAGs
[2026-04-26T23:46:27.739+0000] {logging_mixin.py:188} INFO - [2026-04-26T23:46:27.739+0000] {dag.py:3954} INFO - Setting next_dagrun for example_trigger_target_dag to None, run_after=None
[2026-04-26T23:46:27.750+0000] {processor.py:183} INFO - Processing /home/airflow/.local/lib/python3.12/site-packages/airflow/example_dags/example_trigger_target_dag.py took 0.040 seconds
[2026-04-26T23:46:58.560+0000] {processor.py:161} INFO - Started process (PID=525) to work on /home/airflow/.local/lib/python3.12/site-packages/airflow/example_dags/example_trigger_target_dag.py
[2026-04-26T23:46:58.561+0000] {processor.py:830} INFO - Processing file /home/airflow/.local/lib/python3.12/site-packages/airflow/example_dags/example_trigger_target_dag.py for tasks to queue
[2026-04-26T23:46:58.562+0000] {logging_mixin.py:188} INFO - [2026-04-26T23:46:58.562+0000] {dagbag.py:545} INFO - Filling up the DagBag from /home/airflow/.local/lib/python3.12/site-packages/airflow/example_dags/example_trigger_target_dag.py
[2026-04-26T23:46:58.565+0000] {processor.py:840} INFO - DAG(s) 'example_trigger_target_dag' retrieved from /home/airflow/.local/lib/python3.12/site-packages/airflow/example_dags/example_trigger_target_dag.py
[2026-04-26T23:46:58.578+0000] {logging_mixin.py:188} INFO - [2026-04-26T23:46:58.578+0000] {dag.py:3096} INFO - Sync 1 DAGs
[2026-04-26T23:46:58.585+0000] {logging_mixin.py:188} INFO - [2026-04-26T23:46:58.585+0000] {dag.py:3954} INFO - Setting next_dagrun for example_trigger_target_dag to None, run_after=None
[2026-04-26T23:46:58.596+0000] {processor.py:183} INFO - Processing /home/airflow/.local/lib/python3.12/site-packages/airflow/example_dags/example_trigger_target_dag.py took 0.040 seconds
[2026-04-26T23:47:28.915+0000] {processor.py:161} INFO - Started process (PID=584) to work on /home/airflow/.local/lib/python3.12/site-packages/airflow/example_dags/example_trigger_target_dag.py
[2026-04-26T23:47:28.916+0000] {processor.py:830} INFO - Processing file /home/airflow/.local/lib/python3.12/site-packages/airflow/example_dags/example_trigger_target_dag.py for tasks to queue
[2026-04-26T23:47:28.917+0000] {logging_mixin.py:188} INFO - [2026-04-26T23:47:28.917+0000] {dagbag.py:545} INFO - Filling up the DagBag from /home/airflow/.local/lib/python3.12/site-packages/airflow/example_dags/example_trigger_target_dag.py
[2026-04-26T23:47:28.921+0000] {processor.py:840} INFO - DAG(s) 'example_trigger_target_dag' retrieved from /home/airflow/.local/lib/python3.12/site-packages/airflow/example_dags/example_trigger_target_dag.py
[2026-04-26T23:47:28.932+0000] {logging_mixin.py:188} INFO - [2026-04-26T23:47:28.932+0000] {dag.py:3096} INFO - Sync 1 DAGs
[2026-04-26T23:47:28.940+0000] {logging_mixin.py:188} INFO - [2026-04-26T23:47:28.940+0000] {dag.py:3954} INFO - Setting next_dagrun for example_trigger_target_dag to None, run_after=None
[2026-04-26T23:47:28.948+0000] {processor.py:183} INFO - Processing /home/airflow/.local/lib/python3.12/site-packages/airflow/example_dags/example_trigger_target_dag.py took 0.037 seconds
[2026-04-26T23:47:59.044+0000] {processor.py:161} INFO - Started process (PID=643) to work on /home/airflow/.local/lib/python3.12/site-packages/airflow/example_dags/example_trigger_target_dag.py
[2026-04-26T23:47:59.045+0000] {processor.py:830} INFO - Processing file /home/airflow/.local/lib/python3.12/site-packages/airflow/example_dags/example_trigger_target_dag.py for tasks to queue
[2026-04-26T23:47:59.046+0000] {logging_mixin.py:188} INFO - [2026-04-26T23:47:59.046+0000] {dagbag.py:545} INFO - Filling up the DagBag from /home/airflow/.local/lib/python3.12/site-packages/airflow/example_dags/example_trigger_target_dag.py
[2026-04-26T23:47:59.051+0000] {processor.py:840} INFO - DAG(s) 'example_trigger_target_dag' retrieved from /home/airflow/.local/lib/python3.12/site-packages/airflow/example_dags/example_trigger_target_dag.py
[2026-04-26T23:47:59.066+0000] {logging_mixin.py:188} INFO - [2026-04-26T23:47:59.066+0000] {dag.py:3096} INFO - Sync 1 DAGs
[2026-04-26T23:47:59.076+0000] {logging_mixin.py:188} INFO - [2026-04-26T23:47:59.076+0000] {dag.py:3954} INFO - Setting next_dagrun for example_trigger_target_dag to None, run_after=None
[2026-04-26T23:47:59.089+0000] {processor.py:183} INFO - Processing /home/airflow/.local/lib/python3.12/site-packages/airflow/example_dags/example_trigger_target_dag.py took 0.050 seconds
[2026-04-26T23:48:29.158+0000] {processor.py:161} INFO - Started process (PID=702) to work on /home/airflow/.local/lib/python3.12/site-packages/airflow/example_dags/example_trigger_target_dag.py
[2026-04-26T23:48:29.159+0000] {processor.py:830} INFO - Processing file /home/airflow/.local/lib/python3.12/site-packages/airflow/example_dags/example_trigger_target_dag.py for tasks to queue
[2026-04-26T23:48:29.160+0000] {logging_mixin.py:188} INFO - [2026-04-26T23:48:29.160+0000] {dagbag.py:545} INFO - Filling up the DagBag from /home/airflow/.local/lib/python3.12/site-packages/airflow/example_dags/example_trigger_target_dag.py
[2026-04-26T23:48:29.165+0000] {processor.py:840} INFO - DAG(s) 'example_trigger_target_dag' retrieved from /home/airflow/.local/lib/python3.12/site-packages/airflow/example_dags/example_trigger_target_dag.py
[2026-04-26T23:48:29.179+0000] {logging_mixin.py:188} INFO - [2026-04-26T23:48:29.179+0000] {dag.py:3096} INFO - Sync 1 DAGs
[2026-04-26T23:48:29.188+0000] {logging_mixin.py:188} INFO - [2026-04-26T23:48:29.188+0000] {dag.py:3954} INFO - Setting next_dagrun for example_trigger_target_dag to None, run_after=None
[2026-04-26T23:48:29.200+0000] {processor.py:183} INFO - Processing /home/airflow/.local/lib/python3.12/site-packages/airflow/example_dags/example_trigger_target_dag.py took 0.046 seconds
[2026-04-26T23:49:00.110+0000] {processor.py:161} INFO - Started process (PID=761) to work on /home/airflow/.local/lib/python3.12/site-packages/airflow/example_dags/example_trigger_target_dag.py
[2026-04-26T23:49:00.111+0000] {processor.py:830} INFO - Processing file /home/airflow/.local/lib/python3.12/site-packages/airflow/example_dags/example_trigger_target_dag.py for tasks to queue
[2026-04-26T23:49:00.112+0000] {logging_mixin.py:188} INFO - [2026-04-26T23:49:00.112+0000] {dagbag.py:545} INFO - Filling up the DagBag from /home/airflow/.local/lib/python3.12/site-packages/airflow/example_dags/example_trigger_target_dag.py
[2026-04-26T23:49:00.116+0000] {processor.py:840} INFO - DAG(s) 'example_trigger_target_dag' retrieved from /home/airflow/.local/lib/python3.12/site-packages/airflow/example_dags/example_trigger_target_dag.py
[2026-04-26T23:49:00.127+0000] {logging_mixin.py:188} INFO - [2026-04-26T23:49:00.127+0000] {dag.py:3096} INFO - Sync 1 DAGs
[2026-04-26T23:49:00.135+0000] {logging_mixin.py:188} INFO - [2026-04-26T23:49:00.135+0000] {dag.py:3954} INFO - Setting next_dagrun for example_trigger_target_dag to None, run_after=None
[2026-04-26T23:49:00.145+0000] {processor.py:183} INFO - Processing /home/airflow/.local/lib/python3.12/site-packages/airflow/example_dags/example_trigger_target_dag.py took 0.038 seconds
[2026-04-26T23:49:30.473+0000] {processor.py:161} INFO - Started process (PID=821) to work on /home/airflow/.local/lib/python3.12/site-packages/airflow/example_dags/example_trigger_target_dag.py
[2026-04-26T23:49:30.474+0000] {processor.py:830} INFO - Processing file /home/airflow/.local/lib/python3.12/site-packages/airflow/example_dags/example_trigger_target_dag.py for tasks to queue
[2026-04-26T23:49:30.475+0000] {logging_mixin.py:188} INFO - [2026-04-26T23:49:30.475+0000] {dagbag.py:545} INFO - Filling up the DagBag from /home/airflow/.local/lib/python3.12/site-packages/airflow/example_dags/example_trigger_target_dag.py
[2026-04-26T23:49:30.478+0000] {processor.py:840} INFO - DAG(s) 'example_trigger_target_dag' retrieved from /home/airflow/.local/lib/python3.12/site-packages/airflow/example_dags/example_trigger_target_dag.py
[2026-04-26T23:49:30.490+0000] {logging_mixin.py:188} INFO - [2026-04-26T23:49:30.489+0000] {dag.py:3096} INFO - Sync 1 DAGs
[2026-04-26T23:49:30.497+0000] {logging_mixin.py:188} INFO - [2026-04-26T23:49:30.497+0000] {dag.py:3954} INFO - Setting next_dagrun for example_trigger_target_dag to None, run_after=None
[2026-04-26T23:49:30.507+0000] {processor.py:183} INFO - Processing /home/airflow/.local/lib/python3.12/site-packages/airflow/example_dags/example_trigger_target_dag.py took 0.038 seconds
[2026-04-26T23:50:04.979+0000] {processor.py:161} INFO - Started process (PID=112) to work on /home/airflow/.local/lib/python3.12/site-packages/airflow/example_dags/example_trigger_target_dag.py
[2026-04-26T23:50:04.980+0000] {processor.py:830} INFO - Processing file /home/airflow/.local/lib/python3.12/site-packages/airflow/example_dags/example_trigger_target_dag.py for tasks to queue
[2026-04-26T23:50:04.981+0000] {logging_mixin.py:188} INFO - [2026-04-26T23:50:04.981+0000] {dagbag.py:545} INFO - Filling up the DagBag from /home/airflow/.local/lib/python3.12/site-packages/airflow/example_dags/example_trigger_target_dag.py
[2026-04-26T23:50:04.985+0000] {processor.py:840} INFO - DAG(s) 'example_trigger_target_dag' retrieved from /home/airflow/.local/lib/python3.12/site-packages/airflow/example_dags/example_trigger_target_dag.py
[2026-04-26T23:50:04.992+0000] {logging_mixin.py:188} INFO - [2026-04-26T23:50:04.991+0000] {dag.py:3096} INFO - Sync 1 DAGs
[2026-04-26T23:50:04.999+0000] {logging_mixin.py:188} INFO - [2026-04-26T23:50:04.999+0000] {dag.py:3954} INFO - Setting next_dagrun for example_trigger_target_dag to None, run_after=None
[2026-04-26T23:50:05.011+0000] {processor.py:183} INFO - Processing /home/airflow/.local/lib/python3.12/site-packages/airflow/example_dags/example_trigger_target_dag.py took 0.035 seconds
[2026-04-26T23:50:37.135+0000] {processor.py:161} INFO - Started process (PID=171) to work on /home/airflow/.local/lib/python3.12/site-packages/airflow/example_dags/example_trigger_target_dag.py
[2026-04-26T23:50:37.136+0000] {processor.py:830} INFO - Processing file /home/airflow/.local/lib/python3.12/site-packages/airflow/example_dags/example_trigger_target_dag.py for tasks to queue
[2026-04-26T23:50:37.137+0000] {logging_mixin.py:188} INFO - [2026-04-26T23:50:37.137+0000] {dagbag.py:545} INFO - Filling up the DagBag from /home/airflow/.local/lib/python3.12/site-packages/airflow/example_dags/example_trigger_target_dag.py
[2026-04-26T23:50:37.141+0000] {processor.py:840} INFO - DAG(s) 'example_trigger_target_dag' retrieved from /home/airflow/.local/lib/python3.12/site-packages/airflow/example_dags/example_trigger_target_dag.py
[2026-04-26T23:50:37.204+0000] {logging_mixin.py:188} INFO - [2026-04-26T23:50:37.204+0000] {dag.py:3096} INFO - Sync 1 DAGs
[2026-04-26T23:50:37.211+0000] {logging_mixin.py:188} INFO - [2026-04-26T23:50:37.211+0000] {dag.py:3954} INFO - Setting next_dagrun for example_trigger_target_dag to None, run_after=None
[2026-04-26T23:50:37.240+0000] {processor.py:183} INFO - Processing /home/airflow/.local/lib/python3.12/site-packages/airflow/example_dags/example_trigger_target_dag.py took 0.109 seconds
[2026-04-26T23:51:08.207+0000] {processor.py:161} INFO - Started process (PID=230) to work on /home/airflow/.local/lib/python3.12/site-packages/airflow/example_dags/example_trigger_target_dag.py
[2026-04-26T23:51:08.208+0000] {processor.py:830} INFO - Processing file /home/airflow/.local/lib/python3.12/site-packages/airflow/example_dags/example_trigger_target_dag.py for tasks to queue
[2026-04-26T23:51:08.209+0000] {logging_mixin.py:188} INFO - [2026-04-26T23:51:08.209+0000] {dagbag.py:545} INFO - Filling up the DagBag from /home/airflow/.local/lib/python3.12/site-packages/airflow/example_dags/example_trigger_target_dag.py
[2026-04-26T23:51:08.213+0000] {processor.py:840} INFO - DAG(s) 'example_trigger_target_dag' retrieved from /home/airflow/.local/lib/python3.12/site-packages/airflow/example_dags/example_trigger_target_dag.py
[2026-04-26T23:51:08.225+0000] {logging_mixin.py:188} INFO - [2026-04-26T23:51:08.225+0000] {dag.py:3096} INFO - Sync 1 DAGs
[2026-04-26T23:51:08.232+0000] {logging_mixin.py:188} INFO - [2026-04-26T23:51:08.231+0000] {dag.py:3954} INFO - Setting next_dagrun for example_trigger_target_dag to None, run_after=None
[2026-04-26T23:51:08.243+0000] {processor.py:183} INFO - Processing /home/airflow/.local/lib/python3.12/site-packages/airflow/example_dags/example_trigger_target_dag.py took 0.039 seconds
[2026-04-26T23:51:38.500+0000] {processor.py:161} INFO - Started process (PID=289) to work on /home/airflow/.local/lib/python3.12/site-packages/airflow/example_dags/example_trigger_target_dag.py
[2026-04-26T23:51:38.500+0000] {processor.py:830} INFO - Processing file /home/airflow/.local/lib/python3.12/site-packages/airflow/example_dags/example_trigger_target_dag.py for tasks to queue
[2026-04-26T23:51:38.501+0000] {logging_mixin.py:188} INFO - [2026-04-26T23:51:38.501+0000] {dagbag.py:545} INFO - Filling up the DagBag from /home/airflow/.local/lib/python3.12/site-packages/airflow/example_dags/example_trigger_target_dag.py
[2026-04-26T23:51:38.505+0000] {processor.py:840} INFO - DAG(s) 'example_trigger_target_dag' retrieved from /home/airflow/.local/lib/python3.12/site-packages/airflow/example_dags/example_trigger_target_dag.py
[2026-04-26T23:51:38.517+0000] {logging_mixin.py:188} INFO - [2026-04-26T23:51:38.516+0000] {dag.py:3096} INFO - Sync 1 DAGs
[2026-04-26T23:51:38.524+0000] {logging_mixin.py:188} INFO - [2026-04-26T23:51:38.524+0000] {dag.py:3954} INFO - Setting next_dagrun for example_trigger_target_dag to None, run_after=None
[2026-04-26T23:51:38.535+0000] {processor.py:183} INFO - Processing /home/airflow/.local/lib/python3.12/site-packages/airflow/example_dags/example_trigger_target_dag.py took 0.039 seconds
[2026-04-26T23:52:09.554+0000] {processor.py:161} INFO - Started process (PID=348) to work on /home/airflow/.local/lib/python3.12/site-packages/airflow/example_dags/example_trigger_target_dag.py
[2026-04-26T23:52:09.555+0000] {processor.py:830} INFO - Processing file /home/airflow/.local/lib/python3.12/site-packages/airflow/example_dags/example_trigger_target_dag.py for tasks to queue
[2026-04-26T23:52:09.556+0000] {logging_mixin.py:188} INFO - [2026-04-26T23:52:09.556+0000] {dagbag.py:545} INFO - Filling up the DagBag from /home/airflow/.local/lib/python3.12/site-packages/airflow/example_dags/example_trigger_target_dag.py
[2026-04-26T23:52:09.560+0000] {processor.py:840} INFO - DAG(s) 'example_trigger_target_dag' retrieved from /home/airflow/.local/lib/python3.12/site-packages/airflow/example_dags/example_trigger_target_dag.py
[2026-04-26T23:52:09.572+0000] {logging_mixin.py:188} INFO - [2026-04-26T23:52:09.572+0000] {dag.py:3096} INFO - Sync 1 DAGs
[2026-04-26T23:52:09.580+0000] {logging_mixin.py:188} INFO - [2026-04-26T23:52:09.579+0000] {dag.py:3954} INFO - Setting next_dagrun for example_trigger_target_dag to None, run_after=None
[2026-04-26T23:52:09.589+0000] {processor.py:183} INFO - Processing /home/airflow/.local/lib/python3.12/site-packages/airflow/example_dags/example_trigger_target_dag.py took 0.038 seconds
[2026-04-26T23:52:39.681+0000] {processor.py:161} INFO - Started process (PID=407) to work on /home/airflow/.local/lib/python3.12/site-packages/airflow/example_dags/example_trigger_target_dag.py
[2026-04-26T23:52:39.681+0000] {processor.py:830} INFO - Processing file /home/airflow/.local/lib/python3.12/site-packages/airflow/example_dags/example_trigger_target_dag.py for tasks to queue
[2026-04-26T23:52:39.682+0000] {logging_mixin.py:188} INFO - [2026-04-26T23:52:39.682+0000] {dagbag.py:545} INFO - Filling up the DagBag from /home/airflow/.local/lib/python3.12/site-packages/airflow/example_dags/example_trigger_target_dag.py
[2026-04-26T23:52:39.685+0000] {processor.py:840} INFO - DAG(s) 'example_trigger_target_dag' retrieved from /home/airflow/.local/lib/python3.12/site-packages/airflow/example_dags/example_trigger_target_dag.py
[2026-04-26T23:52:39.696+0000] {logging_mixin.py:188} INFO - [2026-04-26T23:52:39.696+0000] {dag.py:3096} INFO - Sync 1 DAGs
[2026-04-26T23:52:39.703+0000] {logging_mixin.py:188} INFO - [2026-04-26T23:52:39.703+0000] {dag.py:3954} INFO - Setting next_dagrun for example_trigger_target_dag to None, run_after=None
[2026-04-26T23:52:39.713+0000] {processor.py:183} INFO - Processing /home/airflow/.local/lib/python3.12/site-packages/airflow/example_dags/example_trigger_target_dag.py took 0.035 seconds
[2026-04-26T23:53:10.717+0000] {processor.py:161} INFO - Started process (PID=466) to work on /home/airflow/.local/lib/python3.12/site-packages/airflow/example_dags/example_trigger_target_dag.py
[2026-04-26T23:53:10.718+0000] {processor.py:830} INFO - Processing file /home/airflow/.local/lib/python3.12/site-packages/airflow/example_dags/example_trigger_target_dag.py for tasks to queue
[2026-04-26T23:53:10.719+0000] {logging_mixin.py:188} INFO - [2026-04-26T23:53:10.719+0000] {dagbag.py:545} INFO - Filling up the DagBag from /home/airflow/.local/lib/python3.12/site-packages/airflow/example_dags/example_trigger_target_dag.py
[2026-04-26T23:53:10.722+0000] {processor.py:840} INFO - DAG(s) 'example_trigger_target_dag' retrieved from /home/airflow/.local/lib/python3.12/site-packages/airflow/example_dags/example_trigger_target_dag.py
[2026-04-26T23:53:10.733+0000] {logging_mixin.py:188} INFO - [2026-04-26T23:53:10.733+0000] {dag.py:3096} INFO - Sync 1 DAGs
[2026-04-26T23:53:10.740+0000] {logging_mixin.py:188} INFO - [2026-04-26T23:53:10.740+0000] {dag.py:3954} INFO - Setting next_dagrun for example_trigger_target_dag to None, run_after=None
[2026-04-26T23:53:10.751+0000] {processor.py:183} INFO - Processing /home/airflow/.local/lib/python3.12/site-packages/airflow/example_dags/example_trigger_target_dag.py took 0.037 seconds
[2026-04-26T23:53:40.940+0000] {processor.py:161} INFO - Started process (PID=525) to work on /home/airflow/.local/lib/python3.12/site-packages/airflow/example_dags/example_trigger_target_dag.py
[2026-04-26T23:53:40.940+0000] {processor.py:830} INFO - Processing file /home/airflow/.local/lib/python3.12/site-packages/airflow/example_dags/example_trigger_target_dag.py for tasks to queue
[2026-04-26T23:53:40.942+0000] {logging_mixin.py:188} INFO - [2026-04-26T23:53:40.942+0000] {dagbag.py:545} INFO - Filling up the DagBag from /home/airflow/.local/lib/python3.12/site-packages/airflow/example_dags/example_trigger_target_dag.py
[2026-04-26T23:53:40.946+0000] {processor.py:840} INFO - DAG(s) 'example_trigger_target_dag' retrieved from /home/airflow/.local/lib/python3.12/site-packages/airflow/example_dags/example_trigger_target_dag.py
[2026-04-26T23:53:40.960+0000] {logging_mixin.py:188} INFO - [2026-04-26T23:53:40.960+0000] {dag.py:3096} INFO - Sync 1 DAGs
[2026-04-26T23:53:40.970+0000] {logging_mixin.py:188} INFO - [2026-04-26T23:53:40.970+0000] {dag.py:3954} INFO - Setting next_dagrun for example_trigger_target_dag to None, run_after=None
[2026-04-26T23:53:40.981+0000] {processor.py:183} INFO - Processing /home/airflow/.local/lib/python3.12/site-packages/airflow/example_dags/example_trigger_target_dag.py took 0.046 seconds
