[2026-04-26T23:08:14.392+0000] {processor.py:161} INFO - Started process (PID=51) to work on /home/airflow/.local/lib/python3.12/site-packages/airflow/example_dags/example_short_circuit_operator.py
[2026-04-26T23:08:14.393+0000] {processor.py:830} INFO - Processing file /home/airflow/.local/lib/python3.12/site-packages/airflow/example_dags/example_short_circuit_operator.py for tasks to queue
[2026-04-26T23:08:14.394+0000] {logging_mixin.py:188} INFO - [2026-04-26T23:08:14.393+0000] {dagbag.py:545} INFO - Filling up the DagBag from /home/airflow/.local/lib/python3.12/site-packages/airflow/example_dags/example_short_circuit_operator.py
[2026-04-26T23:08:14.401+0000] {processor.py:840} INFO - DAG(s) 'example_short_circuit_operator' retrieved from /home/airflow/.local/lib/python3.12/site-packages/airflow/example_dags/example_short_circuit_operator.py
[2026-04-26T23:08:14.408+0000] {logging_mixin.py:188} INFO - [2026-04-26T23:08:14.408+0000] {dag.py:3096} INFO - Sync 1 DAGs
[2026-04-26T23:08:14.421+0000] {logging_mixin.py:188} INFO - [2026-04-26T23:08:14.421+0000] {dag.py:3954} INFO - Setting next_dagrun for example_short_circuit_operator to 2026-04-25 00:00:00+00:00, run_after=2026-04-26 00:00:00+00:00
[2026-04-26T23:08:14.442+0000] {processor.py:183} INFO - Processing /home/airflow/.local/lib/python3.12/site-packages/airflow/example_dags/example_short_circuit_operator.py took 0.053 seconds
[2026-04-26T23:08:44.778+0000] {processor.py:161} INFO - Started process (PID=109) to work on /home/airflow/.local/lib/python3.12/site-packages/airflow/example_dags/example_short_circuit_operator.py
[2026-04-26T23:08:44.779+0000] {processor.py:830} INFO - Processing file /home/airflow/.local/lib/python3.12/site-packages/airflow/example_dags/example_short_circuit_operator.py for tasks to queue
[2026-04-26T23:08:44.780+0000] {logging_mixin.py:188} INFO - [2026-04-26T23:08:44.780+0000] {dagbag.py:545} INFO - Filling up the DagBag from /home/airflow/.local/lib/python3.12/site-packages/airflow/example_dags/example_short_circuit_operator.py
[2026-04-26T23:08:44.785+0000] {processor.py:840} INFO - DAG(s) 'example_short_circuit_operator' retrieved from /home/airflow/.local/lib/python3.12/site-packages/airflow/example_dags/example_short_circuit_operator.py
[2026-04-26T23:08:44.846+0000] {logging_mixin.py:188} INFO - [2026-04-26T23:08:44.846+0000] {dag.py:3096} INFO - Sync 1 DAGs
[2026-04-26T23:08:44.855+0000] {logging_mixin.py:188} INFO - [2026-04-26T23:08:44.855+0000] {dag.py:3954} INFO - Setting next_dagrun for example_short_circuit_operator to 2026-04-25 00:00:00+00:00, run_after=2026-04-26 00:00:00+00:00
[2026-04-26T23:08:44.880+0000] {processor.py:183} INFO - Processing /home/airflow/.local/lib/python3.12/site-packages/airflow/example_dags/example_short_circuit_operator.py took 0.106 seconds
[2026-04-26T23:09:15.059+0000] {processor.py:161} INFO - Started process (PID=167) to work on /home/airflow/.local/lib/python3.12/site-packages/airflow/example_dags/example_short_circuit_operator.py
[2026-04-26T23:09:15.060+0000] {processor.py:830} INFO - Processing file /home/airflow/.local/lib/python3.12/site-packages/airflow/example_dags/example_short_circuit_operator.py for tasks to queue
[2026-04-26T23:09:15.061+0000] {logging_mixin.py:188} INFO - [2026-04-26T23:09:15.061+0000] {dagbag.py:545} INFO - Filling up the DagBag from /home/airflow/.local/lib/python3.12/site-packages/airflow/example_dags/example_short_circuit_operator.py
[2026-04-26T23:09:15.066+0000] {processor.py:840} INFO - DAG(s) 'example_short_circuit_operator' retrieved from /home/airflow/.local/lib/python3.12/site-packages/airflow/example_dags/example_short_circuit_operator.py
[2026-04-26T23:09:15.085+0000] {logging_mixin.py:188} INFO - [2026-04-26T23:09:15.084+0000] {dag.py:3096} INFO - Sync 1 DAGs
[2026-04-26T23:09:15.100+0000] {logging_mixin.py:188} INFO - [2026-04-26T23:09:15.100+0000] {dag.py:3954} INFO - Setting next_dagrun for example_short_circuit_operator to 2026-04-25 00:00:00+00:00, run_after=2026-04-26 00:00:00+00:00
[2026-04-26T23:09:15.113+0000] {processor.py:183} INFO - Processing /home/airflow/.local/lib/python3.12/site-packages/airflow/example_dags/example_short_circuit_operator.py took 0.058 seconds
[2026-04-26T23:09:45.942+0000] {processor.py:161} INFO - Started process (PID=225) to work on /home/airflow/.local/lib/python3.12/site-packages/airflow/example_dags/example_short_circuit_operator.py
[2026-04-26T23:09:45.943+0000] {processor.py:830} INFO - Processing file /home/airflow/.local/lib/python3.12/site-packages/airflow/example_dags/example_short_circuit_operator.py for tasks to queue
[2026-04-26T23:09:45.944+0000] {logging_mixin.py:188} INFO - [2026-04-26T23:09:45.944+0000] {dagbag.py:545} INFO - Filling up the DagBag from /home/airflow/.local/lib/python3.12/site-packages/airflow/example_dags/example_short_circuit_operator.py
[2026-04-26T23:09:45.949+0000] {processor.py:840} INFO - DAG(s) 'example_short_circuit_operator' retrieved from /home/airflow/.local/lib/python3.12/site-packages/airflow/example_dags/example_short_circuit_operator.py
[2026-04-26T23:09:45.963+0000] {logging_mixin.py:188} INFO - [2026-04-26T23:09:45.962+0000] {dag.py:3096} INFO - Sync 1 DAGs
[2026-04-26T23:09:45.976+0000] {logging_mixin.py:188} INFO - [2026-04-26T23:09:45.976+0000] {dag.py:3954} INFO - Setting next_dagrun for example_short_circuit_operator to 2026-04-25 00:00:00+00:00, run_after=2026-04-26 00:00:00+00:00
[2026-04-26T23:09:45.987+0000] {processor.py:183} INFO - Processing /home/airflow/.local/lib/python3.12/site-packages/airflow/example_dags/example_short_circuit_operator.py took 0.048 seconds
[2026-04-26T23:10:16.783+0000] {processor.py:161} INFO - Started process (PID=283) to work on /home/airflow/.local/lib/python3.12/site-packages/airflow/example_dags/example_short_circuit_operator.py
[2026-04-26T23:10:16.783+0000] {processor.py:830} INFO - Processing file /home/airflow/.local/lib/python3.12/site-packages/airflow/example_dags/example_short_circuit_operator.py for tasks to queue
[2026-04-26T23:10:16.785+0000] {logging_mixin.py:188} INFO - [2026-04-26T23:10:16.784+0000] {dagbag.py:545} INFO - Filling up the DagBag from /home/airflow/.local/lib/python3.12/site-packages/airflow/example_dags/example_short_circuit_operator.py
[2026-04-26T23:10:16.790+0000] {processor.py:840} INFO - DAG(s) 'example_short_circuit_operator' retrieved from /home/airflow/.local/lib/python3.12/site-packages/airflow/example_dags/example_short_circuit_operator.py
[2026-04-26T23:10:16.806+0000] {logging_mixin.py:188} INFO - [2026-04-26T23:10:16.806+0000] {dag.py:3096} INFO - Sync 1 DAGs
[2026-04-26T23:10:16.821+0000] {logging_mixin.py:188} INFO - [2026-04-26T23:10:16.821+0000] {dag.py:3954} INFO - Setting next_dagrun for example_short_circuit_operator to 2026-04-25 00:00:00+00:00, run_after=2026-04-26 00:00:00+00:00
[2026-04-26T23:10:16.833+0000] {processor.py:183} INFO - Processing /home/airflow/.local/lib/python3.12/site-packages/airflow/example_dags/example_short_circuit_operator.py took 0.055 seconds
[2026-04-26T23:10:46.904+0000] {processor.py:161} INFO - Started process (PID=341) to work on /home/airflow/.local/lib/python3.12/site-packages/airflow/example_dags/example_short_circuit_operator.py
[2026-04-26T23:10:46.905+0000] {processor.py:830} INFO - Processing file /home/airflow/.local/lib/python3.12/site-packages/airflow/example_dags/example_short_circuit_operator.py for tasks to queue
[2026-04-26T23:10:46.906+0000] {logging_mixin.py:188} INFO - [2026-04-26T23:10:46.906+0000] {dagbag.py:545} INFO - Filling up the DagBag from /home/airflow/.local/lib/python3.12/site-packages/airflow/example_dags/example_short_circuit_operator.py
[2026-04-26T23:10:46.911+0000] {processor.py:840} INFO - DAG(s) 'example_short_circuit_operator' retrieved from /home/airflow/.local/lib/python3.12/site-packages/airflow/example_dags/example_short_circuit_operator.py
[2026-04-26T23:10:46.927+0000] {logging_mixin.py:188} INFO - [2026-04-26T23:10:46.927+0000] {dag.py:3096} INFO - Sync 1 DAGs
[2026-04-26T23:10:46.942+0000] {logging_mixin.py:188} INFO - [2026-04-26T23:10:46.942+0000] {dag.py:3954} INFO - Setting next_dagrun for example_short_circuit_operator to 2026-04-25 00:00:00+00:00, run_after=2026-04-26 00:00:00+00:00
[2026-04-26T23:10:46.953+0000] {processor.py:183} INFO - Processing /home/airflow/.local/lib/python3.12/site-packages/airflow/example_dags/example_short_circuit_operator.py took 0.054 seconds
[2026-04-26T23:11:17.764+0000] {processor.py:161} INFO - Started process (PID=399) to work on /home/airflow/.local/lib/python3.12/site-packages/airflow/example_dags/example_short_circuit_operator.py
[2026-04-26T23:11:17.765+0000] {processor.py:830} INFO - Processing file /home/airflow/.local/lib/python3.12/site-packages/airflow/example_dags/example_short_circuit_operator.py for tasks to queue
[2026-04-26T23:11:17.766+0000] {logging_mixin.py:188} INFO - [2026-04-26T23:11:17.766+0000] {dagbag.py:545} INFO - Filling up the DagBag from /home/airflow/.local/lib/python3.12/site-packages/airflow/example_dags/example_short_circuit_operator.py
[2026-04-26T23:11:17.770+0000] {processor.py:840} INFO - DAG(s) 'example_short_circuit_operator' retrieved from /home/airflow/.local/lib/python3.12/site-packages/airflow/example_dags/example_short_circuit_operator.py
[2026-04-26T23:11:17.786+0000] {logging_mixin.py:188} INFO - [2026-04-26T23:11:17.785+0000] {dag.py:3096} INFO - Sync 1 DAGs
[2026-04-26T23:11:17.800+0000] {logging_mixin.py:188} INFO - [2026-04-26T23:11:17.799+0000] {dag.py:3954} INFO - Setting next_dagrun for example_short_circuit_operator to 2026-04-25 00:00:00+00:00, run_after=2026-04-26 00:00:00+00:00
[2026-04-26T23:11:17.811+0000] {processor.py:183} INFO - Processing /home/airflow/.local/lib/python3.12/site-packages/airflow/example_dags/example_short_circuit_operator.py took 0.050 seconds
[2026-04-26T23:11:48.530+0000] {processor.py:161} INFO - Started process (PID=463) to work on /home/airflow/.local/lib/python3.12/site-packages/airflow/example_dags/example_short_circuit_operator.py
[2026-04-26T23:11:48.530+0000] {processor.py:830} INFO - Processing file /home/airflow/.local/lib/python3.12/site-packages/airflow/example_dags/example_short_circuit_operator.py for tasks to queue
[2026-04-26T23:11:48.531+0000] {logging_mixin.py:188} INFO - [2026-04-26T23:11:48.531+0000] {dagbag.py:545} INFO - Filling up the DagBag from /home/airflow/.local/lib/python3.12/site-packages/airflow/example_dags/example_short_circuit_operator.py
[2026-04-26T23:11:48.536+0000] {processor.py:840} INFO - DAG(s) 'example_short_circuit_operator' retrieved from /home/airflow/.local/lib/python3.12/site-packages/airflow/example_dags/example_short_circuit_operator.py
[2026-04-26T23:11:48.551+0000] {logging_mixin.py:188} INFO - [2026-04-26T23:11:48.550+0000] {dag.py:3096} INFO - Sync 1 DAGs
[2026-04-26T23:11:48.566+0000] {logging_mixin.py:188} INFO - [2026-04-26T23:11:48.565+0000] {dag.py:3954} INFO - Setting next_dagrun for example_short_circuit_operator to 2026-04-25 00:00:00+00:00, run_after=2026-04-26 00:00:00+00:00
[2026-04-26T23:11:48.579+0000] {processor.py:183} INFO - Processing /home/airflow/.local/lib/python3.12/site-packages/airflow/example_dags/example_short_circuit_operator.py took 0.053 seconds
[2026-04-26T23:12:19.327+0000] {processor.py:161} INFO - Started process (PID=521) to work on /home/airflow/.local/lib/python3.12/site-packages/airflow/example_dags/example_short_circuit_operator.py
[2026-04-26T23:12:19.327+0000] {processor.py:830} INFO - Processing file /home/airflow/.local/lib/python3.12/site-packages/airflow/example_dags/example_short_circuit_operator.py for tasks to queue
[2026-04-26T23:12:19.329+0000] {logging_mixin.py:188} INFO - [2026-04-26T23:12:19.329+0000] {dagbag.py:545} INFO - Filling up the DagBag from /home/airflow/.local/lib/python3.12/site-packages/airflow/example_dags/example_short_circuit_operator.py
[2026-04-26T23:12:19.333+0000] {processor.py:840} INFO - DAG(s) 'example_short_circuit_operator' retrieved from /home/airflow/.local/lib/python3.12/site-packages/airflow/example_dags/example_short_circuit_operator.py
[2026-04-26T23:12:19.348+0000] {logging_mixin.py:188} INFO - [2026-04-26T23:12:19.348+0000] {dag.py:3096} INFO - Sync 1 DAGs
[2026-04-26T23:12:19.361+0000] {logging_mixin.py:188} INFO - [2026-04-26T23:12:19.361+0000] {dag.py:3954} INFO - Setting next_dagrun for example_short_circuit_operator to 2026-04-25 00:00:00+00:00, run_after=2026-04-26 00:00:00+00:00
[2026-04-26T23:12:19.373+0000] {processor.py:183} INFO - Processing /home/airflow/.local/lib/python3.12/site-packages/airflow/example_dags/example_short_circuit_operator.py took 0.050 seconds
[2026-04-26T23:12:50.108+0000] {processor.py:161} INFO - Started process (PID=579) to work on /home/airflow/.local/lib/python3.12/site-packages/airflow/example_dags/example_short_circuit_operator.py
[2026-04-26T23:12:50.108+0000] {processor.py:830} INFO - Processing file /home/airflow/.local/lib/python3.12/site-packages/airflow/example_dags/example_short_circuit_operator.py for tasks to queue
[2026-04-26T23:12:50.110+0000] {logging_mixin.py:188} INFO - [2026-04-26T23:12:50.109+0000] {dagbag.py:545} INFO - Filling up the DagBag from /home/airflow/.local/lib/python3.12/site-packages/airflow/example_dags/example_short_circuit_operator.py
[2026-04-26T23:12:50.116+0000] {processor.py:840} INFO - DAG(s) 'example_short_circuit_operator' retrieved from /home/airflow/.local/lib/python3.12/site-packages/airflow/example_dags/example_short_circuit_operator.py
[2026-04-26T23:12:50.134+0000] {logging_mixin.py:188} INFO - [2026-04-26T23:12:50.133+0000] {dag.py:3096} INFO - Sync 1 DAGs
[2026-04-26T23:12:50.150+0000] {logging_mixin.py:188} INFO - [2026-04-26T23:12:50.150+0000] {dag.py:3954} INFO - Setting next_dagrun for example_short_circuit_operator to 2026-04-25 00:00:00+00:00, run_after=2026-04-26 00:00:00+00:00
[2026-04-26T23:12:50.163+0000] {processor.py:183} INFO - Processing /home/airflow/.local/lib/python3.12/site-packages/airflow/example_dags/example_short_circuit_operator.py took 0.060 seconds
[2026-04-26T23:13:20.234+0000] {processor.py:161} INFO - Started process (PID=637) to work on /home/airflow/.local/lib/python3.12/site-packages/airflow/example_dags/example_short_circuit_operator.py
[2026-04-26T23:13:20.235+0000] {processor.py:830} INFO - Processing file /home/airflow/.local/lib/python3.12/site-packages/airflow/example_dags/example_short_circuit_operator.py for tasks to queue
[2026-04-26T23:13:20.236+0000] {logging_mixin.py:188} INFO - [2026-04-26T23:13:20.236+0000] {dagbag.py:545} INFO - Filling up the DagBag from /home/airflow/.local/lib/python3.12/site-packages/airflow/example_dags/example_short_circuit_operator.py
[2026-04-26T23:13:20.240+0000] {processor.py:840} INFO - DAG(s) 'example_short_circuit_operator' retrieved from /home/airflow/.local/lib/python3.12/site-packages/airflow/example_dags/example_short_circuit_operator.py
[2026-04-26T23:13:20.255+0000] {logging_mixin.py:188} INFO - [2026-04-26T23:13:20.255+0000] {dag.py:3096} INFO - Sync 1 DAGs
[2026-04-26T23:13:20.269+0000] {logging_mixin.py:188} INFO - [2026-04-26T23:13:20.269+0000] {dag.py:3954} INFO - Setting next_dagrun for example_short_circuit_operator to 2026-04-25 00:00:00+00:00, run_after=2026-04-26 00:00:00+00:00
[2026-04-26T23:13:20.279+0000] {processor.py:183} INFO - Processing /home/airflow/.local/lib/python3.12/site-packages/airflow/example_dags/example_short_circuit_operator.py took 0.048 seconds
[2026-04-26T23:13:50.510+0000] {processor.py:161} INFO - Started process (PID=695) to work on /home/airflow/.local/lib/python3.12/site-packages/airflow/example_dags/example_short_circuit_operator.py
[2026-04-26T23:13:50.511+0000] {processor.py:830} INFO - Processing file /home/airflow/.local/lib/python3.12/site-packages/airflow/example_dags/example_short_circuit_operator.py for tasks to queue
[2026-04-26T23:13:50.512+0000] {logging_mixin.py:188} INFO - [2026-04-26T23:13:50.512+0000] {dagbag.py:545} INFO - Filling up the DagBag from /home/airflow/.local/lib/python3.12/site-packages/airflow/example_dags/example_short_circuit_operator.py
[2026-04-26T23:13:50.517+0000] {processor.py:840} INFO - DAG(s) 'example_short_circuit_operator' retrieved from /home/airflow/.local/lib/python3.12/site-packages/airflow/example_dags/example_short_circuit_operator.py
[2026-04-26T23:13:50.533+0000] {logging_mixin.py:188} INFO - [2026-04-26T23:13:50.533+0000] {dag.py:3096} INFO - Sync 1 DAGs
[2026-04-26T23:13:50.547+0000] {logging_mixin.py:188} INFO - [2026-04-26T23:13:50.547+0000] {dag.py:3954} INFO - Setting next_dagrun for example_short_circuit_operator to 2026-04-25 00:00:00+00:00, run_after=2026-04-26 00:00:00+00:00
[2026-04-26T23:13:50.557+0000] {processor.py:183} INFO - Processing /home/airflow/.local/lib/python3.12/site-packages/airflow/example_dags/example_short_circuit_operator.py took 0.051 seconds
[2026-04-26T23:14:21.193+0000] {processor.py:161} INFO - Started process (PID=753) to work on /home/airflow/.local/lib/python3.12/site-packages/airflow/example_dags/example_short_circuit_operator.py
[2026-04-26T23:14:21.193+0000] {processor.py:830} INFO - Processing file /home/airflow/.local/lib/python3.12/site-packages/airflow/example_dags/example_short_circuit_operator.py for tasks to queue
[2026-04-26T23:14:21.194+0000] {logging_mixin.py:188} INFO - [2026-04-26T23:14:21.194+0000] {dagbag.py:545} INFO - Filling up the DagBag from /home/airflow/.local/lib/python3.12/site-packages/airflow/example_dags/example_short_circuit_operator.py
[2026-04-26T23:14:21.198+0000] {processor.py:840} INFO - DAG(s) 'example_short_circuit_operator' retrieved from /home/airflow/.local/lib/python3.12/site-packages/airflow/example_dags/example_short_circuit_operator.py
[2026-04-26T23:14:21.210+0000] {logging_mixin.py:188} INFO - [2026-04-26T23:14:21.210+0000] {dag.py:3096} INFO - Sync 1 DAGs
[2026-04-26T23:14:21.220+0000] {logging_mixin.py:188} INFO - [2026-04-26T23:14:21.220+0000] {dag.py:3954} INFO - Setting next_dagrun for example_short_circuit_operator to 2026-04-25 00:00:00+00:00, run_after=2026-04-26 00:00:00+00:00
[2026-04-26T23:14:21.228+0000] {processor.py:183} INFO - Processing /home/airflow/.local/lib/python3.12/site-packages/airflow/example_dags/example_short_circuit_operator.py took 0.039 seconds
[2026-04-26T23:14:51.904+0000] {processor.py:161} INFO - Started process (PID=811) to work on /home/airflow/.local/lib/python3.12/site-packages/airflow/example_dags/example_short_circuit_operator.py
[2026-04-26T23:14:51.905+0000] {processor.py:830} INFO - Processing file /home/airflow/.local/lib/python3.12/site-packages/airflow/example_dags/example_short_circuit_operator.py for tasks to queue
[2026-04-26T23:14:51.906+0000] {logging_mixin.py:188} INFO - [2026-04-26T23:14:51.906+0000] {dagbag.py:545} INFO - Filling up the DagBag from /home/airflow/.local/lib/python3.12/site-packages/airflow/example_dags/example_short_circuit_operator.py
[2026-04-26T23:14:51.912+0000] {processor.py:840} INFO - DAG(s) 'example_short_circuit_operator' retrieved from /home/airflow/.local/lib/python3.12/site-packages/airflow/example_dags/example_short_circuit_operator.py
[2026-04-26T23:14:51.928+0000] {logging_mixin.py:188} INFO - [2026-04-26T23:14:51.927+0000] {dag.py:3096} INFO - Sync 1 DAGs
[2026-04-26T23:14:51.943+0000] {logging_mixin.py:188} INFO - [2026-04-26T23:14:51.943+0000] {dag.py:3954} INFO - Setting next_dagrun for example_short_circuit_operator to 2026-04-25 00:00:00+00:00, run_after=2026-04-26 00:00:00+00:00
[2026-04-26T23:14:51.954+0000] {processor.py:183} INFO - Processing /home/airflow/.local/lib/python3.12/site-packages/airflow/example_dags/example_short_circuit_operator.py took 0.054 seconds
[2026-04-26T23:15:22.014+0000] {processor.py:161} INFO - Started process (PID=869) to work on /home/airflow/.local/lib/python3.12/site-packages/airflow/example_dags/example_short_circuit_operator.py
[2026-04-26T23:15:22.014+0000] {processor.py:830} INFO - Processing file /home/airflow/.local/lib/python3.12/site-packages/airflow/example_dags/example_short_circuit_operator.py for tasks to queue
[2026-04-26T23:15:22.015+0000] {logging_mixin.py:188} INFO - [2026-04-26T23:15:22.015+0000] {dagbag.py:545} INFO - Filling up the DagBag from /home/airflow/.local/lib/python3.12/site-packages/airflow/example_dags/example_short_circuit_operator.py
[2026-04-26T23:15:22.019+0000] {processor.py:840} INFO - DAG(s) 'example_short_circuit_operator' retrieved from /home/airflow/.local/lib/python3.12/site-packages/airflow/example_dags/example_short_circuit_operator.py
[2026-04-26T23:15:22.030+0000] {logging_mixin.py:188} INFO - [2026-04-26T23:15:22.030+0000] {dag.py:3096} INFO - Sync 1 DAGs
[2026-04-26T23:15:22.041+0000] {logging_mixin.py:188} INFO - [2026-04-26T23:15:22.041+0000] {dag.py:3954} INFO - Setting next_dagrun for example_short_circuit_operator to 2026-04-25 00:00:00+00:00, run_after=2026-04-26 00:00:00+00:00
[2026-04-26T23:15:22.052+0000] {processor.py:183} INFO - Processing /home/airflow/.local/lib/python3.12/site-packages/airflow/example_dags/example_short_circuit_operator.py took 0.041 seconds
[2026-04-26T23:15:52.296+0000] {processor.py:161} INFO - Started process (PID=927) to work on /home/airflow/.local/lib/python3.12/site-packages/airflow/example_dags/example_short_circuit_operator.py
[2026-04-26T23:15:52.296+0000] {processor.py:830} INFO - Processing file /home/airflow/.local/lib/python3.12/site-packages/airflow/example_dags/example_short_circuit_operator.py for tasks to queue
[2026-04-26T23:15:52.298+0000] {logging_mixin.py:188} INFO - [2026-04-26T23:15:52.297+0000] {dagbag.py:545} INFO - Filling up the DagBag from /home/airflow/.local/lib/python3.12/site-packages/airflow/example_dags/example_short_circuit_operator.py
[2026-04-26T23:15:52.303+0000] {processor.py:840} INFO - DAG(s) 'example_short_circuit_operator' retrieved from /home/airflow/.local/lib/python3.12/site-packages/airflow/example_dags/example_short_circuit_operator.py
[2026-04-26T23:15:52.318+0000] {logging_mixin.py:188} INFO - [2026-04-26T23:15:52.318+0000] {dag.py:3096} INFO - Sync 1 DAGs
[2026-04-26T23:15:52.333+0000] {logging_mixin.py:188} INFO - [2026-04-26T23:15:52.333+0000] {dag.py:3954} INFO - Setting next_dagrun for example_short_circuit_operator to 2026-04-25 00:00:00+00:00, run_after=2026-04-26 00:00:00+00:00
[2026-04-26T23:15:52.345+0000] {processor.py:183} INFO - Processing /home/airflow/.local/lib/python3.12/site-packages/airflow/example_dags/example_short_circuit_operator.py took 0.054 seconds
[2026-04-26T23:16:22.459+0000] {processor.py:161} INFO - Started process (PID=985) to work on /home/airflow/.local/lib/python3.12/site-packages/airflow/example_dags/example_short_circuit_operator.py
[2026-04-26T23:16:22.459+0000] {processor.py:830} INFO - Processing file /home/airflow/.local/lib/python3.12/site-packages/airflow/example_dags/example_short_circuit_operator.py for tasks to queue
[2026-04-26T23:16:22.460+0000] {logging_mixin.py:188} INFO - [2026-04-26T23:16:22.460+0000] {dagbag.py:545} INFO - Filling up the DagBag from /home/airflow/.local/lib/python3.12/site-packages/airflow/example_dags/example_short_circuit_operator.py
[2026-04-26T23:16:22.464+0000] {processor.py:840} INFO - DAG(s) 'example_short_circuit_operator' retrieved from /home/airflow/.local/lib/python3.12/site-packages/airflow/example_dags/example_short_circuit_operator.py
[2026-04-26T23:16:22.477+0000] {logging_mixin.py:188} INFO - [2026-04-26T23:16:22.477+0000] {dag.py:3096} INFO - Sync 1 DAGs
[2026-04-26T23:16:22.490+0000] {logging_mixin.py:188} INFO - [2026-04-26T23:16:22.489+0000] {dag.py:3954} INFO - Setting next_dagrun for example_short_circuit_operator to 2026-04-25 00:00:00+00:00, run_after=2026-04-26 00:00:00+00:00
[2026-04-26T23:16:22.499+0000] {processor.py:183} INFO - Processing /home/airflow/.local/lib/python3.12/site-packages/airflow/example_dags/example_short_circuit_operator.py took 0.045 seconds
[2026-04-26T23:16:52.608+0000] {processor.py:161} INFO - Started process (PID=1043) to work on /home/airflow/.local/lib/python3.12/site-packages/airflow/example_dags/example_short_circuit_operator.py
[2026-04-26T23:16:52.609+0000] {processor.py:830} INFO - Processing file /home/airflow/.local/lib/python3.12/site-packages/airflow/example_dags/example_short_circuit_operator.py for tasks to queue
[2026-04-26T23:16:52.610+0000] {logging_mixin.py:188} INFO - [2026-04-26T23:16:52.610+0000] {dagbag.py:545} INFO - Filling up the DagBag from /home/airflow/.local/lib/python3.12/site-packages/airflow/example_dags/example_short_circuit_operator.py
[2026-04-26T23:16:52.617+0000] {processor.py:840} INFO - DAG(s) 'example_short_circuit_operator' retrieved from /home/airflow/.local/lib/python3.12/site-packages/airflow/example_dags/example_short_circuit_operator.py
[2026-04-26T23:16:52.633+0000] {logging_mixin.py:188} INFO - [2026-04-26T23:16:52.633+0000] {dag.py:3096} INFO - Sync 1 DAGs
[2026-04-26T23:16:52.648+0000] {logging_mixin.py:188} INFO - [2026-04-26T23:16:52.647+0000] {dag.py:3954} INFO - Setting next_dagrun for example_short_circuit_operator to 2026-04-25 00:00:00+00:00, run_after=2026-04-26 00:00:00+00:00
[2026-04-26T23:16:52.660+0000] {processor.py:183} INFO - Processing /home/airflow/.local/lib/python3.12/site-packages/airflow/example_dags/example_short_circuit_operator.py took 0.057 seconds
[2026-04-26T23:17:22.884+0000] {processor.py:161} INFO - Started process (PID=1101) to work on /home/airflow/.local/lib/python3.12/site-packages/airflow/example_dags/example_short_circuit_operator.py
[2026-04-26T23:17:22.884+0000] {processor.py:830} INFO - Processing file /home/airflow/.local/lib/python3.12/site-packages/airflow/example_dags/example_short_circuit_operator.py for tasks to queue
[2026-04-26T23:17:22.886+0000] {logging_mixin.py:188} INFO - [2026-04-26T23:17:22.886+0000] {dagbag.py:545} INFO - Filling up the DagBag from /home/airflow/.local/lib/python3.12/site-packages/airflow/example_dags/example_short_circuit_operator.py
[2026-04-26T23:17:22.891+0000] {processor.py:840} INFO - DAG(s) 'example_short_circuit_operator' retrieved from /home/airflow/.local/lib/python3.12/site-packages/airflow/example_dags/example_short_circuit_operator.py
[2026-04-26T23:17:22.908+0000] {logging_mixin.py:188} INFO - [2026-04-26T23:17:22.908+0000] {dag.py:3096} INFO - Sync 1 DAGs
[2026-04-26T23:17:22.926+0000] {logging_mixin.py:188} INFO - [2026-04-26T23:17:22.925+0000] {dag.py:3954} INFO - Setting next_dagrun for example_short_circuit_operator to 2026-04-25 00:00:00+00:00, run_after=2026-04-26 00:00:00+00:00
[2026-04-26T23:17:22.938+0000] {processor.py:183} INFO - Processing /home/airflow/.local/lib/python3.12/site-packages/airflow/example_dags/example_short_circuit_operator.py took 0.059 seconds
[2026-04-26T23:17:53.161+0000] {processor.py:161} INFO - Started process (PID=1159) to work on /home/airflow/.local/lib/python3.12/site-packages/airflow/example_dags/example_short_circuit_operator.py
[2026-04-26T23:17:53.162+0000] {processor.py:830} INFO - Processing file /home/airflow/.local/lib/python3.12/site-packages/airflow/example_dags/example_short_circuit_operator.py for tasks to queue
[2026-04-26T23:17:53.163+0000] {logging_mixin.py:188} INFO - [2026-04-26T23:17:53.163+0000] {dagbag.py:545} INFO - Filling up the DagBag from /home/airflow/.local/lib/python3.12/site-packages/airflow/example_dags/example_short_circuit_operator.py
[2026-04-26T23:17:53.169+0000] {processor.py:840} INFO - DAG(s) 'example_short_circuit_operator' retrieved from /home/airflow/.local/lib/python3.12/site-packages/airflow/example_dags/example_short_circuit_operator.py
[2026-04-26T23:17:53.186+0000] {logging_mixin.py:188} INFO - [2026-04-26T23:17:53.185+0000] {dag.py:3096} INFO - Sync 1 DAGs
[2026-04-26T23:17:53.202+0000] {logging_mixin.py:188} INFO - [2026-04-26T23:17:53.201+0000] {dag.py:3954} INFO - Setting next_dagrun for example_short_circuit_operator to 2026-04-25 00:00:00+00:00, run_after=2026-04-26 00:00:00+00:00
[2026-04-26T23:17:53.214+0000] {processor.py:183} INFO - Processing /home/airflow/.local/lib/python3.12/site-packages/airflow/example_dags/example_short_circuit_operator.py took 0.057 seconds
[2026-04-26T23:18:24.199+0000] {processor.py:161} INFO - Started process (PID=1218) to work on /home/airflow/.local/lib/python3.12/site-packages/airflow/example_dags/example_short_circuit_operator.py
[2026-04-26T23:18:24.200+0000] {processor.py:830} INFO - Processing file /home/airflow/.local/lib/python3.12/site-packages/airflow/example_dags/example_short_circuit_operator.py for tasks to queue
[2026-04-26T23:18:24.201+0000] {logging_mixin.py:188} INFO - [2026-04-26T23:18:24.200+0000] {dagbag.py:545} INFO - Filling up the DagBag from /home/airflow/.local/lib/python3.12/site-packages/airflow/example_dags/example_short_circuit_operator.py
[2026-04-26T23:18:24.206+0000] {processor.py:840} INFO - DAG(s) 'example_short_circuit_operator' retrieved from /home/airflow/.local/lib/python3.12/site-packages/airflow/example_dags/example_short_circuit_operator.py
[2026-04-26T23:18:24.222+0000] {logging_mixin.py:188} INFO - [2026-04-26T23:18:24.222+0000] {dag.py:3096} INFO - Sync 1 DAGs
[2026-04-26T23:18:24.237+0000] {logging_mixin.py:188} INFO - [2026-04-26T23:18:24.237+0000] {dag.py:3954} INFO - Setting next_dagrun for example_short_circuit_operator to 2026-04-25 00:00:00+00:00, run_after=2026-04-26 00:00:00+00:00
[2026-04-26T23:18:24.248+0000] {processor.py:183} INFO - Processing /home/airflow/.local/lib/python3.12/site-packages/airflow/example_dags/example_short_circuit_operator.py took 0.054 seconds
[2026-04-26T23:18:54.741+0000] {processor.py:161} INFO - Started process (PID=1277) to work on /home/airflow/.local/lib/python3.12/site-packages/airflow/example_dags/example_short_circuit_operator.py
[2026-04-26T23:18:54.742+0000] {processor.py:830} INFO - Processing file /home/airflow/.local/lib/python3.12/site-packages/airflow/example_dags/example_short_circuit_operator.py for tasks to queue
[2026-04-26T23:18:54.743+0000] {logging_mixin.py:188} INFO - [2026-04-26T23:18:54.743+0000] {dagbag.py:545} INFO - Filling up the DagBag from /home/airflow/.local/lib/python3.12/site-packages/airflow/example_dags/example_short_circuit_operator.py
[2026-04-26T23:18:54.749+0000] {processor.py:840} INFO - DAG(s) 'example_short_circuit_operator' retrieved from /home/airflow/.local/lib/python3.12/site-packages/airflow/example_dags/example_short_circuit_operator.py
[2026-04-26T23:18:54.765+0000] {logging_mixin.py:188} INFO - [2026-04-26T23:18:54.765+0000] {dag.py:3096} INFO - Sync 1 DAGs
[2026-04-26T23:18:54.781+0000] {logging_mixin.py:188} INFO - [2026-04-26T23:18:54.780+0000] {dag.py:3954} INFO - Setting next_dagrun for example_short_circuit_operator to 2026-04-25 00:00:00+00:00, run_after=2026-04-26 00:00:00+00:00
[2026-04-26T23:18:54.792+0000] {processor.py:183} INFO - Processing /home/airflow/.local/lib/python3.12/site-packages/airflow/example_dags/example_short_circuit_operator.py took 0.056 seconds
[2026-04-26T23:19:25.105+0000] {processor.py:161} INFO - Started process (PID=1336) to work on /home/airflow/.local/lib/python3.12/site-packages/airflow/example_dags/example_short_circuit_operator.py
[2026-04-26T23:19:25.106+0000] {processor.py:830} INFO - Processing file /home/airflow/.local/lib/python3.12/site-packages/airflow/example_dags/example_short_circuit_operator.py for tasks to queue
[2026-04-26T23:19:25.107+0000] {logging_mixin.py:188} INFO - [2026-04-26T23:19:25.107+0000] {dagbag.py:545} INFO - Filling up the DagBag from /home/airflow/.local/lib/python3.12/site-packages/airflow/example_dags/example_short_circuit_operator.py
[2026-04-26T23:19:25.112+0000] {processor.py:840} INFO - DAG(s) 'example_short_circuit_operator' retrieved from /home/airflow/.local/lib/python3.12/site-packages/airflow/example_dags/example_short_circuit_operator.py
[2026-04-26T23:19:25.128+0000] {logging_mixin.py:188} INFO - [2026-04-26T23:19:25.128+0000] {dag.py:3096} INFO - Sync 1 DAGs
[2026-04-26T23:19:25.144+0000] {logging_mixin.py:188} INFO - [2026-04-26T23:19:25.144+0000] {dag.py:3954} INFO - Setting next_dagrun for example_short_circuit_operator to 2026-04-25 00:00:00+00:00, run_after=2026-04-26 00:00:00+00:00
[2026-04-26T23:19:25.156+0000] {processor.py:183} INFO - Processing /home/airflow/.local/lib/python3.12/site-packages/airflow/example_dags/example_short_circuit_operator.py took 0.055 seconds
[2026-04-26T23:19:55.394+0000] {processor.py:161} INFO - Started process (PID=1395) to work on /home/airflow/.local/lib/python3.12/site-packages/airflow/example_dags/example_short_circuit_operator.py
[2026-04-26T23:19:55.395+0000] {processor.py:830} INFO - Processing file /home/airflow/.local/lib/python3.12/site-packages/airflow/example_dags/example_short_circuit_operator.py for tasks to queue
[2026-04-26T23:19:55.396+0000] {logging_mixin.py:188} INFO - [2026-04-26T23:19:55.396+0000] {dagbag.py:545} INFO - Filling up the DagBag from /home/airflow/.local/lib/python3.12/site-packages/airflow/example_dags/example_short_circuit_operator.py
[2026-04-26T23:19:55.401+0000] {processor.py:840} INFO - DAG(s) 'example_short_circuit_operator' retrieved from /home/airflow/.local/lib/python3.12/site-packages/airflow/example_dags/example_short_circuit_operator.py
[2026-04-26T23:19:55.418+0000] {logging_mixin.py:188} INFO - [2026-04-26T23:19:55.417+0000] {dag.py:3096} INFO - Sync 1 DAGs
[2026-04-26T23:19:55.433+0000] {logging_mixin.py:188} INFO - [2026-04-26T23:19:55.433+0000] {dag.py:3954} INFO - Setting next_dagrun for example_short_circuit_operator to 2026-04-25 00:00:00+00:00, run_after=2026-04-26 00:00:00+00:00
[2026-04-26T23:19:55.444+0000] {processor.py:183} INFO - Processing /home/airflow/.local/lib/python3.12/site-packages/airflow/example_dags/example_short_circuit_operator.py took 0.055 seconds
[2026-04-26T23:20:25.649+0000] {processor.py:161} INFO - Started process (PID=1454) to work on /home/airflow/.local/lib/python3.12/site-packages/airflow/example_dags/example_short_circuit_operator.py
[2026-04-26T23:20:25.650+0000] {processor.py:830} INFO - Processing file /home/airflow/.local/lib/python3.12/site-packages/airflow/example_dags/example_short_circuit_operator.py for tasks to queue
[2026-04-26T23:20:25.651+0000] {logging_mixin.py:188} INFO - [2026-04-26T23:20:25.651+0000] {dagbag.py:545} INFO - Filling up the DagBag from /home/airflow/.local/lib/python3.12/site-packages/airflow/example_dags/example_short_circuit_operator.py
[2026-04-26T23:20:25.656+0000] {processor.py:840} INFO - DAG(s) 'example_short_circuit_operator' retrieved from /home/airflow/.local/lib/python3.12/site-packages/airflow/example_dags/example_short_circuit_operator.py
[2026-04-26T23:20:25.673+0000] {logging_mixin.py:188} INFO - [2026-04-26T23:20:25.673+0000] {dag.py:3096} INFO - Sync 1 DAGs
[2026-04-26T23:20:25.688+0000] {logging_mixin.py:188} INFO - [2026-04-26T23:20:25.688+0000] {dag.py:3954} INFO - Setting next_dagrun for example_short_circuit_operator to 2026-04-25 00:00:00+00:00, run_after=2026-04-26 00:00:00+00:00
[2026-04-26T23:20:25.701+0000] {processor.py:183} INFO - Processing /home/airflow/.local/lib/python3.12/site-packages/airflow/example_dags/example_short_circuit_operator.py took 0.056 seconds
[2026-04-26T23:20:55.800+0000] {processor.py:161} INFO - Started process (PID=1513) to work on /home/airflow/.local/lib/python3.12/site-packages/airflow/example_dags/example_short_circuit_operator.py
[2026-04-26T23:20:55.801+0000] {processor.py:830} INFO - Processing file /home/airflow/.local/lib/python3.12/site-packages/airflow/example_dags/example_short_circuit_operator.py for tasks to queue
[2026-04-26T23:20:55.802+0000] {logging_mixin.py:188} INFO - [2026-04-26T23:20:55.802+0000] {dagbag.py:545} INFO - Filling up the DagBag from /home/airflow/.local/lib/python3.12/site-packages/airflow/example_dags/example_short_circuit_operator.py
[2026-04-26T23:20:55.807+0000] {processor.py:840} INFO - DAG(s) 'example_short_circuit_operator' retrieved from /home/airflow/.local/lib/python3.12/site-packages/airflow/example_dags/example_short_circuit_operator.py
[2026-04-26T23:20:55.822+0000] {logging_mixin.py:188} INFO - [2026-04-26T23:20:55.821+0000] {dag.py:3096} INFO - Sync 1 DAGs
[2026-04-26T23:20:55.837+0000] {logging_mixin.py:188} INFO - [2026-04-26T23:20:55.836+0000] {dag.py:3954} INFO - Setting next_dagrun for example_short_circuit_operator to 2026-04-25 00:00:00+00:00, run_after=2026-04-26 00:00:00+00:00
[2026-04-26T23:20:55.851+0000] {processor.py:183} INFO - Processing /home/airflow/.local/lib/python3.12/site-packages/airflow/example_dags/example_short_circuit_operator.py took 0.054 seconds
[2026-04-26T23:21:26.144+0000] {processor.py:161} INFO - Started process (PID=1572) to work on /home/airflow/.local/lib/python3.12/site-packages/airflow/example_dags/example_short_circuit_operator.py
[2026-04-26T23:21:26.144+0000] {processor.py:830} INFO - Processing file /home/airflow/.local/lib/python3.12/site-packages/airflow/example_dags/example_short_circuit_operator.py for tasks to queue
[2026-04-26T23:21:26.145+0000] {logging_mixin.py:188} INFO - [2026-04-26T23:21:26.145+0000] {dagbag.py:545} INFO - Filling up the DagBag from /home/airflow/.local/lib/python3.12/site-packages/airflow/example_dags/example_short_circuit_operator.py
[2026-04-26T23:21:26.151+0000] {processor.py:840} INFO - DAG(s) 'example_short_circuit_operator' retrieved from /home/airflow/.local/lib/python3.12/site-packages/airflow/example_dags/example_short_circuit_operator.py
[2026-04-26T23:21:26.168+0000] {logging_mixin.py:188} INFO - [2026-04-26T23:21:26.167+0000] {dag.py:3096} INFO - Sync 1 DAGs
[2026-04-26T23:21:26.183+0000] {logging_mixin.py:188} INFO - [2026-04-26T23:21:26.183+0000] {dag.py:3954} INFO - Setting next_dagrun for example_short_circuit_operator to 2026-04-25 00:00:00+00:00, run_after=2026-04-26 00:00:00+00:00
[2026-04-26T23:21:26.194+0000] {processor.py:183} INFO - Processing /home/airflow/.local/lib/python3.12/site-packages/airflow/example_dags/example_short_circuit_operator.py took 0.056 seconds
[2026-04-26T23:21:57.110+0000] {processor.py:161} INFO - Started process (PID=1632) to work on /home/airflow/.local/lib/python3.12/site-packages/airflow/example_dags/example_short_circuit_operator.py
[2026-04-26T23:21:57.111+0000] {processor.py:830} INFO - Processing file /home/airflow/.local/lib/python3.12/site-packages/airflow/example_dags/example_short_circuit_operator.py for tasks to queue
[2026-04-26T23:21:57.113+0000] {logging_mixin.py:188} INFO - [2026-04-26T23:21:57.112+0000] {dagbag.py:545} INFO - Filling up the DagBag from /home/airflow/.local/lib/python3.12/site-packages/airflow/example_dags/example_short_circuit_operator.py
[2026-04-26T23:21:57.119+0000] {processor.py:840} INFO - DAG(s) 'example_short_circuit_operator' retrieved from /home/airflow/.local/lib/python3.12/site-packages/airflow/example_dags/example_short_circuit_operator.py
[2026-04-26T23:21:57.135+0000] {logging_mixin.py:188} INFO - [2026-04-26T23:21:57.134+0000] {dag.py:3096} INFO - Sync 1 DAGs
[2026-04-26T23:21:57.149+0000] {logging_mixin.py:188} INFO - [2026-04-26T23:21:57.149+0000] {dag.py:3954} INFO - Setting next_dagrun for example_short_circuit_operator to 2026-04-25 00:00:00+00:00, run_after=2026-04-26 00:00:00+00:00
[2026-04-26T23:21:57.159+0000] {processor.py:183} INFO - Processing /home/airflow/.local/lib/python3.12/site-packages/airflow/example_dags/example_short_circuit_operator.py took 0.054 seconds
[2026-04-26T23:22:27.486+0000] {processor.py:161} INFO - Started process (PID=1691) to work on /home/airflow/.local/lib/python3.12/site-packages/airflow/example_dags/example_short_circuit_operator.py
[2026-04-26T23:22:27.487+0000] {processor.py:830} INFO - Processing file /home/airflow/.local/lib/python3.12/site-packages/airflow/example_dags/example_short_circuit_operator.py for tasks to queue
[2026-04-26T23:22:27.488+0000] {logging_mixin.py:188} INFO - [2026-04-26T23:22:27.488+0000] {dagbag.py:545} INFO - Filling up the DagBag from /home/airflow/.local/lib/python3.12/site-packages/airflow/example_dags/example_short_circuit_operator.py
[2026-04-26T23:22:27.494+0000] {processor.py:840} INFO - DAG(s) 'example_short_circuit_operator' retrieved from /home/airflow/.local/lib/python3.12/site-packages/airflow/example_dags/example_short_circuit_operator.py
[2026-04-26T23:22:27.515+0000] {logging_mixin.py:188} INFO - [2026-04-26T23:22:27.515+0000] {dag.py:3096} INFO - Sync 1 DAGs
[2026-04-26T23:22:27.533+0000] {logging_mixin.py:188} INFO - [2026-04-26T23:22:27.533+0000] {dag.py:3954} INFO - Setting next_dagrun for example_short_circuit_operator to 2026-04-25 00:00:00+00:00, run_after=2026-04-26 00:00:00+00:00
[2026-04-26T23:22:27.550+0000] {processor.py:183} INFO - Processing /home/airflow/.local/lib/python3.12/site-packages/airflow/example_dags/example_short_circuit_operator.py took 0.068 seconds
[2026-04-26T23:22:57.744+0000] {processor.py:161} INFO - Started process (PID=1751) to work on /home/airflow/.local/lib/python3.12/site-packages/airflow/example_dags/example_short_circuit_operator.py
[2026-04-26T23:22:57.744+0000] {processor.py:830} INFO - Processing file /home/airflow/.local/lib/python3.12/site-packages/airflow/example_dags/example_short_circuit_operator.py for tasks to queue
[2026-04-26T23:22:57.746+0000] {logging_mixin.py:188} INFO - [2026-04-26T23:22:57.745+0000] {dagbag.py:545} INFO - Filling up the DagBag from /home/airflow/.local/lib/python3.12/site-packages/airflow/example_dags/example_short_circuit_operator.py
[2026-04-26T23:22:57.751+0000] {processor.py:840} INFO - DAG(s) 'example_short_circuit_operator' retrieved from /home/airflow/.local/lib/python3.12/site-packages/airflow/example_dags/example_short_circuit_operator.py
[2026-04-26T23:22:57.767+0000] {logging_mixin.py:188} INFO - [2026-04-26T23:22:57.767+0000] {dag.py:3096} INFO - Sync 1 DAGs
[2026-04-26T23:22:57.781+0000] {logging_mixin.py:188} INFO - [2026-04-26T23:22:57.781+0000] {dag.py:3954} INFO - Setting next_dagrun for example_short_circuit_operator to 2026-04-25 00:00:00+00:00, run_after=2026-04-26 00:00:00+00:00
[2026-04-26T23:22:57.793+0000] {processor.py:183} INFO - Processing /home/airflow/.local/lib/python3.12/site-packages/airflow/example_dags/example_short_circuit_operator.py took 0.054 seconds
[2026-04-26T23:23:28.384+0000] {processor.py:161} INFO - Started process (PID=1810) to work on /home/airflow/.local/lib/python3.12/site-packages/airflow/example_dags/example_short_circuit_operator.py
[2026-04-26T23:23:28.384+0000] {processor.py:830} INFO - Processing file /home/airflow/.local/lib/python3.12/site-packages/airflow/example_dags/example_short_circuit_operator.py for tasks to queue
[2026-04-26T23:23:28.386+0000] {logging_mixin.py:188} INFO - [2026-04-26T23:23:28.386+0000] {dagbag.py:545} INFO - Filling up the DagBag from /home/airflow/.local/lib/python3.12/site-packages/airflow/example_dags/example_short_circuit_operator.py
[2026-04-26T23:23:28.391+0000] {processor.py:840} INFO - DAG(s) 'example_short_circuit_operator' retrieved from /home/airflow/.local/lib/python3.12/site-packages/airflow/example_dags/example_short_circuit_operator.py
[2026-04-26T23:23:28.409+0000] {logging_mixin.py:188} INFO - [2026-04-26T23:23:28.408+0000] {dag.py:3096} INFO - Sync 1 DAGs
[2026-04-26T23:23:28.542+0000] {logging_mixin.py:188} INFO - [2026-04-26T23:23:28.542+0000] {dag.py:3954} INFO - Setting next_dagrun for example_short_circuit_operator to 2026-04-25 00:00:00+00:00, run_after=2026-04-26 00:00:00+00:00
[2026-04-26T23:23:28.551+0000] {processor.py:183} INFO - Processing /home/airflow/.local/lib/python3.12/site-packages/airflow/example_dags/example_short_circuit_operator.py took 0.173 seconds
[2026-04-26T23:23:58.886+0000] {processor.py:161} INFO - Started process (PID=1869) to work on /home/airflow/.local/lib/python3.12/site-packages/airflow/example_dags/example_short_circuit_operator.py
[2026-04-26T23:23:58.887+0000] {processor.py:830} INFO - Processing file /home/airflow/.local/lib/python3.12/site-packages/airflow/example_dags/example_short_circuit_operator.py for tasks to queue
[2026-04-26T23:23:58.888+0000] {logging_mixin.py:188} INFO - [2026-04-26T23:23:58.888+0000] {dagbag.py:545} INFO - Filling up the DagBag from /home/airflow/.local/lib/python3.12/site-packages/airflow/example_dags/example_short_circuit_operator.py
[2026-04-26T23:23:58.894+0000] {processor.py:840} INFO - DAG(s) 'example_short_circuit_operator' retrieved from /home/airflow/.local/lib/python3.12/site-packages/airflow/example_dags/example_short_circuit_operator.py
[2026-04-26T23:23:58.911+0000] {logging_mixin.py:188} INFO - [2026-04-26T23:23:58.910+0000] {dag.py:3096} INFO - Sync 1 DAGs
[2026-04-26T23:23:58.927+0000] {logging_mixin.py:188} INFO - [2026-04-26T23:23:58.927+0000] {dag.py:3954} INFO - Setting next_dagrun for example_short_circuit_operator to 2026-04-25 00:00:00+00:00, run_after=2026-04-26 00:00:00+00:00
[2026-04-26T23:23:59.084+0000] {processor.py:183} INFO - Processing /home/airflow/.local/lib/python3.12/site-packages/airflow/example_dags/example_short_circuit_operator.py took 0.203 seconds
[2026-04-26T23:24:29.413+0000] {processor.py:161} INFO - Started process (PID=1929) to work on /home/airflow/.local/lib/python3.12/site-packages/airflow/example_dags/example_short_circuit_operator.py
[2026-04-26T23:24:29.414+0000] {processor.py:830} INFO - Processing file /home/airflow/.local/lib/python3.12/site-packages/airflow/example_dags/example_short_circuit_operator.py for tasks to queue
[2026-04-26T23:24:29.415+0000] {logging_mixin.py:188} INFO - [2026-04-26T23:24:29.415+0000] {dagbag.py:545} INFO - Filling up the DagBag from /home/airflow/.local/lib/python3.12/site-packages/airflow/example_dags/example_short_circuit_operator.py
[2026-04-26T23:24:29.419+0000] {processor.py:840} INFO - DAG(s) 'example_short_circuit_operator' retrieved from /home/airflow/.local/lib/python3.12/site-packages/airflow/example_dags/example_short_circuit_operator.py
[2026-04-26T23:24:29.433+0000] {logging_mixin.py:188} INFO - [2026-04-26T23:24:29.433+0000] {dag.py:3096} INFO - Sync 1 DAGs
[2026-04-26T23:24:29.445+0000] {logging_mixin.py:188} INFO - [2026-04-26T23:24:29.445+0000] {dag.py:3954} INFO - Setting next_dagrun for example_short_circuit_operator to 2026-04-25 00:00:00+00:00, run_after=2026-04-26 00:00:00+00:00
[2026-04-26T23:24:29.457+0000] {processor.py:183} INFO - Processing /home/airflow/.local/lib/python3.12/site-packages/airflow/example_dags/example_short_circuit_operator.py took 0.047 seconds
[2026-04-26T23:25:00.303+0000] {processor.py:161} INFO - Started process (PID=1989) to work on /home/airflow/.local/lib/python3.12/site-packages/airflow/example_dags/example_short_circuit_operator.py
[2026-04-26T23:25:00.303+0000] {processor.py:830} INFO - Processing file /home/airflow/.local/lib/python3.12/site-packages/airflow/example_dags/example_short_circuit_operator.py for tasks to queue
[2026-04-26T23:25:00.304+0000] {logging_mixin.py:188} INFO - [2026-04-26T23:25:00.304+0000] {dagbag.py:545} INFO - Filling up the DagBag from /home/airflow/.local/lib/python3.12/site-packages/airflow/example_dags/example_short_circuit_operator.py
[2026-04-26T23:25:00.309+0000] {processor.py:840} INFO - DAG(s) 'example_short_circuit_operator' retrieved from /home/airflow/.local/lib/python3.12/site-packages/airflow/example_dags/example_short_circuit_operator.py
[2026-04-26T23:25:00.325+0000] {logging_mixin.py:188} INFO - [2026-04-26T23:25:00.325+0000] {dag.py:3096} INFO - Sync 1 DAGs
[2026-04-26T23:25:00.340+0000] {logging_mixin.py:188} INFO - [2026-04-26T23:25:00.340+0000] {dag.py:3954} INFO - Setting next_dagrun for example_short_circuit_operator to 2026-04-25 00:00:00+00:00, run_after=2026-04-26 00:00:00+00:00
[2026-04-26T23:25:00.351+0000] {processor.py:183} INFO - Processing /home/airflow/.local/lib/python3.12/site-packages/airflow/example_dags/example_short_circuit_operator.py took 0.052 seconds
[2026-04-26T23:25:31.066+0000] {processor.py:161} INFO - Started process (PID=2048) to work on /home/airflow/.local/lib/python3.12/site-packages/airflow/example_dags/example_short_circuit_operator.py
[2026-04-26T23:25:31.066+0000] {processor.py:830} INFO - Processing file /home/airflow/.local/lib/python3.12/site-packages/airflow/example_dags/example_short_circuit_operator.py for tasks to queue
[2026-04-26T23:25:31.067+0000] {logging_mixin.py:188} INFO - [2026-04-26T23:25:31.067+0000] {dagbag.py:545} INFO - Filling up the DagBag from /home/airflow/.local/lib/python3.12/site-packages/airflow/example_dags/example_short_circuit_operator.py
[2026-04-26T23:25:31.072+0000] {processor.py:840} INFO - DAG(s) 'example_short_circuit_operator' retrieved from /home/airflow/.local/lib/python3.12/site-packages/airflow/example_dags/example_short_circuit_operator.py
[2026-04-26T23:25:31.085+0000] {logging_mixin.py:188} INFO - [2026-04-26T23:25:31.085+0000] {dag.py:3096} INFO - Sync 1 DAGs
[2026-04-26T23:25:31.097+0000] {logging_mixin.py:188} INFO - [2026-04-26T23:25:31.097+0000] {dag.py:3954} INFO - Setting next_dagrun for example_short_circuit_operator to 2026-04-25 00:00:00+00:00, run_after=2026-04-26 00:00:00+00:00
[2026-04-26T23:25:31.106+0000] {processor.py:183} INFO - Processing /home/airflow/.local/lib/python3.12/site-packages/airflow/example_dags/example_short_circuit_operator.py took 0.044 seconds
[2026-04-26T23:26:01.802+0000] {processor.py:161} INFO - Started process (PID=2107) to work on /home/airflow/.local/lib/python3.12/site-packages/airflow/example_dags/example_short_circuit_operator.py
[2026-04-26T23:26:01.803+0000] {processor.py:830} INFO - Processing file /home/airflow/.local/lib/python3.12/site-packages/airflow/example_dags/example_short_circuit_operator.py for tasks to queue
[2026-04-26T23:26:01.804+0000] {logging_mixin.py:188} INFO - [2026-04-26T23:26:01.804+0000] {dagbag.py:545} INFO - Filling up the DagBag from /home/airflow/.local/lib/python3.12/site-packages/airflow/example_dags/example_short_circuit_operator.py
[2026-04-26T23:26:01.810+0000] {processor.py:840} INFO - DAG(s) 'example_short_circuit_operator' retrieved from /home/airflow/.local/lib/python3.12/site-packages/airflow/example_dags/example_short_circuit_operator.py
[2026-04-26T23:26:01.828+0000] {logging_mixin.py:188} INFO - [2026-04-26T23:26:01.828+0000] {dag.py:3096} INFO - Sync 1 DAGs
[2026-04-26T23:26:01.843+0000] {logging_mixin.py:188} INFO - [2026-04-26T23:26:01.843+0000] {dag.py:3954} INFO - Setting next_dagrun for example_short_circuit_operator to 2026-04-25 00:00:00+00:00, run_after=2026-04-26 00:00:00+00:00
[2026-04-26T23:26:01.854+0000] {processor.py:183} INFO - Processing /home/airflow/.local/lib/python3.12/site-packages/airflow/example_dags/example_short_circuit_operator.py took 0.056 seconds
[2026-04-26T23:26:32.619+0000] {processor.py:161} INFO - Started process (PID=2166) to work on /home/airflow/.local/lib/python3.12/site-packages/airflow/example_dags/example_short_circuit_operator.py
[2026-04-26T23:26:32.620+0000] {processor.py:830} INFO - Processing file /home/airflow/.local/lib/python3.12/site-packages/airflow/example_dags/example_short_circuit_operator.py for tasks to queue
[2026-04-26T23:26:32.621+0000] {logging_mixin.py:188} INFO - [2026-04-26T23:26:32.621+0000] {dagbag.py:545} INFO - Filling up the DagBag from /home/airflow/.local/lib/python3.12/site-packages/airflow/example_dags/example_short_circuit_operator.py
[2026-04-26T23:26:32.626+0000] {processor.py:840} INFO - DAG(s) 'example_short_circuit_operator' retrieved from /home/airflow/.local/lib/python3.12/site-packages/airflow/example_dags/example_short_circuit_operator.py
[2026-04-26T23:26:32.640+0000] {logging_mixin.py:188} INFO - [2026-04-26T23:26:32.640+0000] {dag.py:3096} INFO - Sync 1 DAGs
[2026-04-26T23:26:32.653+0000] {logging_mixin.py:188} INFO - [2026-04-26T23:26:32.653+0000] {dag.py:3954} INFO - Setting next_dagrun for example_short_circuit_operator to 2026-04-25 00:00:00+00:00, run_after=2026-04-26 00:00:00+00:00
[2026-04-26T23:26:32.662+0000] {processor.py:183} INFO - Processing /home/airflow/.local/lib/python3.12/site-packages/airflow/example_dags/example_short_circuit_operator.py took 0.047 seconds
[2026-04-26T23:27:03.386+0000] {processor.py:161} INFO - Started process (PID=2225) to work on /home/airflow/.local/lib/python3.12/site-packages/airflow/example_dags/example_short_circuit_operator.py
[2026-04-26T23:27:03.387+0000] {processor.py:830} INFO - Processing file /home/airflow/.local/lib/python3.12/site-packages/airflow/example_dags/example_short_circuit_operator.py for tasks to queue
[2026-04-26T23:27:03.388+0000] {logging_mixin.py:188} INFO - [2026-04-26T23:27:03.388+0000] {dagbag.py:545} INFO - Filling up the DagBag from /home/airflow/.local/lib/python3.12/site-packages/airflow/example_dags/example_short_circuit_operator.py
[2026-04-26T23:27:03.394+0000] {processor.py:840} INFO - DAG(s) 'example_short_circuit_operator' retrieved from /home/airflow/.local/lib/python3.12/site-packages/airflow/example_dags/example_short_circuit_operator.py
[2026-04-26T23:27:03.410+0000] {logging_mixin.py:188} INFO - [2026-04-26T23:27:03.410+0000] {dag.py:3096} INFO - Sync 1 DAGs
[2026-04-26T23:27:03.426+0000] {logging_mixin.py:188} INFO - [2026-04-26T23:27:03.425+0000] {dag.py:3954} INFO - Setting next_dagrun for example_short_circuit_operator to 2026-04-25 00:00:00+00:00, run_after=2026-04-26 00:00:00+00:00
[2026-04-26T23:27:03.437+0000] {processor.py:183} INFO - Processing /home/airflow/.local/lib/python3.12/site-packages/airflow/example_dags/example_short_circuit_operator.py took 0.055 seconds
[2026-04-26T23:27:34.145+0000] {processor.py:161} INFO - Started process (PID=2284) to work on /home/airflow/.local/lib/python3.12/site-packages/airflow/example_dags/example_short_circuit_operator.py
[2026-04-26T23:27:34.146+0000] {processor.py:830} INFO - Processing file /home/airflow/.local/lib/python3.12/site-packages/airflow/example_dags/example_short_circuit_operator.py for tasks to queue
[2026-04-26T23:27:34.147+0000] {logging_mixin.py:188} INFO - [2026-04-26T23:27:34.147+0000] {dagbag.py:545} INFO - Filling up the DagBag from /home/airflow/.local/lib/python3.12/site-packages/airflow/example_dags/example_short_circuit_operator.py
[2026-04-26T23:27:34.152+0000] {processor.py:840} INFO - DAG(s) 'example_short_circuit_operator' retrieved from /home/airflow/.local/lib/python3.12/site-packages/airflow/example_dags/example_short_circuit_operator.py
[2026-04-26T23:27:34.165+0000] {logging_mixin.py:188} INFO - [2026-04-26T23:27:34.165+0000] {dag.py:3096} INFO - Sync 1 DAGs
[2026-04-26T23:27:34.177+0000] {logging_mixin.py:188} INFO - [2026-04-26T23:27:34.177+0000] {dag.py:3954} INFO - Setting next_dagrun for example_short_circuit_operator to 2026-04-25 00:00:00+00:00, run_after=2026-04-26 00:00:00+00:00
[2026-04-26T23:27:34.186+0000] {processor.py:183} INFO - Processing /home/airflow/.local/lib/python3.12/site-packages/airflow/example_dags/example_short_circuit_operator.py took 0.045 seconds
[2026-04-26T23:28:04.847+0000] {processor.py:161} INFO - Started process (PID=2343) to work on /home/airflow/.local/lib/python3.12/site-packages/airflow/example_dags/example_short_circuit_operator.py
[2026-04-26T23:28:04.848+0000] {processor.py:830} INFO - Processing file /home/airflow/.local/lib/python3.12/site-packages/airflow/example_dags/example_short_circuit_operator.py for tasks to queue
[2026-04-26T23:28:04.849+0000] {logging_mixin.py:188} INFO - [2026-04-26T23:28:04.849+0000] {dagbag.py:545} INFO - Filling up the DagBag from /home/airflow/.local/lib/python3.12/site-packages/airflow/example_dags/example_short_circuit_operator.py
[2026-04-26T23:28:04.854+0000] {processor.py:840} INFO - DAG(s) 'example_short_circuit_operator' retrieved from /home/airflow/.local/lib/python3.12/site-packages/airflow/example_dags/example_short_circuit_operator.py
[2026-04-26T23:28:04.866+0000] {logging_mixin.py:188} INFO - [2026-04-26T23:28:04.866+0000] {dag.py:3096} INFO - Sync 1 DAGs
[2026-04-26T23:28:04.878+0000] {logging_mixin.py:188} INFO - [2026-04-26T23:28:04.877+0000] {dag.py:3954} INFO - Setting next_dagrun for example_short_circuit_operator to 2026-04-25 00:00:00+00:00, run_after=2026-04-26 00:00:00+00:00
[2026-04-26T23:28:04.887+0000] {processor.py:183} INFO - Processing /home/airflow/.local/lib/python3.12/site-packages/airflow/example_dags/example_short_circuit_operator.py took 0.043 seconds
[2026-04-26T23:28:35.627+0000] {processor.py:161} INFO - Started process (PID=2402) to work on /home/airflow/.local/lib/python3.12/site-packages/airflow/example_dags/example_short_circuit_operator.py
[2026-04-26T23:28:35.627+0000] {processor.py:830} INFO - Processing file /home/airflow/.local/lib/python3.12/site-packages/airflow/example_dags/example_short_circuit_operator.py for tasks to queue
[2026-04-26T23:28:35.629+0000] {logging_mixin.py:188} INFO - [2026-04-26T23:28:35.628+0000] {dagbag.py:545} INFO - Filling up the DagBag from /home/airflow/.local/lib/python3.12/site-packages/airflow/example_dags/example_short_circuit_operator.py
[2026-04-26T23:28:35.633+0000] {processor.py:840} INFO - DAG(s) 'example_short_circuit_operator' retrieved from /home/airflow/.local/lib/python3.12/site-packages/airflow/example_dags/example_short_circuit_operator.py
[2026-04-26T23:28:35.646+0000] {logging_mixin.py:188} INFO - [2026-04-26T23:28:35.646+0000] {dag.py:3096} INFO - Sync 1 DAGs
[2026-04-26T23:28:35.658+0000] {logging_mixin.py:188} INFO - [2026-04-26T23:28:35.658+0000] {dag.py:3954} INFO - Setting next_dagrun for example_short_circuit_operator to 2026-04-25 00:00:00+00:00, run_after=2026-04-26 00:00:00+00:00
[2026-04-26T23:28:35.667+0000] {processor.py:183} INFO - Processing /home/airflow/.local/lib/python3.12/site-packages/airflow/example_dags/example_short_circuit_operator.py took 0.044 seconds
[2026-04-26T23:29:05.850+0000] {processor.py:161} INFO - Started process (PID=2461) to work on /home/airflow/.local/lib/python3.12/site-packages/airflow/example_dags/example_short_circuit_operator.py
[2026-04-26T23:29:05.851+0000] {processor.py:830} INFO - Processing file /home/airflow/.local/lib/python3.12/site-packages/airflow/example_dags/example_short_circuit_operator.py for tasks to queue
[2026-04-26T23:29:05.852+0000] {logging_mixin.py:188} INFO - [2026-04-26T23:29:05.852+0000] {dagbag.py:545} INFO - Filling up the DagBag from /home/airflow/.local/lib/python3.12/site-packages/airflow/example_dags/example_short_circuit_operator.py
[2026-04-26T23:29:05.857+0000] {processor.py:840} INFO - DAG(s) 'example_short_circuit_operator' retrieved from /home/airflow/.local/lib/python3.12/site-packages/airflow/example_dags/example_short_circuit_operator.py
[2026-04-26T23:29:05.870+0000] {logging_mixin.py:188} INFO - [2026-04-26T23:29:05.869+0000] {dag.py:3096} INFO - Sync 1 DAGs
[2026-04-26T23:29:05.882+0000] {logging_mixin.py:188} INFO - [2026-04-26T23:29:05.882+0000] {dag.py:3954} INFO - Setting next_dagrun for example_short_circuit_operator to 2026-04-25 00:00:00+00:00, run_after=2026-04-26 00:00:00+00:00
[2026-04-26T23:29:05.893+0000] {processor.py:183} INFO - Processing /home/airflow/.local/lib/python3.12/site-packages/airflow/example_dags/example_short_circuit_operator.py took 0.046 seconds
[2026-04-26T23:29:36.722+0000] {processor.py:161} INFO - Started process (PID=2520) to work on /home/airflow/.local/lib/python3.12/site-packages/airflow/example_dags/example_short_circuit_operator.py
[2026-04-26T23:29:36.722+0000] {processor.py:830} INFO - Processing file /home/airflow/.local/lib/python3.12/site-packages/airflow/example_dags/example_short_circuit_operator.py for tasks to queue
[2026-04-26T23:29:36.723+0000] {logging_mixin.py:188} INFO - [2026-04-26T23:29:36.723+0000] {dagbag.py:545} INFO - Filling up the DagBag from /home/airflow/.local/lib/python3.12/site-packages/airflow/example_dags/example_short_circuit_operator.py
[2026-04-26T23:29:36.727+0000] {processor.py:840} INFO - DAG(s) 'example_short_circuit_operator' retrieved from /home/airflow/.local/lib/python3.12/site-packages/airflow/example_dags/example_short_circuit_operator.py
[2026-04-26T23:29:36.742+0000] {logging_mixin.py:188} INFO - [2026-04-26T23:29:36.741+0000] {dag.py:3096} INFO - Sync 1 DAGs
[2026-04-26T23:29:36.754+0000] {logging_mixin.py:188} INFO - [2026-04-26T23:29:36.754+0000] {dag.py:3954} INFO - Setting next_dagrun for example_short_circuit_operator to 2026-04-25 00:00:00+00:00, run_after=2026-04-26 00:00:00+00:00
[2026-04-26T23:29:36.763+0000] {processor.py:183} INFO - Processing /home/airflow/.local/lib/python3.12/site-packages/airflow/example_dags/example_short_circuit_operator.py took 0.044 seconds
[2026-04-26T23:30:07.416+0000] {processor.py:161} INFO - Started process (PID=2579) to work on /home/airflow/.local/lib/python3.12/site-packages/airflow/example_dags/example_short_circuit_operator.py
[2026-04-26T23:30:07.416+0000] {processor.py:830} INFO - Processing file /home/airflow/.local/lib/python3.12/site-packages/airflow/example_dags/example_short_circuit_operator.py for tasks to queue
[2026-04-26T23:30:07.417+0000] {logging_mixin.py:188} INFO - [2026-04-26T23:30:07.417+0000] {dagbag.py:545} INFO - Filling up the DagBag from /home/airflow/.local/lib/python3.12/site-packages/airflow/example_dags/example_short_circuit_operator.py
[2026-04-26T23:30:07.422+0000] {processor.py:840} INFO - DAG(s) 'example_short_circuit_operator' retrieved from /home/airflow/.local/lib/python3.12/site-packages/airflow/example_dags/example_short_circuit_operator.py
[2026-04-26T23:30:07.436+0000] {logging_mixin.py:188} INFO - [2026-04-26T23:30:07.436+0000] {dag.py:3096} INFO - Sync 1 DAGs
[2026-04-26T23:30:07.449+0000] {logging_mixin.py:188} INFO - [2026-04-26T23:30:07.448+0000] {dag.py:3954} INFO - Setting next_dagrun for example_short_circuit_operator to 2026-04-25 00:00:00+00:00, run_after=2026-04-26 00:00:00+00:00
[2026-04-26T23:30:07.459+0000] {processor.py:183} INFO - Processing /home/airflow/.local/lib/python3.12/site-packages/airflow/example_dags/example_short_circuit_operator.py took 0.047 seconds
[2026-04-26T23:30:38.174+0000] {processor.py:161} INFO - Started process (PID=2638) to work on /home/airflow/.local/lib/python3.12/site-packages/airflow/example_dags/example_short_circuit_operator.py
[2026-04-26T23:30:38.174+0000] {processor.py:830} INFO - Processing file /home/airflow/.local/lib/python3.12/site-packages/airflow/example_dags/example_short_circuit_operator.py for tasks to queue
[2026-04-26T23:30:38.175+0000] {logging_mixin.py:188} INFO - [2026-04-26T23:30:38.175+0000] {dagbag.py:545} INFO - Filling up the DagBag from /home/airflow/.local/lib/python3.12/site-packages/airflow/example_dags/example_short_circuit_operator.py
[2026-04-26T23:30:38.180+0000] {processor.py:840} INFO - DAG(s) 'example_short_circuit_operator' retrieved from /home/airflow/.local/lib/python3.12/site-packages/airflow/example_dags/example_short_circuit_operator.py
[2026-04-26T23:30:38.193+0000] {logging_mixin.py:188} INFO - [2026-04-26T23:30:38.193+0000] {dag.py:3096} INFO - Sync 1 DAGs
[2026-04-26T23:30:38.206+0000] {logging_mixin.py:188} INFO - [2026-04-26T23:30:38.205+0000] {dag.py:3954} INFO - Setting next_dagrun for example_short_circuit_operator to 2026-04-25 00:00:00+00:00, run_after=2026-04-26 00:00:00+00:00
[2026-04-26T23:30:38.216+0000] {processor.py:183} INFO - Processing /home/airflow/.local/lib/python3.12/site-packages/airflow/example_dags/example_short_circuit_operator.py took 0.046 seconds
[2026-04-26T23:31:08.934+0000] {processor.py:161} INFO - Started process (PID=2697) to work on /home/airflow/.local/lib/python3.12/site-packages/airflow/example_dags/example_short_circuit_operator.py
[2026-04-26T23:31:08.935+0000] {processor.py:830} INFO - Processing file /home/airflow/.local/lib/python3.12/site-packages/airflow/example_dags/example_short_circuit_operator.py for tasks to queue
[2026-04-26T23:31:08.936+0000] {logging_mixin.py:188} INFO - [2026-04-26T23:31:08.935+0000] {dagbag.py:545} INFO - Filling up the DagBag from /home/airflow/.local/lib/python3.12/site-packages/airflow/example_dags/example_short_circuit_operator.py
[2026-04-26T23:31:08.940+0000] {processor.py:840} INFO - DAG(s) 'example_short_circuit_operator' retrieved from /home/airflow/.local/lib/python3.12/site-packages/airflow/example_dags/example_short_circuit_operator.py
[2026-04-26T23:31:08.955+0000] {logging_mixin.py:188} INFO - [2026-04-26T23:31:08.955+0000] {dag.py:3096} INFO - Sync 1 DAGs
[2026-04-26T23:31:08.968+0000] {logging_mixin.py:188} INFO - [2026-04-26T23:31:08.968+0000] {dag.py:3954} INFO - Setting next_dagrun for example_short_circuit_operator to 2026-04-25 00:00:00+00:00, run_after=2026-04-26 00:00:00+00:00
[2026-04-26T23:31:08.978+0000] {processor.py:183} INFO - Processing /home/airflow/.local/lib/python3.12/site-packages/airflow/example_dags/example_short_circuit_operator.py took 0.048 seconds
[2026-04-26T23:31:39.677+0000] {processor.py:161} INFO - Started process (PID=2756) to work on /home/airflow/.local/lib/python3.12/site-packages/airflow/example_dags/example_short_circuit_operator.py
[2026-04-26T23:31:39.678+0000] {processor.py:830} INFO - Processing file /home/airflow/.local/lib/python3.12/site-packages/airflow/example_dags/example_short_circuit_operator.py for tasks to queue
[2026-04-26T23:31:39.679+0000] {logging_mixin.py:188} INFO - [2026-04-26T23:31:39.678+0000] {dagbag.py:545} INFO - Filling up the DagBag from /home/airflow/.local/lib/python3.12/site-packages/airflow/example_dags/example_short_circuit_operator.py
[2026-04-26T23:31:39.683+0000] {processor.py:840} INFO - DAG(s) 'example_short_circuit_operator' retrieved from /home/airflow/.local/lib/python3.12/site-packages/airflow/example_dags/example_short_circuit_operator.py
[2026-04-26T23:31:39.697+0000] {logging_mixin.py:188} INFO - [2026-04-26T23:31:39.696+0000] {dag.py:3096} INFO - Sync 1 DAGs
[2026-04-26T23:31:39.710+0000] {logging_mixin.py:188} INFO - [2026-04-26T23:31:39.710+0000] {dag.py:3954} INFO - Setting next_dagrun for example_short_circuit_operator to 2026-04-25 00:00:00+00:00, run_after=2026-04-26 00:00:00+00:00
[2026-04-26T23:31:39.719+0000] {processor.py:183} INFO - Processing /home/airflow/.local/lib/python3.12/site-packages/airflow/example_dags/example_short_circuit_operator.py took 0.045 seconds
[2026-04-26T23:32:10.412+0000] {processor.py:161} INFO - Started process (PID=2815) to work on /home/airflow/.local/lib/python3.12/site-packages/airflow/example_dags/example_short_circuit_operator.py
[2026-04-26T23:32:10.412+0000] {processor.py:830} INFO - Processing file /home/airflow/.local/lib/python3.12/site-packages/airflow/example_dags/example_short_circuit_operator.py for tasks to queue
[2026-04-26T23:32:10.414+0000] {logging_mixin.py:188} INFO - [2026-04-26T23:32:10.413+0000] {dagbag.py:545} INFO - Filling up the DagBag from /home/airflow/.local/lib/python3.12/site-packages/airflow/example_dags/example_short_circuit_operator.py
[2026-04-26T23:32:10.419+0000] {processor.py:840} INFO - DAG(s) 'example_short_circuit_operator' retrieved from /home/airflow/.local/lib/python3.12/site-packages/airflow/example_dags/example_short_circuit_operator.py
[2026-04-26T23:32:10.435+0000] {logging_mixin.py:188} INFO - [2026-04-26T23:32:10.435+0000] {dag.py:3096} INFO - Sync 1 DAGs
[2026-04-26T23:32:10.451+0000] {logging_mixin.py:188} INFO - [2026-04-26T23:32:10.451+0000] {dag.py:3954} INFO - Setting next_dagrun for example_short_circuit_operator to 2026-04-25 00:00:00+00:00, run_after=2026-04-26 00:00:00+00:00
[2026-04-26T23:32:10.464+0000] {processor.py:183} INFO - Processing /home/airflow/.local/lib/python3.12/site-packages/airflow/example_dags/example_short_circuit_operator.py took 0.056 seconds
[2026-04-26T23:32:40.623+0000] {processor.py:161} INFO - Started process (PID=2874) to work on /home/airflow/.local/lib/python3.12/site-packages/airflow/example_dags/example_short_circuit_operator.py
[2026-04-26T23:32:40.624+0000] {processor.py:830} INFO - Processing file /home/airflow/.local/lib/python3.12/site-packages/airflow/example_dags/example_short_circuit_operator.py for tasks to queue
[2026-04-26T23:32:40.625+0000] {logging_mixin.py:188} INFO - [2026-04-26T23:32:40.625+0000] {dagbag.py:545} INFO - Filling up the DagBag from /home/airflow/.local/lib/python3.12/site-packages/airflow/example_dags/example_short_circuit_operator.py
[2026-04-26T23:32:40.631+0000] {processor.py:840} INFO - DAG(s) 'example_short_circuit_operator' retrieved from /home/airflow/.local/lib/python3.12/site-packages/airflow/example_dags/example_short_circuit_operator.py
[2026-04-26T23:32:40.647+0000] {logging_mixin.py:188} INFO - [2026-04-26T23:32:40.647+0000] {dag.py:3096} INFO - Sync 1 DAGs
[2026-04-26T23:32:40.662+0000] {logging_mixin.py:188} INFO - [2026-04-26T23:32:40.662+0000] {dag.py:3954} INFO - Setting next_dagrun for example_short_circuit_operator to 2026-04-25 00:00:00+00:00, run_after=2026-04-26 00:00:00+00:00
[2026-04-26T23:32:40.674+0000] {processor.py:183} INFO - Processing /home/airflow/.local/lib/python3.12/site-packages/airflow/example_dags/example_short_circuit_operator.py took 0.056 seconds
[2026-04-26T23:33:10.901+0000] {processor.py:161} INFO - Started process (PID=2933) to work on /home/airflow/.local/lib/python3.12/site-packages/airflow/example_dags/example_short_circuit_operator.py
[2026-04-26T23:33:10.901+0000] {processor.py:830} INFO - Processing file /home/airflow/.local/lib/python3.12/site-packages/airflow/example_dags/example_short_circuit_operator.py for tasks to queue
[2026-04-26T23:33:10.902+0000] {logging_mixin.py:188} INFO - [2026-04-26T23:33:10.902+0000] {dagbag.py:545} INFO - Filling up the DagBag from /home/airflow/.local/lib/python3.12/site-packages/airflow/example_dags/example_short_circuit_operator.py
[2026-04-26T23:33:10.907+0000] {processor.py:840} INFO - DAG(s) 'example_short_circuit_operator' retrieved from /home/airflow/.local/lib/python3.12/site-packages/airflow/example_dags/example_short_circuit_operator.py
[2026-04-26T23:33:10.922+0000] {logging_mixin.py:188} INFO - [2026-04-26T23:33:10.921+0000] {dag.py:3096} INFO - Sync 1 DAGs
[2026-04-26T23:33:10.935+0000] {logging_mixin.py:188} INFO - [2026-04-26T23:33:10.935+0000] {dag.py:3954} INFO - Setting next_dagrun for example_short_circuit_operator to 2026-04-25 00:00:00+00:00, run_after=2026-04-26 00:00:00+00:00
[2026-04-26T23:33:10.946+0000] {processor.py:183} INFO - Processing /home/airflow/.local/lib/python3.12/site-packages/airflow/example_dags/example_short_circuit_operator.py took 0.049 seconds
[2026-04-26T23:33:41.788+0000] {processor.py:161} INFO - Started process (PID=2996) to work on /home/airflow/.local/lib/python3.12/site-packages/airflow/example_dags/example_short_circuit_operator.py
[2026-04-26T23:33:41.789+0000] {processor.py:830} INFO - Processing file /home/airflow/.local/lib/python3.12/site-packages/airflow/example_dags/example_short_circuit_operator.py for tasks to queue
[2026-04-26T23:33:41.790+0000] {logging_mixin.py:188} INFO - [2026-04-26T23:33:41.790+0000] {dagbag.py:545} INFO - Filling up the DagBag from /home/airflow/.local/lib/python3.12/site-packages/airflow/example_dags/example_short_circuit_operator.py
[2026-04-26T23:33:41.795+0000] {processor.py:840} INFO - DAG(s) 'example_short_circuit_operator' retrieved from /home/airflow/.local/lib/python3.12/site-packages/airflow/example_dags/example_short_circuit_operator.py
[2026-04-26T23:33:41.812+0000] {logging_mixin.py:188} INFO - [2026-04-26T23:33:41.812+0000] {dag.py:3096} INFO - Sync 1 DAGs
[2026-04-26T23:33:41.827+0000] {logging_mixin.py:188} INFO - [2026-04-26T23:33:41.827+0000] {dag.py:3954} INFO - Setting next_dagrun for example_short_circuit_operator to 2026-04-25 00:00:00+00:00, run_after=2026-04-26 00:00:00+00:00
[2026-04-26T23:33:41.839+0000] {processor.py:183} INFO - Processing /home/airflow/.local/lib/python3.12/site-packages/airflow/example_dags/example_short_circuit_operator.py took 0.056 seconds
[2026-04-26T23:34:11.912+0000] {processor.py:161} INFO - Started process (PID=3055) to work on /home/airflow/.local/lib/python3.12/site-packages/airflow/example_dags/example_short_circuit_operator.py
[2026-04-26T23:34:11.912+0000] {processor.py:830} INFO - Processing file /home/airflow/.local/lib/python3.12/site-packages/airflow/example_dags/example_short_circuit_operator.py for tasks to queue
[2026-04-26T23:34:11.913+0000] {logging_mixin.py:188} INFO - [2026-04-26T23:34:11.913+0000] {dagbag.py:545} INFO - Filling up the DagBag from /home/airflow/.local/lib/python3.12/site-packages/airflow/example_dags/example_short_circuit_operator.py
[2026-04-26T23:34:11.917+0000] {processor.py:840} INFO - DAG(s) 'example_short_circuit_operator' retrieved from /home/airflow/.local/lib/python3.12/site-packages/airflow/example_dags/example_short_circuit_operator.py
[2026-04-26T23:34:11.931+0000] {logging_mixin.py:188} INFO - [2026-04-26T23:34:11.931+0000] {dag.py:3096} INFO - Sync 1 DAGs
[2026-04-26T23:34:11.943+0000] {logging_mixin.py:188} INFO - [2026-04-26T23:34:11.943+0000] {dag.py:3954} INFO - Setting next_dagrun for example_short_circuit_operator to 2026-04-25 00:00:00+00:00, run_after=2026-04-26 00:00:00+00:00
[2026-04-26T23:34:11.952+0000] {processor.py:183} INFO - Processing /home/airflow/.local/lib/python3.12/site-packages/airflow/example_dags/example_short_circuit_operator.py took 0.044 seconds
[2026-04-26T23:34:42.007+0000] {processor.py:161} INFO - Started process (PID=3114) to work on /home/airflow/.local/lib/python3.12/site-packages/airflow/example_dags/example_short_circuit_operator.py
[2026-04-26T23:34:42.008+0000] {processor.py:830} INFO - Processing file /home/airflow/.local/lib/python3.12/site-packages/airflow/example_dags/example_short_circuit_operator.py for tasks to queue
[2026-04-26T23:34:42.009+0000] {logging_mixin.py:188} INFO - [2026-04-26T23:34:42.008+0000] {dagbag.py:545} INFO - Filling up the DagBag from /home/airflow/.local/lib/python3.12/site-packages/airflow/example_dags/example_short_circuit_operator.py
[2026-04-26T23:34:42.013+0000] {processor.py:840} INFO - DAG(s) 'example_short_circuit_operator' retrieved from /home/airflow/.local/lib/python3.12/site-packages/airflow/example_dags/example_short_circuit_operator.py
[2026-04-26T23:34:42.026+0000] {logging_mixin.py:188} INFO - [2026-04-26T23:34:42.026+0000] {dag.py:3096} INFO - Sync 1 DAGs
[2026-04-26T23:34:42.038+0000] {logging_mixin.py:188} INFO - [2026-04-26T23:34:42.038+0000] {dag.py:3954} INFO - Setting next_dagrun for example_short_circuit_operator to 2026-04-25 00:00:00+00:00, run_after=2026-04-26 00:00:00+00:00
[2026-04-26T23:34:42.047+0000] {processor.py:183} INFO - Processing /home/airflow/.local/lib/python3.12/site-packages/airflow/example_dags/example_short_circuit_operator.py took 0.044 seconds
[2026-04-26T23:35:12.885+0000] {processor.py:161} INFO - Started process (PID=3173) to work on /home/airflow/.local/lib/python3.12/site-packages/airflow/example_dags/example_short_circuit_operator.py
[2026-04-26T23:35:12.886+0000] {processor.py:830} INFO - Processing file /home/airflow/.local/lib/python3.12/site-packages/airflow/example_dags/example_short_circuit_operator.py for tasks to queue
[2026-04-26T23:35:12.887+0000] {logging_mixin.py:188} INFO - [2026-04-26T23:35:12.886+0000] {dagbag.py:545} INFO - Filling up the DagBag from /home/airflow/.local/lib/python3.12/site-packages/airflow/example_dags/example_short_circuit_operator.py
[2026-04-26T23:35:12.891+0000] {processor.py:840} INFO - DAG(s) 'example_short_circuit_operator' retrieved from /home/airflow/.local/lib/python3.12/site-packages/airflow/example_dags/example_short_circuit_operator.py
[2026-04-26T23:35:12.903+0000] {logging_mixin.py:188} INFO - [2026-04-26T23:35:12.903+0000] {dag.py:3096} INFO - Sync 1 DAGs
[2026-04-26T23:35:12.915+0000] {logging_mixin.py:188} INFO - [2026-04-26T23:35:12.915+0000] {dag.py:3954} INFO - Setting next_dagrun for example_short_circuit_operator to 2026-04-25 00:00:00+00:00, run_after=2026-04-26 00:00:00+00:00
[2026-04-26T23:35:12.925+0000] {processor.py:183} INFO - Processing /home/airflow/.local/lib/python3.12/site-packages/airflow/example_dags/example_short_circuit_operator.py took 0.044 seconds
[2026-04-26T23:35:43.509+0000] {processor.py:161} INFO - Started process (PID=3232) to work on /home/airflow/.local/lib/python3.12/site-packages/airflow/example_dags/example_short_circuit_operator.py
[2026-04-26T23:35:43.510+0000] {processor.py:830} INFO - Processing file /home/airflow/.local/lib/python3.12/site-packages/airflow/example_dags/example_short_circuit_operator.py for tasks to queue
[2026-04-26T23:35:43.511+0000] {logging_mixin.py:188} INFO - [2026-04-26T23:35:43.511+0000] {dagbag.py:545} INFO - Filling up the DagBag from /home/airflow/.local/lib/python3.12/site-packages/airflow/example_dags/example_short_circuit_operator.py
[2026-04-26T23:35:43.515+0000] {processor.py:840} INFO - DAG(s) 'example_short_circuit_operator' retrieved from /home/airflow/.local/lib/python3.12/site-packages/airflow/example_dags/example_short_circuit_operator.py
[2026-04-26T23:35:43.530+0000] {logging_mixin.py:188} INFO - [2026-04-26T23:35:43.530+0000] {dag.py:3096} INFO - Sync 1 DAGs
[2026-04-26T23:35:43.542+0000] {logging_mixin.py:188} INFO - [2026-04-26T23:35:43.541+0000] {dag.py:3954} INFO - Setting next_dagrun for example_short_circuit_operator to 2026-04-25 00:00:00+00:00, run_after=2026-04-26 00:00:00+00:00
[2026-04-26T23:35:43.551+0000] {processor.py:183} INFO - Processing /home/airflow/.local/lib/python3.12/site-packages/airflow/example_dags/example_short_circuit_operator.py took 0.046 seconds
[2026-04-26T23:36:14.309+0000] {processor.py:161} INFO - Started process (PID=3291) to work on /home/airflow/.local/lib/python3.12/site-packages/airflow/example_dags/example_short_circuit_operator.py
[2026-04-26T23:36:14.310+0000] {processor.py:830} INFO - Processing file /home/airflow/.local/lib/python3.12/site-packages/airflow/example_dags/example_short_circuit_operator.py for tasks to queue
[2026-04-26T23:36:14.311+0000] {logging_mixin.py:188} INFO - [2026-04-26T23:36:14.311+0000] {dagbag.py:545} INFO - Filling up the DagBag from /home/airflow/.local/lib/python3.12/site-packages/airflow/example_dags/example_short_circuit_operator.py
[2026-04-26T23:36:14.315+0000] {processor.py:840} INFO - DAG(s) 'example_short_circuit_operator' retrieved from /home/airflow/.local/lib/python3.12/site-packages/airflow/example_dags/example_short_circuit_operator.py
[2026-04-26T23:36:14.328+0000] {logging_mixin.py:188} INFO - [2026-04-26T23:36:14.328+0000] {dag.py:3096} INFO - Sync 1 DAGs
[2026-04-26T23:36:14.339+0000] {logging_mixin.py:188} INFO - [2026-04-26T23:36:14.339+0000] {dag.py:3954} INFO - Setting next_dagrun for example_short_circuit_operator to 2026-04-25 00:00:00+00:00, run_after=2026-04-26 00:00:00+00:00
[2026-04-26T23:36:14.349+0000] {processor.py:183} INFO - Processing /home/airflow/.local/lib/python3.12/site-packages/airflow/example_dags/example_short_circuit_operator.py took 0.043 seconds
[2026-04-26T23:36:44.960+0000] {processor.py:161} INFO - Started process (PID=3350) to work on /home/airflow/.local/lib/python3.12/site-packages/airflow/example_dags/example_short_circuit_operator.py
[2026-04-26T23:36:44.961+0000] {processor.py:830} INFO - Processing file /home/airflow/.local/lib/python3.12/site-packages/airflow/example_dags/example_short_circuit_operator.py for tasks to queue
[2026-04-26T23:36:44.962+0000] {logging_mixin.py:188} INFO - [2026-04-26T23:36:44.962+0000] {dagbag.py:545} INFO - Filling up the DagBag from /home/airflow/.local/lib/python3.12/site-packages/airflow/example_dags/example_short_circuit_operator.py
[2026-04-26T23:36:44.966+0000] {processor.py:840} INFO - DAG(s) 'example_short_circuit_operator' retrieved from /home/airflow/.local/lib/python3.12/site-packages/airflow/example_dags/example_short_circuit_operator.py
[2026-04-26T23:36:44.979+0000] {logging_mixin.py:188} INFO - [2026-04-26T23:36:44.979+0000] {dag.py:3096} INFO - Sync 1 DAGs
[2026-04-26T23:36:44.991+0000] {logging_mixin.py:188} INFO - [2026-04-26T23:36:44.991+0000] {dag.py:3954} INFO - Setting next_dagrun for example_short_circuit_operator to 2026-04-25 00:00:00+00:00, run_after=2026-04-26 00:00:00+00:00
[2026-04-26T23:36:45.002+0000] {processor.py:183} INFO - Processing /home/airflow/.local/lib/python3.12/site-packages/airflow/example_dags/example_short_circuit_operator.py took 0.045 seconds
[2026-04-26T23:37:15.740+0000] {processor.py:161} INFO - Started process (PID=3409) to work on /home/airflow/.local/lib/python3.12/site-packages/airflow/example_dags/example_short_circuit_operator.py
[2026-04-26T23:37:15.741+0000] {processor.py:830} INFO - Processing file /home/airflow/.local/lib/python3.12/site-packages/airflow/example_dags/example_short_circuit_operator.py for tasks to queue
[2026-04-26T23:37:15.742+0000] {logging_mixin.py:188} INFO - [2026-04-26T23:37:15.742+0000] {dagbag.py:545} INFO - Filling up the DagBag from /home/airflow/.local/lib/python3.12/site-packages/airflow/example_dags/example_short_circuit_operator.py
[2026-04-26T23:37:15.747+0000] {processor.py:840} INFO - DAG(s) 'example_short_circuit_operator' retrieved from /home/airflow/.local/lib/python3.12/site-packages/airflow/example_dags/example_short_circuit_operator.py
[2026-04-26T23:37:15.762+0000] {logging_mixin.py:188} INFO - [2026-04-26T23:37:15.761+0000] {dag.py:3096} INFO - Sync 1 DAGs
[2026-04-26T23:37:15.776+0000] {logging_mixin.py:188} INFO - [2026-04-26T23:37:15.776+0000] {dag.py:3954} INFO - Setting next_dagrun for example_short_circuit_operator to 2026-04-25 00:00:00+00:00, run_after=2026-04-26 00:00:00+00:00
[2026-04-26T23:37:15.787+0000] {processor.py:183} INFO - Processing /home/airflow/.local/lib/python3.12/site-packages/airflow/example_dags/example_short_circuit_operator.py took 0.051 seconds
[2026-04-26T23:37:46.488+0000] {processor.py:161} INFO - Started process (PID=3468) to work on /home/airflow/.local/lib/python3.12/site-packages/airflow/example_dags/example_short_circuit_operator.py
[2026-04-26T23:37:46.488+0000] {processor.py:830} INFO - Processing file /home/airflow/.local/lib/python3.12/site-packages/airflow/example_dags/example_short_circuit_operator.py for tasks to queue
[2026-04-26T23:37:46.490+0000] {logging_mixin.py:188} INFO - [2026-04-26T23:37:46.489+0000] {dagbag.py:545} INFO - Filling up the DagBag from /home/airflow/.local/lib/python3.12/site-packages/airflow/example_dags/example_short_circuit_operator.py
[2026-04-26T23:37:46.495+0000] {processor.py:840} INFO - DAG(s) 'example_short_circuit_operator' retrieved from /home/airflow/.local/lib/python3.12/site-packages/airflow/example_dags/example_short_circuit_operator.py
[2026-04-26T23:37:46.510+0000] {logging_mixin.py:188} INFO - [2026-04-26T23:37:46.510+0000] {dag.py:3096} INFO - Sync 1 DAGs
[2026-04-26T23:37:46.526+0000] {logging_mixin.py:188} INFO - [2026-04-26T23:37:46.526+0000] {dag.py:3954} INFO - Setting next_dagrun for example_short_circuit_operator to 2026-04-25 00:00:00+00:00, run_after=2026-04-26 00:00:00+00:00
[2026-04-26T23:37:46.537+0000] {processor.py:183} INFO - Processing /home/airflow/.local/lib/python3.12/site-packages/airflow/example_dags/example_short_circuit_operator.py took 0.054 seconds
[2026-04-26T23:38:17.228+0000] {processor.py:161} INFO - Started process (PID=3527) to work on /home/airflow/.local/lib/python3.12/site-packages/airflow/example_dags/example_short_circuit_operator.py
[2026-04-26T23:38:17.229+0000] {processor.py:830} INFO - Processing file /home/airflow/.local/lib/python3.12/site-packages/airflow/example_dags/example_short_circuit_operator.py for tasks to queue
[2026-04-26T23:38:17.230+0000] {logging_mixin.py:188} INFO - [2026-04-26T23:38:17.230+0000] {dagbag.py:545} INFO - Filling up the DagBag from /home/airflow/.local/lib/python3.12/site-packages/airflow/example_dags/example_short_circuit_operator.py
[2026-04-26T23:38:17.234+0000] {processor.py:840} INFO - DAG(s) 'example_short_circuit_operator' retrieved from /home/airflow/.local/lib/python3.12/site-packages/airflow/example_dags/example_short_circuit_operator.py
[2026-04-26T23:38:17.247+0000] {logging_mixin.py:188} INFO - [2026-04-26T23:38:17.246+0000] {dag.py:3096} INFO - Sync 1 DAGs
[2026-04-26T23:38:17.258+0000] {logging_mixin.py:188} INFO - [2026-04-26T23:38:17.257+0000] {dag.py:3954} INFO - Setting next_dagrun for example_short_circuit_operator to 2026-04-25 00:00:00+00:00, run_after=2026-04-26 00:00:00+00:00
[2026-04-26T23:38:17.266+0000] {processor.py:183} INFO - Processing /home/airflow/.local/lib/python3.12/site-packages/airflow/example_dags/example_short_circuit_operator.py took 0.041 seconds
[2026-04-26T23:38:46.169+0000] {processor.py:161} INFO - Started process (PID=69) to work on /home/airflow/.local/lib/python3.12/site-packages/airflow/example_dags/example_short_circuit_operator.py
[2026-04-26T23:38:46.170+0000] {processor.py:830} INFO - Processing file /home/airflow/.local/lib/python3.12/site-packages/airflow/example_dags/example_short_circuit_operator.py for tasks to queue
[2026-04-26T23:38:46.171+0000] {logging_mixin.py:188} INFO - [2026-04-26T23:38:46.171+0000] {dagbag.py:545} INFO - Filling up the DagBag from /home/airflow/.local/lib/python3.12/site-packages/airflow/example_dags/example_short_circuit_operator.py
[2026-04-26T23:38:46.177+0000] {processor.py:840} INFO - DAG(s) 'example_short_circuit_operator' retrieved from /home/airflow/.local/lib/python3.12/site-packages/airflow/example_dags/example_short_circuit_operator.py
[2026-04-26T23:38:46.184+0000] {logging_mixin.py:188} INFO - [2026-04-26T23:38:46.184+0000] {dag.py:3096} INFO - Sync 1 DAGs
[2026-04-26T23:38:46.195+0000] {logging_mixin.py:188} INFO - [2026-04-26T23:38:46.195+0000] {dag.py:3954} INFO - Setting next_dagrun for example_short_circuit_operator to 2026-04-25 00:00:00+00:00, run_after=2026-04-26 00:00:00+00:00
[2026-04-26T23:38:46.204+0000] {processor.py:183} INFO - Processing /home/airflow/.local/lib/python3.12/site-packages/airflow/example_dags/example_short_circuit_operator.py took 0.038 seconds
[2026-04-26T23:39:16.832+0000] {processor.py:161} INFO - Started process (PID=128) to work on /home/airflow/.local/lib/python3.12/site-packages/airflow/example_dags/example_short_circuit_operator.py
[2026-04-26T23:39:16.833+0000] {processor.py:830} INFO - Processing file /home/airflow/.local/lib/python3.12/site-packages/airflow/example_dags/example_short_circuit_operator.py for tasks to queue
[2026-04-26T23:39:16.834+0000] {logging_mixin.py:188} INFO - [2026-04-26T23:39:16.834+0000] {dagbag.py:545} INFO - Filling up the DagBag from /home/airflow/.local/lib/python3.12/site-packages/airflow/example_dags/example_short_circuit_operator.py
[2026-04-26T23:39:16.838+0000] {processor.py:840} INFO - DAG(s) 'example_short_circuit_operator' retrieved from /home/airflow/.local/lib/python3.12/site-packages/airflow/example_dags/example_short_circuit_operator.py
[2026-04-26T23:39:16.894+0000] {logging_mixin.py:188} INFO - [2026-04-26T23:39:16.894+0000] {dag.py:3096} INFO - Sync 1 DAGs
[2026-04-26T23:39:16.905+0000] {logging_mixin.py:188} INFO - [2026-04-26T23:39:16.905+0000] {dag.py:3954} INFO - Setting next_dagrun for example_short_circuit_operator to 2026-04-25 00:00:00+00:00, run_after=2026-04-26 00:00:00+00:00
[2026-04-26T23:39:16.916+0000] {processor.py:183} INFO - Processing /home/airflow/.local/lib/python3.12/site-packages/airflow/example_dags/example_short_circuit_operator.py took 0.086 seconds
[2026-04-26T23:39:47.611+0000] {processor.py:161} INFO - Started process (PID=193) to work on /home/airflow/.local/lib/python3.12/site-packages/airflow/example_dags/example_short_circuit_operator.py
[2026-04-26T23:39:47.612+0000] {processor.py:830} INFO - Processing file /home/airflow/.local/lib/python3.12/site-packages/airflow/example_dags/example_short_circuit_operator.py for tasks to queue
[2026-04-26T23:39:47.613+0000] {logging_mixin.py:188} INFO - [2026-04-26T23:39:47.613+0000] {dagbag.py:545} INFO - Filling up the DagBag from /home/airflow/.local/lib/python3.12/site-packages/airflow/example_dags/example_short_circuit_operator.py
[2026-04-26T23:39:47.618+0000] {processor.py:840} INFO - DAG(s) 'example_short_circuit_operator' retrieved from /home/airflow/.local/lib/python3.12/site-packages/airflow/example_dags/example_short_circuit_operator.py
[2026-04-26T23:39:47.631+0000] {logging_mixin.py:188} INFO - [2026-04-26T23:39:47.630+0000] {dag.py:3096} INFO - Sync 1 DAGs
[2026-04-26T23:39:47.642+0000] {logging_mixin.py:188} INFO - [2026-04-26T23:39:47.642+0000] {dag.py:3954} INFO - Setting next_dagrun for example_short_circuit_operator to 2026-04-25 00:00:00+00:00, run_after=2026-04-26 00:00:00+00:00
[2026-04-26T23:39:47.652+0000] {processor.py:183} INFO - Processing /home/airflow/.local/lib/python3.12/site-packages/airflow/example_dags/example_short_circuit_operator.py took 0.044 seconds
[2026-04-26T23:40:18.408+0000] {processor.py:161} INFO - Started process (PID=252) to work on /home/airflow/.local/lib/python3.12/site-packages/airflow/example_dags/example_short_circuit_operator.py
[2026-04-26T23:40:18.409+0000] {processor.py:830} INFO - Processing file /home/airflow/.local/lib/python3.12/site-packages/airflow/example_dags/example_short_circuit_operator.py for tasks to queue
[2026-04-26T23:40:18.411+0000] {logging_mixin.py:188} INFO - [2026-04-26T23:40:18.410+0000] {dagbag.py:545} INFO - Filling up the DagBag from /home/airflow/.local/lib/python3.12/site-packages/airflow/example_dags/example_short_circuit_operator.py
[2026-04-26T23:40:18.416+0000] {processor.py:840} INFO - DAG(s) 'example_short_circuit_operator' retrieved from /home/airflow/.local/lib/python3.12/site-packages/airflow/example_dags/example_short_circuit_operator.py
[2026-04-26T23:40:18.433+0000] {logging_mixin.py:188} INFO - [2026-04-26T23:40:18.433+0000] {dag.py:3096} INFO - Sync 1 DAGs
[2026-04-26T23:40:18.450+0000] {logging_mixin.py:188} INFO - [2026-04-26T23:40:18.450+0000] {dag.py:3954} INFO - Setting next_dagrun for example_short_circuit_operator to 2026-04-25 00:00:00+00:00, run_after=2026-04-26 00:00:00+00:00
[2026-04-26T23:40:18.463+0000] {processor.py:183} INFO - Processing /home/airflow/.local/lib/python3.12/site-packages/airflow/example_dags/example_short_circuit_operator.py took 0.060 seconds
[2026-04-26T23:40:49.440+0000] {processor.py:161} INFO - Started process (PID=311) to work on /home/airflow/.local/lib/python3.12/site-packages/airflow/example_dags/example_short_circuit_operator.py
[2026-04-26T23:40:49.441+0000] {processor.py:830} INFO - Processing file /home/airflow/.local/lib/python3.12/site-packages/airflow/example_dags/example_short_circuit_operator.py for tasks to queue
[2026-04-26T23:40:49.442+0000] {logging_mixin.py:188} INFO - [2026-04-26T23:40:49.442+0000] {dagbag.py:545} INFO - Filling up the DagBag from /home/airflow/.local/lib/python3.12/site-packages/airflow/example_dags/example_short_circuit_operator.py
[2026-04-26T23:40:49.448+0000] {processor.py:840} INFO - DAG(s) 'example_short_circuit_operator' retrieved from /home/airflow/.local/lib/python3.12/site-packages/airflow/example_dags/example_short_circuit_operator.py
[2026-04-26T23:40:49.467+0000] {logging_mixin.py:188} INFO - [2026-04-26T23:40:49.467+0000] {dag.py:3096} INFO - Sync 1 DAGs
[2026-04-26T23:40:49.484+0000] {logging_mixin.py:188} INFO - [2026-04-26T23:40:49.484+0000] {dag.py:3954} INFO - Setting next_dagrun for example_short_circuit_operator to 2026-04-25 00:00:00+00:00, run_after=2026-04-26 00:00:00+00:00
[2026-04-26T23:40:49.498+0000] {processor.py:183} INFO - Processing /home/airflow/.local/lib/python3.12/site-packages/airflow/example_dags/example_short_circuit_operator.py took 0.063 seconds
[2026-04-26T23:41:20.310+0000] {processor.py:161} INFO - Started process (PID=370) to work on /home/airflow/.local/lib/python3.12/site-packages/airflow/example_dags/example_short_circuit_operator.py
[2026-04-26T23:41:20.311+0000] {processor.py:830} INFO - Processing file /home/airflow/.local/lib/python3.12/site-packages/airflow/example_dags/example_short_circuit_operator.py for tasks to queue
[2026-04-26T23:41:20.312+0000] {logging_mixin.py:188} INFO - [2026-04-26T23:41:20.312+0000] {dagbag.py:545} INFO - Filling up the DagBag from /home/airflow/.local/lib/python3.12/site-packages/airflow/example_dags/example_short_circuit_operator.py
[2026-04-26T23:41:20.317+0000] {processor.py:840} INFO - DAG(s) 'example_short_circuit_operator' retrieved from /home/airflow/.local/lib/python3.12/site-packages/airflow/example_dags/example_short_circuit_operator.py
[2026-04-26T23:41:20.333+0000] {logging_mixin.py:188} INFO - [2026-04-26T23:41:20.333+0000] {dag.py:3096} INFO - Sync 1 DAGs
[2026-04-26T23:41:20.346+0000] {logging_mixin.py:188} INFO - [2026-04-26T23:41:20.346+0000] {dag.py:3954} INFO - Setting next_dagrun for example_short_circuit_operator to 2026-04-25 00:00:00+00:00, run_after=2026-04-26 00:00:00+00:00
[2026-04-26T23:41:20.359+0000] {processor.py:183} INFO - Processing /home/airflow/.local/lib/python3.12/site-packages/airflow/example_dags/example_short_circuit_operator.py took 0.052 seconds
[2026-04-26T23:41:50.488+0000] {processor.py:161} INFO - Started process (PID=429) to work on /home/airflow/.local/lib/python3.12/site-packages/airflow/example_dags/example_short_circuit_operator.py
[2026-04-26T23:41:50.489+0000] {processor.py:830} INFO - Processing file /home/airflow/.local/lib/python3.12/site-packages/airflow/example_dags/example_short_circuit_operator.py for tasks to queue
[2026-04-26T23:41:50.490+0000] {logging_mixin.py:188} INFO - [2026-04-26T23:41:50.489+0000] {dagbag.py:545} INFO - Filling up the DagBag from /home/airflow/.local/lib/python3.12/site-packages/airflow/example_dags/example_short_circuit_operator.py
[2026-04-26T23:41:50.495+0000] {processor.py:840} INFO - DAG(s) 'example_short_circuit_operator' retrieved from /home/airflow/.local/lib/python3.12/site-packages/airflow/example_dags/example_short_circuit_operator.py
[2026-04-26T23:41:50.507+0000] {logging_mixin.py:188} INFO - [2026-04-26T23:41:50.507+0000] {dag.py:3096} INFO - Sync 1 DAGs
[2026-04-26T23:41:50.519+0000] {logging_mixin.py:188} INFO - [2026-04-26T23:41:50.518+0000] {dag.py:3954} INFO - Setting next_dagrun for example_short_circuit_operator to 2026-04-25 00:00:00+00:00, run_after=2026-04-26 00:00:00+00:00
[2026-04-26T23:41:50.528+0000] {processor.py:183} INFO - Processing /home/airflow/.local/lib/python3.12/site-packages/airflow/example_dags/example_short_circuit_operator.py took 0.044 seconds
[2026-04-26T23:42:20.583+0000] {processor.py:161} INFO - Started process (PID=488) to work on /home/airflow/.local/lib/python3.12/site-packages/airflow/example_dags/example_short_circuit_operator.py
[2026-04-26T23:42:20.583+0000] {processor.py:830} INFO - Processing file /home/airflow/.local/lib/python3.12/site-packages/airflow/example_dags/example_short_circuit_operator.py for tasks to queue
[2026-04-26T23:42:20.584+0000] {logging_mixin.py:188} INFO - [2026-04-26T23:42:20.584+0000] {dagbag.py:545} INFO - Filling up the DagBag from /home/airflow/.local/lib/python3.12/site-packages/airflow/example_dags/example_short_circuit_operator.py
[2026-04-26T23:42:20.589+0000] {processor.py:840} INFO - DAG(s) 'example_short_circuit_operator' retrieved from /home/airflow/.local/lib/python3.12/site-packages/airflow/example_dags/example_short_circuit_operator.py
[2026-04-26T23:42:20.602+0000] {logging_mixin.py:188} INFO - [2026-04-26T23:42:20.602+0000] {dag.py:3096} INFO - Sync 1 DAGs
[2026-04-26T23:42:20.615+0000] {logging_mixin.py:188} INFO - [2026-04-26T23:42:20.614+0000] {dag.py:3954} INFO - Setting next_dagrun for example_short_circuit_operator to 2026-04-25 00:00:00+00:00, run_after=2026-04-26 00:00:00+00:00
[2026-04-26T23:42:20.624+0000] {processor.py:183} INFO - Processing /home/airflow/.local/lib/python3.12/site-packages/airflow/example_dags/example_short_circuit_operator.py took 0.045 seconds
[2026-04-26T23:42:50.807+0000] {processor.py:161} INFO - Started process (PID=547) to work on /home/airflow/.local/lib/python3.12/site-packages/airflow/example_dags/example_short_circuit_operator.py
[2026-04-26T23:42:50.808+0000] {processor.py:830} INFO - Processing file /home/airflow/.local/lib/python3.12/site-packages/airflow/example_dags/example_short_circuit_operator.py for tasks to queue
[2026-04-26T23:42:50.809+0000] {logging_mixin.py:188} INFO - [2026-04-26T23:42:50.809+0000] {dagbag.py:545} INFO - Filling up the DagBag from /home/airflow/.local/lib/python3.12/site-packages/airflow/example_dags/example_short_circuit_operator.py
[2026-04-26T23:42:50.813+0000] {processor.py:840} INFO - DAG(s) 'example_short_circuit_operator' retrieved from /home/airflow/.local/lib/python3.12/site-packages/airflow/example_dags/example_short_circuit_operator.py
[2026-04-26T23:42:50.829+0000] {logging_mixin.py:188} INFO - [2026-04-26T23:42:50.828+0000] {dag.py:3096} INFO - Sync 1 DAGs
[2026-04-26T23:42:50.845+0000] {logging_mixin.py:188} INFO - [2026-04-26T23:42:50.845+0000] {dag.py:3954} INFO - Setting next_dagrun for example_short_circuit_operator to 2026-04-25 00:00:00+00:00, run_after=2026-04-26 00:00:00+00:00
[2026-04-26T23:42:50.860+0000] {processor.py:183} INFO - Processing /home/airflow/.local/lib/python3.12/site-packages/airflow/example_dags/example_short_circuit_operator.py took 0.057 seconds
[2026-04-26T23:43:20.675+0000] {processor.py:161} INFO - Started process (PID=75) to work on /home/airflow/.local/lib/python3.12/site-packages/airflow/example_dags/example_short_circuit_operator.py
[2026-04-26T23:43:20.676+0000] {processor.py:830} INFO - Processing file /home/airflow/.local/lib/python3.12/site-packages/airflow/example_dags/example_short_circuit_operator.py for tasks to queue
[2026-04-26T23:43:20.677+0000] {logging_mixin.py:188} INFO - [2026-04-26T23:43:20.677+0000] {dagbag.py:545} INFO - Filling up the DagBag from /home/airflow/.local/lib/python3.12/site-packages/airflow/example_dags/example_short_circuit_operator.py
[2026-04-26T23:43:20.684+0000] {processor.py:840} INFO - DAG(s) 'example_short_circuit_operator' retrieved from /home/airflow/.local/lib/python3.12/site-packages/airflow/example_dags/example_short_circuit_operator.py
[2026-04-26T23:43:20.691+0000] {logging_mixin.py:188} INFO - [2026-04-26T23:43:20.691+0000] {dag.py:3096} INFO - Sync 1 DAGs
[2026-04-26T23:43:20.704+0000] {logging_mixin.py:188} INFO - [2026-04-26T23:43:20.704+0000] {dag.py:3954} INFO - Setting next_dagrun for example_short_circuit_operator to 2026-04-25 00:00:00+00:00, run_after=2026-04-26 00:00:00+00:00
[2026-04-26T23:43:20.713+0000] {processor.py:183} INFO - Processing /home/airflow/.local/lib/python3.12/site-packages/airflow/example_dags/example_short_circuit_operator.py took 0.042 seconds
[2026-04-26T23:43:51.564+0000] {processor.py:161} INFO - Started process (PID=134) to work on /home/airflow/.local/lib/python3.12/site-packages/airflow/example_dags/example_short_circuit_operator.py
[2026-04-26T23:43:51.565+0000] {processor.py:830} INFO - Processing file /home/airflow/.local/lib/python3.12/site-packages/airflow/example_dags/example_short_circuit_operator.py for tasks to queue
[2026-04-26T23:43:51.566+0000] {logging_mixin.py:188} INFO - [2026-04-26T23:43:51.566+0000] {dagbag.py:545} INFO - Filling up the DagBag from /home/airflow/.local/lib/python3.12/site-packages/airflow/example_dags/example_short_circuit_operator.py
[2026-04-26T23:43:51.570+0000] {processor.py:840} INFO - DAG(s) 'example_short_circuit_operator' retrieved from /home/airflow/.local/lib/python3.12/site-packages/airflow/example_dags/example_short_circuit_operator.py
[2026-04-26T23:43:51.627+0000] {logging_mixin.py:188} INFO - [2026-04-26T23:43:51.626+0000] {dag.py:3096} INFO - Sync 1 DAGs
[2026-04-26T23:43:51.637+0000] {logging_mixin.py:188} INFO - [2026-04-26T23:43:51.636+0000] {dag.py:3954} INFO - Setting next_dagrun for example_short_circuit_operator to 2026-04-25 00:00:00+00:00, run_after=2026-04-26 00:00:00+00:00
[2026-04-26T23:43:51.645+0000] {processor.py:183} INFO - Processing /home/airflow/.local/lib/python3.12/site-packages/airflow/example_dags/example_short_circuit_operator.py took 0.085 seconds
[2026-04-26T23:44:21.828+0000] {processor.py:161} INFO - Started process (PID=193) to work on /home/airflow/.local/lib/python3.12/site-packages/airflow/example_dags/example_short_circuit_operator.py
[2026-04-26T23:44:21.829+0000] {processor.py:830} INFO - Processing file /home/airflow/.local/lib/python3.12/site-packages/airflow/example_dags/example_short_circuit_operator.py for tasks to queue
[2026-04-26T23:44:21.830+0000] {logging_mixin.py:188} INFO - [2026-04-26T23:44:21.830+0000] {dagbag.py:545} INFO - Filling up the DagBag from /home/airflow/.local/lib/python3.12/site-packages/airflow/example_dags/example_short_circuit_operator.py
[2026-04-26T23:44:21.834+0000] {processor.py:840} INFO - DAG(s) 'example_short_circuit_operator' retrieved from /home/airflow/.local/lib/python3.12/site-packages/airflow/example_dags/example_short_circuit_operator.py
[2026-04-26T23:44:21.850+0000] {logging_mixin.py:188} INFO - [2026-04-26T23:44:21.850+0000] {dag.py:3096} INFO - Sync 1 DAGs
[2026-04-26T23:44:21.865+0000] {logging_mixin.py:188} INFO - [2026-04-26T23:44:21.865+0000] {dag.py:3954} INFO - Setting next_dagrun for example_short_circuit_operator to 2026-04-25 00:00:00+00:00, run_after=2026-04-26 00:00:00+00:00
[2026-04-26T23:44:21.877+0000] {processor.py:183} INFO - Processing /home/airflow/.local/lib/python3.12/site-packages/airflow/example_dags/example_short_circuit_operator.py took 0.053 seconds
[2026-04-26T23:44:51.907+0000] {processor.py:161} INFO - Started process (PID=252) to work on /home/airflow/.local/lib/python3.12/site-packages/airflow/example_dags/example_short_circuit_operator.py
[2026-04-26T23:44:51.907+0000] {processor.py:830} INFO - Processing file /home/airflow/.local/lib/python3.12/site-packages/airflow/example_dags/example_short_circuit_operator.py for tasks to queue
[2026-04-26T23:44:51.909+0000] {logging_mixin.py:188} INFO - [2026-04-26T23:44:51.908+0000] {dagbag.py:545} INFO - Filling up the DagBag from /home/airflow/.local/lib/python3.12/site-packages/airflow/example_dags/example_short_circuit_operator.py
[2026-04-26T23:44:51.914+0000] {processor.py:840} INFO - DAG(s) 'example_short_circuit_operator' retrieved from /home/airflow/.local/lib/python3.12/site-packages/airflow/example_dags/example_short_circuit_operator.py
[2026-04-26T23:44:51.929+0000] {logging_mixin.py:188} INFO - [2026-04-26T23:44:51.929+0000] {dag.py:3096} INFO - Sync 1 DAGs
[2026-04-26T23:44:51.942+0000] {logging_mixin.py:188} INFO - [2026-04-26T23:44:51.942+0000] {dag.py:3954} INFO - Setting next_dagrun for example_short_circuit_operator to 2026-04-25 00:00:00+00:00, run_after=2026-04-26 00:00:00+00:00
[2026-04-26T23:44:51.952+0000] {processor.py:183} INFO - Processing /home/airflow/.local/lib/python3.12/site-packages/airflow/example_dags/example_short_circuit_operator.py took 0.050 seconds
[2026-04-26T23:45:22.824+0000] {processor.py:161} INFO - Started process (PID=311) to work on /home/airflow/.local/lib/python3.12/site-packages/airflow/example_dags/example_short_circuit_operator.py
[2026-04-26T23:45:22.824+0000] {processor.py:830} INFO - Processing file /home/airflow/.local/lib/python3.12/site-packages/airflow/example_dags/example_short_circuit_operator.py for tasks to queue
[2026-04-26T23:45:22.826+0000] {logging_mixin.py:188} INFO - [2026-04-26T23:45:22.825+0000] {dagbag.py:545} INFO - Filling up the DagBag from /home/airflow/.local/lib/python3.12/site-packages/airflow/example_dags/example_short_circuit_operator.py
[2026-04-26T23:45:22.830+0000] {processor.py:840} INFO - DAG(s) 'example_short_circuit_operator' retrieved from /home/airflow/.local/lib/python3.12/site-packages/airflow/example_dags/example_short_circuit_operator.py
[2026-04-26T23:45:22.844+0000] {logging_mixin.py:188} INFO - [2026-04-26T23:45:22.843+0000] {dag.py:3096} INFO - Sync 1 DAGs
[2026-04-26T23:45:22.856+0000] {logging_mixin.py:188} INFO - [2026-04-26T23:45:22.855+0000] {dag.py:3954} INFO - Setting next_dagrun for example_short_circuit_operator to 2026-04-25 00:00:00+00:00, run_after=2026-04-26 00:00:00+00:00
[2026-04-26T23:45:22.865+0000] {processor.py:183} INFO - Processing /home/airflow/.local/lib/python3.12/site-packages/airflow/example_dags/example_short_circuit_operator.py took 0.045 seconds
[2026-04-26T23:45:53.635+0000] {processor.py:161} INFO - Started process (PID=370) to work on /home/airflow/.local/lib/python3.12/site-packages/airflow/example_dags/example_short_circuit_operator.py
[2026-04-26T23:45:53.635+0000] {processor.py:830} INFO - Processing file /home/airflow/.local/lib/python3.12/site-packages/airflow/example_dags/example_short_circuit_operator.py for tasks to queue
[2026-04-26T23:45:53.636+0000] {logging_mixin.py:188} INFO - [2026-04-26T23:45:53.636+0000] {dagbag.py:545} INFO - Filling up the DagBag from /home/airflow/.local/lib/python3.12/site-packages/airflow/example_dags/example_short_circuit_operator.py
[2026-04-26T23:45:53.640+0000] {processor.py:840} INFO - DAG(s) 'example_short_circuit_operator' retrieved from /home/airflow/.local/lib/python3.12/site-packages/airflow/example_dags/example_short_circuit_operator.py
[2026-04-26T23:45:53.653+0000] {logging_mixin.py:188} INFO - [2026-04-26T23:45:53.653+0000] {dag.py:3096} INFO - Sync 1 DAGs
[2026-04-26T23:45:53.665+0000] {logging_mixin.py:188} INFO - [2026-04-26T23:45:53.665+0000] {dag.py:3954} INFO - Setting next_dagrun for example_short_circuit_operator to 2026-04-25 00:00:00+00:00, run_after=2026-04-26 00:00:00+00:00
[2026-04-26T23:45:53.674+0000] {processor.py:183} INFO - Processing /home/airflow/.local/lib/python3.12/site-packages/airflow/example_dags/example_short_circuit_operator.py took 0.043 seconds
[2026-04-26T23:46:24.460+0000] {processor.py:161} INFO - Started process (PID=429) to work on /home/airflow/.local/lib/python3.12/site-packages/airflow/example_dags/example_short_circuit_operator.py
[2026-04-26T23:46:24.461+0000] {processor.py:830} INFO - Processing file /home/airflow/.local/lib/python3.12/site-packages/airflow/example_dags/example_short_circuit_operator.py for tasks to queue
[2026-04-26T23:46:24.462+0000] {logging_mixin.py:188} INFO - [2026-04-26T23:46:24.462+0000] {dagbag.py:545} INFO - Filling up the DagBag from /home/airflow/.local/lib/python3.12/site-packages/airflow/example_dags/example_short_circuit_operator.py
[2026-04-26T23:46:24.466+0000] {processor.py:840} INFO - DAG(s) 'example_short_circuit_operator' retrieved from /home/airflow/.local/lib/python3.12/site-packages/airflow/example_dags/example_short_circuit_operator.py
[2026-04-26T23:46:24.479+0000] {logging_mixin.py:188} INFO - [2026-04-26T23:46:24.479+0000] {dag.py:3096} INFO - Sync 1 DAGs
[2026-04-26T23:46:24.493+0000] {logging_mixin.py:188} INFO - [2026-04-26T23:46:24.492+0000] {dag.py:3954} INFO - Setting next_dagrun for example_short_circuit_operator to 2026-04-25 00:00:00+00:00, run_after=2026-04-26 00:00:00+00:00
[2026-04-26T23:46:24.501+0000] {processor.py:183} INFO - Processing /home/airflow/.local/lib/python3.12/site-packages/airflow/example_dags/example_short_circuit_operator.py took 0.045 seconds
[2026-04-26T23:46:55.234+0000] {processor.py:161} INFO - Started process (PID=488) to work on /home/airflow/.local/lib/python3.12/site-packages/airflow/example_dags/example_short_circuit_operator.py
[2026-04-26T23:46:55.234+0000] {processor.py:830} INFO - Processing file /home/airflow/.local/lib/python3.12/site-packages/airflow/example_dags/example_short_circuit_operator.py for tasks to queue
[2026-04-26T23:46:55.236+0000] {logging_mixin.py:188} INFO - [2026-04-26T23:46:55.235+0000] {dagbag.py:545} INFO - Filling up the DagBag from /home/airflow/.local/lib/python3.12/site-packages/airflow/example_dags/example_short_circuit_operator.py
[2026-04-26T23:46:55.240+0000] {processor.py:840} INFO - DAG(s) 'example_short_circuit_operator' retrieved from /home/airflow/.local/lib/python3.12/site-packages/airflow/example_dags/example_short_circuit_operator.py
[2026-04-26T23:46:55.254+0000] {logging_mixin.py:188} INFO - [2026-04-26T23:46:55.254+0000] {dag.py:3096} INFO - Sync 1 DAGs
[2026-04-26T23:46:55.267+0000] {logging_mixin.py:188} INFO - [2026-04-26T23:46:55.267+0000] {dag.py:3954} INFO - Setting next_dagrun for example_short_circuit_operator to 2026-04-25 00:00:00+00:00, run_after=2026-04-26 00:00:00+00:00
[2026-04-26T23:46:55.276+0000] {processor.py:183} INFO - Processing /home/airflow/.local/lib/python3.12/site-packages/airflow/example_dags/example_short_circuit_operator.py took 0.047 seconds
[2026-04-26T23:47:25.414+0000] {processor.py:161} INFO - Started process (PID=547) to work on /home/airflow/.local/lib/python3.12/site-packages/airflow/example_dags/example_short_circuit_operator.py
[2026-04-26T23:47:25.414+0000] {processor.py:830} INFO - Processing file /home/airflow/.local/lib/python3.12/site-packages/airflow/example_dags/example_short_circuit_operator.py for tasks to queue
[2026-04-26T23:47:25.416+0000] {logging_mixin.py:188} INFO - [2026-04-26T23:47:25.415+0000] {dagbag.py:545} INFO - Filling up the DagBag from /home/airflow/.local/lib/python3.12/site-packages/airflow/example_dags/example_short_circuit_operator.py
[2026-04-26T23:47:25.421+0000] {processor.py:840} INFO - DAG(s) 'example_short_circuit_operator' retrieved from /home/airflow/.local/lib/python3.12/site-packages/airflow/example_dags/example_short_circuit_operator.py
[2026-04-26T23:47:25.437+0000] {logging_mixin.py:188} INFO - [2026-04-26T23:47:25.437+0000] {dag.py:3096} INFO - Sync 1 DAGs
[2026-04-26T23:47:25.454+0000] {logging_mixin.py:188} INFO - [2026-04-26T23:47:25.454+0000] {dag.py:3954} INFO - Setting next_dagrun for example_short_circuit_operator to 2026-04-25 00:00:00+00:00, run_after=2026-04-26 00:00:00+00:00
[2026-04-26T23:47:25.466+0000] {processor.py:183} INFO - Processing /home/airflow/.local/lib/python3.12/site-packages/airflow/example_dags/example_short_circuit_operator.py took 0.057 seconds
[2026-04-26T23:47:55.546+0000] {processor.py:161} INFO - Started process (PID=606) to work on /home/airflow/.local/lib/python3.12/site-packages/airflow/example_dags/example_short_circuit_operator.py
[2026-04-26T23:47:55.546+0000] {processor.py:830} INFO - Processing file /home/airflow/.local/lib/python3.12/site-packages/airflow/example_dags/example_short_circuit_operator.py for tasks to queue
[2026-04-26T23:47:55.548+0000] {logging_mixin.py:188} INFO - [2026-04-26T23:47:55.548+0000] {dagbag.py:545} INFO - Filling up the DagBag from /home/airflow/.local/lib/python3.12/site-packages/airflow/example_dags/example_short_circuit_operator.py
[2026-04-26T23:47:55.553+0000] {processor.py:840} INFO - DAG(s) 'example_short_circuit_operator' retrieved from /home/airflow/.local/lib/python3.12/site-packages/airflow/example_dags/example_short_circuit_operator.py
[2026-04-26T23:47:55.570+0000] {logging_mixin.py:188} INFO - [2026-04-26T23:47:55.570+0000] {dag.py:3096} INFO - Sync 1 DAGs
[2026-04-26T23:47:55.585+0000] {logging_mixin.py:188} INFO - [2026-04-26T23:47:55.585+0000] {dag.py:3954} INFO - Setting next_dagrun for example_short_circuit_operator to 2026-04-25 00:00:00+00:00, run_after=2026-04-26 00:00:00+00:00
[2026-04-26T23:47:55.598+0000] {processor.py:183} INFO - Processing /home/airflow/.local/lib/python3.12/site-packages/airflow/example_dags/example_short_circuit_operator.py took 0.057 seconds
[2026-04-26T23:48:25.657+0000] {processor.py:161} INFO - Started process (PID=665) to work on /home/airflow/.local/lib/python3.12/site-packages/airflow/example_dags/example_short_circuit_operator.py
[2026-04-26T23:48:25.657+0000] {processor.py:830} INFO - Processing file /home/airflow/.local/lib/python3.12/site-packages/airflow/example_dags/example_short_circuit_operator.py for tasks to queue
[2026-04-26T23:48:25.659+0000] {logging_mixin.py:188} INFO - [2026-04-26T23:48:25.658+0000] {dagbag.py:545} INFO - Filling up the DagBag from /home/airflow/.local/lib/python3.12/site-packages/airflow/example_dags/example_short_circuit_operator.py
[2026-04-26T23:48:25.665+0000] {processor.py:840} INFO - DAG(s) 'example_short_circuit_operator' retrieved from /home/airflow/.local/lib/python3.12/site-packages/airflow/example_dags/example_short_circuit_operator.py
[2026-04-26T23:48:25.682+0000] {logging_mixin.py:188} INFO - [2026-04-26T23:48:25.682+0000] {dag.py:3096} INFO - Sync 1 DAGs
[2026-04-26T23:48:25.700+0000] {logging_mixin.py:188} INFO - [2026-04-26T23:48:25.700+0000] {dag.py:3954} INFO - Setting next_dagrun for example_short_circuit_operator to 2026-04-25 00:00:00+00:00, run_after=2026-04-26 00:00:00+00:00
[2026-04-26T23:48:25.713+0000] {processor.py:183} INFO - Processing /home/airflow/.local/lib/python3.12/site-packages/airflow/example_dags/example_short_circuit_operator.py took 0.061 seconds
[2026-04-26T23:48:55.755+0000] {processor.py:161} INFO - Started process (PID=724) to work on /home/airflow/.local/lib/python3.12/site-packages/airflow/example_dags/example_short_circuit_operator.py
[2026-04-26T23:48:55.756+0000] {processor.py:830} INFO - Processing file /home/airflow/.local/lib/python3.12/site-packages/airflow/example_dags/example_short_circuit_operator.py for tasks to queue
[2026-04-26T23:48:55.757+0000] {logging_mixin.py:188} INFO - [2026-04-26T23:48:55.757+0000] {dagbag.py:545} INFO - Filling up the DagBag from /home/airflow/.local/lib/python3.12/site-packages/airflow/example_dags/example_short_circuit_operator.py
[2026-04-26T23:48:55.762+0000] {processor.py:840} INFO - DAG(s) 'example_short_circuit_operator' retrieved from /home/airflow/.local/lib/python3.12/site-packages/airflow/example_dags/example_short_circuit_operator.py
[2026-04-26T23:48:55.773+0000] {logging_mixin.py:188} INFO - [2026-04-26T23:48:55.773+0000] {dag.py:3096} INFO - Sync 1 DAGs
[2026-04-26T23:48:55.783+0000] {logging_mixin.py:188} INFO - [2026-04-26T23:48:55.783+0000] {dag.py:3954} INFO - Setting next_dagrun for example_short_circuit_operator to 2026-04-25 00:00:00+00:00, run_after=2026-04-26 00:00:00+00:00
[2026-04-26T23:48:55.791+0000] {processor.py:183} INFO - Processing /home/airflow/.local/lib/python3.12/site-packages/airflow/example_dags/example_short_circuit_operator.py took 0.039 seconds
[2026-04-26T23:49:25.913+0000] {processor.py:161} INFO - Started process (PID=783) to work on /home/airflow/.local/lib/python3.12/site-packages/airflow/example_dags/example_short_circuit_operator.py
[2026-04-26T23:49:25.914+0000] {processor.py:830} INFO - Processing file /home/airflow/.local/lib/python3.12/site-packages/airflow/example_dags/example_short_circuit_operator.py for tasks to queue
[2026-04-26T23:49:25.915+0000] {logging_mixin.py:188} INFO - [2026-04-26T23:49:25.915+0000] {dagbag.py:545} INFO - Filling up the DagBag from /home/airflow/.local/lib/python3.12/site-packages/airflow/example_dags/example_short_circuit_operator.py
[2026-04-26T23:49:25.919+0000] {processor.py:840} INFO - DAG(s) 'example_short_circuit_operator' retrieved from /home/airflow/.local/lib/python3.12/site-packages/airflow/example_dags/example_short_circuit_operator.py
[2026-04-26T23:49:25.932+0000] {logging_mixin.py:188} INFO - [2026-04-26T23:49:25.932+0000] {dag.py:3096} INFO - Sync 1 DAGs
[2026-04-26T23:49:25.945+0000] {logging_mixin.py:188} INFO - [2026-04-26T23:49:25.945+0000] {dag.py:3954} INFO - Setting next_dagrun for example_short_circuit_operator to 2026-04-25 00:00:00+00:00, run_after=2026-04-26 00:00:00+00:00
[2026-04-26T23:49:25.953+0000] {processor.py:183} INFO - Processing /home/airflow/.local/lib/python3.12/site-packages/airflow/example_dags/example_short_circuit_operator.py took 0.044 seconds
[2026-04-26T23:50:03.605+0000] {processor.py:161} INFO - Started process (PID=75) to work on /home/airflow/.local/lib/python3.12/site-packages/airflow/example_dags/example_short_circuit_operator.py
[2026-04-26T23:50:03.606+0000] {processor.py:830} INFO - Processing file /home/airflow/.local/lib/python3.12/site-packages/airflow/example_dags/example_short_circuit_operator.py for tasks to queue
[2026-04-26T23:50:03.607+0000] {logging_mixin.py:188} INFO - [2026-04-26T23:50:03.607+0000] {dagbag.py:545} INFO - Filling up the DagBag from /home/airflow/.local/lib/python3.12/site-packages/airflow/example_dags/example_short_circuit_operator.py
[2026-04-26T23:50:03.615+0000] {processor.py:840} INFO - DAG(s) 'example_short_circuit_operator' retrieved from /home/airflow/.local/lib/python3.12/site-packages/airflow/example_dags/example_short_circuit_operator.py
[2026-04-26T23:50:03.622+0000] {logging_mixin.py:188} INFO - [2026-04-26T23:50:03.622+0000] {dag.py:3096} INFO - Sync 1 DAGs
[2026-04-26T23:50:03.636+0000] {logging_mixin.py:188} INFO - [2026-04-26T23:50:03.636+0000] {dag.py:3954} INFO - Setting next_dagrun for example_short_circuit_operator to 2026-04-25 00:00:00+00:00, run_after=2026-04-26 00:00:00+00:00
[2026-04-26T23:50:03.647+0000] {processor.py:183} INFO - Processing /home/airflow/.local/lib/python3.12/site-packages/airflow/example_dags/example_short_circuit_operator.py took 0.045 seconds
[2026-04-26T23:50:34.648+0000] {processor.py:161} INFO - Started process (PID=134) to work on /home/airflow/.local/lib/python3.12/site-packages/airflow/example_dags/example_short_circuit_operator.py
[2026-04-26T23:50:34.649+0000] {processor.py:830} INFO - Processing file /home/airflow/.local/lib/python3.12/site-packages/airflow/example_dags/example_short_circuit_operator.py for tasks to queue
[2026-04-26T23:50:34.650+0000] {logging_mixin.py:188} INFO - [2026-04-26T23:50:34.650+0000] {dagbag.py:545} INFO - Filling up the DagBag from /home/airflow/.local/lib/python3.12/site-packages/airflow/example_dags/example_short_circuit_operator.py
[2026-04-26T23:50:34.655+0000] {processor.py:840} INFO - DAG(s) 'example_short_circuit_operator' retrieved from /home/airflow/.local/lib/python3.12/site-packages/airflow/example_dags/example_short_circuit_operator.py
[2026-04-26T23:50:34.719+0000] {logging_mixin.py:188} INFO - [2026-04-26T23:50:34.719+0000] {dag.py:3096} INFO - Sync 1 DAGs
[2026-04-26T23:50:34.729+0000] {logging_mixin.py:188} INFO - [2026-04-26T23:50:34.729+0000] {dag.py:3954} INFO - Setting next_dagrun for example_short_circuit_operator to 2026-04-25 00:00:00+00:00, run_after=2026-04-26 00:00:00+00:00
[2026-04-26T23:50:34.738+0000] {processor.py:183} INFO - Processing /home/airflow/.local/lib/python3.12/site-packages/airflow/example_dags/example_short_circuit_operator.py took 0.094 seconds
[2026-04-26T23:51:04.852+0000] {processor.py:161} INFO - Started process (PID=193) to work on /home/airflow/.local/lib/python3.12/site-packages/airflow/example_dags/example_short_circuit_operator.py
[2026-04-26T23:51:04.852+0000] {processor.py:830} INFO - Processing file /home/airflow/.local/lib/python3.12/site-packages/airflow/example_dags/example_short_circuit_operator.py for tasks to queue
[2026-04-26T23:51:04.853+0000] {logging_mixin.py:188} INFO - [2026-04-26T23:51:04.853+0000] {dagbag.py:545} INFO - Filling up the DagBag from /home/airflow/.local/lib/python3.12/site-packages/airflow/example_dags/example_short_circuit_operator.py
[2026-04-26T23:51:04.857+0000] {processor.py:840} INFO - DAG(s) 'example_short_circuit_operator' retrieved from /home/airflow/.local/lib/python3.12/site-packages/airflow/example_dags/example_short_circuit_operator.py
[2026-04-26T23:51:04.869+0000] {logging_mixin.py:188} INFO - [2026-04-26T23:51:04.869+0000] {dag.py:3096} INFO - Sync 1 DAGs
[2026-04-26T23:51:04.881+0000] {logging_mixin.py:188} INFO - [2026-04-26T23:51:04.881+0000] {dag.py:3954} INFO - Setting next_dagrun for example_short_circuit_operator to 2026-04-25 00:00:00+00:00, run_after=2026-04-26 00:00:00+00:00
[2026-04-26T23:51:04.891+0000] {processor.py:183} INFO - Processing /home/airflow/.local/lib/python3.12/site-packages/airflow/example_dags/example_short_circuit_operator.py took 0.042 seconds
[2026-04-26T23:51:34.984+0000] {processor.py:161} INFO - Started process (PID=252) to work on /home/airflow/.local/lib/python3.12/site-packages/airflow/example_dags/example_short_circuit_operator.py
[2026-04-26T23:51:34.985+0000] {processor.py:830} INFO - Processing file /home/airflow/.local/lib/python3.12/site-packages/airflow/example_dags/example_short_circuit_operator.py for tasks to queue
[2026-04-26T23:51:34.986+0000] {logging_mixin.py:188} INFO - [2026-04-26T23:51:34.986+0000] {dagbag.py:545} INFO - Filling up the DagBag from /home/airflow/.local/lib/python3.12/site-packages/airflow/example_dags/example_short_circuit_operator.py
[2026-04-26T23:51:34.990+0000] {processor.py:840} INFO - DAG(s) 'example_short_circuit_operator' retrieved from /home/airflow/.local/lib/python3.12/site-packages/airflow/example_dags/example_short_circuit_operator.py
[2026-04-26T23:51:35.004+0000] {logging_mixin.py:188} INFO - [2026-04-26T23:51:35.004+0000] {dag.py:3096} INFO - Sync 1 DAGs
[2026-04-26T23:51:35.015+0000] {logging_mixin.py:188} INFO - [2026-04-26T23:51:35.015+0000] {dag.py:3954} INFO - Setting next_dagrun for example_short_circuit_operator to 2026-04-25 00:00:00+00:00, run_after=2026-04-26 00:00:00+00:00
[2026-04-26T23:51:35.025+0000] {processor.py:183} INFO - Processing /home/airflow/.local/lib/python3.12/site-packages/airflow/example_dags/example_short_circuit_operator.py took 0.044 seconds
[2026-04-26T23:52:05.119+0000] {processor.py:161} INFO - Started process (PID=311) to work on /home/airflow/.local/lib/python3.12/site-packages/airflow/example_dags/example_short_circuit_operator.py
[2026-04-26T23:52:05.119+0000] {processor.py:830} INFO - Processing file /home/airflow/.local/lib/python3.12/site-packages/airflow/example_dags/example_short_circuit_operator.py for tasks to queue
[2026-04-26T23:52:05.120+0000] {logging_mixin.py:188} INFO - [2026-04-26T23:52:05.120+0000] {dagbag.py:545} INFO - Filling up the DagBag from /home/airflow/.local/lib/python3.12/site-packages/airflow/example_dags/example_short_circuit_operator.py
[2026-04-26T23:52:05.124+0000] {processor.py:840} INFO - DAG(s) 'example_short_circuit_operator' retrieved from /home/airflow/.local/lib/python3.12/site-packages/airflow/example_dags/example_short_circuit_operator.py
[2026-04-26T23:52:05.137+0000] {logging_mixin.py:188} INFO - [2026-04-26T23:52:05.136+0000] {dag.py:3096} INFO - Sync 1 DAGs
[2026-04-26T23:52:05.148+0000] {logging_mixin.py:188} INFO - [2026-04-26T23:52:05.148+0000] {dag.py:3954} INFO - Setting next_dagrun for example_short_circuit_operator to 2026-04-25 00:00:00+00:00, run_after=2026-04-26 00:00:00+00:00
[2026-04-26T23:52:05.156+0000] {processor.py:183} INFO - Processing /home/airflow/.local/lib/python3.12/site-packages/airflow/example_dags/example_short_circuit_operator.py took 0.041 seconds
[2026-04-26T23:52:35.351+0000] {processor.py:161} INFO - Started process (PID=370) to work on /home/airflow/.local/lib/python3.12/site-packages/airflow/example_dags/example_short_circuit_operator.py
[2026-04-26T23:52:35.352+0000] {processor.py:830} INFO - Processing file /home/airflow/.local/lib/python3.12/site-packages/airflow/example_dags/example_short_circuit_operator.py for tasks to queue
[2026-04-26T23:52:35.353+0000] {logging_mixin.py:188} INFO - [2026-04-26T23:52:35.353+0000] {dagbag.py:545} INFO - Filling up the DagBag from /home/airflow/.local/lib/python3.12/site-packages/airflow/example_dags/example_short_circuit_operator.py
[2026-04-26T23:52:35.358+0000] {processor.py:840} INFO - DAG(s) 'example_short_circuit_operator' retrieved from /home/airflow/.local/lib/python3.12/site-packages/airflow/example_dags/example_short_circuit_operator.py
[2026-04-26T23:52:35.373+0000] {logging_mixin.py:188} INFO - [2026-04-26T23:52:35.373+0000] {dag.py:3096} INFO - Sync 1 DAGs
[2026-04-26T23:52:35.386+0000] {logging_mixin.py:188} INFO - [2026-04-26T23:52:35.386+0000] {dag.py:3954} INFO - Setting next_dagrun for example_short_circuit_operator to 2026-04-25 00:00:00+00:00, run_after=2026-04-26 00:00:00+00:00
[2026-04-26T23:52:35.396+0000] {processor.py:183} INFO - Processing /home/airflow/.local/lib/python3.12/site-packages/airflow/example_dags/example_short_circuit_operator.py took 0.050 seconds
[2026-04-26T23:53:06.160+0000] {processor.py:161} INFO - Started process (PID=429) to work on /home/airflow/.local/lib/python3.12/site-packages/airflow/example_dags/example_short_circuit_operator.py
[2026-04-26T23:53:06.160+0000] {processor.py:830} INFO - Processing file /home/airflow/.local/lib/python3.12/site-packages/airflow/example_dags/example_short_circuit_operator.py for tasks to queue
[2026-04-26T23:53:06.162+0000] {logging_mixin.py:188} INFO - [2026-04-26T23:53:06.161+0000] {dagbag.py:545} INFO - Filling up the DagBag from /home/airflow/.local/lib/python3.12/site-packages/airflow/example_dags/example_short_circuit_operator.py
[2026-04-26T23:53:06.167+0000] {processor.py:840} INFO - DAG(s) 'example_short_circuit_operator' retrieved from /home/airflow/.local/lib/python3.12/site-packages/airflow/example_dags/example_short_circuit_operator.py
[2026-04-26T23:53:06.183+0000] {logging_mixin.py:188} INFO - [2026-04-26T23:53:06.183+0000] {dag.py:3096} INFO - Sync 1 DAGs
[2026-04-26T23:53:06.198+0000] {logging_mixin.py:188} INFO - [2026-04-26T23:53:06.198+0000] {dag.py:3954} INFO - Setting next_dagrun for example_short_circuit_operator to 2026-04-25 00:00:00+00:00, run_after=2026-04-26 00:00:00+00:00
[2026-04-26T23:53:06.210+0000] {processor.py:183} INFO - Processing /home/airflow/.local/lib/python3.12/site-packages/airflow/example_dags/example_short_circuit_operator.py took 0.055 seconds
[2026-04-26T23:53:36.474+0000] {processor.py:161} INFO - Started process (PID=488) to work on /home/airflow/.local/lib/python3.12/site-packages/airflow/example_dags/example_short_circuit_operator.py
[2026-04-26T23:53:36.474+0000] {processor.py:830} INFO - Processing file /home/airflow/.local/lib/python3.12/site-packages/airflow/example_dags/example_short_circuit_operator.py for tasks to queue
[2026-04-26T23:53:36.476+0000] {logging_mixin.py:188} INFO - [2026-04-26T23:53:36.475+0000] {dagbag.py:545} INFO - Filling up the DagBag from /home/airflow/.local/lib/python3.12/site-packages/airflow/example_dags/example_short_circuit_operator.py
[2026-04-26T23:53:36.481+0000] {processor.py:840} INFO - DAG(s) 'example_short_circuit_operator' retrieved from /home/airflow/.local/lib/python3.12/site-packages/airflow/example_dags/example_short_circuit_operator.py
[2026-04-26T23:53:36.496+0000] {logging_mixin.py:188} INFO - [2026-04-26T23:53:36.496+0000] {dag.py:3096} INFO - Sync 1 DAGs
[2026-04-26T23:53:36.511+0000] {logging_mixin.py:188} INFO - [2026-04-26T23:53:36.511+0000] {dag.py:3954} INFO - Setting next_dagrun for example_short_circuit_operator to 2026-04-25 00:00:00+00:00, run_after=2026-04-26 00:00:00+00:00
[2026-04-26T23:53:36.523+0000] {processor.py:183} INFO - Processing /home/airflow/.local/lib/python3.12/site-packages/airflow/example_dags/example_short_circuit_operator.py took 0.054 seconds
