[2026-04-26T23:08:14.909+0000] {processor.py:161} INFO - Started process (PID=62) to work on /home/airflow/.local/lib/python3.12/site-packages/airflow/example_dags/example_xcom.py
[2026-04-26T23:08:14.910+0000] {processor.py:830} INFO - Processing file /home/airflow/.local/lib/python3.12/site-packages/airflow/example_dags/example_xcom.py for tasks to queue
[2026-04-26T23:08:14.911+0000] {logging_mixin.py:188} INFO - [2026-04-26T23:08:14.911+0000] {dagbag.py:545} INFO - Filling up the DagBag from /home/airflow/.local/lib/python3.12/site-packages/airflow/example_dags/example_xcom.py
[2026-04-26T23:08:14.916+0000] {processor.py:840} INFO - DAG(s) 'example_xcom' retrieved from /home/airflow/.local/lib/python3.12/site-packages/airflow/example_dags/example_xcom.py
[2026-04-26T23:08:14.922+0000] {logging_mixin.py:188} INFO - [2026-04-26T23:08:14.922+0000] {dag.py:3096} INFO - Sync 1 DAGs
[2026-04-26T23:08:14.935+0000] {logging_mixin.py:188} INFO - [2026-04-26T23:08:14.935+0000] {dag.py:3954} INFO - Setting next_dagrun for example_xcom to 2021-01-01 00:00:00+00:00, run_after=2021-01-01 00:00:00+00:00
[2026-04-26T23:08:14.946+0000] {processor.py:183} INFO - Processing /home/airflow/.local/lib/python3.12/site-packages/airflow/example_dags/example_xcom.py took 0.040 seconds
[2026-04-26T23:08:45.606+0000] {processor.py:161} INFO - Started process (PID=120) to work on /home/airflow/.local/lib/python3.12/site-packages/airflow/example_dags/example_xcom.py
[2026-04-26T23:08:45.606+0000] {processor.py:830} INFO - Processing file /home/airflow/.local/lib/python3.12/site-packages/airflow/example_dags/example_xcom.py for tasks to queue
[2026-04-26T23:08:45.607+0000] {logging_mixin.py:188} INFO - [2026-04-26T23:08:45.607+0000] {dagbag.py:545} INFO - Filling up the DagBag from /home/airflow/.local/lib/python3.12/site-packages/airflow/example_dags/example_xcom.py
[2026-04-26T23:08:45.612+0000] {processor.py:840} INFO - DAG(s) 'example_xcom' retrieved from /home/airflow/.local/lib/python3.12/site-packages/airflow/example_dags/example_xcom.py
[2026-04-26T23:08:45.682+0000] {logging_mixin.py:188} INFO - [2026-04-26T23:08:45.681+0000] {dag.py:3096} INFO - Sync 1 DAGs
[2026-04-26T23:08:45.694+0000] {logging_mixin.py:188} INFO - [2026-04-26T23:08:45.694+0000] {dag.py:3954} INFO - Setting next_dagrun for example_xcom to 2021-01-01 00:00:00+00:00, run_after=2021-01-01 00:00:00+00:00
[2026-04-26T23:08:45.707+0000] {processor.py:183} INFO - Processing /home/airflow/.local/lib/python3.12/site-packages/airflow/example_dags/example_xcom.py took 0.105 seconds
[2026-04-26T23:09:16.522+0000] {processor.py:161} INFO - Started process (PID=178) to work on /home/airflow/.local/lib/python3.12/site-packages/airflow/example_dags/example_xcom.py
[2026-04-26T23:09:16.523+0000] {processor.py:830} INFO - Processing file /home/airflow/.local/lib/python3.12/site-packages/airflow/example_dags/example_xcom.py for tasks to queue
[2026-04-26T23:09:16.524+0000] {logging_mixin.py:188} INFO - [2026-04-26T23:09:16.524+0000] {dagbag.py:545} INFO - Filling up the DagBag from /home/airflow/.local/lib/python3.12/site-packages/airflow/example_dags/example_xcom.py
[2026-04-26T23:09:16.529+0000] {processor.py:840} INFO - DAG(s) 'example_xcom' retrieved from /home/airflow/.local/lib/python3.12/site-packages/airflow/example_dags/example_xcom.py
[2026-04-26T23:09:16.543+0000] {logging_mixin.py:188} INFO - [2026-04-26T23:09:16.543+0000] {dag.py:3096} INFO - Sync 1 DAGs
[2026-04-26T23:09:16.557+0000] {logging_mixin.py:188} INFO - [2026-04-26T23:09:16.557+0000] {dag.py:3954} INFO - Setting next_dagrun for example_xcom to 2021-01-01 00:00:00+00:00, run_after=2021-01-01 00:00:00+00:00
[2026-04-26T23:09:16.568+0000] {processor.py:183} INFO - Processing /home/airflow/.local/lib/python3.12/site-packages/airflow/example_dags/example_xcom.py took 0.050 seconds
[2026-04-26T23:09:47.354+0000] {processor.py:161} INFO - Started process (PID=236) to work on /home/airflow/.local/lib/python3.12/site-packages/airflow/example_dags/example_xcom.py
[2026-04-26T23:09:47.355+0000] {processor.py:830} INFO - Processing file /home/airflow/.local/lib/python3.12/site-packages/airflow/example_dags/example_xcom.py for tasks to queue
[2026-04-26T23:09:47.356+0000] {logging_mixin.py:188} INFO - [2026-04-26T23:09:47.356+0000] {dagbag.py:545} INFO - Filling up the DagBag from /home/airflow/.local/lib/python3.12/site-packages/airflow/example_dags/example_xcom.py
[2026-04-26T23:09:47.360+0000] {processor.py:840} INFO - DAG(s) 'example_xcom' retrieved from /home/airflow/.local/lib/python3.12/site-packages/airflow/example_dags/example_xcom.py
[2026-04-26T23:09:47.374+0000] {logging_mixin.py:188} INFO - [2026-04-26T23:09:47.373+0000] {dag.py:3096} INFO - Sync 1 DAGs
[2026-04-26T23:09:47.387+0000] {logging_mixin.py:188} INFO - [2026-04-26T23:09:47.387+0000] {dag.py:3954} INFO - Setting next_dagrun for example_xcom to 2021-01-01 00:00:00+00:00, run_after=2021-01-01 00:00:00+00:00
[2026-04-26T23:09:47.397+0000] {processor.py:183} INFO - Processing /home/airflow/.local/lib/python3.12/site-packages/airflow/example_dags/example_xcom.py took 0.048 seconds
[2026-04-26T23:10:18.266+0000] {processor.py:161} INFO - Started process (PID=300) to work on /home/airflow/.local/lib/python3.12/site-packages/airflow/example_dags/example_xcom.py
[2026-04-26T23:10:18.267+0000] {processor.py:830} INFO - Processing file /home/airflow/.local/lib/python3.12/site-packages/airflow/example_dags/example_xcom.py for tasks to queue
[2026-04-26T23:10:18.268+0000] {logging_mixin.py:188} INFO - [2026-04-26T23:10:18.268+0000] {dagbag.py:545} INFO - Filling up the DagBag from /home/airflow/.local/lib/python3.12/site-packages/airflow/example_dags/example_xcom.py
[2026-04-26T23:10:18.274+0000] {processor.py:840} INFO - DAG(s) 'example_xcom' retrieved from /home/airflow/.local/lib/python3.12/site-packages/airflow/example_dags/example_xcom.py
[2026-04-26T23:10:18.289+0000] {logging_mixin.py:188} INFO - [2026-04-26T23:10:18.289+0000] {dag.py:3096} INFO - Sync 1 DAGs
[2026-04-26T23:10:18.304+0000] {logging_mixin.py:188} INFO - [2026-04-26T23:10:18.304+0000] {dag.py:3954} INFO - Setting next_dagrun for example_xcom to 2021-01-01 00:00:00+00:00, run_after=2021-01-01 00:00:00+00:00
[2026-04-26T23:10:18.318+0000] {processor.py:183} INFO - Processing /home/airflow/.local/lib/python3.12/site-packages/airflow/example_dags/example_xcom.py took 0.056 seconds
[2026-04-26T23:10:48.411+0000] {processor.py:161} INFO - Started process (PID=358) to work on /home/airflow/.local/lib/python3.12/site-packages/airflow/example_dags/example_xcom.py
[2026-04-26T23:10:48.411+0000] {processor.py:830} INFO - Processing file /home/airflow/.local/lib/python3.12/site-packages/airflow/example_dags/example_xcom.py for tasks to queue
[2026-04-26T23:10:48.412+0000] {logging_mixin.py:188} INFO - [2026-04-26T23:10:48.412+0000] {dagbag.py:545} INFO - Filling up the DagBag from /home/airflow/.local/lib/python3.12/site-packages/airflow/example_dags/example_xcom.py
[2026-04-26T23:10:48.418+0000] {processor.py:840} INFO - DAG(s) 'example_xcom' retrieved from /home/airflow/.local/lib/python3.12/site-packages/airflow/example_dags/example_xcom.py
[2026-04-26T23:10:48.432+0000] {logging_mixin.py:188} INFO - [2026-04-26T23:10:48.432+0000] {dag.py:3096} INFO - Sync 1 DAGs
[2026-04-26T23:10:48.447+0000] {logging_mixin.py:188} INFO - [2026-04-26T23:10:48.447+0000] {dag.py:3954} INFO - Setting next_dagrun for example_xcom to 2021-01-01 00:00:00+00:00, run_after=2021-01-01 00:00:00+00:00
[2026-04-26T23:10:48.459+0000] {processor.py:183} INFO - Processing /home/airflow/.local/lib/python3.12/site-packages/airflow/example_dags/example_xcom.py took 0.053 seconds
[2026-04-26T23:11:19.141+0000] {processor.py:161} INFO - Started process (PID=416) to work on /home/airflow/.local/lib/python3.12/site-packages/airflow/example_dags/example_xcom.py
[2026-04-26T23:11:19.142+0000] {processor.py:830} INFO - Processing file /home/airflow/.local/lib/python3.12/site-packages/airflow/example_dags/example_xcom.py for tasks to queue
[2026-04-26T23:11:19.143+0000] {logging_mixin.py:188} INFO - [2026-04-26T23:11:19.143+0000] {dagbag.py:545} INFO - Filling up the DagBag from /home/airflow/.local/lib/python3.12/site-packages/airflow/example_dags/example_xcom.py
[2026-04-26T23:11:19.147+0000] {processor.py:840} INFO - DAG(s) 'example_xcom' retrieved from /home/airflow/.local/lib/python3.12/site-packages/airflow/example_dags/example_xcom.py
[2026-04-26T23:11:19.160+0000] {logging_mixin.py:188} INFO - [2026-04-26T23:11:19.159+0000] {dag.py:3096} INFO - Sync 1 DAGs
[2026-04-26T23:11:19.172+0000] {logging_mixin.py:188} INFO - [2026-04-26T23:11:19.172+0000] {dag.py:3954} INFO - Setting next_dagrun for example_xcom to 2021-01-01 00:00:00+00:00, run_after=2021-01-01 00:00:00+00:00
[2026-04-26T23:11:19.183+0000] {processor.py:183} INFO - Processing /home/airflow/.local/lib/python3.12/site-packages/airflow/example_dags/example_xcom.py took 0.045 seconds
[2026-04-26T23:11:49.925+0000] {processor.py:161} INFO - Started process (PID=474) to work on /home/airflow/.local/lib/python3.12/site-packages/airflow/example_dags/example_xcom.py
[2026-04-26T23:11:49.926+0000] {processor.py:830} INFO - Processing file /home/airflow/.local/lib/python3.12/site-packages/airflow/example_dags/example_xcom.py for tasks to queue
[2026-04-26T23:11:49.926+0000] {logging_mixin.py:188} INFO - [2026-04-26T23:11:49.926+0000] {dagbag.py:545} INFO - Filling up the DagBag from /home/airflow/.local/lib/python3.12/site-packages/airflow/example_dags/example_xcom.py
[2026-04-26T23:11:49.930+0000] {processor.py:840} INFO - DAG(s) 'example_xcom' retrieved from /home/airflow/.local/lib/python3.12/site-packages/airflow/example_dags/example_xcom.py
[2026-04-26T23:11:49.942+0000] {logging_mixin.py:188} INFO - [2026-04-26T23:11:49.942+0000] {dag.py:3096} INFO - Sync 1 DAGs
[2026-04-26T23:11:49.952+0000] {logging_mixin.py:188} INFO - [2026-04-26T23:11:49.952+0000] {dag.py:3954} INFO - Setting next_dagrun for example_xcom to 2021-01-01 00:00:00+00:00, run_after=2021-01-01 00:00:00+00:00
[2026-04-26T23:11:49.961+0000] {processor.py:183} INFO - Processing /home/airflow/.local/lib/python3.12/site-packages/airflow/example_dags/example_xcom.py took 0.039 seconds
[2026-04-26T23:12:20.712+0000] {processor.py:161} INFO - Started process (PID=532) to work on /home/airflow/.local/lib/python3.12/site-packages/airflow/example_dags/example_xcom.py
[2026-04-26T23:12:20.713+0000] {processor.py:830} INFO - Processing file /home/airflow/.local/lib/python3.12/site-packages/airflow/example_dags/example_xcom.py for tasks to queue
[2026-04-26T23:12:20.714+0000] {logging_mixin.py:188} INFO - [2026-04-26T23:12:20.714+0000] {dagbag.py:545} INFO - Filling up the DagBag from /home/airflow/.local/lib/python3.12/site-packages/airflow/example_dags/example_xcom.py
[2026-04-26T23:12:20.718+0000] {processor.py:840} INFO - DAG(s) 'example_xcom' retrieved from /home/airflow/.local/lib/python3.12/site-packages/airflow/example_dags/example_xcom.py
[2026-04-26T23:12:20.730+0000] {logging_mixin.py:188} INFO - [2026-04-26T23:12:20.730+0000] {dag.py:3096} INFO - Sync 1 DAGs
[2026-04-26T23:12:20.742+0000] {logging_mixin.py:188} INFO - [2026-04-26T23:12:20.742+0000] {dag.py:3954} INFO - Setting next_dagrun for example_xcom to 2021-01-01 00:00:00+00:00, run_after=2021-01-01 00:00:00+00:00
[2026-04-26T23:12:20.752+0000] {processor.py:183} INFO - Processing /home/airflow/.local/lib/python3.12/site-packages/airflow/example_dags/example_xcom.py took 0.043 seconds
[2026-04-26T23:12:51.519+0000] {processor.py:161} INFO - Started process (PID=590) to work on /home/airflow/.local/lib/python3.12/site-packages/airflow/example_dags/example_xcom.py
[2026-04-26T23:12:51.520+0000] {processor.py:830} INFO - Processing file /home/airflow/.local/lib/python3.12/site-packages/airflow/example_dags/example_xcom.py for tasks to queue
[2026-04-26T23:12:51.521+0000] {logging_mixin.py:188} INFO - [2026-04-26T23:12:51.521+0000] {dagbag.py:545} INFO - Filling up the DagBag from /home/airflow/.local/lib/python3.12/site-packages/airflow/example_dags/example_xcom.py
[2026-04-26T23:12:51.525+0000] {processor.py:840} INFO - DAG(s) 'example_xcom' retrieved from /home/airflow/.local/lib/python3.12/site-packages/airflow/example_dags/example_xcom.py
[2026-04-26T23:12:51.539+0000] {logging_mixin.py:188} INFO - [2026-04-26T23:12:51.538+0000] {dag.py:3096} INFO - Sync 1 DAGs
[2026-04-26T23:12:51.553+0000] {logging_mixin.py:188} INFO - [2026-04-26T23:12:51.553+0000] {dag.py:3954} INFO - Setting next_dagrun for example_xcom to 2021-01-01 00:00:00+00:00, run_after=2021-01-01 00:00:00+00:00
[2026-04-26T23:12:51.567+0000] {processor.py:183} INFO - Processing /home/airflow/.local/lib/python3.12/site-packages/airflow/example_dags/example_xcom.py took 0.051 seconds
[2026-04-26T23:13:21.630+0000] {processor.py:161} INFO - Started process (PID=648) to work on /home/airflow/.local/lib/python3.12/site-packages/airflow/example_dags/example_xcom.py
[2026-04-26T23:13:21.631+0000] {processor.py:830} INFO - Processing file /home/airflow/.local/lib/python3.12/site-packages/airflow/example_dags/example_xcom.py for tasks to queue
[2026-04-26T23:13:21.632+0000] {logging_mixin.py:188} INFO - [2026-04-26T23:13:21.631+0000] {dagbag.py:545} INFO - Filling up the DagBag from /home/airflow/.local/lib/python3.12/site-packages/airflow/example_dags/example_xcom.py
[2026-04-26T23:13:21.636+0000] {processor.py:840} INFO - DAG(s) 'example_xcom' retrieved from /home/airflow/.local/lib/python3.12/site-packages/airflow/example_dags/example_xcom.py
[2026-04-26T23:13:21.650+0000] {logging_mixin.py:188} INFO - [2026-04-26T23:13:21.649+0000] {dag.py:3096} INFO - Sync 1 DAGs
[2026-04-26T23:13:21.662+0000] {logging_mixin.py:188} INFO - [2026-04-26T23:13:21.662+0000] {dag.py:3954} INFO - Setting next_dagrun for example_xcom to 2021-01-01 00:00:00+00:00, run_after=2021-01-01 00:00:00+00:00
[2026-04-26T23:13:21.672+0000] {processor.py:183} INFO - Processing /home/airflow/.local/lib/python3.12/site-packages/airflow/example_dags/example_xcom.py took 0.046 seconds
[2026-04-26T23:13:51.943+0000] {processor.py:161} INFO - Started process (PID=706) to work on /home/airflow/.local/lib/python3.12/site-packages/airflow/example_dags/example_xcom.py
[2026-04-26T23:13:51.944+0000] {processor.py:830} INFO - Processing file /home/airflow/.local/lib/python3.12/site-packages/airflow/example_dags/example_xcom.py for tasks to queue
[2026-04-26T23:13:51.945+0000] {logging_mixin.py:188} INFO - [2026-04-26T23:13:51.945+0000] {dagbag.py:545} INFO - Filling up the DagBag from /home/airflow/.local/lib/python3.12/site-packages/airflow/example_dags/example_xcom.py
[2026-04-26T23:13:51.950+0000] {processor.py:840} INFO - DAG(s) 'example_xcom' retrieved from /home/airflow/.local/lib/python3.12/site-packages/airflow/example_dags/example_xcom.py
[2026-04-26T23:13:51.961+0000] {logging_mixin.py:188} INFO - [2026-04-26T23:13:51.960+0000] {dag.py:3096} INFO - Sync 1 DAGs
[2026-04-26T23:13:51.971+0000] {logging_mixin.py:188} INFO - [2026-04-26T23:13:51.971+0000] {dag.py:3954} INFO - Setting next_dagrun for example_xcom to 2021-01-01 00:00:00+00:00, run_after=2021-01-01 00:00:00+00:00
[2026-04-26T23:13:51.981+0000] {processor.py:183} INFO - Processing /home/airflow/.local/lib/python3.12/site-packages/airflow/example_dags/example_xcom.py took 0.041 seconds
[2026-04-26T23:14:22.584+0000] {processor.py:161} INFO - Started process (PID=764) to work on /home/airflow/.local/lib/python3.12/site-packages/airflow/example_dags/example_xcom.py
[2026-04-26T23:14:22.585+0000] {processor.py:830} INFO - Processing file /home/airflow/.local/lib/python3.12/site-packages/airflow/example_dags/example_xcom.py for tasks to queue
[2026-04-26T23:14:22.586+0000] {logging_mixin.py:188} INFO - [2026-04-26T23:14:22.586+0000] {dagbag.py:545} INFO - Filling up the DagBag from /home/airflow/.local/lib/python3.12/site-packages/airflow/example_dags/example_xcom.py
[2026-04-26T23:14:22.590+0000] {processor.py:840} INFO - DAG(s) 'example_xcom' retrieved from /home/airflow/.local/lib/python3.12/site-packages/airflow/example_dags/example_xcom.py
[2026-04-26T23:14:22.601+0000] {logging_mixin.py:188} INFO - [2026-04-26T23:14:22.601+0000] {dag.py:3096} INFO - Sync 1 DAGs
[2026-04-26T23:14:22.611+0000] {logging_mixin.py:188} INFO - [2026-04-26T23:14:22.611+0000] {dag.py:3954} INFO - Setting next_dagrun for example_xcom to 2021-01-01 00:00:00+00:00, run_after=2021-01-01 00:00:00+00:00
[2026-04-26T23:14:22.620+0000] {processor.py:183} INFO - Processing /home/airflow/.local/lib/python3.12/site-packages/airflow/example_dags/example_xcom.py took 0.040 seconds
[2026-04-26T23:14:53.356+0000] {processor.py:161} INFO - Started process (PID=822) to work on /home/airflow/.local/lib/python3.12/site-packages/airflow/example_dags/example_xcom.py
[2026-04-26T23:14:53.357+0000] {processor.py:830} INFO - Processing file /home/airflow/.local/lib/python3.12/site-packages/airflow/example_dags/example_xcom.py for tasks to queue
[2026-04-26T23:14:53.358+0000] {logging_mixin.py:188} INFO - [2026-04-26T23:14:53.358+0000] {dagbag.py:545} INFO - Filling up the DagBag from /home/airflow/.local/lib/python3.12/site-packages/airflow/example_dags/example_xcom.py
[2026-04-26T23:14:53.364+0000] {processor.py:840} INFO - DAG(s) 'example_xcom' retrieved from /home/airflow/.local/lib/python3.12/site-packages/airflow/example_dags/example_xcom.py
[2026-04-26T23:14:53.378+0000] {logging_mixin.py:188} INFO - [2026-04-26T23:14:53.377+0000] {dag.py:3096} INFO - Sync 1 DAGs
[2026-04-26T23:14:53.390+0000] {logging_mixin.py:188} INFO - [2026-04-26T23:14:53.390+0000] {dag.py:3954} INFO - Setting next_dagrun for example_xcom to 2021-01-01 00:00:00+00:00, run_after=2021-01-01 00:00:00+00:00
[2026-04-26T23:14:53.402+0000] {processor.py:183} INFO - Processing /home/airflow/.local/lib/python3.12/site-packages/airflow/example_dags/example_xcom.py took 0.050 seconds
[2026-04-26T23:15:23.445+0000] {processor.py:161} INFO - Started process (PID=880) to work on /home/airflow/.local/lib/python3.12/site-packages/airflow/example_dags/example_xcom.py
[2026-04-26T23:15:23.445+0000] {processor.py:830} INFO - Processing file /home/airflow/.local/lib/python3.12/site-packages/airflow/example_dags/example_xcom.py for tasks to queue
[2026-04-26T23:15:23.446+0000] {logging_mixin.py:188} INFO - [2026-04-26T23:15:23.446+0000] {dagbag.py:545} INFO - Filling up the DagBag from /home/airflow/.local/lib/python3.12/site-packages/airflow/example_dags/example_xcom.py
[2026-04-26T23:15:23.450+0000] {processor.py:840} INFO - DAG(s) 'example_xcom' retrieved from /home/airflow/.local/lib/python3.12/site-packages/airflow/example_dags/example_xcom.py
[2026-04-26T23:15:23.462+0000] {logging_mixin.py:188} INFO - [2026-04-26T23:15:23.461+0000] {dag.py:3096} INFO - Sync 1 DAGs
[2026-04-26T23:15:23.472+0000] {logging_mixin.py:188} INFO - [2026-04-26T23:15:23.472+0000] {dag.py:3954} INFO - Setting next_dagrun for example_xcom to 2021-01-01 00:00:00+00:00, run_after=2021-01-01 00:00:00+00:00
[2026-04-26T23:15:23.480+0000] {processor.py:183} INFO - Processing /home/airflow/.local/lib/python3.12/site-packages/airflow/example_dags/example_xcom.py took 0.039 seconds
[2026-04-26T23:15:53.650+0000] {processor.py:161} INFO - Started process (PID=938) to work on /home/airflow/.local/lib/python3.12/site-packages/airflow/example_dags/example_xcom.py
[2026-04-26T23:15:53.650+0000] {processor.py:830} INFO - Processing file /home/airflow/.local/lib/python3.12/site-packages/airflow/example_dags/example_xcom.py for tasks to queue
[2026-04-26T23:15:53.651+0000] {logging_mixin.py:188} INFO - [2026-04-26T23:15:53.651+0000] {dagbag.py:545} INFO - Filling up the DagBag from /home/airflow/.local/lib/python3.12/site-packages/airflow/example_dags/example_xcom.py
[2026-04-26T23:15:53.655+0000] {processor.py:840} INFO - DAG(s) 'example_xcom' retrieved from /home/airflow/.local/lib/python3.12/site-packages/airflow/example_dags/example_xcom.py
[2026-04-26T23:15:53.666+0000] {logging_mixin.py:188} INFO - [2026-04-26T23:15:53.666+0000] {dag.py:3096} INFO - Sync 1 DAGs
[2026-04-26T23:15:53.678+0000] {logging_mixin.py:188} INFO - [2026-04-26T23:15:53.678+0000] {dag.py:3954} INFO - Setting next_dagrun for example_xcom to 2021-01-01 00:00:00+00:00, run_after=2021-01-01 00:00:00+00:00
[2026-04-26T23:15:53.688+0000] {processor.py:183} INFO - Processing /home/airflow/.local/lib/python3.12/site-packages/airflow/example_dags/example_xcom.py took 0.041 seconds
[2026-04-26T23:16:23.844+0000] {processor.py:161} INFO - Started process (PID=996) to work on /home/airflow/.local/lib/python3.12/site-packages/airflow/example_dags/example_xcom.py
[2026-04-26T23:16:23.844+0000] {processor.py:830} INFO - Processing file /home/airflow/.local/lib/python3.12/site-packages/airflow/example_dags/example_xcom.py for tasks to queue
[2026-04-26T23:16:23.846+0000] {logging_mixin.py:188} INFO - [2026-04-26T23:16:23.845+0000] {dagbag.py:545} INFO - Filling up the DagBag from /home/airflow/.local/lib/python3.12/site-packages/airflow/example_dags/example_xcom.py
[2026-04-26T23:16:23.850+0000] {processor.py:840} INFO - DAG(s) 'example_xcom' retrieved from /home/airflow/.local/lib/python3.12/site-packages/airflow/example_dags/example_xcom.py
[2026-04-26T23:16:23.861+0000] {logging_mixin.py:188} INFO - [2026-04-26T23:16:23.861+0000] {dag.py:3096} INFO - Sync 1 DAGs
[2026-04-26T23:16:23.872+0000] {logging_mixin.py:188} INFO - [2026-04-26T23:16:23.872+0000] {dag.py:3954} INFO - Setting next_dagrun for example_xcom to 2021-01-01 00:00:00+00:00, run_after=2021-01-01 00:00:00+00:00
[2026-04-26T23:16:23.882+0000] {processor.py:183} INFO - Processing /home/airflow/.local/lib/python3.12/site-packages/airflow/example_dags/example_xcom.py took 0.041 seconds
[2026-04-26T23:16:54.087+0000] {processor.py:161} INFO - Started process (PID=1054) to work on /home/airflow/.local/lib/python3.12/site-packages/airflow/example_dags/example_xcom.py
[2026-04-26T23:16:54.088+0000] {processor.py:830} INFO - Processing file /home/airflow/.local/lib/python3.12/site-packages/airflow/example_dags/example_xcom.py for tasks to queue
[2026-04-26T23:16:54.089+0000] {logging_mixin.py:188} INFO - [2026-04-26T23:16:54.089+0000] {dagbag.py:545} INFO - Filling up the DagBag from /home/airflow/.local/lib/python3.12/site-packages/airflow/example_dags/example_xcom.py
[2026-04-26T23:16:54.094+0000] {processor.py:840} INFO - DAG(s) 'example_xcom' retrieved from /home/airflow/.local/lib/python3.12/site-packages/airflow/example_dags/example_xcom.py
[2026-04-26T23:16:54.106+0000] {logging_mixin.py:188} INFO - [2026-04-26T23:16:54.105+0000] {dag.py:3096} INFO - Sync 1 DAGs
[2026-04-26T23:16:54.117+0000] {logging_mixin.py:188} INFO - [2026-04-26T23:16:54.117+0000] {dag.py:3954} INFO - Setting next_dagrun for example_xcom to 2021-01-01 00:00:00+00:00, run_after=2021-01-01 00:00:00+00:00
[2026-04-26T23:16:54.128+0000] {processor.py:183} INFO - Processing /home/airflow/.local/lib/python3.12/site-packages/airflow/example_dags/example_xcom.py took 0.044 seconds
[2026-04-26T23:17:24.416+0000] {processor.py:161} INFO - Started process (PID=1112) to work on /home/airflow/.local/lib/python3.12/site-packages/airflow/example_dags/example_xcom.py
[2026-04-26T23:17:24.416+0000] {processor.py:830} INFO - Processing file /home/airflow/.local/lib/python3.12/site-packages/airflow/example_dags/example_xcom.py for tasks to queue
[2026-04-26T23:17:24.418+0000] {logging_mixin.py:188} INFO - [2026-04-26T23:17:24.417+0000] {dagbag.py:545} INFO - Filling up the DagBag from /home/airflow/.local/lib/python3.12/site-packages/airflow/example_dags/example_xcom.py
[2026-04-26T23:17:24.423+0000] {processor.py:840} INFO - DAG(s) 'example_xcom' retrieved from /home/airflow/.local/lib/python3.12/site-packages/airflow/example_dags/example_xcom.py
[2026-04-26T23:17:24.438+0000] {logging_mixin.py:188} INFO - [2026-04-26T23:17:24.437+0000] {dag.py:3096} INFO - Sync 1 DAGs
[2026-04-26T23:17:24.452+0000] {logging_mixin.py:188} INFO - [2026-04-26T23:17:24.451+0000] {dag.py:3954} INFO - Setting next_dagrun for example_xcom to 2021-01-01 00:00:00+00:00, run_after=2021-01-01 00:00:00+00:00
[2026-04-26T23:17:24.463+0000] {processor.py:183} INFO - Processing /home/airflow/.local/lib/python3.12/site-packages/airflow/example_dags/example_xcom.py took 0.052 seconds
[2026-04-26T23:17:54.706+0000] {processor.py:161} INFO - Started process (PID=1170) to work on /home/airflow/.local/lib/python3.12/site-packages/airflow/example_dags/example_xcom.py
[2026-04-26T23:17:54.706+0000] {processor.py:830} INFO - Processing file /home/airflow/.local/lib/python3.12/site-packages/airflow/example_dags/example_xcom.py for tasks to queue
[2026-04-26T23:17:54.707+0000] {logging_mixin.py:188} INFO - [2026-04-26T23:17:54.707+0000] {dagbag.py:545} INFO - Filling up the DagBag from /home/airflow/.local/lib/python3.12/site-packages/airflow/example_dags/example_xcom.py
[2026-04-26T23:17:54.711+0000] {processor.py:840} INFO - DAG(s) 'example_xcom' retrieved from /home/airflow/.local/lib/python3.12/site-packages/airflow/example_dags/example_xcom.py
[2026-04-26T23:17:54.722+0000] {logging_mixin.py:188} INFO - [2026-04-26T23:17:54.721+0000] {dag.py:3096} INFO - Sync 1 DAGs
[2026-04-26T23:17:54.732+0000] {logging_mixin.py:188} INFO - [2026-04-26T23:17:54.732+0000] {dag.py:3954} INFO - Setting next_dagrun for example_xcom to 2021-01-01 00:00:00+00:00, run_after=2021-01-01 00:00:00+00:00
[2026-04-26T23:17:54.742+0000] {processor.py:183} INFO - Processing /home/airflow/.local/lib/python3.12/site-packages/airflow/example_dags/example_xcom.py took 0.040 seconds
[2026-04-26T23:18:25.769+0000] {processor.py:161} INFO - Started process (PID=1229) to work on /home/airflow/.local/lib/python3.12/site-packages/airflow/example_dags/example_xcom.py
[2026-04-26T23:18:25.769+0000] {processor.py:830} INFO - Processing file /home/airflow/.local/lib/python3.12/site-packages/airflow/example_dags/example_xcom.py for tasks to queue
[2026-04-26T23:18:25.770+0000] {logging_mixin.py:188} INFO - [2026-04-26T23:18:25.770+0000] {dagbag.py:545} INFO - Filling up the DagBag from /home/airflow/.local/lib/python3.12/site-packages/airflow/example_dags/example_xcom.py
[2026-04-26T23:18:25.776+0000] {processor.py:840} INFO - DAG(s) 'example_xcom' retrieved from /home/airflow/.local/lib/python3.12/site-packages/airflow/example_dags/example_xcom.py
[2026-04-26T23:18:25.790+0000] {logging_mixin.py:188} INFO - [2026-04-26T23:18:25.790+0000] {dag.py:3096} INFO - Sync 1 DAGs
[2026-04-26T23:18:25.808+0000] {logging_mixin.py:188} INFO - [2026-04-26T23:18:25.807+0000] {dag.py:3954} INFO - Setting next_dagrun for example_xcom to 2021-01-01 00:00:00+00:00, run_after=2021-01-01 00:00:00+00:00
[2026-04-26T23:18:25.822+0000] {processor.py:183} INFO - Processing /home/airflow/.local/lib/python3.12/site-packages/airflow/example_dags/example_xcom.py took 0.058 seconds
[2026-04-26T23:18:56.220+0000] {processor.py:161} INFO - Started process (PID=1288) to work on /home/airflow/.local/lib/python3.12/site-packages/airflow/example_dags/example_xcom.py
[2026-04-26T23:18:56.221+0000] {processor.py:830} INFO - Processing file /home/airflow/.local/lib/python3.12/site-packages/airflow/example_dags/example_xcom.py for tasks to queue
[2026-04-26T23:18:56.222+0000] {logging_mixin.py:188} INFO - [2026-04-26T23:18:56.222+0000] {dagbag.py:545} INFO - Filling up the DagBag from /home/airflow/.local/lib/python3.12/site-packages/airflow/example_dags/example_xcom.py
[2026-04-26T23:18:56.227+0000] {processor.py:840} INFO - DAG(s) 'example_xcom' retrieved from /home/airflow/.local/lib/python3.12/site-packages/airflow/example_dags/example_xcom.py
[2026-04-26T23:18:56.241+0000] {logging_mixin.py:188} INFO - [2026-04-26T23:18:56.241+0000] {dag.py:3096} INFO - Sync 1 DAGs
[2026-04-26T23:18:56.254+0000] {logging_mixin.py:188} INFO - [2026-04-26T23:18:56.253+0000] {dag.py:3954} INFO - Setting next_dagrun for example_xcom to 2021-01-01 00:00:00+00:00, run_after=2021-01-01 00:00:00+00:00
[2026-04-26T23:18:56.263+0000] {processor.py:183} INFO - Processing /home/airflow/.local/lib/python3.12/site-packages/airflow/example_dags/example_xcom.py took 0.047 seconds
[2026-04-26T23:19:26.477+0000] {processor.py:161} INFO - Started process (PID=1347) to work on /home/airflow/.local/lib/python3.12/site-packages/airflow/example_dags/example_xcom.py
[2026-04-26T23:19:26.477+0000] {processor.py:830} INFO - Processing file /home/airflow/.local/lib/python3.12/site-packages/airflow/example_dags/example_xcom.py for tasks to queue
[2026-04-26T23:19:26.479+0000] {logging_mixin.py:188} INFO - [2026-04-26T23:19:26.478+0000] {dagbag.py:545} INFO - Filling up the DagBag from /home/airflow/.local/lib/python3.12/site-packages/airflow/example_dags/example_xcom.py
[2026-04-26T23:19:26.484+0000] {processor.py:840} INFO - DAG(s) 'example_xcom' retrieved from /home/airflow/.local/lib/python3.12/site-packages/airflow/example_dags/example_xcom.py
[2026-04-26T23:19:26.499+0000] {logging_mixin.py:188} INFO - [2026-04-26T23:19:26.499+0000] {dag.py:3096} INFO - Sync 1 DAGs
[2026-04-26T23:19:26.514+0000] {logging_mixin.py:188} INFO - [2026-04-26T23:19:26.514+0000] {dag.py:3954} INFO - Setting next_dagrun for example_xcom to 2021-01-01 00:00:00+00:00, run_after=2021-01-01 00:00:00+00:00
[2026-04-26T23:19:26.525+0000] {processor.py:183} INFO - Processing /home/airflow/.local/lib/python3.12/site-packages/airflow/example_dags/example_xcom.py took 0.053 seconds
[2026-04-26T23:19:56.846+0000] {processor.py:161} INFO - Started process (PID=1406) to work on /home/airflow/.local/lib/python3.12/site-packages/airflow/example_dags/example_xcom.py
[2026-04-26T23:19:56.846+0000] {processor.py:830} INFO - Processing file /home/airflow/.local/lib/python3.12/site-packages/airflow/example_dags/example_xcom.py for tasks to queue
[2026-04-26T23:19:56.847+0000] {logging_mixin.py:188} INFO - [2026-04-26T23:19:56.847+0000] {dagbag.py:545} INFO - Filling up the DagBag from /home/airflow/.local/lib/python3.12/site-packages/airflow/example_dags/example_xcom.py
[2026-04-26T23:19:56.851+0000] {processor.py:840} INFO - DAG(s) 'example_xcom' retrieved from /home/airflow/.local/lib/python3.12/site-packages/airflow/example_dags/example_xcom.py
[2026-04-26T23:19:56.862+0000] {logging_mixin.py:188} INFO - [2026-04-26T23:19:56.862+0000] {dag.py:3096} INFO - Sync 1 DAGs
[2026-04-26T23:19:56.873+0000] {logging_mixin.py:188} INFO - [2026-04-26T23:19:56.873+0000] {dag.py:3954} INFO - Setting next_dagrun for example_xcom to 2021-01-01 00:00:00+00:00, run_after=2021-01-01 00:00:00+00:00
[2026-04-26T23:19:56.883+0000] {processor.py:183} INFO - Processing /home/airflow/.local/lib/python3.12/site-packages/airflow/example_dags/example_xcom.py took 0.041 seconds
[2026-04-26T23:20:27.092+0000] {processor.py:161} INFO - Started process (PID=1465) to work on /home/airflow/.local/lib/python3.12/site-packages/airflow/example_dags/example_xcom.py
[2026-04-26T23:20:27.093+0000] {processor.py:830} INFO - Processing file /home/airflow/.local/lib/python3.12/site-packages/airflow/example_dags/example_xcom.py for tasks to queue
[2026-04-26T23:20:27.094+0000] {logging_mixin.py:188} INFO - [2026-04-26T23:20:27.093+0000] {dagbag.py:545} INFO - Filling up the DagBag from /home/airflow/.local/lib/python3.12/site-packages/airflow/example_dags/example_xcom.py
[2026-04-26T23:20:27.099+0000] {processor.py:840} INFO - DAG(s) 'example_xcom' retrieved from /home/airflow/.local/lib/python3.12/site-packages/airflow/example_dags/example_xcom.py
[2026-04-26T23:20:27.113+0000] {logging_mixin.py:188} INFO - [2026-04-26T23:20:27.113+0000] {dag.py:3096} INFO - Sync 1 DAGs
[2026-04-26T23:20:27.127+0000] {logging_mixin.py:188} INFO - [2026-04-26T23:20:27.127+0000] {dag.py:3954} INFO - Setting next_dagrun for example_xcom to 2021-01-01 00:00:00+00:00, run_after=2021-01-01 00:00:00+00:00
[2026-04-26T23:20:27.137+0000] {processor.py:183} INFO - Processing /home/airflow/.local/lib/python3.12/site-packages/airflow/example_dags/example_xcom.py took 0.049 seconds
[2026-04-26T23:20:57.254+0000] {processor.py:161} INFO - Started process (PID=1524) to work on /home/airflow/.local/lib/python3.12/site-packages/airflow/example_dags/example_xcom.py
[2026-04-26T23:20:57.255+0000] {processor.py:830} INFO - Processing file /home/airflow/.local/lib/python3.12/site-packages/airflow/example_dags/example_xcom.py for tasks to queue
[2026-04-26T23:20:57.257+0000] {logging_mixin.py:188} INFO - [2026-04-26T23:20:57.257+0000] {dagbag.py:545} INFO - Filling up the DagBag from /home/airflow/.local/lib/python3.12/site-packages/airflow/example_dags/example_xcom.py
[2026-04-26T23:20:57.263+0000] {processor.py:840} INFO - DAG(s) 'example_xcom' retrieved from /home/airflow/.local/lib/python3.12/site-packages/airflow/example_dags/example_xcom.py
[2026-04-26T23:20:57.278+0000] {logging_mixin.py:188} INFO - [2026-04-26T23:20:57.278+0000] {dag.py:3096} INFO - Sync 1 DAGs
[2026-04-26T23:20:57.294+0000] {logging_mixin.py:188} INFO - [2026-04-26T23:20:57.294+0000] {dag.py:3954} INFO - Setting next_dagrun for example_xcom to 2021-01-01 00:00:00+00:00, run_after=2021-01-01 00:00:00+00:00
[2026-04-26T23:20:57.306+0000] {processor.py:183} INFO - Processing /home/airflow/.local/lib/python3.12/site-packages/airflow/example_dags/example_xcom.py took 0.057 seconds
[2026-04-26T23:21:27.517+0000] {processor.py:161} INFO - Started process (PID=1583) to work on /home/airflow/.local/lib/python3.12/site-packages/airflow/example_dags/example_xcom.py
[2026-04-26T23:21:27.517+0000] {processor.py:830} INFO - Processing file /home/airflow/.local/lib/python3.12/site-packages/airflow/example_dags/example_xcom.py for tasks to queue
[2026-04-26T23:21:27.518+0000] {logging_mixin.py:188} INFO - [2026-04-26T23:21:27.518+0000] {dagbag.py:545} INFO - Filling up the DagBag from /home/airflow/.local/lib/python3.12/site-packages/airflow/example_dags/example_xcom.py
[2026-04-26T23:21:27.522+0000] {processor.py:840} INFO - DAG(s) 'example_xcom' retrieved from /home/airflow/.local/lib/python3.12/site-packages/airflow/example_dags/example_xcom.py
[2026-04-26T23:21:27.533+0000] {logging_mixin.py:188} INFO - [2026-04-26T23:21:27.532+0000] {dag.py:3096} INFO - Sync 1 DAGs
[2026-04-26T23:21:27.543+0000] {logging_mixin.py:188} INFO - [2026-04-26T23:21:27.543+0000] {dag.py:3954} INFO - Setting next_dagrun for example_xcom to 2021-01-01 00:00:00+00:00, run_after=2021-01-01 00:00:00+00:00
[2026-04-26T23:21:27.551+0000] {processor.py:183} INFO - Processing /home/airflow/.local/lib/python3.12/site-packages/airflow/example_dags/example_xcom.py took 0.038 seconds
[2026-04-26T23:21:58.564+0000] {processor.py:161} INFO - Started process (PID=1643) to work on /home/airflow/.local/lib/python3.12/site-packages/airflow/example_dags/example_xcom.py
[2026-04-26T23:21:58.565+0000] {processor.py:830} INFO - Processing file /home/airflow/.local/lib/python3.12/site-packages/airflow/example_dags/example_xcom.py for tasks to queue
[2026-04-26T23:21:58.566+0000] {logging_mixin.py:188} INFO - [2026-04-26T23:21:58.566+0000] {dagbag.py:545} INFO - Filling up the DagBag from /home/airflow/.local/lib/python3.12/site-packages/airflow/example_dags/example_xcom.py
[2026-04-26T23:21:58.570+0000] {processor.py:840} INFO - DAG(s) 'example_xcom' retrieved from /home/airflow/.local/lib/python3.12/site-packages/airflow/example_dags/example_xcom.py
[2026-04-26T23:21:58.582+0000] {logging_mixin.py:188} INFO - [2026-04-26T23:21:58.582+0000] {dag.py:3096} INFO - Sync 1 DAGs
[2026-04-26T23:21:58.593+0000] {logging_mixin.py:188} INFO - [2026-04-26T23:21:58.593+0000] {dag.py:3954} INFO - Setting next_dagrun for example_xcom to 2021-01-01 00:00:00+00:00, run_after=2021-01-01 00:00:00+00:00
[2026-04-26T23:21:58.602+0000] {processor.py:183} INFO - Processing /home/airflow/.local/lib/python3.12/site-packages/airflow/example_dags/example_xcom.py took 0.041 seconds
[2026-04-26T23:22:28.916+0000] {processor.py:161} INFO - Started process (PID=1702) to work on /home/airflow/.local/lib/python3.12/site-packages/airflow/example_dags/example_xcom.py
[2026-04-26T23:22:28.916+0000] {processor.py:830} INFO - Processing file /home/airflow/.local/lib/python3.12/site-packages/airflow/example_dags/example_xcom.py for tasks to queue
[2026-04-26T23:22:28.917+0000] {logging_mixin.py:188} INFO - [2026-04-26T23:22:28.917+0000] {dagbag.py:545} INFO - Filling up the DagBag from /home/airflow/.local/lib/python3.12/site-packages/airflow/example_dags/example_xcom.py
[2026-04-26T23:22:28.922+0000] {processor.py:840} INFO - DAG(s) 'example_xcom' retrieved from /home/airflow/.local/lib/python3.12/site-packages/airflow/example_dags/example_xcom.py
[2026-04-26T23:22:28.935+0000] {logging_mixin.py:188} INFO - [2026-04-26T23:22:28.935+0000] {dag.py:3096} INFO - Sync 1 DAGs
[2026-04-26T23:22:28.948+0000] {logging_mixin.py:188} INFO - [2026-04-26T23:22:28.948+0000] {dag.py:3954} INFO - Setting next_dagrun for example_xcom to 2021-01-01 00:00:00+00:00, run_after=2021-01-01 00:00:00+00:00
[2026-04-26T23:22:28.959+0000] {processor.py:183} INFO - Processing /home/airflow/.local/lib/python3.12/site-packages/airflow/example_dags/example_xcom.py took 0.047 seconds
[2026-04-26T23:22:59.164+0000] {processor.py:161} INFO - Started process (PID=1762) to work on /home/airflow/.local/lib/python3.12/site-packages/airflow/example_dags/example_xcom.py
[2026-04-26T23:22:59.164+0000] {processor.py:830} INFO - Processing file /home/airflow/.local/lib/python3.12/site-packages/airflow/example_dags/example_xcom.py for tasks to queue
[2026-04-26T23:22:59.165+0000] {logging_mixin.py:188} INFO - [2026-04-26T23:22:59.165+0000] {dagbag.py:545} INFO - Filling up the DagBag from /home/airflow/.local/lib/python3.12/site-packages/airflow/example_dags/example_xcom.py
[2026-04-26T23:22:59.170+0000] {processor.py:840} INFO - DAG(s) 'example_xcom' retrieved from /home/airflow/.local/lib/python3.12/site-packages/airflow/example_dags/example_xcom.py
[2026-04-26T23:22:59.183+0000] {logging_mixin.py:188} INFO - [2026-04-26T23:22:59.182+0000] {dag.py:3096} INFO - Sync 1 DAGs
[2026-04-26T23:22:59.194+0000] {logging_mixin.py:188} INFO - [2026-04-26T23:22:59.194+0000] {dag.py:3954} INFO - Setting next_dagrun for example_xcom to 2021-01-01 00:00:00+00:00, run_after=2021-01-01 00:00:00+00:00
[2026-04-26T23:22:59.204+0000] {processor.py:183} INFO - Processing /home/airflow/.local/lib/python3.12/site-packages/airflow/example_dags/example_xcom.py took 0.044 seconds
[2026-04-26T23:23:29.950+0000] {processor.py:161} INFO - Started process (PID=1821) to work on /home/airflow/.local/lib/python3.12/site-packages/airflow/example_dags/example_xcom.py
[2026-04-26T23:23:29.951+0000] {processor.py:830} INFO - Processing file /home/airflow/.local/lib/python3.12/site-packages/airflow/example_dags/example_xcom.py for tasks to queue
[2026-04-26T23:23:29.952+0000] {logging_mixin.py:188} INFO - [2026-04-26T23:23:29.952+0000] {dagbag.py:545} INFO - Filling up the DagBag from /home/airflow/.local/lib/python3.12/site-packages/airflow/example_dags/example_xcom.py
[2026-04-26T23:23:29.957+0000] {processor.py:840} INFO - DAG(s) 'example_xcom' retrieved from /home/airflow/.local/lib/python3.12/site-packages/airflow/example_dags/example_xcom.py
[2026-04-26T23:23:29.971+0000] {logging_mixin.py:188} INFO - [2026-04-26T23:23:29.971+0000] {dag.py:3096} INFO - Sync 1 DAGs
[2026-04-26T23:23:29.984+0000] {logging_mixin.py:188} INFO - [2026-04-26T23:23:29.984+0000] {dag.py:3954} INFO - Setting next_dagrun for example_xcom to 2021-01-01 00:00:00+00:00, run_after=2021-01-01 00:00:00+00:00
[2026-04-26T23:23:29.994+0000] {processor.py:183} INFO - Processing /home/airflow/.local/lib/python3.12/site-packages/airflow/example_dags/example_xcom.py took 0.048 seconds
[2026-04-26T23:24:01.038+0000] {processor.py:161} INFO - Started process (PID=1880) to work on /home/airflow/.local/lib/python3.12/site-packages/airflow/example_dags/example_xcom.py
[2026-04-26T23:24:01.039+0000] {processor.py:830} INFO - Processing file /home/airflow/.local/lib/python3.12/site-packages/airflow/example_dags/example_xcom.py for tasks to queue
[2026-04-26T23:24:01.039+0000] {logging_mixin.py:188} INFO - [2026-04-26T23:24:01.039+0000] {dagbag.py:545} INFO - Filling up the DagBag from /home/airflow/.local/lib/python3.12/site-packages/airflow/example_dags/example_xcom.py
[2026-04-26T23:24:01.043+0000] {processor.py:840} INFO - DAG(s) 'example_xcom' retrieved from /home/airflow/.local/lib/python3.12/site-packages/airflow/example_dags/example_xcom.py
[2026-04-26T23:24:01.054+0000] {logging_mixin.py:188} INFO - [2026-04-26T23:24:01.053+0000] {dag.py:3096} INFO - Sync 1 DAGs
[2026-04-26T23:24:01.165+0000] {logging_mixin.py:188} INFO - [2026-04-26T23:24:01.165+0000] {dag.py:3954} INFO - Setting next_dagrun for example_xcom to 2021-01-01 00:00:00+00:00, run_after=2021-01-01 00:00:00+00:00
[2026-04-26T23:24:01.180+0000] {processor.py:183} INFO - Processing /home/airflow/.local/lib/python3.12/site-packages/airflow/example_dags/example_xcom.py took 0.145 seconds
[2026-04-26T23:24:32.050+0000] {processor.py:161} INFO - Started process (PID=1940) to work on /home/airflow/.local/lib/python3.12/site-packages/airflow/example_dags/example_xcom.py
[2026-04-26T23:24:32.050+0000] {processor.py:830} INFO - Processing file /home/airflow/.local/lib/python3.12/site-packages/airflow/example_dags/example_xcom.py for tasks to queue
[2026-04-26T23:24:32.051+0000] {logging_mixin.py:188} INFO - [2026-04-26T23:24:32.051+0000] {dagbag.py:545} INFO - Filling up the DagBag from /home/airflow/.local/lib/python3.12/site-packages/airflow/example_dags/example_xcom.py
[2026-04-26T23:24:32.056+0000] {processor.py:840} INFO - DAG(s) 'example_xcom' retrieved from /home/airflow/.local/lib/python3.12/site-packages/airflow/example_dags/example_xcom.py
[2026-04-26T23:24:32.068+0000] {logging_mixin.py:188} INFO - [2026-04-26T23:24:32.067+0000] {dag.py:3096} INFO - Sync 1 DAGs
[2026-04-26T23:24:32.079+0000] {logging_mixin.py:188} INFO - [2026-04-26T23:24:32.079+0000] {dag.py:3954} INFO - Setting next_dagrun for example_xcom to 2021-01-01 00:00:00+00:00, run_after=2021-01-01 00:00:00+00:00
[2026-04-26T23:24:32.187+0000] {processor.py:183} INFO - Processing /home/airflow/.local/lib/python3.12/site-packages/airflow/example_dags/example_xcom.py took 0.141 seconds
[2026-04-26T23:25:02.670+0000] {processor.py:161} INFO - Started process (PID=2000) to work on /home/airflow/.local/lib/python3.12/site-packages/airflow/example_dags/example_xcom.py
[2026-04-26T23:25:02.670+0000] {processor.py:830} INFO - Processing file /home/airflow/.local/lib/python3.12/site-packages/airflow/example_dags/example_xcom.py for tasks to queue
[2026-04-26T23:25:02.671+0000] {logging_mixin.py:188} INFO - [2026-04-26T23:25:02.671+0000] {dagbag.py:545} INFO - Filling up the DagBag from /home/airflow/.local/lib/python3.12/site-packages/airflow/example_dags/example_xcom.py
[2026-04-26T23:25:02.676+0000] {processor.py:840} INFO - DAG(s) 'example_xcom' retrieved from /home/airflow/.local/lib/python3.12/site-packages/airflow/example_dags/example_xcom.py
[2026-04-26T23:25:02.690+0000] {logging_mixin.py:188} INFO - [2026-04-26T23:25:02.690+0000] {dag.py:3096} INFO - Sync 1 DAGs
[2026-04-26T23:25:02.704+0000] {logging_mixin.py:188} INFO - [2026-04-26T23:25:02.703+0000] {dag.py:3954} INFO - Setting next_dagrun for example_xcom to 2021-01-01 00:00:00+00:00, run_after=2021-01-01 00:00:00+00:00
[2026-04-26T23:25:02.715+0000] {processor.py:183} INFO - Processing /home/airflow/.local/lib/python3.12/site-packages/airflow/example_dags/example_xcom.py took 0.050 seconds
[2026-04-26T23:25:33.443+0000] {processor.py:161} INFO - Started process (PID=2059) to work on /home/airflow/.local/lib/python3.12/site-packages/airflow/example_dags/example_xcom.py
[2026-04-26T23:25:33.443+0000] {processor.py:830} INFO - Processing file /home/airflow/.local/lib/python3.12/site-packages/airflow/example_dags/example_xcom.py for tasks to queue
[2026-04-26T23:25:33.444+0000] {logging_mixin.py:188} INFO - [2026-04-26T23:25:33.444+0000] {dagbag.py:545} INFO - Filling up the DagBag from /home/airflow/.local/lib/python3.12/site-packages/airflow/example_dags/example_xcom.py
[2026-04-26T23:25:33.450+0000] {processor.py:840} INFO - DAG(s) 'example_xcom' retrieved from /home/airflow/.local/lib/python3.12/site-packages/airflow/example_dags/example_xcom.py
[2026-04-26T23:25:33.465+0000] {logging_mixin.py:188} INFO - [2026-04-26T23:25:33.465+0000] {dag.py:3096} INFO - Sync 1 DAGs
[2026-04-26T23:25:33.478+0000] {logging_mixin.py:188} INFO - [2026-04-26T23:25:33.478+0000] {dag.py:3954} INFO - Setting next_dagrun for example_xcom to 2021-01-01 00:00:00+00:00, run_after=2021-01-01 00:00:00+00:00
[2026-04-26T23:25:33.489+0000] {processor.py:183} INFO - Processing /home/airflow/.local/lib/python3.12/site-packages/airflow/example_dags/example_xcom.py took 0.050 seconds
[2026-04-26T23:26:04.216+0000] {processor.py:161} INFO - Started process (PID=2118) to work on /home/airflow/.local/lib/python3.12/site-packages/airflow/example_dags/example_xcom.py
[2026-04-26T23:26:04.217+0000] {processor.py:830} INFO - Processing file /home/airflow/.local/lib/python3.12/site-packages/airflow/example_dags/example_xcom.py for tasks to queue
[2026-04-26T23:26:04.218+0000] {logging_mixin.py:188} INFO - [2026-04-26T23:26:04.218+0000] {dagbag.py:545} INFO - Filling up the DagBag from /home/airflow/.local/lib/python3.12/site-packages/airflow/example_dags/example_xcom.py
[2026-04-26T23:26:04.223+0000] {processor.py:840} INFO - DAG(s) 'example_xcom' retrieved from /home/airflow/.local/lib/python3.12/site-packages/airflow/example_dags/example_xcom.py
[2026-04-26T23:26:04.235+0000] {logging_mixin.py:188} INFO - [2026-04-26T23:26:04.235+0000] {dag.py:3096} INFO - Sync 1 DAGs
[2026-04-26T23:26:04.247+0000] {logging_mixin.py:188} INFO - [2026-04-26T23:26:04.247+0000] {dag.py:3954} INFO - Setting next_dagrun for example_xcom to 2021-01-01 00:00:00+00:00, run_after=2021-01-01 00:00:00+00:00
[2026-04-26T23:26:04.257+0000] {processor.py:183} INFO - Processing /home/airflow/.local/lib/python3.12/site-packages/airflow/example_dags/example_xcom.py took 0.045 seconds
[2026-04-26T23:26:34.951+0000] {processor.py:161} INFO - Started process (PID=2177) to work on /home/airflow/.local/lib/python3.12/site-packages/airflow/example_dags/example_xcom.py
[2026-04-26T23:26:34.952+0000] {processor.py:830} INFO - Processing file /home/airflow/.local/lib/python3.12/site-packages/airflow/example_dags/example_xcom.py for tasks to queue
[2026-04-26T23:26:34.953+0000] {logging_mixin.py:188} INFO - [2026-04-26T23:26:34.953+0000] {dagbag.py:545} INFO - Filling up the DagBag from /home/airflow/.local/lib/python3.12/site-packages/airflow/example_dags/example_xcom.py
[2026-04-26T23:26:34.958+0000] {processor.py:840} INFO - DAG(s) 'example_xcom' retrieved from /home/airflow/.local/lib/python3.12/site-packages/airflow/example_dags/example_xcom.py
[2026-04-26T23:26:34.969+0000] {logging_mixin.py:188} INFO - [2026-04-26T23:26:34.969+0000] {dag.py:3096} INFO - Sync 1 DAGs
[2026-04-26T23:26:34.981+0000] {logging_mixin.py:188} INFO - [2026-04-26T23:26:34.981+0000] {dag.py:3954} INFO - Setting next_dagrun for example_xcom to 2021-01-01 00:00:00+00:00, run_after=2021-01-01 00:00:00+00:00
[2026-04-26T23:26:34.990+0000] {processor.py:183} INFO - Processing /home/airflow/.local/lib/python3.12/site-packages/airflow/example_dags/example_xcom.py took 0.042 seconds
[2026-04-26T23:27:05.756+0000] {processor.py:161} INFO - Started process (PID=2236) to work on /home/airflow/.local/lib/python3.12/site-packages/airflow/example_dags/example_xcom.py
[2026-04-26T23:27:05.757+0000] {processor.py:830} INFO - Processing file /home/airflow/.local/lib/python3.12/site-packages/airflow/example_dags/example_xcom.py for tasks to queue
[2026-04-26T23:27:05.758+0000] {logging_mixin.py:188} INFO - [2026-04-26T23:27:05.758+0000] {dagbag.py:545} INFO - Filling up the DagBag from /home/airflow/.local/lib/python3.12/site-packages/airflow/example_dags/example_xcom.py
[2026-04-26T23:27:05.762+0000] {processor.py:840} INFO - DAG(s) 'example_xcom' retrieved from /home/airflow/.local/lib/python3.12/site-packages/airflow/example_dags/example_xcom.py
[2026-04-26T23:27:05.775+0000] {logging_mixin.py:188} INFO - [2026-04-26T23:27:05.775+0000] {dag.py:3096} INFO - Sync 1 DAGs
[2026-04-26T23:27:05.789+0000] {logging_mixin.py:188} INFO - [2026-04-26T23:27:05.789+0000] {dag.py:3954} INFO - Setting next_dagrun for example_xcom to 2021-01-01 00:00:00+00:00, run_after=2021-01-01 00:00:00+00:00
[2026-04-26T23:27:05.798+0000] {processor.py:183} INFO - Processing /home/airflow/.local/lib/python3.12/site-packages/airflow/example_dags/example_xcom.py took 0.046 seconds
[2026-04-26T23:27:36.477+0000] {processor.py:161} INFO - Started process (PID=2295) to work on /home/airflow/.local/lib/python3.12/site-packages/airflow/example_dags/example_xcom.py
[2026-04-26T23:27:36.477+0000] {processor.py:830} INFO - Processing file /home/airflow/.local/lib/python3.12/site-packages/airflow/example_dags/example_xcom.py for tasks to queue
[2026-04-26T23:27:36.479+0000] {logging_mixin.py:188} INFO - [2026-04-26T23:27:36.478+0000] {dagbag.py:545} INFO - Filling up the DagBag from /home/airflow/.local/lib/python3.12/site-packages/airflow/example_dags/example_xcom.py
[2026-04-26T23:27:36.483+0000] {processor.py:840} INFO - DAG(s) 'example_xcom' retrieved from /home/airflow/.local/lib/python3.12/site-packages/airflow/example_dags/example_xcom.py
[2026-04-26T23:27:36.496+0000] {logging_mixin.py:188} INFO - [2026-04-26T23:27:36.496+0000] {dag.py:3096} INFO - Sync 1 DAGs
[2026-04-26T23:27:36.509+0000] {logging_mixin.py:188} INFO - [2026-04-26T23:27:36.509+0000] {dag.py:3954} INFO - Setting next_dagrun for example_xcom to 2021-01-01 00:00:00+00:00, run_after=2021-01-01 00:00:00+00:00
[2026-04-26T23:27:36.519+0000] {processor.py:183} INFO - Processing /home/airflow/.local/lib/python3.12/site-packages/airflow/example_dags/example_xcom.py took 0.047 seconds
[2026-04-26T23:28:07.209+0000] {processor.py:161} INFO - Started process (PID=2354) to work on /home/airflow/.local/lib/python3.12/site-packages/airflow/example_dags/example_xcom.py
[2026-04-26T23:28:07.209+0000] {processor.py:830} INFO - Processing file /home/airflow/.local/lib/python3.12/site-packages/airflow/example_dags/example_xcom.py for tasks to queue
[2026-04-26T23:28:07.210+0000] {logging_mixin.py:188} INFO - [2026-04-26T23:28:07.210+0000] {dagbag.py:545} INFO - Filling up the DagBag from /home/airflow/.local/lib/python3.12/site-packages/airflow/example_dags/example_xcom.py
[2026-04-26T23:28:07.215+0000] {processor.py:840} INFO - DAG(s) 'example_xcom' retrieved from /home/airflow/.local/lib/python3.12/site-packages/airflow/example_dags/example_xcom.py
[2026-04-26T23:28:07.227+0000] {logging_mixin.py:188} INFO - [2026-04-26T23:28:07.227+0000] {dag.py:3096} INFO - Sync 1 DAGs
[2026-04-26T23:28:07.240+0000] {logging_mixin.py:188} INFO - [2026-04-26T23:28:07.239+0000] {dag.py:3954} INFO - Setting next_dagrun for example_xcom to 2021-01-01 00:00:00+00:00, run_after=2021-01-01 00:00:00+00:00
[2026-04-26T23:28:07.248+0000] {processor.py:183} INFO - Processing /home/airflow/.local/lib/python3.12/site-packages/airflow/example_dags/example_xcom.py took 0.043 seconds
[2026-04-26T23:28:37.946+0000] {processor.py:161} INFO - Started process (PID=2413) to work on /home/airflow/.local/lib/python3.12/site-packages/airflow/example_dags/example_xcom.py
[2026-04-26T23:28:37.947+0000] {processor.py:830} INFO - Processing file /home/airflow/.local/lib/python3.12/site-packages/airflow/example_dags/example_xcom.py for tasks to queue
[2026-04-26T23:28:37.948+0000] {logging_mixin.py:188} INFO - [2026-04-26T23:28:37.948+0000] {dagbag.py:545} INFO - Filling up the DagBag from /home/airflow/.local/lib/python3.12/site-packages/airflow/example_dags/example_xcom.py
[2026-04-26T23:28:37.953+0000] {processor.py:840} INFO - DAG(s) 'example_xcom' retrieved from /home/airflow/.local/lib/python3.12/site-packages/airflow/example_dags/example_xcom.py
[2026-04-26T23:28:37.966+0000] {logging_mixin.py:188} INFO - [2026-04-26T23:28:37.966+0000] {dag.py:3096} INFO - Sync 1 DAGs
[2026-04-26T23:28:37.978+0000] {logging_mixin.py:188} INFO - [2026-04-26T23:28:37.978+0000] {dag.py:3954} INFO - Setting next_dagrun for example_xcom to 2021-01-01 00:00:00+00:00, run_after=2021-01-01 00:00:00+00:00
[2026-04-26T23:28:37.988+0000] {processor.py:183} INFO - Processing /home/airflow/.local/lib/python3.12/site-packages/airflow/example_dags/example_xcom.py took 0.046 seconds
[2026-04-26T23:29:08.223+0000] {processor.py:161} INFO - Started process (PID=2472) to work on /home/airflow/.local/lib/python3.12/site-packages/airflow/example_dags/example_xcom.py
[2026-04-26T23:29:08.223+0000] {processor.py:830} INFO - Processing file /home/airflow/.local/lib/python3.12/site-packages/airflow/example_dags/example_xcom.py for tasks to queue
[2026-04-26T23:29:08.224+0000] {logging_mixin.py:188} INFO - [2026-04-26T23:29:08.224+0000] {dagbag.py:545} INFO - Filling up the DagBag from /home/airflow/.local/lib/python3.12/site-packages/airflow/example_dags/example_xcom.py
[2026-04-26T23:29:08.229+0000] {processor.py:840} INFO - DAG(s) 'example_xcom' retrieved from /home/airflow/.local/lib/python3.12/site-packages/airflow/example_dags/example_xcom.py
[2026-04-26T23:29:08.241+0000] {logging_mixin.py:188} INFO - [2026-04-26T23:29:08.241+0000] {dag.py:3096} INFO - Sync 1 DAGs
[2026-04-26T23:29:08.253+0000] {logging_mixin.py:188} INFO - [2026-04-26T23:29:08.253+0000] {dag.py:3954} INFO - Setting next_dagrun for example_xcom to 2021-01-01 00:00:00+00:00, run_after=2021-01-01 00:00:00+00:00
[2026-04-26T23:29:08.264+0000] {processor.py:183} INFO - Processing /home/airflow/.local/lib/python3.12/site-packages/airflow/example_dags/example_xcom.py took 0.045 seconds
[2026-04-26T23:29:39.070+0000] {processor.py:161} INFO - Started process (PID=2531) to work on /home/airflow/.local/lib/python3.12/site-packages/airflow/example_dags/example_xcom.py
[2026-04-26T23:29:39.071+0000] {processor.py:830} INFO - Processing file /home/airflow/.local/lib/python3.12/site-packages/airflow/example_dags/example_xcom.py for tasks to queue
[2026-04-26T23:29:39.072+0000] {logging_mixin.py:188} INFO - [2026-04-26T23:29:39.071+0000] {dagbag.py:545} INFO - Filling up the DagBag from /home/airflow/.local/lib/python3.12/site-packages/airflow/example_dags/example_xcom.py
[2026-04-26T23:29:39.077+0000] {processor.py:840} INFO - DAG(s) 'example_xcom' retrieved from /home/airflow/.local/lib/python3.12/site-packages/airflow/example_dags/example_xcom.py
[2026-04-26T23:29:39.089+0000] {logging_mixin.py:188} INFO - [2026-04-26T23:29:39.089+0000] {dag.py:3096} INFO - Sync 1 DAGs
[2026-04-26T23:29:39.101+0000] {logging_mixin.py:188} INFO - [2026-04-26T23:29:39.101+0000] {dag.py:3954} INFO - Setting next_dagrun for example_xcom to 2021-01-01 00:00:00+00:00, run_after=2021-01-01 00:00:00+00:00
[2026-04-26T23:29:39.110+0000] {processor.py:183} INFO - Processing /home/airflow/.local/lib/python3.12/site-packages/airflow/example_dags/example_xcom.py took 0.044 seconds
[2026-04-26T23:30:09.828+0000] {processor.py:161} INFO - Started process (PID=2590) to work on /home/airflow/.local/lib/python3.12/site-packages/airflow/example_dags/example_xcom.py
[2026-04-26T23:30:09.828+0000] {processor.py:830} INFO - Processing file /home/airflow/.local/lib/python3.12/site-packages/airflow/example_dags/example_xcom.py for tasks to queue
[2026-04-26T23:30:09.830+0000] {logging_mixin.py:188} INFO - [2026-04-26T23:30:09.829+0000] {dagbag.py:545} INFO - Filling up the DagBag from /home/airflow/.local/lib/python3.12/site-packages/airflow/example_dags/example_xcom.py
[2026-04-26T23:30:09.835+0000] {processor.py:840} INFO - DAG(s) 'example_xcom' retrieved from /home/airflow/.local/lib/python3.12/site-packages/airflow/example_dags/example_xcom.py
[2026-04-26T23:30:09.848+0000] {logging_mixin.py:188} INFO - [2026-04-26T23:30:09.848+0000] {dag.py:3096} INFO - Sync 1 DAGs
[2026-04-26T23:30:09.861+0000] {logging_mixin.py:188} INFO - [2026-04-26T23:30:09.861+0000] {dag.py:3954} INFO - Setting next_dagrun for example_xcom to 2021-01-01 00:00:00+00:00, run_after=2021-01-01 00:00:00+00:00
[2026-04-26T23:30:09.872+0000] {processor.py:183} INFO - Processing /home/airflow/.local/lib/python3.12/site-packages/airflow/example_dags/example_xcom.py took 0.048 seconds
[2026-04-26T23:30:40.508+0000] {processor.py:161} INFO - Started process (PID=2649) to work on /home/airflow/.local/lib/python3.12/site-packages/airflow/example_dags/example_xcom.py
[2026-04-26T23:30:40.508+0000] {processor.py:830} INFO - Processing file /home/airflow/.local/lib/python3.12/site-packages/airflow/example_dags/example_xcom.py for tasks to queue
[2026-04-26T23:30:40.509+0000] {logging_mixin.py:188} INFO - [2026-04-26T23:30:40.509+0000] {dagbag.py:545} INFO - Filling up the DagBag from /home/airflow/.local/lib/python3.12/site-packages/airflow/example_dags/example_xcom.py
[2026-04-26T23:30:40.514+0000] {processor.py:840} INFO - DAG(s) 'example_xcom' retrieved from /home/airflow/.local/lib/python3.12/site-packages/airflow/example_dags/example_xcom.py
[2026-04-26T23:30:40.526+0000] {logging_mixin.py:188} INFO - [2026-04-26T23:30:40.526+0000] {dag.py:3096} INFO - Sync 1 DAGs
[2026-04-26T23:30:40.538+0000] {logging_mixin.py:188} INFO - [2026-04-26T23:30:40.538+0000] {dag.py:3954} INFO - Setting next_dagrun for example_xcom to 2021-01-01 00:00:00+00:00, run_after=2021-01-01 00:00:00+00:00
[2026-04-26T23:30:40.547+0000] {processor.py:183} INFO - Processing /home/airflow/.local/lib/python3.12/site-packages/airflow/example_dags/example_xcom.py took 0.042 seconds
[2026-04-26T23:31:11.305+0000] {processor.py:161} INFO - Started process (PID=2708) to work on /home/airflow/.local/lib/python3.12/site-packages/airflow/example_dags/example_xcom.py
[2026-04-26T23:31:11.305+0000] {processor.py:830} INFO - Processing file /home/airflow/.local/lib/python3.12/site-packages/airflow/example_dags/example_xcom.py for tasks to queue
[2026-04-26T23:31:11.306+0000] {logging_mixin.py:188} INFO - [2026-04-26T23:31:11.306+0000] {dagbag.py:545} INFO - Filling up the DagBag from /home/airflow/.local/lib/python3.12/site-packages/airflow/example_dags/example_xcom.py
[2026-04-26T23:31:11.311+0000] {processor.py:840} INFO - DAG(s) 'example_xcom' retrieved from /home/airflow/.local/lib/python3.12/site-packages/airflow/example_dags/example_xcom.py
[2026-04-26T23:31:11.323+0000] {logging_mixin.py:188} INFO - [2026-04-26T23:31:11.322+0000] {dag.py:3096} INFO - Sync 1 DAGs
[2026-04-26T23:31:11.334+0000] {logging_mixin.py:188} INFO - [2026-04-26T23:31:11.334+0000] {dag.py:3954} INFO - Setting next_dagrun for example_xcom to 2021-01-01 00:00:00+00:00, run_after=2021-01-01 00:00:00+00:00
[2026-04-26T23:31:11.343+0000] {processor.py:183} INFO - Processing /home/airflow/.local/lib/python3.12/site-packages/airflow/example_dags/example_xcom.py took 0.042 seconds
[2026-04-26T23:31:42.069+0000] {processor.py:161} INFO - Started process (PID=2767) to work on /home/airflow/.local/lib/python3.12/site-packages/airflow/example_dags/example_xcom.py
[2026-04-26T23:31:42.069+0000] {processor.py:830} INFO - Processing file /home/airflow/.local/lib/python3.12/site-packages/airflow/example_dags/example_xcom.py for tasks to queue
[2026-04-26T23:31:42.070+0000] {logging_mixin.py:188} INFO - [2026-04-26T23:31:42.070+0000] {dagbag.py:545} INFO - Filling up the DagBag from /home/airflow/.local/lib/python3.12/site-packages/airflow/example_dags/example_xcom.py
[2026-04-26T23:31:42.075+0000] {processor.py:840} INFO - DAG(s) 'example_xcom' retrieved from /home/airflow/.local/lib/python3.12/site-packages/airflow/example_dags/example_xcom.py
[2026-04-26T23:31:42.086+0000] {logging_mixin.py:188} INFO - [2026-04-26T23:31:42.086+0000] {dag.py:3096} INFO - Sync 1 DAGs
[2026-04-26T23:31:42.098+0000] {logging_mixin.py:188} INFO - [2026-04-26T23:31:42.098+0000] {dag.py:3954} INFO - Setting next_dagrun for example_xcom to 2021-01-01 00:00:00+00:00, run_after=2021-01-01 00:00:00+00:00
[2026-04-26T23:31:42.107+0000] {processor.py:183} INFO - Processing /home/airflow/.local/lib/python3.12/site-packages/airflow/example_dags/example_xcom.py took 0.042 seconds
[2026-04-26T23:32:12.844+0000] {processor.py:161} INFO - Started process (PID=2826) to work on /home/airflow/.local/lib/python3.12/site-packages/airflow/example_dags/example_xcom.py
[2026-04-26T23:32:12.844+0000] {processor.py:830} INFO - Processing file /home/airflow/.local/lib/python3.12/site-packages/airflow/example_dags/example_xcom.py for tasks to queue
[2026-04-26T23:32:12.846+0000] {logging_mixin.py:188} INFO - [2026-04-26T23:32:12.845+0000] {dagbag.py:545} INFO - Filling up the DagBag from /home/airflow/.local/lib/python3.12/site-packages/airflow/example_dags/example_xcom.py
[2026-04-26T23:32:12.852+0000] {processor.py:840} INFO - DAG(s) 'example_xcom' retrieved from /home/airflow/.local/lib/python3.12/site-packages/airflow/example_dags/example_xcom.py
[2026-04-26T23:32:12.867+0000] {logging_mixin.py:188} INFO - [2026-04-26T23:32:12.867+0000] {dag.py:3096} INFO - Sync 1 DAGs
[2026-04-26T23:32:12.882+0000] {logging_mixin.py:188} INFO - [2026-04-26T23:32:12.882+0000] {dag.py:3954} INFO - Setting next_dagrun for example_xcom to 2021-01-01 00:00:00+00:00, run_after=2021-01-01 00:00:00+00:00
[2026-04-26T23:32:12.895+0000] {processor.py:183} INFO - Processing /home/airflow/.local/lib/python3.12/site-packages/airflow/example_dags/example_xcom.py took 0.056 seconds
[2026-04-26T23:32:43.023+0000] {processor.py:161} INFO - Started process (PID=2885) to work on /home/airflow/.local/lib/python3.12/site-packages/airflow/example_dags/example_xcom.py
[2026-04-26T23:32:43.024+0000] {processor.py:830} INFO - Processing file /home/airflow/.local/lib/python3.12/site-packages/airflow/example_dags/example_xcom.py for tasks to queue
[2026-04-26T23:32:43.025+0000] {logging_mixin.py:188} INFO - [2026-04-26T23:32:43.025+0000] {dagbag.py:545} INFO - Filling up the DagBag from /home/airflow/.local/lib/python3.12/site-packages/airflow/example_dags/example_xcom.py
[2026-04-26T23:32:43.031+0000] {processor.py:840} INFO - DAG(s) 'example_xcom' retrieved from /home/airflow/.local/lib/python3.12/site-packages/airflow/example_dags/example_xcom.py
[2026-04-26T23:32:43.045+0000] {logging_mixin.py:188} INFO - [2026-04-26T23:32:43.045+0000] {dag.py:3096} INFO - Sync 1 DAGs
[2026-04-26T23:32:43.060+0000] {logging_mixin.py:188} INFO - [2026-04-26T23:32:43.060+0000] {dag.py:3954} INFO - Setting next_dagrun for example_xcom to 2021-01-01 00:00:00+00:00, run_after=2021-01-01 00:00:00+00:00
[2026-04-26T23:32:43.073+0000] {processor.py:183} INFO - Processing /home/airflow/.local/lib/python3.12/site-packages/airflow/example_dags/example_xcom.py took 0.055 seconds
[2026-04-26T23:33:13.282+0000] {processor.py:161} INFO - Started process (PID=2944) to work on /home/airflow/.local/lib/python3.12/site-packages/airflow/example_dags/example_xcom.py
[2026-04-26T23:33:13.283+0000] {processor.py:830} INFO - Processing file /home/airflow/.local/lib/python3.12/site-packages/airflow/example_dags/example_xcom.py for tasks to queue
[2026-04-26T23:33:13.284+0000] {logging_mixin.py:188} INFO - [2026-04-26T23:33:13.284+0000] {dagbag.py:545} INFO - Filling up the DagBag from /home/airflow/.local/lib/python3.12/site-packages/airflow/example_dags/example_xcom.py
[2026-04-26T23:33:13.290+0000] {processor.py:840} INFO - DAG(s) 'example_xcom' retrieved from /home/airflow/.local/lib/python3.12/site-packages/airflow/example_dags/example_xcom.py
[2026-04-26T23:33:13.305+0000] {logging_mixin.py:188} INFO - [2026-04-26T23:33:13.305+0000] {dag.py:3096} INFO - Sync 1 DAGs
[2026-04-26T23:33:13.321+0000] {logging_mixin.py:188} INFO - [2026-04-26T23:33:13.320+0000] {dag.py:3954} INFO - Setting next_dagrun for example_xcom to 2021-01-01 00:00:00+00:00, run_after=2021-01-01 00:00:00+00:00
[2026-04-26T23:33:13.334+0000] {processor.py:183} INFO - Processing /home/airflow/.local/lib/python3.12/site-packages/airflow/example_dags/example_xcom.py took 0.056 seconds
[2026-04-26T23:33:44.194+0000] {processor.py:161} INFO - Started process (PID=3007) to work on /home/airflow/.local/lib/python3.12/site-packages/airflow/example_dags/example_xcom.py
[2026-04-26T23:33:44.194+0000] {processor.py:830} INFO - Processing file /home/airflow/.local/lib/python3.12/site-packages/airflow/example_dags/example_xcom.py for tasks to queue
[2026-04-26T23:33:44.195+0000] {logging_mixin.py:188} INFO - [2026-04-26T23:33:44.195+0000] {dagbag.py:545} INFO - Filling up the DagBag from /home/airflow/.local/lib/python3.12/site-packages/airflow/example_dags/example_xcom.py
[2026-04-26T23:33:44.200+0000] {processor.py:840} INFO - DAG(s) 'example_xcom' retrieved from /home/airflow/.local/lib/python3.12/site-packages/airflow/example_dags/example_xcom.py
[2026-04-26T23:33:44.211+0000] {logging_mixin.py:188} INFO - [2026-04-26T23:33:44.211+0000] {dag.py:3096} INFO - Sync 1 DAGs
[2026-04-26T23:33:44.224+0000] {logging_mixin.py:188} INFO - [2026-04-26T23:33:44.223+0000] {dag.py:3954} INFO - Setting next_dagrun for example_xcom to 2021-01-01 00:00:00+00:00, run_after=2021-01-01 00:00:00+00:00
[2026-04-26T23:33:44.233+0000] {processor.py:183} INFO - Processing /home/airflow/.local/lib/python3.12/site-packages/airflow/example_dags/example_xcom.py took 0.043 seconds
[2026-04-26T23:34:14.326+0000] {processor.py:161} INFO - Started process (PID=3066) to work on /home/airflow/.local/lib/python3.12/site-packages/airflow/example_dags/example_xcom.py
[2026-04-26T23:34:14.326+0000] {processor.py:830} INFO - Processing file /home/airflow/.local/lib/python3.12/site-packages/airflow/example_dags/example_xcom.py for tasks to queue
[2026-04-26T23:34:14.328+0000] {logging_mixin.py:188} INFO - [2026-04-26T23:34:14.327+0000] {dagbag.py:545} INFO - Filling up the DagBag from /home/airflow/.local/lib/python3.12/site-packages/airflow/example_dags/example_xcom.py
[2026-04-26T23:34:14.333+0000] {processor.py:840} INFO - DAG(s) 'example_xcom' retrieved from /home/airflow/.local/lib/python3.12/site-packages/airflow/example_dags/example_xcom.py
[2026-04-26T23:34:14.346+0000] {logging_mixin.py:188} INFO - [2026-04-26T23:34:14.346+0000] {dag.py:3096} INFO - Sync 1 DAGs
[2026-04-26T23:34:14.359+0000] {logging_mixin.py:188} INFO - [2026-04-26T23:34:14.358+0000] {dag.py:3954} INFO - Setting next_dagrun for example_xcom to 2021-01-01 00:00:00+00:00, run_after=2021-01-01 00:00:00+00:00
[2026-04-26T23:34:14.368+0000] {processor.py:183} INFO - Processing /home/airflow/.local/lib/python3.12/site-packages/airflow/example_dags/example_xcom.py took 0.047 seconds
[2026-04-26T23:34:44.488+0000] {processor.py:161} INFO - Started process (PID=3125) to work on /home/airflow/.local/lib/python3.12/site-packages/airflow/example_dags/example_xcom.py
[2026-04-26T23:34:44.488+0000] {processor.py:830} INFO - Processing file /home/airflow/.local/lib/python3.12/site-packages/airflow/example_dags/example_xcom.py for tasks to queue
[2026-04-26T23:34:44.489+0000] {logging_mixin.py:188} INFO - [2026-04-26T23:34:44.489+0000] {dagbag.py:545} INFO - Filling up the DagBag from /home/airflow/.local/lib/python3.12/site-packages/airflow/example_dags/example_xcom.py
[2026-04-26T23:34:44.494+0000] {processor.py:840} INFO - DAG(s) 'example_xcom' retrieved from /home/airflow/.local/lib/python3.12/site-packages/airflow/example_dags/example_xcom.py
[2026-04-26T23:34:44.505+0000] {logging_mixin.py:188} INFO - [2026-04-26T23:34:44.505+0000] {dag.py:3096} INFO - Sync 1 DAGs
[2026-04-26T23:34:44.516+0000] {logging_mixin.py:188} INFO - [2026-04-26T23:34:44.516+0000] {dag.py:3954} INFO - Setting next_dagrun for example_xcom to 2021-01-01 00:00:00+00:00, run_after=2021-01-01 00:00:00+00:00
[2026-04-26T23:34:44.526+0000] {processor.py:183} INFO - Processing /home/airflow/.local/lib/python3.12/site-packages/airflow/example_dags/example_xcom.py took 0.041 seconds
[2026-04-26T23:35:15.237+0000] {processor.py:161} INFO - Started process (PID=3184) to work on /home/airflow/.local/lib/python3.12/site-packages/airflow/example_dags/example_xcom.py
[2026-04-26T23:35:15.237+0000] {processor.py:830} INFO - Processing file /home/airflow/.local/lib/python3.12/site-packages/airflow/example_dags/example_xcom.py for tasks to queue
[2026-04-26T23:35:15.238+0000] {logging_mixin.py:188} INFO - [2026-04-26T23:35:15.238+0000] {dagbag.py:545} INFO - Filling up the DagBag from /home/airflow/.local/lib/python3.12/site-packages/airflow/example_dags/example_xcom.py
[2026-04-26T23:35:15.243+0000] {processor.py:840} INFO - DAG(s) 'example_xcom' retrieved from /home/airflow/.local/lib/python3.12/site-packages/airflow/example_dags/example_xcom.py
[2026-04-26T23:35:15.254+0000] {logging_mixin.py:188} INFO - [2026-04-26T23:35:15.254+0000] {dag.py:3096} INFO - Sync 1 DAGs
[2026-04-26T23:35:15.266+0000] {logging_mixin.py:188} INFO - [2026-04-26T23:35:15.266+0000] {dag.py:3954} INFO - Setting next_dagrun for example_xcom to 2021-01-01 00:00:00+00:00, run_after=2021-01-01 00:00:00+00:00
[2026-04-26T23:35:15.275+0000] {processor.py:183} INFO - Processing /home/airflow/.local/lib/python3.12/site-packages/airflow/example_dags/example_xcom.py took 0.042 seconds
[2026-04-26T23:35:45.885+0000] {processor.py:161} INFO - Started process (PID=3243) to work on /home/airflow/.local/lib/python3.12/site-packages/airflow/example_dags/example_xcom.py
[2026-04-26T23:35:45.886+0000] {processor.py:830} INFO - Processing file /home/airflow/.local/lib/python3.12/site-packages/airflow/example_dags/example_xcom.py for tasks to queue
[2026-04-26T23:35:45.887+0000] {logging_mixin.py:188} INFO - [2026-04-26T23:35:45.887+0000] {dagbag.py:545} INFO - Filling up the DagBag from /home/airflow/.local/lib/python3.12/site-packages/airflow/example_dags/example_xcom.py
[2026-04-26T23:35:45.892+0000] {processor.py:840} INFO - DAG(s) 'example_xcom' retrieved from /home/airflow/.local/lib/python3.12/site-packages/airflow/example_dags/example_xcom.py
[2026-04-26T23:35:45.906+0000] {logging_mixin.py:188} INFO - [2026-04-26T23:35:45.905+0000] {dag.py:3096} INFO - Sync 1 DAGs
[2026-04-26T23:35:45.919+0000] {logging_mixin.py:188} INFO - [2026-04-26T23:35:45.919+0000] {dag.py:3954} INFO - Setting next_dagrun for example_xcom to 2021-01-01 00:00:00+00:00, run_after=2021-01-01 00:00:00+00:00
[2026-04-26T23:35:45.928+0000] {processor.py:183} INFO - Processing /home/airflow/.local/lib/python3.12/site-packages/airflow/example_dags/example_xcom.py took 0.047 seconds
[2026-04-26T23:36:16.677+0000] {processor.py:161} INFO - Started process (PID=3302) to work on /home/airflow/.local/lib/python3.12/site-packages/airflow/example_dags/example_xcom.py
[2026-04-26T23:36:16.678+0000] {processor.py:830} INFO - Processing file /home/airflow/.local/lib/python3.12/site-packages/airflow/example_dags/example_xcom.py for tasks to queue
[2026-04-26T23:36:16.679+0000] {logging_mixin.py:188} INFO - [2026-04-26T23:36:16.679+0000] {dagbag.py:545} INFO - Filling up the DagBag from /home/airflow/.local/lib/python3.12/site-packages/airflow/example_dags/example_xcom.py
[2026-04-26T23:36:16.684+0000] {processor.py:840} INFO - DAG(s) 'example_xcom' retrieved from /home/airflow/.local/lib/python3.12/site-packages/airflow/example_dags/example_xcom.py
[2026-04-26T23:36:16.697+0000] {logging_mixin.py:188} INFO - [2026-04-26T23:36:16.697+0000] {dag.py:3096} INFO - Sync 1 DAGs
[2026-04-26T23:36:16.710+0000] {logging_mixin.py:188} INFO - [2026-04-26T23:36:16.710+0000] {dag.py:3954} INFO - Setting next_dagrun for example_xcom to 2021-01-01 00:00:00+00:00, run_after=2021-01-01 00:00:00+00:00
[2026-04-26T23:36:16.721+0000] {processor.py:183} INFO - Processing /home/airflow/.local/lib/python3.12/site-packages/airflow/example_dags/example_xcom.py took 0.048 seconds
[2026-04-26T23:36:47.312+0000] {processor.py:161} INFO - Started process (PID=3361) to work on /home/airflow/.local/lib/python3.12/site-packages/airflow/example_dags/example_xcom.py
[2026-04-26T23:36:47.313+0000] {processor.py:830} INFO - Processing file /home/airflow/.local/lib/python3.12/site-packages/airflow/example_dags/example_xcom.py for tasks to queue
[2026-04-26T23:36:47.314+0000] {logging_mixin.py:188} INFO - [2026-04-26T23:36:47.314+0000] {dagbag.py:545} INFO - Filling up the DagBag from /home/airflow/.local/lib/python3.12/site-packages/airflow/example_dags/example_xcom.py
[2026-04-26T23:36:47.319+0000] {processor.py:840} INFO - DAG(s) 'example_xcom' retrieved from /home/airflow/.local/lib/python3.12/site-packages/airflow/example_dags/example_xcom.py
[2026-04-26T23:36:47.331+0000] {logging_mixin.py:188} INFO - [2026-04-26T23:36:47.331+0000] {dag.py:3096} INFO - Sync 1 DAGs
[2026-04-26T23:36:47.343+0000] {logging_mixin.py:188} INFO - [2026-04-26T23:36:47.343+0000] {dag.py:3954} INFO - Setting next_dagrun for example_xcom to 2021-01-01 00:00:00+00:00, run_after=2021-01-01 00:00:00+00:00
[2026-04-26T23:36:47.352+0000] {processor.py:183} INFO - Processing /home/airflow/.local/lib/python3.12/site-packages/airflow/example_dags/example_xcom.py took 0.044 seconds
[2026-04-26T23:37:18.053+0000] {processor.py:161} INFO - Started process (PID=3420) to work on /home/airflow/.local/lib/python3.12/site-packages/airflow/example_dags/example_xcom.py
[2026-04-26T23:37:18.053+0000] {processor.py:830} INFO - Processing file /home/airflow/.local/lib/python3.12/site-packages/airflow/example_dags/example_xcom.py for tasks to queue
[2026-04-26T23:37:18.055+0000] {logging_mixin.py:188} INFO - [2026-04-26T23:37:18.054+0000] {dagbag.py:545} INFO - Filling up the DagBag from /home/airflow/.local/lib/python3.12/site-packages/airflow/example_dags/example_xcom.py
[2026-04-26T23:37:18.059+0000] {processor.py:840} INFO - DAG(s) 'example_xcom' retrieved from /home/airflow/.local/lib/python3.12/site-packages/airflow/example_dags/example_xcom.py
[2026-04-26T23:37:18.071+0000] {logging_mixin.py:188} INFO - [2026-04-26T23:37:18.071+0000] {dag.py:3096} INFO - Sync 1 DAGs
[2026-04-26T23:37:18.084+0000] {logging_mixin.py:188} INFO - [2026-04-26T23:37:18.084+0000] {dag.py:3954} INFO - Setting next_dagrun for example_xcom to 2021-01-01 00:00:00+00:00, run_after=2021-01-01 00:00:00+00:00
[2026-04-26T23:37:18.095+0000] {processor.py:183} INFO - Processing /home/airflow/.local/lib/python3.12/site-packages/airflow/example_dags/example_xcom.py took 0.046 seconds
[2026-04-26T23:37:48.843+0000] {processor.py:161} INFO - Started process (PID=3479) to work on /home/airflow/.local/lib/python3.12/site-packages/airflow/example_dags/example_xcom.py
[2026-04-26T23:37:48.843+0000] {processor.py:830} INFO - Processing file /home/airflow/.local/lib/python3.12/site-packages/airflow/example_dags/example_xcom.py for tasks to queue
[2026-04-26T23:37:48.844+0000] {logging_mixin.py:188} INFO - [2026-04-26T23:37:48.844+0000] {dagbag.py:545} INFO - Filling up the DagBag from /home/airflow/.local/lib/python3.12/site-packages/airflow/example_dags/example_xcom.py
[2026-04-26T23:37:48.849+0000] {processor.py:840} INFO - DAG(s) 'example_xcom' retrieved from /home/airflow/.local/lib/python3.12/site-packages/airflow/example_dags/example_xcom.py
[2026-04-26T23:37:48.860+0000] {logging_mixin.py:188} INFO - [2026-04-26T23:37:48.860+0000] {dag.py:3096} INFO - Sync 1 DAGs
[2026-04-26T23:37:48.872+0000] {logging_mixin.py:188} INFO - [2026-04-26T23:37:48.872+0000] {dag.py:3954} INFO - Setting next_dagrun for example_xcom to 2021-01-01 00:00:00+00:00, run_after=2021-01-01 00:00:00+00:00
[2026-04-26T23:37:48.882+0000] {processor.py:183} INFO - Processing /home/airflow/.local/lib/python3.12/site-packages/airflow/example_dags/example_xcom.py took 0.043 seconds
[2026-04-26T23:38:19.533+0000] {processor.py:161} INFO - Started process (PID=3538) to work on /home/airflow/.local/lib/python3.12/site-packages/airflow/example_dags/example_xcom.py
[2026-04-26T23:38:19.534+0000] {processor.py:830} INFO - Processing file /home/airflow/.local/lib/python3.12/site-packages/airflow/example_dags/example_xcom.py for tasks to queue
[2026-04-26T23:38:19.535+0000] {logging_mixin.py:188} INFO - [2026-04-26T23:38:19.535+0000] {dagbag.py:545} INFO - Filling up the DagBag from /home/airflow/.local/lib/python3.12/site-packages/airflow/example_dags/example_xcom.py
[2026-04-26T23:38:19.539+0000] {processor.py:840} INFO - DAG(s) 'example_xcom' retrieved from /home/airflow/.local/lib/python3.12/site-packages/airflow/example_dags/example_xcom.py
[2026-04-26T23:38:19.549+0000] {logging_mixin.py:188} INFO - [2026-04-26T23:38:19.549+0000] {dag.py:3096} INFO - Sync 1 DAGs
[2026-04-26T23:38:19.559+0000] {logging_mixin.py:188} INFO - [2026-04-26T23:38:19.559+0000] {dag.py:3954} INFO - Setting next_dagrun for example_xcom to 2021-01-01 00:00:00+00:00, run_after=2021-01-01 00:00:00+00:00
[2026-04-26T23:38:19.568+0000] {processor.py:183} INFO - Processing /home/airflow/.local/lib/python3.12/site-packages/airflow/example_dags/example_xcom.py took 0.038 seconds
[2026-04-26T23:38:46.593+0000] {processor.py:161} INFO - Started process (PID=80) to work on /home/airflow/.local/lib/python3.12/site-packages/airflow/example_dags/example_xcom.py
[2026-04-26T23:38:46.594+0000] {processor.py:830} INFO - Processing file /home/airflow/.local/lib/python3.12/site-packages/airflow/example_dags/example_xcom.py for tasks to queue
[2026-04-26T23:38:46.595+0000] {logging_mixin.py:188} INFO - [2026-04-26T23:38:46.595+0000] {dagbag.py:545} INFO - Filling up the DagBag from /home/airflow/.local/lib/python3.12/site-packages/airflow/example_dags/example_xcom.py
[2026-04-26T23:38:46.600+0000] {processor.py:840} INFO - DAG(s) 'example_xcom' retrieved from /home/airflow/.local/lib/python3.12/site-packages/airflow/example_dags/example_xcom.py
[2026-04-26T23:38:46.607+0000] {logging_mixin.py:188} INFO - [2026-04-26T23:38:46.607+0000] {dag.py:3096} INFO - Sync 1 DAGs
[2026-04-26T23:38:46.619+0000] {logging_mixin.py:188} INFO - [2026-04-26T23:38:46.619+0000] {dag.py:3954} INFO - Setting next_dagrun for example_xcom to 2021-01-01 00:00:00+00:00, run_after=2021-01-01 00:00:00+00:00
[2026-04-26T23:38:46.628+0000] {processor.py:183} INFO - Processing /home/airflow/.local/lib/python3.12/site-packages/airflow/example_dags/example_xcom.py took 0.038 seconds
[2026-04-26T23:39:17.474+0000] {processor.py:161} INFO - Started process (PID=145) to work on /home/airflow/.local/lib/python3.12/site-packages/airflow/example_dags/example_xcom.py
[2026-04-26T23:39:17.475+0000] {processor.py:830} INFO - Processing file /home/airflow/.local/lib/python3.12/site-packages/airflow/example_dags/example_xcom.py for tasks to queue
[2026-04-26T23:39:17.476+0000] {logging_mixin.py:188} INFO - [2026-04-26T23:39:17.476+0000] {dagbag.py:545} INFO - Filling up the DagBag from /home/airflow/.local/lib/python3.12/site-packages/airflow/example_dags/example_xcom.py
[2026-04-26T23:39:17.480+0000] {processor.py:840} INFO - DAG(s) 'example_xcom' retrieved from /home/airflow/.local/lib/python3.12/site-packages/airflow/example_dags/example_xcom.py
[2026-04-26T23:39:17.538+0000] {logging_mixin.py:188} INFO - [2026-04-26T23:39:17.538+0000] {dag.py:3096} INFO - Sync 1 DAGs
[2026-04-26T23:39:17.548+0000] {logging_mixin.py:188} INFO - [2026-04-26T23:39:17.548+0000] {dag.py:3954} INFO - Setting next_dagrun for example_xcom to 2021-01-01 00:00:00+00:00, run_after=2021-01-01 00:00:00+00:00
[2026-04-26T23:39:17.558+0000] {processor.py:183} INFO - Processing /home/airflow/.local/lib/python3.12/site-packages/airflow/example_dags/example_xcom.py took 0.087 seconds
[2026-04-26T23:39:47.970+0000] {processor.py:161} INFO - Started process (PID=204) to work on /home/airflow/.local/lib/python3.12/site-packages/airflow/example_dags/example_xcom.py
[2026-04-26T23:39:47.970+0000] {processor.py:830} INFO - Processing file /home/airflow/.local/lib/python3.12/site-packages/airflow/example_dags/example_xcom.py for tasks to queue
[2026-04-26T23:39:47.972+0000] {logging_mixin.py:188} INFO - [2026-04-26T23:39:47.971+0000] {dagbag.py:545} INFO - Filling up the DagBag from /home/airflow/.local/lib/python3.12/site-packages/airflow/example_dags/example_xcom.py
[2026-04-26T23:39:47.976+0000] {processor.py:840} INFO - DAG(s) 'example_xcom' retrieved from /home/airflow/.local/lib/python3.12/site-packages/airflow/example_dags/example_xcom.py
[2026-04-26T23:39:47.989+0000] {logging_mixin.py:188} INFO - [2026-04-26T23:39:47.988+0000] {dag.py:3096} INFO - Sync 1 DAGs
[2026-04-26T23:39:48.000+0000] {logging_mixin.py:188} INFO - [2026-04-26T23:39:48.000+0000] {dag.py:3954} INFO - Setting next_dagrun for example_xcom to 2021-01-01 00:00:00+00:00, run_after=2021-01-01 00:00:00+00:00
[2026-04-26T23:39:48.010+0000] {processor.py:183} INFO - Processing /home/airflow/.local/lib/python3.12/site-packages/airflow/example_dags/example_xcom.py took 0.045 seconds
[2026-04-26T23:40:18.818+0000] {processor.py:161} INFO - Started process (PID=263) to work on /home/airflow/.local/lib/python3.12/site-packages/airflow/example_dags/example_xcom.py
[2026-04-26T23:40:18.818+0000] {processor.py:830} INFO - Processing file /home/airflow/.local/lib/python3.12/site-packages/airflow/example_dags/example_xcom.py for tasks to queue
[2026-04-26T23:40:18.819+0000] {logging_mixin.py:188} INFO - [2026-04-26T23:40:18.819+0000] {dagbag.py:545} INFO - Filling up the DagBag from /home/airflow/.local/lib/python3.12/site-packages/airflow/example_dags/example_xcom.py
[2026-04-26T23:40:18.823+0000] {processor.py:840} INFO - DAG(s) 'example_xcom' retrieved from /home/airflow/.local/lib/python3.12/site-packages/airflow/example_dags/example_xcom.py
[2026-04-26T23:40:18.835+0000] {logging_mixin.py:188} INFO - [2026-04-26T23:40:18.835+0000] {dag.py:3096} INFO - Sync 1 DAGs
[2026-04-26T23:40:18.846+0000] {logging_mixin.py:188} INFO - [2026-04-26T23:40:18.846+0000] {dag.py:3954} INFO - Setting next_dagrun for example_xcom to 2021-01-01 00:00:00+00:00, run_after=2021-01-01 00:00:00+00:00
[2026-04-26T23:40:18.855+0000] {processor.py:183} INFO - Processing /home/airflow/.local/lib/python3.12/site-packages/airflow/example_dags/example_xcom.py took 0.041 seconds
[2026-04-26T23:40:49.854+0000] {processor.py:161} INFO - Started process (PID=322) to work on /home/airflow/.local/lib/python3.12/site-packages/airflow/example_dags/example_xcom.py
[2026-04-26T23:40:49.855+0000] {processor.py:830} INFO - Processing file /home/airflow/.local/lib/python3.12/site-packages/airflow/example_dags/example_xcom.py for tasks to queue
[2026-04-26T23:40:49.856+0000] {logging_mixin.py:188} INFO - [2026-04-26T23:40:49.856+0000] {dagbag.py:545} INFO - Filling up the DagBag from /home/airflow/.local/lib/python3.12/site-packages/airflow/example_dags/example_xcom.py
[2026-04-26T23:40:49.860+0000] {processor.py:840} INFO - DAG(s) 'example_xcom' retrieved from /home/airflow/.local/lib/python3.12/site-packages/airflow/example_dags/example_xcom.py
[2026-04-26T23:40:49.870+0000] {logging_mixin.py:188} INFO - [2026-04-26T23:40:49.870+0000] {dag.py:3096} INFO - Sync 1 DAGs
[2026-04-26T23:40:49.881+0000] {logging_mixin.py:188} INFO - [2026-04-26T23:40:49.880+0000] {dag.py:3954} INFO - Setting next_dagrun for example_xcom to 2021-01-01 00:00:00+00:00, run_after=2021-01-01 00:00:00+00:00
[2026-04-26T23:40:49.890+0000] {processor.py:183} INFO - Processing /home/airflow/.local/lib/python3.12/site-packages/airflow/example_dags/example_xcom.py took 0.039 seconds
[2026-04-26T23:41:20.727+0000] {processor.py:161} INFO - Started process (PID=381) to work on /home/airflow/.local/lib/python3.12/site-packages/airflow/example_dags/example_xcom.py
[2026-04-26T23:41:20.727+0000] {processor.py:830} INFO - Processing file /home/airflow/.local/lib/python3.12/site-packages/airflow/example_dags/example_xcom.py for tasks to queue
[2026-04-26T23:41:20.728+0000] {logging_mixin.py:188} INFO - [2026-04-26T23:41:20.728+0000] {dagbag.py:545} INFO - Filling up the DagBag from /home/airflow/.local/lib/python3.12/site-packages/airflow/example_dags/example_xcom.py
[2026-04-26T23:41:20.733+0000] {processor.py:840} INFO - DAG(s) 'example_xcom' retrieved from /home/airflow/.local/lib/python3.12/site-packages/airflow/example_dags/example_xcom.py
[2026-04-26T23:41:20.745+0000] {logging_mixin.py:188} INFO - [2026-04-26T23:41:20.744+0000] {dag.py:3096} INFO - Sync 1 DAGs
[2026-04-26T23:41:20.757+0000] {logging_mixin.py:188} INFO - [2026-04-26T23:41:20.756+0000] {dag.py:3954} INFO - Setting next_dagrun for example_xcom to 2021-01-01 00:00:00+00:00, run_after=2021-01-01 00:00:00+00:00
[2026-04-26T23:41:20.767+0000] {processor.py:183} INFO - Processing /home/airflow/.local/lib/python3.12/site-packages/airflow/example_dags/example_xcom.py took 0.044 seconds
[2026-04-26T23:41:50.990+0000] {processor.py:161} INFO - Started process (PID=440) to work on /home/airflow/.local/lib/python3.12/site-packages/airflow/example_dags/example_xcom.py
[2026-04-26T23:41:50.991+0000] {processor.py:830} INFO - Processing file /home/airflow/.local/lib/python3.12/site-packages/airflow/example_dags/example_xcom.py for tasks to queue
[2026-04-26T23:41:50.992+0000] {logging_mixin.py:188} INFO - [2026-04-26T23:41:50.991+0000] {dagbag.py:545} INFO - Filling up the DagBag from /home/airflow/.local/lib/python3.12/site-packages/airflow/example_dags/example_xcom.py
[2026-04-26T23:41:50.995+0000] {processor.py:840} INFO - DAG(s) 'example_xcom' retrieved from /home/airflow/.local/lib/python3.12/site-packages/airflow/example_dags/example_xcom.py
[2026-04-26T23:41:51.006+0000] {logging_mixin.py:188} INFO - [2026-04-26T23:41:51.006+0000] {dag.py:3096} INFO - Sync 1 DAGs
[2026-04-26T23:41:51.017+0000] {logging_mixin.py:188} INFO - [2026-04-26T23:41:51.017+0000] {dag.py:3954} INFO - Setting next_dagrun for example_xcom to 2021-01-01 00:00:00+00:00, run_after=2021-01-01 00:00:00+00:00
[2026-04-26T23:41:51.026+0000] {processor.py:183} INFO - Processing /home/airflow/.local/lib/python3.12/site-packages/airflow/example_dags/example_xcom.py took 0.039 seconds
[2026-04-26T23:42:21.117+0000] {processor.py:161} INFO - Started process (PID=499) to work on /home/airflow/.local/lib/python3.12/site-packages/airflow/example_dags/example_xcom.py
[2026-04-26T23:42:21.117+0000] {processor.py:830} INFO - Processing file /home/airflow/.local/lib/python3.12/site-packages/airflow/example_dags/example_xcom.py for tasks to queue
[2026-04-26T23:42:21.119+0000] {logging_mixin.py:188} INFO - [2026-04-26T23:42:21.118+0000] {dagbag.py:545} INFO - Filling up the DagBag from /home/airflow/.local/lib/python3.12/site-packages/airflow/example_dags/example_xcom.py
[2026-04-26T23:42:21.123+0000] {processor.py:840} INFO - DAG(s) 'example_xcom' retrieved from /home/airflow/.local/lib/python3.12/site-packages/airflow/example_dags/example_xcom.py
[2026-04-26T23:42:21.136+0000] {logging_mixin.py:188} INFO - [2026-04-26T23:42:21.136+0000] {dag.py:3096} INFO - Sync 1 DAGs
[2026-04-26T23:42:21.149+0000] {logging_mixin.py:188} INFO - [2026-04-26T23:42:21.149+0000] {dag.py:3954} INFO - Setting next_dagrun for example_xcom to 2021-01-01 00:00:00+00:00, run_after=2021-01-01 00:00:00+00:00
[2026-04-26T23:42:21.160+0000] {processor.py:183} INFO - Processing /home/airflow/.local/lib/python3.12/site-packages/airflow/example_dags/example_xcom.py took 0.047 seconds
[2026-04-26T23:43:21.117+0000] {processor.py:161} INFO - Started process (PID=86) to work on /home/airflow/.local/lib/python3.12/site-packages/airflow/example_dags/example_xcom.py
[2026-04-26T23:43:21.117+0000] {processor.py:830} INFO - Processing file /home/airflow/.local/lib/python3.12/site-packages/airflow/example_dags/example_xcom.py for tasks to queue
[2026-04-26T23:43:21.118+0000] {logging_mixin.py:188} INFO - [2026-04-26T23:43:21.118+0000] {dagbag.py:545} INFO - Filling up the DagBag from /home/airflow/.local/lib/python3.12/site-packages/airflow/example_dags/example_xcom.py
[2026-04-26T23:43:21.125+0000] {processor.py:840} INFO - DAG(s) 'example_xcom' retrieved from /home/airflow/.local/lib/python3.12/site-packages/airflow/example_dags/example_xcom.py
[2026-04-26T23:43:21.131+0000] {logging_mixin.py:188} INFO - [2026-04-26T23:43:21.131+0000] {dag.py:3096} INFO - Sync 1 DAGs
[2026-04-26T23:43:21.144+0000] {logging_mixin.py:188} INFO - [2026-04-26T23:43:21.144+0000] {dag.py:3954} INFO - Setting next_dagrun for example_xcom to 2021-01-01 00:00:00+00:00, run_after=2021-01-01 00:00:00+00:00
[2026-04-26T23:43:21.155+0000] {processor.py:183} INFO - Processing /home/airflow/.local/lib/python3.12/site-packages/airflow/example_dags/example_xcom.py took 0.042 seconds
[2026-04-26T23:43:52.261+0000] {processor.py:161} INFO - Started process (PID=145) to work on /home/airflow/.local/lib/python3.12/site-packages/airflow/example_dags/example_xcom.py
[2026-04-26T23:43:52.261+0000] {processor.py:830} INFO - Processing file /home/airflow/.local/lib/python3.12/site-packages/airflow/example_dags/example_xcom.py for tasks to queue
[2026-04-26T23:43:52.262+0000] {logging_mixin.py:188} INFO - [2026-04-26T23:43:52.262+0000] {dagbag.py:545} INFO - Filling up the DagBag from /home/airflow/.local/lib/python3.12/site-packages/airflow/example_dags/example_xcom.py
[2026-04-26T23:43:52.267+0000] {processor.py:840} INFO - DAG(s) 'example_xcom' retrieved from /home/airflow/.local/lib/python3.12/site-packages/airflow/example_dags/example_xcom.py
[2026-04-26T23:43:52.324+0000] {logging_mixin.py:188} INFO - [2026-04-26T23:43:52.324+0000] {dag.py:3096} INFO - Sync 1 DAGs
[2026-04-26T23:43:52.334+0000] {logging_mixin.py:188} INFO - [2026-04-26T23:43:52.333+0000] {dag.py:3954} INFO - Setting next_dagrun for example_xcom to 2021-01-01 00:00:00+00:00, run_after=2021-01-01 00:00:00+00:00
[2026-04-26T23:43:52.369+0000] {processor.py:183} INFO - Processing /home/airflow/.local/lib/python3.12/site-packages/airflow/example_dags/example_xcom.py took 0.111 seconds
[2026-04-26T23:44:23.227+0000] {processor.py:161} INFO - Started process (PID=204) to work on /home/airflow/.local/lib/python3.12/site-packages/airflow/example_dags/example_xcom.py
[2026-04-26T23:44:23.227+0000] {processor.py:830} INFO - Processing file /home/airflow/.local/lib/python3.12/site-packages/airflow/example_dags/example_xcom.py for tasks to queue
[2026-04-26T23:44:23.228+0000] {logging_mixin.py:188} INFO - [2026-04-26T23:44:23.228+0000] {dagbag.py:545} INFO - Filling up the DagBag from /home/airflow/.local/lib/python3.12/site-packages/airflow/example_dags/example_xcom.py
[2026-04-26T23:44:23.233+0000] {processor.py:840} INFO - DAG(s) 'example_xcom' retrieved from /home/airflow/.local/lib/python3.12/site-packages/airflow/example_dags/example_xcom.py
[2026-04-26T23:44:23.245+0000] {logging_mixin.py:188} INFO - [2026-04-26T23:44:23.245+0000] {dag.py:3096} INFO - Sync 1 DAGs
[2026-04-26T23:44:23.257+0000] {logging_mixin.py:188} INFO - [2026-04-26T23:44:23.257+0000] {dag.py:3954} INFO - Setting next_dagrun for example_xcom to 2021-01-01 00:00:00+00:00, run_after=2021-01-01 00:00:00+00:00
[2026-04-26T23:44:23.267+0000] {processor.py:183} INFO - Processing /home/airflow/.local/lib/python3.12/site-packages/airflow/example_dags/example_xcom.py took 0.044 seconds
[2026-04-26T23:44:53.342+0000] {processor.py:161} INFO - Started process (PID=263) to work on /home/airflow/.local/lib/python3.12/site-packages/airflow/example_dags/example_xcom.py
[2026-04-26T23:44:53.342+0000] {processor.py:830} INFO - Processing file /home/airflow/.local/lib/python3.12/site-packages/airflow/example_dags/example_xcom.py for tasks to queue
[2026-04-26T23:44:53.343+0000] {logging_mixin.py:188} INFO - [2026-04-26T23:44:53.343+0000] {dagbag.py:545} INFO - Filling up the DagBag from /home/airflow/.local/lib/python3.12/site-packages/airflow/example_dags/example_xcom.py
[2026-04-26T23:44:53.347+0000] {processor.py:840} INFO - DAG(s) 'example_xcom' retrieved from /home/airflow/.local/lib/python3.12/site-packages/airflow/example_dags/example_xcom.py
[2026-04-26T23:44:53.360+0000] {logging_mixin.py:188} INFO - [2026-04-26T23:44:53.360+0000] {dag.py:3096} INFO - Sync 1 DAGs
[2026-04-26T23:44:53.371+0000] {logging_mixin.py:188} INFO - [2026-04-26T23:44:53.371+0000] {dag.py:3954} INFO - Setting next_dagrun for example_xcom to 2021-01-01 00:00:00+00:00, run_after=2021-01-01 00:00:00+00:00
[2026-04-26T23:44:53.381+0000] {processor.py:183} INFO - Processing /home/airflow/.local/lib/python3.12/site-packages/airflow/example_dags/example_xcom.py took 0.043 seconds
[2026-04-26T23:45:24.207+0000] {processor.py:161} INFO - Started process (PID=322) to work on /home/airflow/.local/lib/python3.12/site-packages/airflow/example_dags/example_xcom.py
[2026-04-26T23:45:24.208+0000] {processor.py:830} INFO - Processing file /home/airflow/.local/lib/python3.12/site-packages/airflow/example_dags/example_xcom.py for tasks to queue
[2026-04-26T23:45:24.209+0000] {logging_mixin.py:188} INFO - [2026-04-26T23:45:24.209+0000] {dagbag.py:545} INFO - Filling up the DagBag from /home/airflow/.local/lib/python3.12/site-packages/airflow/example_dags/example_xcom.py
[2026-04-26T23:45:24.213+0000] {processor.py:840} INFO - DAG(s) 'example_xcom' retrieved from /home/airflow/.local/lib/python3.12/site-packages/airflow/example_dags/example_xcom.py
[2026-04-26T23:45:24.225+0000] {logging_mixin.py:188} INFO - [2026-04-26T23:45:24.225+0000] {dag.py:3096} INFO - Sync 1 DAGs
[2026-04-26T23:45:24.237+0000] {logging_mixin.py:188} INFO - [2026-04-26T23:45:24.237+0000] {dag.py:3954} INFO - Setting next_dagrun for example_xcom to 2021-01-01 00:00:00+00:00, run_after=2021-01-01 00:00:00+00:00
[2026-04-26T23:45:24.246+0000] {processor.py:183} INFO - Processing /home/airflow/.local/lib/python3.12/site-packages/airflow/example_dags/example_xcom.py took 0.042 seconds
[2026-04-26T23:45:55.025+0000] {processor.py:161} INFO - Started process (PID=381) to work on /home/airflow/.local/lib/python3.12/site-packages/airflow/example_dags/example_xcom.py
[2026-04-26T23:45:55.025+0000] {processor.py:830} INFO - Processing file /home/airflow/.local/lib/python3.12/site-packages/airflow/example_dags/example_xcom.py for tasks to queue
[2026-04-26T23:45:55.026+0000] {logging_mixin.py:188} INFO - [2026-04-26T23:45:55.026+0000] {dagbag.py:545} INFO - Filling up the DagBag from /home/airflow/.local/lib/python3.12/site-packages/airflow/example_dags/example_xcom.py
[2026-04-26T23:45:55.031+0000] {processor.py:840} INFO - DAG(s) 'example_xcom' retrieved from /home/airflow/.local/lib/python3.12/site-packages/airflow/example_dags/example_xcom.py
[2026-04-26T23:45:55.043+0000] {logging_mixin.py:188} INFO - [2026-04-26T23:45:55.043+0000] {dag.py:3096} INFO - Sync 1 DAGs
[2026-04-26T23:45:55.055+0000] {logging_mixin.py:188} INFO - [2026-04-26T23:45:55.055+0000] {dag.py:3954} INFO - Setting next_dagrun for example_xcom to 2021-01-01 00:00:00+00:00, run_after=2021-01-01 00:00:00+00:00
[2026-04-26T23:45:55.065+0000] {processor.py:183} INFO - Processing /home/airflow/.local/lib/python3.12/site-packages/airflow/example_dags/example_xcom.py took 0.044 seconds
[2026-04-26T23:46:25.827+0000] {processor.py:161} INFO - Started process (PID=440) to work on /home/airflow/.local/lib/python3.12/site-packages/airflow/example_dags/example_xcom.py
[2026-04-26T23:46:25.827+0000] {processor.py:830} INFO - Processing file /home/airflow/.local/lib/python3.12/site-packages/airflow/example_dags/example_xcom.py for tasks to queue
[2026-04-26T23:46:25.828+0000] {logging_mixin.py:188} INFO - [2026-04-26T23:46:25.828+0000] {dagbag.py:545} INFO - Filling up the DagBag from /home/airflow/.local/lib/python3.12/site-packages/airflow/example_dags/example_xcom.py
[2026-04-26T23:46:25.833+0000] {processor.py:840} INFO - DAG(s) 'example_xcom' retrieved from /home/airflow/.local/lib/python3.12/site-packages/airflow/example_dags/example_xcom.py
[2026-04-26T23:46:25.846+0000] {logging_mixin.py:188} INFO - [2026-04-26T23:46:25.845+0000] {dag.py:3096} INFO - Sync 1 DAGs
[2026-04-26T23:46:25.859+0000] {logging_mixin.py:188} INFO - [2026-04-26T23:46:25.858+0000] {dag.py:3954} INFO - Setting next_dagrun for example_xcom to 2021-01-01 00:00:00+00:00, run_after=2021-01-01 00:00:00+00:00
[2026-04-26T23:46:25.867+0000] {processor.py:183} INFO - Processing /home/airflow/.local/lib/python3.12/site-packages/airflow/example_dags/example_xcom.py took 0.044 seconds
[2026-04-26T23:46:56.622+0000] {processor.py:161} INFO - Started process (PID=499) to work on /home/airflow/.local/lib/python3.12/site-packages/airflow/example_dags/example_xcom.py
[2026-04-26T23:46:56.623+0000] {processor.py:830} INFO - Processing file /home/airflow/.local/lib/python3.12/site-packages/airflow/example_dags/example_xcom.py for tasks to queue
[2026-04-26T23:46:56.624+0000] {logging_mixin.py:188} INFO - [2026-04-26T23:46:56.624+0000] {dagbag.py:545} INFO - Filling up the DagBag from /home/airflow/.local/lib/python3.12/site-packages/airflow/example_dags/example_xcom.py
[2026-04-26T23:46:56.629+0000] {processor.py:840} INFO - DAG(s) 'example_xcom' retrieved from /home/airflow/.local/lib/python3.12/site-packages/airflow/example_dags/example_xcom.py
[2026-04-26T23:46:56.642+0000] {logging_mixin.py:188} INFO - [2026-04-26T23:46:56.642+0000] {dag.py:3096} INFO - Sync 1 DAGs
[2026-04-26T23:46:56.655+0000] {logging_mixin.py:188} INFO - [2026-04-26T23:46:56.655+0000] {dag.py:3954} INFO - Setting next_dagrun for example_xcom to 2021-01-01 00:00:00+00:00, run_after=2021-01-01 00:00:00+00:00
[2026-04-26T23:46:56.664+0000] {processor.py:183} INFO - Processing /home/airflow/.local/lib/python3.12/site-packages/airflow/example_dags/example_xcom.py took 0.046 seconds
[2026-04-26T23:47:26.934+0000] {processor.py:161} INFO - Started process (PID=558) to work on /home/airflow/.local/lib/python3.12/site-packages/airflow/example_dags/example_xcom.py
[2026-04-26T23:47:26.934+0000] {processor.py:830} INFO - Processing file /home/airflow/.local/lib/python3.12/site-packages/airflow/example_dags/example_xcom.py for tasks to queue
[2026-04-26T23:47:26.936+0000] {logging_mixin.py:188} INFO - [2026-04-26T23:47:26.936+0000] {dagbag.py:545} INFO - Filling up the DagBag from /home/airflow/.local/lib/python3.12/site-packages/airflow/example_dags/example_xcom.py
[2026-04-26T23:47:26.944+0000] {processor.py:840} INFO - DAG(s) 'example_xcom' retrieved from /home/airflow/.local/lib/python3.12/site-packages/airflow/example_dags/example_xcom.py
[2026-04-26T23:47:26.964+0000] {logging_mixin.py:188} INFO - [2026-04-26T23:47:26.964+0000] {dag.py:3096} INFO - Sync 1 DAGs
[2026-04-26T23:47:26.984+0000] {logging_mixin.py:188} INFO - [2026-04-26T23:47:26.984+0000] {dag.py:3954} INFO - Setting next_dagrun for example_xcom to 2021-01-01 00:00:00+00:00, run_after=2021-01-01 00:00:00+00:00
[2026-04-26T23:47:27.003+0000] {processor.py:183} INFO - Processing /home/airflow/.local/lib/python3.12/site-packages/airflow/example_dags/example_xcom.py took 0.076 seconds
[2026-04-26T23:47:57.054+0000] {processor.py:161} INFO - Started process (PID=617) to work on /home/airflow/.local/lib/python3.12/site-packages/airflow/example_dags/example_xcom.py
[2026-04-26T23:47:57.054+0000] {processor.py:830} INFO - Processing file /home/airflow/.local/lib/python3.12/site-packages/airflow/example_dags/example_xcom.py for tasks to queue
[2026-04-26T23:47:57.056+0000] {logging_mixin.py:188} INFO - [2026-04-26T23:47:57.055+0000] {dagbag.py:545} INFO - Filling up the DagBag from /home/airflow/.local/lib/python3.12/site-packages/airflow/example_dags/example_xcom.py
[2026-04-26T23:47:57.061+0000] {processor.py:840} INFO - DAG(s) 'example_xcom' retrieved from /home/airflow/.local/lib/python3.12/site-packages/airflow/example_dags/example_xcom.py
[2026-04-26T23:47:57.076+0000] {logging_mixin.py:188} INFO - [2026-04-26T23:47:57.076+0000] {dag.py:3096} INFO - Sync 1 DAGs
[2026-04-26T23:47:57.092+0000] {logging_mixin.py:188} INFO - [2026-04-26T23:47:57.092+0000] {dag.py:3954} INFO - Setting next_dagrun for example_xcom to 2021-01-01 00:00:00+00:00, run_after=2021-01-01 00:00:00+00:00
[2026-04-26T23:47:57.105+0000] {processor.py:183} INFO - Processing /home/airflow/.local/lib/python3.12/site-packages/airflow/example_dags/example_xcom.py took 0.056 seconds
[2026-04-26T23:48:27.193+0000] {processor.py:161} INFO - Started process (PID=676) to work on /home/airflow/.local/lib/python3.12/site-packages/airflow/example_dags/example_xcom.py
[2026-04-26T23:48:27.194+0000] {processor.py:830} INFO - Processing file /home/airflow/.local/lib/python3.12/site-packages/airflow/example_dags/example_xcom.py for tasks to queue
[2026-04-26T23:48:27.195+0000] {logging_mixin.py:188} INFO - [2026-04-26T23:48:27.195+0000] {dagbag.py:545} INFO - Filling up the DagBag from /home/airflow/.local/lib/python3.12/site-packages/airflow/example_dags/example_xcom.py
[2026-04-26T23:48:27.201+0000] {processor.py:840} INFO - DAG(s) 'example_xcom' retrieved from /home/airflow/.local/lib/python3.12/site-packages/airflow/example_dags/example_xcom.py
[2026-04-26T23:48:27.215+0000] {logging_mixin.py:188} INFO - [2026-04-26T23:48:27.215+0000] {dag.py:3096} INFO - Sync 1 DAGs
[2026-04-26T23:48:27.229+0000] {logging_mixin.py:188} INFO - [2026-04-26T23:48:27.229+0000] {dag.py:3954} INFO - Setting next_dagrun for example_xcom to 2021-01-01 00:00:00+00:00, run_after=2021-01-01 00:00:00+00:00
[2026-04-26T23:48:27.240+0000] {processor.py:183} INFO - Processing /home/airflow/.local/lib/python3.12/site-packages/airflow/example_dags/example_xcom.py took 0.052 seconds
[2026-04-26T23:48:58.207+0000] {processor.py:161} INFO - Started process (PID=735) to work on /home/airflow/.local/lib/python3.12/site-packages/airflow/example_dags/example_xcom.py
[2026-04-26T23:48:58.207+0000] {processor.py:830} INFO - Processing file /home/airflow/.local/lib/python3.12/site-packages/airflow/example_dags/example_xcom.py for tasks to queue
[2026-04-26T23:48:58.209+0000] {logging_mixin.py:188} INFO - [2026-04-26T23:48:58.209+0000] {dagbag.py:545} INFO - Filling up the DagBag from /home/airflow/.local/lib/python3.12/site-packages/airflow/example_dags/example_xcom.py
[2026-04-26T23:48:58.215+0000] {processor.py:840} INFO - DAG(s) 'example_xcom' retrieved from /home/airflow/.local/lib/python3.12/site-packages/airflow/example_dags/example_xcom.py
[2026-04-26T23:48:58.229+0000] {logging_mixin.py:188} INFO - [2026-04-26T23:48:58.229+0000] {dag.py:3096} INFO - Sync 1 DAGs
[2026-04-26T23:48:58.244+0000] {logging_mixin.py:188} INFO - [2026-04-26T23:48:58.244+0000] {dag.py:3954} INFO - Setting next_dagrun for example_xcom to 2021-01-01 00:00:00+00:00, run_after=2021-01-01 00:00:00+00:00
[2026-04-26T23:48:58.256+0000] {processor.py:183} INFO - Processing /home/airflow/.local/lib/python3.12/site-packages/airflow/example_dags/example_xcom.py took 0.054 seconds
[2026-04-26T23:49:28.416+0000] {processor.py:161} INFO - Started process (PID=794) to work on /home/airflow/.local/lib/python3.12/site-packages/airflow/example_dags/example_xcom.py
[2026-04-26T23:49:28.416+0000] {processor.py:830} INFO - Processing file /home/airflow/.local/lib/python3.12/site-packages/airflow/example_dags/example_xcom.py for tasks to queue
[2026-04-26T23:49:28.418+0000] {logging_mixin.py:188} INFO - [2026-04-26T23:49:28.417+0000] {dagbag.py:545} INFO - Filling up the DagBag from /home/airflow/.local/lib/python3.12/site-packages/airflow/example_dags/example_xcom.py
[2026-04-26T23:49:28.423+0000] {processor.py:840} INFO - DAG(s) 'example_xcom' retrieved from /home/airflow/.local/lib/python3.12/site-packages/airflow/example_dags/example_xcom.py
[2026-04-26T23:49:28.437+0000] {logging_mixin.py:188} INFO - [2026-04-26T23:49:28.437+0000] {dag.py:3096} INFO - Sync 1 DAGs
[2026-04-26T23:49:28.452+0000] {logging_mixin.py:188} INFO - [2026-04-26T23:49:28.452+0000] {dag.py:3954} INFO - Setting next_dagrun for example_xcom to 2021-01-01 00:00:00+00:00, run_after=2021-01-01 00:00:00+00:00
[2026-04-26T23:49:28.464+0000] {processor.py:183} INFO - Processing /home/airflow/.local/lib/python3.12/site-packages/airflow/example_dags/example_xcom.py took 0.053 seconds
[2026-04-26T23:50:03.995+0000] {processor.py:161} INFO - Started process (PID=86) to work on /home/airflow/.local/lib/python3.12/site-packages/airflow/example_dags/example_xcom.py
[2026-04-26T23:50:03.996+0000] {processor.py:830} INFO - Processing file /home/airflow/.local/lib/python3.12/site-packages/airflow/example_dags/example_xcom.py for tasks to queue
[2026-04-26T23:50:03.997+0000] {logging_mixin.py:188} INFO - [2026-04-26T23:50:03.997+0000] {dagbag.py:545} INFO - Filling up the DagBag from /home/airflow/.local/lib/python3.12/site-packages/airflow/example_dags/example_xcom.py
[2026-04-26T23:50:04.003+0000] {processor.py:840} INFO - DAG(s) 'example_xcom' retrieved from /home/airflow/.local/lib/python3.12/site-packages/airflow/example_dags/example_xcom.py
[2026-04-26T23:50:04.009+0000] {logging_mixin.py:188} INFO - [2026-04-26T23:50:04.009+0000] {dag.py:3096} INFO - Sync 1 DAGs
[2026-04-26T23:50:04.021+0000] {logging_mixin.py:188} INFO - [2026-04-26T23:50:04.021+0000] {dag.py:3954} INFO - Setting next_dagrun for example_xcom to 2021-01-01 00:00:00+00:00, run_after=2021-01-01 00:00:00+00:00
[2026-04-26T23:50:04.034+0000] {processor.py:183} INFO - Processing /home/airflow/.local/lib/python3.12/site-packages/airflow/example_dags/example_xcom.py took 0.042 seconds
[2026-04-26T23:50:35.345+0000] {processor.py:161} INFO - Started process (PID=145) to work on /home/airflow/.local/lib/python3.12/site-packages/airflow/example_dags/example_xcom.py
[2026-04-26T23:50:35.346+0000] {processor.py:830} INFO - Processing file /home/airflow/.local/lib/python3.12/site-packages/airflow/example_dags/example_xcom.py for tasks to queue
[2026-04-26T23:50:35.347+0000] {logging_mixin.py:188} INFO - [2026-04-26T23:50:35.347+0000] {dagbag.py:545} INFO - Filling up the DagBag from /home/airflow/.local/lib/python3.12/site-packages/airflow/example_dags/example_xcom.py
[2026-04-26T23:50:35.352+0000] {processor.py:840} INFO - DAG(s) 'example_xcom' retrieved from /home/airflow/.local/lib/python3.12/site-packages/airflow/example_dags/example_xcom.py
[2026-04-26T23:50:35.408+0000] {logging_mixin.py:188} INFO - [2026-04-26T23:50:35.408+0000] {dag.py:3096} INFO - Sync 1 DAGs
[2026-04-26T23:50:35.418+0000] {logging_mixin.py:188} INFO - [2026-04-26T23:50:35.418+0000] {dag.py:3954} INFO - Setting next_dagrun for example_xcom to 2021-01-01 00:00:00+00:00, run_after=2021-01-01 00:00:00+00:00
[2026-04-26T23:50:35.431+0000] {processor.py:183} INFO - Processing /home/airflow/.local/lib/python3.12/site-packages/airflow/example_dags/example_xcom.py took 0.090 seconds
[2026-04-26T23:51:06.298+0000] {processor.py:161} INFO - Started process (PID=204) to work on /home/airflow/.local/lib/python3.12/site-packages/airflow/example_dags/example_xcom.py
[2026-04-26T23:51:06.299+0000] {processor.py:830} INFO - Processing file /home/airflow/.local/lib/python3.12/site-packages/airflow/example_dags/example_xcom.py for tasks to queue
[2026-04-26T23:51:06.300+0000] {logging_mixin.py:188} INFO - [2026-04-26T23:51:06.300+0000] {dagbag.py:545} INFO - Filling up the DagBag from /home/airflow/.local/lib/python3.12/site-packages/airflow/example_dags/example_xcom.py
[2026-04-26T23:51:06.306+0000] {processor.py:840} INFO - DAG(s) 'example_xcom' retrieved from /home/airflow/.local/lib/python3.12/site-packages/airflow/example_dags/example_xcom.py
[2026-04-26T23:51:06.319+0000] {logging_mixin.py:188} INFO - [2026-04-26T23:51:06.319+0000] {dag.py:3096} INFO - Sync 1 DAGs
[2026-04-26T23:51:06.333+0000] {logging_mixin.py:188} INFO - [2026-04-26T23:51:06.333+0000] {dag.py:3954} INFO - Setting next_dagrun for example_xcom to 2021-01-01 00:00:00+00:00, run_after=2021-01-01 00:00:00+00:00
[2026-04-26T23:51:06.344+0000] {processor.py:183} INFO - Processing /home/airflow/.local/lib/python3.12/site-packages/airflow/example_dags/example_xcom.py took 0.050 seconds
[2026-04-26T23:51:36.445+0000] {processor.py:161} INFO - Started process (PID=263) to work on /home/airflow/.local/lib/python3.12/site-packages/airflow/example_dags/example_xcom.py
[2026-04-26T23:51:36.445+0000] {processor.py:830} INFO - Processing file /home/airflow/.local/lib/python3.12/site-packages/airflow/example_dags/example_xcom.py for tasks to queue
[2026-04-26T23:51:36.446+0000] {logging_mixin.py:188} INFO - [2026-04-26T23:51:36.446+0000] {dagbag.py:545} INFO - Filling up the DagBag from /home/airflow/.local/lib/python3.12/site-packages/airflow/example_dags/example_xcom.py
[2026-04-26T23:51:36.451+0000] {processor.py:840} INFO - DAG(s) 'example_xcom' retrieved from /home/airflow/.local/lib/python3.12/site-packages/airflow/example_dags/example_xcom.py
[2026-04-26T23:51:36.464+0000] {logging_mixin.py:188} INFO - [2026-04-26T23:51:36.464+0000] {dag.py:3096} INFO - Sync 1 DAGs
[2026-04-26T23:51:36.477+0000] {logging_mixin.py:188} INFO - [2026-04-26T23:51:36.477+0000] {dag.py:3954} INFO - Setting next_dagrun for example_xcom to 2021-01-01 00:00:00+00:00, run_after=2021-01-01 00:00:00+00:00
[2026-04-26T23:51:36.488+0000] {processor.py:183} INFO - Processing /home/airflow/.local/lib/python3.12/site-packages/airflow/example_dags/example_xcom.py took 0.047 seconds
[2026-04-26T23:52:06.507+0000] {processor.py:161} INFO - Started process (PID=322) to work on /home/airflow/.local/lib/python3.12/site-packages/airflow/example_dags/example_xcom.py
[2026-04-26T23:52:06.508+0000] {processor.py:830} INFO - Processing file /home/airflow/.local/lib/python3.12/site-packages/airflow/example_dags/example_xcom.py for tasks to queue
[2026-04-26T23:52:06.509+0000] {logging_mixin.py:188} INFO - [2026-04-26T23:52:06.509+0000] {dagbag.py:545} INFO - Filling up the DagBag from /home/airflow/.local/lib/python3.12/site-packages/airflow/example_dags/example_xcom.py
[2026-04-26T23:52:06.513+0000] {processor.py:840} INFO - DAG(s) 'example_xcom' retrieved from /home/airflow/.local/lib/python3.12/site-packages/airflow/example_dags/example_xcom.py
[2026-04-26T23:52:06.523+0000] {logging_mixin.py:188} INFO - [2026-04-26T23:52:06.523+0000] {dag.py:3096} INFO - Sync 1 DAGs
[2026-04-26T23:52:06.534+0000] {logging_mixin.py:188} INFO - [2026-04-26T23:52:06.534+0000] {dag.py:3954} INFO - Setting next_dagrun for example_xcom to 2021-01-01 00:00:00+00:00, run_after=2021-01-01 00:00:00+00:00
[2026-04-26T23:52:06.542+0000] {processor.py:183} INFO - Processing /home/airflow/.local/lib/python3.12/site-packages/airflow/example_dags/example_xcom.py took 0.038 seconds
[2026-04-26T23:52:36.755+0000] {processor.py:161} INFO - Started process (PID=381) to work on /home/airflow/.local/lib/python3.12/site-packages/airflow/example_dags/example_xcom.py
[2026-04-26T23:52:36.755+0000] {processor.py:830} INFO - Processing file /home/airflow/.local/lib/python3.12/site-packages/airflow/example_dags/example_xcom.py for tasks to queue
[2026-04-26T23:52:36.756+0000] {logging_mixin.py:188} INFO - [2026-04-26T23:52:36.756+0000] {dagbag.py:545} INFO - Filling up the DagBag from /home/airflow/.local/lib/python3.12/site-packages/airflow/example_dags/example_xcom.py
[2026-04-26T23:52:36.760+0000] {processor.py:840} INFO - DAG(s) 'example_xcom' retrieved from /home/airflow/.local/lib/python3.12/site-packages/airflow/example_dags/example_xcom.py
[2026-04-26T23:52:36.771+0000] {logging_mixin.py:188} INFO - [2026-04-26T23:52:36.771+0000] {dag.py:3096} INFO - Sync 1 DAGs
[2026-04-26T23:52:36.781+0000] {logging_mixin.py:188} INFO - [2026-04-26T23:52:36.781+0000] {dag.py:3954} INFO - Setting next_dagrun for example_xcom to 2021-01-01 00:00:00+00:00, run_after=2021-01-01 00:00:00+00:00
[2026-04-26T23:52:36.791+0000] {processor.py:183} INFO - Processing /home/airflow/.local/lib/python3.12/site-packages/airflow/example_dags/example_xcom.py took 0.039 seconds
[2026-04-26T23:53:07.607+0000] {processor.py:161} INFO - Started process (PID=440) to work on /home/airflow/.local/lib/python3.12/site-packages/airflow/example_dags/example_xcom.py
[2026-04-26T23:53:07.607+0000] {processor.py:830} INFO - Processing file /home/airflow/.local/lib/python3.12/site-packages/airflow/example_dags/example_xcom.py for tasks to queue
[2026-04-26T23:53:07.609+0000] {logging_mixin.py:188} INFO - [2026-04-26T23:53:07.608+0000] {dagbag.py:545} INFO - Filling up the DagBag from /home/airflow/.local/lib/python3.12/site-packages/airflow/example_dags/example_xcom.py
[2026-04-26T23:53:07.614+0000] {processor.py:840} INFO - DAG(s) 'example_xcom' retrieved from /home/airflow/.local/lib/python3.12/site-packages/airflow/example_dags/example_xcom.py
[2026-04-26T23:53:07.629+0000] {logging_mixin.py:188} INFO - [2026-04-26T23:53:07.629+0000] {dag.py:3096} INFO - Sync 1 DAGs
[2026-04-26T23:53:07.644+0000] {logging_mixin.py:188} INFO - [2026-04-26T23:53:07.644+0000] {dag.py:3954} INFO - Setting next_dagrun for example_xcom to 2021-01-01 00:00:00+00:00, run_after=2021-01-01 00:00:00+00:00
[2026-04-26T23:53:07.656+0000] {processor.py:183} INFO - Processing /home/airflow/.local/lib/python3.12/site-packages/airflow/example_dags/example_xcom.py took 0.054 seconds
[2026-04-26T23:53:37.952+0000] {processor.py:161} INFO - Started process (PID=499) to work on /home/airflow/.local/lib/python3.12/site-packages/airflow/example_dags/example_xcom.py
[2026-04-26T23:53:37.953+0000] {processor.py:830} INFO - Processing file /home/airflow/.local/lib/python3.12/site-packages/airflow/example_dags/example_xcom.py for tasks to queue
[2026-04-26T23:53:37.954+0000] {logging_mixin.py:188} INFO - [2026-04-26T23:53:37.954+0000] {dagbag.py:545} INFO - Filling up the DagBag from /home/airflow/.local/lib/python3.12/site-packages/airflow/example_dags/example_xcom.py
[2026-04-26T23:53:37.960+0000] {processor.py:840} INFO - DAG(s) 'example_xcom' retrieved from /home/airflow/.local/lib/python3.12/site-packages/airflow/example_dags/example_xcom.py
[2026-04-26T23:53:37.975+0000] {logging_mixin.py:188} INFO - [2026-04-26T23:53:37.975+0000] {dag.py:3096} INFO - Sync 1 DAGs
[2026-04-26T23:53:37.988+0000] {logging_mixin.py:188} INFO - [2026-04-26T23:53:37.988+0000] {dag.py:3954} INFO - Setting next_dagrun for example_xcom to 2021-01-01 00:00:00+00:00, run_after=2021-01-01 00:00:00+00:00
[2026-04-26T23:53:37.999+0000] {processor.py:183} INFO - Processing /home/airflow/.local/lib/python3.12/site-packages/airflow/example_dags/example_xcom.py took 0.051 seconds
