[2026-04-26T23:08:15.491+0000] {processor.py:161} INFO - Started process (PID=75) to work on /home/airflow/.local/lib/python3.12/site-packages/airflow/example_dags/example_skip_dag.py
[2026-04-26T23:08:15.492+0000] {processor.py:830} INFO - Processing file /home/airflow/.local/lib/python3.12/site-packages/airflow/example_dags/example_skip_dag.py for tasks to queue
[2026-04-26T23:08:15.493+0000] {logging_mixin.py:188} INFO - [2026-04-26T23:08:15.493+0000] {dagbag.py:545} INFO - Filling up the DagBag from /home/airflow/.local/lib/python3.12/site-packages/airflow/example_dags/example_skip_dag.py
[2026-04-26T23:08:15.498+0000] {processor.py:840} INFO - DAG(s) 'example_skip_dag' retrieved from /home/airflow/.local/lib/python3.12/site-packages/airflow/example_dags/example_skip_dag.py
[2026-04-26T23:08:15.506+0000] {logging_mixin.py:188} INFO - [2026-04-26T23:08:15.506+0000] {dag.py:3096} INFO - Sync 1 DAGs
[2026-04-26T23:08:15.523+0000] {logging_mixin.py:188} INFO - [2026-04-26T23:08:15.523+0000] {dag.py:3954} INFO - Setting next_dagrun for example_skip_dag to 2026-04-25 00:00:00+00:00, run_after=2026-04-26 00:00:00+00:00
[2026-04-26T23:08:15.534+0000] {processor.py:183} INFO - Processing /home/airflow/.local/lib/python3.12/site-packages/airflow/example_dags/example_skip_dag.py took 0.047 seconds
[2026-04-26T23:08:46.469+0000] {processor.py:161} INFO - Started process (PID=133) to work on /home/airflow/.local/lib/python3.12/site-packages/airflow/example_dags/example_skip_dag.py
[2026-04-26T23:08:46.469+0000] {processor.py:830} INFO - Processing file /home/airflow/.local/lib/python3.12/site-packages/airflow/example_dags/example_skip_dag.py for tasks to queue
[2026-04-26T23:08:46.471+0000] {logging_mixin.py:188} INFO - [2026-04-26T23:08:46.470+0000] {dagbag.py:545} INFO - Filling up the DagBag from /home/airflow/.local/lib/python3.12/site-packages/airflow/example_dags/example_skip_dag.py
[2026-04-26T23:08:46.475+0000] {processor.py:840} INFO - DAG(s) 'example_skip_dag' retrieved from /home/airflow/.local/lib/python3.12/site-packages/airflow/example_dags/example_skip_dag.py
[2026-04-26T23:08:46.545+0000] {logging_mixin.py:188} INFO - [2026-04-26T23:08:46.545+0000] {dag.py:3096} INFO - Sync 1 DAGs
[2026-04-26T23:08:46.556+0000] {logging_mixin.py:188} INFO - [2026-04-26T23:08:46.556+0000] {dag.py:3954} INFO - Setting next_dagrun for example_skip_dag to 2026-04-25 00:00:00+00:00, run_after=2026-04-26 00:00:00+00:00
[2026-04-26T23:08:46.568+0000] {processor.py:183} INFO - Processing /home/airflow/.local/lib/python3.12/site-packages/airflow/example_dags/example_skip_dag.py took 0.103 seconds
[2026-04-26T23:09:16.950+0000] {processor.py:161} INFO - Started process (PID=191) to work on /home/airflow/.local/lib/python3.12/site-packages/airflow/example_dags/example_skip_dag.py
[2026-04-26T23:09:16.950+0000] {processor.py:830} INFO - Processing file /home/airflow/.local/lib/python3.12/site-packages/airflow/example_dags/example_skip_dag.py for tasks to queue
[2026-04-26T23:09:16.951+0000] {logging_mixin.py:188} INFO - [2026-04-26T23:09:16.951+0000] {dagbag.py:545} INFO - Filling up the DagBag from /home/airflow/.local/lib/python3.12/site-packages/airflow/example_dags/example_skip_dag.py
[2026-04-26T23:09:16.955+0000] {processor.py:840} INFO - DAG(s) 'example_skip_dag' retrieved from /home/airflow/.local/lib/python3.12/site-packages/airflow/example_dags/example_skip_dag.py
[2026-04-26T23:09:16.965+0000] {logging_mixin.py:188} INFO - [2026-04-26T23:09:16.964+0000] {dag.py:3096} INFO - Sync 1 DAGs
[2026-04-26T23:09:16.975+0000] {logging_mixin.py:188} INFO - [2026-04-26T23:09:16.975+0000] {dag.py:3954} INFO - Setting next_dagrun for example_skip_dag to 2026-04-25 00:00:00+00:00, run_after=2026-04-26 00:00:00+00:00
[2026-04-26T23:09:16.984+0000] {processor.py:183} INFO - Processing /home/airflow/.local/lib/python3.12/site-packages/airflow/example_dags/example_skip_dag.py took 0.038 seconds
[2026-04-26T23:09:47.803+0000] {processor.py:161} INFO - Started process (PID=249) to work on /home/airflow/.local/lib/python3.12/site-packages/airflow/example_dags/example_skip_dag.py
[2026-04-26T23:09:47.804+0000] {processor.py:830} INFO - Processing file /home/airflow/.local/lib/python3.12/site-packages/airflow/example_dags/example_skip_dag.py for tasks to queue
[2026-04-26T23:09:47.805+0000] {logging_mixin.py:188} INFO - [2026-04-26T23:09:47.804+0000] {dagbag.py:545} INFO - Filling up the DagBag from /home/airflow/.local/lib/python3.12/site-packages/airflow/example_dags/example_skip_dag.py
[2026-04-26T23:09:47.808+0000] {processor.py:840} INFO - DAG(s) 'example_skip_dag' retrieved from /home/airflow/.local/lib/python3.12/site-packages/airflow/example_dags/example_skip_dag.py
[2026-04-26T23:09:47.820+0000] {logging_mixin.py:188} INFO - [2026-04-26T23:09:47.820+0000] {dag.py:3096} INFO - Sync 1 DAGs
[2026-04-26T23:09:47.832+0000] {logging_mixin.py:188} INFO - [2026-04-26T23:09:47.832+0000] {dag.py:3954} INFO - Setting next_dagrun for example_skip_dag to 2026-04-25 00:00:00+00:00, run_after=2026-04-26 00:00:00+00:00
[2026-04-26T23:09:47.842+0000] {processor.py:183} INFO - Processing /home/airflow/.local/lib/python3.12/site-packages/airflow/example_dags/example_skip_dag.py took 0.043 seconds
[2026-04-26T23:10:18.710+0000] {processor.py:161} INFO - Started process (PID=313) to work on /home/airflow/.local/lib/python3.12/site-packages/airflow/example_dags/example_skip_dag.py
[2026-04-26T23:10:18.711+0000] {processor.py:830} INFO - Processing file /home/airflow/.local/lib/python3.12/site-packages/airflow/example_dags/example_skip_dag.py for tasks to queue
[2026-04-26T23:10:18.712+0000] {logging_mixin.py:188} INFO - [2026-04-26T23:10:18.711+0000] {dagbag.py:545} INFO - Filling up the DagBag from /home/airflow/.local/lib/python3.12/site-packages/airflow/example_dags/example_skip_dag.py
[2026-04-26T23:10:18.715+0000] {processor.py:840} INFO - DAG(s) 'example_skip_dag' retrieved from /home/airflow/.local/lib/python3.12/site-packages/airflow/example_dags/example_skip_dag.py
[2026-04-26T23:10:18.727+0000] {logging_mixin.py:188} INFO - [2026-04-26T23:10:18.726+0000] {dag.py:3096} INFO - Sync 1 DAGs
[2026-04-26T23:10:18.737+0000] {logging_mixin.py:188} INFO - [2026-04-26T23:10:18.737+0000] {dag.py:3954} INFO - Setting next_dagrun for example_skip_dag to 2026-04-25 00:00:00+00:00, run_after=2026-04-26 00:00:00+00:00
[2026-04-26T23:10:18.745+0000] {processor.py:183} INFO - Processing /home/airflow/.local/lib/python3.12/site-packages/airflow/example_dags/example_skip_dag.py took 0.038 seconds
[2026-04-26T23:10:48.854+0000] {processor.py:161} INFO - Started process (PID=371) to work on /home/airflow/.local/lib/python3.12/site-packages/airflow/example_dags/example_skip_dag.py
[2026-04-26T23:10:48.854+0000] {processor.py:830} INFO - Processing file /home/airflow/.local/lib/python3.12/site-packages/airflow/example_dags/example_skip_dag.py for tasks to queue
[2026-04-26T23:10:48.855+0000] {logging_mixin.py:188} INFO - [2026-04-26T23:10:48.855+0000] {dagbag.py:545} INFO - Filling up the DagBag from /home/airflow/.local/lib/python3.12/site-packages/airflow/example_dags/example_skip_dag.py
[2026-04-26T23:10:48.859+0000] {processor.py:840} INFO - DAG(s) 'example_skip_dag' retrieved from /home/airflow/.local/lib/python3.12/site-packages/airflow/example_dags/example_skip_dag.py
[2026-04-26T23:10:48.869+0000] {logging_mixin.py:188} INFO - [2026-04-26T23:10:48.869+0000] {dag.py:3096} INFO - Sync 1 DAGs
[2026-04-26T23:10:48.880+0000] {logging_mixin.py:188} INFO - [2026-04-26T23:10:48.880+0000] {dag.py:3954} INFO - Setting next_dagrun for example_skip_dag to 2026-04-25 00:00:00+00:00, run_after=2026-04-26 00:00:00+00:00
[2026-04-26T23:10:48.889+0000] {processor.py:183} INFO - Processing /home/airflow/.local/lib/python3.12/site-packages/airflow/example_dags/example_skip_dag.py took 0.039 seconds
[2026-04-26T23:11:19.613+0000] {processor.py:161} INFO - Started process (PID=429) to work on /home/airflow/.local/lib/python3.12/site-packages/airflow/example_dags/example_skip_dag.py
[2026-04-26T23:11:19.613+0000] {processor.py:830} INFO - Processing file /home/airflow/.local/lib/python3.12/site-packages/airflow/example_dags/example_skip_dag.py for tasks to queue
[2026-04-26T23:11:19.614+0000] {logging_mixin.py:188} INFO - [2026-04-26T23:11:19.614+0000] {dagbag.py:545} INFO - Filling up the DagBag from /home/airflow/.local/lib/python3.12/site-packages/airflow/example_dags/example_skip_dag.py
[2026-04-26T23:11:19.618+0000] {processor.py:840} INFO - DAG(s) 'example_skip_dag' retrieved from /home/airflow/.local/lib/python3.12/site-packages/airflow/example_dags/example_skip_dag.py
[2026-04-26T23:11:19.630+0000] {logging_mixin.py:188} INFO - [2026-04-26T23:11:19.630+0000] {dag.py:3096} INFO - Sync 1 DAGs
[2026-04-26T23:11:19.642+0000] {logging_mixin.py:188} INFO - [2026-04-26T23:11:19.642+0000] {dag.py:3954} INFO - Setting next_dagrun for example_skip_dag to 2026-04-25 00:00:00+00:00, run_after=2026-04-26 00:00:00+00:00
[2026-04-26T23:11:19.651+0000] {processor.py:183} INFO - Processing /home/airflow/.local/lib/python3.12/site-packages/airflow/example_dags/example_skip_dag.py took 0.043 seconds
[2026-04-26T23:11:50.372+0000] {processor.py:161} INFO - Started process (PID=487) to work on /home/airflow/.local/lib/python3.12/site-packages/airflow/example_dags/example_skip_dag.py
[2026-04-26T23:11:50.373+0000] {processor.py:830} INFO - Processing file /home/airflow/.local/lib/python3.12/site-packages/airflow/example_dags/example_skip_dag.py for tasks to queue
[2026-04-26T23:11:50.374+0000] {logging_mixin.py:188} INFO - [2026-04-26T23:11:50.374+0000] {dagbag.py:545} INFO - Filling up the DagBag from /home/airflow/.local/lib/python3.12/site-packages/airflow/example_dags/example_skip_dag.py
[2026-04-26T23:11:50.378+0000] {processor.py:840} INFO - DAG(s) 'example_skip_dag' retrieved from /home/airflow/.local/lib/python3.12/site-packages/airflow/example_dags/example_skip_dag.py
[2026-04-26T23:11:50.391+0000] {logging_mixin.py:188} INFO - [2026-04-26T23:11:50.391+0000] {dag.py:3096} INFO - Sync 1 DAGs
[2026-04-26T23:11:50.403+0000] {logging_mixin.py:188} INFO - [2026-04-26T23:11:50.403+0000] {dag.py:3954} INFO - Setting next_dagrun for example_skip_dag to 2026-04-25 00:00:00+00:00, run_after=2026-04-26 00:00:00+00:00
[2026-04-26T23:11:50.414+0000] {processor.py:183} INFO - Processing /home/airflow/.local/lib/python3.12/site-packages/airflow/example_dags/example_skip_dag.py took 0.045 seconds
[2026-04-26T23:12:21.191+0000] {processor.py:161} INFO - Started process (PID=545) to work on /home/airflow/.local/lib/python3.12/site-packages/airflow/example_dags/example_skip_dag.py
[2026-04-26T23:12:21.192+0000] {processor.py:830} INFO - Processing file /home/airflow/.local/lib/python3.12/site-packages/airflow/example_dags/example_skip_dag.py for tasks to queue
[2026-04-26T23:12:21.193+0000] {logging_mixin.py:188} INFO - [2026-04-26T23:12:21.193+0000] {dagbag.py:545} INFO - Filling up the DagBag from /home/airflow/.local/lib/python3.12/site-packages/airflow/example_dags/example_skip_dag.py
[2026-04-26T23:12:21.197+0000] {processor.py:840} INFO - DAG(s) 'example_skip_dag' retrieved from /home/airflow/.local/lib/python3.12/site-packages/airflow/example_dags/example_skip_dag.py
[2026-04-26T23:12:21.212+0000] {logging_mixin.py:188} INFO - [2026-04-26T23:12:21.211+0000] {dag.py:3096} INFO - Sync 1 DAGs
[2026-04-26T23:12:21.227+0000] {logging_mixin.py:188} INFO - [2026-04-26T23:12:21.227+0000] {dag.py:3954} INFO - Setting next_dagrun for example_skip_dag to 2026-04-25 00:00:00+00:00, run_after=2026-04-26 00:00:00+00:00
[2026-04-26T23:12:21.240+0000] {processor.py:183} INFO - Processing /home/airflow/.local/lib/python3.12/site-packages/airflow/example_dags/example_skip_dag.py took 0.053 seconds
[2026-04-26T23:12:52.090+0000] {processor.py:161} INFO - Started process (PID=603) to work on /home/airflow/.local/lib/python3.12/site-packages/airflow/example_dags/example_skip_dag.py
[2026-04-26T23:12:52.091+0000] {processor.py:830} INFO - Processing file /home/airflow/.local/lib/python3.12/site-packages/airflow/example_dags/example_skip_dag.py for tasks to queue
[2026-04-26T23:12:52.092+0000] {logging_mixin.py:188} INFO - [2026-04-26T23:12:52.091+0000] {dagbag.py:545} INFO - Filling up the DagBag from /home/airflow/.local/lib/python3.12/site-packages/airflow/example_dags/example_skip_dag.py
[2026-04-26T23:12:52.096+0000] {processor.py:840} INFO - DAG(s) 'example_skip_dag' retrieved from /home/airflow/.local/lib/python3.12/site-packages/airflow/example_dags/example_skip_dag.py
[2026-04-26T23:12:52.109+0000] {logging_mixin.py:188} INFO - [2026-04-26T23:12:52.109+0000] {dag.py:3096} INFO - Sync 1 DAGs
[2026-04-26T23:12:52.121+0000] {logging_mixin.py:188} INFO - [2026-04-26T23:12:52.120+0000] {dag.py:3954} INFO - Setting next_dagrun for example_skip_dag to 2026-04-25 00:00:00+00:00, run_after=2026-04-26 00:00:00+00:00
[2026-04-26T23:12:52.131+0000] {processor.py:183} INFO - Processing /home/airflow/.local/lib/python3.12/site-packages/airflow/example_dags/example_skip_dag.py took 0.044 seconds
[2026-04-26T23:13:22.176+0000] {processor.py:161} INFO - Started process (PID=661) to work on /home/airflow/.local/lib/python3.12/site-packages/airflow/example_dags/example_skip_dag.py
[2026-04-26T23:13:22.177+0000] {processor.py:830} INFO - Processing file /home/airflow/.local/lib/python3.12/site-packages/airflow/example_dags/example_skip_dag.py for tasks to queue
[2026-04-26T23:13:22.178+0000] {logging_mixin.py:188} INFO - [2026-04-26T23:13:22.177+0000] {dagbag.py:545} INFO - Filling up the DagBag from /home/airflow/.local/lib/python3.12/site-packages/airflow/example_dags/example_skip_dag.py
[2026-04-26T23:13:22.181+0000] {processor.py:840} INFO - DAG(s) 'example_skip_dag' retrieved from /home/airflow/.local/lib/python3.12/site-packages/airflow/example_dags/example_skip_dag.py
[2026-04-26T23:13:22.193+0000] {logging_mixin.py:188} INFO - [2026-04-26T23:13:22.193+0000] {dag.py:3096} INFO - Sync 1 DAGs
[2026-04-26T23:13:22.206+0000] {logging_mixin.py:188} INFO - [2026-04-26T23:13:22.206+0000] {dag.py:3954} INFO - Setting next_dagrun for example_skip_dag to 2026-04-25 00:00:00+00:00, run_after=2026-04-26 00:00:00+00:00
[2026-04-26T23:13:22.217+0000] {processor.py:183} INFO - Processing /home/airflow/.local/lib/python3.12/site-packages/airflow/example_dags/example_skip_dag.py took 0.044 seconds
[2026-04-26T23:13:52.365+0000] {processor.py:161} INFO - Started process (PID=719) to work on /home/airflow/.local/lib/python3.12/site-packages/airflow/example_dags/example_skip_dag.py
[2026-04-26T23:13:52.366+0000] {processor.py:830} INFO - Processing file /home/airflow/.local/lib/python3.12/site-packages/airflow/example_dags/example_skip_dag.py for tasks to queue
[2026-04-26T23:13:52.367+0000] {logging_mixin.py:188} INFO - [2026-04-26T23:13:52.367+0000] {dagbag.py:545} INFO - Filling up the DagBag from /home/airflow/.local/lib/python3.12/site-packages/airflow/example_dags/example_skip_dag.py
[2026-04-26T23:13:52.371+0000] {processor.py:840} INFO - DAG(s) 'example_skip_dag' retrieved from /home/airflow/.local/lib/python3.12/site-packages/airflow/example_dags/example_skip_dag.py
[2026-04-26T23:13:52.383+0000] {logging_mixin.py:188} INFO - [2026-04-26T23:13:52.383+0000] {dag.py:3096} INFO - Sync 1 DAGs
[2026-04-26T23:13:52.396+0000] {logging_mixin.py:188} INFO - [2026-04-26T23:13:52.396+0000] {dag.py:3954} INFO - Setting next_dagrun for example_skip_dag to 2026-04-25 00:00:00+00:00, run_after=2026-04-26 00:00:00+00:00
[2026-04-26T23:13:52.406+0000] {processor.py:183} INFO - Processing /home/airflow/.local/lib/python3.12/site-packages/airflow/example_dags/example_skip_dag.py took 0.045 seconds
[2026-04-26T23:14:23.005+0000] {processor.py:161} INFO - Started process (PID=777) to work on /home/airflow/.local/lib/python3.12/site-packages/airflow/example_dags/example_skip_dag.py
[2026-04-26T23:14:23.005+0000] {processor.py:830} INFO - Processing file /home/airflow/.local/lib/python3.12/site-packages/airflow/example_dags/example_skip_dag.py for tasks to queue
[2026-04-26T23:14:23.006+0000] {logging_mixin.py:188} INFO - [2026-04-26T23:14:23.006+0000] {dagbag.py:545} INFO - Filling up the DagBag from /home/airflow/.local/lib/python3.12/site-packages/airflow/example_dags/example_skip_dag.py
[2026-04-26T23:14:23.010+0000] {processor.py:840} INFO - DAG(s) 'example_skip_dag' retrieved from /home/airflow/.local/lib/python3.12/site-packages/airflow/example_dags/example_skip_dag.py
[2026-04-26T23:14:23.021+0000] {logging_mixin.py:188} INFO - [2026-04-26T23:14:23.021+0000] {dag.py:3096} INFO - Sync 1 DAGs
[2026-04-26T23:14:23.032+0000] {logging_mixin.py:188} INFO - [2026-04-26T23:14:23.032+0000] {dag.py:3954} INFO - Setting next_dagrun for example_skip_dag to 2026-04-25 00:00:00+00:00, run_after=2026-04-26 00:00:00+00:00
[2026-04-26T23:14:23.040+0000] {processor.py:183} INFO - Processing /home/airflow/.local/lib/python3.12/site-packages/airflow/example_dags/example_skip_dag.py took 0.039 seconds
[2026-04-26T23:14:53.813+0000] {processor.py:161} INFO - Started process (PID=835) to work on /home/airflow/.local/lib/python3.12/site-packages/airflow/example_dags/example_skip_dag.py
[2026-04-26T23:14:53.813+0000] {processor.py:830} INFO - Processing file /home/airflow/.local/lib/python3.12/site-packages/airflow/example_dags/example_skip_dag.py for tasks to queue
[2026-04-26T23:14:53.814+0000] {logging_mixin.py:188} INFO - [2026-04-26T23:14:53.814+0000] {dagbag.py:545} INFO - Filling up the DagBag from /home/airflow/.local/lib/python3.12/site-packages/airflow/example_dags/example_skip_dag.py
[2026-04-26T23:14:53.818+0000] {processor.py:840} INFO - DAG(s) 'example_skip_dag' retrieved from /home/airflow/.local/lib/python3.12/site-packages/airflow/example_dags/example_skip_dag.py
[2026-04-26T23:14:53.832+0000] {logging_mixin.py:188} INFO - [2026-04-26T23:14:53.832+0000] {dag.py:3096} INFO - Sync 1 DAGs
[2026-04-26T23:14:53.844+0000] {logging_mixin.py:188} INFO - [2026-04-26T23:14:53.844+0000] {dag.py:3954} INFO - Setting next_dagrun for example_skip_dag to 2026-04-25 00:00:00+00:00, run_after=2026-04-26 00:00:00+00:00
[2026-04-26T23:14:53.854+0000] {processor.py:183} INFO - Processing /home/airflow/.local/lib/python3.12/site-packages/airflow/example_dags/example_skip_dag.py took 0.045 seconds
[2026-04-26T23:15:23.891+0000] {processor.py:161} INFO - Started process (PID=892) to work on /home/airflow/.local/lib/python3.12/site-packages/airflow/example_dags/example_skip_dag.py
[2026-04-26T23:15:23.892+0000] {processor.py:830} INFO - Processing file /home/airflow/.local/lib/python3.12/site-packages/airflow/example_dags/example_skip_dag.py for tasks to queue
[2026-04-26T23:15:23.893+0000] {logging_mixin.py:188} INFO - [2026-04-26T23:15:23.893+0000] {dagbag.py:545} INFO - Filling up the DagBag from /home/airflow/.local/lib/python3.12/site-packages/airflow/example_dags/example_skip_dag.py
[2026-04-26T23:15:23.897+0000] {processor.py:840} INFO - DAG(s) 'example_skip_dag' retrieved from /home/airflow/.local/lib/python3.12/site-packages/airflow/example_dags/example_skip_dag.py
[2026-04-26T23:15:23.909+0000] {logging_mixin.py:188} INFO - [2026-04-26T23:15:23.909+0000] {dag.py:3096} INFO - Sync 1 DAGs
[2026-04-26T23:15:23.921+0000] {logging_mixin.py:188} INFO - [2026-04-26T23:15:23.921+0000] {dag.py:3954} INFO - Setting next_dagrun for example_skip_dag to 2026-04-25 00:00:00+00:00, run_after=2026-04-26 00:00:00+00:00
[2026-04-26T23:15:23.931+0000] {processor.py:183} INFO - Processing /home/airflow/.local/lib/python3.12/site-packages/airflow/example_dags/example_skip_dag.py took 0.043 seconds
[2026-04-26T23:15:53.978+0000] {processor.py:161} INFO - Started process (PID=950) to work on /home/airflow/.local/lib/python3.12/site-packages/airflow/example_dags/example_skip_dag.py
[2026-04-26T23:15:53.979+0000] {processor.py:830} INFO - Processing file /home/airflow/.local/lib/python3.12/site-packages/airflow/example_dags/example_skip_dag.py for tasks to queue
[2026-04-26T23:15:53.980+0000] {logging_mixin.py:188} INFO - [2026-04-26T23:15:53.980+0000] {dagbag.py:545} INFO - Filling up the DagBag from /home/airflow/.local/lib/python3.12/site-packages/airflow/example_dags/example_skip_dag.py
[2026-04-26T23:15:53.983+0000] {processor.py:840} INFO - DAG(s) 'example_skip_dag' retrieved from /home/airflow/.local/lib/python3.12/site-packages/airflow/example_dags/example_skip_dag.py
[2026-04-26T23:15:53.993+0000] {logging_mixin.py:188} INFO - [2026-04-26T23:15:53.993+0000] {dag.py:3096} INFO - Sync 1 DAGs
[2026-04-26T23:15:54.004+0000] {logging_mixin.py:188} INFO - [2026-04-26T23:15:54.004+0000] {dag.py:3954} INFO - Setting next_dagrun for example_skip_dag to 2026-04-25 00:00:00+00:00, run_after=2026-04-26 00:00:00+00:00
[2026-04-26T23:15:54.013+0000] {processor.py:183} INFO - Processing /home/airflow/.local/lib/python3.12/site-packages/airflow/example_dags/example_skip_dag.py took 0.038 seconds
[2026-04-26T23:16:24.208+0000] {processor.py:161} INFO - Started process (PID=1008) to work on /home/airflow/.local/lib/python3.12/site-packages/airflow/example_dags/example_skip_dag.py
[2026-04-26T23:16:24.209+0000] {processor.py:830} INFO - Processing file /home/airflow/.local/lib/python3.12/site-packages/airflow/example_dags/example_skip_dag.py for tasks to queue
[2026-04-26T23:16:24.210+0000] {logging_mixin.py:188} INFO - [2026-04-26T23:16:24.209+0000] {dagbag.py:545} INFO - Filling up the DagBag from /home/airflow/.local/lib/python3.12/site-packages/airflow/example_dags/example_skip_dag.py
[2026-04-26T23:16:24.213+0000] {processor.py:840} INFO - DAG(s) 'example_skip_dag' retrieved from /home/airflow/.local/lib/python3.12/site-packages/airflow/example_dags/example_skip_dag.py
[2026-04-26T23:16:24.224+0000] {logging_mixin.py:188} INFO - [2026-04-26T23:16:24.224+0000] {dag.py:3096} INFO - Sync 1 DAGs
[2026-04-26T23:16:24.235+0000] {logging_mixin.py:188} INFO - [2026-04-26T23:16:24.235+0000] {dag.py:3954} INFO - Setting next_dagrun for example_skip_dag to 2026-04-25 00:00:00+00:00, run_after=2026-04-26 00:00:00+00:00
[2026-04-26T23:16:24.244+0000] {processor.py:183} INFO - Processing /home/airflow/.local/lib/python3.12/site-packages/airflow/example_dags/example_skip_dag.py took 0.040 seconds
[2026-04-26T23:16:54.406+0000] {processor.py:161} INFO - Started process (PID=1066) to work on /home/airflow/.local/lib/python3.12/site-packages/airflow/example_dags/example_skip_dag.py
[2026-04-26T23:16:54.407+0000] {processor.py:830} INFO - Processing file /home/airflow/.local/lib/python3.12/site-packages/airflow/example_dags/example_skip_dag.py for tasks to queue
[2026-04-26T23:16:54.407+0000] {logging_mixin.py:188} INFO - [2026-04-26T23:16:54.407+0000] {dagbag.py:545} INFO - Filling up the DagBag from /home/airflow/.local/lib/python3.12/site-packages/airflow/example_dags/example_skip_dag.py
[2026-04-26T23:16:54.411+0000] {processor.py:840} INFO - DAG(s) 'example_skip_dag' retrieved from /home/airflow/.local/lib/python3.12/site-packages/airflow/example_dags/example_skip_dag.py
[2026-04-26T23:16:54.421+0000] {logging_mixin.py:188} INFO - [2026-04-26T23:16:54.421+0000] {dag.py:3096} INFO - Sync 1 DAGs
[2026-04-26T23:16:54.433+0000] {logging_mixin.py:188} INFO - [2026-04-26T23:16:54.433+0000] {dag.py:3954} INFO - Setting next_dagrun for example_skip_dag to 2026-04-25 00:00:00+00:00, run_after=2026-04-26 00:00:00+00:00
[2026-04-26T23:16:54.441+0000] {processor.py:183} INFO - Processing /home/airflow/.local/lib/python3.12/site-packages/airflow/example_dags/example_skip_dag.py took 0.038 seconds
[2026-04-26T23:17:24.828+0000] {processor.py:161} INFO - Started process (PID=1124) to work on /home/airflow/.local/lib/python3.12/site-packages/airflow/example_dags/example_skip_dag.py
[2026-04-26T23:17:24.829+0000] {processor.py:830} INFO - Processing file /home/airflow/.local/lib/python3.12/site-packages/airflow/example_dags/example_skip_dag.py for tasks to queue
[2026-04-26T23:17:24.830+0000] {logging_mixin.py:188} INFO - [2026-04-26T23:17:24.830+0000] {dagbag.py:545} INFO - Filling up the DagBag from /home/airflow/.local/lib/python3.12/site-packages/airflow/example_dags/example_skip_dag.py
[2026-04-26T23:17:24.834+0000] {processor.py:840} INFO - DAG(s) 'example_skip_dag' retrieved from /home/airflow/.local/lib/python3.12/site-packages/airflow/example_dags/example_skip_dag.py
[2026-04-26T23:17:24.846+0000] {logging_mixin.py:188} INFO - [2026-04-26T23:17:24.845+0000] {dag.py:3096} INFO - Sync 1 DAGs
[2026-04-26T23:17:24.857+0000] {logging_mixin.py:188} INFO - [2026-04-26T23:17:24.857+0000] {dag.py:3954} INFO - Setting next_dagrun for example_skip_dag to 2026-04-25 00:00:00+00:00, run_after=2026-04-26 00:00:00+00:00
[2026-04-26T23:17:24.866+0000] {processor.py:183} INFO - Processing /home/airflow/.local/lib/python3.12/site-packages/airflow/example_dags/example_skip_dag.py took 0.041 seconds
[2026-04-26T23:17:55.147+0000] {processor.py:161} INFO - Started process (PID=1182) to work on /home/airflow/.local/lib/python3.12/site-packages/airflow/example_dags/example_skip_dag.py
[2026-04-26T23:17:55.147+0000] {processor.py:830} INFO - Processing file /home/airflow/.local/lib/python3.12/site-packages/airflow/example_dags/example_skip_dag.py for tasks to queue
[2026-04-26T23:17:55.148+0000] {logging_mixin.py:188} INFO - [2026-04-26T23:17:55.148+0000] {dagbag.py:545} INFO - Filling up the DagBag from /home/airflow/.local/lib/python3.12/site-packages/airflow/example_dags/example_skip_dag.py
[2026-04-26T23:17:55.152+0000] {processor.py:840} INFO - DAG(s) 'example_skip_dag' retrieved from /home/airflow/.local/lib/python3.12/site-packages/airflow/example_dags/example_skip_dag.py
[2026-04-26T23:17:55.163+0000] {logging_mixin.py:188} INFO - [2026-04-26T23:17:55.163+0000] {dag.py:3096} INFO - Sync 1 DAGs
[2026-04-26T23:17:55.174+0000] {logging_mixin.py:188} INFO - [2026-04-26T23:17:55.174+0000] {dag.py:3954} INFO - Setting next_dagrun for example_skip_dag to 2026-04-25 00:00:00+00:00, run_after=2026-04-26 00:00:00+00:00
[2026-04-26T23:17:55.183+0000] {processor.py:183} INFO - Processing /home/airflow/.local/lib/python3.12/site-packages/airflow/example_dags/example_skip_dag.py took 0.040 seconds
[2026-04-26T23:18:26.197+0000] {processor.py:161} INFO - Started process (PID=1241) to work on /home/airflow/.local/lib/python3.12/site-packages/airflow/example_dags/example_skip_dag.py
[2026-04-26T23:18:26.197+0000] {processor.py:830} INFO - Processing file /home/airflow/.local/lib/python3.12/site-packages/airflow/example_dags/example_skip_dag.py for tasks to queue
[2026-04-26T23:18:26.198+0000] {logging_mixin.py:188} INFO - [2026-04-26T23:18:26.198+0000] {dagbag.py:545} INFO - Filling up the DagBag from /home/airflow/.local/lib/python3.12/site-packages/airflow/example_dags/example_skip_dag.py
[2026-04-26T23:18:26.202+0000] {processor.py:840} INFO - DAG(s) 'example_skip_dag' retrieved from /home/airflow/.local/lib/python3.12/site-packages/airflow/example_dags/example_skip_dag.py
[2026-04-26T23:18:26.214+0000] {logging_mixin.py:188} INFO - [2026-04-26T23:18:26.214+0000] {dag.py:3096} INFO - Sync 1 DAGs
[2026-04-26T23:18:26.226+0000] {logging_mixin.py:188} INFO - [2026-04-26T23:18:26.225+0000] {dag.py:3954} INFO - Setting next_dagrun for example_skip_dag to 2026-04-25 00:00:00+00:00, run_after=2026-04-26 00:00:00+00:00
[2026-04-26T23:18:26.234+0000] {processor.py:183} INFO - Processing /home/airflow/.local/lib/python3.12/site-packages/airflow/example_dags/example_skip_dag.py took 0.042 seconds
[2026-04-26T23:18:56.604+0000] {processor.py:161} INFO - Started process (PID=1300) to work on /home/airflow/.local/lib/python3.12/site-packages/airflow/example_dags/example_skip_dag.py
[2026-04-26T23:18:56.604+0000] {processor.py:830} INFO - Processing file /home/airflow/.local/lib/python3.12/site-packages/airflow/example_dags/example_skip_dag.py for tasks to queue
[2026-04-26T23:18:56.605+0000] {logging_mixin.py:188} INFO - [2026-04-26T23:18:56.605+0000] {dagbag.py:545} INFO - Filling up the DagBag from /home/airflow/.local/lib/python3.12/site-packages/airflow/example_dags/example_skip_dag.py
[2026-04-26T23:18:56.609+0000] {processor.py:840} INFO - DAG(s) 'example_skip_dag' retrieved from /home/airflow/.local/lib/python3.12/site-packages/airflow/example_dags/example_skip_dag.py
[2026-04-26T23:18:56.621+0000] {logging_mixin.py:188} INFO - [2026-04-26T23:18:56.621+0000] {dag.py:3096} INFO - Sync 1 DAGs
[2026-04-26T23:18:56.633+0000] {logging_mixin.py:188} INFO - [2026-04-26T23:18:56.633+0000] {dag.py:3954} INFO - Setting next_dagrun for example_skip_dag to 2026-04-25 00:00:00+00:00, run_after=2026-04-26 00:00:00+00:00
[2026-04-26T23:18:56.643+0000] {processor.py:183} INFO - Processing /home/airflow/.local/lib/python3.12/site-packages/airflow/example_dags/example_skip_dag.py took 0.043 seconds
[2026-04-26T23:19:26.864+0000] {processor.py:161} INFO - Started process (PID=1359) to work on /home/airflow/.local/lib/python3.12/site-packages/airflow/example_dags/example_skip_dag.py
[2026-04-26T23:19:26.864+0000] {processor.py:830} INFO - Processing file /home/airflow/.local/lib/python3.12/site-packages/airflow/example_dags/example_skip_dag.py for tasks to queue
[2026-04-26T23:19:26.865+0000] {logging_mixin.py:188} INFO - [2026-04-26T23:19:26.865+0000] {dagbag.py:545} INFO - Filling up the DagBag from /home/airflow/.local/lib/python3.12/site-packages/airflow/example_dags/example_skip_dag.py
[2026-04-26T23:19:26.868+0000] {processor.py:840} INFO - DAG(s) 'example_skip_dag' retrieved from /home/airflow/.local/lib/python3.12/site-packages/airflow/example_dags/example_skip_dag.py
[2026-04-26T23:19:26.879+0000] {logging_mixin.py:188} INFO - [2026-04-26T23:19:26.879+0000] {dag.py:3096} INFO - Sync 1 DAGs
[2026-04-26T23:19:26.889+0000] {logging_mixin.py:188} INFO - [2026-04-26T23:19:26.889+0000] {dag.py:3954} INFO - Setting next_dagrun for example_skip_dag to 2026-04-25 00:00:00+00:00, run_after=2026-04-26 00:00:00+00:00
[2026-04-26T23:19:26.898+0000] {processor.py:183} INFO - Processing /home/airflow/.local/lib/python3.12/site-packages/airflow/example_dags/example_skip_dag.py took 0.037 seconds
[2026-04-26T23:19:57.177+0000] {processor.py:161} INFO - Started process (PID=1418) to work on /home/airflow/.local/lib/python3.12/site-packages/airflow/example_dags/example_skip_dag.py
[2026-04-26T23:19:57.178+0000] {processor.py:830} INFO - Processing file /home/airflow/.local/lib/python3.12/site-packages/airflow/example_dags/example_skip_dag.py for tasks to queue
[2026-04-26T23:19:57.179+0000] {logging_mixin.py:188} INFO - [2026-04-26T23:19:57.179+0000] {dagbag.py:545} INFO - Filling up the DagBag from /home/airflow/.local/lib/python3.12/site-packages/airflow/example_dags/example_skip_dag.py
[2026-04-26T23:19:57.183+0000] {processor.py:840} INFO - DAG(s) 'example_skip_dag' retrieved from /home/airflow/.local/lib/python3.12/site-packages/airflow/example_dags/example_skip_dag.py
[2026-04-26T23:19:57.196+0000] {logging_mixin.py:188} INFO - [2026-04-26T23:19:57.196+0000] {dag.py:3096} INFO - Sync 1 DAGs
[2026-04-26T23:19:57.209+0000] {logging_mixin.py:188} INFO - [2026-04-26T23:19:57.209+0000] {dag.py:3954} INFO - Setting next_dagrun for example_skip_dag to 2026-04-25 00:00:00+00:00, run_after=2026-04-26 00:00:00+00:00
[2026-04-26T23:19:57.220+0000] {processor.py:183} INFO - Processing /home/airflow/.local/lib/python3.12/site-packages/airflow/example_dags/example_skip_dag.py took 0.046 seconds
[2026-04-26T23:20:27.423+0000] {processor.py:161} INFO - Started process (PID=1477) to work on /home/airflow/.local/lib/python3.12/site-packages/airflow/example_dags/example_skip_dag.py
[2026-04-26T23:20:27.424+0000] {processor.py:830} INFO - Processing file /home/airflow/.local/lib/python3.12/site-packages/airflow/example_dags/example_skip_dag.py for tasks to queue
[2026-04-26T23:20:27.424+0000] {logging_mixin.py:188} INFO - [2026-04-26T23:20:27.424+0000] {dagbag.py:545} INFO - Filling up the DagBag from /home/airflow/.local/lib/python3.12/site-packages/airflow/example_dags/example_skip_dag.py
[2026-04-26T23:20:27.428+0000] {processor.py:840} INFO - DAG(s) 'example_skip_dag' retrieved from /home/airflow/.local/lib/python3.12/site-packages/airflow/example_dags/example_skip_dag.py
[2026-04-26T23:20:27.438+0000] {logging_mixin.py:188} INFO - [2026-04-26T23:20:27.438+0000] {dag.py:3096} INFO - Sync 1 DAGs
[2026-04-26T23:20:27.448+0000] {logging_mixin.py:188} INFO - [2026-04-26T23:20:27.448+0000] {dag.py:3954} INFO - Setting next_dagrun for example_skip_dag to 2026-04-25 00:00:00+00:00, run_after=2026-04-26 00:00:00+00:00
[2026-04-26T23:20:27.458+0000] {processor.py:183} INFO - Processing /home/airflow/.local/lib/python3.12/site-packages/airflow/example_dags/example_skip_dag.py took 0.038 seconds
[2026-04-26T23:20:57.697+0000] {processor.py:161} INFO - Started process (PID=1536) to work on /home/airflow/.local/lib/python3.12/site-packages/airflow/example_dags/example_skip_dag.py
[2026-04-26T23:20:57.698+0000] {processor.py:830} INFO - Processing file /home/airflow/.local/lib/python3.12/site-packages/airflow/example_dags/example_skip_dag.py for tasks to queue
[2026-04-26T23:20:57.699+0000] {logging_mixin.py:188} INFO - [2026-04-26T23:20:57.699+0000] {dagbag.py:545} INFO - Filling up the DagBag from /home/airflow/.local/lib/python3.12/site-packages/airflow/example_dags/example_skip_dag.py
[2026-04-26T23:20:57.704+0000] {processor.py:840} INFO - DAG(s) 'example_skip_dag' retrieved from /home/airflow/.local/lib/python3.12/site-packages/airflow/example_dags/example_skip_dag.py
[2026-04-26T23:20:57.718+0000] {logging_mixin.py:188} INFO - [2026-04-26T23:20:57.718+0000] {dag.py:3096} INFO - Sync 1 DAGs
[2026-04-26T23:20:57.732+0000] {logging_mixin.py:188} INFO - [2026-04-26T23:20:57.732+0000] {dag.py:3954} INFO - Setting next_dagrun for example_skip_dag to 2026-04-25 00:00:00+00:00, run_after=2026-04-26 00:00:00+00:00
[2026-04-26T23:20:57.746+0000] {processor.py:183} INFO - Processing /home/airflow/.local/lib/python3.12/site-packages/airflow/example_dags/example_skip_dag.py took 0.052 seconds
[2026-04-26T23:21:27.928+0000] {processor.py:161} INFO - Started process (PID=1595) to work on /home/airflow/.local/lib/python3.12/site-packages/airflow/example_dags/example_skip_dag.py
[2026-04-26T23:21:27.929+0000] {processor.py:830} INFO - Processing file /home/airflow/.local/lib/python3.12/site-packages/airflow/example_dags/example_skip_dag.py for tasks to queue
[2026-04-26T23:21:27.930+0000] {logging_mixin.py:188} INFO - [2026-04-26T23:21:27.929+0000] {dagbag.py:545} INFO - Filling up the DagBag from /home/airflow/.local/lib/python3.12/site-packages/airflow/example_dags/example_skip_dag.py
[2026-04-26T23:21:27.934+0000] {processor.py:840} INFO - DAG(s) 'example_skip_dag' retrieved from /home/airflow/.local/lib/python3.12/site-packages/airflow/example_dags/example_skip_dag.py
[2026-04-26T23:21:27.945+0000] {logging_mixin.py:188} INFO - [2026-04-26T23:21:27.945+0000] {dag.py:3096} INFO - Sync 1 DAGs
[2026-04-26T23:21:27.958+0000] {logging_mixin.py:188} INFO - [2026-04-26T23:21:27.957+0000] {dag.py:3954} INFO - Setting next_dagrun for example_skip_dag to 2026-04-25 00:00:00+00:00, run_after=2026-04-26 00:00:00+00:00
[2026-04-26T23:21:27.968+0000] {processor.py:183} INFO - Processing /home/airflow/.local/lib/python3.12/site-packages/airflow/example_dags/example_skip_dag.py took 0.044 seconds
[2026-04-26T23:21:59.026+0000] {processor.py:161} INFO - Started process (PID=1655) to work on /home/airflow/.local/lib/python3.12/site-packages/airflow/example_dags/example_skip_dag.py
[2026-04-26T23:21:59.026+0000] {processor.py:830} INFO - Processing file /home/airflow/.local/lib/python3.12/site-packages/airflow/example_dags/example_skip_dag.py for tasks to queue
[2026-04-26T23:21:59.027+0000] {logging_mixin.py:188} INFO - [2026-04-26T23:21:59.027+0000] {dagbag.py:545} INFO - Filling up the DagBag from /home/airflow/.local/lib/python3.12/site-packages/airflow/example_dags/example_skip_dag.py
[2026-04-26T23:21:59.031+0000] {processor.py:840} INFO - DAG(s) 'example_skip_dag' retrieved from /home/airflow/.local/lib/python3.12/site-packages/airflow/example_dags/example_skip_dag.py
[2026-04-26T23:21:59.042+0000] {logging_mixin.py:188} INFO - [2026-04-26T23:21:59.042+0000] {dag.py:3096} INFO - Sync 1 DAGs
[2026-04-26T23:21:59.054+0000] {logging_mixin.py:188} INFO - [2026-04-26T23:21:59.054+0000] {dag.py:3954} INFO - Setting next_dagrun for example_skip_dag to 2026-04-25 00:00:00+00:00, run_after=2026-04-26 00:00:00+00:00
[2026-04-26T23:21:59.063+0000] {processor.py:183} INFO - Processing /home/airflow/.local/lib/python3.12/site-packages/airflow/example_dags/example_skip_dag.py took 0.041 seconds
[2026-04-26T23:22:29.307+0000] {processor.py:161} INFO - Started process (PID=1714) to work on /home/airflow/.local/lib/python3.12/site-packages/airflow/example_dags/example_skip_dag.py
[2026-04-26T23:22:29.308+0000] {processor.py:830} INFO - Processing file /home/airflow/.local/lib/python3.12/site-packages/airflow/example_dags/example_skip_dag.py for tasks to queue
[2026-04-26T23:22:29.309+0000] {logging_mixin.py:188} INFO - [2026-04-26T23:22:29.308+0000] {dagbag.py:545} INFO - Filling up the DagBag from /home/airflow/.local/lib/python3.12/site-packages/airflow/example_dags/example_skip_dag.py
[2026-04-26T23:22:29.312+0000] {processor.py:840} INFO - DAG(s) 'example_skip_dag' retrieved from /home/airflow/.local/lib/python3.12/site-packages/airflow/example_dags/example_skip_dag.py
[2026-04-26T23:22:29.323+0000] {logging_mixin.py:188} INFO - [2026-04-26T23:22:29.323+0000] {dag.py:3096} INFO - Sync 1 DAGs
[2026-04-26T23:22:29.335+0000] {logging_mixin.py:188} INFO - [2026-04-26T23:22:29.335+0000] {dag.py:3954} INFO - Setting next_dagrun for example_skip_dag to 2026-04-25 00:00:00+00:00, run_after=2026-04-26 00:00:00+00:00
[2026-04-26T23:22:29.345+0000] {processor.py:183} INFO - Processing /home/airflow/.local/lib/python3.12/site-packages/airflow/example_dags/example_skip_dag.py took 0.041 seconds
[2026-04-26T23:22:59.571+0000] {processor.py:161} INFO - Started process (PID=1774) to work on /home/airflow/.local/lib/python3.12/site-packages/airflow/example_dags/example_skip_dag.py
[2026-04-26T23:22:59.571+0000] {processor.py:830} INFO - Processing file /home/airflow/.local/lib/python3.12/site-packages/airflow/example_dags/example_skip_dag.py for tasks to queue
[2026-04-26T23:22:59.572+0000] {logging_mixin.py:188} INFO - [2026-04-26T23:22:59.572+0000] {dagbag.py:545} INFO - Filling up the DagBag from /home/airflow/.local/lib/python3.12/site-packages/airflow/example_dags/example_skip_dag.py
[2026-04-26T23:22:59.576+0000] {processor.py:840} INFO - DAG(s) 'example_skip_dag' retrieved from /home/airflow/.local/lib/python3.12/site-packages/airflow/example_dags/example_skip_dag.py
[2026-04-26T23:22:59.590+0000] {logging_mixin.py:188} INFO - [2026-04-26T23:22:59.590+0000] {dag.py:3096} INFO - Sync 1 DAGs
[2026-04-26T23:22:59.603+0000] {logging_mixin.py:188} INFO - [2026-04-26T23:22:59.603+0000] {dag.py:3954} INFO - Setting next_dagrun for example_skip_dag to 2026-04-25 00:00:00+00:00, run_after=2026-04-26 00:00:00+00:00
[2026-04-26T23:22:59.612+0000] {processor.py:183} INFO - Processing /home/airflow/.local/lib/python3.12/site-packages/airflow/example_dags/example_skip_dag.py took 0.045 seconds
[2026-04-26T23:23:30.328+0000] {processor.py:161} INFO - Started process (PID=1833) to work on /home/airflow/.local/lib/python3.12/site-packages/airflow/example_dags/example_skip_dag.py
[2026-04-26T23:23:30.328+0000] {processor.py:830} INFO - Processing file /home/airflow/.local/lib/python3.12/site-packages/airflow/example_dags/example_skip_dag.py for tasks to queue
[2026-04-26T23:23:30.329+0000] {logging_mixin.py:188} INFO - [2026-04-26T23:23:30.329+0000] {dagbag.py:545} INFO - Filling up the DagBag from /home/airflow/.local/lib/python3.12/site-packages/airflow/example_dags/example_skip_dag.py
[2026-04-26T23:23:30.333+0000] {processor.py:840} INFO - DAG(s) 'example_skip_dag' retrieved from /home/airflow/.local/lib/python3.12/site-packages/airflow/example_dags/example_skip_dag.py
[2026-04-26T23:23:30.344+0000] {logging_mixin.py:188} INFO - [2026-04-26T23:23:30.344+0000] {dag.py:3096} INFO - Sync 1 DAGs
[2026-04-26T23:23:30.355+0000] {logging_mixin.py:188} INFO - [2026-04-26T23:23:30.355+0000] {dag.py:3954} INFO - Setting next_dagrun for example_skip_dag to 2026-04-25 00:00:00+00:00, run_after=2026-04-26 00:00:00+00:00
[2026-04-26T23:23:30.363+0000] {processor.py:183} INFO - Processing /home/airflow/.local/lib/python3.12/site-packages/airflow/example_dags/example_skip_dag.py took 0.039 seconds
[2026-04-26T23:24:01.826+0000] {processor.py:161} INFO - Started process (PID=1892) to work on /home/airflow/.local/lib/python3.12/site-packages/airflow/example_dags/example_skip_dag.py
[2026-04-26T23:24:01.827+0000] {processor.py:830} INFO - Processing file /home/airflow/.local/lib/python3.12/site-packages/airflow/example_dags/example_skip_dag.py for tasks to queue
[2026-04-26T23:24:01.828+0000] {logging_mixin.py:188} INFO - [2026-04-26T23:24:01.827+0000] {dagbag.py:545} INFO - Filling up the DagBag from /home/airflow/.local/lib/python3.12/site-packages/airflow/example_dags/example_skip_dag.py
[2026-04-26T23:24:01.831+0000] {processor.py:840} INFO - DAG(s) 'example_skip_dag' retrieved from /home/airflow/.local/lib/python3.12/site-packages/airflow/example_dags/example_skip_dag.py
[2026-04-26T23:24:01.842+0000] {logging_mixin.py:188} INFO - [2026-04-26T23:24:01.841+0000] {dag.py:3096} INFO - Sync 1 DAGs
[2026-04-26T23:24:01.852+0000] {logging_mixin.py:188} INFO - [2026-04-26T23:24:01.852+0000] {dag.py:3954} INFO - Setting next_dagrun for example_skip_dag to 2026-04-25 00:00:00+00:00, run_after=2026-04-26 00:00:00+00:00
[2026-04-26T23:24:01.862+0000] {processor.py:183} INFO - Processing /home/airflow/.local/lib/python3.12/site-packages/airflow/example_dags/example_skip_dag.py took 0.039 seconds
[2026-04-26T23:24:33.148+0000] {processor.py:161} INFO - Started process (PID=1952) to work on /home/airflow/.local/lib/python3.12/site-packages/airflow/example_dags/example_skip_dag.py
[2026-04-26T23:24:33.149+0000] {processor.py:830} INFO - Processing file /home/airflow/.local/lib/python3.12/site-packages/airflow/example_dags/example_skip_dag.py for tasks to queue
[2026-04-26T23:24:33.150+0000] {logging_mixin.py:188} INFO - [2026-04-26T23:24:33.150+0000] {dagbag.py:545} INFO - Filling up the DagBag from /home/airflow/.local/lib/python3.12/site-packages/airflow/example_dags/example_skip_dag.py
[2026-04-26T23:24:33.153+0000] {processor.py:840} INFO - DAG(s) 'example_skip_dag' retrieved from /home/airflow/.local/lib/python3.12/site-packages/airflow/example_dags/example_skip_dag.py
[2026-04-26T23:24:33.164+0000] {logging_mixin.py:188} INFO - [2026-04-26T23:24:33.164+0000] {dag.py:3096} INFO - Sync 1 DAGs
[2026-04-26T23:24:33.270+0000] {logging_mixin.py:188} INFO - [2026-04-26T23:24:33.270+0000] {dag.py:3954} INFO - Setting next_dagrun for example_skip_dag to 2026-04-25 00:00:00+00:00, run_after=2026-04-26 00:00:00+00:00
[2026-04-26T23:24:33.297+0000] {processor.py:183} INFO - Processing /home/airflow/.local/lib/python3.12/site-packages/airflow/example_dags/example_skip_dag.py took 0.153 seconds
[2026-04-26T23:25:04.063+0000] {processor.py:161} INFO - Started process (PID=2012) to work on /home/airflow/.local/lib/python3.12/site-packages/airflow/example_dags/example_skip_dag.py
[2026-04-26T23:25:04.064+0000] {processor.py:830} INFO - Processing file /home/airflow/.local/lib/python3.12/site-packages/airflow/example_dags/example_skip_dag.py for tasks to queue
[2026-04-26T23:25:04.065+0000] {logging_mixin.py:188} INFO - [2026-04-26T23:25:04.065+0000] {dagbag.py:545} INFO - Filling up the DagBag from /home/airflow/.local/lib/python3.12/site-packages/airflow/example_dags/example_skip_dag.py
[2026-04-26T23:25:04.069+0000] {processor.py:840} INFO - DAG(s) 'example_skip_dag' retrieved from /home/airflow/.local/lib/python3.12/site-packages/airflow/example_dags/example_skip_dag.py
[2026-04-26T23:25:04.082+0000] {logging_mixin.py:188} INFO - [2026-04-26T23:25:04.082+0000] {dag.py:3096} INFO - Sync 1 DAGs
[2026-04-26T23:25:04.095+0000] {logging_mixin.py:188} INFO - [2026-04-26T23:25:04.095+0000] {dag.py:3954} INFO - Setting next_dagrun for example_skip_dag to 2026-04-25 00:00:00+00:00, run_after=2026-04-26 00:00:00+00:00
[2026-04-26T23:25:04.106+0000] {processor.py:183} INFO - Processing /home/airflow/.local/lib/python3.12/site-packages/airflow/example_dags/example_skip_dag.py took 0.046 seconds
[2026-04-26T23:25:34.884+0000] {processor.py:161} INFO - Started process (PID=2071) to work on /home/airflow/.local/lib/python3.12/site-packages/airflow/example_dags/example_skip_dag.py
[2026-04-26T23:25:34.885+0000] {processor.py:830} INFO - Processing file /home/airflow/.local/lib/python3.12/site-packages/airflow/example_dags/example_skip_dag.py for tasks to queue
[2026-04-26T23:25:34.886+0000] {logging_mixin.py:188} INFO - [2026-04-26T23:25:34.886+0000] {dagbag.py:545} INFO - Filling up the DagBag from /home/airflow/.local/lib/python3.12/site-packages/airflow/example_dags/example_skip_dag.py
[2026-04-26T23:25:34.890+0000] {processor.py:840} INFO - DAG(s) 'example_skip_dag' retrieved from /home/airflow/.local/lib/python3.12/site-packages/airflow/example_dags/example_skip_dag.py
[2026-04-26T23:25:34.902+0000] {logging_mixin.py:188} INFO - [2026-04-26T23:25:34.902+0000] {dag.py:3096} INFO - Sync 1 DAGs
[2026-04-26T23:25:34.913+0000] {logging_mixin.py:188} INFO - [2026-04-26T23:25:34.913+0000] {dag.py:3954} INFO - Setting next_dagrun for example_skip_dag to 2026-04-25 00:00:00+00:00, run_after=2026-04-26 00:00:00+00:00
[2026-04-26T23:25:34.924+0000] {processor.py:183} INFO - Processing /home/airflow/.local/lib/python3.12/site-packages/airflow/example_dags/example_skip_dag.py took 0.045 seconds
[2026-04-26T23:26:05.563+0000] {processor.py:161} INFO - Started process (PID=2130) to work on /home/airflow/.local/lib/python3.12/site-packages/airflow/example_dags/example_skip_dag.py
[2026-04-26T23:26:05.563+0000] {processor.py:830} INFO - Processing file /home/airflow/.local/lib/python3.12/site-packages/airflow/example_dags/example_skip_dag.py for tasks to queue
[2026-04-26T23:26:05.564+0000] {logging_mixin.py:188} INFO - [2026-04-26T23:26:05.564+0000] {dagbag.py:545} INFO - Filling up the DagBag from /home/airflow/.local/lib/python3.12/site-packages/airflow/example_dags/example_skip_dag.py
[2026-04-26T23:26:05.568+0000] {processor.py:840} INFO - DAG(s) 'example_skip_dag' retrieved from /home/airflow/.local/lib/python3.12/site-packages/airflow/example_dags/example_skip_dag.py
[2026-04-26T23:26:05.579+0000] {logging_mixin.py:188} INFO - [2026-04-26T23:26:05.579+0000] {dag.py:3096} INFO - Sync 1 DAGs
[2026-04-26T23:26:05.591+0000] {logging_mixin.py:188} INFO - [2026-04-26T23:26:05.591+0000] {dag.py:3954} INFO - Setting next_dagrun for example_skip_dag to 2026-04-25 00:00:00+00:00, run_after=2026-04-26 00:00:00+00:00
[2026-04-26T23:26:05.601+0000] {processor.py:183} INFO - Processing /home/airflow/.local/lib/python3.12/site-packages/airflow/example_dags/example_skip_dag.py took 0.043 seconds
[2026-04-26T23:26:36.314+0000] {processor.py:161} INFO - Started process (PID=2189) to work on /home/airflow/.local/lib/python3.12/site-packages/airflow/example_dags/example_skip_dag.py
[2026-04-26T23:26:36.315+0000] {processor.py:830} INFO - Processing file /home/airflow/.local/lib/python3.12/site-packages/airflow/example_dags/example_skip_dag.py for tasks to queue
[2026-04-26T23:26:36.316+0000] {logging_mixin.py:188} INFO - [2026-04-26T23:26:36.316+0000] {dagbag.py:545} INFO - Filling up the DagBag from /home/airflow/.local/lib/python3.12/site-packages/airflow/example_dags/example_skip_dag.py
[2026-04-26T23:26:36.320+0000] {processor.py:840} INFO - DAG(s) 'example_skip_dag' retrieved from /home/airflow/.local/lib/python3.12/site-packages/airflow/example_dags/example_skip_dag.py
[2026-04-26T23:26:36.334+0000] {logging_mixin.py:188} INFO - [2026-04-26T23:26:36.334+0000] {dag.py:3096} INFO - Sync 1 DAGs
[2026-04-26T23:26:36.347+0000] {logging_mixin.py:188} INFO - [2026-04-26T23:26:36.347+0000] {dag.py:3954} INFO - Setting next_dagrun for example_skip_dag to 2026-04-25 00:00:00+00:00, run_after=2026-04-26 00:00:00+00:00
[2026-04-26T23:26:36.357+0000] {processor.py:183} INFO - Processing /home/airflow/.local/lib/python3.12/site-packages/airflow/example_dags/example_skip_dag.py took 0.046 seconds
[2026-04-26T23:27:07.127+0000] {processor.py:161} INFO - Started process (PID=2248) to work on /home/airflow/.local/lib/python3.12/site-packages/airflow/example_dags/example_skip_dag.py
[2026-04-26T23:27:07.128+0000] {processor.py:830} INFO - Processing file /home/airflow/.local/lib/python3.12/site-packages/airflow/example_dags/example_skip_dag.py for tasks to queue
[2026-04-26T23:27:07.129+0000] {logging_mixin.py:188} INFO - [2026-04-26T23:27:07.129+0000] {dagbag.py:545} INFO - Filling up the DagBag from /home/airflow/.local/lib/python3.12/site-packages/airflow/example_dags/example_skip_dag.py
[2026-04-26T23:27:07.133+0000] {processor.py:840} INFO - DAG(s) 'example_skip_dag' retrieved from /home/airflow/.local/lib/python3.12/site-packages/airflow/example_dags/example_skip_dag.py
[2026-04-26T23:27:07.145+0000] {logging_mixin.py:188} INFO - [2026-04-26T23:27:07.144+0000] {dag.py:3096} INFO - Sync 1 DAGs
[2026-04-26T23:27:07.156+0000] {logging_mixin.py:188} INFO - [2026-04-26T23:27:07.156+0000] {dag.py:3954} INFO - Setting next_dagrun for example_skip_dag to 2026-04-25 00:00:00+00:00, run_after=2026-04-26 00:00:00+00:00
[2026-04-26T23:27:07.165+0000] {processor.py:183} INFO - Processing /home/airflow/.local/lib/python3.12/site-packages/airflow/example_dags/example_skip_dag.py took 0.042 seconds
[2026-04-26T23:27:37.915+0000] {processor.py:161} INFO - Started process (PID=2307) to work on /home/airflow/.local/lib/python3.12/site-packages/airflow/example_dags/example_skip_dag.py
[2026-04-26T23:27:37.916+0000] {processor.py:830} INFO - Processing file /home/airflow/.local/lib/python3.12/site-packages/airflow/example_dags/example_skip_dag.py for tasks to queue
[2026-04-26T23:27:37.917+0000] {logging_mixin.py:188} INFO - [2026-04-26T23:27:37.917+0000] {dagbag.py:545} INFO - Filling up the DagBag from /home/airflow/.local/lib/python3.12/site-packages/airflow/example_dags/example_skip_dag.py
[2026-04-26T23:27:37.921+0000] {processor.py:840} INFO - DAG(s) 'example_skip_dag' retrieved from /home/airflow/.local/lib/python3.12/site-packages/airflow/example_dags/example_skip_dag.py
[2026-04-26T23:27:37.933+0000] {logging_mixin.py:188} INFO - [2026-04-26T23:27:37.933+0000] {dag.py:3096} INFO - Sync 1 DAGs
[2026-04-26T23:27:37.947+0000] {logging_mixin.py:188} INFO - [2026-04-26T23:27:37.946+0000] {dag.py:3954} INFO - Setting next_dagrun for example_skip_dag to 2026-04-25 00:00:00+00:00, run_after=2026-04-26 00:00:00+00:00
[2026-04-26T23:27:37.957+0000] {processor.py:183} INFO - Processing /home/airflow/.local/lib/python3.12/site-packages/airflow/example_dags/example_skip_dag.py took 0.045 seconds
[2026-04-26T23:28:08.584+0000] {processor.py:161} INFO - Started process (PID=2366) to work on /home/airflow/.local/lib/python3.12/site-packages/airflow/example_dags/example_skip_dag.py
[2026-04-26T23:28:08.584+0000] {processor.py:830} INFO - Processing file /home/airflow/.local/lib/python3.12/site-packages/airflow/example_dags/example_skip_dag.py for tasks to queue
[2026-04-26T23:28:08.585+0000] {logging_mixin.py:188} INFO - [2026-04-26T23:28:08.585+0000] {dagbag.py:545} INFO - Filling up the DagBag from /home/airflow/.local/lib/python3.12/site-packages/airflow/example_dags/example_skip_dag.py
[2026-04-26T23:28:08.590+0000] {processor.py:840} INFO - DAG(s) 'example_skip_dag' retrieved from /home/airflow/.local/lib/python3.12/site-packages/airflow/example_dags/example_skip_dag.py
[2026-04-26T23:28:08.605+0000] {logging_mixin.py:188} INFO - [2026-04-26T23:28:08.605+0000] {dag.py:3096} INFO - Sync 1 DAGs
[2026-04-26T23:28:08.621+0000] {logging_mixin.py:188} INFO - [2026-04-26T23:28:08.621+0000] {dag.py:3954} INFO - Setting next_dagrun for example_skip_dag to 2026-04-25 00:00:00+00:00, run_after=2026-04-26 00:00:00+00:00
[2026-04-26T23:28:08.631+0000] {processor.py:183} INFO - Processing /home/airflow/.local/lib/python3.12/site-packages/airflow/example_dags/example_skip_dag.py took 0.051 seconds
[2026-04-26T23:28:39.406+0000] {processor.py:161} INFO - Started process (PID=2425) to work on /home/airflow/.local/lib/python3.12/site-packages/airflow/example_dags/example_skip_dag.py
[2026-04-26T23:28:39.407+0000] {processor.py:830} INFO - Processing file /home/airflow/.local/lib/python3.12/site-packages/airflow/example_dags/example_skip_dag.py for tasks to queue
[2026-04-26T23:28:39.409+0000] {logging_mixin.py:188} INFO - [2026-04-26T23:28:39.408+0000] {dagbag.py:545} INFO - Filling up the DagBag from /home/airflow/.local/lib/python3.12/site-packages/airflow/example_dags/example_skip_dag.py
[2026-04-26T23:28:39.413+0000] {processor.py:840} INFO - DAG(s) 'example_skip_dag' retrieved from /home/airflow/.local/lib/python3.12/site-packages/airflow/example_dags/example_skip_dag.py
[2026-04-26T23:28:39.425+0000] {logging_mixin.py:188} INFO - [2026-04-26T23:28:39.425+0000] {dag.py:3096} INFO - Sync 1 DAGs
[2026-04-26T23:28:39.438+0000] {logging_mixin.py:188} INFO - [2026-04-26T23:28:39.438+0000] {dag.py:3954} INFO - Setting next_dagrun for example_skip_dag to 2026-04-25 00:00:00+00:00, run_after=2026-04-26 00:00:00+00:00
[2026-04-26T23:28:39.448+0000] {processor.py:183} INFO - Processing /home/airflow/.local/lib/python3.12/site-packages/airflow/example_dags/example_skip_dag.py took 0.046 seconds
[2026-04-26T23:29:09.589+0000] {processor.py:161} INFO - Started process (PID=2484) to work on /home/airflow/.local/lib/python3.12/site-packages/airflow/example_dags/example_skip_dag.py
[2026-04-26T23:29:09.590+0000] {processor.py:830} INFO - Processing file /home/airflow/.local/lib/python3.12/site-packages/airflow/example_dags/example_skip_dag.py for tasks to queue
[2026-04-26T23:29:09.591+0000] {logging_mixin.py:188} INFO - [2026-04-26T23:29:09.590+0000] {dagbag.py:545} INFO - Filling up the DagBag from /home/airflow/.local/lib/python3.12/site-packages/airflow/example_dags/example_skip_dag.py
[2026-04-26T23:29:09.594+0000] {processor.py:840} INFO - DAG(s) 'example_skip_dag' retrieved from /home/airflow/.local/lib/python3.12/site-packages/airflow/example_dags/example_skip_dag.py
[2026-04-26T23:29:09.606+0000] {logging_mixin.py:188} INFO - [2026-04-26T23:29:09.606+0000] {dag.py:3096} INFO - Sync 1 DAGs
[2026-04-26T23:29:09.618+0000] {logging_mixin.py:188} INFO - [2026-04-26T23:29:09.618+0000] {dag.py:3954} INFO - Setting next_dagrun for example_skip_dag to 2026-04-25 00:00:00+00:00, run_after=2026-04-26 00:00:00+00:00
[2026-04-26T23:29:09.628+0000] {processor.py:183} INFO - Processing /home/airflow/.local/lib/python3.12/site-packages/airflow/example_dags/example_skip_dag.py took 0.042 seconds
[2026-04-26T23:29:40.457+0000] {processor.py:161} INFO - Started process (PID=2543) to work on /home/airflow/.local/lib/python3.12/site-packages/airflow/example_dags/example_skip_dag.py
[2026-04-26T23:29:40.457+0000] {processor.py:830} INFO - Processing file /home/airflow/.local/lib/python3.12/site-packages/airflow/example_dags/example_skip_dag.py for tasks to queue
[2026-04-26T23:29:40.458+0000] {logging_mixin.py:188} INFO - [2026-04-26T23:29:40.458+0000] {dagbag.py:545} INFO - Filling up the DagBag from /home/airflow/.local/lib/python3.12/site-packages/airflow/example_dags/example_skip_dag.py
[2026-04-26T23:29:40.462+0000] {processor.py:840} INFO - DAG(s) 'example_skip_dag' retrieved from /home/airflow/.local/lib/python3.12/site-packages/airflow/example_dags/example_skip_dag.py
[2026-04-26T23:29:40.475+0000] {logging_mixin.py:188} INFO - [2026-04-26T23:29:40.474+0000] {dag.py:3096} INFO - Sync 1 DAGs
[2026-04-26T23:29:40.487+0000] {logging_mixin.py:188} INFO - [2026-04-26T23:29:40.487+0000] {dag.py:3954} INFO - Setting next_dagrun for example_skip_dag to 2026-04-25 00:00:00+00:00, run_after=2026-04-26 00:00:00+00:00
[2026-04-26T23:29:40.496+0000] {processor.py:183} INFO - Processing /home/airflow/.local/lib/python3.12/site-packages/airflow/example_dags/example_skip_dag.py took 0.043 seconds
[2026-04-26T23:30:11.195+0000] {processor.py:161} INFO - Started process (PID=2602) to work on /home/airflow/.local/lib/python3.12/site-packages/airflow/example_dags/example_skip_dag.py
[2026-04-26T23:30:11.196+0000] {processor.py:830} INFO - Processing file /home/airflow/.local/lib/python3.12/site-packages/airflow/example_dags/example_skip_dag.py for tasks to queue
[2026-04-26T23:30:11.197+0000] {logging_mixin.py:188} INFO - [2026-04-26T23:30:11.196+0000] {dagbag.py:545} INFO - Filling up the DagBag from /home/airflow/.local/lib/python3.12/site-packages/airflow/example_dags/example_skip_dag.py
[2026-04-26T23:30:11.200+0000] {processor.py:840} INFO - DAG(s) 'example_skip_dag' retrieved from /home/airflow/.local/lib/python3.12/site-packages/airflow/example_dags/example_skip_dag.py
[2026-04-26T23:30:11.212+0000] {logging_mixin.py:188} INFO - [2026-04-26T23:30:11.211+0000] {dag.py:3096} INFO - Sync 1 DAGs
[2026-04-26T23:30:11.223+0000] {logging_mixin.py:188} INFO - [2026-04-26T23:30:11.223+0000] {dag.py:3954} INFO - Setting next_dagrun for example_skip_dag to 2026-04-25 00:00:00+00:00, run_after=2026-04-26 00:00:00+00:00
[2026-04-26T23:30:11.232+0000] {processor.py:183} INFO - Processing /home/airflow/.local/lib/python3.12/site-packages/airflow/example_dags/example_skip_dag.py took 0.041 seconds
[2026-04-26T23:30:41.956+0000] {processor.py:161} INFO - Started process (PID=2661) to work on /home/airflow/.local/lib/python3.12/site-packages/airflow/example_dags/example_skip_dag.py
[2026-04-26T23:30:41.956+0000] {processor.py:830} INFO - Processing file /home/airflow/.local/lib/python3.12/site-packages/airflow/example_dags/example_skip_dag.py for tasks to queue
[2026-04-26T23:30:41.957+0000] {logging_mixin.py:188} INFO - [2026-04-26T23:30:41.957+0000] {dagbag.py:545} INFO - Filling up the DagBag from /home/airflow/.local/lib/python3.12/site-packages/airflow/example_dags/example_skip_dag.py
[2026-04-26T23:30:41.961+0000] {processor.py:840} INFO - DAG(s) 'example_skip_dag' retrieved from /home/airflow/.local/lib/python3.12/site-packages/airflow/example_dags/example_skip_dag.py
[2026-04-26T23:30:41.975+0000] {logging_mixin.py:188} INFO - [2026-04-26T23:30:41.974+0000] {dag.py:3096} INFO - Sync 1 DAGs
[2026-04-26T23:30:41.987+0000] {logging_mixin.py:188} INFO - [2026-04-26T23:30:41.987+0000] {dag.py:3954} INFO - Setting next_dagrun for example_skip_dag to 2026-04-25 00:00:00+00:00, run_after=2026-04-26 00:00:00+00:00
[2026-04-26T23:30:41.997+0000] {processor.py:183} INFO - Processing /home/airflow/.local/lib/python3.12/site-packages/airflow/example_dags/example_skip_dag.py took 0.045 seconds
[2026-04-26T23:31:12.681+0000] {processor.py:161} INFO - Started process (PID=2720) to work on /home/airflow/.local/lib/python3.12/site-packages/airflow/example_dags/example_skip_dag.py
[2026-04-26T23:31:12.681+0000] {processor.py:830} INFO - Processing file /home/airflow/.local/lib/python3.12/site-packages/airflow/example_dags/example_skip_dag.py for tasks to queue
[2026-04-26T23:31:12.682+0000] {logging_mixin.py:188} INFO - [2026-04-26T23:31:12.682+0000] {dagbag.py:545} INFO - Filling up the DagBag from /home/airflow/.local/lib/python3.12/site-packages/airflow/example_dags/example_skip_dag.py
[2026-04-26T23:31:12.686+0000] {processor.py:840} INFO - DAG(s) 'example_skip_dag' retrieved from /home/airflow/.local/lib/python3.12/site-packages/airflow/example_dags/example_skip_dag.py
[2026-04-26T23:31:12.698+0000] {logging_mixin.py:188} INFO - [2026-04-26T23:31:12.697+0000] {dag.py:3096} INFO - Sync 1 DAGs
[2026-04-26T23:31:12.710+0000] {logging_mixin.py:188} INFO - [2026-04-26T23:31:12.710+0000] {dag.py:3954} INFO - Setting next_dagrun for example_skip_dag to 2026-04-25 00:00:00+00:00, run_after=2026-04-26 00:00:00+00:00
[2026-04-26T23:31:12.720+0000] {processor.py:183} INFO - Processing /home/airflow/.local/lib/python3.12/site-packages/airflow/example_dags/example_skip_dag.py took 0.043 seconds
[2026-04-26T23:31:43.463+0000] {processor.py:161} INFO - Started process (PID=2779) to work on /home/airflow/.local/lib/python3.12/site-packages/airflow/example_dags/example_skip_dag.py
[2026-04-26T23:31:43.464+0000] {processor.py:830} INFO - Processing file /home/airflow/.local/lib/python3.12/site-packages/airflow/example_dags/example_skip_dag.py for tasks to queue
[2026-04-26T23:31:43.465+0000] {logging_mixin.py:188} INFO - [2026-04-26T23:31:43.465+0000] {dagbag.py:545} INFO - Filling up the DagBag from /home/airflow/.local/lib/python3.12/site-packages/airflow/example_dags/example_skip_dag.py
[2026-04-26T23:31:43.469+0000] {processor.py:840} INFO - DAG(s) 'example_skip_dag' retrieved from /home/airflow/.local/lib/python3.12/site-packages/airflow/example_dags/example_skip_dag.py
[2026-04-26T23:31:43.481+0000] {logging_mixin.py:188} INFO - [2026-04-26T23:31:43.481+0000] {dag.py:3096} INFO - Sync 1 DAGs
[2026-04-26T23:31:43.493+0000] {logging_mixin.py:188} INFO - [2026-04-26T23:31:43.493+0000] {dag.py:3954} INFO - Setting next_dagrun for example_skip_dag to 2026-04-25 00:00:00+00:00, run_after=2026-04-26 00:00:00+00:00
[2026-04-26T23:31:43.502+0000] {processor.py:183} INFO - Processing /home/airflow/.local/lib/python3.12/site-packages/airflow/example_dags/example_skip_dag.py took 0.043 seconds
[2026-04-26T23:32:14.261+0000] {processor.py:161} INFO - Started process (PID=2838) to work on /home/airflow/.local/lib/python3.12/site-packages/airflow/example_dags/example_skip_dag.py
[2026-04-26T23:32:14.262+0000] {processor.py:830} INFO - Processing file /home/airflow/.local/lib/python3.12/site-packages/airflow/example_dags/example_skip_dag.py for tasks to queue
[2026-04-26T23:32:14.263+0000] {logging_mixin.py:188} INFO - [2026-04-26T23:32:14.263+0000] {dagbag.py:545} INFO - Filling up the DagBag from /home/airflow/.local/lib/python3.12/site-packages/airflow/example_dags/example_skip_dag.py
[2026-04-26T23:32:14.268+0000] {processor.py:840} INFO - DAG(s) 'example_skip_dag' retrieved from /home/airflow/.local/lib/python3.12/site-packages/airflow/example_dags/example_skip_dag.py
[2026-04-26T23:32:14.282+0000] {logging_mixin.py:188} INFO - [2026-04-26T23:32:14.282+0000] {dag.py:3096} INFO - Sync 1 DAGs
[2026-04-26T23:32:14.298+0000] {logging_mixin.py:188} INFO - [2026-04-26T23:32:14.298+0000] {dag.py:3954} INFO - Setting next_dagrun for example_skip_dag to 2026-04-25 00:00:00+00:00, run_after=2026-04-26 00:00:00+00:00
[2026-04-26T23:32:14.310+0000] {processor.py:183} INFO - Processing /home/airflow/.local/lib/python3.12/site-packages/airflow/example_dags/example_skip_dag.py took 0.053 seconds
[2026-04-26T23:32:44.574+0000] {processor.py:161} INFO - Started process (PID=2897) to work on /home/airflow/.local/lib/python3.12/site-packages/airflow/example_dags/example_skip_dag.py
[2026-04-26T23:32:44.575+0000] {processor.py:830} INFO - Processing file /home/airflow/.local/lib/python3.12/site-packages/airflow/example_dags/example_skip_dag.py for tasks to queue
[2026-04-26T23:32:44.576+0000] {logging_mixin.py:188} INFO - [2026-04-26T23:32:44.576+0000] {dagbag.py:545} INFO - Filling up the DagBag from /home/airflow/.local/lib/python3.12/site-packages/airflow/example_dags/example_skip_dag.py
[2026-04-26T23:32:44.581+0000] {processor.py:840} INFO - DAG(s) 'example_skip_dag' retrieved from /home/airflow/.local/lib/python3.12/site-packages/airflow/example_dags/example_skip_dag.py
[2026-04-26T23:32:44.595+0000] {logging_mixin.py:188} INFO - [2026-04-26T23:32:44.595+0000] {dag.py:3096} INFO - Sync 1 DAGs
[2026-04-26T23:32:44.610+0000] {logging_mixin.py:188} INFO - [2026-04-26T23:32:44.610+0000] {dag.py:3954} INFO - Setting next_dagrun for example_skip_dag to 2026-04-25 00:00:00+00:00, run_after=2026-04-26 00:00:00+00:00
[2026-04-26T23:32:44.622+0000] {processor.py:183} INFO - Processing /home/airflow/.local/lib/python3.12/site-packages/airflow/example_dags/example_skip_dag.py took 0.052 seconds
[2026-04-26T23:33:14.674+0000] {processor.py:161} INFO - Started process (PID=2956) to work on /home/airflow/.local/lib/python3.12/site-packages/airflow/example_dags/example_skip_dag.py
[2026-04-26T23:33:14.675+0000] {processor.py:830} INFO - Processing file /home/airflow/.local/lib/python3.12/site-packages/airflow/example_dags/example_skip_dag.py for tasks to queue
[2026-04-26T23:33:14.676+0000] {logging_mixin.py:188} INFO - [2026-04-26T23:33:14.676+0000] {dagbag.py:545} INFO - Filling up the DagBag from /home/airflow/.local/lib/python3.12/site-packages/airflow/example_dags/example_skip_dag.py
[2026-04-26T23:33:14.679+0000] {processor.py:840} INFO - DAG(s) 'example_skip_dag' retrieved from /home/airflow/.local/lib/python3.12/site-packages/airflow/example_dags/example_skip_dag.py
[2026-04-26T23:33:14.691+0000] {logging_mixin.py:188} INFO - [2026-04-26T23:33:14.690+0000] {dag.py:3096} INFO - Sync 1 DAGs
[2026-04-26T23:33:14.702+0000] {logging_mixin.py:188} INFO - [2026-04-26T23:33:14.702+0000] {dag.py:3954} INFO - Setting next_dagrun for example_skip_dag to 2026-04-25 00:00:00+00:00, run_after=2026-04-26 00:00:00+00:00
[2026-04-26T23:33:14.712+0000] {processor.py:183} INFO - Processing /home/airflow/.local/lib/python3.12/site-packages/airflow/example_dags/example_skip_dag.py took 0.041 seconds
[2026-04-26T23:33:45.641+0000] {processor.py:161} INFO - Started process (PID=3019) to work on /home/airflow/.local/lib/python3.12/site-packages/airflow/example_dags/example_skip_dag.py
[2026-04-26T23:33:45.641+0000] {processor.py:830} INFO - Processing file /home/airflow/.local/lib/python3.12/site-packages/airflow/example_dags/example_skip_dag.py for tasks to queue
[2026-04-26T23:33:45.642+0000] {logging_mixin.py:188} INFO - [2026-04-26T23:33:45.642+0000] {dagbag.py:545} INFO - Filling up the DagBag from /home/airflow/.local/lib/python3.12/site-packages/airflow/example_dags/example_skip_dag.py
[2026-04-26T23:33:45.647+0000] {processor.py:840} INFO - DAG(s) 'example_skip_dag' retrieved from /home/airflow/.local/lib/python3.12/site-packages/airflow/example_dags/example_skip_dag.py
[2026-04-26T23:33:45.659+0000] {logging_mixin.py:188} INFO - [2026-04-26T23:33:45.659+0000] {dag.py:3096} INFO - Sync 1 DAGs
[2026-04-26T23:33:45.671+0000] {logging_mixin.py:188} INFO - [2026-04-26T23:33:45.671+0000] {dag.py:3954} INFO - Setting next_dagrun for example_skip_dag to 2026-04-25 00:00:00+00:00, run_after=2026-04-26 00:00:00+00:00
[2026-04-26T23:33:45.681+0000] {processor.py:183} INFO - Processing /home/airflow/.local/lib/python3.12/site-packages/airflow/example_dags/example_skip_dag.py took 0.044 seconds
[2026-04-26T23:34:15.752+0000] {processor.py:161} INFO - Started process (PID=3078) to work on /home/airflow/.local/lib/python3.12/site-packages/airflow/example_dags/example_skip_dag.py
[2026-04-26T23:34:15.752+0000] {processor.py:830} INFO - Processing file /home/airflow/.local/lib/python3.12/site-packages/airflow/example_dags/example_skip_dag.py for tasks to queue
[2026-04-26T23:34:15.753+0000] {logging_mixin.py:188} INFO - [2026-04-26T23:34:15.753+0000] {dagbag.py:545} INFO - Filling up the DagBag from /home/airflow/.local/lib/python3.12/site-packages/airflow/example_dags/example_skip_dag.py
[2026-04-26T23:34:15.757+0000] {processor.py:840} INFO - DAG(s) 'example_skip_dag' retrieved from /home/airflow/.local/lib/python3.12/site-packages/airflow/example_dags/example_skip_dag.py
[2026-04-26T23:34:15.772+0000] {logging_mixin.py:188} INFO - [2026-04-26T23:34:15.772+0000] {dag.py:3096} INFO - Sync 1 DAGs
[2026-04-26T23:34:15.785+0000] {logging_mixin.py:188} INFO - [2026-04-26T23:34:15.784+0000] {dag.py:3954} INFO - Setting next_dagrun for example_skip_dag to 2026-04-25 00:00:00+00:00, run_after=2026-04-26 00:00:00+00:00
[2026-04-26T23:34:15.795+0000] {processor.py:183} INFO - Processing /home/airflow/.local/lib/python3.12/site-packages/airflow/example_dags/example_skip_dag.py took 0.046 seconds
[2026-04-26T23:34:45.946+0000] {processor.py:161} INFO - Started process (PID=3137) to work on /home/airflow/.local/lib/python3.12/site-packages/airflow/example_dags/example_skip_dag.py
[2026-04-26T23:34:45.946+0000] {processor.py:830} INFO - Processing file /home/airflow/.local/lib/python3.12/site-packages/airflow/example_dags/example_skip_dag.py for tasks to queue
[2026-04-26T23:34:45.947+0000] {logging_mixin.py:188} INFO - [2026-04-26T23:34:45.947+0000] {dagbag.py:545} INFO - Filling up the DagBag from /home/airflow/.local/lib/python3.12/site-packages/airflow/example_dags/example_skip_dag.py
[2026-04-26T23:34:45.951+0000] {processor.py:840} INFO - DAG(s) 'example_skip_dag' retrieved from /home/airflow/.local/lib/python3.12/site-packages/airflow/example_dags/example_skip_dag.py
[2026-04-26T23:34:45.965+0000] {logging_mixin.py:188} INFO - [2026-04-26T23:34:45.965+0000] {dag.py:3096} INFO - Sync 1 DAGs
[2026-04-26T23:34:45.978+0000] {logging_mixin.py:188} INFO - [2026-04-26T23:34:45.978+0000] {dag.py:3954} INFO - Setting next_dagrun for example_skip_dag to 2026-04-25 00:00:00+00:00, run_after=2026-04-26 00:00:00+00:00
[2026-04-26T23:34:45.988+0000] {processor.py:183} INFO - Processing /home/airflow/.local/lib/python3.12/site-packages/airflow/example_dags/example_skip_dag.py took 0.046 seconds
[2026-04-26T23:35:16.550+0000] {processor.py:161} INFO - Started process (PID=3196) to work on /home/airflow/.local/lib/python3.12/site-packages/airflow/example_dags/example_skip_dag.py
[2026-04-26T23:35:16.551+0000] {processor.py:830} INFO - Processing file /home/airflow/.local/lib/python3.12/site-packages/airflow/example_dags/example_skip_dag.py for tasks to queue
[2026-04-26T23:35:16.552+0000] {logging_mixin.py:188} INFO - [2026-04-26T23:35:16.551+0000] {dagbag.py:545} INFO - Filling up the DagBag from /home/airflow/.local/lib/python3.12/site-packages/airflow/example_dags/example_skip_dag.py
[2026-04-26T23:35:16.555+0000] {processor.py:840} INFO - DAG(s) 'example_skip_dag' retrieved from /home/airflow/.local/lib/python3.12/site-packages/airflow/example_dags/example_skip_dag.py
[2026-04-26T23:35:16.567+0000] {logging_mixin.py:188} INFO - [2026-04-26T23:35:16.567+0000] {dag.py:3096} INFO - Sync 1 DAGs
[2026-04-26T23:35:16.579+0000] {logging_mixin.py:188} INFO - [2026-04-26T23:35:16.579+0000] {dag.py:3954} INFO - Setting next_dagrun for example_skip_dag to 2026-04-25 00:00:00+00:00, run_after=2026-04-26 00:00:00+00:00
[2026-04-26T23:35:16.588+0000] {processor.py:183} INFO - Processing /home/airflow/.local/lib/python3.12/site-packages/airflow/example_dags/example_skip_dag.py took 0.042 seconds
[2026-04-26T23:35:47.261+0000] {processor.py:161} INFO - Started process (PID=3255) to work on /home/airflow/.local/lib/python3.12/site-packages/airflow/example_dags/example_skip_dag.py
[2026-04-26T23:35:47.262+0000] {processor.py:830} INFO - Processing file /home/airflow/.local/lib/python3.12/site-packages/airflow/example_dags/example_skip_dag.py for tasks to queue
[2026-04-26T23:35:47.263+0000] {logging_mixin.py:188} INFO - [2026-04-26T23:35:47.263+0000] {dagbag.py:545} INFO - Filling up the DagBag from /home/airflow/.local/lib/python3.12/site-packages/airflow/example_dags/example_skip_dag.py
[2026-04-26T23:35:47.267+0000] {processor.py:840} INFO - DAG(s) 'example_skip_dag' retrieved from /home/airflow/.local/lib/python3.12/site-packages/airflow/example_dags/example_skip_dag.py
[2026-04-26T23:35:47.280+0000] {logging_mixin.py:188} INFO - [2026-04-26T23:35:47.280+0000] {dag.py:3096} INFO - Sync 1 DAGs
[2026-04-26T23:35:47.294+0000] {logging_mixin.py:188} INFO - [2026-04-26T23:35:47.293+0000] {dag.py:3954} INFO - Setting next_dagrun for example_skip_dag to 2026-04-25 00:00:00+00:00, run_after=2026-04-26 00:00:00+00:00
[2026-04-26T23:35:47.304+0000] {processor.py:183} INFO - Processing /home/airflow/.local/lib/python3.12/site-packages/airflow/example_dags/example_skip_dag.py took 0.047 seconds
[2026-04-26T23:36:18.053+0000] {processor.py:161} INFO - Started process (PID=3314) to work on /home/airflow/.local/lib/python3.12/site-packages/airflow/example_dags/example_skip_dag.py
[2026-04-26T23:36:18.053+0000] {processor.py:830} INFO - Processing file /home/airflow/.local/lib/python3.12/site-packages/airflow/example_dags/example_skip_dag.py for tasks to queue
[2026-04-26T23:36:18.054+0000] {logging_mixin.py:188} INFO - [2026-04-26T23:36:18.054+0000] {dagbag.py:545} INFO - Filling up the DagBag from /home/airflow/.local/lib/python3.12/site-packages/airflow/example_dags/example_skip_dag.py
[2026-04-26T23:36:18.058+0000] {processor.py:840} INFO - DAG(s) 'example_skip_dag' retrieved from /home/airflow/.local/lib/python3.12/site-packages/airflow/example_dags/example_skip_dag.py
[2026-04-26T23:36:18.070+0000] {logging_mixin.py:188} INFO - [2026-04-26T23:36:18.070+0000] {dag.py:3096} INFO - Sync 1 DAGs
[2026-04-26T23:36:18.083+0000] {logging_mixin.py:188} INFO - [2026-04-26T23:36:18.083+0000] {dag.py:3954} INFO - Setting next_dagrun for example_skip_dag to 2026-04-25 00:00:00+00:00, run_after=2026-04-26 00:00:00+00:00
[2026-04-26T23:36:18.092+0000] {processor.py:183} INFO - Processing /home/airflow/.local/lib/python3.12/site-packages/airflow/example_dags/example_skip_dag.py took 0.044 seconds
[2026-04-26T23:36:48.724+0000] {processor.py:161} INFO - Started process (PID=3373) to work on /home/airflow/.local/lib/python3.12/site-packages/airflow/example_dags/example_skip_dag.py
[2026-04-26T23:36:48.725+0000] {processor.py:830} INFO - Processing file /home/airflow/.local/lib/python3.12/site-packages/airflow/example_dags/example_skip_dag.py for tasks to queue
[2026-04-26T23:36:48.726+0000] {logging_mixin.py:188} INFO - [2026-04-26T23:36:48.726+0000] {dagbag.py:545} INFO - Filling up the DagBag from /home/airflow/.local/lib/python3.12/site-packages/airflow/example_dags/example_skip_dag.py
[2026-04-26T23:36:48.730+0000] {processor.py:840} INFO - DAG(s) 'example_skip_dag' retrieved from /home/airflow/.local/lib/python3.12/site-packages/airflow/example_dags/example_skip_dag.py
[2026-04-26T23:36:48.743+0000] {logging_mixin.py:188} INFO - [2026-04-26T23:36:48.742+0000] {dag.py:3096} INFO - Sync 1 DAGs
[2026-04-26T23:36:48.754+0000] {logging_mixin.py:188} INFO - [2026-04-26T23:36:48.754+0000] {dag.py:3954} INFO - Setting next_dagrun for example_skip_dag to 2026-04-25 00:00:00+00:00, run_after=2026-04-26 00:00:00+00:00
[2026-04-26T23:36:48.764+0000] {processor.py:183} INFO - Processing /home/airflow/.local/lib/python3.12/site-packages/airflow/example_dags/example_skip_dag.py took 0.043 seconds
[2026-04-26T23:37:19.447+0000] {processor.py:161} INFO - Started process (PID=3432) to work on /home/airflow/.local/lib/python3.12/site-packages/airflow/example_dags/example_skip_dag.py
[2026-04-26T23:37:19.447+0000] {processor.py:830} INFO - Processing file /home/airflow/.local/lib/python3.12/site-packages/airflow/example_dags/example_skip_dag.py for tasks to queue
[2026-04-26T23:37:19.448+0000] {logging_mixin.py:188} INFO - [2026-04-26T23:37:19.448+0000] {dagbag.py:545} INFO - Filling up the DagBag from /home/airflow/.local/lib/python3.12/site-packages/airflow/example_dags/example_skip_dag.py
[2026-04-26T23:37:19.452+0000] {processor.py:840} INFO - DAG(s) 'example_skip_dag' retrieved from /home/airflow/.local/lib/python3.12/site-packages/airflow/example_dags/example_skip_dag.py
[2026-04-26T23:37:19.465+0000] {logging_mixin.py:188} INFO - [2026-04-26T23:37:19.465+0000] {dag.py:3096} INFO - Sync 1 DAGs
[2026-04-26T23:37:19.478+0000] {logging_mixin.py:188} INFO - [2026-04-26T23:37:19.478+0000] {dag.py:3954} INFO - Setting next_dagrun for example_skip_dag to 2026-04-25 00:00:00+00:00, run_after=2026-04-26 00:00:00+00:00
[2026-04-26T23:37:19.487+0000] {processor.py:183} INFO - Processing /home/airflow/.local/lib/python3.12/site-packages/airflow/example_dags/example_skip_dag.py took 0.045 seconds
[2026-04-26T23:37:50.219+0000] {processor.py:161} INFO - Started process (PID=3491) to work on /home/airflow/.local/lib/python3.12/site-packages/airflow/example_dags/example_skip_dag.py
[2026-04-26T23:37:50.220+0000] {processor.py:830} INFO - Processing file /home/airflow/.local/lib/python3.12/site-packages/airflow/example_dags/example_skip_dag.py for tasks to queue
[2026-04-26T23:37:50.221+0000] {logging_mixin.py:188} INFO - [2026-04-26T23:37:50.221+0000] {dagbag.py:545} INFO - Filling up the DagBag from /home/airflow/.local/lib/python3.12/site-packages/airflow/example_dags/example_skip_dag.py
[2026-04-26T23:37:50.225+0000] {processor.py:840} INFO - DAG(s) 'example_skip_dag' retrieved from /home/airflow/.local/lib/python3.12/site-packages/airflow/example_dags/example_skip_dag.py
[2026-04-26T23:37:50.237+0000] {logging_mixin.py:188} INFO - [2026-04-26T23:37:50.237+0000] {dag.py:3096} INFO - Sync 1 DAGs
[2026-04-26T23:37:50.250+0000] {logging_mixin.py:188} INFO - [2026-04-26T23:37:50.249+0000] {dag.py:3954} INFO - Setting next_dagrun for example_skip_dag to 2026-04-25 00:00:00+00:00, run_after=2026-04-26 00:00:00+00:00
[2026-04-26T23:37:50.260+0000] {processor.py:183} INFO - Processing /home/airflow/.local/lib/python3.12/site-packages/airflow/example_dags/example_skip_dag.py took 0.045 seconds
[2026-04-26T23:38:20.884+0000] {processor.py:161} INFO - Started process (PID=3556) to work on /home/airflow/.local/lib/python3.12/site-packages/airflow/example_dags/example_skip_dag.py
[2026-04-26T23:38:20.885+0000] {processor.py:830} INFO - Processing file /home/airflow/.local/lib/python3.12/site-packages/airflow/example_dags/example_skip_dag.py for tasks to queue
[2026-04-26T23:38:20.886+0000] {logging_mixin.py:188} INFO - [2026-04-26T23:38:20.886+0000] {dagbag.py:545} INFO - Filling up the DagBag from /home/airflow/.local/lib/python3.12/site-packages/airflow/example_dags/example_skip_dag.py
[2026-04-26T23:38:20.890+0000] {processor.py:840} INFO - DAG(s) 'example_skip_dag' retrieved from /home/airflow/.local/lib/python3.12/site-packages/airflow/example_dags/example_skip_dag.py
[2026-04-26T23:38:20.905+0000] {logging_mixin.py:188} INFO - [2026-04-26T23:38:20.904+0000] {dag.py:3096} INFO - Sync 1 DAGs
[2026-04-26T23:38:20.920+0000] {logging_mixin.py:188} INFO - [2026-04-26T23:38:20.920+0000] {dag.py:3954} INFO - Setting next_dagrun for example_skip_dag to 2026-04-25 00:00:00+00:00, run_after=2026-04-26 00:00:00+00:00
[2026-04-26T23:38:20.932+0000] {processor.py:183} INFO - Processing /home/airflow/.local/lib/python3.12/site-packages/airflow/example_dags/example_skip_dag.py took 0.052 seconds
[2026-04-26T23:38:47.018+0000] {processor.py:161} INFO - Started process (PID=99) to work on /home/airflow/.local/lib/python3.12/site-packages/airflow/example_dags/example_skip_dag.py
[2026-04-26T23:38:47.018+0000] {processor.py:830} INFO - Processing file /home/airflow/.local/lib/python3.12/site-packages/airflow/example_dags/example_skip_dag.py for tasks to queue
[2026-04-26T23:38:47.019+0000] {logging_mixin.py:188} INFO - [2026-04-26T23:38:47.019+0000] {dagbag.py:545} INFO - Filling up the DagBag from /home/airflow/.local/lib/python3.12/site-packages/airflow/example_dags/example_skip_dag.py
[2026-04-26T23:38:47.023+0000] {processor.py:840} INFO - DAG(s) 'example_skip_dag' retrieved from /home/airflow/.local/lib/python3.12/site-packages/airflow/example_dags/example_skip_dag.py
[2026-04-26T23:38:47.029+0000] {logging_mixin.py:188} INFO - [2026-04-26T23:38:47.029+0000] {dag.py:3096} INFO - Sync 1 DAGs
[2026-04-26T23:38:47.041+0000] {logging_mixin.py:188} INFO - [2026-04-26T23:38:47.041+0000] {dag.py:3954} INFO - Setting next_dagrun for example_skip_dag to 2026-04-25 00:00:00+00:00, run_after=2026-04-26 00:00:00+00:00
[2026-04-26T23:38:47.051+0000] {processor.py:183} INFO - Processing /home/airflow/.local/lib/python3.12/site-packages/airflow/example_dags/example_skip_dag.py took 0.037 seconds
[2026-04-26T23:39:18.141+0000] {processor.py:161} INFO - Started process (PID=158) to work on /home/airflow/.local/lib/python3.12/site-packages/airflow/example_dags/example_skip_dag.py
[2026-04-26T23:39:18.141+0000] {processor.py:830} INFO - Processing file /home/airflow/.local/lib/python3.12/site-packages/airflow/example_dags/example_skip_dag.py for tasks to queue
[2026-04-26T23:39:18.142+0000] {logging_mixin.py:188} INFO - [2026-04-26T23:39:18.142+0000] {dagbag.py:545} INFO - Filling up the DagBag from /home/airflow/.local/lib/python3.12/site-packages/airflow/example_dags/example_skip_dag.py
[2026-04-26T23:39:18.145+0000] {processor.py:840} INFO - DAG(s) 'example_skip_dag' retrieved from /home/airflow/.local/lib/python3.12/site-packages/airflow/example_dags/example_skip_dag.py
[2026-04-26T23:39:18.202+0000] {logging_mixin.py:188} INFO - [2026-04-26T23:39:18.202+0000] {dag.py:3096} INFO - Sync 1 DAGs
[2026-04-26T23:39:18.213+0000] {logging_mixin.py:188} INFO - [2026-04-26T23:39:18.212+0000] {dag.py:3954} INFO - Setting next_dagrun for example_skip_dag to 2026-04-25 00:00:00+00:00, run_after=2026-04-26 00:00:00+00:00
[2026-04-26T23:39:18.221+0000] {processor.py:183} INFO - Processing /home/airflow/.local/lib/python3.12/site-packages/airflow/example_dags/example_skip_dag.py took 0.084 seconds
[2026-04-26T23:39:48.413+0000] {processor.py:161} INFO - Started process (PID=217) to work on /home/airflow/.local/lib/python3.12/site-packages/airflow/example_dags/example_skip_dag.py
[2026-04-26T23:39:48.413+0000] {processor.py:830} INFO - Processing file /home/airflow/.local/lib/python3.12/site-packages/airflow/example_dags/example_skip_dag.py for tasks to queue
[2026-04-26T23:39:48.414+0000] {logging_mixin.py:188} INFO - [2026-04-26T23:39:48.414+0000] {dagbag.py:545} INFO - Filling up the DagBag from /home/airflow/.local/lib/python3.12/site-packages/airflow/example_dags/example_skip_dag.py
[2026-04-26T23:39:48.419+0000] {processor.py:840} INFO - DAG(s) 'example_skip_dag' retrieved from /home/airflow/.local/lib/python3.12/site-packages/airflow/example_dags/example_skip_dag.py
[2026-04-26T23:39:48.430+0000] {logging_mixin.py:188} INFO - [2026-04-26T23:39:48.430+0000] {dag.py:3096} INFO - Sync 1 DAGs
[2026-04-26T23:39:48.442+0000] {logging_mixin.py:188} INFO - [2026-04-26T23:39:48.442+0000] {dag.py:3954} INFO - Setting next_dagrun for example_skip_dag to 2026-04-25 00:00:00+00:00, run_after=2026-04-26 00:00:00+00:00
[2026-04-26T23:39:48.451+0000] {processor.py:183} INFO - Processing /home/airflow/.local/lib/python3.12/site-packages/airflow/example_dags/example_skip_dag.py took 0.042 seconds
[2026-04-26T23:40:19.287+0000] {processor.py:161} INFO - Started process (PID=276) to work on /home/airflow/.local/lib/python3.12/site-packages/airflow/example_dags/example_skip_dag.py
[2026-04-26T23:40:19.288+0000] {processor.py:830} INFO - Processing file /home/airflow/.local/lib/python3.12/site-packages/airflow/example_dags/example_skip_dag.py for tasks to queue
[2026-04-26T23:40:19.289+0000] {logging_mixin.py:188} INFO - [2026-04-26T23:40:19.289+0000] {dagbag.py:545} INFO - Filling up the DagBag from /home/airflow/.local/lib/python3.12/site-packages/airflow/example_dags/example_skip_dag.py
[2026-04-26T23:40:19.293+0000] {processor.py:840} INFO - DAG(s) 'example_skip_dag' retrieved from /home/airflow/.local/lib/python3.12/site-packages/airflow/example_dags/example_skip_dag.py
[2026-04-26T23:40:19.304+0000] {logging_mixin.py:188} INFO - [2026-04-26T23:40:19.304+0000] {dag.py:3096} INFO - Sync 1 DAGs
[2026-04-26T23:40:19.315+0000] {logging_mixin.py:188} INFO - [2026-04-26T23:40:19.315+0000] {dag.py:3954} INFO - Setting next_dagrun for example_skip_dag to 2026-04-25 00:00:00+00:00, run_after=2026-04-26 00:00:00+00:00
[2026-04-26T23:40:19.323+0000] {processor.py:183} INFO - Processing /home/airflow/.local/lib/python3.12/site-packages/airflow/example_dags/example_skip_dag.py took 0.040 seconds
[2026-04-26T23:40:50.382+0000] {processor.py:161} INFO - Started process (PID=335) to work on /home/airflow/.local/lib/python3.12/site-packages/airflow/example_dags/example_skip_dag.py
[2026-04-26T23:40:50.382+0000] {processor.py:830} INFO - Processing file /home/airflow/.local/lib/python3.12/site-packages/airflow/example_dags/example_skip_dag.py for tasks to queue
[2026-04-26T23:40:50.383+0000] {logging_mixin.py:188} INFO - [2026-04-26T23:40:50.383+0000] {dagbag.py:545} INFO - Filling up the DagBag from /home/airflow/.local/lib/python3.12/site-packages/airflow/example_dags/example_skip_dag.py
[2026-04-26T23:40:50.387+0000] {processor.py:840} INFO - DAG(s) 'example_skip_dag' retrieved from /home/airflow/.local/lib/python3.12/site-packages/airflow/example_dags/example_skip_dag.py
[2026-04-26T23:40:50.398+0000] {logging_mixin.py:188} INFO - [2026-04-26T23:40:50.398+0000] {dag.py:3096} INFO - Sync 1 DAGs
[2026-04-26T23:40:50.409+0000] {logging_mixin.py:188} INFO - [2026-04-26T23:40:50.409+0000] {dag.py:3954} INFO - Setting next_dagrun for example_skip_dag to 2026-04-25 00:00:00+00:00, run_after=2026-04-26 00:00:00+00:00
[2026-04-26T23:40:50.416+0000] {processor.py:183} INFO - Processing /home/airflow/.local/lib/python3.12/site-packages/airflow/example_dags/example_skip_dag.py took 0.038 seconds
[2026-04-26T23:41:21.264+0000] {processor.py:161} INFO - Started process (PID=394) to work on /home/airflow/.local/lib/python3.12/site-packages/airflow/example_dags/example_skip_dag.py
[2026-04-26T23:41:21.265+0000] {processor.py:830} INFO - Processing file /home/airflow/.local/lib/python3.12/site-packages/airflow/example_dags/example_skip_dag.py for tasks to queue
[2026-04-26T23:41:21.266+0000] {logging_mixin.py:188} INFO - [2026-04-26T23:41:21.265+0000] {dagbag.py:545} INFO - Filling up the DagBag from /home/airflow/.local/lib/python3.12/site-packages/airflow/example_dags/example_skip_dag.py
[2026-04-26T23:41:21.270+0000] {processor.py:840} INFO - DAG(s) 'example_skip_dag' retrieved from /home/airflow/.local/lib/python3.12/site-packages/airflow/example_dags/example_skip_dag.py
[2026-04-26T23:41:21.283+0000] {logging_mixin.py:188} INFO - [2026-04-26T23:41:21.283+0000] {dag.py:3096} INFO - Sync 1 DAGs
[2026-04-26T23:41:21.295+0000] {logging_mixin.py:188} INFO - [2026-04-26T23:41:21.295+0000] {dag.py:3954} INFO - Setting next_dagrun for example_skip_dag to 2026-04-25 00:00:00+00:00, run_after=2026-04-26 00:00:00+00:00
[2026-04-26T23:41:21.306+0000] {processor.py:183} INFO - Processing /home/airflow/.local/lib/python3.12/site-packages/airflow/example_dags/example_skip_dag.py took 0.046 seconds
[2026-04-26T23:41:51.472+0000] {processor.py:161} INFO - Started process (PID=453) to work on /home/airflow/.local/lib/python3.12/site-packages/airflow/example_dags/example_skip_dag.py
[2026-04-26T23:41:51.472+0000] {processor.py:830} INFO - Processing file /home/airflow/.local/lib/python3.12/site-packages/airflow/example_dags/example_skip_dag.py for tasks to queue
[2026-04-26T23:41:51.473+0000] {logging_mixin.py:188} INFO - [2026-04-26T23:41:51.473+0000] {dagbag.py:545} INFO - Filling up the DagBag from /home/airflow/.local/lib/python3.12/site-packages/airflow/example_dags/example_skip_dag.py
[2026-04-26T23:41:51.477+0000] {processor.py:840} INFO - DAG(s) 'example_skip_dag' retrieved from /home/airflow/.local/lib/python3.12/site-packages/airflow/example_dags/example_skip_dag.py
[2026-04-26T23:41:51.489+0000] {logging_mixin.py:188} INFO - [2026-04-26T23:41:51.489+0000] {dag.py:3096} INFO - Sync 1 DAGs
[2026-04-26T23:41:51.501+0000] {logging_mixin.py:188} INFO - [2026-04-26T23:41:51.501+0000] {dag.py:3954} INFO - Setting next_dagrun for example_skip_dag to 2026-04-25 00:00:00+00:00, run_after=2026-04-26 00:00:00+00:00
[2026-04-26T23:41:51.510+0000] {processor.py:183} INFO - Processing /home/airflow/.local/lib/python3.12/site-packages/airflow/example_dags/example_skip_dag.py took 0.043 seconds
[2026-04-26T23:42:21.589+0000] {processor.py:161} INFO - Started process (PID=512) to work on /home/airflow/.local/lib/python3.12/site-packages/airflow/example_dags/example_skip_dag.py
[2026-04-26T23:42:21.589+0000] {processor.py:830} INFO - Processing file /home/airflow/.local/lib/python3.12/site-packages/airflow/example_dags/example_skip_dag.py for tasks to queue
[2026-04-26T23:42:21.591+0000] {logging_mixin.py:188} INFO - [2026-04-26T23:42:21.590+0000] {dagbag.py:545} INFO - Filling up the DagBag from /home/airflow/.local/lib/python3.12/site-packages/airflow/example_dags/example_skip_dag.py
[2026-04-26T23:42:21.595+0000] {processor.py:840} INFO - DAG(s) 'example_skip_dag' retrieved from /home/airflow/.local/lib/python3.12/site-packages/airflow/example_dags/example_skip_dag.py
[2026-04-26T23:42:21.608+0000] {logging_mixin.py:188} INFO - [2026-04-26T23:42:21.608+0000] {dag.py:3096} INFO - Sync 1 DAGs
[2026-04-26T23:42:21.621+0000] {logging_mixin.py:188} INFO - [2026-04-26T23:42:21.621+0000] {dag.py:3954} INFO - Setting next_dagrun for example_skip_dag to 2026-04-25 00:00:00+00:00, run_after=2026-04-26 00:00:00+00:00
[2026-04-26T23:42:21.631+0000] {processor.py:183} INFO - Processing /home/airflow/.local/lib/python3.12/site-packages/airflow/example_dags/example_skip_dag.py took 0.046 seconds
[2026-04-26T23:43:21.553+0000] {processor.py:161} INFO - Started process (PID=99) to work on /home/airflow/.local/lib/python3.12/site-packages/airflow/example_dags/example_skip_dag.py
[2026-04-26T23:43:21.554+0000] {processor.py:830} INFO - Processing file /home/airflow/.local/lib/python3.12/site-packages/airflow/example_dags/example_skip_dag.py for tasks to queue
[2026-04-26T23:43:21.555+0000] {logging_mixin.py:188} INFO - [2026-04-26T23:43:21.555+0000] {dagbag.py:545} INFO - Filling up the DagBag from /home/airflow/.local/lib/python3.12/site-packages/airflow/example_dags/example_skip_dag.py
[2026-04-26T23:43:21.559+0000] {processor.py:840} INFO - DAG(s) 'example_skip_dag' retrieved from /home/airflow/.local/lib/python3.12/site-packages/airflow/example_dags/example_skip_dag.py
[2026-04-26T23:43:21.566+0000] {logging_mixin.py:188} INFO - [2026-04-26T23:43:21.566+0000] {dag.py:3096} INFO - Sync 1 DAGs
[2026-04-26T23:43:21.583+0000] {logging_mixin.py:188} INFO - [2026-04-26T23:43:21.582+0000] {dag.py:3954} INFO - Setting next_dagrun for example_skip_dag to 2026-04-25 00:00:00+00:00, run_after=2026-04-26 00:00:00+00:00
[2026-04-26T23:43:21.593+0000] {processor.py:183} INFO - Processing /home/airflow/.local/lib/python3.12/site-packages/airflow/example_dags/example_skip_dag.py took 0.043 seconds
[2026-04-26T23:43:53.232+0000] {processor.py:161} INFO - Started process (PID=158) to work on /home/airflow/.local/lib/python3.12/site-packages/airflow/example_dags/example_skip_dag.py
[2026-04-26T23:43:53.233+0000] {processor.py:830} INFO - Processing file /home/airflow/.local/lib/python3.12/site-packages/airflow/example_dags/example_skip_dag.py for tasks to queue
[2026-04-26T23:43:53.233+0000] {logging_mixin.py:188} INFO - [2026-04-26T23:43:53.233+0000] {dagbag.py:545} INFO - Filling up the DagBag from /home/airflow/.local/lib/python3.12/site-packages/airflow/example_dags/example_skip_dag.py
[2026-04-26T23:43:53.237+0000] {processor.py:840} INFO - DAG(s) 'example_skip_dag' retrieved from /home/airflow/.local/lib/python3.12/site-packages/airflow/example_dags/example_skip_dag.py
[2026-04-26T23:43:53.293+0000] {logging_mixin.py:188} INFO - [2026-04-26T23:43:53.292+0000] {dag.py:3096} INFO - Sync 1 DAGs
[2026-04-26T23:43:53.302+0000] {logging_mixin.py:188} INFO - [2026-04-26T23:43:53.302+0000] {dag.py:3954} INFO - Setting next_dagrun for example_skip_dag to 2026-04-25 00:00:00+00:00, run_after=2026-04-26 00:00:00+00:00
[2026-04-26T23:43:53.343+0000] {processor.py:183} INFO - Processing /home/airflow/.local/lib/python3.12/site-packages/airflow/example_dags/example_skip_dag.py took 0.114 seconds
[2026-04-26T23:44:23.639+0000] {processor.py:161} INFO - Started process (PID=217) to work on /home/airflow/.local/lib/python3.12/site-packages/airflow/example_dags/example_skip_dag.py
[2026-04-26T23:44:23.640+0000] {processor.py:830} INFO - Processing file /home/airflow/.local/lib/python3.12/site-packages/airflow/example_dags/example_skip_dag.py for tasks to queue
[2026-04-26T23:44:23.641+0000] {logging_mixin.py:188} INFO - [2026-04-26T23:44:23.641+0000] {dagbag.py:545} INFO - Filling up the DagBag from /home/airflow/.local/lib/python3.12/site-packages/airflow/example_dags/example_skip_dag.py
[2026-04-26T23:44:23.645+0000] {processor.py:840} INFO - DAG(s) 'example_skip_dag' retrieved from /home/airflow/.local/lib/python3.12/site-packages/airflow/example_dags/example_skip_dag.py
[2026-04-26T23:44:23.657+0000] {logging_mixin.py:188} INFO - [2026-04-26T23:44:23.657+0000] {dag.py:3096} INFO - Sync 1 DAGs
[2026-04-26T23:44:23.670+0000] {logging_mixin.py:188} INFO - [2026-04-26T23:44:23.670+0000] {dag.py:3954} INFO - Setting next_dagrun for example_skip_dag to 2026-04-25 00:00:00+00:00, run_after=2026-04-26 00:00:00+00:00
[2026-04-26T23:44:23.680+0000] {processor.py:183} INFO - Processing /home/airflow/.local/lib/python3.12/site-packages/airflow/example_dags/example_skip_dag.py took 0.044 seconds
[2026-04-26T23:44:53.828+0000] {processor.py:161} INFO - Started process (PID=276) to work on /home/airflow/.local/lib/python3.12/site-packages/airflow/example_dags/example_skip_dag.py
[2026-04-26T23:44:53.829+0000] {processor.py:830} INFO - Processing file /home/airflow/.local/lib/python3.12/site-packages/airflow/example_dags/example_skip_dag.py for tasks to queue
[2026-04-26T23:44:53.830+0000] {logging_mixin.py:188} INFO - [2026-04-26T23:44:53.830+0000] {dagbag.py:545} INFO - Filling up the DagBag from /home/airflow/.local/lib/python3.12/site-packages/airflow/example_dags/example_skip_dag.py
[2026-04-26T23:44:53.834+0000] {processor.py:840} INFO - DAG(s) 'example_skip_dag' retrieved from /home/airflow/.local/lib/python3.12/site-packages/airflow/example_dags/example_skip_dag.py
[2026-04-26T23:44:53.846+0000] {logging_mixin.py:188} INFO - [2026-04-26T23:44:53.846+0000] {dag.py:3096} INFO - Sync 1 DAGs
[2026-04-26T23:44:53.860+0000] {logging_mixin.py:188} INFO - [2026-04-26T23:44:53.860+0000] {dag.py:3954} INFO - Setting next_dagrun for example_skip_dag to 2026-04-25 00:00:00+00:00, run_after=2026-04-26 00:00:00+00:00
[2026-04-26T23:44:53.871+0000] {processor.py:183} INFO - Processing /home/airflow/.local/lib/python3.12/site-packages/airflow/example_dags/example_skip_dag.py took 0.047 seconds
[2026-04-26T23:45:24.659+0000] {processor.py:161} INFO - Started process (PID=335) to work on /home/airflow/.local/lib/python3.12/site-packages/airflow/example_dags/example_skip_dag.py
[2026-04-26T23:45:24.659+0000] {processor.py:830} INFO - Processing file /home/airflow/.local/lib/python3.12/site-packages/airflow/example_dags/example_skip_dag.py for tasks to queue
[2026-04-26T23:45:24.660+0000] {logging_mixin.py:188} INFO - [2026-04-26T23:45:24.660+0000] {dagbag.py:545} INFO - Filling up the DagBag from /home/airflow/.local/lib/python3.12/site-packages/airflow/example_dags/example_skip_dag.py
[2026-04-26T23:45:24.665+0000] {processor.py:840} INFO - DAG(s) 'example_skip_dag' retrieved from /home/airflow/.local/lib/python3.12/site-packages/airflow/example_dags/example_skip_dag.py
[2026-04-26T23:45:24.677+0000] {logging_mixin.py:188} INFO - [2026-04-26T23:45:24.677+0000] {dag.py:3096} INFO - Sync 1 DAGs
[2026-04-26T23:45:24.690+0000] {logging_mixin.py:188} INFO - [2026-04-26T23:45:24.690+0000] {dag.py:3954} INFO - Setting next_dagrun for example_skip_dag to 2026-04-25 00:00:00+00:00, run_after=2026-04-26 00:00:00+00:00
[2026-04-26T23:45:24.699+0000] {processor.py:183} INFO - Processing /home/airflow/.local/lib/python3.12/site-packages/airflow/example_dags/example_skip_dag.py took 0.044 seconds
[2026-04-26T23:45:55.489+0000] {processor.py:161} INFO - Started process (PID=394) to work on /home/airflow/.local/lib/python3.12/site-packages/airflow/example_dags/example_skip_dag.py
[2026-04-26T23:45:55.490+0000] {processor.py:830} INFO - Processing file /home/airflow/.local/lib/python3.12/site-packages/airflow/example_dags/example_skip_dag.py for tasks to queue
[2026-04-26T23:45:55.491+0000] {logging_mixin.py:188} INFO - [2026-04-26T23:45:55.491+0000] {dagbag.py:545} INFO - Filling up the DagBag from /home/airflow/.local/lib/python3.12/site-packages/airflow/example_dags/example_skip_dag.py
[2026-04-26T23:45:55.495+0000] {processor.py:840} INFO - DAG(s) 'example_skip_dag' retrieved from /home/airflow/.local/lib/python3.12/site-packages/airflow/example_dags/example_skip_dag.py
[2026-04-26T23:45:55.506+0000] {logging_mixin.py:188} INFO - [2026-04-26T23:45:55.506+0000] {dag.py:3096} INFO - Sync 1 DAGs
[2026-04-26T23:45:55.518+0000] {logging_mixin.py:188} INFO - [2026-04-26T23:45:55.518+0000] {dag.py:3954} INFO - Setting next_dagrun for example_skip_dag to 2026-04-25 00:00:00+00:00, run_after=2026-04-26 00:00:00+00:00
[2026-04-26T23:45:55.527+0000] {processor.py:183} INFO - Processing /home/airflow/.local/lib/python3.12/site-packages/airflow/example_dags/example_skip_dag.py took 0.042 seconds
[2026-04-26T23:46:26.291+0000] {processor.py:161} INFO - Started process (PID=453) to work on /home/airflow/.local/lib/python3.12/site-packages/airflow/example_dags/example_skip_dag.py
[2026-04-26T23:46:26.291+0000] {processor.py:830} INFO - Processing file /home/airflow/.local/lib/python3.12/site-packages/airflow/example_dags/example_skip_dag.py for tasks to queue
[2026-04-26T23:46:26.292+0000] {logging_mixin.py:188} INFO - [2026-04-26T23:46:26.292+0000] {dagbag.py:545} INFO - Filling up the DagBag from /home/airflow/.local/lib/python3.12/site-packages/airflow/example_dags/example_skip_dag.py
[2026-04-26T23:46:26.297+0000] {processor.py:840} INFO - DAG(s) 'example_skip_dag' retrieved from /home/airflow/.local/lib/python3.12/site-packages/airflow/example_dags/example_skip_dag.py
[2026-04-26T23:46:26.310+0000] {logging_mixin.py:188} INFO - [2026-04-26T23:46:26.310+0000] {dag.py:3096} INFO - Sync 1 DAGs
[2026-04-26T23:46:26.322+0000] {logging_mixin.py:188} INFO - [2026-04-26T23:46:26.322+0000] {dag.py:3954} INFO - Setting next_dagrun for example_skip_dag to 2026-04-25 00:00:00+00:00, run_after=2026-04-26 00:00:00+00:00
[2026-04-26T23:46:26.332+0000] {processor.py:183} INFO - Processing /home/airflow/.local/lib/python3.12/site-packages/airflow/example_dags/example_skip_dag.py took 0.045 seconds
[2026-04-26T23:46:57.105+0000] {processor.py:161} INFO - Started process (PID=512) to work on /home/airflow/.local/lib/python3.12/site-packages/airflow/example_dags/example_skip_dag.py
[2026-04-26T23:46:57.106+0000] {processor.py:830} INFO - Processing file /home/airflow/.local/lib/python3.12/site-packages/airflow/example_dags/example_skip_dag.py for tasks to queue
[2026-04-26T23:46:57.107+0000] {logging_mixin.py:188} INFO - [2026-04-26T23:46:57.107+0000] {dagbag.py:545} INFO - Filling up the DagBag from /home/airflow/.local/lib/python3.12/site-packages/airflow/example_dags/example_skip_dag.py
[2026-04-26T23:46:57.111+0000] {processor.py:840} INFO - DAG(s) 'example_skip_dag' retrieved from /home/airflow/.local/lib/python3.12/site-packages/airflow/example_dags/example_skip_dag.py
[2026-04-26T23:46:57.124+0000] {logging_mixin.py:188} INFO - [2026-04-26T23:46:57.124+0000] {dag.py:3096} INFO - Sync 1 DAGs
[2026-04-26T23:46:57.136+0000] {logging_mixin.py:188} INFO - [2026-04-26T23:46:57.136+0000] {dag.py:3954} INFO - Setting next_dagrun for example_skip_dag to 2026-04-25 00:00:00+00:00, run_after=2026-04-26 00:00:00+00:00
[2026-04-26T23:46:57.146+0000] {processor.py:183} INFO - Processing /home/airflow/.local/lib/python3.12/site-packages/airflow/example_dags/example_skip_dag.py took 0.045 seconds
[2026-04-26T23:47:27.498+0000] {processor.py:161} INFO - Started process (PID=571) to work on /home/airflow/.local/lib/python3.12/site-packages/airflow/example_dags/example_skip_dag.py
[2026-04-26T23:47:27.499+0000] {processor.py:830} INFO - Processing file /home/airflow/.local/lib/python3.12/site-packages/airflow/example_dags/example_skip_dag.py for tasks to queue
[2026-04-26T23:47:27.500+0000] {logging_mixin.py:188} INFO - [2026-04-26T23:47:27.500+0000] {dagbag.py:545} INFO - Filling up the DagBag from /home/airflow/.local/lib/python3.12/site-packages/airflow/example_dags/example_skip_dag.py
[2026-04-26T23:47:27.504+0000] {processor.py:840} INFO - DAG(s) 'example_skip_dag' retrieved from /home/airflow/.local/lib/python3.12/site-packages/airflow/example_dags/example_skip_dag.py
[2026-04-26T23:47:27.518+0000] {logging_mixin.py:188} INFO - [2026-04-26T23:47:27.517+0000] {dag.py:3096} INFO - Sync 1 DAGs
[2026-04-26T23:47:27.532+0000] {logging_mixin.py:188} INFO - [2026-04-26T23:47:27.532+0000] {dag.py:3954} INFO - Setting next_dagrun for example_skip_dag to 2026-04-25 00:00:00+00:00, run_after=2026-04-26 00:00:00+00:00
[2026-04-26T23:47:27.543+0000] {processor.py:183} INFO - Processing /home/airflow/.local/lib/python3.12/site-packages/airflow/example_dags/example_skip_dag.py took 0.049 seconds
[2026-04-26T23:47:57.596+0000] {processor.py:161} INFO - Started process (PID=630) to work on /home/airflow/.local/lib/python3.12/site-packages/airflow/example_dags/example_skip_dag.py
[2026-04-26T23:47:57.597+0000] {processor.py:830} INFO - Processing file /home/airflow/.local/lib/python3.12/site-packages/airflow/example_dags/example_skip_dag.py for tasks to queue
[2026-04-26T23:47:57.598+0000] {logging_mixin.py:188} INFO - [2026-04-26T23:47:57.598+0000] {dagbag.py:545} INFO - Filling up the DagBag from /home/airflow/.local/lib/python3.12/site-packages/airflow/example_dags/example_skip_dag.py
[2026-04-26T23:47:57.602+0000] {processor.py:840} INFO - DAG(s) 'example_skip_dag' retrieved from /home/airflow/.local/lib/python3.12/site-packages/airflow/example_dags/example_skip_dag.py
[2026-04-26T23:47:57.614+0000] {logging_mixin.py:188} INFO - [2026-04-26T23:47:57.613+0000] {dag.py:3096} INFO - Sync 1 DAGs
[2026-04-26T23:47:57.625+0000] {logging_mixin.py:188} INFO - [2026-04-26T23:47:57.624+0000] {dag.py:3954} INFO - Setting next_dagrun for example_skip_dag to 2026-04-25 00:00:00+00:00, run_after=2026-04-26 00:00:00+00:00
[2026-04-26T23:47:57.633+0000] {processor.py:183} INFO - Processing /home/airflow/.local/lib/python3.12/site-packages/airflow/example_dags/example_skip_dag.py took 0.041 seconds
[2026-04-26T23:48:27.718+0000] {processor.py:161} INFO - Started process (PID=689) to work on /home/airflow/.local/lib/python3.12/site-packages/airflow/example_dags/example_skip_dag.py
[2026-04-26T23:48:27.718+0000] {processor.py:830} INFO - Processing file /home/airflow/.local/lib/python3.12/site-packages/airflow/example_dags/example_skip_dag.py for tasks to queue
[2026-04-26T23:48:27.719+0000] {logging_mixin.py:188} INFO - [2026-04-26T23:48:27.719+0000] {dagbag.py:545} INFO - Filling up the DagBag from /home/airflow/.local/lib/python3.12/site-packages/airflow/example_dags/example_skip_dag.py
[2026-04-26T23:48:27.723+0000] {processor.py:840} INFO - DAG(s) 'example_skip_dag' retrieved from /home/airflow/.local/lib/python3.12/site-packages/airflow/example_dags/example_skip_dag.py
[2026-04-26T23:48:27.734+0000] {logging_mixin.py:188} INFO - [2026-04-26T23:48:27.734+0000] {dag.py:3096} INFO - Sync 1 DAGs
[2026-04-26T23:48:27.745+0000] {logging_mixin.py:188} INFO - [2026-04-26T23:48:27.745+0000] {dag.py:3954} INFO - Setting next_dagrun for example_skip_dag to 2026-04-25 00:00:00+00:00, run_after=2026-04-26 00:00:00+00:00
[2026-04-26T23:48:27.755+0000] {processor.py:183} INFO - Processing /home/airflow/.local/lib/python3.12/site-packages/airflow/example_dags/example_skip_dag.py took 0.041 seconds
[2026-04-26T23:48:58.693+0000] {processor.py:161} INFO - Started process (PID=748) to work on /home/airflow/.local/lib/python3.12/site-packages/airflow/example_dags/example_skip_dag.py
[2026-04-26T23:48:58.694+0000] {processor.py:830} INFO - Processing file /home/airflow/.local/lib/python3.12/site-packages/airflow/example_dags/example_skip_dag.py for tasks to queue
[2026-04-26T23:48:58.695+0000] {logging_mixin.py:188} INFO - [2026-04-26T23:48:58.695+0000] {dagbag.py:545} INFO - Filling up the DagBag from /home/airflow/.local/lib/python3.12/site-packages/airflow/example_dags/example_skip_dag.py
[2026-04-26T23:48:58.699+0000] {processor.py:840} INFO - DAG(s) 'example_skip_dag' retrieved from /home/airflow/.local/lib/python3.12/site-packages/airflow/example_dags/example_skip_dag.py
[2026-04-26T23:48:58.710+0000] {logging_mixin.py:188} INFO - [2026-04-26T23:48:58.710+0000] {dag.py:3096} INFO - Sync 1 DAGs
[2026-04-26T23:48:58.722+0000] {logging_mixin.py:188} INFO - [2026-04-26T23:48:58.722+0000] {dag.py:3954} INFO - Setting next_dagrun for example_skip_dag to 2026-04-25 00:00:00+00:00, run_after=2026-04-26 00:00:00+00:00
[2026-04-26T23:48:58.731+0000] {processor.py:183} INFO - Processing /home/airflow/.local/lib/python3.12/site-packages/airflow/example_dags/example_skip_dag.py took 0.041 seconds
[2026-04-26T23:49:28.969+0000] {processor.py:161} INFO - Started process (PID=807) to work on /home/airflow/.local/lib/python3.12/site-packages/airflow/example_dags/example_skip_dag.py
[2026-04-26T23:49:28.970+0000] {processor.py:830} INFO - Processing file /home/airflow/.local/lib/python3.12/site-packages/airflow/example_dags/example_skip_dag.py for tasks to queue
[2026-04-26T23:49:28.971+0000] {logging_mixin.py:188} INFO - [2026-04-26T23:49:28.970+0000] {dagbag.py:545} INFO - Filling up the DagBag from /home/airflow/.local/lib/python3.12/site-packages/airflow/example_dags/example_skip_dag.py
[2026-04-26T23:49:28.975+0000] {processor.py:840} INFO - DAG(s) 'example_skip_dag' retrieved from /home/airflow/.local/lib/python3.12/site-packages/airflow/example_dags/example_skip_dag.py
[2026-04-26T23:49:28.986+0000] {logging_mixin.py:188} INFO - [2026-04-26T23:49:28.985+0000] {dag.py:3096} INFO - Sync 1 DAGs
[2026-04-26T23:49:28.996+0000] {logging_mixin.py:188} INFO - [2026-04-26T23:49:28.996+0000] {dag.py:3954} INFO - Setting next_dagrun for example_skip_dag to 2026-04-25 00:00:00+00:00, run_after=2026-04-26 00:00:00+00:00
[2026-04-26T23:49:29.005+0000] {processor.py:183} INFO - Processing /home/airflow/.local/lib/python3.12/site-packages/airflow/example_dags/example_skip_dag.py took 0.039 seconds
[2026-04-26T23:50:04.483+0000] {processor.py:161} INFO - Started process (PID=99) to work on /home/airflow/.local/lib/python3.12/site-packages/airflow/example_dags/example_skip_dag.py
[2026-04-26T23:50:04.484+0000] {processor.py:830} INFO - Processing file /home/airflow/.local/lib/python3.12/site-packages/airflow/example_dags/example_skip_dag.py for tasks to queue
[2026-04-26T23:50:04.485+0000] {logging_mixin.py:188} INFO - [2026-04-26T23:50:04.485+0000] {dagbag.py:545} INFO - Filling up the DagBag from /home/airflow/.local/lib/python3.12/site-packages/airflow/example_dags/example_skip_dag.py
[2026-04-26T23:50:04.489+0000] {processor.py:840} INFO - DAG(s) 'example_skip_dag' retrieved from /home/airflow/.local/lib/python3.12/site-packages/airflow/example_dags/example_skip_dag.py
[2026-04-26T23:50:04.496+0000] {logging_mixin.py:188} INFO - [2026-04-26T23:50:04.496+0000] {dag.py:3096} INFO - Sync 1 DAGs
[2026-04-26T23:50:04.509+0000] {logging_mixin.py:188} INFO - [2026-04-26T23:50:04.509+0000] {dag.py:3954} INFO - Setting next_dagrun for example_skip_dag to 2026-04-25 00:00:00+00:00, run_after=2026-04-26 00:00:00+00:00
[2026-04-26T23:50:04.519+0000] {processor.py:183} INFO - Processing /home/airflow/.local/lib/python3.12/site-packages/airflow/example_dags/example_skip_dag.py took 0.039 seconds
[2026-04-26T23:50:36.317+0000] {processor.py:161} INFO - Started process (PID=158) to work on /home/airflow/.local/lib/python3.12/site-packages/airflow/example_dags/example_skip_dag.py
[2026-04-26T23:50:36.317+0000] {processor.py:830} INFO - Processing file /home/airflow/.local/lib/python3.12/site-packages/airflow/example_dags/example_skip_dag.py for tasks to queue
[2026-04-26T23:50:36.318+0000] {logging_mixin.py:188} INFO - [2026-04-26T23:50:36.318+0000] {dagbag.py:545} INFO - Filling up the DagBag from /home/airflow/.local/lib/python3.12/site-packages/airflow/example_dags/example_skip_dag.py
[2026-04-26T23:50:36.322+0000] {processor.py:840} INFO - DAG(s) 'example_skip_dag' retrieved from /home/airflow/.local/lib/python3.12/site-packages/airflow/example_dags/example_skip_dag.py
[2026-04-26T23:50:36.386+0000] {logging_mixin.py:188} INFO - [2026-04-26T23:50:36.386+0000] {dag.py:3096} INFO - Sync 1 DAGs
[2026-04-26T23:50:36.400+0000] {logging_mixin.py:188} INFO - [2026-04-26T23:50:36.399+0000] {dag.py:3954} INFO - Setting next_dagrun for example_skip_dag to 2026-04-25 00:00:00+00:00, run_after=2026-04-26 00:00:00+00:00
[2026-04-26T23:50:36.424+0000] {processor.py:183} INFO - Processing /home/airflow/.local/lib/python3.12/site-packages/airflow/example_dags/example_skip_dag.py took 0.111 seconds
[2026-04-26T23:51:06.763+0000] {processor.py:161} INFO - Started process (PID=217) to work on /home/airflow/.local/lib/python3.12/site-packages/airflow/example_dags/example_skip_dag.py
[2026-04-26T23:51:06.763+0000] {processor.py:830} INFO - Processing file /home/airflow/.local/lib/python3.12/site-packages/airflow/example_dags/example_skip_dag.py for tasks to queue
[2026-04-26T23:51:06.764+0000] {logging_mixin.py:188} INFO - [2026-04-26T23:51:06.764+0000] {dagbag.py:545} INFO - Filling up the DagBag from /home/airflow/.local/lib/python3.12/site-packages/airflow/example_dags/example_skip_dag.py
[2026-04-26T23:51:06.767+0000] {processor.py:840} INFO - DAG(s) 'example_skip_dag' retrieved from /home/airflow/.local/lib/python3.12/site-packages/airflow/example_dags/example_skip_dag.py
[2026-04-26T23:51:06.778+0000] {logging_mixin.py:188} INFO - [2026-04-26T23:51:06.778+0000] {dag.py:3096} INFO - Sync 1 DAGs
[2026-04-26T23:51:06.790+0000] {logging_mixin.py:188} INFO - [2026-04-26T23:51:06.789+0000] {dag.py:3954} INFO - Setting next_dagrun for example_skip_dag to 2026-04-25 00:00:00+00:00, run_after=2026-04-26 00:00:00+00:00
[2026-04-26T23:51:06.799+0000] {processor.py:183} INFO - Processing /home/airflow/.local/lib/python3.12/site-packages/airflow/example_dags/example_skip_dag.py took 0.040 seconds
[2026-04-26T23:51:37.041+0000] {processor.py:161} INFO - Started process (PID=276) to work on /home/airflow/.local/lib/python3.12/site-packages/airflow/example_dags/example_skip_dag.py
[2026-04-26T23:51:37.041+0000] {processor.py:830} INFO - Processing file /home/airflow/.local/lib/python3.12/site-packages/airflow/example_dags/example_skip_dag.py for tasks to queue
[2026-04-26T23:51:37.043+0000] {logging_mixin.py:188} INFO - [2026-04-26T23:51:37.042+0000] {dagbag.py:545} INFO - Filling up the DagBag from /home/airflow/.local/lib/python3.12/site-packages/airflow/example_dags/example_skip_dag.py
[2026-04-26T23:51:37.048+0000] {processor.py:840} INFO - DAG(s) 'example_skip_dag' retrieved from /home/airflow/.local/lib/python3.12/site-packages/airflow/example_dags/example_skip_dag.py
[2026-04-26T23:51:37.065+0000] {logging_mixin.py:188} INFO - [2026-04-26T23:51:37.064+0000] {dag.py:3096} INFO - Sync 1 DAGs
[2026-04-26T23:51:37.081+0000] {logging_mixin.py:188} INFO - [2026-04-26T23:51:37.081+0000] {dag.py:3954} INFO - Setting next_dagrun for example_skip_dag to 2026-04-25 00:00:00+00:00, run_after=2026-04-26 00:00:00+00:00
[2026-04-26T23:51:37.093+0000] {processor.py:183} INFO - Processing /home/airflow/.local/lib/python3.12/site-packages/airflow/example_dags/example_skip_dag.py took 0.058 seconds
[2026-04-26T23:52:08.056+0000] {processor.py:161} INFO - Started process (PID=335) to work on /home/airflow/.local/lib/python3.12/site-packages/airflow/example_dags/example_skip_dag.py
[2026-04-26T23:52:08.056+0000] {processor.py:830} INFO - Processing file /home/airflow/.local/lib/python3.12/site-packages/airflow/example_dags/example_skip_dag.py for tasks to queue
[2026-04-26T23:52:08.057+0000] {logging_mixin.py:188} INFO - [2026-04-26T23:52:08.057+0000] {dagbag.py:545} INFO - Filling up the DagBag from /home/airflow/.local/lib/python3.12/site-packages/airflow/example_dags/example_skip_dag.py
[2026-04-26T23:52:08.061+0000] {processor.py:840} INFO - DAG(s) 'example_skip_dag' retrieved from /home/airflow/.local/lib/python3.12/site-packages/airflow/example_dags/example_skip_dag.py
[2026-04-26T23:52:08.072+0000] {logging_mixin.py:188} INFO - [2026-04-26T23:52:08.072+0000] {dag.py:3096} INFO - Sync 1 DAGs
[2026-04-26T23:52:08.083+0000] {logging_mixin.py:188} INFO - [2026-04-26T23:52:08.083+0000] {dag.py:3954} INFO - Setting next_dagrun for example_skip_dag to 2026-04-25 00:00:00+00:00, run_after=2026-04-26 00:00:00+00:00
[2026-04-26T23:52:08.091+0000] {processor.py:183} INFO - Processing /home/airflow/.local/lib/python3.12/site-packages/airflow/example_dags/example_skip_dag.py took 0.038 seconds
[2026-04-26T23:52:38.302+0000] {processor.py:161} INFO - Started process (PID=394) to work on /home/airflow/.local/lib/python3.12/site-packages/airflow/example_dags/example_skip_dag.py
[2026-04-26T23:52:38.303+0000] {processor.py:830} INFO - Processing file /home/airflow/.local/lib/python3.12/site-packages/airflow/example_dags/example_skip_dag.py for tasks to queue
[2026-04-26T23:52:38.304+0000] {logging_mixin.py:188} INFO - [2026-04-26T23:52:38.303+0000] {dagbag.py:545} INFO - Filling up the DagBag from /home/airflow/.local/lib/python3.12/site-packages/airflow/example_dags/example_skip_dag.py
[2026-04-26T23:52:38.307+0000] {processor.py:840} INFO - DAG(s) 'example_skip_dag' retrieved from /home/airflow/.local/lib/python3.12/site-packages/airflow/example_dags/example_skip_dag.py
[2026-04-26T23:52:38.318+0000] {logging_mixin.py:188} INFO - [2026-04-26T23:52:38.318+0000] {dag.py:3096} INFO - Sync 1 DAGs
[2026-04-26T23:52:38.329+0000] {logging_mixin.py:188} INFO - [2026-04-26T23:52:38.329+0000] {dag.py:3954} INFO - Setting next_dagrun for example_skip_dag to 2026-04-25 00:00:00+00:00, run_after=2026-04-26 00:00:00+00:00
[2026-04-26T23:52:38.338+0000] {processor.py:183} INFO - Processing /home/airflow/.local/lib/python3.12/site-packages/airflow/example_dags/example_skip_dag.py took 0.039 seconds
[2026-04-26T23:53:09.271+0000] {processor.py:161} INFO - Started process (PID=453) to work on /home/airflow/.local/lib/python3.12/site-packages/airflow/example_dags/example_skip_dag.py
[2026-04-26T23:53:09.272+0000] {processor.py:830} INFO - Processing file /home/airflow/.local/lib/python3.12/site-packages/airflow/example_dags/example_skip_dag.py for tasks to queue
[2026-04-26T23:53:09.273+0000] {logging_mixin.py:188} INFO - [2026-04-26T23:53:09.272+0000] {dagbag.py:545} INFO - Filling up the DagBag from /home/airflow/.local/lib/python3.12/site-packages/airflow/example_dags/example_skip_dag.py
[2026-04-26T23:53:09.276+0000] {processor.py:840} INFO - DAG(s) 'example_skip_dag' retrieved from /home/airflow/.local/lib/python3.12/site-packages/airflow/example_dags/example_skip_dag.py
[2026-04-26T23:53:09.288+0000] {logging_mixin.py:188} INFO - [2026-04-26T23:53:09.288+0000] {dag.py:3096} INFO - Sync 1 DAGs
[2026-04-26T23:53:09.300+0000] {logging_mixin.py:188} INFO - [2026-04-26T23:53:09.299+0000] {dag.py:3954} INFO - Setting next_dagrun for example_skip_dag to 2026-04-25 00:00:00+00:00, run_after=2026-04-26 00:00:00+00:00
[2026-04-26T23:53:09.309+0000] {processor.py:183} INFO - Processing /home/airflow/.local/lib/python3.12/site-packages/airflow/example_dags/example_skip_dag.py took 0.042 seconds
[2026-04-26T23:53:39.514+0000] {processor.py:161} INFO - Started process (PID=512) to work on /home/airflow/.local/lib/python3.12/site-packages/airflow/example_dags/example_skip_dag.py
[2026-04-26T23:53:39.514+0000] {processor.py:830} INFO - Processing file /home/airflow/.local/lib/python3.12/site-packages/airflow/example_dags/example_skip_dag.py for tasks to queue
[2026-04-26T23:53:39.515+0000] {logging_mixin.py:188} INFO - [2026-04-26T23:53:39.515+0000] {dagbag.py:545} INFO - Filling up the DagBag from /home/airflow/.local/lib/python3.12/site-packages/airflow/example_dags/example_skip_dag.py
[2026-04-26T23:53:39.519+0000] {processor.py:840} INFO - DAG(s) 'example_skip_dag' retrieved from /home/airflow/.local/lib/python3.12/site-packages/airflow/example_dags/example_skip_dag.py
[2026-04-26T23:53:39.530+0000] {logging_mixin.py:188} INFO - [2026-04-26T23:53:39.530+0000] {dag.py:3096} INFO - Sync 1 DAGs
[2026-04-26T23:53:39.542+0000] {logging_mixin.py:188} INFO - [2026-04-26T23:53:39.542+0000] {dag.py:3954} INFO - Setting next_dagrun for example_skip_dag to 2026-04-25 00:00:00+00:00, run_after=2026-04-26 00:00:00+00:00
[2026-04-26T23:53:39.552+0000] {processor.py:183} INFO - Processing /home/airflow/.local/lib/python3.12/site-packages/airflow/example_dags/example_skip_dag.py took 0.043 seconds
