[2026-04-26T23:08:15.496+0000] {processor.py:161} INFO - Started process (PID=76) to work on /home/airflow/.local/lib/python3.12/site-packages/airflow/example_dags/example_task_group_decorator.py
[2026-04-26T23:08:15.496+0000] {processor.py:830} INFO - Processing file /home/airflow/.local/lib/python3.12/site-packages/airflow/example_dags/example_task_group_decorator.py for tasks to queue
[2026-04-26T23:08:15.497+0000] {logging_mixin.py:188} INFO - [2026-04-26T23:08:15.497+0000] {dagbag.py:545} INFO - Filling up the DagBag from /home/airflow/.local/lib/python3.12/site-packages/airflow/example_dags/example_task_group_decorator.py
[2026-04-26T23:08:15.507+0000] {processor.py:840} INFO - DAG(s) 'example_task_group_decorator' retrieved from /home/airflow/.local/lib/python3.12/site-packages/airflow/example_dags/example_task_group_decorator.py
[2026-04-26T23:08:15.515+0000] {logging_mixin.py:188} INFO - [2026-04-26T23:08:15.515+0000] {dag.py:3096} INFO - Sync 1 DAGs
[2026-04-26T23:08:15.530+0000] {logging_mixin.py:188} INFO - [2026-04-26T23:08:15.530+0000] {dag.py:3954} INFO - Setting next_dagrun for example_task_group_decorator to 2026-04-25 00:00:00+00:00, run_after=2026-04-26 00:00:00+00:00
[2026-04-26T23:08:15.542+0000] {processor.py:183} INFO - Processing /home/airflow/.local/lib/python3.12/site-packages/airflow/example_dags/example_task_group_decorator.py took 0.049 seconds
[2026-04-26T23:08:46.542+0000] {processor.py:161} INFO - Started process (PID=134) to work on /home/airflow/.local/lib/python3.12/site-packages/airflow/example_dags/example_task_group_decorator.py
[2026-04-26T23:08:46.543+0000] {processor.py:830} INFO - Processing file /home/airflow/.local/lib/python3.12/site-packages/airflow/example_dags/example_task_group_decorator.py for tasks to queue
[2026-04-26T23:08:46.544+0000] {logging_mixin.py:188} INFO - [2026-04-26T23:08:46.544+0000] {dagbag.py:545} INFO - Filling up the DagBag from /home/airflow/.local/lib/python3.12/site-packages/airflow/example_dags/example_task_group_decorator.py
[2026-04-26T23:08:46.553+0000] {processor.py:840} INFO - DAG(s) 'example_task_group_decorator' retrieved from /home/airflow/.local/lib/python3.12/site-packages/airflow/example_dags/example_task_group_decorator.py
[2026-04-26T23:08:46.625+0000] {logging_mixin.py:188} INFO - [2026-04-26T23:08:46.625+0000] {dag.py:3096} INFO - Sync 1 DAGs
[2026-04-26T23:08:46.636+0000] {logging_mixin.py:188} INFO - [2026-04-26T23:08:46.636+0000] {dag.py:3954} INFO - Setting next_dagrun for example_task_group_decorator to 2026-04-25 00:00:00+00:00, run_after=2026-04-26 00:00:00+00:00
[2026-04-26T23:08:46.651+0000] {processor.py:183} INFO - Processing /home/airflow/.local/lib/python3.12/site-packages/airflow/example_dags/example_task_group_decorator.py took 0.113 seconds
[2026-04-26T23:09:17.000+0000] {processor.py:161} INFO - Started process (PID=192) to work on /home/airflow/.local/lib/python3.12/site-packages/airflow/example_dags/example_task_group_decorator.py
[2026-04-26T23:09:17.001+0000] {processor.py:830} INFO - Processing file /home/airflow/.local/lib/python3.12/site-packages/airflow/example_dags/example_task_group_decorator.py for tasks to queue
[2026-04-26T23:09:17.002+0000] {logging_mixin.py:188} INFO - [2026-04-26T23:09:17.001+0000] {dagbag.py:545} INFO - Filling up the DagBag from /home/airflow/.local/lib/python3.12/site-packages/airflow/example_dags/example_task_group_decorator.py
[2026-04-26T23:09:17.008+0000] {processor.py:840} INFO - DAG(s) 'example_task_group_decorator' retrieved from /home/airflow/.local/lib/python3.12/site-packages/airflow/example_dags/example_task_group_decorator.py
[2026-04-26T23:09:17.021+0000] {logging_mixin.py:188} INFO - [2026-04-26T23:09:17.021+0000] {dag.py:3096} INFO - Sync 1 DAGs
[2026-04-26T23:09:17.032+0000] {logging_mixin.py:188} INFO - [2026-04-26T23:09:17.032+0000] {dag.py:3954} INFO - Setting next_dagrun for example_task_group_decorator to 2026-04-25 00:00:00+00:00, run_after=2026-04-26 00:00:00+00:00
[2026-04-26T23:09:17.041+0000] {processor.py:183} INFO - Processing /home/airflow/.local/lib/python3.12/site-packages/airflow/example_dags/example_task_group_decorator.py took 0.044 seconds
[2026-04-26T23:09:47.821+0000] {processor.py:161} INFO - Started process (PID=250) to work on /home/airflow/.local/lib/python3.12/site-packages/airflow/example_dags/example_task_group_decorator.py
[2026-04-26T23:09:47.822+0000] {processor.py:830} INFO - Processing file /home/airflow/.local/lib/python3.12/site-packages/airflow/example_dags/example_task_group_decorator.py for tasks to queue
[2026-04-26T23:09:47.823+0000] {logging_mixin.py:188} INFO - [2026-04-26T23:09:47.822+0000] {dagbag.py:545} INFO - Filling up the DagBag from /home/airflow/.local/lib/python3.12/site-packages/airflow/example_dags/example_task_group_decorator.py
[2026-04-26T23:09:47.831+0000] {processor.py:840} INFO - DAG(s) 'example_task_group_decorator' retrieved from /home/airflow/.local/lib/python3.12/site-packages/airflow/example_dags/example_task_group_decorator.py
[2026-04-26T23:09:47.846+0000] {logging_mixin.py:188} INFO - [2026-04-26T23:09:47.846+0000] {dag.py:3096} INFO - Sync 1 DAGs
[2026-04-26T23:09:47.858+0000] {logging_mixin.py:188} INFO - [2026-04-26T23:09:47.858+0000] {dag.py:3954} INFO - Setting next_dagrun for example_task_group_decorator to 2026-04-25 00:00:00+00:00, run_after=2026-04-26 00:00:00+00:00
[2026-04-26T23:09:47.868+0000] {processor.py:183} INFO - Processing /home/airflow/.local/lib/python3.12/site-packages/airflow/example_dags/example_task_group_decorator.py took 0.050 seconds
[2026-04-26T23:10:18.762+0000] {processor.py:161} INFO - Started process (PID=314) to work on /home/airflow/.local/lib/python3.12/site-packages/airflow/example_dags/example_task_group_decorator.py
[2026-04-26T23:10:18.762+0000] {processor.py:830} INFO - Processing file /home/airflow/.local/lib/python3.12/site-packages/airflow/example_dags/example_task_group_decorator.py for tasks to queue
[2026-04-26T23:10:18.763+0000] {logging_mixin.py:188} INFO - [2026-04-26T23:10:18.763+0000] {dagbag.py:545} INFO - Filling up the DagBag from /home/airflow/.local/lib/python3.12/site-packages/airflow/example_dags/example_task_group_decorator.py
[2026-04-26T23:10:18.770+0000] {processor.py:840} INFO - DAG(s) 'example_task_group_decorator' retrieved from /home/airflow/.local/lib/python3.12/site-packages/airflow/example_dags/example_task_group_decorator.py
[2026-04-26T23:10:18.783+0000] {logging_mixin.py:188} INFO - [2026-04-26T23:10:18.783+0000] {dag.py:3096} INFO - Sync 1 DAGs
[2026-04-26T23:10:18.794+0000] {logging_mixin.py:188} INFO - [2026-04-26T23:10:18.794+0000] {dag.py:3954} INFO - Setting next_dagrun for example_task_group_decorator to 2026-04-25 00:00:00+00:00, run_after=2026-04-26 00:00:00+00:00
[2026-04-26T23:10:18.802+0000] {processor.py:183} INFO - Processing /home/airflow/.local/lib/python3.12/site-packages/airflow/example_dags/example_task_group_decorator.py took 0.043 seconds
[2026-04-26T23:10:48.872+0000] {processor.py:161} INFO - Started process (PID=372) to work on /home/airflow/.local/lib/python3.12/site-packages/airflow/example_dags/example_task_group_decorator.py
[2026-04-26T23:10:48.872+0000] {processor.py:830} INFO - Processing file /home/airflow/.local/lib/python3.12/site-packages/airflow/example_dags/example_task_group_decorator.py for tasks to queue
[2026-04-26T23:10:48.873+0000] {logging_mixin.py:188} INFO - [2026-04-26T23:10:48.873+0000] {dagbag.py:545} INFO - Filling up the DagBag from /home/airflow/.local/lib/python3.12/site-packages/airflow/example_dags/example_task_group_decorator.py
[2026-04-26T23:10:48.880+0000] {processor.py:840} INFO - DAG(s) 'example_task_group_decorator' retrieved from /home/airflow/.local/lib/python3.12/site-packages/airflow/example_dags/example_task_group_decorator.py
[2026-04-26T23:10:48.894+0000] {logging_mixin.py:188} INFO - [2026-04-26T23:10:48.894+0000] {dag.py:3096} INFO - Sync 1 DAGs
[2026-04-26T23:10:48.905+0000] {logging_mixin.py:188} INFO - [2026-04-26T23:10:48.905+0000] {dag.py:3954} INFO - Setting next_dagrun for example_task_group_decorator to 2026-04-25 00:00:00+00:00, run_after=2026-04-26 00:00:00+00:00
[2026-04-26T23:10:48.913+0000] {processor.py:183} INFO - Processing /home/airflow/.local/lib/python3.12/site-packages/airflow/example_dags/example_task_group_decorator.py took 0.045 seconds
[2026-04-26T23:11:19.634+0000] {processor.py:161} INFO - Started process (PID=430) to work on /home/airflow/.local/lib/python3.12/site-packages/airflow/example_dags/example_task_group_decorator.py
[2026-04-26T23:11:19.634+0000] {processor.py:830} INFO - Processing file /home/airflow/.local/lib/python3.12/site-packages/airflow/example_dags/example_task_group_decorator.py for tasks to queue
[2026-04-26T23:11:19.635+0000] {logging_mixin.py:188} INFO - [2026-04-26T23:11:19.635+0000] {dagbag.py:545} INFO - Filling up the DagBag from /home/airflow/.local/lib/python3.12/site-packages/airflow/example_dags/example_task_group_decorator.py
[2026-04-26T23:11:19.643+0000] {processor.py:840} INFO - DAG(s) 'example_task_group_decorator' retrieved from /home/airflow/.local/lib/python3.12/site-packages/airflow/example_dags/example_task_group_decorator.py
[2026-04-26T23:11:19.656+0000] {logging_mixin.py:188} INFO - [2026-04-26T23:11:19.656+0000] {dag.py:3096} INFO - Sync 1 DAGs
[2026-04-26T23:11:19.668+0000] {logging_mixin.py:188} INFO - [2026-04-26T23:11:19.668+0000] {dag.py:3954} INFO - Setting next_dagrun for example_task_group_decorator to 2026-04-25 00:00:00+00:00, run_after=2026-04-26 00:00:00+00:00
[2026-04-26T23:11:19.677+0000] {processor.py:183} INFO - Processing /home/airflow/.local/lib/python3.12/site-packages/airflow/example_dags/example_task_group_decorator.py took 0.046 seconds
[2026-04-26T23:11:50.418+0000] {processor.py:161} INFO - Started process (PID=488) to work on /home/airflow/.local/lib/python3.12/site-packages/airflow/example_dags/example_task_group_decorator.py
[2026-04-26T23:11:50.419+0000] {processor.py:830} INFO - Processing file /home/airflow/.local/lib/python3.12/site-packages/airflow/example_dags/example_task_group_decorator.py for tasks to queue
[2026-04-26T23:11:50.420+0000] {logging_mixin.py:188} INFO - [2026-04-26T23:11:50.420+0000] {dagbag.py:545} INFO - Filling up the DagBag from /home/airflow/.local/lib/python3.12/site-packages/airflow/example_dags/example_task_group_decorator.py
[2026-04-26T23:11:50.430+0000] {processor.py:840} INFO - DAG(s) 'example_task_group_decorator' retrieved from /home/airflow/.local/lib/python3.12/site-packages/airflow/example_dags/example_task_group_decorator.py
[2026-04-26T23:11:50.444+0000] {logging_mixin.py:188} INFO - [2026-04-26T23:11:50.444+0000] {dag.py:3096} INFO - Sync 1 DAGs
[2026-04-26T23:11:50.457+0000] {logging_mixin.py:188} INFO - [2026-04-26T23:11:50.456+0000] {dag.py:3954} INFO - Setting next_dagrun for example_task_group_decorator to 2026-04-25 00:00:00+00:00, run_after=2026-04-26 00:00:00+00:00
[2026-04-26T23:11:50.467+0000] {processor.py:183} INFO - Processing /home/airflow/.local/lib/python3.12/site-packages/airflow/example_dags/example_task_group_decorator.py took 0.053 seconds
[2026-04-26T23:12:21.228+0000] {processor.py:161} INFO - Started process (PID=546) to work on /home/airflow/.local/lib/python3.12/site-packages/airflow/example_dags/example_task_group_decorator.py
[2026-04-26T23:12:21.229+0000] {processor.py:830} INFO - Processing file /home/airflow/.local/lib/python3.12/site-packages/airflow/example_dags/example_task_group_decorator.py for tasks to queue
[2026-04-26T23:12:21.230+0000] {logging_mixin.py:188} INFO - [2026-04-26T23:12:21.230+0000] {dagbag.py:545} INFO - Filling up the DagBag from /home/airflow/.local/lib/python3.12/site-packages/airflow/example_dags/example_task_group_decorator.py
[2026-04-26T23:12:21.241+0000] {processor.py:840} INFO - DAG(s) 'example_task_group_decorator' retrieved from /home/airflow/.local/lib/python3.12/site-packages/airflow/example_dags/example_task_group_decorator.py
[2026-04-26T23:12:21.257+0000] {logging_mixin.py:188} INFO - [2026-04-26T23:12:21.257+0000] {dag.py:3096} INFO - Sync 1 DAGs
[2026-04-26T23:12:21.272+0000] {logging_mixin.py:188} INFO - [2026-04-26T23:12:21.272+0000] {dag.py:3954} INFO - Setting next_dagrun for example_task_group_decorator to 2026-04-25 00:00:00+00:00, run_after=2026-04-26 00:00:00+00:00
[2026-04-26T23:12:21.282+0000] {processor.py:183} INFO - Processing /home/airflow/.local/lib/python3.12/site-packages/airflow/example_dags/example_task_group_decorator.py took 0.058 seconds
[2026-04-26T23:12:52.095+0000] {processor.py:161} INFO - Started process (PID=604) to work on /home/airflow/.local/lib/python3.12/site-packages/airflow/example_dags/example_task_group_decorator.py
[2026-04-26T23:12:52.096+0000] {processor.py:830} INFO - Processing file /home/airflow/.local/lib/python3.12/site-packages/airflow/example_dags/example_task_group_decorator.py for tasks to queue
[2026-04-26T23:12:52.097+0000] {logging_mixin.py:188} INFO - [2026-04-26T23:12:52.097+0000] {dagbag.py:545} INFO - Filling up the DagBag from /home/airflow/.local/lib/python3.12/site-packages/airflow/example_dags/example_task_group_decorator.py
[2026-04-26T23:12:52.104+0000] {processor.py:840} INFO - DAG(s) 'example_task_group_decorator' retrieved from /home/airflow/.local/lib/python3.12/site-packages/airflow/example_dags/example_task_group_decorator.py
[2026-04-26T23:12:52.118+0000] {logging_mixin.py:188} INFO - [2026-04-26T23:12:52.118+0000] {dag.py:3096} INFO - Sync 1 DAGs
[2026-04-26T23:12:52.129+0000] {logging_mixin.py:188} INFO - [2026-04-26T23:12:52.129+0000] {dag.py:3954} INFO - Setting next_dagrun for example_task_group_decorator to 2026-04-25 00:00:00+00:00, run_after=2026-04-26 00:00:00+00:00
[2026-04-26T23:12:52.138+0000] {processor.py:183} INFO - Processing /home/airflow/.local/lib/python3.12/site-packages/airflow/example_dags/example_task_group_decorator.py took 0.046 seconds
[2026-04-26T23:13:22.220+0000] {processor.py:161} INFO - Started process (PID=662) to work on /home/airflow/.local/lib/python3.12/site-packages/airflow/example_dags/example_task_group_decorator.py
[2026-04-26T23:13:22.221+0000] {processor.py:830} INFO - Processing file /home/airflow/.local/lib/python3.12/site-packages/airflow/example_dags/example_task_group_decorator.py for tasks to queue
[2026-04-26T23:13:22.222+0000] {logging_mixin.py:188} INFO - [2026-04-26T23:13:22.222+0000] {dagbag.py:545} INFO - Filling up the DagBag from /home/airflow/.local/lib/python3.12/site-packages/airflow/example_dags/example_task_group_decorator.py
[2026-04-26T23:13:22.230+0000] {processor.py:840} INFO - DAG(s) 'example_task_group_decorator' retrieved from /home/airflow/.local/lib/python3.12/site-packages/airflow/example_dags/example_task_group_decorator.py
[2026-04-26T23:13:22.245+0000] {logging_mixin.py:188} INFO - [2026-04-26T23:13:22.244+0000] {dag.py:3096} INFO - Sync 1 DAGs
[2026-04-26T23:13:22.257+0000] {logging_mixin.py:188} INFO - [2026-04-26T23:13:22.257+0000] {dag.py:3954} INFO - Setting next_dagrun for example_task_group_decorator to 2026-04-25 00:00:00+00:00, run_after=2026-04-26 00:00:00+00:00
[2026-04-26T23:13:22.266+0000] {processor.py:183} INFO - Processing /home/airflow/.local/lib/python3.12/site-packages/airflow/example_dags/example_task_group_decorator.py took 0.050 seconds
[2026-04-26T23:13:52.414+0000] {processor.py:161} INFO - Started process (PID=720) to work on /home/airflow/.local/lib/python3.12/site-packages/airflow/example_dags/example_task_group_decorator.py
[2026-04-26T23:13:52.415+0000] {processor.py:830} INFO - Processing file /home/airflow/.local/lib/python3.12/site-packages/airflow/example_dags/example_task_group_decorator.py for tasks to queue
[2026-04-26T23:13:52.416+0000] {logging_mixin.py:188} INFO - [2026-04-26T23:13:52.415+0000] {dagbag.py:545} INFO - Filling up the DagBag from /home/airflow/.local/lib/python3.12/site-packages/airflow/example_dags/example_task_group_decorator.py
[2026-04-26T23:13:52.424+0000] {processor.py:840} INFO - DAG(s) 'example_task_group_decorator' retrieved from /home/airflow/.local/lib/python3.12/site-packages/airflow/example_dags/example_task_group_decorator.py
[2026-04-26T23:13:52.438+0000] {logging_mixin.py:188} INFO - [2026-04-26T23:13:52.438+0000] {dag.py:3096} INFO - Sync 1 DAGs
[2026-04-26T23:13:52.450+0000] {logging_mixin.py:188} INFO - [2026-04-26T23:13:52.450+0000] {dag.py:3954} INFO - Setting next_dagrun for example_task_group_decorator to 2026-04-25 00:00:00+00:00, run_after=2026-04-26 00:00:00+00:00
[2026-04-26T23:13:52.461+0000] {processor.py:183} INFO - Processing /home/airflow/.local/lib/python3.12/site-packages/airflow/example_dags/example_task_group_decorator.py took 0.050 seconds
[2026-04-26T23:14:23.057+0000] {processor.py:161} INFO - Started process (PID=778) to work on /home/airflow/.local/lib/python3.12/site-packages/airflow/example_dags/example_task_group_decorator.py
[2026-04-26T23:14:23.058+0000] {processor.py:830} INFO - Processing file /home/airflow/.local/lib/python3.12/site-packages/airflow/example_dags/example_task_group_decorator.py for tasks to queue
[2026-04-26T23:14:23.059+0000] {logging_mixin.py:188} INFO - [2026-04-26T23:14:23.058+0000] {dagbag.py:545} INFO - Filling up the DagBag from /home/airflow/.local/lib/python3.12/site-packages/airflow/example_dags/example_task_group_decorator.py
[2026-04-26T23:14:23.066+0000] {processor.py:840} INFO - DAG(s) 'example_task_group_decorator' retrieved from /home/airflow/.local/lib/python3.12/site-packages/airflow/example_dags/example_task_group_decorator.py
[2026-04-26T23:14:23.078+0000] {logging_mixin.py:188} INFO - [2026-04-26T23:14:23.078+0000] {dag.py:3096} INFO - Sync 1 DAGs
[2026-04-26T23:14:23.090+0000] {logging_mixin.py:188} INFO - [2026-04-26T23:14:23.090+0000] {dag.py:3954} INFO - Setting next_dagrun for example_task_group_decorator to 2026-04-25 00:00:00+00:00, run_after=2026-04-26 00:00:00+00:00
[2026-04-26T23:14:23.098+0000] {processor.py:183} INFO - Processing /home/airflow/.local/lib/python3.12/site-packages/airflow/example_dags/example_task_group_decorator.py took 0.044 seconds
[2026-04-26T23:14:53.872+0000] {processor.py:161} INFO - Started process (PID=836) to work on /home/airflow/.local/lib/python3.12/site-packages/airflow/example_dags/example_task_group_decorator.py
[2026-04-26T23:14:53.872+0000] {processor.py:830} INFO - Processing file /home/airflow/.local/lib/python3.12/site-packages/airflow/example_dags/example_task_group_decorator.py for tasks to queue
[2026-04-26T23:14:53.873+0000] {logging_mixin.py:188} INFO - [2026-04-26T23:14:53.873+0000] {dagbag.py:545} INFO - Filling up the DagBag from /home/airflow/.local/lib/python3.12/site-packages/airflow/example_dags/example_task_group_decorator.py
[2026-04-26T23:14:53.880+0000] {processor.py:840} INFO - DAG(s) 'example_task_group_decorator' retrieved from /home/airflow/.local/lib/python3.12/site-packages/airflow/example_dags/example_task_group_decorator.py
[2026-04-26T23:14:53.894+0000] {logging_mixin.py:188} INFO - [2026-04-26T23:14:53.894+0000] {dag.py:3096} INFO - Sync 1 DAGs
[2026-04-26T23:14:53.905+0000] {logging_mixin.py:188} INFO - [2026-04-26T23:14:53.905+0000] {dag.py:3954} INFO - Setting next_dagrun for example_task_group_decorator to 2026-04-25 00:00:00+00:00, run_after=2026-04-26 00:00:00+00:00
[2026-04-26T23:14:53.914+0000] {processor.py:183} INFO - Processing /home/airflow/.local/lib/python3.12/site-packages/airflow/example_dags/example_task_group_decorator.py took 0.046 seconds
[2026-04-26T23:15:24.092+0000] {processor.py:161} INFO - Started process (PID=894) to work on /home/airflow/.local/lib/python3.12/site-packages/airflow/example_dags/example_task_group_decorator.py
[2026-04-26T23:15:24.093+0000] {processor.py:830} INFO - Processing file /home/airflow/.local/lib/python3.12/site-packages/airflow/example_dags/example_task_group_decorator.py for tasks to queue
[2026-04-26T23:15:24.094+0000] {logging_mixin.py:188} INFO - [2026-04-26T23:15:24.094+0000] {dagbag.py:545} INFO - Filling up the DagBag from /home/airflow/.local/lib/python3.12/site-packages/airflow/example_dags/example_task_group_decorator.py
[2026-04-26T23:15:24.101+0000] {processor.py:840} INFO - DAG(s) 'example_task_group_decorator' retrieved from /home/airflow/.local/lib/python3.12/site-packages/airflow/example_dags/example_task_group_decorator.py
[2026-04-26T23:15:24.117+0000] {logging_mixin.py:188} INFO - [2026-04-26T23:15:24.117+0000] {dag.py:3096} INFO - Sync 1 DAGs
[2026-04-26T23:15:24.129+0000] {logging_mixin.py:188} INFO - [2026-04-26T23:15:24.129+0000] {dag.py:3954} INFO - Setting next_dagrun for example_task_group_decorator to 2026-04-25 00:00:00+00:00, run_after=2026-04-26 00:00:00+00:00
[2026-04-26T23:15:24.138+0000] {processor.py:183} INFO - Processing /home/airflow/.local/lib/python3.12/site-packages/airflow/example_dags/example_task_group_decorator.py took 0.050 seconds
[2026-04-26T23:15:55.040+0000] {processor.py:161} INFO - Started process (PID=952) to work on /home/airflow/.local/lib/python3.12/site-packages/airflow/example_dags/example_task_group_decorator.py
[2026-04-26T23:15:55.041+0000] {processor.py:830} INFO - Processing file /home/airflow/.local/lib/python3.12/site-packages/airflow/example_dags/example_task_group_decorator.py for tasks to queue
[2026-04-26T23:15:55.042+0000] {logging_mixin.py:188} INFO - [2026-04-26T23:15:55.042+0000] {dagbag.py:545} INFO - Filling up the DagBag from /home/airflow/.local/lib/python3.12/site-packages/airflow/example_dags/example_task_group_decorator.py
[2026-04-26T23:15:55.051+0000] {processor.py:840} INFO - DAG(s) 'example_task_group_decorator' retrieved from /home/airflow/.local/lib/python3.12/site-packages/airflow/example_dags/example_task_group_decorator.py
[2026-04-26T23:15:55.067+0000] {logging_mixin.py:188} INFO - [2026-04-26T23:15:55.067+0000] {dag.py:3096} INFO - Sync 1 DAGs
[2026-04-26T23:15:55.080+0000] {logging_mixin.py:188} INFO - [2026-04-26T23:15:55.080+0000] {dag.py:3954} INFO - Setting next_dagrun for example_task_group_decorator to 2026-04-25 00:00:00+00:00, run_after=2026-04-26 00:00:00+00:00
[2026-04-26T23:15:55.094+0000] {processor.py:183} INFO - Processing /home/airflow/.local/lib/python3.12/site-packages/airflow/example_dags/example_task_group_decorator.py took 0.057 seconds
[2026-04-26T23:16:25.268+0000] {processor.py:161} INFO - Started process (PID=1009) to work on /home/airflow/.local/lib/python3.12/site-packages/airflow/example_dags/example_task_group_decorator.py
[2026-04-26T23:16:25.282+0000] {processor.py:830} INFO - Processing file /home/airflow/.local/lib/python3.12/site-packages/airflow/example_dags/example_task_group_decorator.py for tasks to queue
[2026-04-26T23:16:25.283+0000] {logging_mixin.py:188} INFO - [2026-04-26T23:16:25.283+0000] {dagbag.py:545} INFO - Filling up the DagBag from /home/airflow/.local/lib/python3.12/site-packages/airflow/example_dags/example_task_group_decorator.py
[2026-04-26T23:16:25.294+0000] {processor.py:840} INFO - DAG(s) 'example_task_group_decorator' retrieved from /home/airflow/.local/lib/python3.12/site-packages/airflow/example_dags/example_task_group_decorator.py
[2026-04-26T23:16:25.311+0000] {logging_mixin.py:188} INFO - [2026-04-26T23:16:25.311+0000] {dag.py:3096} INFO - Sync 1 DAGs
[2026-04-26T23:16:25.327+0000] {logging_mixin.py:188} INFO - [2026-04-26T23:16:25.327+0000] {dag.py:3954} INFO - Setting next_dagrun for example_task_group_decorator to 2026-04-25 00:00:00+00:00, run_after=2026-04-26 00:00:00+00:00
[2026-04-26T23:16:25.339+0000] {processor.py:183} INFO - Processing /home/airflow/.local/lib/python3.12/site-packages/airflow/example_dags/example_task_group_decorator.py took 0.075 seconds
[2026-04-26T23:16:55.460+0000] {processor.py:161} INFO - Started process (PID=1067) to work on /home/airflow/.local/lib/python3.12/site-packages/airflow/example_dags/example_task_group_decorator.py
[2026-04-26T23:16:55.461+0000] {processor.py:830} INFO - Processing file /home/airflow/.local/lib/python3.12/site-packages/airflow/example_dags/example_task_group_decorator.py for tasks to queue
[2026-04-26T23:16:55.462+0000] {logging_mixin.py:188} INFO - [2026-04-26T23:16:55.462+0000] {dagbag.py:545} INFO - Filling up the DagBag from /home/airflow/.local/lib/python3.12/site-packages/airflow/example_dags/example_task_group_decorator.py
[2026-04-26T23:16:55.472+0000] {processor.py:840} INFO - DAG(s) 'example_task_group_decorator' retrieved from /home/airflow/.local/lib/python3.12/site-packages/airflow/example_dags/example_task_group_decorator.py
[2026-04-26T23:16:55.488+0000] {logging_mixin.py:188} INFO - [2026-04-26T23:16:55.488+0000] {dag.py:3096} INFO - Sync 1 DAGs
[2026-04-26T23:16:55.503+0000] {logging_mixin.py:188} INFO - [2026-04-26T23:16:55.503+0000] {dag.py:3954} INFO - Setting next_dagrun for example_task_group_decorator to 2026-04-25 00:00:00+00:00, run_after=2026-04-26 00:00:00+00:00
[2026-04-26T23:16:55.522+0000] {processor.py:183} INFO - Processing /home/airflow/.local/lib/python3.12/site-packages/airflow/example_dags/example_task_group_decorator.py took 0.065 seconds
[2026-04-26T23:17:25.853+0000] {processor.py:161} INFO - Started process (PID=1125) to work on /home/airflow/.local/lib/python3.12/site-packages/airflow/example_dags/example_task_group_decorator.py
[2026-04-26T23:17:25.870+0000] {processor.py:830} INFO - Processing file /home/airflow/.local/lib/python3.12/site-packages/airflow/example_dags/example_task_group_decorator.py for tasks to queue
[2026-04-26T23:17:25.871+0000] {logging_mixin.py:188} INFO - [2026-04-26T23:17:25.871+0000] {dagbag.py:545} INFO - Filling up the DagBag from /home/airflow/.local/lib/python3.12/site-packages/airflow/example_dags/example_task_group_decorator.py
[2026-04-26T23:17:25.882+0000] {processor.py:840} INFO - DAG(s) 'example_task_group_decorator' retrieved from /home/airflow/.local/lib/python3.12/site-packages/airflow/example_dags/example_task_group_decorator.py
[2026-04-26T23:17:25.900+0000] {logging_mixin.py:188} INFO - [2026-04-26T23:17:25.900+0000] {dag.py:3096} INFO - Sync 1 DAGs
[2026-04-26T23:17:25.916+0000] {logging_mixin.py:188} INFO - [2026-04-26T23:17:25.916+0000] {dag.py:3954} INFO - Setting next_dagrun for example_task_group_decorator to 2026-04-25 00:00:00+00:00, run_after=2026-04-26 00:00:00+00:00
[2026-04-26T23:17:25.929+0000] {processor.py:183} INFO - Processing /home/airflow/.local/lib/python3.12/site-packages/airflow/example_dags/example_task_group_decorator.py took 0.080 seconds
[2026-04-26T23:17:56.173+0000] {processor.py:161} INFO - Started process (PID=1183) to work on /home/airflow/.local/lib/python3.12/site-packages/airflow/example_dags/example_task_group_decorator.py
[2026-04-26T23:17:56.174+0000] {processor.py:830} INFO - Processing file /home/airflow/.local/lib/python3.12/site-packages/airflow/example_dags/example_task_group_decorator.py for tasks to queue
[2026-04-26T23:17:56.175+0000] {logging_mixin.py:188} INFO - [2026-04-26T23:17:56.175+0000] {dagbag.py:545} INFO - Filling up the DagBag from /home/airflow/.local/lib/python3.12/site-packages/airflow/example_dags/example_task_group_decorator.py
[2026-04-26T23:17:56.185+0000] {processor.py:840} INFO - DAG(s) 'example_task_group_decorator' retrieved from /home/airflow/.local/lib/python3.12/site-packages/airflow/example_dags/example_task_group_decorator.py
[2026-04-26T23:17:56.203+0000] {logging_mixin.py:188} INFO - [2026-04-26T23:17:56.203+0000] {dag.py:3096} INFO - Sync 1 DAGs
[2026-04-26T23:17:56.218+0000] {logging_mixin.py:188} INFO - [2026-04-26T23:17:56.217+0000] {dag.py:3954} INFO - Setting next_dagrun for example_task_group_decorator to 2026-04-25 00:00:00+00:00, run_after=2026-04-26 00:00:00+00:00
[2026-04-26T23:17:56.238+0000] {processor.py:183} INFO - Processing /home/airflow/.local/lib/python3.12/site-packages/airflow/example_dags/example_task_group_decorator.py took 0.069 seconds
[2026-04-26T23:18:26.309+0000] {processor.py:161} INFO - Started process (PID=1243) to work on /home/airflow/.local/lib/python3.12/site-packages/airflow/example_dags/example_task_group_decorator.py
[2026-04-26T23:18:26.310+0000] {processor.py:830} INFO - Processing file /home/airflow/.local/lib/python3.12/site-packages/airflow/example_dags/example_task_group_decorator.py for tasks to queue
[2026-04-26T23:18:26.311+0000] {logging_mixin.py:188} INFO - [2026-04-26T23:18:26.311+0000] {dagbag.py:545} INFO - Filling up the DagBag from /home/airflow/.local/lib/python3.12/site-packages/airflow/example_dags/example_task_group_decorator.py
[2026-04-26T23:18:26.319+0000] {processor.py:840} INFO - DAG(s) 'example_task_group_decorator' retrieved from /home/airflow/.local/lib/python3.12/site-packages/airflow/example_dags/example_task_group_decorator.py
[2026-04-26T23:18:26.333+0000] {logging_mixin.py:188} INFO - [2026-04-26T23:18:26.333+0000] {dag.py:3096} INFO - Sync 1 DAGs
[2026-04-26T23:18:26.345+0000] {logging_mixin.py:188} INFO - [2026-04-26T23:18:26.345+0000] {dag.py:3954} INFO - Setting next_dagrun for example_task_group_decorator to 2026-04-25 00:00:00+00:00, run_after=2026-04-26 00:00:00+00:00
[2026-04-26T23:18:26.354+0000] {processor.py:183} INFO - Processing /home/airflow/.local/lib/python3.12/site-packages/airflow/example_dags/example_task_group_decorator.py took 0.049 seconds
[2026-04-26T23:18:56.660+0000] {processor.py:161} INFO - Started process (PID=1301) to work on /home/airflow/.local/lib/python3.12/site-packages/airflow/example_dags/example_task_group_decorator.py
[2026-04-26T23:18:56.660+0000] {processor.py:830} INFO - Processing file /home/airflow/.local/lib/python3.12/site-packages/airflow/example_dags/example_task_group_decorator.py for tasks to queue
[2026-04-26T23:18:56.661+0000] {logging_mixin.py:188} INFO - [2026-04-26T23:18:56.661+0000] {dagbag.py:545} INFO - Filling up the DagBag from /home/airflow/.local/lib/python3.12/site-packages/airflow/example_dags/example_task_group_decorator.py
[2026-04-26T23:18:56.668+0000] {processor.py:840} INFO - DAG(s) 'example_task_group_decorator' retrieved from /home/airflow/.local/lib/python3.12/site-packages/airflow/example_dags/example_task_group_decorator.py
[2026-04-26T23:18:56.682+0000] {logging_mixin.py:188} INFO - [2026-04-26T23:18:56.681+0000] {dag.py:3096} INFO - Sync 1 DAGs
[2026-04-26T23:18:56.693+0000] {logging_mixin.py:188} INFO - [2026-04-26T23:18:56.693+0000] {dag.py:3954} INFO - Setting next_dagrun for example_task_group_decorator to 2026-04-25 00:00:00+00:00, run_after=2026-04-26 00:00:00+00:00
[2026-04-26T23:18:56.702+0000] {processor.py:183} INFO - Processing /home/airflow/.local/lib/python3.12/site-packages/airflow/example_dags/example_task_group_decorator.py took 0.045 seconds
[2026-04-26T23:19:26.915+0000] {processor.py:161} INFO - Started process (PID=1360) to work on /home/airflow/.local/lib/python3.12/site-packages/airflow/example_dags/example_task_group_decorator.py
[2026-04-26T23:19:26.915+0000] {processor.py:830} INFO - Processing file /home/airflow/.local/lib/python3.12/site-packages/airflow/example_dags/example_task_group_decorator.py for tasks to queue
[2026-04-26T23:19:26.916+0000] {logging_mixin.py:188} INFO - [2026-04-26T23:19:26.916+0000] {dagbag.py:545} INFO - Filling up the DagBag from /home/airflow/.local/lib/python3.12/site-packages/airflow/example_dags/example_task_group_decorator.py
[2026-04-26T23:19:26.923+0000] {processor.py:840} INFO - DAG(s) 'example_task_group_decorator' retrieved from /home/airflow/.local/lib/python3.12/site-packages/airflow/example_dags/example_task_group_decorator.py
[2026-04-26T23:19:26.936+0000] {logging_mixin.py:188} INFO - [2026-04-26T23:19:26.936+0000] {dag.py:3096} INFO - Sync 1 DAGs
[2026-04-26T23:19:26.946+0000] {logging_mixin.py:188} INFO - [2026-04-26T23:19:26.946+0000] {dag.py:3954} INFO - Setting next_dagrun for example_task_group_decorator to 2026-04-25 00:00:00+00:00, run_after=2026-04-26 00:00:00+00:00
[2026-04-26T23:19:26.954+0000] {processor.py:183} INFO - Processing /home/airflow/.local/lib/python3.12/site-packages/airflow/example_dags/example_task_group_decorator.py took 0.043 seconds
[2026-04-26T23:19:57.227+0000] {processor.py:161} INFO - Started process (PID=1419) to work on /home/airflow/.local/lib/python3.12/site-packages/airflow/example_dags/example_task_group_decorator.py
[2026-04-26T23:19:57.228+0000] {processor.py:830} INFO - Processing file /home/airflow/.local/lib/python3.12/site-packages/airflow/example_dags/example_task_group_decorator.py for tasks to queue
[2026-04-26T23:19:57.229+0000] {logging_mixin.py:188} INFO - [2026-04-26T23:19:57.229+0000] {dagbag.py:545} INFO - Filling up the DagBag from /home/airflow/.local/lib/python3.12/site-packages/airflow/example_dags/example_task_group_decorator.py
[2026-04-26T23:19:57.236+0000] {processor.py:840} INFO - DAG(s) 'example_task_group_decorator' retrieved from /home/airflow/.local/lib/python3.12/site-packages/airflow/example_dags/example_task_group_decorator.py
[2026-04-26T23:19:57.250+0000] {logging_mixin.py:188} INFO - [2026-04-26T23:19:57.250+0000] {dag.py:3096} INFO - Sync 1 DAGs
[2026-04-26T23:19:57.262+0000] {logging_mixin.py:188} INFO - [2026-04-26T23:19:57.262+0000] {dag.py:3954} INFO - Setting next_dagrun for example_task_group_decorator to 2026-04-25 00:00:00+00:00, run_after=2026-04-26 00:00:00+00:00
[2026-04-26T23:19:57.272+0000] {processor.py:183} INFO - Processing /home/airflow/.local/lib/python3.12/site-packages/airflow/example_dags/example_task_group_decorator.py took 0.048 seconds
[2026-04-26T23:20:27.466+0000] {processor.py:161} INFO - Started process (PID=1478) to work on /home/airflow/.local/lib/python3.12/site-packages/airflow/example_dags/example_task_group_decorator.py
[2026-04-26T23:20:27.466+0000] {processor.py:830} INFO - Processing file /home/airflow/.local/lib/python3.12/site-packages/airflow/example_dags/example_task_group_decorator.py for tasks to queue
[2026-04-26T23:20:27.467+0000] {logging_mixin.py:188} INFO - [2026-04-26T23:20:27.467+0000] {dagbag.py:545} INFO - Filling up the DagBag from /home/airflow/.local/lib/python3.12/site-packages/airflow/example_dags/example_task_group_decorator.py
[2026-04-26T23:20:27.475+0000] {processor.py:840} INFO - DAG(s) 'example_task_group_decorator' retrieved from /home/airflow/.local/lib/python3.12/site-packages/airflow/example_dags/example_task_group_decorator.py
[2026-04-26T23:20:27.489+0000] {logging_mixin.py:188} INFO - [2026-04-26T23:20:27.489+0000] {dag.py:3096} INFO - Sync 1 DAGs
[2026-04-26T23:20:27.500+0000] {logging_mixin.py:188} INFO - [2026-04-26T23:20:27.500+0000] {dag.py:3954} INFO - Setting next_dagrun for example_task_group_decorator to 2026-04-25 00:00:00+00:00, run_after=2026-04-26 00:00:00+00:00
[2026-04-26T23:20:27.508+0000] {processor.py:183} INFO - Processing /home/airflow/.local/lib/python3.12/site-packages/airflow/example_dags/example_task_group_decorator.py took 0.046 seconds
[2026-04-26T23:20:57.751+0000] {processor.py:161} INFO - Started process (PID=1537) to work on /home/airflow/.local/lib/python3.12/site-packages/airflow/example_dags/example_task_group_decorator.py
[2026-04-26T23:20:57.751+0000] {processor.py:830} INFO - Processing file /home/airflow/.local/lib/python3.12/site-packages/airflow/example_dags/example_task_group_decorator.py for tasks to queue
[2026-04-26T23:20:57.753+0000] {logging_mixin.py:188} INFO - [2026-04-26T23:20:57.752+0000] {dagbag.py:545} INFO - Filling up the DagBag from /home/airflow/.local/lib/python3.12/site-packages/airflow/example_dags/example_task_group_decorator.py
[2026-04-26T23:20:57.763+0000] {processor.py:840} INFO - DAG(s) 'example_task_group_decorator' retrieved from /home/airflow/.local/lib/python3.12/site-packages/airflow/example_dags/example_task_group_decorator.py
[2026-04-26T23:20:57.782+0000] {logging_mixin.py:188} INFO - [2026-04-26T23:20:57.782+0000] {dag.py:3096} INFO - Sync 1 DAGs
[2026-04-26T23:20:57.799+0000] {logging_mixin.py:188} INFO - [2026-04-26T23:20:57.799+0000] {dag.py:3954} INFO - Setting next_dagrun for example_task_group_decorator to 2026-04-25 00:00:00+00:00, run_after=2026-04-26 00:00:00+00:00
[2026-04-26T23:20:57.813+0000] {processor.py:183} INFO - Processing /home/airflow/.local/lib/python3.12/site-packages/airflow/example_dags/example_task_group_decorator.py took 0.067 seconds
[2026-04-26T23:21:27.952+0000] {processor.py:161} INFO - Started process (PID=1596) to work on /home/airflow/.local/lib/python3.12/site-packages/airflow/example_dags/example_task_group_decorator.py
[2026-04-26T23:21:27.953+0000] {processor.py:830} INFO - Processing file /home/airflow/.local/lib/python3.12/site-packages/airflow/example_dags/example_task_group_decorator.py for tasks to queue
[2026-04-26T23:21:27.954+0000] {logging_mixin.py:188} INFO - [2026-04-26T23:21:27.954+0000] {dagbag.py:545} INFO - Filling up the DagBag from /home/airflow/.local/lib/python3.12/site-packages/airflow/example_dags/example_task_group_decorator.py
[2026-04-26T23:21:27.962+0000] {processor.py:840} INFO - DAG(s) 'example_task_group_decorator' retrieved from /home/airflow/.local/lib/python3.12/site-packages/airflow/example_dags/example_task_group_decorator.py
[2026-04-26T23:21:27.976+0000] {logging_mixin.py:188} INFO - [2026-04-26T23:21:27.976+0000] {dag.py:3096} INFO - Sync 1 DAGs
[2026-04-26T23:21:27.988+0000] {logging_mixin.py:188} INFO - [2026-04-26T23:21:27.988+0000] {dag.py:3954} INFO - Setting next_dagrun for example_task_group_decorator to 2026-04-25 00:00:00+00:00, run_after=2026-04-26 00:00:00+00:00
[2026-04-26T23:21:27.997+0000] {processor.py:183} INFO - Processing /home/airflow/.local/lib/python3.12/site-packages/airflow/example_dags/example_task_group_decorator.py took 0.049 seconds
[2026-04-26T23:21:59.080+0000] {processor.py:161} INFO - Started process (PID=1656) to work on /home/airflow/.local/lib/python3.12/site-packages/airflow/example_dags/example_task_group_decorator.py
[2026-04-26T23:21:59.081+0000] {processor.py:830} INFO - Processing file /home/airflow/.local/lib/python3.12/site-packages/airflow/example_dags/example_task_group_decorator.py for tasks to queue
[2026-04-26T23:21:59.082+0000] {logging_mixin.py:188} INFO - [2026-04-26T23:21:59.082+0000] {dagbag.py:545} INFO - Filling up the DagBag from /home/airflow/.local/lib/python3.12/site-packages/airflow/example_dags/example_task_group_decorator.py
[2026-04-26T23:21:59.090+0000] {processor.py:840} INFO - DAG(s) 'example_task_group_decorator' retrieved from /home/airflow/.local/lib/python3.12/site-packages/airflow/example_dags/example_task_group_decorator.py
[2026-04-26T23:21:59.104+0000] {logging_mixin.py:188} INFO - [2026-04-26T23:21:59.103+0000] {dag.py:3096} INFO - Sync 1 DAGs
[2026-04-26T23:21:59.115+0000] {logging_mixin.py:188} INFO - [2026-04-26T23:21:59.115+0000] {dag.py:3954} INFO - Setting next_dagrun for example_task_group_decorator to 2026-04-25 00:00:00+00:00, run_after=2026-04-26 00:00:00+00:00
[2026-04-26T23:21:59.124+0000] {processor.py:183} INFO - Processing /home/airflow/.local/lib/python3.12/site-packages/airflow/example_dags/example_task_group_decorator.py took 0.047 seconds
[2026-04-26T23:22:29.362+0000] {processor.py:161} INFO - Started process (PID=1715) to work on /home/airflow/.local/lib/python3.12/site-packages/airflow/example_dags/example_task_group_decorator.py
[2026-04-26T23:22:29.362+0000] {processor.py:830} INFO - Processing file /home/airflow/.local/lib/python3.12/site-packages/airflow/example_dags/example_task_group_decorator.py for tasks to queue
[2026-04-26T23:22:29.363+0000] {logging_mixin.py:188} INFO - [2026-04-26T23:22:29.363+0000] {dagbag.py:545} INFO - Filling up the DagBag from /home/airflow/.local/lib/python3.12/site-packages/airflow/example_dags/example_task_group_decorator.py
[2026-04-26T23:22:29.371+0000] {processor.py:840} INFO - DAG(s) 'example_task_group_decorator' retrieved from /home/airflow/.local/lib/python3.12/site-packages/airflow/example_dags/example_task_group_decorator.py
[2026-04-26T23:22:29.384+0000] {logging_mixin.py:188} INFO - [2026-04-26T23:22:29.384+0000] {dag.py:3096} INFO - Sync 1 DAGs
[2026-04-26T23:22:29.395+0000] {logging_mixin.py:188} INFO - [2026-04-26T23:22:29.395+0000] {dag.py:3954} INFO - Setting next_dagrun for example_task_group_decorator to 2026-04-25 00:00:00+00:00, run_after=2026-04-26 00:00:00+00:00
[2026-04-26T23:22:29.404+0000] {processor.py:183} INFO - Processing /home/airflow/.local/lib/python3.12/site-packages/airflow/example_dags/example_task_group_decorator.py took 0.046 seconds
[2026-04-26T23:22:59.632+0000] {processor.py:161} INFO - Started process (PID=1775) to work on /home/airflow/.local/lib/python3.12/site-packages/airflow/example_dags/example_task_group_decorator.py
[2026-04-26T23:22:59.633+0000] {processor.py:830} INFO - Processing file /home/airflow/.local/lib/python3.12/site-packages/airflow/example_dags/example_task_group_decorator.py for tasks to queue
[2026-04-26T23:22:59.634+0000] {logging_mixin.py:188} INFO - [2026-04-26T23:22:59.634+0000] {dagbag.py:545} INFO - Filling up the DagBag from /home/airflow/.local/lib/python3.12/site-packages/airflow/example_dags/example_task_group_decorator.py
[2026-04-26T23:22:59.642+0000] {processor.py:840} INFO - DAG(s) 'example_task_group_decorator' retrieved from /home/airflow/.local/lib/python3.12/site-packages/airflow/example_dags/example_task_group_decorator.py
[2026-04-26T23:22:59.658+0000] {logging_mixin.py:188} INFO - [2026-04-26T23:22:59.658+0000] {dag.py:3096} INFO - Sync 1 DAGs
[2026-04-26T23:22:59.670+0000] {logging_mixin.py:188} INFO - [2026-04-26T23:22:59.670+0000] {dag.py:3954} INFO - Setting next_dagrun for example_task_group_decorator to 2026-04-25 00:00:00+00:00, run_after=2026-04-26 00:00:00+00:00
[2026-04-26T23:22:59.680+0000] {processor.py:183} INFO - Processing /home/airflow/.local/lib/python3.12/site-packages/airflow/example_dags/example_task_group_decorator.py took 0.051 seconds
[2026-04-26T23:23:30.379+0000] {processor.py:161} INFO - Started process (PID=1834) to work on /home/airflow/.local/lib/python3.12/site-packages/airflow/example_dags/example_task_group_decorator.py
[2026-04-26T23:23:30.380+0000] {processor.py:830} INFO - Processing file /home/airflow/.local/lib/python3.12/site-packages/airflow/example_dags/example_task_group_decorator.py for tasks to queue
[2026-04-26T23:23:30.381+0000] {logging_mixin.py:188} INFO - [2026-04-26T23:23:30.381+0000] {dagbag.py:545} INFO - Filling up the DagBag from /home/airflow/.local/lib/python3.12/site-packages/airflow/example_dags/example_task_group_decorator.py
[2026-04-26T23:23:30.388+0000] {processor.py:840} INFO - DAG(s) 'example_task_group_decorator' retrieved from /home/airflow/.local/lib/python3.12/site-packages/airflow/example_dags/example_task_group_decorator.py
[2026-04-26T23:23:30.400+0000] {logging_mixin.py:188} INFO - [2026-04-26T23:23:30.400+0000] {dag.py:3096} INFO - Sync 1 DAGs
[2026-04-26T23:23:30.411+0000] {logging_mixin.py:188} INFO - [2026-04-26T23:23:30.411+0000] {dag.py:3954} INFO - Setting next_dagrun for example_task_group_decorator to 2026-04-25 00:00:00+00:00, run_after=2026-04-26 00:00:00+00:00
[2026-04-26T23:23:30.419+0000] {processor.py:183} INFO - Processing /home/airflow/.local/lib/python3.12/site-packages/airflow/example_dags/example_task_group_decorator.py took 0.042 seconds
[2026-04-26T23:24:01.877+0000] {processor.py:161} INFO - Started process (PID=1893) to work on /home/airflow/.local/lib/python3.12/site-packages/airflow/example_dags/example_task_group_decorator.py
[2026-04-26T23:24:01.878+0000] {processor.py:830} INFO - Processing file /home/airflow/.local/lib/python3.12/site-packages/airflow/example_dags/example_task_group_decorator.py for tasks to queue
[2026-04-26T23:24:01.879+0000] {logging_mixin.py:188} INFO - [2026-04-26T23:24:01.878+0000] {dagbag.py:545} INFO - Filling up the DagBag from /home/airflow/.local/lib/python3.12/site-packages/airflow/example_dags/example_task_group_decorator.py
[2026-04-26T23:24:01.885+0000] {processor.py:840} INFO - DAG(s) 'example_task_group_decorator' retrieved from /home/airflow/.local/lib/python3.12/site-packages/airflow/example_dags/example_task_group_decorator.py
[2026-04-26T23:24:01.898+0000] {logging_mixin.py:188} INFO - [2026-04-26T23:24:01.898+0000] {dag.py:3096} INFO - Sync 1 DAGs
[2026-04-26T23:24:01.909+0000] {logging_mixin.py:188} INFO - [2026-04-26T23:24:01.909+0000] {dag.py:3954} INFO - Setting next_dagrun for example_task_group_decorator to 2026-04-25 00:00:00+00:00, run_after=2026-04-26 00:00:00+00:00
[2026-04-26T23:24:01.918+0000] {processor.py:183} INFO - Processing /home/airflow/.local/lib/python3.12/site-packages/airflow/example_dags/example_task_group_decorator.py took 0.044 seconds
[2026-04-26T23:24:33.306+0000] {processor.py:161} INFO - Started process (PID=1953) to work on /home/airflow/.local/lib/python3.12/site-packages/airflow/example_dags/example_task_group_decorator.py
[2026-04-26T23:24:33.306+0000] {processor.py:830} INFO - Processing file /home/airflow/.local/lib/python3.12/site-packages/airflow/example_dags/example_task_group_decorator.py for tasks to queue
[2026-04-26T23:24:33.307+0000] {logging_mixin.py:188} INFO - [2026-04-26T23:24:33.307+0000] {dagbag.py:545} INFO - Filling up the DagBag from /home/airflow/.local/lib/python3.12/site-packages/airflow/example_dags/example_task_group_decorator.py
[2026-04-26T23:24:33.314+0000] {processor.py:840} INFO - DAG(s) 'example_task_group_decorator' retrieved from /home/airflow/.local/lib/python3.12/site-packages/airflow/example_dags/example_task_group_decorator.py
[2026-04-26T23:24:33.430+0000] {logging_mixin.py:188} INFO - [2026-04-26T23:24:33.429+0000] {dag.py:3096} INFO - Sync 1 DAGs
[2026-04-26T23:24:33.439+0000] {logging_mixin.py:188} INFO - [2026-04-26T23:24:33.439+0000] {dag.py:3954} INFO - Setting next_dagrun for example_task_group_decorator to 2026-04-25 00:00:00+00:00, run_after=2026-04-26 00:00:00+00:00
[2026-04-26T23:24:33.448+0000] {processor.py:183} INFO - Processing /home/airflow/.local/lib/python3.12/site-packages/airflow/example_dags/example_task_group_decorator.py took 0.145 seconds
[2026-04-26T23:25:04.126+0000] {processor.py:161} INFO - Started process (PID=2013) to work on /home/airflow/.local/lib/python3.12/site-packages/airflow/example_dags/example_task_group_decorator.py
[2026-04-26T23:25:04.126+0000] {processor.py:830} INFO - Processing file /home/airflow/.local/lib/python3.12/site-packages/airflow/example_dags/example_task_group_decorator.py for tasks to queue
[2026-04-26T23:25:04.127+0000] {logging_mixin.py:188} INFO - [2026-04-26T23:25:04.127+0000] {dagbag.py:545} INFO - Filling up the DagBag from /home/airflow/.local/lib/python3.12/site-packages/airflow/example_dags/example_task_group_decorator.py
[2026-04-26T23:25:04.135+0000] {processor.py:840} INFO - DAG(s) 'example_task_group_decorator' retrieved from /home/airflow/.local/lib/python3.12/site-packages/airflow/example_dags/example_task_group_decorator.py
[2026-04-26T23:25:04.150+0000] {logging_mixin.py:188} INFO - [2026-04-26T23:25:04.150+0000] {dag.py:3096} INFO - Sync 1 DAGs
[2026-04-26T23:25:04.163+0000] {logging_mixin.py:188} INFO - [2026-04-26T23:25:04.163+0000] {dag.py:3954} INFO - Setting next_dagrun for example_task_group_decorator to 2026-04-25 00:00:00+00:00, run_after=2026-04-26 00:00:00+00:00
[2026-04-26T23:25:04.174+0000] {processor.py:183} INFO - Processing /home/airflow/.local/lib/python3.12/site-packages/airflow/example_dags/example_task_group_decorator.py took 0.052 seconds
[2026-04-26T23:25:34.888+0000] {processor.py:161} INFO - Started process (PID=2072) to work on /home/airflow/.local/lib/python3.12/site-packages/airflow/example_dags/example_task_group_decorator.py
[2026-04-26T23:25:34.889+0000] {processor.py:830} INFO - Processing file /home/airflow/.local/lib/python3.12/site-packages/airflow/example_dags/example_task_group_decorator.py for tasks to queue
[2026-04-26T23:25:34.890+0000] {logging_mixin.py:188} INFO - [2026-04-26T23:25:34.890+0000] {dagbag.py:545} INFO - Filling up the DagBag from /home/airflow/.local/lib/python3.12/site-packages/airflow/example_dags/example_task_group_decorator.py
[2026-04-26T23:25:34.898+0000] {processor.py:840} INFO - DAG(s) 'example_task_group_decorator' retrieved from /home/airflow/.local/lib/python3.12/site-packages/airflow/example_dags/example_task_group_decorator.py
[2026-04-26T23:25:34.912+0000] {logging_mixin.py:188} INFO - [2026-04-26T23:25:34.912+0000] {dag.py:3096} INFO - Sync 1 DAGs
[2026-04-26T23:25:34.925+0000] {logging_mixin.py:188} INFO - [2026-04-26T23:25:34.924+0000] {dag.py:3954} INFO - Setting next_dagrun for example_task_group_decorator to 2026-04-25 00:00:00+00:00, run_after=2026-04-26 00:00:00+00:00
[2026-04-26T23:25:34.933+0000] {processor.py:183} INFO - Processing /home/airflow/.local/lib/python3.12/site-packages/airflow/example_dags/example_task_group_decorator.py took 0.049 seconds
[2026-04-26T23:26:05.620+0000] {processor.py:161} INFO - Started process (PID=2131) to work on /home/airflow/.local/lib/python3.12/site-packages/airflow/example_dags/example_task_group_decorator.py
[2026-04-26T23:26:05.621+0000] {processor.py:830} INFO - Processing file /home/airflow/.local/lib/python3.12/site-packages/airflow/example_dags/example_task_group_decorator.py for tasks to queue
[2026-04-26T23:26:05.622+0000] {logging_mixin.py:188} INFO - [2026-04-26T23:26:05.622+0000] {dagbag.py:545} INFO - Filling up the DagBag from /home/airflow/.local/lib/python3.12/site-packages/airflow/example_dags/example_task_group_decorator.py
[2026-04-26T23:26:05.630+0000] {processor.py:840} INFO - DAG(s) 'example_task_group_decorator' retrieved from /home/airflow/.local/lib/python3.12/site-packages/airflow/example_dags/example_task_group_decorator.py
[2026-04-26T23:26:05.644+0000] {logging_mixin.py:188} INFO - [2026-04-26T23:26:05.644+0000] {dag.py:3096} INFO - Sync 1 DAGs
[2026-04-26T23:26:05.655+0000] {logging_mixin.py:188} INFO - [2026-04-26T23:26:05.655+0000] {dag.py:3954} INFO - Setting next_dagrun for example_task_group_decorator to 2026-04-25 00:00:00+00:00, run_after=2026-04-26 00:00:00+00:00
[2026-04-26T23:26:05.664+0000] {processor.py:183} INFO - Processing /home/airflow/.local/lib/python3.12/site-packages/airflow/example_dags/example_task_group_decorator.py took 0.047 seconds
[2026-04-26T23:26:36.376+0000] {processor.py:161} INFO - Started process (PID=2190) to work on /home/airflow/.local/lib/python3.12/site-packages/airflow/example_dags/example_task_group_decorator.py
[2026-04-26T23:26:36.377+0000] {processor.py:830} INFO - Processing file /home/airflow/.local/lib/python3.12/site-packages/airflow/example_dags/example_task_group_decorator.py for tasks to queue
[2026-04-26T23:26:36.378+0000] {logging_mixin.py:188} INFO - [2026-04-26T23:26:36.378+0000] {dagbag.py:545} INFO - Filling up the DagBag from /home/airflow/.local/lib/python3.12/site-packages/airflow/example_dags/example_task_group_decorator.py
[2026-04-26T23:26:36.385+0000] {processor.py:840} INFO - DAG(s) 'example_task_group_decorator' retrieved from /home/airflow/.local/lib/python3.12/site-packages/airflow/example_dags/example_task_group_decorator.py
[2026-04-26T23:26:36.399+0000] {logging_mixin.py:188} INFO - [2026-04-26T23:26:36.399+0000] {dag.py:3096} INFO - Sync 1 DAGs
[2026-04-26T23:26:36.411+0000] {logging_mixin.py:188} INFO - [2026-04-26T23:26:36.411+0000] {dag.py:3954} INFO - Setting next_dagrun for example_task_group_decorator to 2026-04-25 00:00:00+00:00, run_after=2026-04-26 00:00:00+00:00
[2026-04-26T23:26:36.421+0000] {processor.py:183} INFO - Processing /home/airflow/.local/lib/python3.12/site-packages/airflow/example_dags/example_task_group_decorator.py took 0.048 seconds
[2026-04-26T23:27:07.184+0000] {processor.py:161} INFO - Started process (PID=2249) to work on /home/airflow/.local/lib/python3.12/site-packages/airflow/example_dags/example_task_group_decorator.py
[2026-04-26T23:27:07.185+0000] {processor.py:830} INFO - Processing file /home/airflow/.local/lib/python3.12/site-packages/airflow/example_dags/example_task_group_decorator.py for tasks to queue
[2026-04-26T23:27:07.186+0000] {logging_mixin.py:188} INFO - [2026-04-26T23:27:07.186+0000] {dagbag.py:545} INFO - Filling up the DagBag from /home/airflow/.local/lib/python3.12/site-packages/airflow/example_dags/example_task_group_decorator.py
[2026-04-26T23:27:07.194+0000] {processor.py:840} INFO - DAG(s) 'example_task_group_decorator' retrieved from /home/airflow/.local/lib/python3.12/site-packages/airflow/example_dags/example_task_group_decorator.py
[2026-04-26T23:27:07.208+0000] {logging_mixin.py:188} INFO - [2026-04-26T23:27:07.208+0000] {dag.py:3096} INFO - Sync 1 DAGs
[2026-04-26T23:27:07.221+0000] {logging_mixin.py:188} INFO - [2026-04-26T23:27:07.221+0000] {dag.py:3954} INFO - Setting next_dagrun for example_task_group_decorator to 2026-04-25 00:00:00+00:00, run_after=2026-04-26 00:00:00+00:00
[2026-04-26T23:27:07.231+0000] {processor.py:183} INFO - Processing /home/airflow/.local/lib/python3.12/site-packages/airflow/example_dags/example_task_group_decorator.py took 0.050 seconds
[2026-04-26T23:27:37.921+0000] {processor.py:161} INFO - Started process (PID=2308) to work on /home/airflow/.local/lib/python3.12/site-packages/airflow/example_dags/example_task_group_decorator.py
[2026-04-26T23:27:37.922+0000] {processor.py:830} INFO - Processing file /home/airflow/.local/lib/python3.12/site-packages/airflow/example_dags/example_task_group_decorator.py for tasks to queue
[2026-04-26T23:27:37.923+0000] {logging_mixin.py:188} INFO - [2026-04-26T23:27:37.923+0000] {dagbag.py:545} INFO - Filling up the DagBag from /home/airflow/.local/lib/python3.12/site-packages/airflow/example_dags/example_task_group_decorator.py
[2026-04-26T23:27:37.931+0000] {processor.py:840} INFO - DAG(s) 'example_task_group_decorator' retrieved from /home/airflow/.local/lib/python3.12/site-packages/airflow/example_dags/example_task_group_decorator.py
[2026-04-26T23:27:37.946+0000] {logging_mixin.py:188} INFO - [2026-04-26T23:27:37.946+0000] {dag.py:3096} INFO - Sync 1 DAGs
[2026-04-26T23:27:37.958+0000] {logging_mixin.py:188} INFO - [2026-04-26T23:27:37.958+0000] {dag.py:3954} INFO - Setting next_dagrun for example_task_group_decorator to 2026-04-25 00:00:00+00:00, run_after=2026-04-26 00:00:00+00:00
[2026-04-26T23:27:37.967+0000] {processor.py:183} INFO - Processing /home/airflow/.local/lib/python3.12/site-packages/airflow/example_dags/example_task_group_decorator.py took 0.050 seconds
[2026-04-26T23:28:08.651+0000] {processor.py:161} INFO - Started process (PID=2367) to work on /home/airflow/.local/lib/python3.12/site-packages/airflow/example_dags/example_task_group_decorator.py
[2026-04-26T23:28:08.652+0000] {processor.py:830} INFO - Processing file /home/airflow/.local/lib/python3.12/site-packages/airflow/example_dags/example_task_group_decorator.py for tasks to queue
[2026-04-26T23:28:08.653+0000] {logging_mixin.py:188} INFO - [2026-04-26T23:28:08.653+0000] {dagbag.py:545} INFO - Filling up the DagBag from /home/airflow/.local/lib/python3.12/site-packages/airflow/example_dags/example_task_group_decorator.py
[2026-04-26T23:28:08.661+0000] {processor.py:840} INFO - DAG(s) 'example_task_group_decorator' retrieved from /home/airflow/.local/lib/python3.12/site-packages/airflow/example_dags/example_task_group_decorator.py
[2026-04-26T23:28:08.677+0000] {logging_mixin.py:188} INFO - [2026-04-26T23:28:08.677+0000] {dag.py:3096} INFO - Sync 1 DAGs
[2026-04-26T23:28:08.689+0000] {logging_mixin.py:188} INFO - [2026-04-26T23:28:08.689+0000] {dag.py:3954} INFO - Setting next_dagrun for example_task_group_decorator to 2026-04-25 00:00:00+00:00, run_after=2026-04-26 00:00:00+00:00
[2026-04-26T23:28:08.701+0000] {processor.py:183} INFO - Processing /home/airflow/.local/lib/python3.12/site-packages/airflow/example_dags/example_task_group_decorator.py took 0.054 seconds
[2026-04-26T23:28:39.412+0000] {processor.py:161} INFO - Started process (PID=2426) to work on /home/airflow/.local/lib/python3.12/site-packages/airflow/example_dags/example_task_group_decorator.py
[2026-04-26T23:28:39.412+0000] {processor.py:830} INFO - Processing file /home/airflow/.local/lib/python3.12/site-packages/airflow/example_dags/example_task_group_decorator.py for tasks to queue
[2026-04-26T23:28:39.413+0000] {logging_mixin.py:188} INFO - [2026-04-26T23:28:39.413+0000] {dagbag.py:545} INFO - Filling up the DagBag from /home/airflow/.local/lib/python3.12/site-packages/airflow/example_dags/example_task_group_decorator.py
[2026-04-26T23:28:39.421+0000] {processor.py:840} INFO - DAG(s) 'example_task_group_decorator' retrieved from /home/airflow/.local/lib/python3.12/site-packages/airflow/example_dags/example_task_group_decorator.py
[2026-04-26T23:28:39.435+0000] {logging_mixin.py:188} INFO - [2026-04-26T23:28:39.435+0000] {dag.py:3096} INFO - Sync 1 DAGs
[2026-04-26T23:28:39.447+0000] {logging_mixin.py:188} INFO - [2026-04-26T23:28:39.446+0000] {dag.py:3954} INFO - Setting next_dagrun for example_task_group_decorator to 2026-04-25 00:00:00+00:00, run_after=2026-04-26 00:00:00+00:00
[2026-04-26T23:28:39.457+0000] {processor.py:183} INFO - Processing /home/airflow/.local/lib/python3.12/site-packages/airflow/example_dags/example_task_group_decorator.py took 0.050 seconds
[2026-04-26T23:29:09.647+0000] {processor.py:161} INFO - Started process (PID=2485) to work on /home/airflow/.local/lib/python3.12/site-packages/airflow/example_dags/example_task_group_decorator.py
[2026-04-26T23:29:09.648+0000] {processor.py:830} INFO - Processing file /home/airflow/.local/lib/python3.12/site-packages/airflow/example_dags/example_task_group_decorator.py for tasks to queue
[2026-04-26T23:29:09.649+0000] {logging_mixin.py:188} INFO - [2026-04-26T23:29:09.649+0000] {dagbag.py:545} INFO - Filling up the DagBag from /home/airflow/.local/lib/python3.12/site-packages/airflow/example_dags/example_task_group_decorator.py
[2026-04-26T23:29:09.657+0000] {processor.py:840} INFO - DAG(s) 'example_task_group_decorator' retrieved from /home/airflow/.local/lib/python3.12/site-packages/airflow/example_dags/example_task_group_decorator.py
[2026-04-26T23:29:09.670+0000] {logging_mixin.py:188} INFO - [2026-04-26T23:29:09.670+0000] {dag.py:3096} INFO - Sync 1 DAGs
[2026-04-26T23:29:09.682+0000] {logging_mixin.py:188} INFO - [2026-04-26T23:29:09.682+0000] {dag.py:3954} INFO - Setting next_dagrun for example_task_group_decorator to 2026-04-25 00:00:00+00:00, run_after=2026-04-26 00:00:00+00:00
[2026-04-26T23:29:09.690+0000] {processor.py:183} INFO - Processing /home/airflow/.local/lib/python3.12/site-packages/airflow/example_dags/example_task_group_decorator.py took 0.047 seconds
[2026-04-26T23:29:40.462+0000] {processor.py:161} INFO - Started process (PID=2544) to work on /home/airflow/.local/lib/python3.12/site-packages/airflow/example_dags/example_task_group_decorator.py
[2026-04-26T23:29:40.463+0000] {processor.py:830} INFO - Processing file /home/airflow/.local/lib/python3.12/site-packages/airflow/example_dags/example_task_group_decorator.py for tasks to queue
[2026-04-26T23:29:40.464+0000] {logging_mixin.py:188} INFO - [2026-04-26T23:29:40.463+0000] {dagbag.py:545} INFO - Filling up the DagBag from /home/airflow/.local/lib/python3.12/site-packages/airflow/example_dags/example_task_group_decorator.py
[2026-04-26T23:29:40.472+0000] {processor.py:840} INFO - DAG(s) 'example_task_group_decorator' retrieved from /home/airflow/.local/lib/python3.12/site-packages/airflow/example_dags/example_task_group_decorator.py
[2026-04-26T23:29:40.486+0000] {logging_mixin.py:188} INFO - [2026-04-26T23:29:40.486+0000] {dag.py:3096} INFO - Sync 1 DAGs
[2026-04-26T23:29:40.498+0000] {logging_mixin.py:188} INFO - [2026-04-26T23:29:40.498+0000] {dag.py:3954} INFO - Setting next_dagrun for example_task_group_decorator to 2026-04-25 00:00:00+00:00, run_after=2026-04-26 00:00:00+00:00
[2026-04-26T23:29:40.508+0000] {processor.py:183} INFO - Processing /home/airflow/.local/lib/python3.12/site-packages/airflow/example_dags/example_task_group_decorator.py took 0.050 seconds
[2026-04-26T23:30:11.251+0000] {processor.py:161} INFO - Started process (PID=2603) to work on /home/airflow/.local/lib/python3.12/site-packages/airflow/example_dags/example_task_group_decorator.py
[2026-04-26T23:30:11.252+0000] {processor.py:830} INFO - Processing file /home/airflow/.local/lib/python3.12/site-packages/airflow/example_dags/example_task_group_decorator.py for tasks to queue
[2026-04-26T23:30:11.253+0000] {logging_mixin.py:188} INFO - [2026-04-26T23:30:11.253+0000] {dagbag.py:545} INFO - Filling up the DagBag from /home/airflow/.local/lib/python3.12/site-packages/airflow/example_dags/example_task_group_decorator.py
[2026-04-26T23:30:11.260+0000] {processor.py:840} INFO - DAG(s) 'example_task_group_decorator' retrieved from /home/airflow/.local/lib/python3.12/site-packages/airflow/example_dags/example_task_group_decorator.py
[2026-04-26T23:30:11.275+0000] {logging_mixin.py:188} INFO - [2026-04-26T23:30:11.275+0000] {dag.py:3096} INFO - Sync 1 DAGs
[2026-04-26T23:30:11.288+0000] {logging_mixin.py:188} INFO - [2026-04-26T23:30:11.288+0000] {dag.py:3954} INFO - Setting next_dagrun for example_task_group_decorator to 2026-04-25 00:00:00+00:00, run_after=2026-04-26 00:00:00+00:00
[2026-04-26T23:30:11.297+0000] {processor.py:183} INFO - Processing /home/airflow/.local/lib/python3.12/site-packages/airflow/example_dags/example_task_group_decorator.py took 0.049 seconds
[2026-04-26T23:30:41.961+0000] {processor.py:161} INFO - Started process (PID=2662) to work on /home/airflow/.local/lib/python3.12/site-packages/airflow/example_dags/example_task_group_decorator.py
[2026-04-26T23:30:41.962+0000] {processor.py:830} INFO - Processing file /home/airflow/.local/lib/python3.12/site-packages/airflow/example_dags/example_task_group_decorator.py for tasks to queue
[2026-04-26T23:30:41.963+0000] {logging_mixin.py:188} INFO - [2026-04-26T23:30:41.962+0000] {dagbag.py:545} INFO - Filling up the DagBag from /home/airflow/.local/lib/python3.12/site-packages/airflow/example_dags/example_task_group_decorator.py
[2026-04-26T23:30:41.971+0000] {processor.py:840} INFO - DAG(s) 'example_task_group_decorator' retrieved from /home/airflow/.local/lib/python3.12/site-packages/airflow/example_dags/example_task_group_decorator.py
[2026-04-26T23:30:41.985+0000] {logging_mixin.py:188} INFO - [2026-04-26T23:30:41.985+0000] {dag.py:3096} INFO - Sync 1 DAGs
[2026-04-26T23:30:41.998+0000] {logging_mixin.py:188} INFO - [2026-04-26T23:30:41.998+0000] {dag.py:3954} INFO - Setting next_dagrun for example_task_group_decorator to 2026-04-25 00:00:00+00:00, run_after=2026-04-26 00:00:00+00:00
[2026-04-26T23:30:42.007+0000] {processor.py:183} INFO - Processing /home/airflow/.local/lib/python3.12/site-packages/airflow/example_dags/example_task_group_decorator.py took 0.050 seconds
[2026-04-26T23:31:12.730+0000] {processor.py:161} INFO - Started process (PID=2721) to work on /home/airflow/.local/lib/python3.12/site-packages/airflow/example_dags/example_task_group_decorator.py
[2026-04-26T23:31:12.730+0000] {processor.py:830} INFO - Processing file /home/airflow/.local/lib/python3.12/site-packages/airflow/example_dags/example_task_group_decorator.py for tasks to queue
[2026-04-26T23:31:12.731+0000] {logging_mixin.py:188} INFO - [2026-04-26T23:31:12.731+0000] {dagbag.py:545} INFO - Filling up the DagBag from /home/airflow/.local/lib/python3.12/site-packages/airflow/example_dags/example_task_group_decorator.py
[2026-04-26T23:31:12.738+0000] {processor.py:840} INFO - DAG(s) 'example_task_group_decorator' retrieved from /home/airflow/.local/lib/python3.12/site-packages/airflow/example_dags/example_task_group_decorator.py
[2026-04-26T23:31:12.752+0000] {logging_mixin.py:188} INFO - [2026-04-26T23:31:12.752+0000] {dag.py:3096} INFO - Sync 1 DAGs
[2026-04-26T23:31:12.764+0000] {logging_mixin.py:188} INFO - [2026-04-26T23:31:12.763+0000] {dag.py:3954} INFO - Setting next_dagrun for example_task_group_decorator to 2026-04-25 00:00:00+00:00, run_after=2026-04-26 00:00:00+00:00
[2026-04-26T23:31:12.774+0000] {processor.py:183} INFO - Processing /home/airflow/.local/lib/python3.12/site-packages/airflow/example_dags/example_task_group_decorator.py took 0.047 seconds
[2026-04-26T23:31:43.468+0000] {processor.py:161} INFO - Started process (PID=2780) to work on /home/airflow/.local/lib/python3.12/site-packages/airflow/example_dags/example_task_group_decorator.py
[2026-04-26T23:31:43.469+0000] {processor.py:830} INFO - Processing file /home/airflow/.local/lib/python3.12/site-packages/airflow/example_dags/example_task_group_decorator.py for tasks to queue
[2026-04-26T23:31:43.470+0000] {logging_mixin.py:188} INFO - [2026-04-26T23:31:43.470+0000] {dagbag.py:545} INFO - Filling up the DagBag from /home/airflow/.local/lib/python3.12/site-packages/airflow/example_dags/example_task_group_decorator.py
[2026-04-26T23:31:43.478+0000] {processor.py:840} INFO - DAG(s) 'example_task_group_decorator' retrieved from /home/airflow/.local/lib/python3.12/site-packages/airflow/example_dags/example_task_group_decorator.py
[2026-04-26T23:31:43.492+0000] {logging_mixin.py:188} INFO - [2026-04-26T23:31:43.492+0000] {dag.py:3096} INFO - Sync 1 DAGs
[2026-04-26T23:31:43.505+0000] {logging_mixin.py:188} INFO - [2026-04-26T23:31:43.505+0000] {dag.py:3954} INFO - Setting next_dagrun for example_task_group_decorator to 2026-04-25 00:00:00+00:00, run_after=2026-04-26 00:00:00+00:00
[2026-04-26T23:31:43.515+0000] {processor.py:183} INFO - Processing /home/airflow/.local/lib/python3.12/site-packages/airflow/example_dags/example_task_group_decorator.py took 0.051 seconds
[2026-04-26T23:32:14.332+0000] {processor.py:161} INFO - Started process (PID=2839) to work on /home/airflow/.local/lib/python3.12/site-packages/airflow/example_dags/example_task_group_decorator.py
[2026-04-26T23:32:14.332+0000] {processor.py:830} INFO - Processing file /home/airflow/.local/lib/python3.12/site-packages/airflow/example_dags/example_task_group_decorator.py for tasks to queue
[2026-04-26T23:32:14.333+0000] {logging_mixin.py:188} INFO - [2026-04-26T23:32:14.333+0000] {dagbag.py:545} INFO - Filling up the DagBag from /home/airflow/.local/lib/python3.12/site-packages/airflow/example_dags/example_task_group_decorator.py
[2026-04-26T23:32:14.344+0000] {processor.py:840} INFO - DAG(s) 'example_task_group_decorator' retrieved from /home/airflow/.local/lib/python3.12/site-packages/airflow/example_dags/example_task_group_decorator.py
[2026-04-26T23:32:14.361+0000] {logging_mixin.py:188} INFO - [2026-04-26T23:32:14.361+0000] {dag.py:3096} INFO - Sync 1 DAGs
[2026-04-26T23:32:14.377+0000] {logging_mixin.py:188} INFO - [2026-04-26T23:32:14.377+0000] {dag.py:3954} INFO - Setting next_dagrun for example_task_group_decorator to 2026-04-25 00:00:00+00:00, run_after=2026-04-26 00:00:00+00:00
[2026-04-26T23:32:14.407+0000] {processor.py:183} INFO - Processing /home/airflow/.local/lib/python3.12/site-packages/airflow/example_dags/example_task_group_decorator.py took 0.080 seconds
[2026-04-26T23:32:44.644+0000] {processor.py:161} INFO - Started process (PID=2898) to work on /home/airflow/.local/lib/python3.12/site-packages/airflow/example_dags/example_task_group_decorator.py
[2026-04-26T23:32:44.644+0000] {processor.py:830} INFO - Processing file /home/airflow/.local/lib/python3.12/site-packages/airflow/example_dags/example_task_group_decorator.py for tasks to queue
[2026-04-26T23:32:44.646+0000] {logging_mixin.py:188} INFO - [2026-04-26T23:32:44.646+0000] {dagbag.py:545} INFO - Filling up the DagBag from /home/airflow/.local/lib/python3.12/site-packages/airflow/example_dags/example_task_group_decorator.py
[2026-04-26T23:32:44.656+0000] {processor.py:840} INFO - DAG(s) 'example_task_group_decorator' retrieved from /home/airflow/.local/lib/python3.12/site-packages/airflow/example_dags/example_task_group_decorator.py
[2026-04-26T23:32:44.676+0000] {logging_mixin.py:188} INFO - [2026-04-26T23:32:44.676+0000] {dag.py:3096} INFO - Sync 1 DAGs
[2026-04-26T23:32:44.691+0000] {logging_mixin.py:188} INFO - [2026-04-26T23:32:44.690+0000] {dag.py:3954} INFO - Setting next_dagrun for example_task_group_decorator to 2026-04-25 00:00:00+00:00, run_after=2026-04-26 00:00:00+00:00
[2026-04-26T23:32:44.703+0000] {processor.py:183} INFO - Processing /home/airflow/.local/lib/python3.12/site-packages/airflow/example_dags/example_task_group_decorator.py took 0.064 seconds
[2026-04-26T23:33:14.730+0000] {processor.py:161} INFO - Started process (PID=2957) to work on /home/airflow/.local/lib/python3.12/site-packages/airflow/example_dags/example_task_group_decorator.py
[2026-04-26T23:33:14.731+0000] {processor.py:830} INFO - Processing file /home/airflow/.local/lib/python3.12/site-packages/airflow/example_dags/example_task_group_decorator.py for tasks to queue
[2026-04-26T23:33:14.732+0000] {logging_mixin.py:188} INFO - [2026-04-26T23:33:14.731+0000] {dagbag.py:545} INFO - Filling up the DagBag from /home/airflow/.local/lib/python3.12/site-packages/airflow/example_dags/example_task_group_decorator.py
[2026-04-26T23:33:14.739+0000] {processor.py:840} INFO - DAG(s) 'example_task_group_decorator' retrieved from /home/airflow/.local/lib/python3.12/site-packages/airflow/example_dags/example_task_group_decorator.py
[2026-04-26T23:33:14.752+0000] {logging_mixin.py:188} INFO - [2026-04-26T23:33:14.752+0000] {dag.py:3096} INFO - Sync 1 DAGs
[2026-04-26T23:33:14.763+0000] {logging_mixin.py:188} INFO - [2026-04-26T23:33:14.763+0000] {dag.py:3954} INFO - Setting next_dagrun for example_task_group_decorator to 2026-04-25 00:00:00+00:00, run_after=2026-04-26 00:00:00+00:00
[2026-04-26T23:33:14.772+0000] {processor.py:183} INFO - Processing /home/airflow/.local/lib/python3.12/site-packages/airflow/example_dags/example_task_group_decorator.py took 0.046 seconds
[2026-04-26T23:33:45.646+0000] {processor.py:161} INFO - Started process (PID=3020) to work on /home/airflow/.local/lib/python3.12/site-packages/airflow/example_dags/example_task_group_decorator.py
[2026-04-26T23:33:45.647+0000] {processor.py:830} INFO - Processing file /home/airflow/.local/lib/python3.12/site-packages/airflow/example_dags/example_task_group_decorator.py for tasks to queue
[2026-04-26T23:33:45.648+0000] {logging_mixin.py:188} INFO - [2026-04-26T23:33:45.648+0000] {dagbag.py:545} INFO - Filling up the DagBag from /home/airflow/.local/lib/python3.12/site-packages/airflow/example_dags/example_task_group_decorator.py
[2026-04-26T23:33:45.656+0000] {processor.py:840} INFO - DAG(s) 'example_task_group_decorator' retrieved from /home/airflow/.local/lib/python3.12/site-packages/airflow/example_dags/example_task_group_decorator.py
[2026-04-26T23:33:45.672+0000] {logging_mixin.py:188} INFO - [2026-04-26T23:33:45.671+0000] {dag.py:3096} INFO - Sync 1 DAGs
[2026-04-26T23:33:45.685+0000] {logging_mixin.py:188} INFO - [2026-04-26T23:33:45.685+0000] {dag.py:3954} INFO - Setting next_dagrun for example_task_group_decorator to 2026-04-25 00:00:00+00:00, run_after=2026-04-26 00:00:00+00:00
[2026-04-26T23:33:45.695+0000] {processor.py:183} INFO - Processing /home/airflow/.local/lib/python3.12/site-packages/airflow/example_dags/example_task_group_decorator.py took 0.053 seconds
[2026-04-26T23:34:15.758+0000] {processor.py:161} INFO - Started process (PID=3079) to work on /home/airflow/.local/lib/python3.12/site-packages/airflow/example_dags/example_task_group_decorator.py
[2026-04-26T23:34:15.758+0000] {processor.py:830} INFO - Processing file /home/airflow/.local/lib/python3.12/site-packages/airflow/example_dags/example_task_group_decorator.py for tasks to queue
[2026-04-26T23:34:15.759+0000] {logging_mixin.py:188} INFO - [2026-04-26T23:34:15.759+0000] {dagbag.py:545} INFO - Filling up the DagBag from /home/airflow/.local/lib/python3.12/site-packages/airflow/example_dags/example_task_group_decorator.py
[2026-04-26T23:34:15.769+0000] {processor.py:840} INFO - DAG(s) 'example_task_group_decorator' retrieved from /home/airflow/.local/lib/python3.12/site-packages/airflow/example_dags/example_task_group_decorator.py
[2026-04-26T23:34:15.784+0000] {logging_mixin.py:188} INFO - [2026-04-26T23:34:15.784+0000] {dag.py:3096} INFO - Sync 1 DAGs
[2026-04-26T23:34:15.796+0000] {logging_mixin.py:188} INFO - [2026-04-26T23:34:15.796+0000] {dag.py:3954} INFO - Setting next_dagrun for example_task_group_decorator to 2026-04-25 00:00:00+00:00, run_after=2026-04-26 00:00:00+00:00
[2026-04-26T23:34:15.805+0000] {processor.py:183} INFO - Processing /home/airflow/.local/lib/python3.12/site-packages/airflow/example_dags/example_task_group_decorator.py took 0.052 seconds
[2026-04-26T23:34:46.001+0000] {processor.py:161} INFO - Started process (PID=3138) to work on /home/airflow/.local/lib/python3.12/site-packages/airflow/example_dags/example_task_group_decorator.py
[2026-04-26T23:34:46.002+0000] {processor.py:830} INFO - Processing file /home/airflow/.local/lib/python3.12/site-packages/airflow/example_dags/example_task_group_decorator.py for tasks to queue
[2026-04-26T23:34:46.003+0000] {logging_mixin.py:188} INFO - [2026-04-26T23:34:46.003+0000] {dagbag.py:545} INFO - Filling up the DagBag from /home/airflow/.local/lib/python3.12/site-packages/airflow/example_dags/example_task_group_decorator.py
[2026-04-26T23:34:46.011+0000] {processor.py:840} INFO - DAG(s) 'example_task_group_decorator' retrieved from /home/airflow/.local/lib/python3.12/site-packages/airflow/example_dags/example_task_group_decorator.py
[2026-04-26T23:34:46.026+0000] {logging_mixin.py:188} INFO - [2026-04-26T23:34:46.026+0000] {dag.py:3096} INFO - Sync 1 DAGs
[2026-04-26T23:34:46.039+0000] {logging_mixin.py:188} INFO - [2026-04-26T23:34:46.038+0000] {dag.py:3954} INFO - Setting next_dagrun for example_task_group_decorator to 2026-04-25 00:00:00+00:00, run_after=2026-04-26 00:00:00+00:00
[2026-04-26T23:34:46.048+0000] {processor.py:183} INFO - Processing /home/airflow/.local/lib/python3.12/site-packages/airflow/example_dags/example_task_group_decorator.py took 0.050 seconds
[2026-04-26T23:35:16.608+0000] {processor.py:161} INFO - Started process (PID=3197) to work on /home/airflow/.local/lib/python3.12/site-packages/airflow/example_dags/example_task_group_decorator.py
[2026-04-26T23:35:16.608+0000] {processor.py:830} INFO - Processing file /home/airflow/.local/lib/python3.12/site-packages/airflow/example_dags/example_task_group_decorator.py for tasks to queue
[2026-04-26T23:35:16.609+0000] {logging_mixin.py:188} INFO - [2026-04-26T23:35:16.609+0000] {dagbag.py:545} INFO - Filling up the DagBag from /home/airflow/.local/lib/python3.12/site-packages/airflow/example_dags/example_task_group_decorator.py
[2026-04-26T23:35:16.617+0000] {processor.py:840} INFO - DAG(s) 'example_task_group_decorator' retrieved from /home/airflow/.local/lib/python3.12/site-packages/airflow/example_dags/example_task_group_decorator.py
[2026-04-26T23:35:16.631+0000] {logging_mixin.py:188} INFO - [2026-04-26T23:35:16.631+0000] {dag.py:3096} INFO - Sync 1 DAGs
[2026-04-26T23:35:16.642+0000] {logging_mixin.py:188} INFO - [2026-04-26T23:35:16.642+0000] {dag.py:3954} INFO - Setting next_dagrun for example_task_group_decorator to 2026-04-25 00:00:00+00:00, run_after=2026-04-26 00:00:00+00:00
[2026-04-26T23:35:16.651+0000] {processor.py:183} INFO - Processing /home/airflow/.local/lib/python3.12/site-packages/airflow/example_dags/example_task_group_decorator.py took 0.047 seconds
[2026-04-26T23:35:47.319+0000] {processor.py:161} INFO - Started process (PID=3256) to work on /home/airflow/.local/lib/python3.12/site-packages/airflow/example_dags/example_task_group_decorator.py
[2026-04-26T23:35:47.320+0000] {processor.py:830} INFO - Processing file /home/airflow/.local/lib/python3.12/site-packages/airflow/example_dags/example_task_group_decorator.py for tasks to queue
[2026-04-26T23:35:47.321+0000] {logging_mixin.py:188} INFO - [2026-04-26T23:35:47.321+0000] {dagbag.py:545} INFO - Filling up the DagBag from /home/airflow/.local/lib/python3.12/site-packages/airflow/example_dags/example_task_group_decorator.py
[2026-04-26T23:35:47.329+0000] {processor.py:840} INFO - DAG(s) 'example_task_group_decorator' retrieved from /home/airflow/.local/lib/python3.12/site-packages/airflow/example_dags/example_task_group_decorator.py
[2026-04-26T23:35:47.346+0000] {logging_mixin.py:188} INFO - [2026-04-26T23:35:47.346+0000] {dag.py:3096} INFO - Sync 1 DAGs
[2026-04-26T23:35:47.360+0000] {logging_mixin.py:188} INFO - [2026-04-26T23:35:47.360+0000] {dag.py:3954} INFO - Setting next_dagrun for example_task_group_decorator to 2026-04-25 00:00:00+00:00, run_after=2026-04-26 00:00:00+00:00
[2026-04-26T23:35:47.371+0000] {processor.py:183} INFO - Processing /home/airflow/.local/lib/python3.12/site-packages/airflow/example_dags/example_task_group_decorator.py took 0.056 seconds
[2026-04-26T23:36:18.111+0000] {processor.py:161} INFO - Started process (PID=3315) to work on /home/airflow/.local/lib/python3.12/site-packages/airflow/example_dags/example_task_group_decorator.py
[2026-04-26T23:36:18.112+0000] {processor.py:830} INFO - Processing file /home/airflow/.local/lib/python3.12/site-packages/airflow/example_dags/example_task_group_decorator.py for tasks to queue
[2026-04-26T23:36:18.113+0000] {logging_mixin.py:188} INFO - [2026-04-26T23:36:18.113+0000] {dagbag.py:545} INFO - Filling up the DagBag from /home/airflow/.local/lib/python3.12/site-packages/airflow/example_dags/example_task_group_decorator.py
[2026-04-26T23:36:18.122+0000] {processor.py:840} INFO - DAG(s) 'example_task_group_decorator' retrieved from /home/airflow/.local/lib/python3.12/site-packages/airflow/example_dags/example_task_group_decorator.py
[2026-04-26T23:36:18.137+0000] {logging_mixin.py:188} INFO - [2026-04-26T23:36:18.137+0000] {dag.py:3096} INFO - Sync 1 DAGs
[2026-04-26T23:36:18.150+0000] {logging_mixin.py:188} INFO - [2026-04-26T23:36:18.150+0000] {dag.py:3954} INFO - Setting next_dagrun for example_task_group_decorator to 2026-04-25 00:00:00+00:00, run_after=2026-04-26 00:00:00+00:00
[2026-04-26T23:36:18.161+0000] {processor.py:183} INFO - Processing /home/airflow/.local/lib/python3.12/site-packages/airflow/example_dags/example_task_group_decorator.py took 0.054 seconds
[2026-04-26T23:36:48.730+0000] {processor.py:161} INFO - Started process (PID=3374) to work on /home/airflow/.local/lib/python3.12/site-packages/airflow/example_dags/example_task_group_decorator.py
[2026-04-26T23:36:48.731+0000] {processor.py:830} INFO - Processing file /home/airflow/.local/lib/python3.12/site-packages/airflow/example_dags/example_task_group_decorator.py for tasks to queue
[2026-04-26T23:36:48.732+0000] {logging_mixin.py:188} INFO - [2026-04-26T23:36:48.732+0000] {dagbag.py:545} INFO - Filling up the DagBag from /home/airflow/.local/lib/python3.12/site-packages/airflow/example_dags/example_task_group_decorator.py
[2026-04-26T23:36:48.740+0000] {processor.py:840} INFO - DAG(s) 'example_task_group_decorator' retrieved from /home/airflow/.local/lib/python3.12/site-packages/airflow/example_dags/example_task_group_decorator.py
[2026-04-26T23:36:48.753+0000] {logging_mixin.py:188} INFO - [2026-04-26T23:36:48.753+0000] {dag.py:3096} INFO - Sync 1 DAGs
[2026-04-26T23:36:48.765+0000] {logging_mixin.py:188} INFO - [2026-04-26T23:36:48.764+0000] {dag.py:3954} INFO - Setting next_dagrun for example_task_group_decorator to 2026-04-25 00:00:00+00:00, run_after=2026-04-26 00:00:00+00:00
[2026-04-26T23:36:48.775+0000] {processor.py:183} INFO - Processing /home/airflow/.local/lib/python3.12/site-packages/airflow/example_dags/example_task_group_decorator.py took 0.049 seconds
[2026-04-26T23:37:19.507+0000] {processor.py:161} INFO - Started process (PID=3433) to work on /home/airflow/.local/lib/python3.12/site-packages/airflow/example_dags/example_task_group_decorator.py
[2026-04-26T23:37:19.508+0000] {processor.py:830} INFO - Processing file /home/airflow/.local/lib/python3.12/site-packages/airflow/example_dags/example_task_group_decorator.py for tasks to queue
[2026-04-26T23:37:19.509+0000] {logging_mixin.py:188} INFO - [2026-04-26T23:37:19.509+0000] {dagbag.py:545} INFO - Filling up the DagBag from /home/airflow/.local/lib/python3.12/site-packages/airflow/example_dags/example_task_group_decorator.py
[2026-04-26T23:37:19.517+0000] {processor.py:840} INFO - DAG(s) 'example_task_group_decorator' retrieved from /home/airflow/.local/lib/python3.12/site-packages/airflow/example_dags/example_task_group_decorator.py
[2026-04-26T23:37:19.532+0000] {logging_mixin.py:188} INFO - [2026-04-26T23:37:19.531+0000] {dag.py:3096} INFO - Sync 1 DAGs
[2026-04-26T23:37:19.544+0000] {logging_mixin.py:188} INFO - [2026-04-26T23:37:19.544+0000] {dag.py:3954} INFO - Setting next_dagrun for example_task_group_decorator to 2026-04-25 00:00:00+00:00, run_after=2026-04-26 00:00:00+00:00
[2026-04-26T23:37:19.555+0000] {processor.py:183} INFO - Processing /home/airflow/.local/lib/python3.12/site-packages/airflow/example_dags/example_task_group_decorator.py took 0.052 seconds
[2026-04-26T23:37:50.279+0000] {processor.py:161} INFO - Started process (PID=3492) to work on /home/airflow/.local/lib/python3.12/site-packages/airflow/example_dags/example_task_group_decorator.py
[2026-04-26T23:37:50.280+0000] {processor.py:830} INFO - Processing file /home/airflow/.local/lib/python3.12/site-packages/airflow/example_dags/example_task_group_decorator.py for tasks to queue
[2026-04-26T23:37:50.281+0000] {logging_mixin.py:188} INFO - [2026-04-26T23:37:50.281+0000] {dagbag.py:545} INFO - Filling up the DagBag from /home/airflow/.local/lib/python3.12/site-packages/airflow/example_dags/example_task_group_decorator.py
[2026-04-26T23:37:50.289+0000] {processor.py:840} INFO - DAG(s) 'example_task_group_decorator' retrieved from /home/airflow/.local/lib/python3.12/site-packages/airflow/example_dags/example_task_group_decorator.py
[2026-04-26T23:37:50.304+0000] {logging_mixin.py:188} INFO - [2026-04-26T23:37:50.304+0000] {dag.py:3096} INFO - Sync 1 DAGs
[2026-04-26T23:37:50.318+0000] {logging_mixin.py:188} INFO - [2026-04-26T23:37:50.317+0000] {dag.py:3954} INFO - Setting next_dagrun for example_task_group_decorator to 2026-04-25 00:00:00+00:00, run_after=2026-04-26 00:00:00+00:00
[2026-04-26T23:37:50.328+0000] {processor.py:183} INFO - Processing /home/airflow/.local/lib/python3.12/site-packages/airflow/example_dags/example_task_group_decorator.py took 0.052 seconds
[2026-04-26T23:38:20.953+0000] {processor.py:161} INFO - Started process (PID=3557) to work on /home/airflow/.local/lib/python3.12/site-packages/airflow/example_dags/example_task_group_decorator.py
[2026-04-26T23:38:20.954+0000] {processor.py:830} INFO - Processing file /home/airflow/.local/lib/python3.12/site-packages/airflow/example_dags/example_task_group_decorator.py for tasks to queue
[2026-04-26T23:38:20.955+0000] {logging_mixin.py:188} INFO - [2026-04-26T23:38:20.955+0000] {dagbag.py:545} INFO - Filling up the DagBag from /home/airflow/.local/lib/python3.12/site-packages/airflow/example_dags/example_task_group_decorator.py
[2026-04-26T23:38:20.965+0000] {processor.py:840} INFO - DAG(s) 'example_task_group_decorator' retrieved from /home/airflow/.local/lib/python3.12/site-packages/airflow/example_dags/example_task_group_decorator.py
[2026-04-26T23:38:20.983+0000] {logging_mixin.py:188} INFO - [2026-04-26T23:38:20.983+0000] {dag.py:3096} INFO - Sync 1 DAGs
[2026-04-26T23:38:20.999+0000] {logging_mixin.py:188} INFO - [2026-04-26T23:38:20.999+0000] {dag.py:3954} INFO - Setting next_dagrun for example_task_group_decorator to 2026-04-25 00:00:00+00:00, run_after=2026-04-26 00:00:00+00:00
[2026-04-26T23:38:21.011+0000] {processor.py:183} INFO - Processing /home/airflow/.local/lib/python3.12/site-packages/airflow/example_dags/example_task_group_decorator.py took 0.062 seconds
[2026-04-26T23:38:47.056+0000] {processor.py:161} INFO - Started process (PID=100) to work on /home/airflow/.local/lib/python3.12/site-packages/airflow/example_dags/example_task_group_decorator.py
[2026-04-26T23:38:47.057+0000] {processor.py:830} INFO - Processing file /home/airflow/.local/lib/python3.12/site-packages/airflow/example_dags/example_task_group_decorator.py for tasks to queue
[2026-04-26T23:38:47.058+0000] {logging_mixin.py:188} INFO - [2026-04-26T23:38:47.058+0000] {dagbag.py:545} INFO - Filling up the DagBag from /home/airflow/.local/lib/python3.12/site-packages/airflow/example_dags/example_task_group_decorator.py
[2026-04-26T23:38:47.066+0000] {processor.py:840} INFO - DAG(s) 'example_task_group_decorator' retrieved from /home/airflow/.local/lib/python3.12/site-packages/airflow/example_dags/example_task_group_decorator.py
[2026-04-26T23:38:47.072+0000] {logging_mixin.py:188} INFO - [2026-04-26T23:38:47.072+0000] {dag.py:3096} INFO - Sync 1 DAGs
[2026-04-26T23:38:47.085+0000] {logging_mixin.py:188} INFO - [2026-04-26T23:38:47.085+0000] {dag.py:3954} INFO - Setting next_dagrun for example_task_group_decorator to 2026-04-25 00:00:00+00:00, run_after=2026-04-26 00:00:00+00:00
[2026-04-26T23:38:47.094+0000] {processor.py:183} INFO - Processing /home/airflow/.local/lib/python3.12/site-packages/airflow/example_dags/example_task_group_decorator.py took 0.041 seconds
[2026-04-26T23:39:18.230+0000] {processor.py:161} INFO - Started process (PID=159) to work on /home/airflow/.local/lib/python3.12/site-packages/airflow/example_dags/example_task_group_decorator.py
[2026-04-26T23:39:18.230+0000] {processor.py:830} INFO - Processing file /home/airflow/.local/lib/python3.12/site-packages/airflow/example_dags/example_task_group_decorator.py for tasks to queue
[2026-04-26T23:39:18.231+0000] {logging_mixin.py:188} INFO - [2026-04-26T23:39:18.231+0000] {dagbag.py:545} INFO - Filling up the DagBag from /home/airflow/.local/lib/python3.12/site-packages/airflow/example_dags/example_task_group_decorator.py
[2026-04-26T23:39:18.239+0000] {processor.py:840} INFO - DAG(s) 'example_task_group_decorator' retrieved from /home/airflow/.local/lib/python3.12/site-packages/airflow/example_dags/example_task_group_decorator.py
[2026-04-26T23:39:18.299+0000] {logging_mixin.py:188} INFO - [2026-04-26T23:39:18.299+0000] {dag.py:3096} INFO - Sync 1 DAGs
[2026-04-26T23:39:18.314+0000] {logging_mixin.py:188} INFO - [2026-04-26T23:39:18.314+0000] {dag.py:3954} INFO - Setting next_dagrun for example_task_group_decorator to 2026-04-25 00:00:00+00:00, run_after=2026-04-26 00:00:00+00:00
[2026-04-26T23:39:18.349+0000] {processor.py:183} INFO - Processing /home/airflow/.local/lib/python3.12/site-packages/airflow/example_dags/example_task_group_decorator.py took 0.123 seconds
[2026-04-26T23:39:48.471+0000] {processor.py:161} INFO - Started process (PID=219) to work on /home/airflow/.local/lib/python3.12/site-packages/airflow/example_dags/example_task_group_decorator.py
[2026-04-26T23:39:48.472+0000] {processor.py:830} INFO - Processing file /home/airflow/.local/lib/python3.12/site-packages/airflow/example_dags/example_task_group_decorator.py for tasks to queue
[2026-04-26T23:39:48.473+0000] {logging_mixin.py:188} INFO - [2026-04-26T23:39:48.473+0000] {dagbag.py:545} INFO - Filling up the DagBag from /home/airflow/.local/lib/python3.12/site-packages/airflow/example_dags/example_task_group_decorator.py
[2026-04-26T23:39:48.481+0000] {processor.py:840} INFO - DAG(s) 'example_task_group_decorator' retrieved from /home/airflow/.local/lib/python3.12/site-packages/airflow/example_dags/example_task_group_decorator.py
[2026-04-26T23:39:48.494+0000] {logging_mixin.py:188} INFO - [2026-04-26T23:39:48.494+0000] {dag.py:3096} INFO - Sync 1 DAGs
[2026-04-26T23:39:48.506+0000] {logging_mixin.py:188} INFO - [2026-04-26T23:39:48.506+0000] {dag.py:3954} INFO - Setting next_dagrun for example_task_group_decorator to 2026-04-25 00:00:00+00:00, run_after=2026-04-26 00:00:00+00:00
[2026-04-26T23:39:48.517+0000] {processor.py:183} INFO - Processing /home/airflow/.local/lib/python3.12/site-packages/airflow/example_dags/example_task_group_decorator.py took 0.050 seconds
[2026-04-26T23:40:19.317+0000] {processor.py:161} INFO - Started process (PID=277) to work on /home/airflow/.local/lib/python3.12/site-packages/airflow/example_dags/example_task_group_decorator.py
[2026-04-26T23:40:19.318+0000] {processor.py:830} INFO - Processing file /home/airflow/.local/lib/python3.12/site-packages/airflow/example_dags/example_task_group_decorator.py for tasks to queue
[2026-04-26T23:40:19.319+0000] {logging_mixin.py:188} INFO - [2026-04-26T23:40:19.318+0000] {dagbag.py:545} INFO - Filling up the DagBag from /home/airflow/.local/lib/python3.12/site-packages/airflow/example_dags/example_task_group_decorator.py
[2026-04-26T23:40:19.327+0000] {processor.py:840} INFO - DAG(s) 'example_task_group_decorator' retrieved from /home/airflow/.local/lib/python3.12/site-packages/airflow/example_dags/example_task_group_decorator.py
[2026-04-26T23:40:19.340+0000] {logging_mixin.py:188} INFO - [2026-04-26T23:40:19.340+0000] {dag.py:3096} INFO - Sync 1 DAGs
[2026-04-26T23:40:19.354+0000] {logging_mixin.py:188} INFO - [2026-04-26T23:40:19.354+0000] {dag.py:3954} INFO - Setting next_dagrun for example_task_group_decorator to 2026-04-25 00:00:00+00:00, run_after=2026-04-26 00:00:00+00:00
[2026-04-26T23:40:19.365+0000] {processor.py:183} INFO - Processing /home/airflow/.local/lib/python3.12/site-packages/airflow/example_dags/example_task_group_decorator.py took 0.051 seconds
[2026-04-26T23:40:50.396+0000] {processor.py:161} INFO - Started process (PID=336) to work on /home/airflow/.local/lib/python3.12/site-packages/airflow/example_dags/example_task_group_decorator.py
[2026-04-26T23:40:50.396+0000] {processor.py:830} INFO - Processing file /home/airflow/.local/lib/python3.12/site-packages/airflow/example_dags/example_task_group_decorator.py for tasks to queue
[2026-04-26T23:40:50.397+0000] {logging_mixin.py:188} INFO - [2026-04-26T23:40:50.397+0000] {dagbag.py:545} INFO - Filling up the DagBag from /home/airflow/.local/lib/python3.12/site-packages/airflow/example_dags/example_task_group_decorator.py
[2026-04-26T23:40:50.404+0000] {processor.py:840} INFO - DAG(s) 'example_task_group_decorator' retrieved from /home/airflow/.local/lib/python3.12/site-packages/airflow/example_dags/example_task_group_decorator.py
[2026-04-26T23:40:50.416+0000] {logging_mixin.py:188} INFO - [2026-04-26T23:40:50.416+0000] {dag.py:3096} INFO - Sync 1 DAGs
[2026-04-26T23:40:50.427+0000] {logging_mixin.py:188} INFO - [2026-04-26T23:40:50.427+0000] {dag.py:3954} INFO - Setting next_dagrun for example_task_group_decorator to 2026-04-25 00:00:00+00:00, run_after=2026-04-26 00:00:00+00:00
[2026-04-26T23:40:50.437+0000] {processor.py:183} INFO - Processing /home/airflow/.local/lib/python3.12/site-packages/airflow/example_dags/example_task_group_decorator.py took 0.044 seconds
[2026-04-26T23:41:21.293+0000] {processor.py:161} INFO - Started process (PID=395) to work on /home/airflow/.local/lib/python3.12/site-packages/airflow/example_dags/example_task_group_decorator.py
[2026-04-26T23:41:21.294+0000] {processor.py:830} INFO - Processing file /home/airflow/.local/lib/python3.12/site-packages/airflow/example_dags/example_task_group_decorator.py for tasks to queue
[2026-04-26T23:41:21.295+0000] {logging_mixin.py:188} INFO - [2026-04-26T23:41:21.294+0000] {dagbag.py:545} INFO - Filling up the DagBag from /home/airflow/.local/lib/python3.12/site-packages/airflow/example_dags/example_task_group_decorator.py
[2026-04-26T23:41:21.303+0000] {processor.py:840} INFO - DAG(s) 'example_task_group_decorator' retrieved from /home/airflow/.local/lib/python3.12/site-packages/airflow/example_dags/example_task_group_decorator.py
[2026-04-26T23:41:21.318+0000] {logging_mixin.py:188} INFO - [2026-04-26T23:41:21.318+0000] {dag.py:3096} INFO - Sync 1 DAGs
[2026-04-26T23:41:21.332+0000] {logging_mixin.py:188} INFO - [2026-04-26T23:41:21.331+0000] {dag.py:3954} INFO - Setting next_dagrun for example_task_group_decorator to 2026-04-25 00:00:00+00:00, run_after=2026-04-26 00:00:00+00:00
[2026-04-26T23:41:21.341+0000] {processor.py:183} INFO - Processing /home/airflow/.local/lib/python3.12/site-packages/airflow/example_dags/example_task_group_decorator.py took 0.052 seconds
[2026-04-26T23:41:51.496+0000] {processor.py:161} INFO - Started process (PID=454) to work on /home/airflow/.local/lib/python3.12/site-packages/airflow/example_dags/example_task_group_decorator.py
[2026-04-26T23:41:51.497+0000] {processor.py:830} INFO - Processing file /home/airflow/.local/lib/python3.12/site-packages/airflow/example_dags/example_task_group_decorator.py for tasks to queue
[2026-04-26T23:41:51.498+0000] {logging_mixin.py:188} INFO - [2026-04-26T23:41:51.497+0000] {dagbag.py:545} INFO - Filling up the DagBag from /home/airflow/.local/lib/python3.12/site-packages/airflow/example_dags/example_task_group_decorator.py
[2026-04-26T23:41:51.505+0000] {processor.py:840} INFO - DAG(s) 'example_task_group_decorator' retrieved from /home/airflow/.local/lib/python3.12/site-packages/airflow/example_dags/example_task_group_decorator.py
[2026-04-26T23:41:51.519+0000] {logging_mixin.py:188} INFO - [2026-04-26T23:41:51.518+0000] {dag.py:3096} INFO - Sync 1 DAGs
[2026-04-26T23:41:51.530+0000] {logging_mixin.py:188} INFO - [2026-04-26T23:41:51.530+0000] {dag.py:3954} INFO - Setting next_dagrun for example_task_group_decorator to 2026-04-25 00:00:00+00:00, run_after=2026-04-26 00:00:00+00:00
[2026-04-26T23:41:51.539+0000] {processor.py:183} INFO - Processing /home/airflow/.local/lib/python3.12/site-packages/airflow/example_dags/example_task_group_decorator.py took 0.046 seconds
[2026-04-26T23:42:21.635+0000] {processor.py:161} INFO - Started process (PID=513) to work on /home/airflow/.local/lib/python3.12/site-packages/airflow/example_dags/example_task_group_decorator.py
[2026-04-26T23:42:21.636+0000] {processor.py:830} INFO - Processing file /home/airflow/.local/lib/python3.12/site-packages/airflow/example_dags/example_task_group_decorator.py for tasks to queue
[2026-04-26T23:42:21.637+0000] {logging_mixin.py:188} INFO - [2026-04-26T23:42:21.636+0000] {dagbag.py:545} INFO - Filling up the DagBag from /home/airflow/.local/lib/python3.12/site-packages/airflow/example_dags/example_task_group_decorator.py
[2026-04-26T23:42:21.645+0000] {processor.py:840} INFO - DAG(s) 'example_task_group_decorator' retrieved from /home/airflow/.local/lib/python3.12/site-packages/airflow/example_dags/example_task_group_decorator.py
[2026-04-26T23:42:21.659+0000] {logging_mixin.py:188} INFO - [2026-04-26T23:42:21.659+0000] {dag.py:3096} INFO - Sync 1 DAGs
[2026-04-26T23:42:21.672+0000] {logging_mixin.py:188} INFO - [2026-04-26T23:42:21.672+0000] {dag.py:3954} INFO - Setting next_dagrun for example_task_group_decorator to 2026-04-25 00:00:00+00:00, run_after=2026-04-26 00:00:00+00:00
[2026-04-26T23:42:21.682+0000] {processor.py:183} INFO - Processing /home/airflow/.local/lib/python3.12/site-packages/airflow/example_dags/example_task_group_decorator.py took 0.051 seconds
[2026-04-26T23:43:21.605+0000] {processor.py:161} INFO - Started process (PID=100) to work on /home/airflow/.local/lib/python3.12/site-packages/airflow/example_dags/example_task_group_decorator.py
[2026-04-26T23:43:21.605+0000] {processor.py:830} INFO - Processing file /home/airflow/.local/lib/python3.12/site-packages/airflow/example_dags/example_task_group_decorator.py for tasks to queue
[2026-04-26T23:43:21.606+0000] {logging_mixin.py:188} INFO - [2026-04-26T23:43:21.606+0000] {dagbag.py:545} INFO - Filling up the DagBag from /home/airflow/.local/lib/python3.12/site-packages/airflow/example_dags/example_task_group_decorator.py
[2026-04-26T23:43:21.614+0000] {processor.py:840} INFO - DAG(s) 'example_task_group_decorator' retrieved from /home/airflow/.local/lib/python3.12/site-packages/airflow/example_dags/example_task_group_decorator.py
[2026-04-26T23:43:21.620+0000] {logging_mixin.py:188} INFO - [2026-04-26T23:43:21.620+0000] {dag.py:3096} INFO - Sync 1 DAGs
[2026-04-26T23:43:21.633+0000] {logging_mixin.py:188} INFO - [2026-04-26T23:43:21.633+0000] {dag.py:3954} INFO - Setting next_dagrun for example_task_group_decorator to 2026-04-25 00:00:00+00:00, run_after=2026-04-26 00:00:00+00:00
[2026-04-26T23:43:21.643+0000] {processor.py:183} INFO - Processing /home/airflow/.local/lib/python3.12/site-packages/airflow/example_dags/example_task_group_decorator.py took 0.042 seconds
[2026-04-26T23:43:53.244+0000] {processor.py:161} INFO - Started process (PID=159) to work on /home/airflow/.local/lib/python3.12/site-packages/airflow/example_dags/example_task_group_decorator.py
[2026-04-26T23:43:53.245+0000] {processor.py:830} INFO - Processing file /home/airflow/.local/lib/python3.12/site-packages/airflow/example_dags/example_task_group_decorator.py for tasks to queue
[2026-04-26T23:43:53.246+0000] {logging_mixin.py:188} INFO - [2026-04-26T23:43:53.246+0000] {dagbag.py:545} INFO - Filling up the DagBag from /home/airflow/.local/lib/python3.12/site-packages/airflow/example_dags/example_task_group_decorator.py
[2026-04-26T23:43:53.254+0000] {processor.py:840} INFO - DAG(s) 'example_task_group_decorator' retrieved from /home/airflow/.local/lib/python3.12/site-packages/airflow/example_dags/example_task_group_decorator.py
[2026-04-26T23:43:53.309+0000] {logging_mixin.py:188} INFO - [2026-04-26T23:43:53.309+0000] {dag.py:3096} INFO - Sync 1 DAGs
[2026-04-26T23:43:53.318+0000] {logging_mixin.py:188} INFO - [2026-04-26T23:43:53.318+0000] {dag.py:3954} INFO - Setting next_dagrun for example_task_group_decorator to 2026-04-25 00:00:00+00:00, run_after=2026-04-26 00:00:00+00:00
[2026-04-26T23:43:53.343+0000] {processor.py:183} INFO - Processing /home/airflow/.local/lib/python3.12/site-packages/airflow/example_dags/example_task_group_decorator.py took 0.103 seconds
[2026-04-26T23:44:23.693+0000] {processor.py:161} INFO - Started process (PID=218) to work on /home/airflow/.local/lib/python3.12/site-packages/airflow/example_dags/example_task_group_decorator.py
[2026-04-26T23:44:23.694+0000] {processor.py:830} INFO - Processing file /home/airflow/.local/lib/python3.12/site-packages/airflow/example_dags/example_task_group_decorator.py for tasks to queue
[2026-04-26T23:44:23.695+0000] {logging_mixin.py:188} INFO - [2026-04-26T23:44:23.694+0000] {dagbag.py:545} INFO - Filling up the DagBag from /home/airflow/.local/lib/python3.12/site-packages/airflow/example_dags/example_task_group_decorator.py
[2026-04-26T23:44:23.702+0000] {processor.py:840} INFO - DAG(s) 'example_task_group_decorator' retrieved from /home/airflow/.local/lib/python3.12/site-packages/airflow/example_dags/example_task_group_decorator.py
[2026-04-26T23:44:23.716+0000] {logging_mixin.py:188} INFO - [2026-04-26T23:44:23.716+0000] {dag.py:3096} INFO - Sync 1 DAGs
[2026-04-26T23:44:23.729+0000] {logging_mixin.py:188} INFO - [2026-04-26T23:44:23.729+0000] {dag.py:3954} INFO - Setting next_dagrun for example_task_group_decorator to 2026-04-25 00:00:00+00:00, run_after=2026-04-26 00:00:00+00:00
[2026-04-26T23:44:23.737+0000] {processor.py:183} INFO - Processing /home/airflow/.local/lib/python3.12/site-packages/airflow/example_dags/example_task_group_decorator.py took 0.048 seconds
[2026-04-26T23:44:53.854+0000] {processor.py:161} INFO - Started process (PID=277) to work on /home/airflow/.local/lib/python3.12/site-packages/airflow/example_dags/example_task_group_decorator.py
[2026-04-26T23:44:53.854+0000] {processor.py:830} INFO - Processing file /home/airflow/.local/lib/python3.12/site-packages/airflow/example_dags/example_task_group_decorator.py for tasks to queue
[2026-04-26T23:44:53.855+0000] {logging_mixin.py:188} INFO - [2026-04-26T23:44:53.855+0000] {dagbag.py:545} INFO - Filling up the DagBag from /home/airflow/.local/lib/python3.12/site-packages/airflow/example_dags/example_task_group_decorator.py
[2026-04-26T23:44:53.864+0000] {processor.py:840} INFO - DAG(s) 'example_task_group_decorator' retrieved from /home/airflow/.local/lib/python3.12/site-packages/airflow/example_dags/example_task_group_decorator.py
[2026-04-26T23:44:53.879+0000] {logging_mixin.py:188} INFO - [2026-04-26T23:44:53.879+0000] {dag.py:3096} INFO - Sync 1 DAGs
[2026-04-26T23:44:53.892+0000] {logging_mixin.py:188} INFO - [2026-04-26T23:44:53.892+0000] {dag.py:3954} INFO - Setting next_dagrun for example_task_group_decorator to 2026-04-25 00:00:00+00:00, run_after=2026-04-26 00:00:00+00:00
[2026-04-26T23:44:53.903+0000] {processor.py:183} INFO - Processing /home/airflow/.local/lib/python3.12/site-packages/airflow/example_dags/example_task_group_decorator.py took 0.053 seconds
[2026-04-26T23:45:24.716+0000] {processor.py:161} INFO - Started process (PID=336) to work on /home/airflow/.local/lib/python3.12/site-packages/airflow/example_dags/example_task_group_decorator.py
[2026-04-26T23:45:24.717+0000] {processor.py:830} INFO - Processing file /home/airflow/.local/lib/python3.12/site-packages/airflow/example_dags/example_task_group_decorator.py for tasks to queue
[2026-04-26T23:45:24.718+0000] {logging_mixin.py:188} INFO - [2026-04-26T23:45:24.717+0000] {dagbag.py:545} INFO - Filling up the DagBag from /home/airflow/.local/lib/python3.12/site-packages/airflow/example_dags/example_task_group_decorator.py
[2026-04-26T23:45:24.726+0000] {processor.py:840} INFO - DAG(s) 'example_task_group_decorator' retrieved from /home/airflow/.local/lib/python3.12/site-packages/airflow/example_dags/example_task_group_decorator.py
[2026-04-26T23:45:24.740+0000] {logging_mixin.py:188} INFO - [2026-04-26T23:45:24.740+0000] {dag.py:3096} INFO - Sync 1 DAGs
[2026-04-26T23:45:24.752+0000] {logging_mixin.py:188} INFO - [2026-04-26T23:45:24.752+0000] {dag.py:3954} INFO - Setting next_dagrun for example_task_group_decorator to 2026-04-25 00:00:00+00:00, run_after=2026-04-26 00:00:00+00:00
[2026-04-26T23:45:24.762+0000] {processor.py:183} INFO - Processing /home/airflow/.local/lib/python3.12/site-packages/airflow/example_dags/example_task_group_decorator.py took 0.050 seconds
[2026-04-26T23:45:55.505+0000] {processor.py:161} INFO - Started process (PID=395) to work on /home/airflow/.local/lib/python3.12/site-packages/airflow/example_dags/example_task_group_decorator.py
[2026-04-26T23:45:55.506+0000] {processor.py:830} INFO - Processing file /home/airflow/.local/lib/python3.12/site-packages/airflow/example_dags/example_task_group_decorator.py for tasks to queue
[2026-04-26T23:45:55.507+0000] {logging_mixin.py:188} INFO - [2026-04-26T23:45:55.507+0000] {dagbag.py:545} INFO - Filling up the DagBag from /home/airflow/.local/lib/python3.12/site-packages/airflow/example_dags/example_task_group_decorator.py
[2026-04-26T23:45:55.515+0000] {processor.py:840} INFO - DAG(s) 'example_task_group_decorator' retrieved from /home/airflow/.local/lib/python3.12/site-packages/airflow/example_dags/example_task_group_decorator.py
[2026-04-26T23:45:55.530+0000] {logging_mixin.py:188} INFO - [2026-04-26T23:45:55.529+0000] {dag.py:3096} INFO - Sync 1 DAGs
[2026-04-26T23:45:55.542+0000] {logging_mixin.py:188} INFO - [2026-04-26T23:45:55.542+0000] {dag.py:3954} INFO - Setting next_dagrun for example_task_group_decorator to 2026-04-25 00:00:00+00:00, run_after=2026-04-26 00:00:00+00:00
[2026-04-26T23:45:55.552+0000] {processor.py:183} INFO - Processing /home/airflow/.local/lib/python3.12/site-packages/airflow/example_dags/example_task_group_decorator.py took 0.050 seconds
[2026-04-26T23:46:26.320+0000] {processor.py:161} INFO - Started process (PID=454) to work on /home/airflow/.local/lib/python3.12/site-packages/airflow/example_dags/example_task_group_decorator.py
[2026-04-26T23:46:26.321+0000] {processor.py:830} INFO - Processing file /home/airflow/.local/lib/python3.12/site-packages/airflow/example_dags/example_task_group_decorator.py for tasks to queue
[2026-04-26T23:46:26.322+0000] {logging_mixin.py:188} INFO - [2026-04-26T23:46:26.322+0000] {dagbag.py:545} INFO - Filling up the DagBag from /home/airflow/.local/lib/python3.12/site-packages/airflow/example_dags/example_task_group_decorator.py
[2026-04-26T23:46:26.330+0000] {processor.py:840} INFO - DAG(s) 'example_task_group_decorator' retrieved from /home/airflow/.local/lib/python3.12/site-packages/airflow/example_dags/example_task_group_decorator.py
[2026-04-26T23:46:26.344+0000] {logging_mixin.py:188} INFO - [2026-04-26T23:46:26.344+0000] {dag.py:3096} INFO - Sync 1 DAGs
[2026-04-26T23:46:26.356+0000] {logging_mixin.py:188} INFO - [2026-04-26T23:46:26.356+0000] {dag.py:3954} INFO - Setting next_dagrun for example_task_group_decorator to 2026-04-25 00:00:00+00:00, run_after=2026-04-26 00:00:00+00:00
[2026-04-26T23:46:26.366+0000] {processor.py:183} INFO - Processing /home/airflow/.local/lib/python3.12/site-packages/airflow/example_dags/example_task_group_decorator.py took 0.050 seconds
[2026-04-26T23:46:57.138+0000] {processor.py:161} INFO - Started process (PID=513) to work on /home/airflow/.local/lib/python3.12/site-packages/airflow/example_dags/example_task_group_decorator.py
[2026-04-26T23:46:57.138+0000] {processor.py:830} INFO - Processing file /home/airflow/.local/lib/python3.12/site-packages/airflow/example_dags/example_task_group_decorator.py for tasks to queue
[2026-04-26T23:46:57.139+0000] {logging_mixin.py:188} INFO - [2026-04-26T23:46:57.139+0000] {dagbag.py:545} INFO - Filling up the DagBag from /home/airflow/.local/lib/python3.12/site-packages/airflow/example_dags/example_task_group_decorator.py
[2026-04-26T23:46:57.148+0000] {processor.py:840} INFO - DAG(s) 'example_task_group_decorator' retrieved from /home/airflow/.local/lib/python3.12/site-packages/airflow/example_dags/example_task_group_decorator.py
[2026-04-26T23:46:57.163+0000] {logging_mixin.py:188} INFO - [2026-04-26T23:46:57.163+0000] {dag.py:3096} INFO - Sync 1 DAGs
[2026-04-26T23:46:57.178+0000] {logging_mixin.py:188} INFO - [2026-04-26T23:46:57.178+0000] {dag.py:3954} INFO - Setting next_dagrun for example_task_group_decorator to 2026-04-25 00:00:00+00:00, run_after=2026-04-26 00:00:00+00:00
[2026-04-26T23:46:57.189+0000] {processor.py:183} INFO - Processing /home/airflow/.local/lib/python3.12/site-packages/airflow/example_dags/example_task_group_decorator.py took 0.055 seconds
[2026-04-26T23:47:27.519+0000] {processor.py:161} INFO - Started process (PID=572) to work on /home/airflow/.local/lib/python3.12/site-packages/airflow/example_dags/example_task_group_decorator.py
[2026-04-26T23:47:27.519+0000] {processor.py:830} INFO - Processing file /home/airflow/.local/lib/python3.12/site-packages/airflow/example_dags/example_task_group_decorator.py for tasks to queue
[2026-04-26T23:47:27.520+0000] {logging_mixin.py:188} INFO - [2026-04-26T23:47:27.520+0000] {dagbag.py:545} INFO - Filling up the DagBag from /home/airflow/.local/lib/python3.12/site-packages/airflow/example_dags/example_task_group_decorator.py
[2026-04-26T23:47:27.530+0000] {processor.py:840} INFO - DAG(s) 'example_task_group_decorator' retrieved from /home/airflow/.local/lib/python3.12/site-packages/airflow/example_dags/example_task_group_decorator.py
[2026-04-26T23:47:27.547+0000] {logging_mixin.py:188} INFO - [2026-04-26T23:47:27.547+0000] {dag.py:3096} INFO - Sync 1 DAGs
[2026-04-26T23:47:27.560+0000] {logging_mixin.py:188} INFO - [2026-04-26T23:47:27.560+0000] {dag.py:3954} INFO - Setting next_dagrun for example_task_group_decorator to 2026-04-25 00:00:00+00:00, run_after=2026-04-26 00:00:00+00:00
[2026-04-26T23:47:27.571+0000] {processor.py:183} INFO - Processing /home/airflow/.local/lib/python3.12/site-packages/airflow/example_dags/example_task_group_decorator.py took 0.057 seconds
[2026-04-26T23:47:57.616+0000] {processor.py:161} INFO - Started process (PID=631) to work on /home/airflow/.local/lib/python3.12/site-packages/airflow/example_dags/example_task_group_decorator.py
[2026-04-26T23:47:57.616+0000] {processor.py:830} INFO - Processing file /home/airflow/.local/lib/python3.12/site-packages/airflow/example_dags/example_task_group_decorator.py for tasks to queue
[2026-04-26T23:47:57.617+0000] {logging_mixin.py:188} INFO - [2026-04-26T23:47:57.617+0000] {dagbag.py:545} INFO - Filling up the DagBag from /home/airflow/.local/lib/python3.12/site-packages/airflow/example_dags/example_task_group_decorator.py
[2026-04-26T23:47:57.624+0000] {processor.py:840} INFO - DAG(s) 'example_task_group_decorator' retrieved from /home/airflow/.local/lib/python3.12/site-packages/airflow/example_dags/example_task_group_decorator.py
[2026-04-26T23:47:57.637+0000] {logging_mixin.py:188} INFO - [2026-04-26T23:47:57.637+0000] {dag.py:3096} INFO - Sync 1 DAGs
[2026-04-26T23:47:57.648+0000] {logging_mixin.py:188} INFO - [2026-04-26T23:47:57.647+0000] {dag.py:3954} INFO - Setting next_dagrun for example_task_group_decorator to 2026-04-25 00:00:00+00:00, run_after=2026-04-26 00:00:00+00:00
[2026-04-26T23:47:57.655+0000] {processor.py:183} INFO - Processing /home/airflow/.local/lib/python3.12/site-packages/airflow/example_dags/example_task_group_decorator.py took 0.043 seconds
[2026-04-26T23:48:27.754+0000] {processor.py:161} INFO - Started process (PID=690) to work on /home/airflow/.local/lib/python3.12/site-packages/airflow/example_dags/example_task_group_decorator.py
[2026-04-26T23:48:27.755+0000] {processor.py:830} INFO - Processing file /home/airflow/.local/lib/python3.12/site-packages/airflow/example_dags/example_task_group_decorator.py for tasks to queue
[2026-04-26T23:48:27.756+0000] {logging_mixin.py:188} INFO - [2026-04-26T23:48:27.755+0000] {dagbag.py:545} INFO - Filling up the DagBag from /home/airflow/.local/lib/python3.12/site-packages/airflow/example_dags/example_task_group_decorator.py
[2026-04-26T23:48:27.763+0000] {processor.py:840} INFO - DAG(s) 'example_task_group_decorator' retrieved from /home/airflow/.local/lib/python3.12/site-packages/airflow/example_dags/example_task_group_decorator.py
[2026-04-26T23:48:27.776+0000] {logging_mixin.py:188} INFO - [2026-04-26T23:48:27.776+0000] {dag.py:3096} INFO - Sync 1 DAGs
[2026-04-26T23:48:27.788+0000] {logging_mixin.py:188} INFO - [2026-04-26T23:48:27.788+0000] {dag.py:3954} INFO - Setting next_dagrun for example_task_group_decorator to 2026-04-25 00:00:00+00:00, run_after=2026-04-26 00:00:00+00:00
[2026-04-26T23:48:27.797+0000] {processor.py:183} INFO - Processing /home/airflow/.local/lib/python3.12/site-packages/airflow/example_dags/example_task_group_decorator.py took 0.046 seconds
[2026-04-26T23:48:58.726+0000] {processor.py:161} INFO - Started process (PID=749) to work on /home/airflow/.local/lib/python3.12/site-packages/airflow/example_dags/example_task_group_decorator.py
[2026-04-26T23:48:58.726+0000] {processor.py:830} INFO - Processing file /home/airflow/.local/lib/python3.12/site-packages/airflow/example_dags/example_task_group_decorator.py for tasks to queue
[2026-04-26T23:48:58.727+0000] {logging_mixin.py:188} INFO - [2026-04-26T23:48:58.727+0000] {dagbag.py:545} INFO - Filling up the DagBag from /home/airflow/.local/lib/python3.12/site-packages/airflow/example_dags/example_task_group_decorator.py
[2026-04-26T23:48:58.734+0000] {processor.py:840} INFO - DAG(s) 'example_task_group_decorator' retrieved from /home/airflow/.local/lib/python3.12/site-packages/airflow/example_dags/example_task_group_decorator.py
[2026-04-26T23:48:58.746+0000] {logging_mixin.py:188} INFO - [2026-04-26T23:48:58.746+0000] {dag.py:3096} INFO - Sync 1 DAGs
[2026-04-26T23:48:58.758+0000] {logging_mixin.py:188} INFO - [2026-04-26T23:48:58.758+0000] {dag.py:3954} INFO - Setting next_dagrun for example_task_group_decorator to 2026-04-25 00:00:00+00:00, run_after=2026-04-26 00:00:00+00:00
[2026-04-26T23:48:58.766+0000] {processor.py:183} INFO - Processing /home/airflow/.local/lib/python3.12/site-packages/airflow/example_dags/example_task_group_decorator.py took 0.044 seconds
[2026-04-26T23:49:29.012+0000] {processor.py:161} INFO - Started process (PID=808) to work on /home/airflow/.local/lib/python3.12/site-packages/airflow/example_dags/example_task_group_decorator.py
[2026-04-26T23:49:29.013+0000] {processor.py:830} INFO - Processing file /home/airflow/.local/lib/python3.12/site-packages/airflow/example_dags/example_task_group_decorator.py for tasks to queue
[2026-04-26T23:49:29.014+0000] {logging_mixin.py:188} INFO - [2026-04-26T23:49:29.014+0000] {dagbag.py:545} INFO - Filling up the DagBag from /home/airflow/.local/lib/python3.12/site-packages/airflow/example_dags/example_task_group_decorator.py
[2026-04-26T23:49:29.021+0000] {processor.py:840} INFO - DAG(s) 'example_task_group_decorator' retrieved from /home/airflow/.local/lib/python3.12/site-packages/airflow/example_dags/example_task_group_decorator.py
[2026-04-26T23:49:29.033+0000] {logging_mixin.py:188} INFO - [2026-04-26T23:49:29.033+0000] {dag.py:3096} INFO - Sync 1 DAGs
[2026-04-26T23:49:29.044+0000] {logging_mixin.py:188} INFO - [2026-04-26T23:49:29.044+0000] {dag.py:3954} INFO - Setting next_dagrun for example_task_group_decorator to 2026-04-25 00:00:00+00:00, run_after=2026-04-26 00:00:00+00:00
[2026-04-26T23:49:29.054+0000] {processor.py:183} INFO - Processing /home/airflow/.local/lib/python3.12/site-packages/airflow/example_dags/example_task_group_decorator.py took 0.045 seconds
[2026-04-26T23:50:04.533+0000] {processor.py:161} INFO - Started process (PID=100) to work on /home/airflow/.local/lib/python3.12/site-packages/airflow/example_dags/example_task_group_decorator.py
[2026-04-26T23:50:04.534+0000] {processor.py:830} INFO - Processing file /home/airflow/.local/lib/python3.12/site-packages/airflow/example_dags/example_task_group_decorator.py for tasks to queue
[2026-04-26T23:50:04.535+0000] {logging_mixin.py:188} INFO - [2026-04-26T23:50:04.535+0000] {dagbag.py:545} INFO - Filling up the DagBag from /home/airflow/.local/lib/python3.12/site-packages/airflow/example_dags/example_task_group_decorator.py
[2026-04-26T23:50:04.544+0000] {processor.py:840} INFO - DAG(s) 'example_task_group_decorator' retrieved from /home/airflow/.local/lib/python3.12/site-packages/airflow/example_dags/example_task_group_decorator.py
[2026-04-26T23:50:04.550+0000] {logging_mixin.py:188} INFO - [2026-04-26T23:50:04.550+0000] {dag.py:3096} INFO - Sync 1 DAGs
[2026-04-26T23:50:04.565+0000] {logging_mixin.py:188} INFO - [2026-04-26T23:50:04.564+0000] {dag.py:3954} INFO - Setting next_dagrun for example_task_group_decorator to 2026-04-25 00:00:00+00:00, run_after=2026-04-26 00:00:00+00:00
[2026-04-26T23:50:04.576+0000] {processor.py:183} INFO - Processing /home/airflow/.local/lib/python3.12/site-packages/airflow/example_dags/example_task_group_decorator.py took 0.047 seconds
[2026-04-26T23:50:36.345+0000] {processor.py:161} INFO - Started process (PID=159) to work on /home/airflow/.local/lib/python3.12/site-packages/airflow/example_dags/example_task_group_decorator.py
[2026-04-26T23:50:36.346+0000] {processor.py:830} INFO - Processing file /home/airflow/.local/lib/python3.12/site-packages/airflow/example_dags/example_task_group_decorator.py for tasks to queue
[2026-04-26T23:50:36.347+0000] {logging_mixin.py:188} INFO - [2026-04-26T23:50:36.347+0000] {dagbag.py:545} INFO - Filling up the DagBag from /home/airflow/.local/lib/python3.12/site-packages/airflow/example_dags/example_task_group_decorator.py
[2026-04-26T23:50:36.355+0000] {processor.py:840} INFO - DAG(s) 'example_task_group_decorator' retrieved from /home/airflow/.local/lib/python3.12/site-packages/airflow/example_dags/example_task_group_decorator.py
[2026-04-26T23:50:36.424+0000] {logging_mixin.py:188} INFO - [2026-04-26T23:50:36.424+0000] {dag.py:3096} INFO - Sync 1 DAGs
[2026-04-26T23:50:36.438+0000] {logging_mixin.py:188} INFO - [2026-04-26T23:50:36.438+0000] {dag.py:3954} INFO - Setting next_dagrun for example_task_group_decorator to 2026-04-25 00:00:00+00:00, run_after=2026-04-26 00:00:00+00:00
[2026-04-26T23:50:36.449+0000] {processor.py:183} INFO - Processing /home/airflow/.local/lib/python3.12/site-packages/airflow/example_dags/example_task_group_decorator.py took 0.107 seconds
[2026-04-26T23:51:06.790+0000] {processor.py:161} INFO - Started process (PID=218) to work on /home/airflow/.local/lib/python3.12/site-packages/airflow/example_dags/example_task_group_decorator.py
[2026-04-26T23:51:06.790+0000] {processor.py:830} INFO - Processing file /home/airflow/.local/lib/python3.12/site-packages/airflow/example_dags/example_task_group_decorator.py for tasks to queue
[2026-04-26T23:51:06.791+0000] {logging_mixin.py:188} INFO - [2026-04-26T23:51:06.791+0000] {dagbag.py:545} INFO - Filling up the DagBag from /home/airflow/.local/lib/python3.12/site-packages/airflow/example_dags/example_task_group_decorator.py
[2026-04-26T23:51:06.799+0000] {processor.py:840} INFO - DAG(s) 'example_task_group_decorator' retrieved from /home/airflow/.local/lib/python3.12/site-packages/airflow/example_dags/example_task_group_decorator.py
[2026-04-26T23:51:06.812+0000] {logging_mixin.py:188} INFO - [2026-04-26T23:51:06.812+0000] {dag.py:3096} INFO - Sync 1 DAGs
[2026-04-26T23:51:06.823+0000] {logging_mixin.py:188} INFO - [2026-04-26T23:51:06.823+0000] {dag.py:3954} INFO - Setting next_dagrun for example_task_group_decorator to 2026-04-25 00:00:00+00:00, run_after=2026-04-26 00:00:00+00:00
[2026-04-26T23:51:06.833+0000] {processor.py:183} INFO - Processing /home/airflow/.local/lib/python3.12/site-packages/airflow/example_dags/example_task_group_decorator.py took 0.046 seconds
[2026-04-26T23:51:37.098+0000] {processor.py:161} INFO - Started process (PID=277) to work on /home/airflow/.local/lib/python3.12/site-packages/airflow/example_dags/example_task_group_decorator.py
[2026-04-26T23:51:37.099+0000] {processor.py:830} INFO - Processing file /home/airflow/.local/lib/python3.12/site-packages/airflow/example_dags/example_task_group_decorator.py for tasks to queue
[2026-04-26T23:51:37.100+0000] {logging_mixin.py:188} INFO - [2026-04-26T23:51:37.100+0000] {dagbag.py:545} INFO - Filling up the DagBag from /home/airflow/.local/lib/python3.12/site-packages/airflow/example_dags/example_task_group_decorator.py
[2026-04-26T23:51:37.109+0000] {processor.py:840} INFO - DAG(s) 'example_task_group_decorator' retrieved from /home/airflow/.local/lib/python3.12/site-packages/airflow/example_dags/example_task_group_decorator.py
[2026-04-26T23:51:37.124+0000] {logging_mixin.py:188} INFO - [2026-04-26T23:51:37.124+0000] {dag.py:3096} INFO - Sync 1 DAGs
[2026-04-26T23:51:37.139+0000] {logging_mixin.py:188} INFO - [2026-04-26T23:51:37.138+0000] {dag.py:3954} INFO - Setting next_dagrun for example_task_group_decorator to 2026-04-25 00:00:00+00:00, run_after=2026-04-26 00:00:00+00:00
[2026-04-26T23:51:37.152+0000] {processor.py:183} INFO - Processing /home/airflow/.local/lib/python3.12/site-packages/airflow/example_dags/example_task_group_decorator.py took 0.058 seconds
[2026-04-26T23:52:08.109+0000] {processor.py:161} INFO - Started process (PID=336) to work on /home/airflow/.local/lib/python3.12/site-packages/airflow/example_dags/example_task_group_decorator.py
[2026-04-26T23:52:08.110+0000] {processor.py:830} INFO - Processing file /home/airflow/.local/lib/python3.12/site-packages/airflow/example_dags/example_task_group_decorator.py for tasks to queue
[2026-04-26T23:52:08.111+0000] {logging_mixin.py:188} INFO - [2026-04-26T23:52:08.110+0000] {dagbag.py:545} INFO - Filling up the DagBag from /home/airflow/.local/lib/python3.12/site-packages/airflow/example_dags/example_task_group_decorator.py
[2026-04-26T23:52:08.118+0000] {processor.py:840} INFO - DAG(s) 'example_task_group_decorator' retrieved from /home/airflow/.local/lib/python3.12/site-packages/airflow/example_dags/example_task_group_decorator.py
[2026-04-26T23:52:08.131+0000] {logging_mixin.py:188} INFO - [2026-04-26T23:52:08.130+0000] {dag.py:3096} INFO - Sync 1 DAGs
[2026-04-26T23:52:08.143+0000] {logging_mixin.py:188} INFO - [2026-04-26T23:52:08.143+0000] {dag.py:3954} INFO - Setting next_dagrun for example_task_group_decorator to 2026-04-25 00:00:00+00:00, run_after=2026-04-26 00:00:00+00:00
[2026-04-26T23:52:08.151+0000] {processor.py:183} INFO - Processing /home/airflow/.local/lib/python3.12/site-packages/airflow/example_dags/example_task_group_decorator.py took 0.045 seconds
[2026-04-26T23:52:38.332+0000] {processor.py:161} INFO - Started process (PID=395) to work on /home/airflow/.local/lib/python3.12/site-packages/airflow/example_dags/example_task_group_decorator.py
[2026-04-26T23:52:38.332+0000] {processor.py:830} INFO - Processing file /home/airflow/.local/lib/python3.12/site-packages/airflow/example_dags/example_task_group_decorator.py for tasks to queue
[2026-04-26T23:52:38.333+0000] {logging_mixin.py:188} INFO - [2026-04-26T23:52:38.333+0000] {dagbag.py:545} INFO - Filling up the DagBag from /home/airflow/.local/lib/python3.12/site-packages/airflow/example_dags/example_task_group_decorator.py
[2026-04-26T23:52:38.340+0000] {processor.py:840} INFO - DAG(s) 'example_task_group_decorator' retrieved from /home/airflow/.local/lib/python3.12/site-packages/airflow/example_dags/example_task_group_decorator.py
[2026-04-26T23:52:38.353+0000] {logging_mixin.py:188} INFO - [2026-04-26T23:52:38.353+0000] {dag.py:3096} INFO - Sync 1 DAGs
[2026-04-26T23:52:38.364+0000] {logging_mixin.py:188} INFO - [2026-04-26T23:52:38.364+0000] {dag.py:3954} INFO - Setting next_dagrun for example_task_group_decorator to 2026-04-25 00:00:00+00:00, run_after=2026-04-26 00:00:00+00:00
[2026-04-26T23:52:38.372+0000] {processor.py:183} INFO - Processing /home/airflow/.local/lib/python3.12/site-packages/airflow/example_dags/example_task_group_decorator.py took 0.044 seconds
[2026-04-26T23:53:09.300+0000] {processor.py:161} INFO - Started process (PID=454) to work on /home/airflow/.local/lib/python3.12/site-packages/airflow/example_dags/example_task_group_decorator.py
[2026-04-26T23:53:09.301+0000] {processor.py:830} INFO - Processing file /home/airflow/.local/lib/python3.12/site-packages/airflow/example_dags/example_task_group_decorator.py for tasks to queue
[2026-04-26T23:53:09.302+0000] {logging_mixin.py:188} INFO - [2026-04-26T23:53:09.302+0000] {dagbag.py:545} INFO - Filling up the DagBag from /home/airflow/.local/lib/python3.12/site-packages/airflow/example_dags/example_task_group_decorator.py
[2026-04-26T23:53:09.309+0000] {processor.py:840} INFO - DAG(s) 'example_task_group_decorator' retrieved from /home/airflow/.local/lib/python3.12/site-packages/airflow/example_dags/example_task_group_decorator.py
[2026-04-26T23:53:09.325+0000] {logging_mixin.py:188} INFO - [2026-04-26T23:53:09.325+0000] {dag.py:3096} INFO - Sync 1 DAGs
[2026-04-26T23:53:09.340+0000] {logging_mixin.py:188} INFO - [2026-04-26T23:53:09.340+0000] {dag.py:3954} INFO - Setting next_dagrun for example_task_group_decorator to 2026-04-25 00:00:00+00:00, run_after=2026-04-26 00:00:00+00:00
[2026-04-26T23:53:09.352+0000] {processor.py:183} INFO - Processing /home/airflow/.local/lib/python3.12/site-packages/airflow/example_dags/example_task_group_decorator.py took 0.055 seconds
[2026-04-26T23:53:39.525+0000] {processor.py:161} INFO - Started process (PID=513) to work on /home/airflow/.local/lib/python3.12/site-packages/airflow/example_dags/example_task_group_decorator.py
[2026-04-26T23:53:39.525+0000] {processor.py:830} INFO - Processing file /home/airflow/.local/lib/python3.12/site-packages/airflow/example_dags/example_task_group_decorator.py for tasks to queue
[2026-04-26T23:53:39.526+0000] {logging_mixin.py:188} INFO - [2026-04-26T23:53:39.526+0000] {dagbag.py:545} INFO - Filling up the DagBag from /home/airflow/.local/lib/python3.12/site-packages/airflow/example_dags/example_task_group_decorator.py
[2026-04-26T23:53:39.534+0000] {processor.py:840} INFO - DAG(s) 'example_task_group_decorator' retrieved from /home/airflow/.local/lib/python3.12/site-packages/airflow/example_dags/example_task_group_decorator.py
[2026-04-26T23:53:39.549+0000] {logging_mixin.py:188} INFO - [2026-04-26T23:53:39.548+0000] {dag.py:3096} INFO - Sync 1 DAGs
[2026-04-26T23:53:39.560+0000] {logging_mixin.py:188} INFO - [2026-04-26T23:53:39.560+0000] {dag.py:3954} INFO - Setting next_dagrun for example_task_group_decorator to 2026-04-25 00:00:00+00:00, run_after=2026-04-26 00:00:00+00:00
[2026-04-26T23:53:39.569+0000] {processor.py:183} INFO - Processing /home/airflow/.local/lib/python3.12/site-packages/airflow/example_dags/example_task_group_decorator.py took 0.048 seconds
