[2026-04-26T23:08:15.554+0000] {processor.py:161} INFO - Started process (PID=77) to work on /home/airflow/.local/lib/python3.12/site-packages/airflow/example_dags/example_latest_only.py
[2026-04-26T23:08:15.555+0000] {processor.py:830} INFO - Processing file /home/airflow/.local/lib/python3.12/site-packages/airflow/example_dags/example_latest_only.py for tasks to queue
[2026-04-26T23:08:15.556+0000] {logging_mixin.py:188} INFO - [2026-04-26T23:08:15.555+0000] {dagbag.py:545} INFO - Filling up the DagBag from /home/airflow/.local/lib/python3.12/site-packages/airflow/example_dags/example_latest_only.py
[2026-04-26T23:08:15.559+0000] {processor.py:840} INFO - DAG(s) 'latest_only' retrieved from /home/airflow/.local/lib/python3.12/site-packages/airflow/example_dags/example_latest_only.py
[2026-04-26T23:08:15.566+0000] {logging_mixin.py:188} INFO - [2026-04-26T23:08:15.566+0000] {dag.py:3096} INFO - Sync 1 DAGs
[2026-04-26T23:08:15.583+0000] {logging_mixin.py:188} INFO - [2026-04-26T23:08:15.583+0000] {dag.py:3954} INFO - Setting next_dagrun for latest_only to 2026-04-26 16:00:00+00:00, run_after=2026-04-26 20:00:00+00:00
[2026-04-26T23:08:15.593+0000] {processor.py:183} INFO - Processing /home/airflow/.local/lib/python3.12/site-packages/airflow/example_dags/example_latest_only.py took 0.043 seconds
[2026-04-26T23:08:46.590+0000] {processor.py:161} INFO - Started process (PID=135) to work on /home/airflow/.local/lib/python3.12/site-packages/airflow/example_dags/example_latest_only.py
[2026-04-26T23:08:46.591+0000] {processor.py:830} INFO - Processing file /home/airflow/.local/lib/python3.12/site-packages/airflow/example_dags/example_latest_only.py for tasks to queue
[2026-04-26T23:08:46.592+0000] {logging_mixin.py:188} INFO - [2026-04-26T23:08:46.592+0000] {dagbag.py:545} INFO - Filling up the DagBag from /home/airflow/.local/lib/python3.12/site-packages/airflow/example_dags/example_latest_only.py
[2026-04-26T23:08:46.595+0000] {processor.py:840} INFO - DAG(s) 'latest_only' retrieved from /home/airflow/.local/lib/python3.12/site-packages/airflow/example_dags/example_latest_only.py
[2026-04-26T23:08:46.664+0000] {logging_mixin.py:188} INFO - [2026-04-26T23:08:46.664+0000] {dag.py:3096} INFO - Sync 1 DAGs
[2026-04-26T23:08:46.676+0000] {logging_mixin.py:188} INFO - [2026-04-26T23:08:46.676+0000] {dag.py:3954} INFO - Setting next_dagrun for latest_only to 2026-04-26 16:00:00+00:00, run_after=2026-04-26 20:00:00+00:00
[2026-04-26T23:08:46.686+0000] {processor.py:183} INFO - Processing /home/airflow/.local/lib/python3.12/site-packages/airflow/example_dags/example_latest_only.py took 0.100 seconds
[2026-04-26T23:09:17.058+0000] {processor.py:161} INFO - Started process (PID=193) to work on /home/airflow/.local/lib/python3.12/site-packages/airflow/example_dags/example_latest_only.py
[2026-04-26T23:09:17.058+0000] {processor.py:830} INFO - Processing file /home/airflow/.local/lib/python3.12/site-packages/airflow/example_dags/example_latest_only.py for tasks to queue
[2026-04-26T23:09:17.059+0000] {logging_mixin.py:188} INFO - [2026-04-26T23:09:17.059+0000] {dagbag.py:545} INFO - Filling up the DagBag from /home/airflow/.local/lib/python3.12/site-packages/airflow/example_dags/example_latest_only.py
[2026-04-26T23:09:17.062+0000] {processor.py:840} INFO - DAG(s) 'latest_only' retrieved from /home/airflow/.local/lib/python3.12/site-packages/airflow/example_dags/example_latest_only.py
[2026-04-26T23:09:17.073+0000] {logging_mixin.py:188} INFO - [2026-04-26T23:09:17.073+0000] {dag.py:3096} INFO - Sync 1 DAGs
[2026-04-26T23:09:17.084+0000] {logging_mixin.py:188} INFO - [2026-04-26T23:09:17.084+0000] {dag.py:3954} INFO - Setting next_dagrun for latest_only to 2026-04-26 16:00:00+00:00, run_after=2026-04-26 20:00:00+00:00
[2026-04-26T23:09:17.092+0000] {processor.py:183} INFO - Processing /home/airflow/.local/lib/python3.12/site-packages/airflow/example_dags/example_latest_only.py took 0.038 seconds
[2026-04-26T23:09:47.863+0000] {processor.py:161} INFO - Started process (PID=251) to work on /home/airflow/.local/lib/python3.12/site-packages/airflow/example_dags/example_latest_only.py
[2026-04-26T23:09:47.863+0000] {processor.py:830} INFO - Processing file /home/airflow/.local/lib/python3.12/site-packages/airflow/example_dags/example_latest_only.py for tasks to queue
[2026-04-26T23:09:47.864+0000] {logging_mixin.py:188} INFO - [2026-04-26T23:09:47.864+0000] {dagbag.py:545} INFO - Filling up the DagBag from /home/airflow/.local/lib/python3.12/site-packages/airflow/example_dags/example_latest_only.py
[2026-04-26T23:09:47.868+0000] {processor.py:840} INFO - DAG(s) 'latest_only' retrieved from /home/airflow/.local/lib/python3.12/site-packages/airflow/example_dags/example_latest_only.py
[2026-04-26T23:09:47.881+0000] {logging_mixin.py:188} INFO - [2026-04-26T23:09:47.881+0000] {dag.py:3096} INFO - Sync 1 DAGs
[2026-04-26T23:09:47.897+0000] {logging_mixin.py:188} INFO - [2026-04-26T23:09:47.897+0000] {dag.py:3954} INFO - Setting next_dagrun for latest_only to 2026-04-26 16:00:00+00:00, run_after=2026-04-26 20:00:00+00:00
[2026-04-26T23:09:47.909+0000] {processor.py:183} INFO - Processing /home/airflow/.local/lib/python3.12/site-packages/airflow/example_dags/example_latest_only.py took 0.049 seconds
[2026-04-26T23:10:18.768+0000] {processor.py:161} INFO - Started process (PID=315) to work on /home/airflow/.local/lib/python3.12/site-packages/airflow/example_dags/example_latest_only.py
[2026-04-26T23:10:18.768+0000] {processor.py:830} INFO - Processing file /home/airflow/.local/lib/python3.12/site-packages/airflow/example_dags/example_latest_only.py for tasks to queue
[2026-04-26T23:10:18.769+0000] {logging_mixin.py:188} INFO - [2026-04-26T23:10:18.769+0000] {dagbag.py:545} INFO - Filling up the DagBag from /home/airflow/.local/lib/python3.12/site-packages/airflow/example_dags/example_latest_only.py
[2026-04-26T23:10:18.772+0000] {processor.py:840} INFO - DAG(s) 'latest_only' retrieved from /home/airflow/.local/lib/python3.12/site-packages/airflow/example_dags/example_latest_only.py
[2026-04-26T23:10:18.782+0000] {logging_mixin.py:188} INFO - [2026-04-26T23:10:18.781+0000] {dag.py:3096} INFO - Sync 1 DAGs
[2026-04-26T23:10:18.793+0000] {logging_mixin.py:188} INFO - [2026-04-26T23:10:18.793+0000] {dag.py:3954} INFO - Setting next_dagrun for latest_only to 2026-04-26 16:00:00+00:00, run_after=2026-04-26 20:00:00+00:00
[2026-04-26T23:10:18.802+0000] {processor.py:183} INFO - Processing /home/airflow/.local/lib/python3.12/site-packages/airflow/example_dags/example_latest_only.py took 0.037 seconds
[2026-04-26T23:10:48.905+0000] {processor.py:161} INFO - Started process (PID=373) to work on /home/airflow/.local/lib/python3.12/site-packages/airflow/example_dags/example_latest_only.py
[2026-04-26T23:10:48.906+0000] {processor.py:830} INFO - Processing file /home/airflow/.local/lib/python3.12/site-packages/airflow/example_dags/example_latest_only.py for tasks to queue
[2026-04-26T23:10:48.907+0000] {logging_mixin.py:188} INFO - [2026-04-26T23:10:48.906+0000] {dagbag.py:545} INFO - Filling up the DagBag from /home/airflow/.local/lib/python3.12/site-packages/airflow/example_dags/example_latest_only.py
[2026-04-26T23:10:48.909+0000] {processor.py:840} INFO - DAG(s) 'latest_only' retrieved from /home/airflow/.local/lib/python3.12/site-packages/airflow/example_dags/example_latest_only.py
[2026-04-26T23:10:48.919+0000] {logging_mixin.py:188} INFO - [2026-04-26T23:10:48.919+0000] {dag.py:3096} INFO - Sync 1 DAGs
[2026-04-26T23:10:48.930+0000] {logging_mixin.py:188} INFO - [2026-04-26T23:10:48.930+0000] {dag.py:3954} INFO - Setting next_dagrun for latest_only to 2026-04-26 16:00:00+00:00, run_after=2026-04-26 20:00:00+00:00
[2026-04-26T23:10:48.940+0000] {processor.py:183} INFO - Processing /home/airflow/.local/lib/python3.12/site-packages/airflow/example_dags/example_latest_only.py took 0.038 seconds
[2026-04-26T23:11:19.671+0000] {processor.py:161} INFO - Started process (PID=431) to work on /home/airflow/.local/lib/python3.12/site-packages/airflow/example_dags/example_latest_only.py
[2026-04-26T23:11:19.672+0000] {processor.py:830} INFO - Processing file /home/airflow/.local/lib/python3.12/site-packages/airflow/example_dags/example_latest_only.py for tasks to queue
[2026-04-26T23:11:19.673+0000] {logging_mixin.py:188} INFO - [2026-04-26T23:11:19.673+0000] {dagbag.py:545} INFO - Filling up the DagBag from /home/airflow/.local/lib/python3.12/site-packages/airflow/example_dags/example_latest_only.py
[2026-04-26T23:11:19.676+0000] {processor.py:840} INFO - DAG(s) 'latest_only' retrieved from /home/airflow/.local/lib/python3.12/site-packages/airflow/example_dags/example_latest_only.py
[2026-04-26T23:11:19.687+0000] {logging_mixin.py:188} INFO - [2026-04-26T23:11:19.687+0000] {dag.py:3096} INFO - Sync 1 DAGs
[2026-04-26T23:11:19.700+0000] {logging_mixin.py:188} INFO - [2026-04-26T23:11:19.700+0000] {dag.py:3954} INFO - Setting next_dagrun for latest_only to 2026-04-26 16:00:00+00:00, run_after=2026-04-26 20:00:00+00:00
[2026-04-26T23:11:19.709+0000] {processor.py:183} INFO - Processing /home/airflow/.local/lib/python3.12/site-packages/airflow/example_dags/example_latest_only.py took 0.042 seconds
[2026-04-26T23:11:50.435+0000] {processor.py:161} INFO - Started process (PID=489) to work on /home/airflow/.local/lib/python3.12/site-packages/airflow/example_dags/example_latest_only.py
[2026-04-26T23:11:50.436+0000] {processor.py:830} INFO - Processing file /home/airflow/.local/lib/python3.12/site-packages/airflow/example_dags/example_latest_only.py for tasks to queue
[2026-04-26T23:11:50.437+0000] {logging_mixin.py:188} INFO - [2026-04-26T23:11:50.437+0000] {dagbag.py:545} INFO - Filling up the DagBag from /home/airflow/.local/lib/python3.12/site-packages/airflow/example_dags/example_latest_only.py
[2026-04-26T23:11:50.440+0000] {processor.py:840} INFO - DAG(s) 'latest_only' retrieved from /home/airflow/.local/lib/python3.12/site-packages/airflow/example_dags/example_latest_only.py
[2026-04-26T23:11:50.454+0000] {logging_mixin.py:188} INFO - [2026-04-26T23:11:50.453+0000] {dag.py:3096} INFO - Sync 1 DAGs
[2026-04-26T23:11:50.467+0000] {logging_mixin.py:188} INFO - [2026-04-26T23:11:50.466+0000] {dag.py:3954} INFO - Setting next_dagrun for latest_only to 2026-04-26 16:00:00+00:00, run_after=2026-04-26 20:00:00+00:00
[2026-04-26T23:11:50.477+0000] {processor.py:183} INFO - Processing /home/airflow/.local/lib/python3.12/site-packages/airflow/example_dags/example_latest_only.py took 0.045 seconds
[2026-04-26T23:12:21.261+0000] {processor.py:161} INFO - Started process (PID=547) to work on /home/airflow/.local/lib/python3.12/site-packages/airflow/example_dags/example_latest_only.py
[2026-04-26T23:12:21.262+0000] {processor.py:830} INFO - Processing file /home/airflow/.local/lib/python3.12/site-packages/airflow/example_dags/example_latest_only.py for tasks to queue
[2026-04-26T23:12:21.263+0000] {logging_mixin.py:188} INFO - [2026-04-26T23:12:21.263+0000] {dagbag.py:545} INFO - Filling up the DagBag from /home/airflow/.local/lib/python3.12/site-packages/airflow/example_dags/example_latest_only.py
[2026-04-26T23:12:21.266+0000] {processor.py:840} INFO - DAG(s) 'latest_only' retrieved from /home/airflow/.local/lib/python3.12/site-packages/airflow/example_dags/example_latest_only.py
[2026-04-26T23:12:21.280+0000] {logging_mixin.py:188} INFO - [2026-04-26T23:12:21.280+0000] {dag.py:3096} INFO - Sync 1 DAGs
[2026-04-26T23:12:21.294+0000] {logging_mixin.py:188} INFO - [2026-04-26T23:12:21.294+0000] {dag.py:3954} INFO - Setting next_dagrun for latest_only to 2026-04-26 16:00:00+00:00, run_after=2026-04-26 20:00:00+00:00
[2026-04-26T23:12:21.305+0000] {processor.py:183} INFO - Processing /home/airflow/.local/lib/python3.12/site-packages/airflow/example_dags/example_latest_only.py took 0.048 seconds
[2026-04-26T23:12:52.149+0000] {processor.py:161} INFO - Started process (PID=605) to work on /home/airflow/.local/lib/python3.12/site-packages/airflow/example_dags/example_latest_only.py
[2026-04-26T23:12:52.149+0000] {processor.py:830} INFO - Processing file /home/airflow/.local/lib/python3.12/site-packages/airflow/example_dags/example_latest_only.py for tasks to queue
[2026-04-26T23:12:52.150+0000] {logging_mixin.py:188} INFO - [2026-04-26T23:12:52.150+0000] {dagbag.py:545} INFO - Filling up the DagBag from /home/airflow/.local/lib/python3.12/site-packages/airflow/example_dags/example_latest_only.py
[2026-04-26T23:12:52.153+0000] {processor.py:840} INFO - DAG(s) 'latest_only' retrieved from /home/airflow/.local/lib/python3.12/site-packages/airflow/example_dags/example_latest_only.py
[2026-04-26T23:12:52.164+0000] {logging_mixin.py:188} INFO - [2026-04-26T23:12:52.164+0000] {dag.py:3096} INFO - Sync 1 DAGs
[2026-04-26T23:12:52.175+0000] {logging_mixin.py:188} INFO - [2026-04-26T23:12:52.175+0000] {dag.py:3954} INFO - Setting next_dagrun for latest_only to 2026-04-26 16:00:00+00:00, run_after=2026-04-26 20:00:00+00:00
[2026-04-26T23:12:52.185+0000] {processor.py:183} INFO - Processing /home/airflow/.local/lib/python3.12/site-packages/airflow/example_dags/example_latest_only.py took 0.039 seconds
[2026-04-26T23:13:22.237+0000] {processor.py:161} INFO - Started process (PID=663) to work on /home/airflow/.local/lib/python3.12/site-packages/airflow/example_dags/example_latest_only.py
[2026-04-26T23:13:22.238+0000] {processor.py:830} INFO - Processing file /home/airflow/.local/lib/python3.12/site-packages/airflow/example_dags/example_latest_only.py for tasks to queue
[2026-04-26T23:13:22.239+0000] {logging_mixin.py:188} INFO - [2026-04-26T23:13:22.239+0000] {dagbag.py:545} INFO - Filling up the DagBag from /home/airflow/.local/lib/python3.12/site-packages/airflow/example_dags/example_latest_only.py
[2026-04-26T23:13:22.242+0000] {processor.py:840} INFO - DAG(s) 'latest_only' retrieved from /home/airflow/.local/lib/python3.12/site-packages/airflow/example_dags/example_latest_only.py
[2026-04-26T23:13:22.254+0000] {logging_mixin.py:188} INFO - [2026-04-26T23:13:22.254+0000] {dag.py:3096} INFO - Sync 1 DAGs
[2026-04-26T23:13:22.266+0000] {logging_mixin.py:188} INFO - [2026-04-26T23:13:22.265+0000] {dag.py:3954} INFO - Setting next_dagrun for latest_only to 2026-04-26 16:00:00+00:00, run_after=2026-04-26 20:00:00+00:00
[2026-04-26T23:13:22.276+0000] {processor.py:183} INFO - Processing /home/airflow/.local/lib/python3.12/site-packages/airflow/example_dags/example_latest_only.py took 0.043 seconds
[2026-04-26T23:13:52.425+0000] {processor.py:161} INFO - Started process (PID=721) to work on /home/airflow/.local/lib/python3.12/site-packages/airflow/example_dags/example_latest_only.py
[2026-04-26T23:13:52.425+0000] {processor.py:830} INFO - Processing file /home/airflow/.local/lib/python3.12/site-packages/airflow/example_dags/example_latest_only.py for tasks to queue
[2026-04-26T23:13:52.426+0000] {logging_mixin.py:188} INFO - [2026-04-26T23:13:52.426+0000] {dagbag.py:545} INFO - Filling up the DagBag from /home/airflow/.local/lib/python3.12/site-packages/airflow/example_dags/example_latest_only.py
[2026-04-26T23:13:52.429+0000] {processor.py:840} INFO - DAG(s) 'latest_only' retrieved from /home/airflow/.local/lib/python3.12/site-packages/airflow/example_dags/example_latest_only.py
[2026-04-26T23:13:52.440+0000] {logging_mixin.py:188} INFO - [2026-04-26T23:13:52.440+0000] {dag.py:3096} INFO - Sync 1 DAGs
[2026-04-26T23:13:52.451+0000] {logging_mixin.py:188} INFO - [2026-04-26T23:13:52.451+0000] {dag.py:3954} INFO - Setting next_dagrun for latest_only to 2026-04-26 16:00:00+00:00, run_after=2026-04-26 20:00:00+00:00
[2026-04-26T23:13:52.461+0000] {processor.py:183} INFO - Processing /home/airflow/.local/lib/python3.12/site-packages/airflow/example_dags/example_latest_only.py took 0.040 seconds
[2026-04-26T23:14:23.071+0000] {processor.py:161} INFO - Started process (PID=779) to work on /home/airflow/.local/lib/python3.12/site-packages/airflow/example_dags/example_latest_only.py
[2026-04-26T23:14:23.071+0000] {processor.py:830} INFO - Processing file /home/airflow/.local/lib/python3.12/site-packages/airflow/example_dags/example_latest_only.py for tasks to queue
[2026-04-26T23:14:23.072+0000] {logging_mixin.py:188} INFO - [2026-04-26T23:14:23.072+0000] {dagbag.py:545} INFO - Filling up the DagBag from /home/airflow/.local/lib/python3.12/site-packages/airflow/example_dags/example_latest_only.py
[2026-04-26T23:14:23.075+0000] {processor.py:840} INFO - DAG(s) 'latest_only' retrieved from /home/airflow/.local/lib/python3.12/site-packages/airflow/example_dags/example_latest_only.py
[2026-04-26T23:14:23.085+0000] {logging_mixin.py:188} INFO - [2026-04-26T23:14:23.085+0000] {dag.py:3096} INFO - Sync 1 DAGs
[2026-04-26T23:14:23.097+0000] {logging_mixin.py:188} INFO - [2026-04-26T23:14:23.097+0000] {dag.py:3954} INFO - Setting next_dagrun for latest_only to 2026-04-26 16:00:00+00:00, run_after=2026-04-26 20:00:00+00:00
[2026-04-26T23:14:23.107+0000] {processor.py:183} INFO - Processing /home/airflow/.local/lib/python3.12/site-packages/airflow/example_dags/example_latest_only.py took 0.039 seconds
[2026-04-26T23:14:53.909+0000] {processor.py:161} INFO - Started process (PID=837) to work on /home/airflow/.local/lib/python3.12/site-packages/airflow/example_dags/example_latest_only.py
[2026-04-26T23:14:53.910+0000] {processor.py:830} INFO - Processing file /home/airflow/.local/lib/python3.12/site-packages/airflow/example_dags/example_latest_only.py for tasks to queue
[2026-04-26T23:14:53.911+0000] {logging_mixin.py:188} INFO - [2026-04-26T23:14:53.911+0000] {dagbag.py:545} INFO - Filling up the DagBag from /home/airflow/.local/lib/python3.12/site-packages/airflow/example_dags/example_latest_only.py
[2026-04-26T23:14:53.914+0000] {processor.py:840} INFO - DAG(s) 'latest_only' retrieved from /home/airflow/.local/lib/python3.12/site-packages/airflow/example_dags/example_latest_only.py
[2026-04-26T23:14:53.924+0000] {logging_mixin.py:188} INFO - [2026-04-26T23:14:53.924+0000] {dag.py:3096} INFO - Sync 1 DAGs
[2026-04-26T23:14:53.935+0000] {logging_mixin.py:188} INFO - [2026-04-26T23:14:53.935+0000] {dag.py:3954} INFO - Setting next_dagrun for latest_only to 2026-04-26 16:00:00+00:00, run_after=2026-04-26 20:00:00+00:00
[2026-04-26T23:14:53.943+0000] {processor.py:183} INFO - Processing /home/airflow/.local/lib/python3.12/site-packages/airflow/example_dags/example_latest_only.py took 0.038 seconds
[2026-04-26T23:15:24.158+0000] {processor.py:161} INFO - Started process (PID=895) to work on /home/airflow/.local/lib/python3.12/site-packages/airflow/example_dags/example_latest_only.py
[2026-04-26T23:15:24.158+0000] {processor.py:830} INFO - Processing file /home/airflow/.local/lib/python3.12/site-packages/airflow/example_dags/example_latest_only.py for tasks to queue
[2026-04-26T23:15:24.160+0000] {logging_mixin.py:188} INFO - [2026-04-26T23:15:24.159+0000] {dagbag.py:545} INFO - Filling up the DagBag from /home/airflow/.local/lib/python3.12/site-packages/airflow/example_dags/example_latest_only.py
[2026-04-26T23:15:24.163+0000] {processor.py:840} INFO - DAG(s) 'latest_only' retrieved from /home/airflow/.local/lib/python3.12/site-packages/airflow/example_dags/example_latest_only.py
[2026-04-26T23:15:24.176+0000] {logging_mixin.py:188} INFO - [2026-04-26T23:15:24.175+0000] {dag.py:3096} INFO - Sync 1 DAGs
[2026-04-26T23:15:24.188+0000] {logging_mixin.py:188} INFO - [2026-04-26T23:15:24.188+0000] {dag.py:3954} INFO - Setting next_dagrun for latest_only to 2026-04-26 16:00:00+00:00, run_after=2026-04-26 20:00:00+00:00
[2026-04-26T23:15:24.198+0000] {processor.py:183} INFO - Processing /home/airflow/.local/lib/python3.12/site-packages/airflow/example_dags/example_latest_only.py took 0.044 seconds
[2026-04-26T23:15:55.116+0000] {processor.py:161} INFO - Started process (PID=953) to work on /home/airflow/.local/lib/python3.12/site-packages/airflow/example_dags/example_latest_only.py
[2026-04-26T23:15:55.116+0000] {processor.py:830} INFO - Processing file /home/airflow/.local/lib/python3.12/site-packages/airflow/example_dags/example_latest_only.py for tasks to queue
[2026-04-26T23:15:55.118+0000] {logging_mixin.py:188} INFO - [2026-04-26T23:15:55.117+0000] {dagbag.py:545} INFO - Filling up the DagBag from /home/airflow/.local/lib/python3.12/site-packages/airflow/example_dags/example_latest_only.py
[2026-04-26T23:15:55.122+0000] {processor.py:840} INFO - DAG(s) 'latest_only' retrieved from /home/airflow/.local/lib/python3.12/site-packages/airflow/example_dags/example_latest_only.py
[2026-04-26T23:15:55.136+0000] {logging_mixin.py:188} INFO - [2026-04-26T23:15:55.136+0000] {dag.py:3096} INFO - Sync 1 DAGs
[2026-04-26T23:15:55.152+0000] {logging_mixin.py:188} INFO - [2026-04-26T23:15:55.152+0000] {dag.py:3954} INFO - Setting next_dagrun for latest_only to 2026-04-26 16:00:00+00:00, run_after=2026-04-26 20:00:00+00:00
[2026-04-26T23:15:55.164+0000] {processor.py:183} INFO - Processing /home/airflow/.local/lib/python3.12/site-packages/airflow/example_dags/example_latest_only.py took 0.052 seconds
[2026-04-26T23:16:25.273+0000] {processor.py:161} INFO - Started process (PID=1010) to work on /home/airflow/.local/lib/python3.12/site-packages/airflow/example_dags/example_latest_only.py
[2026-04-26T23:16:25.282+0000] {processor.py:830} INFO - Processing file /home/airflow/.local/lib/python3.12/site-packages/airflow/example_dags/example_latest_only.py for tasks to queue
[2026-04-26T23:16:25.283+0000] {logging_mixin.py:188} INFO - [2026-04-26T23:16:25.283+0000] {dagbag.py:545} INFO - Filling up the DagBag from /home/airflow/.local/lib/python3.12/site-packages/airflow/example_dags/example_latest_only.py
[2026-04-26T23:16:25.287+0000] {processor.py:840} INFO - DAG(s) 'latest_only' retrieved from /home/airflow/.local/lib/python3.12/site-packages/airflow/example_dags/example_latest_only.py
[2026-04-26T23:16:25.302+0000] {logging_mixin.py:188} INFO - [2026-04-26T23:16:25.302+0000] {dag.py:3096} INFO - Sync 1 DAGs
[2026-04-26T23:16:25.317+0000] {logging_mixin.py:188} INFO - [2026-04-26T23:16:25.317+0000] {dag.py:3954} INFO - Setting next_dagrun for latest_only to 2026-04-26 16:00:00+00:00, run_after=2026-04-26 20:00:00+00:00
[2026-04-26T23:16:25.329+0000] {processor.py:183} INFO - Processing /home/airflow/.local/lib/python3.12/site-packages/airflow/example_dags/example_latest_only.py took 0.060 seconds
[2026-04-26T23:16:55.465+0000] {processor.py:161} INFO - Started process (PID=1068) to work on /home/airflow/.local/lib/python3.12/site-packages/airflow/example_dags/example_latest_only.py
[2026-04-26T23:16:55.466+0000] {processor.py:830} INFO - Processing file /home/airflow/.local/lib/python3.12/site-packages/airflow/example_dags/example_latest_only.py for tasks to queue
[2026-04-26T23:16:55.467+0000] {logging_mixin.py:188} INFO - [2026-04-26T23:16:55.467+0000] {dagbag.py:545} INFO - Filling up the DagBag from /home/airflow/.local/lib/python3.12/site-packages/airflow/example_dags/example_latest_only.py
[2026-04-26T23:16:55.470+0000] {processor.py:840} INFO - DAG(s) 'latest_only' retrieved from /home/airflow/.local/lib/python3.12/site-packages/airflow/example_dags/example_latest_only.py
[2026-04-26T23:16:55.484+0000] {logging_mixin.py:188} INFO - [2026-04-26T23:16:55.484+0000] {dag.py:3096} INFO - Sync 1 DAGs
[2026-04-26T23:16:55.499+0000] {logging_mixin.py:188} INFO - [2026-04-26T23:16:55.498+0000] {dag.py:3954} INFO - Setting next_dagrun for latest_only to 2026-04-26 16:00:00+00:00, run_after=2026-04-26 20:00:00+00:00
[2026-04-26T23:16:55.510+0000] {processor.py:183} INFO - Processing /home/airflow/.local/lib/python3.12/site-packages/airflow/example_dags/example_latest_only.py took 0.049 seconds
[2026-04-26T23:17:25.859+0000] {processor.py:161} INFO - Started process (PID=1126) to work on /home/airflow/.local/lib/python3.12/site-packages/airflow/example_dags/example_latest_only.py
[2026-04-26T23:17:25.870+0000] {processor.py:830} INFO - Processing file /home/airflow/.local/lib/python3.12/site-packages/airflow/example_dags/example_latest_only.py for tasks to queue
[2026-04-26T23:17:25.871+0000] {logging_mixin.py:188} INFO - [2026-04-26T23:17:25.871+0000] {dagbag.py:545} INFO - Filling up the DagBag from /home/airflow/.local/lib/python3.12/site-packages/airflow/example_dags/example_latest_only.py
[2026-04-26T23:17:25.875+0000] {processor.py:840} INFO - DAG(s) 'latest_only' retrieved from /home/airflow/.local/lib/python3.12/site-packages/airflow/example_dags/example_latest_only.py
[2026-04-26T23:17:25.891+0000] {logging_mixin.py:188} INFO - [2026-04-26T23:17:25.891+0000] {dag.py:3096} INFO - Sync 1 DAGs
[2026-04-26T23:17:25.908+0000] {logging_mixin.py:188} INFO - [2026-04-26T23:17:25.908+0000] {dag.py:3954} INFO - Setting next_dagrun for latest_only to 2026-04-26 16:00:00+00:00, run_after=2026-04-26 20:00:00+00:00
[2026-04-26T23:17:25.920+0000] {processor.py:183} INFO - Processing /home/airflow/.local/lib/python3.12/site-packages/airflow/example_dags/example_latest_only.py took 0.065 seconds
[2026-04-26T23:17:56.179+0000] {processor.py:161} INFO - Started process (PID=1184) to work on /home/airflow/.local/lib/python3.12/site-packages/airflow/example_dags/example_latest_only.py
[2026-04-26T23:17:56.179+0000] {processor.py:830} INFO - Processing file /home/airflow/.local/lib/python3.12/site-packages/airflow/example_dags/example_latest_only.py for tasks to queue
[2026-04-26T23:17:56.181+0000] {logging_mixin.py:188} INFO - [2026-04-26T23:17:56.180+0000] {dagbag.py:545} INFO - Filling up the DagBag from /home/airflow/.local/lib/python3.12/site-packages/airflow/example_dags/example_latest_only.py
[2026-04-26T23:17:56.184+0000] {processor.py:840} INFO - DAG(s) 'latest_only' retrieved from /home/airflow/.local/lib/python3.12/site-packages/airflow/example_dags/example_latest_only.py
[2026-04-26T23:17:56.199+0000] {logging_mixin.py:188} INFO - [2026-04-26T23:17:56.199+0000] {dag.py:3096} INFO - Sync 1 DAGs
[2026-04-26T23:17:56.214+0000] {logging_mixin.py:188} INFO - [2026-04-26T23:17:56.214+0000] {dag.py:3954} INFO - Setting next_dagrun for latest_only to 2026-04-26 16:00:00+00:00, run_after=2026-04-26 20:00:00+00:00
[2026-04-26T23:17:56.225+0000] {processor.py:183} INFO - Processing /home/airflow/.local/lib/python3.12/site-packages/airflow/example_dags/example_latest_only.py took 0.051 seconds
[2026-04-26T23:18:26.252+0000] {processor.py:161} INFO - Started process (PID=1242) to work on /home/airflow/.local/lib/python3.12/site-packages/airflow/example_dags/example_latest_only.py
[2026-04-26T23:18:26.252+0000] {processor.py:830} INFO - Processing file /home/airflow/.local/lib/python3.12/site-packages/airflow/example_dags/example_latest_only.py for tasks to queue
[2026-04-26T23:18:26.253+0000] {logging_mixin.py:188} INFO - [2026-04-26T23:18:26.253+0000] {dagbag.py:545} INFO - Filling up the DagBag from /home/airflow/.local/lib/python3.12/site-packages/airflow/example_dags/example_latest_only.py
[2026-04-26T23:18:26.256+0000] {processor.py:840} INFO - DAG(s) 'latest_only' retrieved from /home/airflow/.local/lib/python3.12/site-packages/airflow/example_dags/example_latest_only.py
[2026-04-26T23:18:26.268+0000] {logging_mixin.py:188} INFO - [2026-04-26T23:18:26.268+0000] {dag.py:3096} INFO - Sync 1 DAGs
[2026-04-26T23:18:26.280+0000] {logging_mixin.py:188} INFO - [2026-04-26T23:18:26.280+0000] {dag.py:3954} INFO - Setting next_dagrun for latest_only to 2026-04-26 16:00:00+00:00, run_after=2026-04-26 20:00:00+00:00
[2026-04-26T23:18:26.290+0000] {processor.py:183} INFO - Processing /home/airflow/.local/lib/python3.12/site-packages/airflow/example_dags/example_latest_only.py took 0.042 seconds
[2026-04-26T23:18:56.664+0000] {processor.py:161} INFO - Started process (PID=1302) to work on /home/airflow/.local/lib/python3.12/site-packages/airflow/example_dags/example_latest_only.py
[2026-04-26T23:18:56.665+0000] {processor.py:830} INFO - Processing file /home/airflow/.local/lib/python3.12/site-packages/airflow/example_dags/example_latest_only.py for tasks to queue
[2026-04-26T23:18:56.666+0000] {logging_mixin.py:188} INFO - [2026-04-26T23:18:56.666+0000] {dagbag.py:545} INFO - Filling up the DagBag from /home/airflow/.local/lib/python3.12/site-packages/airflow/example_dags/example_latest_only.py
[2026-04-26T23:18:56.668+0000] {processor.py:840} INFO - DAG(s) 'latest_only' retrieved from /home/airflow/.local/lib/python3.12/site-packages/airflow/example_dags/example_latest_only.py
[2026-04-26T23:18:56.679+0000] {logging_mixin.py:188} INFO - [2026-04-26T23:18:56.679+0000] {dag.py:3096} INFO - Sync 1 DAGs
[2026-04-26T23:18:56.691+0000] {logging_mixin.py:188} INFO - [2026-04-26T23:18:56.691+0000] {dag.py:3954} INFO - Setting next_dagrun for latest_only to 2026-04-26 16:00:00+00:00, run_after=2026-04-26 20:00:00+00:00
[2026-04-26T23:18:56.699+0000] {processor.py:183} INFO - Processing /home/airflow/.local/lib/python3.12/site-packages/airflow/example_dags/example_latest_only.py took 0.038 seconds
[2026-04-26T23:19:26.970+0000] {processor.py:161} INFO - Started process (PID=1361) to work on /home/airflow/.local/lib/python3.12/site-packages/airflow/example_dags/example_latest_only.py
[2026-04-26T23:19:26.970+0000] {processor.py:830} INFO - Processing file /home/airflow/.local/lib/python3.12/site-packages/airflow/example_dags/example_latest_only.py for tasks to queue
[2026-04-26T23:19:26.971+0000] {logging_mixin.py:188} INFO - [2026-04-26T23:19:26.971+0000] {dagbag.py:545} INFO - Filling up the DagBag from /home/airflow/.local/lib/python3.12/site-packages/airflow/example_dags/example_latest_only.py
[2026-04-26T23:19:26.973+0000] {processor.py:840} INFO - DAG(s) 'latest_only' retrieved from /home/airflow/.local/lib/python3.12/site-packages/airflow/example_dags/example_latest_only.py
[2026-04-26T23:19:26.984+0000] {logging_mixin.py:188} INFO - [2026-04-26T23:19:26.984+0000] {dag.py:3096} INFO - Sync 1 DAGs
[2026-04-26T23:19:26.995+0000] {logging_mixin.py:188} INFO - [2026-04-26T23:19:26.995+0000] {dag.py:3954} INFO - Setting next_dagrun for latest_only to 2026-04-26 16:00:00+00:00, run_after=2026-04-26 20:00:00+00:00
[2026-04-26T23:19:27.005+0000] {processor.py:183} INFO - Processing /home/airflow/.local/lib/python3.12/site-packages/airflow/example_dags/example_latest_only.py took 0.038 seconds
[2026-04-26T23:19:57.239+0000] {processor.py:161} INFO - Started process (PID=1420) to work on /home/airflow/.local/lib/python3.12/site-packages/airflow/example_dags/example_latest_only.py
[2026-04-26T23:19:57.239+0000] {processor.py:830} INFO - Processing file /home/airflow/.local/lib/python3.12/site-packages/airflow/example_dags/example_latest_only.py for tasks to queue
[2026-04-26T23:19:57.240+0000] {logging_mixin.py:188} INFO - [2026-04-26T23:19:57.240+0000] {dagbag.py:545} INFO - Filling up the DagBag from /home/airflow/.local/lib/python3.12/site-packages/airflow/example_dags/example_latest_only.py
[2026-04-26T23:19:57.243+0000] {processor.py:840} INFO - DAG(s) 'latest_only' retrieved from /home/airflow/.local/lib/python3.12/site-packages/airflow/example_dags/example_latest_only.py
[2026-04-26T23:19:57.256+0000] {logging_mixin.py:188} INFO - [2026-04-26T23:19:57.255+0000] {dag.py:3096} INFO - Sync 1 DAGs
[2026-04-26T23:19:57.267+0000] {logging_mixin.py:188} INFO - [2026-04-26T23:19:57.267+0000] {dag.py:3954} INFO - Setting next_dagrun for latest_only to 2026-04-26 16:00:00+00:00, run_after=2026-04-26 20:00:00+00:00
[2026-04-26T23:19:57.279+0000] {processor.py:183} INFO - Processing /home/airflow/.local/lib/python3.12/site-packages/airflow/example_dags/example_latest_only.py took 0.043 seconds
[2026-04-26T23:20:27.474+0000] {processor.py:161} INFO - Started process (PID=1479) to work on /home/airflow/.local/lib/python3.12/site-packages/airflow/example_dags/example_latest_only.py
[2026-04-26T23:20:27.475+0000] {processor.py:830} INFO - Processing file /home/airflow/.local/lib/python3.12/site-packages/airflow/example_dags/example_latest_only.py for tasks to queue
[2026-04-26T23:20:27.476+0000] {logging_mixin.py:188} INFO - [2026-04-26T23:20:27.476+0000] {dagbag.py:545} INFO - Filling up the DagBag from /home/airflow/.local/lib/python3.12/site-packages/airflow/example_dags/example_latest_only.py
[2026-04-26T23:20:27.479+0000] {processor.py:840} INFO - DAG(s) 'latest_only' retrieved from /home/airflow/.local/lib/python3.12/site-packages/airflow/example_dags/example_latest_only.py
[2026-04-26T23:20:27.490+0000] {logging_mixin.py:188} INFO - [2026-04-26T23:20:27.489+0000] {dag.py:3096} INFO - Sync 1 DAGs
[2026-04-26T23:20:27.500+0000] {logging_mixin.py:188} INFO - [2026-04-26T23:20:27.500+0000] {dag.py:3954} INFO - Setting next_dagrun for latest_only to 2026-04-26 16:00:00+00:00, run_after=2026-04-26 20:00:00+00:00
[2026-04-26T23:20:27.510+0000] {processor.py:183} INFO - Processing /home/airflow/.local/lib/python3.12/site-packages/airflow/example_dags/example_latest_only.py took 0.039 seconds
[2026-04-26T23:20:57.772+0000] {processor.py:161} INFO - Started process (PID=1538) to work on /home/airflow/.local/lib/python3.12/site-packages/airflow/example_dags/example_latest_only.py
[2026-04-26T23:20:57.773+0000] {processor.py:830} INFO - Processing file /home/airflow/.local/lib/python3.12/site-packages/airflow/example_dags/example_latest_only.py for tasks to queue
[2026-04-26T23:20:57.774+0000] {logging_mixin.py:188} INFO - [2026-04-26T23:20:57.774+0000] {dagbag.py:545} INFO - Filling up the DagBag from /home/airflow/.local/lib/python3.12/site-packages/airflow/example_dags/example_latest_only.py
[2026-04-26T23:20:57.778+0000] {processor.py:840} INFO - DAG(s) 'latest_only' retrieved from /home/airflow/.local/lib/python3.12/site-packages/airflow/example_dags/example_latest_only.py
[2026-04-26T23:20:57.794+0000] {logging_mixin.py:188} INFO - [2026-04-26T23:20:57.794+0000] {dag.py:3096} INFO - Sync 1 DAGs
[2026-04-26T23:20:57.811+0000] {logging_mixin.py:188} INFO - [2026-04-26T23:20:57.811+0000] {dag.py:3954} INFO - Setting next_dagrun for latest_only to 2026-04-26 16:00:00+00:00, run_after=2026-04-26 20:00:00+00:00
[2026-04-26T23:20:57.825+0000] {processor.py:183} INFO - Processing /home/airflow/.local/lib/python3.12/site-packages/airflow/example_dags/example_latest_only.py took 0.059 seconds
[2026-04-26T23:21:27.987+0000] {processor.py:161} INFO - Started process (PID=1597) to work on /home/airflow/.local/lib/python3.12/site-packages/airflow/example_dags/example_latest_only.py
[2026-04-26T23:21:27.988+0000] {processor.py:830} INFO - Processing file /home/airflow/.local/lib/python3.12/site-packages/airflow/example_dags/example_latest_only.py for tasks to queue
[2026-04-26T23:21:27.989+0000] {logging_mixin.py:188} INFO - [2026-04-26T23:21:27.989+0000] {dagbag.py:545} INFO - Filling up the DagBag from /home/airflow/.local/lib/python3.12/site-packages/airflow/example_dags/example_latest_only.py
[2026-04-26T23:21:27.992+0000] {processor.py:840} INFO - DAG(s) 'latest_only' retrieved from /home/airflow/.local/lib/python3.12/site-packages/airflow/example_dags/example_latest_only.py
[2026-04-26T23:21:28.003+0000] {logging_mixin.py:188} INFO - [2026-04-26T23:21:28.003+0000] {dag.py:3096} INFO - Sync 1 DAGs
[2026-04-26T23:21:28.015+0000] {logging_mixin.py:188} INFO - [2026-04-26T23:21:28.015+0000] {dag.py:3954} INFO - Setting next_dagrun for latest_only to 2026-04-26 16:00:00+00:00, run_after=2026-04-26 20:00:00+00:00
[2026-04-26T23:21:28.025+0000] {processor.py:183} INFO - Processing /home/airflow/.local/lib/python3.12/site-packages/airflow/example_dags/example_latest_only.py took 0.042 seconds
[2026-04-26T23:21:59.107+0000] {processor.py:161} INFO - Started process (PID=1657) to work on /home/airflow/.local/lib/python3.12/site-packages/airflow/example_dags/example_latest_only.py
[2026-04-26T23:21:59.107+0000] {processor.py:830} INFO - Processing file /home/airflow/.local/lib/python3.12/site-packages/airflow/example_dags/example_latest_only.py for tasks to queue
[2026-04-26T23:21:59.108+0000] {logging_mixin.py:188} INFO - [2026-04-26T23:21:59.108+0000] {dagbag.py:545} INFO - Filling up the DagBag from /home/airflow/.local/lib/python3.12/site-packages/airflow/example_dags/example_latest_only.py
[2026-04-26T23:21:59.111+0000] {processor.py:840} INFO - DAG(s) 'latest_only' retrieved from /home/airflow/.local/lib/python3.12/site-packages/airflow/example_dags/example_latest_only.py
[2026-04-26T23:21:59.121+0000] {logging_mixin.py:188} INFO - [2026-04-26T23:21:59.121+0000] {dag.py:3096} INFO - Sync 1 DAGs
[2026-04-26T23:21:59.132+0000] {logging_mixin.py:188} INFO - [2026-04-26T23:21:59.132+0000] {dag.py:3954} INFO - Setting next_dagrun for latest_only to 2026-04-26 16:00:00+00:00, run_after=2026-04-26 20:00:00+00:00
[2026-04-26T23:21:59.142+0000] {processor.py:183} INFO - Processing /home/airflow/.local/lib/python3.12/site-packages/airflow/example_dags/example_latest_only.py took 0.039 seconds
[2026-04-26T23:22:29.421+0000] {processor.py:161} INFO - Started process (PID=1716) to work on /home/airflow/.local/lib/python3.12/site-packages/airflow/example_dags/example_latest_only.py
[2026-04-26T23:22:29.422+0000] {processor.py:830} INFO - Processing file /home/airflow/.local/lib/python3.12/site-packages/airflow/example_dags/example_latest_only.py for tasks to queue
[2026-04-26T23:22:29.423+0000] {logging_mixin.py:188} INFO - [2026-04-26T23:22:29.423+0000] {dagbag.py:545} INFO - Filling up the DagBag from /home/airflow/.local/lib/python3.12/site-packages/airflow/example_dags/example_latest_only.py
[2026-04-26T23:22:29.425+0000] {processor.py:840} INFO - DAG(s) 'latest_only' retrieved from /home/airflow/.local/lib/python3.12/site-packages/airflow/example_dags/example_latest_only.py
[2026-04-26T23:22:29.437+0000] {logging_mixin.py:188} INFO - [2026-04-26T23:22:29.437+0000] {dag.py:3096} INFO - Sync 1 DAGs
[2026-04-26T23:22:29.449+0000] {logging_mixin.py:188} INFO - [2026-04-26T23:22:29.448+0000] {dag.py:3954} INFO - Setting next_dagrun for latest_only to 2026-04-26 16:00:00+00:00, run_after=2026-04-26 20:00:00+00:00
[2026-04-26T23:22:29.460+0000] {processor.py:183} INFO - Processing /home/airflow/.local/lib/python3.12/site-packages/airflow/example_dags/example_latest_only.py took 0.042 seconds
[2026-04-26T23:22:59.641+0000] {processor.py:161} INFO - Started process (PID=1776) to work on /home/airflow/.local/lib/python3.12/site-packages/airflow/example_dags/example_latest_only.py
[2026-04-26T23:22:59.642+0000] {processor.py:830} INFO - Processing file /home/airflow/.local/lib/python3.12/site-packages/airflow/example_dags/example_latest_only.py for tasks to queue
[2026-04-26T23:22:59.643+0000] {logging_mixin.py:188} INFO - [2026-04-26T23:22:59.643+0000] {dagbag.py:545} INFO - Filling up the DagBag from /home/airflow/.local/lib/python3.12/site-packages/airflow/example_dags/example_latest_only.py
[2026-04-26T23:22:59.646+0000] {processor.py:840} INFO - DAG(s) 'latest_only' retrieved from /home/airflow/.local/lib/python3.12/site-packages/airflow/example_dags/example_latest_only.py
[2026-04-26T23:22:59.658+0000] {logging_mixin.py:188} INFO - [2026-04-26T23:22:59.658+0000] {dag.py:3096} INFO - Sync 1 DAGs
[2026-04-26T23:22:59.670+0000] {logging_mixin.py:188} INFO - [2026-04-26T23:22:59.670+0000] {dag.py:3954} INFO - Setting next_dagrun for latest_only to 2026-04-26 16:00:00+00:00, run_after=2026-04-26 20:00:00+00:00
[2026-04-26T23:22:59.679+0000] {processor.py:183} INFO - Processing /home/airflow/.local/lib/python3.12/site-packages/airflow/example_dags/example_latest_only.py took 0.041 seconds
[2026-04-26T23:23:30.434+0000] {processor.py:161} INFO - Started process (PID=1835) to work on /home/airflow/.local/lib/python3.12/site-packages/airflow/example_dags/example_latest_only.py
[2026-04-26T23:23:30.434+0000] {processor.py:830} INFO - Processing file /home/airflow/.local/lib/python3.12/site-packages/airflow/example_dags/example_latest_only.py for tasks to queue
[2026-04-26T23:23:30.435+0000] {logging_mixin.py:188} INFO - [2026-04-26T23:23:30.435+0000] {dagbag.py:545} INFO - Filling up the DagBag from /home/airflow/.local/lib/python3.12/site-packages/airflow/example_dags/example_latest_only.py
[2026-04-26T23:23:30.438+0000] {processor.py:840} INFO - DAG(s) 'latest_only' retrieved from /home/airflow/.local/lib/python3.12/site-packages/airflow/example_dags/example_latest_only.py
[2026-04-26T23:23:30.449+0000] {logging_mixin.py:188} INFO - [2026-04-26T23:23:30.449+0000] {dag.py:3096} INFO - Sync 1 DAGs
[2026-04-26T23:23:30.460+0000] {logging_mixin.py:188} INFO - [2026-04-26T23:23:30.460+0000] {dag.py:3954} INFO - Setting next_dagrun for latest_only to 2026-04-26 16:00:00+00:00, run_after=2026-04-26 20:00:00+00:00
[2026-04-26T23:23:30.469+0000] {processor.py:183} INFO - Processing /home/airflow/.local/lib/python3.12/site-packages/airflow/example_dags/example_latest_only.py took 0.038 seconds
[2026-04-26T23:24:01.936+0000] {processor.py:161} INFO - Started process (PID=1894) to work on /home/airflow/.local/lib/python3.12/site-packages/airflow/example_dags/example_latest_only.py
[2026-04-26T23:24:01.936+0000] {processor.py:830} INFO - Processing file /home/airflow/.local/lib/python3.12/site-packages/airflow/example_dags/example_latest_only.py for tasks to queue
[2026-04-26T23:24:01.937+0000] {logging_mixin.py:188} INFO - [2026-04-26T23:24:01.937+0000] {dagbag.py:545} INFO - Filling up the DagBag from /home/airflow/.local/lib/python3.12/site-packages/airflow/example_dags/example_latest_only.py
[2026-04-26T23:24:01.940+0000] {processor.py:840} INFO - DAG(s) 'latest_only' retrieved from /home/airflow/.local/lib/python3.12/site-packages/airflow/example_dags/example_latest_only.py
[2026-04-26T23:24:01.952+0000] {logging_mixin.py:188} INFO - [2026-04-26T23:24:01.952+0000] {dag.py:3096} INFO - Sync 1 DAGs
[2026-04-26T23:24:01.964+0000] {logging_mixin.py:188} INFO - [2026-04-26T23:24:01.963+0000] {dag.py:3954} INFO - Setting next_dagrun for latest_only to 2026-04-26 16:00:00+00:00, run_after=2026-04-26 20:00:00+00:00
[2026-04-26T23:24:01.973+0000] {processor.py:183} INFO - Processing /home/airflow/.local/lib/python3.12/site-packages/airflow/example_dags/example_latest_only.py took 0.041 seconds
[2026-04-26T23:24:33.315+0000] {processor.py:161} INFO - Started process (PID=1954) to work on /home/airflow/.local/lib/python3.12/site-packages/airflow/example_dags/example_latest_only.py
[2026-04-26T23:24:33.316+0000] {processor.py:830} INFO - Processing file /home/airflow/.local/lib/python3.12/site-packages/airflow/example_dags/example_latest_only.py for tasks to queue
[2026-04-26T23:24:33.317+0000] {logging_mixin.py:188} INFO - [2026-04-26T23:24:33.317+0000] {dagbag.py:545} INFO - Filling up the DagBag from /home/airflow/.local/lib/python3.12/site-packages/airflow/example_dags/example_latest_only.py
[2026-04-26T23:24:33.319+0000] {processor.py:840} INFO - DAG(s) 'latest_only' retrieved from /home/airflow/.local/lib/python3.12/site-packages/airflow/example_dags/example_latest_only.py
[2026-04-26T23:24:33.423+0000] {logging_mixin.py:188} INFO - [2026-04-26T23:24:33.423+0000] {dag.py:3096} INFO - Sync 1 DAGs
[2026-04-26T23:24:33.433+0000] {logging_mixin.py:188} INFO - [2026-04-26T23:24:33.433+0000] {dag.py:3954} INFO - Setting next_dagrun for latest_only to 2026-04-26 16:00:00+00:00, run_after=2026-04-26 20:00:00+00:00
[2026-04-26T23:24:33.441+0000] {processor.py:183} INFO - Processing /home/airflow/.local/lib/python3.12/site-packages/airflow/example_dags/example_latest_only.py took 0.129 seconds
[2026-04-26T23:25:04.132+0000] {processor.py:161} INFO - Started process (PID=2014) to work on /home/airflow/.local/lib/python3.12/site-packages/airflow/example_dags/example_latest_only.py
[2026-04-26T23:25:04.132+0000] {processor.py:830} INFO - Processing file /home/airflow/.local/lib/python3.12/site-packages/airflow/example_dags/example_latest_only.py for tasks to queue
[2026-04-26T23:25:04.134+0000] {logging_mixin.py:188} INFO - [2026-04-26T23:25:04.133+0000] {dagbag.py:545} INFO - Filling up the DagBag from /home/airflow/.local/lib/python3.12/site-packages/airflow/example_dags/example_latest_only.py
[2026-04-26T23:25:04.137+0000] {processor.py:840} INFO - DAG(s) 'latest_only' retrieved from /home/airflow/.local/lib/python3.12/site-packages/airflow/example_dags/example_latest_only.py
[2026-04-26T23:25:04.149+0000] {logging_mixin.py:188} INFO - [2026-04-26T23:25:04.149+0000] {dag.py:3096} INFO - Sync 1 DAGs
[2026-04-26T23:25:04.163+0000] {logging_mixin.py:188} INFO - [2026-04-26T23:25:04.163+0000] {dag.py:3954} INFO - Setting next_dagrun for latest_only to 2026-04-26 16:00:00+00:00, run_after=2026-04-26 20:00:00+00:00
[2026-04-26T23:25:04.173+0000] {processor.py:183} INFO - Processing /home/airflow/.local/lib/python3.12/site-packages/airflow/example_dags/example_latest_only.py took 0.045 seconds
[2026-04-26T23:25:34.943+0000] {processor.py:161} INFO - Started process (PID=2073) to work on /home/airflow/.local/lib/python3.12/site-packages/airflow/example_dags/example_latest_only.py
[2026-04-26T23:25:34.943+0000] {processor.py:830} INFO - Processing file /home/airflow/.local/lib/python3.12/site-packages/airflow/example_dags/example_latest_only.py for tasks to queue
[2026-04-26T23:25:34.944+0000] {logging_mixin.py:188} INFO - [2026-04-26T23:25:34.944+0000] {dagbag.py:545} INFO - Filling up the DagBag from /home/airflow/.local/lib/python3.12/site-packages/airflow/example_dags/example_latest_only.py
[2026-04-26T23:25:34.947+0000] {processor.py:840} INFO - DAG(s) 'latest_only' retrieved from /home/airflow/.local/lib/python3.12/site-packages/airflow/example_dags/example_latest_only.py
[2026-04-26T23:25:34.958+0000] {logging_mixin.py:188} INFO - [2026-04-26T23:25:34.958+0000] {dag.py:3096} INFO - Sync 1 DAGs
[2026-04-26T23:25:34.971+0000] {logging_mixin.py:188} INFO - [2026-04-26T23:25:34.970+0000] {dag.py:3954} INFO - Setting next_dagrun for latest_only to 2026-04-26 16:00:00+00:00, run_after=2026-04-26 20:00:00+00:00
[2026-04-26T23:25:34.980+0000] {processor.py:183} INFO - Processing /home/airflow/.local/lib/python3.12/site-packages/airflow/example_dags/example_latest_only.py took 0.040 seconds
[2026-04-26T23:26:05.682+0000] {processor.py:161} INFO - Started process (PID=2132) to work on /home/airflow/.local/lib/python3.12/site-packages/airflow/example_dags/example_latest_only.py
[2026-04-26T23:26:05.683+0000] {processor.py:830} INFO - Processing file /home/airflow/.local/lib/python3.12/site-packages/airflow/example_dags/example_latest_only.py for tasks to queue
[2026-04-26T23:26:05.684+0000] {logging_mixin.py:188} INFO - [2026-04-26T23:26:05.684+0000] {dagbag.py:545} INFO - Filling up the DagBag from /home/airflow/.local/lib/python3.12/site-packages/airflow/example_dags/example_latest_only.py
[2026-04-26T23:26:05.687+0000] {processor.py:840} INFO - DAG(s) 'latest_only' retrieved from /home/airflow/.local/lib/python3.12/site-packages/airflow/example_dags/example_latest_only.py
[2026-04-26T23:26:05.699+0000] {logging_mixin.py:188} INFO - [2026-04-26T23:26:05.699+0000] {dag.py:3096} INFO - Sync 1 DAGs
[2026-04-26T23:26:05.711+0000] {logging_mixin.py:188} INFO - [2026-04-26T23:26:05.711+0000] {dag.py:3954} INFO - Setting next_dagrun for latest_only to 2026-04-26 16:00:00+00:00, run_after=2026-04-26 20:00:00+00:00
[2026-04-26T23:26:05.721+0000] {processor.py:183} INFO - Processing /home/airflow/.local/lib/python3.12/site-packages/airflow/example_dags/example_latest_only.py took 0.042 seconds
[2026-04-26T23:26:36.440+0000] {processor.py:161} INFO - Started process (PID=2191) to work on /home/airflow/.local/lib/python3.12/site-packages/airflow/example_dags/example_latest_only.py
[2026-04-26T23:26:36.441+0000] {processor.py:830} INFO - Processing file /home/airflow/.local/lib/python3.12/site-packages/airflow/example_dags/example_latest_only.py for tasks to queue
[2026-04-26T23:26:36.442+0000] {logging_mixin.py:188} INFO - [2026-04-26T23:26:36.442+0000] {dagbag.py:545} INFO - Filling up the DagBag from /home/airflow/.local/lib/python3.12/site-packages/airflow/example_dags/example_latest_only.py
[2026-04-26T23:26:36.445+0000] {processor.py:840} INFO - DAG(s) 'latest_only' retrieved from /home/airflow/.local/lib/python3.12/site-packages/airflow/example_dags/example_latest_only.py
[2026-04-26T23:26:36.457+0000] {logging_mixin.py:188} INFO - [2026-04-26T23:26:36.457+0000] {dag.py:3096} INFO - Sync 1 DAGs
[2026-04-26T23:26:36.470+0000] {logging_mixin.py:188} INFO - [2026-04-26T23:26:36.470+0000] {dag.py:3954} INFO - Setting next_dagrun for latest_only to 2026-04-26 16:00:00+00:00, run_after=2026-04-26 20:00:00+00:00
[2026-04-26T23:26:36.480+0000] {processor.py:183} INFO - Processing /home/airflow/.local/lib/python3.12/site-packages/airflow/example_dags/example_latest_only.py took 0.044 seconds
[2026-04-26T23:27:07.251+0000] {processor.py:161} INFO - Started process (PID=2250) to work on /home/airflow/.local/lib/python3.12/site-packages/airflow/example_dags/example_latest_only.py
[2026-04-26T23:27:07.251+0000] {processor.py:830} INFO - Processing file /home/airflow/.local/lib/python3.12/site-packages/airflow/example_dags/example_latest_only.py for tasks to queue
[2026-04-26T23:27:07.252+0000] {logging_mixin.py:188} INFO - [2026-04-26T23:27:07.252+0000] {dagbag.py:545} INFO - Filling up the DagBag from /home/airflow/.local/lib/python3.12/site-packages/airflow/example_dags/example_latest_only.py
[2026-04-26T23:27:07.255+0000] {processor.py:840} INFO - DAG(s) 'latest_only' retrieved from /home/airflow/.local/lib/python3.12/site-packages/airflow/example_dags/example_latest_only.py
[2026-04-26T23:27:07.267+0000] {logging_mixin.py:188} INFO - [2026-04-26T23:27:07.267+0000] {dag.py:3096} INFO - Sync 1 DAGs
[2026-04-26T23:27:07.280+0000] {logging_mixin.py:188} INFO - [2026-04-26T23:27:07.279+0000] {dag.py:3954} INFO - Setting next_dagrun for latest_only to 2026-04-26 16:00:00+00:00, run_after=2026-04-26 20:00:00+00:00
[2026-04-26T23:27:07.288+0000] {processor.py:183} INFO - Processing /home/airflow/.local/lib/python3.12/site-packages/airflow/example_dags/example_latest_only.py took 0.041 seconds
[2026-04-26T23:27:37.977+0000] {processor.py:161} INFO - Started process (PID=2309) to work on /home/airflow/.local/lib/python3.12/site-packages/airflow/example_dags/example_latest_only.py
[2026-04-26T23:27:37.977+0000] {processor.py:830} INFO - Processing file /home/airflow/.local/lib/python3.12/site-packages/airflow/example_dags/example_latest_only.py for tasks to queue
[2026-04-26T23:27:37.978+0000] {logging_mixin.py:188} INFO - [2026-04-26T23:27:37.978+0000] {dagbag.py:545} INFO - Filling up the DagBag from /home/airflow/.local/lib/python3.12/site-packages/airflow/example_dags/example_latest_only.py
[2026-04-26T23:27:37.981+0000] {processor.py:840} INFO - DAG(s) 'latest_only' retrieved from /home/airflow/.local/lib/python3.12/site-packages/airflow/example_dags/example_latest_only.py
[2026-04-26T23:27:37.992+0000] {logging_mixin.py:188} INFO - [2026-04-26T23:27:37.992+0000] {dag.py:3096} INFO - Sync 1 DAGs
[2026-04-26T23:27:38.005+0000] {logging_mixin.py:188} INFO - [2026-04-26T23:27:38.005+0000] {dag.py:3954} INFO - Setting next_dagrun for latest_only to 2026-04-26 16:00:00+00:00, run_after=2026-04-26 20:00:00+00:00
[2026-04-26T23:27:38.013+0000] {processor.py:183} INFO - Processing /home/airflow/.local/lib/python3.12/site-packages/airflow/example_dags/example_latest_only.py took 0.040 seconds
[2026-04-26T23:28:08.720+0000] {processor.py:161} INFO - Started process (PID=2368) to work on /home/airflow/.local/lib/python3.12/site-packages/airflow/example_dags/example_latest_only.py
[2026-04-26T23:28:08.721+0000] {processor.py:830} INFO - Processing file /home/airflow/.local/lib/python3.12/site-packages/airflow/example_dags/example_latest_only.py for tasks to queue
[2026-04-26T23:28:08.722+0000] {logging_mixin.py:188} INFO - [2026-04-26T23:28:08.722+0000] {dagbag.py:545} INFO - Filling up the DagBag from /home/airflow/.local/lib/python3.12/site-packages/airflow/example_dags/example_latest_only.py
[2026-04-26T23:28:08.724+0000] {processor.py:840} INFO - DAG(s) 'latest_only' retrieved from /home/airflow/.local/lib/python3.12/site-packages/airflow/example_dags/example_latest_only.py
[2026-04-26T23:28:08.737+0000] {logging_mixin.py:188} INFO - [2026-04-26T23:28:08.737+0000] {dag.py:3096} INFO - Sync 1 DAGs
[2026-04-26T23:28:08.749+0000] {logging_mixin.py:188} INFO - [2026-04-26T23:28:08.749+0000] {dag.py:3954} INFO - Setting next_dagrun for latest_only to 2026-04-26 16:00:00+00:00, run_after=2026-04-26 20:00:00+00:00
[2026-04-26T23:28:08.760+0000] {processor.py:183} INFO - Processing /home/airflow/.local/lib/python3.12/site-packages/airflow/example_dags/example_latest_only.py took 0.044 seconds
[2026-04-26T23:28:39.470+0000] {processor.py:161} INFO - Started process (PID=2427) to work on /home/airflow/.local/lib/python3.12/site-packages/airflow/example_dags/example_latest_only.py
[2026-04-26T23:28:39.471+0000] {processor.py:830} INFO - Processing file /home/airflow/.local/lib/python3.12/site-packages/airflow/example_dags/example_latest_only.py for tasks to queue
[2026-04-26T23:28:39.472+0000] {logging_mixin.py:188} INFO - [2026-04-26T23:28:39.472+0000] {dagbag.py:545} INFO - Filling up the DagBag from /home/airflow/.local/lib/python3.12/site-packages/airflow/example_dags/example_latest_only.py
[2026-04-26T23:28:39.475+0000] {processor.py:840} INFO - DAG(s) 'latest_only' retrieved from /home/airflow/.local/lib/python3.12/site-packages/airflow/example_dags/example_latest_only.py
[2026-04-26T23:28:39.486+0000] {logging_mixin.py:188} INFO - [2026-04-26T23:28:39.486+0000] {dag.py:3096} INFO - Sync 1 DAGs
[2026-04-26T23:28:39.498+0000] {logging_mixin.py:188} INFO - [2026-04-26T23:28:39.498+0000] {dag.py:3954} INFO - Setting next_dagrun for latest_only to 2026-04-26 16:00:00+00:00, run_after=2026-04-26 20:00:00+00:00
[2026-04-26T23:28:39.509+0000] {processor.py:183} INFO - Processing /home/airflow/.local/lib/python3.12/site-packages/airflow/example_dags/example_latest_only.py took 0.043 seconds
[2026-04-26T23:29:09.709+0000] {processor.py:161} INFO - Started process (PID=2486) to work on /home/airflow/.local/lib/python3.12/site-packages/airflow/example_dags/example_latest_only.py
[2026-04-26T23:29:09.709+0000] {processor.py:830} INFO - Processing file /home/airflow/.local/lib/python3.12/site-packages/airflow/example_dags/example_latest_only.py for tasks to queue
[2026-04-26T23:29:09.710+0000] {logging_mixin.py:188} INFO - [2026-04-26T23:29:09.710+0000] {dagbag.py:545} INFO - Filling up the DagBag from /home/airflow/.local/lib/python3.12/site-packages/airflow/example_dags/example_latest_only.py
[2026-04-26T23:29:09.713+0000] {processor.py:840} INFO - DAG(s) 'latest_only' retrieved from /home/airflow/.local/lib/python3.12/site-packages/airflow/example_dags/example_latest_only.py
[2026-04-26T23:29:09.725+0000] {logging_mixin.py:188} INFO - [2026-04-26T23:29:09.725+0000] {dag.py:3096} INFO - Sync 1 DAGs
[2026-04-26T23:29:09.738+0000] {logging_mixin.py:188} INFO - [2026-04-26T23:29:09.737+0000] {dag.py:3954} INFO - Setting next_dagrun for latest_only to 2026-04-26 16:00:00+00:00, run_after=2026-04-26 20:00:00+00:00
[2026-04-26T23:29:09.747+0000] {processor.py:183} INFO - Processing /home/airflow/.local/lib/python3.12/site-packages/airflow/example_dags/example_latest_only.py took 0.042 seconds
[2026-04-26T23:29:40.516+0000] {processor.py:161} INFO - Started process (PID=2545) to work on /home/airflow/.local/lib/python3.12/site-packages/airflow/example_dags/example_latest_only.py
[2026-04-26T23:29:40.516+0000] {processor.py:830} INFO - Processing file /home/airflow/.local/lib/python3.12/site-packages/airflow/example_dags/example_latest_only.py for tasks to queue
[2026-04-26T23:29:40.517+0000] {logging_mixin.py:188} INFO - [2026-04-26T23:29:40.517+0000] {dagbag.py:545} INFO - Filling up the DagBag from /home/airflow/.local/lib/python3.12/site-packages/airflow/example_dags/example_latest_only.py
[2026-04-26T23:29:40.520+0000] {processor.py:840} INFO - DAG(s) 'latest_only' retrieved from /home/airflow/.local/lib/python3.12/site-packages/airflow/example_dags/example_latest_only.py
[2026-04-26T23:29:40.532+0000] {logging_mixin.py:188} INFO - [2026-04-26T23:29:40.531+0000] {dag.py:3096} INFO - Sync 1 DAGs
[2026-04-26T23:29:40.544+0000] {logging_mixin.py:188} INFO - [2026-04-26T23:29:40.544+0000] {dag.py:3954} INFO - Setting next_dagrun for latest_only to 2026-04-26 16:00:00+00:00, run_after=2026-04-26 20:00:00+00:00
[2026-04-26T23:29:40.553+0000] {processor.py:183} INFO - Processing /home/airflow/.local/lib/python3.12/site-packages/airflow/example_dags/example_latest_only.py took 0.042 seconds
[2026-04-26T23:30:11.316+0000] {processor.py:161} INFO - Started process (PID=2604) to work on /home/airflow/.local/lib/python3.12/site-packages/airflow/example_dags/example_latest_only.py
[2026-04-26T23:30:11.317+0000] {processor.py:830} INFO - Processing file /home/airflow/.local/lib/python3.12/site-packages/airflow/example_dags/example_latest_only.py for tasks to queue
[2026-04-26T23:30:11.318+0000] {logging_mixin.py:188} INFO - [2026-04-26T23:30:11.318+0000] {dagbag.py:545} INFO - Filling up the DagBag from /home/airflow/.local/lib/python3.12/site-packages/airflow/example_dags/example_latest_only.py
[2026-04-26T23:30:11.321+0000] {processor.py:840} INFO - DAG(s) 'latest_only' retrieved from /home/airflow/.local/lib/python3.12/site-packages/airflow/example_dags/example_latest_only.py
[2026-04-26T23:30:11.333+0000] {logging_mixin.py:188} INFO - [2026-04-26T23:30:11.333+0000] {dag.py:3096} INFO - Sync 1 DAGs
[2026-04-26T23:30:11.345+0000] {logging_mixin.py:188} INFO - [2026-04-26T23:30:11.345+0000] {dag.py:3954} INFO - Setting next_dagrun for latest_only to 2026-04-26 16:00:00+00:00, run_after=2026-04-26 20:00:00+00:00
[2026-04-26T23:30:11.355+0000] {processor.py:183} INFO - Processing /home/airflow/.local/lib/python3.12/site-packages/airflow/example_dags/example_latest_only.py took 0.043 seconds
[2026-04-26T23:30:42.017+0000] {processor.py:161} INFO - Started process (PID=2663) to work on /home/airflow/.local/lib/python3.12/site-packages/airflow/example_dags/example_latest_only.py
[2026-04-26T23:30:42.017+0000] {processor.py:830} INFO - Processing file /home/airflow/.local/lib/python3.12/site-packages/airflow/example_dags/example_latest_only.py for tasks to queue
[2026-04-26T23:30:42.018+0000] {logging_mixin.py:188} INFO - [2026-04-26T23:30:42.018+0000] {dagbag.py:545} INFO - Filling up the DagBag from /home/airflow/.local/lib/python3.12/site-packages/airflow/example_dags/example_latest_only.py
[2026-04-26T23:30:42.021+0000] {processor.py:840} INFO - DAG(s) 'latest_only' retrieved from /home/airflow/.local/lib/python3.12/site-packages/airflow/example_dags/example_latest_only.py
[2026-04-26T23:30:42.032+0000] {logging_mixin.py:188} INFO - [2026-04-26T23:30:42.032+0000] {dag.py:3096} INFO - Sync 1 DAGs
[2026-04-26T23:30:42.044+0000] {logging_mixin.py:188} INFO - [2026-04-26T23:30:42.044+0000] {dag.py:3954} INFO - Setting next_dagrun for latest_only to 2026-04-26 16:00:00+00:00, run_after=2026-04-26 20:00:00+00:00
[2026-04-26T23:30:42.053+0000] {processor.py:183} INFO - Processing /home/airflow/.local/lib/python3.12/site-packages/airflow/example_dags/example_latest_only.py took 0.040 seconds
[2026-04-26T23:31:12.738+0000] {processor.py:161} INFO - Started process (PID=2722) to work on /home/airflow/.local/lib/python3.12/site-packages/airflow/example_dags/example_latest_only.py
[2026-04-26T23:31:12.739+0000] {processor.py:830} INFO - Processing file /home/airflow/.local/lib/python3.12/site-packages/airflow/example_dags/example_latest_only.py for tasks to queue
[2026-04-26T23:31:12.740+0000] {logging_mixin.py:188} INFO - [2026-04-26T23:31:12.740+0000] {dagbag.py:545} INFO - Filling up the DagBag from /home/airflow/.local/lib/python3.12/site-packages/airflow/example_dags/example_latest_only.py
[2026-04-26T23:31:12.743+0000] {processor.py:840} INFO - DAG(s) 'latest_only' retrieved from /home/airflow/.local/lib/python3.12/site-packages/airflow/example_dags/example_latest_only.py
[2026-04-26T23:31:12.753+0000] {logging_mixin.py:188} INFO - [2026-04-26T23:31:12.753+0000] {dag.py:3096} INFO - Sync 1 DAGs
[2026-04-26T23:31:12.765+0000] {logging_mixin.py:188} INFO - [2026-04-26T23:31:12.765+0000] {dag.py:3954} INFO - Setting next_dagrun for latest_only to 2026-04-26 16:00:00+00:00, run_after=2026-04-26 20:00:00+00:00
[2026-04-26T23:31:12.774+0000] {processor.py:183} INFO - Processing /home/airflow/.local/lib/python3.12/site-packages/airflow/example_dags/example_latest_only.py took 0.039 seconds
[2026-04-26T23:31:43.523+0000] {processor.py:161} INFO - Started process (PID=2781) to work on /home/airflow/.local/lib/python3.12/site-packages/airflow/example_dags/example_latest_only.py
[2026-04-26T23:31:43.524+0000] {processor.py:830} INFO - Processing file /home/airflow/.local/lib/python3.12/site-packages/airflow/example_dags/example_latest_only.py for tasks to queue
[2026-04-26T23:31:43.525+0000] {logging_mixin.py:188} INFO - [2026-04-26T23:31:43.525+0000] {dagbag.py:545} INFO - Filling up the DagBag from /home/airflow/.local/lib/python3.12/site-packages/airflow/example_dags/example_latest_only.py
[2026-04-26T23:31:43.528+0000] {processor.py:840} INFO - DAG(s) 'latest_only' retrieved from /home/airflow/.local/lib/python3.12/site-packages/airflow/example_dags/example_latest_only.py
[2026-04-26T23:31:43.540+0000] {logging_mixin.py:188} INFO - [2026-04-26T23:31:43.539+0000] {dag.py:3096} INFO - Sync 1 DAGs
[2026-04-26T23:31:43.552+0000] {logging_mixin.py:188} INFO - [2026-04-26T23:31:43.552+0000] {dag.py:3954} INFO - Setting next_dagrun for latest_only to 2026-04-26 16:00:00+00:00, run_after=2026-04-26 20:00:00+00:00
[2026-04-26T23:31:43.562+0000] {processor.py:183} INFO - Processing /home/airflow/.local/lib/python3.12/site-packages/airflow/example_dags/example_latest_only.py took 0.043 seconds
[2026-04-26T23:32:14.428+0000] {processor.py:161} INFO - Started process (PID=2840) to work on /home/airflow/.local/lib/python3.12/site-packages/airflow/example_dags/example_latest_only.py
[2026-04-26T23:32:14.429+0000] {processor.py:830} INFO - Processing file /home/airflow/.local/lib/python3.12/site-packages/airflow/example_dags/example_latest_only.py for tasks to queue
[2026-04-26T23:32:14.430+0000] {logging_mixin.py:188} INFO - [2026-04-26T23:32:14.430+0000] {dagbag.py:545} INFO - Filling up the DagBag from /home/airflow/.local/lib/python3.12/site-packages/airflow/example_dags/example_latest_only.py
[2026-04-26T23:32:14.434+0000] {processor.py:840} INFO - DAG(s) 'latest_only' retrieved from /home/airflow/.local/lib/python3.12/site-packages/airflow/example_dags/example_latest_only.py
[2026-04-26T23:32:14.449+0000] {logging_mixin.py:188} INFO - [2026-04-26T23:32:14.448+0000] {dag.py:3096} INFO - Sync 1 DAGs
[2026-04-26T23:32:14.466+0000] {logging_mixin.py:188} INFO - [2026-04-26T23:32:14.466+0000] {dag.py:3954} INFO - Setting next_dagrun for latest_only to 2026-04-26 16:00:00+00:00, run_after=2026-04-26 20:00:00+00:00
[2026-04-26T23:32:14.478+0000] {processor.py:183} INFO - Processing /home/airflow/.local/lib/python3.12/site-packages/airflow/example_dags/example_latest_only.py took 0.054 seconds
[2026-04-26T23:32:44.650+0000] {processor.py:161} INFO - Started process (PID=2899) to work on /home/airflow/.local/lib/python3.12/site-packages/airflow/example_dags/example_latest_only.py
[2026-04-26T23:32:44.650+0000] {processor.py:830} INFO - Processing file /home/airflow/.local/lib/python3.12/site-packages/airflow/example_dags/example_latest_only.py for tasks to queue
[2026-04-26T23:32:44.652+0000] {logging_mixin.py:188} INFO - [2026-04-26T23:32:44.652+0000] {dagbag.py:545} INFO - Filling up the DagBag from /home/airflow/.local/lib/python3.12/site-packages/airflow/example_dags/example_latest_only.py
[2026-04-26T23:32:44.655+0000] {processor.py:840} INFO - DAG(s) 'latest_only' retrieved from /home/airflow/.local/lib/python3.12/site-packages/airflow/example_dags/example_latest_only.py
[2026-04-26T23:32:44.672+0000] {logging_mixin.py:188} INFO - [2026-04-26T23:32:44.671+0000] {dag.py:3096} INFO - Sync 1 DAGs
[2026-04-26T23:32:44.687+0000] {logging_mixin.py:188} INFO - [2026-04-26T23:32:44.687+0000] {dag.py:3954} INFO - Setting next_dagrun for latest_only to 2026-04-26 16:00:00+00:00, run_after=2026-04-26 20:00:00+00:00
[2026-04-26T23:32:44.698+0000] {processor.py:183} INFO - Processing /home/airflow/.local/lib/python3.12/site-packages/airflow/example_dags/example_latest_only.py took 0.053 seconds
[2026-04-26T23:33:14.734+0000] {processor.py:161} INFO - Started process (PID=2958) to work on /home/airflow/.local/lib/python3.12/site-packages/airflow/example_dags/example_latest_only.py
[2026-04-26T23:33:14.735+0000] {processor.py:830} INFO - Processing file /home/airflow/.local/lib/python3.12/site-packages/airflow/example_dags/example_latest_only.py for tasks to queue
[2026-04-26T23:33:14.736+0000] {logging_mixin.py:188} INFO - [2026-04-26T23:33:14.736+0000] {dagbag.py:545} INFO - Filling up the DagBag from /home/airflow/.local/lib/python3.12/site-packages/airflow/example_dags/example_latest_only.py
[2026-04-26T23:33:14.738+0000] {processor.py:840} INFO - DAG(s) 'latest_only' retrieved from /home/airflow/.local/lib/python3.12/site-packages/airflow/example_dags/example_latest_only.py
[2026-04-26T23:33:14.750+0000] {logging_mixin.py:188} INFO - [2026-04-26T23:33:14.750+0000] {dag.py:3096} INFO - Sync 1 DAGs
[2026-04-26T23:33:14.762+0000] {logging_mixin.py:188} INFO - [2026-04-26T23:33:14.761+0000] {dag.py:3954} INFO - Setting next_dagrun for latest_only to 2026-04-26 16:00:00+00:00, run_after=2026-04-26 20:00:00+00:00
[2026-04-26T23:33:14.771+0000] {processor.py:183} INFO - Processing /home/airflow/.local/lib/python3.12/site-packages/airflow/example_dags/example_latest_only.py took 0.041 seconds
[2026-04-26T23:33:45.703+0000] {processor.py:161} INFO - Started process (PID=3021) to work on /home/airflow/.local/lib/python3.12/site-packages/airflow/example_dags/example_latest_only.py
[2026-04-26T23:33:45.703+0000] {processor.py:830} INFO - Processing file /home/airflow/.local/lib/python3.12/site-packages/airflow/example_dags/example_latest_only.py for tasks to queue
[2026-04-26T23:33:45.705+0000] {logging_mixin.py:188} INFO - [2026-04-26T23:33:45.704+0000] {dagbag.py:545} INFO - Filling up the DagBag from /home/airflow/.local/lib/python3.12/site-packages/airflow/example_dags/example_latest_only.py
[2026-04-26T23:33:45.707+0000] {processor.py:840} INFO - DAG(s) 'latest_only' retrieved from /home/airflow/.local/lib/python3.12/site-packages/airflow/example_dags/example_latest_only.py
[2026-04-26T23:33:45.719+0000] {logging_mixin.py:188} INFO - [2026-04-26T23:33:45.719+0000] {dag.py:3096} INFO - Sync 1 DAGs
[2026-04-26T23:33:45.733+0000] {logging_mixin.py:188} INFO - [2026-04-26T23:33:45.733+0000] {dag.py:3954} INFO - Setting next_dagrun for latest_only to 2026-04-26 16:00:00+00:00, run_after=2026-04-26 20:00:00+00:00
[2026-04-26T23:33:45.742+0000] {processor.py:183} INFO - Processing /home/airflow/.local/lib/python3.12/site-packages/airflow/example_dags/example_latest_only.py took 0.043 seconds
[2026-04-26T23:34:15.815+0000] {processor.py:161} INFO - Started process (PID=3080) to work on /home/airflow/.local/lib/python3.12/site-packages/airflow/example_dags/example_latest_only.py
[2026-04-26T23:34:15.816+0000] {processor.py:830} INFO - Processing file /home/airflow/.local/lib/python3.12/site-packages/airflow/example_dags/example_latest_only.py for tasks to queue
[2026-04-26T23:34:15.817+0000] {logging_mixin.py:188} INFO - [2026-04-26T23:34:15.817+0000] {dagbag.py:545} INFO - Filling up the DagBag from /home/airflow/.local/lib/python3.12/site-packages/airflow/example_dags/example_latest_only.py
[2026-04-26T23:34:15.820+0000] {processor.py:840} INFO - DAG(s) 'latest_only' retrieved from /home/airflow/.local/lib/python3.12/site-packages/airflow/example_dags/example_latest_only.py
[2026-04-26T23:34:15.831+0000] {logging_mixin.py:188} INFO - [2026-04-26T23:34:15.831+0000] {dag.py:3096} INFO - Sync 1 DAGs
[2026-04-26T23:34:15.844+0000] {logging_mixin.py:188} INFO - [2026-04-26T23:34:15.843+0000] {dag.py:3954} INFO - Setting next_dagrun for latest_only to 2026-04-26 16:00:00+00:00, run_after=2026-04-26 20:00:00+00:00
[2026-04-26T23:34:15.853+0000] {processor.py:183} INFO - Processing /home/airflow/.local/lib/python3.12/site-packages/airflow/example_dags/example_latest_only.py took 0.041 seconds
[2026-04-26T23:34:46.067+0000] {processor.py:161} INFO - Started process (PID=3139) to work on /home/airflow/.local/lib/python3.12/site-packages/airflow/example_dags/example_latest_only.py
[2026-04-26T23:34:46.068+0000] {processor.py:830} INFO - Processing file /home/airflow/.local/lib/python3.12/site-packages/airflow/example_dags/example_latest_only.py for tasks to queue
[2026-04-26T23:34:46.069+0000] {logging_mixin.py:188} INFO - [2026-04-26T23:34:46.069+0000] {dagbag.py:545} INFO - Filling up the DagBag from /home/airflow/.local/lib/python3.12/site-packages/airflow/example_dags/example_latest_only.py
[2026-04-26T23:34:46.072+0000] {processor.py:840} INFO - DAG(s) 'latest_only' retrieved from /home/airflow/.local/lib/python3.12/site-packages/airflow/example_dags/example_latest_only.py
[2026-04-26T23:34:46.085+0000] {logging_mixin.py:188} INFO - [2026-04-26T23:34:46.085+0000] {dag.py:3096} INFO - Sync 1 DAGs
[2026-04-26T23:34:46.097+0000] {logging_mixin.py:188} INFO - [2026-04-26T23:34:46.097+0000] {dag.py:3954} INFO - Setting next_dagrun for latest_only to 2026-04-26 16:00:00+00:00, run_after=2026-04-26 20:00:00+00:00
[2026-04-26T23:34:46.108+0000] {processor.py:183} INFO - Processing /home/airflow/.local/lib/python3.12/site-packages/airflow/example_dags/example_latest_only.py took 0.044 seconds
[2026-04-26T23:35:16.670+0000] {processor.py:161} INFO - Started process (PID=3198) to work on /home/airflow/.local/lib/python3.12/site-packages/airflow/example_dags/example_latest_only.py
[2026-04-26T23:35:16.671+0000] {processor.py:830} INFO - Processing file /home/airflow/.local/lib/python3.12/site-packages/airflow/example_dags/example_latest_only.py for tasks to queue
[2026-04-26T23:35:16.672+0000] {logging_mixin.py:188} INFO - [2026-04-26T23:35:16.672+0000] {dagbag.py:545} INFO - Filling up the DagBag from /home/airflow/.local/lib/python3.12/site-packages/airflow/example_dags/example_latest_only.py
[2026-04-26T23:35:16.675+0000] {processor.py:840} INFO - DAG(s) 'latest_only' retrieved from /home/airflow/.local/lib/python3.12/site-packages/airflow/example_dags/example_latest_only.py
[2026-04-26T23:35:16.687+0000] {logging_mixin.py:188} INFO - [2026-04-26T23:35:16.687+0000] {dag.py:3096} INFO - Sync 1 DAGs
[2026-04-26T23:35:16.699+0000] {logging_mixin.py:188} INFO - [2026-04-26T23:35:16.699+0000] {dag.py:3954} INFO - Setting next_dagrun for latest_only to 2026-04-26 16:00:00+00:00, run_after=2026-04-26 20:00:00+00:00
[2026-04-26T23:35:16.708+0000] {processor.py:183} INFO - Processing /home/airflow/.local/lib/python3.12/site-packages/airflow/example_dags/example_latest_only.py took 0.041 seconds
[2026-04-26T23:35:47.391+0000] {processor.py:161} INFO - Started process (PID=3257) to work on /home/airflow/.local/lib/python3.12/site-packages/airflow/example_dags/example_latest_only.py
[2026-04-26T23:35:47.392+0000] {processor.py:830} INFO - Processing file /home/airflow/.local/lib/python3.12/site-packages/airflow/example_dags/example_latest_only.py for tasks to queue
[2026-04-26T23:35:47.393+0000] {logging_mixin.py:188} INFO - [2026-04-26T23:35:47.393+0000] {dagbag.py:545} INFO - Filling up the DagBag from /home/airflow/.local/lib/python3.12/site-packages/airflow/example_dags/example_latest_only.py
[2026-04-26T23:35:47.396+0000] {processor.py:840} INFO - DAG(s) 'latest_only' retrieved from /home/airflow/.local/lib/python3.12/site-packages/airflow/example_dags/example_latest_only.py
[2026-04-26T23:35:47.410+0000] {logging_mixin.py:188} INFO - [2026-04-26T23:35:47.410+0000] {dag.py:3096} INFO - Sync 1 DAGs
[2026-04-26T23:35:47.423+0000] {logging_mixin.py:188} INFO - [2026-04-26T23:35:47.423+0000] {dag.py:3954} INFO - Setting next_dagrun for latest_only to 2026-04-26 16:00:00+00:00, run_after=2026-04-26 20:00:00+00:00
[2026-04-26T23:35:47.434+0000] {processor.py:183} INFO - Processing /home/airflow/.local/lib/python3.12/site-packages/airflow/example_dags/example_latest_only.py took 0.047 seconds
[2026-04-26T23:36:18.181+0000] {processor.py:161} INFO - Started process (PID=3316) to work on /home/airflow/.local/lib/python3.12/site-packages/airflow/example_dags/example_latest_only.py
[2026-04-26T23:36:18.182+0000] {processor.py:830} INFO - Processing file /home/airflow/.local/lib/python3.12/site-packages/airflow/example_dags/example_latest_only.py for tasks to queue
[2026-04-26T23:36:18.183+0000] {logging_mixin.py:188} INFO - [2026-04-26T23:36:18.183+0000] {dagbag.py:545} INFO - Filling up the DagBag from /home/airflow/.local/lib/python3.12/site-packages/airflow/example_dags/example_latest_only.py
[2026-04-26T23:36:18.186+0000] {processor.py:840} INFO - DAG(s) 'latest_only' retrieved from /home/airflow/.local/lib/python3.12/site-packages/airflow/example_dags/example_latest_only.py
[2026-04-26T23:36:18.200+0000] {logging_mixin.py:188} INFO - [2026-04-26T23:36:18.200+0000] {dag.py:3096} INFO - Sync 1 DAGs
[2026-04-26T23:36:18.215+0000] {logging_mixin.py:188} INFO - [2026-04-26T23:36:18.215+0000] {dag.py:3954} INFO - Setting next_dagrun for latest_only to 2026-04-26 16:00:00+00:00, run_after=2026-04-26 20:00:00+00:00
[2026-04-26T23:36:18.224+0000] {processor.py:183} INFO - Processing /home/airflow/.local/lib/python3.12/site-packages/airflow/example_dags/example_latest_only.py took 0.046 seconds
[2026-04-26T23:36:48.785+0000] {processor.py:161} INFO - Started process (PID=3375) to work on /home/airflow/.local/lib/python3.12/site-packages/airflow/example_dags/example_latest_only.py
[2026-04-26T23:36:48.786+0000] {processor.py:830} INFO - Processing file /home/airflow/.local/lib/python3.12/site-packages/airflow/example_dags/example_latest_only.py for tasks to queue
[2026-04-26T23:36:48.787+0000] {logging_mixin.py:188} INFO - [2026-04-26T23:36:48.787+0000] {dagbag.py:545} INFO - Filling up the DagBag from /home/airflow/.local/lib/python3.12/site-packages/airflow/example_dags/example_latest_only.py
[2026-04-26T23:36:48.790+0000] {processor.py:840} INFO - DAG(s) 'latest_only' retrieved from /home/airflow/.local/lib/python3.12/site-packages/airflow/example_dags/example_latest_only.py
[2026-04-26T23:36:48.801+0000] {logging_mixin.py:188} INFO - [2026-04-26T23:36:48.801+0000] {dag.py:3096} INFO - Sync 1 DAGs
[2026-04-26T23:36:48.814+0000] {logging_mixin.py:188} INFO - [2026-04-26T23:36:48.813+0000] {dag.py:3954} INFO - Setting next_dagrun for latest_only to 2026-04-26 16:00:00+00:00, run_after=2026-04-26 20:00:00+00:00
[2026-04-26T23:36:48.822+0000] {processor.py:183} INFO - Processing /home/airflow/.local/lib/python3.12/site-packages/airflow/example_dags/example_latest_only.py took 0.040 seconds
[2026-04-26T23:37:19.516+0000] {processor.py:161} INFO - Started process (PID=3434) to work on /home/airflow/.local/lib/python3.12/site-packages/airflow/example_dags/example_latest_only.py
[2026-04-26T23:37:19.516+0000] {processor.py:830} INFO - Processing file /home/airflow/.local/lib/python3.12/site-packages/airflow/example_dags/example_latest_only.py for tasks to queue
[2026-04-26T23:37:19.517+0000] {logging_mixin.py:188} INFO - [2026-04-26T23:37:19.517+0000] {dagbag.py:545} INFO - Filling up the DagBag from /home/airflow/.local/lib/python3.12/site-packages/airflow/example_dags/example_latest_only.py
[2026-04-26T23:37:19.520+0000] {processor.py:840} INFO - DAG(s) 'latest_only' retrieved from /home/airflow/.local/lib/python3.12/site-packages/airflow/example_dags/example_latest_only.py
[2026-04-26T23:37:19.533+0000] {logging_mixin.py:188} INFO - [2026-04-26T23:37:19.533+0000] {dag.py:3096} INFO - Sync 1 DAGs
[2026-04-26T23:37:19.545+0000] {logging_mixin.py:188} INFO - [2026-04-26T23:37:19.545+0000] {dag.py:3954} INFO - Setting next_dagrun for latest_only to 2026-04-26 16:00:00+00:00, run_after=2026-04-26 20:00:00+00:00
[2026-04-26T23:37:19.555+0000] {processor.py:183} INFO - Processing /home/airflow/.local/lib/python3.12/site-packages/airflow/example_dags/example_latest_only.py took 0.043 seconds
[2026-04-26T23:37:50.284+0000] {processor.py:161} INFO - Started process (PID=3493) to work on /home/airflow/.local/lib/python3.12/site-packages/airflow/example_dags/example_latest_only.py
[2026-04-26T23:37:50.285+0000] {processor.py:830} INFO - Processing file /home/airflow/.local/lib/python3.12/site-packages/airflow/example_dags/example_latest_only.py for tasks to queue
[2026-04-26T23:37:50.286+0000] {logging_mixin.py:188} INFO - [2026-04-26T23:37:50.286+0000] {dagbag.py:545} INFO - Filling up the DagBag from /home/airflow/.local/lib/python3.12/site-packages/airflow/example_dags/example_latest_only.py
[2026-04-26T23:37:50.289+0000] {processor.py:840} INFO - DAG(s) 'latest_only' retrieved from /home/airflow/.local/lib/python3.12/site-packages/airflow/example_dags/example_latest_only.py
[2026-04-26T23:37:50.301+0000] {logging_mixin.py:188} INFO - [2026-04-26T23:37:50.301+0000] {dag.py:3096} INFO - Sync 1 DAGs
[2026-04-26T23:37:50.314+0000] {logging_mixin.py:188} INFO - [2026-04-26T23:37:50.314+0000] {dag.py:3954} INFO - Setting next_dagrun for latest_only to 2026-04-26 16:00:00+00:00, run_after=2026-04-26 20:00:00+00:00
[2026-04-26T23:37:50.324+0000] {processor.py:183} INFO - Processing /home/airflow/.local/lib/python3.12/site-packages/airflow/example_dags/example_latest_only.py took 0.043 seconds
[2026-04-26T23:38:21.032+0000] {processor.py:161} INFO - Started process (PID=3558) to work on /home/airflow/.local/lib/python3.12/site-packages/airflow/example_dags/example_latest_only.py
[2026-04-26T23:38:21.032+0000] {processor.py:830} INFO - Processing file /home/airflow/.local/lib/python3.12/site-packages/airflow/example_dags/example_latest_only.py for tasks to queue
[2026-04-26T23:38:21.033+0000] {logging_mixin.py:188} INFO - [2026-04-26T23:38:21.033+0000] {dagbag.py:545} INFO - Filling up the DagBag from /home/airflow/.local/lib/python3.12/site-packages/airflow/example_dags/example_latest_only.py
[2026-04-26T23:38:21.037+0000] {processor.py:840} INFO - DAG(s) 'latest_only' retrieved from /home/airflow/.local/lib/python3.12/site-packages/airflow/example_dags/example_latest_only.py
[2026-04-26T23:38:21.050+0000] {logging_mixin.py:188} INFO - [2026-04-26T23:38:21.050+0000] {dag.py:3096} INFO - Sync 1 DAGs
[2026-04-26T23:38:21.065+0000] {logging_mixin.py:188} INFO - [2026-04-26T23:38:21.065+0000] {dag.py:3954} INFO - Setting next_dagrun for latest_only to 2026-04-26 16:00:00+00:00, run_after=2026-04-26 20:00:00+00:00
[2026-04-26T23:38:21.075+0000] {processor.py:183} INFO - Processing /home/airflow/.local/lib/python3.12/site-packages/airflow/example_dags/example_latest_only.py took 0.048 seconds
[2026-04-26T23:38:47.070+0000] {processor.py:161} INFO - Started process (PID=101) to work on /home/airflow/.local/lib/python3.12/site-packages/airflow/example_dags/example_latest_only.py
[2026-04-26T23:38:47.070+0000] {processor.py:830} INFO - Processing file /home/airflow/.local/lib/python3.12/site-packages/airflow/example_dags/example_latest_only.py for tasks to queue
[2026-04-26T23:38:47.071+0000] {logging_mixin.py:188} INFO - [2026-04-26T23:38:47.071+0000] {dagbag.py:545} INFO - Filling up the DagBag from /home/airflow/.local/lib/python3.12/site-packages/airflow/example_dags/example_latest_only.py
[2026-04-26T23:38:47.074+0000] {processor.py:840} INFO - DAG(s) 'latest_only' retrieved from /home/airflow/.local/lib/python3.12/site-packages/airflow/example_dags/example_latest_only.py
[2026-04-26T23:38:47.080+0000] {logging_mixin.py:188} INFO - [2026-04-26T23:38:47.080+0000] {dag.py:3096} INFO - Sync 1 DAGs
[2026-04-26T23:38:47.093+0000] {logging_mixin.py:188} INFO - [2026-04-26T23:38:47.093+0000] {dag.py:3954} INFO - Setting next_dagrun for latest_only to 2026-04-26 16:00:00+00:00, run_after=2026-04-26 20:00:00+00:00
[2026-04-26T23:38:47.103+0000] {processor.py:183} INFO - Processing /home/airflow/.local/lib/python3.12/site-packages/airflow/example_dags/example_latest_only.py took 0.037 seconds
[2026-04-26T23:39:18.237+0000] {processor.py:161} INFO - Started process (PID=160) to work on /home/airflow/.local/lib/python3.12/site-packages/airflow/example_dags/example_latest_only.py
[2026-04-26T23:39:18.238+0000] {processor.py:830} INFO - Processing file /home/airflow/.local/lib/python3.12/site-packages/airflow/example_dags/example_latest_only.py for tasks to queue
[2026-04-26T23:39:18.239+0000] {logging_mixin.py:188} INFO - [2026-04-26T23:39:18.239+0000] {dagbag.py:545} INFO - Filling up the DagBag from /home/airflow/.local/lib/python3.12/site-packages/airflow/example_dags/example_latest_only.py
[2026-04-26T23:39:18.241+0000] {processor.py:840} INFO - DAG(s) 'latest_only' retrieved from /home/airflow/.local/lib/python3.12/site-packages/airflow/example_dags/example_latest_only.py
[2026-04-26T23:39:18.299+0000] {logging_mixin.py:188} INFO - [2026-04-26T23:39:18.299+0000] {dag.py:3096} INFO - Sync 1 DAGs
[2026-04-26T23:39:18.314+0000] {logging_mixin.py:188} INFO - [2026-04-26T23:39:18.314+0000] {dag.py:3954} INFO - Setting next_dagrun for latest_only to 2026-04-26 16:00:00+00:00, run_after=2026-04-26 20:00:00+00:00
[2026-04-26T23:39:18.334+0000] {processor.py:183} INFO - Processing /home/airflow/.local/lib/python3.12/site-packages/airflow/example_dags/example_latest_only.py took 0.100 seconds
[2026-04-26T23:39:48.432+0000] {processor.py:161} INFO - Started process (PID=218) to work on /home/airflow/.local/lib/python3.12/site-packages/airflow/example_dags/example_latest_only.py
[2026-04-26T23:39:48.433+0000] {processor.py:830} INFO - Processing file /home/airflow/.local/lib/python3.12/site-packages/airflow/example_dags/example_latest_only.py for tasks to queue
[2026-04-26T23:39:48.434+0000] {logging_mixin.py:188} INFO - [2026-04-26T23:39:48.434+0000] {dagbag.py:545} INFO - Filling up the DagBag from /home/airflow/.local/lib/python3.12/site-packages/airflow/example_dags/example_latest_only.py
[2026-04-26T23:39:48.437+0000] {processor.py:840} INFO - DAG(s) 'latest_only' retrieved from /home/airflow/.local/lib/python3.12/site-packages/airflow/example_dags/example_latest_only.py
[2026-04-26T23:39:48.448+0000] {logging_mixin.py:188} INFO - [2026-04-26T23:39:48.448+0000] {dag.py:3096} INFO - Sync 1 DAGs
[2026-04-26T23:39:48.460+0000] {logging_mixin.py:188} INFO - [2026-04-26T23:39:48.460+0000] {dag.py:3954} INFO - Setting next_dagrun for latest_only to 2026-04-26 16:00:00+00:00, run_after=2026-04-26 20:00:00+00:00
[2026-04-26T23:39:48.471+0000] {processor.py:183} INFO - Processing /home/airflow/.local/lib/python3.12/site-packages/airflow/example_dags/example_latest_only.py took 0.042 seconds
[2026-04-26T23:40:19.342+0000] {processor.py:161} INFO - Started process (PID=278) to work on /home/airflow/.local/lib/python3.12/site-packages/airflow/example_dags/example_latest_only.py
[2026-04-26T23:40:19.342+0000] {processor.py:830} INFO - Processing file /home/airflow/.local/lib/python3.12/site-packages/airflow/example_dags/example_latest_only.py for tasks to queue
[2026-04-26T23:40:19.343+0000] {logging_mixin.py:188} INFO - [2026-04-26T23:40:19.343+0000] {dagbag.py:545} INFO - Filling up the DagBag from /home/airflow/.local/lib/python3.12/site-packages/airflow/example_dags/example_latest_only.py
[2026-04-26T23:40:19.346+0000] {processor.py:840} INFO - DAG(s) 'latest_only' retrieved from /home/airflow/.local/lib/python3.12/site-packages/airflow/example_dags/example_latest_only.py
[2026-04-26T23:40:19.358+0000] {logging_mixin.py:188} INFO - [2026-04-26T23:40:19.358+0000] {dag.py:3096} INFO - Sync 1 DAGs
[2026-04-26T23:40:19.371+0000] {logging_mixin.py:188} INFO - [2026-04-26T23:40:19.371+0000] {dag.py:3954} INFO - Setting next_dagrun for latest_only to 2026-04-26 16:00:00+00:00, run_after=2026-04-26 20:00:00+00:00
[2026-04-26T23:40:19.381+0000] {processor.py:183} INFO - Processing /home/airflow/.local/lib/python3.12/site-packages/airflow/example_dags/example_latest_only.py took 0.043 seconds
[2026-04-26T23:40:50.434+0000] {processor.py:161} INFO - Started process (PID=337) to work on /home/airflow/.local/lib/python3.12/site-packages/airflow/example_dags/example_latest_only.py
[2026-04-26T23:40:50.435+0000] {processor.py:830} INFO - Processing file /home/airflow/.local/lib/python3.12/site-packages/airflow/example_dags/example_latest_only.py for tasks to queue
[2026-04-26T23:40:50.436+0000] {logging_mixin.py:188} INFO - [2026-04-26T23:40:50.436+0000] {dagbag.py:545} INFO - Filling up the DagBag from /home/airflow/.local/lib/python3.12/site-packages/airflow/example_dags/example_latest_only.py
[2026-04-26T23:40:50.439+0000] {processor.py:840} INFO - DAG(s) 'latest_only' retrieved from /home/airflow/.local/lib/python3.12/site-packages/airflow/example_dags/example_latest_only.py
[2026-04-26T23:40:50.450+0000] {logging_mixin.py:188} INFO - [2026-04-26T23:40:50.450+0000] {dag.py:3096} INFO - Sync 1 DAGs
[2026-04-26T23:40:50.462+0000] {logging_mixin.py:188} INFO - [2026-04-26T23:40:50.462+0000] {dag.py:3954} INFO - Setting next_dagrun for latest_only to 2026-04-26 16:00:00+00:00, run_after=2026-04-26 20:00:00+00:00
[2026-04-26T23:40:50.470+0000] {processor.py:183} INFO - Processing /home/airflow/.local/lib/python3.12/site-packages/airflow/example_dags/example_latest_only.py took 0.040 seconds
[2026-04-26T23:41:21.330+0000] {processor.py:161} INFO - Started process (PID=396) to work on /home/airflow/.local/lib/python3.12/site-packages/airflow/example_dags/example_latest_only.py
[2026-04-26T23:41:21.331+0000] {processor.py:830} INFO - Processing file /home/airflow/.local/lib/python3.12/site-packages/airflow/example_dags/example_latest_only.py for tasks to queue
[2026-04-26T23:41:21.332+0000] {logging_mixin.py:188} INFO - [2026-04-26T23:41:21.331+0000] {dagbag.py:545} INFO - Filling up the DagBag from /home/airflow/.local/lib/python3.12/site-packages/airflow/example_dags/example_latest_only.py
[2026-04-26T23:41:21.335+0000] {processor.py:840} INFO - DAG(s) 'latest_only' retrieved from /home/airflow/.local/lib/python3.12/site-packages/airflow/example_dags/example_latest_only.py
[2026-04-26T23:41:21.348+0000] {logging_mixin.py:188} INFO - [2026-04-26T23:41:21.347+0000] {dag.py:3096} INFO - Sync 1 DAGs
[2026-04-26T23:41:21.360+0000] {logging_mixin.py:188} INFO - [2026-04-26T23:41:21.360+0000] {dag.py:3954} INFO - Setting next_dagrun for latest_only to 2026-04-26 16:00:00+00:00, run_after=2026-04-26 20:00:00+00:00
[2026-04-26T23:41:21.370+0000] {processor.py:183} INFO - Processing /home/airflow/.local/lib/python3.12/site-packages/airflow/example_dags/example_latest_only.py took 0.044 seconds
[2026-04-26T23:41:51.529+0000] {processor.py:161} INFO - Started process (PID=455) to work on /home/airflow/.local/lib/python3.12/site-packages/airflow/example_dags/example_latest_only.py
[2026-04-26T23:41:51.530+0000] {processor.py:830} INFO - Processing file /home/airflow/.local/lib/python3.12/site-packages/airflow/example_dags/example_latest_only.py for tasks to queue
[2026-04-26T23:41:51.531+0000] {logging_mixin.py:188} INFO - [2026-04-26T23:41:51.531+0000] {dagbag.py:545} INFO - Filling up the DagBag from /home/airflow/.local/lib/python3.12/site-packages/airflow/example_dags/example_latest_only.py
[2026-04-26T23:41:51.534+0000] {processor.py:840} INFO - DAG(s) 'latest_only' retrieved from /home/airflow/.local/lib/python3.12/site-packages/airflow/example_dags/example_latest_only.py
[2026-04-26T23:41:51.545+0000] {logging_mixin.py:188} INFO - [2026-04-26T23:41:51.545+0000] {dag.py:3096} INFO - Sync 1 DAGs
[2026-04-26T23:41:51.557+0000] {logging_mixin.py:188} INFO - [2026-04-26T23:41:51.557+0000] {dag.py:3954} INFO - Setting next_dagrun for latest_only to 2026-04-26 16:00:00+00:00, run_after=2026-04-26 20:00:00+00:00
[2026-04-26T23:41:51.567+0000] {processor.py:183} INFO - Processing /home/airflow/.local/lib/python3.12/site-packages/airflow/example_dags/example_latest_only.py took 0.041 seconds
[2026-04-26T23:42:21.653+0000] {processor.py:161} INFO - Started process (PID=514) to work on /home/airflow/.local/lib/python3.12/site-packages/airflow/example_dags/example_latest_only.py
[2026-04-26T23:42:21.654+0000] {processor.py:830} INFO - Processing file /home/airflow/.local/lib/python3.12/site-packages/airflow/example_dags/example_latest_only.py for tasks to queue
[2026-04-26T23:42:21.655+0000] {logging_mixin.py:188} INFO - [2026-04-26T23:42:21.655+0000] {dagbag.py:545} INFO - Filling up the DagBag from /home/airflow/.local/lib/python3.12/site-packages/airflow/example_dags/example_latest_only.py
[2026-04-26T23:42:21.658+0000] {processor.py:840} INFO - DAG(s) 'latest_only' retrieved from /home/airflow/.local/lib/python3.12/site-packages/airflow/example_dags/example_latest_only.py
[2026-04-26T23:42:21.671+0000] {logging_mixin.py:188} INFO - [2026-04-26T23:42:21.671+0000] {dag.py:3096} INFO - Sync 1 DAGs
[2026-04-26T23:42:21.685+0000] {logging_mixin.py:188} INFO - [2026-04-26T23:42:21.684+0000] {dag.py:3954} INFO - Setting next_dagrun for latest_only to 2026-04-26 16:00:00+00:00, run_after=2026-04-26 20:00:00+00:00
[2026-04-26T23:42:21.697+0000] {processor.py:183} INFO - Processing /home/airflow/.local/lib/python3.12/site-packages/airflow/example_dags/example_latest_only.py took 0.047 seconds
[2026-04-26T23:43:21.613+0000] {processor.py:161} INFO - Started process (PID=101) to work on /home/airflow/.local/lib/python3.12/site-packages/airflow/example_dags/example_latest_only.py
[2026-04-26T23:43:21.614+0000] {processor.py:830} INFO - Processing file /home/airflow/.local/lib/python3.12/site-packages/airflow/example_dags/example_latest_only.py for tasks to queue
[2026-04-26T23:43:21.615+0000] {logging_mixin.py:188} INFO - [2026-04-26T23:43:21.615+0000] {dagbag.py:545} INFO - Filling up the DagBag from /home/airflow/.local/lib/python3.12/site-packages/airflow/example_dags/example_latest_only.py
[2026-04-26T23:43:21.618+0000] {processor.py:840} INFO - DAG(s) 'latest_only' retrieved from /home/airflow/.local/lib/python3.12/site-packages/airflow/example_dags/example_latest_only.py
[2026-04-26T23:43:21.625+0000] {logging_mixin.py:188} INFO - [2026-04-26T23:43:21.624+0000] {dag.py:3096} INFO - Sync 1 DAGs
[2026-04-26T23:43:21.637+0000] {logging_mixin.py:188} INFO - [2026-04-26T23:43:21.636+0000] {dag.py:3954} INFO - Setting next_dagrun for latest_only to 2026-04-26 16:00:00+00:00, run_after=2026-04-26 20:00:00+00:00
[2026-04-26T23:43:21.647+0000] {processor.py:183} INFO - Processing /home/airflow/.local/lib/python3.12/site-packages/airflow/example_dags/example_latest_only.py took 0.037 seconds
[2026-04-26T23:43:53.360+0000] {processor.py:161} INFO - Started process (PID=160) to work on /home/airflow/.local/lib/python3.12/site-packages/airflow/example_dags/example_latest_only.py
[2026-04-26T23:43:53.361+0000] {processor.py:830} INFO - Processing file /home/airflow/.local/lib/python3.12/site-packages/airflow/example_dags/example_latest_only.py for tasks to queue
[2026-04-26T23:43:53.362+0000] {logging_mixin.py:188} INFO - [2026-04-26T23:43:53.362+0000] {dagbag.py:545} INFO - Filling up the DagBag from /home/airflow/.local/lib/python3.12/site-packages/airflow/example_dags/example_latest_only.py
[2026-04-26T23:43:53.364+0000] {processor.py:840} INFO - DAG(s) 'latest_only' retrieved from /home/airflow/.local/lib/python3.12/site-packages/airflow/example_dags/example_latest_only.py
[2026-04-26T23:43:53.420+0000] {logging_mixin.py:188} INFO - [2026-04-26T23:43:53.419+0000] {dag.py:3096} INFO - Sync 1 DAGs
[2026-04-26T23:43:53.429+0000] {logging_mixin.py:188} INFO - [2026-04-26T23:43:53.429+0000] {dag.py:3954} INFO - Setting next_dagrun for latest_only to 2026-04-26 16:00:00+00:00, run_after=2026-04-26 20:00:00+00:00
[2026-04-26T23:43:53.474+0000] {processor.py:183} INFO - Processing /home/airflow/.local/lib/python3.12/site-packages/airflow/example_dags/example_latest_only.py took 0.117 seconds
[2026-04-26T23:44:23.756+0000] {processor.py:161} INFO - Started process (PID=219) to work on /home/airflow/.local/lib/python3.12/site-packages/airflow/example_dags/example_latest_only.py
[2026-04-26T23:44:23.757+0000] {processor.py:830} INFO - Processing file /home/airflow/.local/lib/python3.12/site-packages/airflow/example_dags/example_latest_only.py for tasks to queue
[2026-04-26T23:44:23.758+0000] {logging_mixin.py:188} INFO - [2026-04-26T23:44:23.758+0000] {dagbag.py:545} INFO - Filling up the DagBag from /home/airflow/.local/lib/python3.12/site-packages/airflow/example_dags/example_latest_only.py
[2026-04-26T23:44:23.761+0000] {processor.py:840} INFO - DAG(s) 'latest_only' retrieved from /home/airflow/.local/lib/python3.12/site-packages/airflow/example_dags/example_latest_only.py
[2026-04-26T23:44:23.772+0000] {logging_mixin.py:188} INFO - [2026-04-26T23:44:23.772+0000] {dag.py:3096} INFO - Sync 1 DAGs
[2026-04-26T23:44:23.785+0000] {logging_mixin.py:188} INFO - [2026-04-26T23:44:23.785+0000] {dag.py:3954} INFO - Setting next_dagrun for latest_only to 2026-04-26 16:00:00+00:00, run_after=2026-04-26 20:00:00+00:00
[2026-04-26T23:44:23.794+0000] {processor.py:183} INFO - Processing /home/airflow/.local/lib/python3.12/site-packages/airflow/example_dags/example_latest_only.py took 0.041 seconds
[2026-04-26T23:44:53.895+0000] {processor.py:161} INFO - Started process (PID=278) to work on /home/airflow/.local/lib/python3.12/site-packages/airflow/example_dags/example_latest_only.py
[2026-04-26T23:44:53.895+0000] {processor.py:830} INFO - Processing file /home/airflow/.local/lib/python3.12/site-packages/airflow/example_dags/example_latest_only.py for tasks to queue
[2026-04-26T23:44:53.896+0000] {logging_mixin.py:188} INFO - [2026-04-26T23:44:53.896+0000] {dagbag.py:545} INFO - Filling up the DagBag from /home/airflow/.local/lib/python3.12/site-packages/airflow/example_dags/example_latest_only.py
[2026-04-26T23:44:53.900+0000] {processor.py:840} INFO - DAG(s) 'latest_only' retrieved from /home/airflow/.local/lib/python3.12/site-packages/airflow/example_dags/example_latest_only.py
[2026-04-26T23:44:53.914+0000] {logging_mixin.py:188} INFO - [2026-04-26T23:44:53.914+0000] {dag.py:3096} INFO - Sync 1 DAGs
[2026-04-26T23:44:53.927+0000] {logging_mixin.py:188} INFO - [2026-04-26T23:44:53.927+0000] {dag.py:3954} INFO - Setting next_dagrun for latest_only to 2026-04-26 16:00:00+00:00, run_after=2026-04-26 20:00:00+00:00
[2026-04-26T23:44:53.938+0000] {processor.py:183} INFO - Processing /home/airflow/.local/lib/python3.12/site-packages/airflow/example_dags/example_latest_only.py took 0.047 seconds
[2026-04-26T23:45:24.782+0000] {processor.py:161} INFO - Started process (PID=337) to work on /home/airflow/.local/lib/python3.12/site-packages/airflow/example_dags/example_latest_only.py
[2026-04-26T23:45:24.782+0000] {processor.py:830} INFO - Processing file /home/airflow/.local/lib/python3.12/site-packages/airflow/example_dags/example_latest_only.py for tasks to queue
[2026-04-26T23:45:24.783+0000] {logging_mixin.py:188} INFO - [2026-04-26T23:45:24.783+0000] {dagbag.py:545} INFO - Filling up the DagBag from /home/airflow/.local/lib/python3.12/site-packages/airflow/example_dags/example_latest_only.py
[2026-04-26T23:45:24.786+0000] {processor.py:840} INFO - DAG(s) 'latest_only' retrieved from /home/airflow/.local/lib/python3.12/site-packages/airflow/example_dags/example_latest_only.py
[2026-04-26T23:45:24.799+0000] {logging_mixin.py:188} INFO - [2026-04-26T23:45:24.799+0000] {dag.py:3096} INFO - Sync 1 DAGs
[2026-04-26T23:45:24.811+0000] {logging_mixin.py:188} INFO - [2026-04-26T23:45:24.811+0000] {dag.py:3954} INFO - Setting next_dagrun for latest_only to 2026-04-26 16:00:00+00:00, run_after=2026-04-26 20:00:00+00:00
[2026-04-26T23:45:24.821+0000] {processor.py:183} INFO - Processing /home/airflow/.local/lib/python3.12/site-packages/airflow/example_dags/example_latest_only.py took 0.043 seconds
[2026-04-26T23:45:55.547+0000] {processor.py:161} INFO - Started process (PID=396) to work on /home/airflow/.local/lib/python3.12/site-packages/airflow/example_dags/example_latest_only.py
[2026-04-26T23:45:55.548+0000] {processor.py:830} INFO - Processing file /home/airflow/.local/lib/python3.12/site-packages/airflow/example_dags/example_latest_only.py for tasks to queue
[2026-04-26T23:45:55.549+0000] {logging_mixin.py:188} INFO - [2026-04-26T23:45:55.549+0000] {dagbag.py:545} INFO - Filling up the DagBag from /home/airflow/.local/lib/python3.12/site-packages/airflow/example_dags/example_latest_only.py
[2026-04-26T23:45:55.552+0000] {processor.py:840} INFO - DAG(s) 'latest_only' retrieved from /home/airflow/.local/lib/python3.12/site-packages/airflow/example_dags/example_latest_only.py
[2026-04-26T23:45:55.563+0000] {logging_mixin.py:188} INFO - [2026-04-26T23:45:55.563+0000] {dag.py:3096} INFO - Sync 1 DAGs
[2026-04-26T23:45:55.575+0000] {logging_mixin.py:188} INFO - [2026-04-26T23:45:55.575+0000] {dag.py:3954} INFO - Setting next_dagrun for latest_only to 2026-04-26 16:00:00+00:00, run_after=2026-04-26 20:00:00+00:00
[2026-04-26T23:45:55.584+0000] {processor.py:183} INFO - Processing /home/airflow/.local/lib/python3.12/site-packages/airflow/example_dags/example_latest_only.py took 0.040 seconds
[2026-04-26T23:46:26.353+0000] {processor.py:161} INFO - Started process (PID=455) to work on /home/airflow/.local/lib/python3.12/site-packages/airflow/example_dags/example_latest_only.py
[2026-04-26T23:46:26.354+0000] {processor.py:830} INFO - Processing file /home/airflow/.local/lib/python3.12/site-packages/airflow/example_dags/example_latest_only.py for tasks to queue
[2026-04-26T23:46:26.355+0000] {logging_mixin.py:188} INFO - [2026-04-26T23:46:26.355+0000] {dagbag.py:545} INFO - Filling up the DagBag from /home/airflow/.local/lib/python3.12/site-packages/airflow/example_dags/example_latest_only.py
[2026-04-26T23:46:26.358+0000] {processor.py:840} INFO - DAG(s) 'latest_only' retrieved from /home/airflow/.local/lib/python3.12/site-packages/airflow/example_dags/example_latest_only.py
[2026-04-26T23:46:26.370+0000] {logging_mixin.py:188} INFO - [2026-04-26T23:46:26.370+0000] {dag.py:3096} INFO - Sync 1 DAGs
[2026-04-26T23:46:26.383+0000] {logging_mixin.py:188} INFO - [2026-04-26T23:46:26.382+0000] {dag.py:3954} INFO - Setting next_dagrun for latest_only to 2026-04-26 16:00:00+00:00, run_after=2026-04-26 20:00:00+00:00
[2026-04-26T23:46:26.393+0000] {processor.py:183} INFO - Processing /home/airflow/.local/lib/python3.12/site-packages/airflow/example_dags/example_latest_only.py took 0.044 seconds
[2026-04-26T23:46:57.169+0000] {processor.py:161} INFO - Started process (PID=514) to work on /home/airflow/.local/lib/python3.12/site-packages/airflow/example_dags/example_latest_only.py
[2026-04-26T23:46:57.170+0000] {processor.py:830} INFO - Processing file /home/airflow/.local/lib/python3.12/site-packages/airflow/example_dags/example_latest_only.py for tasks to queue
[2026-04-26T23:46:57.171+0000] {logging_mixin.py:188} INFO - [2026-04-26T23:46:57.170+0000] {dagbag.py:545} INFO - Filling up the DagBag from /home/airflow/.local/lib/python3.12/site-packages/airflow/example_dags/example_latest_only.py
[2026-04-26T23:46:57.174+0000] {processor.py:840} INFO - DAG(s) 'latest_only' retrieved from /home/airflow/.local/lib/python3.12/site-packages/airflow/example_dags/example_latest_only.py
[2026-04-26T23:46:57.188+0000] {logging_mixin.py:188} INFO - [2026-04-26T23:46:57.188+0000] {dag.py:3096} INFO - Sync 1 DAGs
[2026-04-26T23:46:57.201+0000] {logging_mixin.py:188} INFO - [2026-04-26T23:46:57.201+0000] {dag.py:3954} INFO - Setting next_dagrun for latest_only to 2026-04-26 16:00:00+00:00, run_after=2026-04-26 20:00:00+00:00
[2026-04-26T23:46:57.212+0000] {processor.py:183} INFO - Processing /home/airflow/.local/lib/python3.12/site-packages/airflow/example_dags/example_latest_only.py took 0.048 seconds
[2026-04-26T23:47:27.566+0000] {processor.py:161} INFO - Started process (PID=573) to work on /home/airflow/.local/lib/python3.12/site-packages/airflow/example_dags/example_latest_only.py
[2026-04-26T23:47:27.567+0000] {processor.py:830} INFO - Processing file /home/airflow/.local/lib/python3.12/site-packages/airflow/example_dags/example_latest_only.py for tasks to queue
[2026-04-26T23:47:27.568+0000] {logging_mixin.py:188} INFO - [2026-04-26T23:47:27.568+0000] {dagbag.py:545} INFO - Filling up the DagBag from /home/airflow/.local/lib/python3.12/site-packages/airflow/example_dags/example_latest_only.py
[2026-04-26T23:47:27.571+0000] {processor.py:840} INFO - DAG(s) 'latest_only' retrieved from /home/airflow/.local/lib/python3.12/site-packages/airflow/example_dags/example_latest_only.py
[2026-04-26T23:47:27.585+0000] {logging_mixin.py:188} INFO - [2026-04-26T23:47:27.584+0000] {dag.py:3096} INFO - Sync 1 DAGs
[2026-04-26T23:47:27.599+0000] {logging_mixin.py:188} INFO - [2026-04-26T23:47:27.599+0000] {dag.py:3954} INFO - Setting next_dagrun for latest_only to 2026-04-26 16:00:00+00:00, run_after=2026-04-26 20:00:00+00:00
[2026-04-26T23:47:27.611+0000] {processor.py:183} INFO - Processing /home/airflow/.local/lib/python3.12/site-packages/airflow/example_dags/example_latest_only.py took 0.049 seconds
[2026-04-26T23:47:57.650+0000] {processor.py:161} INFO - Started process (PID=632) to work on /home/airflow/.local/lib/python3.12/site-packages/airflow/example_dags/example_latest_only.py
[2026-04-26T23:47:57.651+0000] {processor.py:830} INFO - Processing file /home/airflow/.local/lib/python3.12/site-packages/airflow/example_dags/example_latest_only.py for tasks to queue
[2026-04-26T23:47:57.652+0000] {logging_mixin.py:188} INFO - [2026-04-26T23:47:57.652+0000] {dagbag.py:545} INFO - Filling up the DagBag from /home/airflow/.local/lib/python3.12/site-packages/airflow/example_dags/example_latest_only.py
[2026-04-26T23:47:57.655+0000] {processor.py:840} INFO - DAG(s) 'latest_only' retrieved from /home/airflow/.local/lib/python3.12/site-packages/airflow/example_dags/example_latest_only.py
[2026-04-26T23:47:57.665+0000] {logging_mixin.py:188} INFO - [2026-04-26T23:47:57.665+0000] {dag.py:3096} INFO - Sync 1 DAGs
[2026-04-26T23:47:57.676+0000] {logging_mixin.py:188} INFO - [2026-04-26T23:47:57.675+0000] {dag.py:3954} INFO - Setting next_dagrun for latest_only to 2026-04-26 16:00:00+00:00, run_after=2026-04-26 20:00:00+00:00
[2026-04-26T23:47:57.685+0000] {processor.py:183} INFO - Processing /home/airflow/.local/lib/python3.12/site-packages/airflow/example_dags/example_latest_only.py took 0.038 seconds
[2026-04-26T23:48:27.771+0000] {processor.py:161} INFO - Started process (PID=691) to work on /home/airflow/.local/lib/python3.12/site-packages/airflow/example_dags/example_latest_only.py
[2026-04-26T23:48:27.772+0000] {processor.py:830} INFO - Processing file /home/airflow/.local/lib/python3.12/site-packages/airflow/example_dags/example_latest_only.py for tasks to queue
[2026-04-26T23:48:27.773+0000] {logging_mixin.py:188} INFO - [2026-04-26T23:48:27.772+0000] {dagbag.py:545} INFO - Filling up the DagBag from /home/airflow/.local/lib/python3.12/site-packages/airflow/example_dags/example_latest_only.py
[2026-04-26T23:48:27.775+0000] {processor.py:840} INFO - DAG(s) 'latest_only' retrieved from /home/airflow/.local/lib/python3.12/site-packages/airflow/example_dags/example_latest_only.py
[2026-04-26T23:48:27.786+0000] {logging_mixin.py:188} INFO - [2026-04-26T23:48:27.786+0000] {dag.py:3096} INFO - Sync 1 DAGs
[2026-04-26T23:48:27.797+0000] {logging_mixin.py:188} INFO - [2026-04-26T23:48:27.797+0000] {dag.py:3954} INFO - Setting next_dagrun for latest_only to 2026-04-26 16:00:00+00:00, run_after=2026-04-26 20:00:00+00:00
[2026-04-26T23:48:27.807+0000] {processor.py:183} INFO - Processing /home/airflow/.local/lib/python3.12/site-packages/airflow/example_dags/example_latest_only.py took 0.039 seconds
[2026-04-26T23:48:58.748+0000] {processor.py:161} INFO - Started process (PID=750) to work on /home/airflow/.local/lib/python3.12/site-packages/airflow/example_dags/example_latest_only.py
[2026-04-26T23:48:58.748+0000] {processor.py:830} INFO - Processing file /home/airflow/.local/lib/python3.12/site-packages/airflow/example_dags/example_latest_only.py for tasks to queue
[2026-04-26T23:48:58.749+0000] {logging_mixin.py:188} INFO - [2026-04-26T23:48:58.749+0000] {dagbag.py:545} INFO - Filling up the DagBag from /home/airflow/.local/lib/python3.12/site-packages/airflow/example_dags/example_latest_only.py
[2026-04-26T23:48:58.752+0000] {processor.py:840} INFO - DAG(s) 'latest_only' retrieved from /home/airflow/.local/lib/python3.12/site-packages/airflow/example_dags/example_latest_only.py
[2026-04-26T23:48:58.762+0000] {logging_mixin.py:188} INFO - [2026-04-26T23:48:58.762+0000] {dag.py:3096} INFO - Sync 1 DAGs
[2026-04-26T23:48:58.773+0000] {logging_mixin.py:188} INFO - [2026-04-26T23:48:58.773+0000] {dag.py:3954} INFO - Setting next_dagrun for latest_only to 2026-04-26 16:00:00+00:00, run_after=2026-04-26 20:00:00+00:00
[2026-04-26T23:48:58.782+0000] {processor.py:183} INFO - Processing /home/airflow/.local/lib/python3.12/site-packages/airflow/example_dags/example_latest_only.py took 0.038 seconds
[2026-04-26T23:49:29.021+0000] {processor.py:161} INFO - Started process (PID=809) to work on /home/airflow/.local/lib/python3.12/site-packages/airflow/example_dags/example_latest_only.py
[2026-04-26T23:49:29.021+0000] {processor.py:830} INFO - Processing file /home/airflow/.local/lib/python3.12/site-packages/airflow/example_dags/example_latest_only.py for tasks to queue
[2026-04-26T23:49:29.022+0000] {logging_mixin.py:188} INFO - [2026-04-26T23:49:29.022+0000] {dagbag.py:545} INFO - Filling up the DagBag from /home/airflow/.local/lib/python3.12/site-packages/airflow/example_dags/example_latest_only.py
[2026-04-26T23:49:29.025+0000] {processor.py:840} INFO - DAG(s) 'latest_only' retrieved from /home/airflow/.local/lib/python3.12/site-packages/airflow/example_dags/example_latest_only.py
[2026-04-26T23:49:29.035+0000] {logging_mixin.py:188} INFO - [2026-04-26T23:49:29.034+0000] {dag.py:3096} INFO - Sync 1 DAGs
[2026-04-26T23:49:29.045+0000] {logging_mixin.py:188} INFO - [2026-04-26T23:49:29.045+0000] {dag.py:3954} INFO - Setting next_dagrun for latest_only to 2026-04-26 16:00:00+00:00, run_after=2026-04-26 20:00:00+00:00
[2026-04-26T23:49:29.054+0000] {processor.py:183} INFO - Processing /home/airflow/.local/lib/python3.12/site-packages/airflow/example_dags/example_latest_only.py took 0.036 seconds
[2026-04-26T23:50:04.596+0000] {processor.py:161} INFO - Started process (PID=101) to work on /home/airflow/.local/lib/python3.12/site-packages/airflow/example_dags/example_latest_only.py
[2026-04-26T23:50:04.597+0000] {processor.py:830} INFO - Processing file /home/airflow/.local/lib/python3.12/site-packages/airflow/example_dags/example_latest_only.py for tasks to queue
[2026-04-26T23:50:04.598+0000] {logging_mixin.py:188} INFO - [2026-04-26T23:50:04.597+0000] {dagbag.py:545} INFO - Filling up the DagBag from /home/airflow/.local/lib/python3.12/site-packages/airflow/example_dags/example_latest_only.py
[2026-04-26T23:50:04.601+0000] {processor.py:840} INFO - DAG(s) 'latest_only' retrieved from /home/airflow/.local/lib/python3.12/site-packages/airflow/example_dags/example_latest_only.py
[2026-04-26T23:50:04.608+0000] {logging_mixin.py:188} INFO - [2026-04-26T23:50:04.608+0000] {dag.py:3096} INFO - Sync 1 DAGs
[2026-04-26T23:50:04.620+0000] {logging_mixin.py:188} INFO - [2026-04-26T23:50:04.620+0000] {dag.py:3954} INFO - Setting next_dagrun for latest_only to 2026-04-26 16:00:00+00:00, run_after=2026-04-26 20:00:00+00:00
[2026-04-26T23:50:04.630+0000] {processor.py:183} INFO - Processing /home/airflow/.local/lib/python3.12/site-packages/airflow/example_dags/example_latest_only.py took 0.037 seconds
[2026-04-26T23:50:36.447+0000] {processor.py:161} INFO - Started process (PID=160) to work on /home/airflow/.local/lib/python3.12/site-packages/airflow/example_dags/example_latest_only.py
[2026-04-26T23:50:36.447+0000] {processor.py:830} INFO - Processing file /home/airflow/.local/lib/python3.12/site-packages/airflow/example_dags/example_latest_only.py for tasks to queue
[2026-04-26T23:50:36.448+0000] {logging_mixin.py:188} INFO - [2026-04-26T23:50:36.448+0000] {dagbag.py:545} INFO - Filling up the DagBag from /home/airflow/.local/lib/python3.12/site-packages/airflow/example_dags/example_latest_only.py
[2026-04-26T23:50:36.451+0000] {processor.py:840} INFO - DAG(s) 'latest_only' retrieved from /home/airflow/.local/lib/python3.12/site-packages/airflow/example_dags/example_latest_only.py
[2026-04-26T23:50:36.513+0000] {logging_mixin.py:188} INFO - [2026-04-26T23:50:36.512+0000] {dag.py:3096} INFO - Sync 1 DAGs
[2026-04-26T23:50:36.525+0000] {logging_mixin.py:188} INFO - [2026-04-26T23:50:36.525+0000] {dag.py:3954} INFO - Setting next_dagrun for latest_only to 2026-04-26 16:00:00+00:00, run_after=2026-04-26 20:00:00+00:00
[2026-04-26T23:50:36.548+0000] {processor.py:183} INFO - Processing /home/airflow/.local/lib/python3.12/site-packages/airflow/example_dags/example_latest_only.py took 0.105 seconds
[2026-04-26T23:51:06.816+0000] {processor.py:161} INFO - Started process (PID=219) to work on /home/airflow/.local/lib/python3.12/site-packages/airflow/example_dags/example_latest_only.py
[2026-04-26T23:51:06.817+0000] {processor.py:830} INFO - Processing file /home/airflow/.local/lib/python3.12/site-packages/airflow/example_dags/example_latest_only.py for tasks to queue
[2026-04-26T23:51:06.817+0000] {logging_mixin.py:188} INFO - [2026-04-26T23:51:06.817+0000] {dagbag.py:545} INFO - Filling up the DagBag from /home/airflow/.local/lib/python3.12/site-packages/airflow/example_dags/example_latest_only.py
[2026-04-26T23:51:06.820+0000] {processor.py:840} INFO - DAG(s) 'latest_only' retrieved from /home/airflow/.local/lib/python3.12/site-packages/airflow/example_dags/example_latest_only.py
[2026-04-26T23:51:06.830+0000] {logging_mixin.py:188} INFO - [2026-04-26T23:51:06.830+0000] {dag.py:3096} INFO - Sync 1 DAGs
[2026-04-26T23:51:06.840+0000] {logging_mixin.py:188} INFO - [2026-04-26T23:51:06.840+0000] {dag.py:3954} INFO - Setting next_dagrun for latest_only to 2026-04-26 16:00:00+00:00, run_after=2026-04-26 20:00:00+00:00
[2026-04-26T23:51:06.849+0000] {processor.py:183} INFO - Processing /home/airflow/.local/lib/python3.12/site-packages/airflow/example_dags/example_latest_only.py took 0.036 seconds
[2026-04-26T23:51:37.118+0000] {processor.py:161} INFO - Started process (PID=278) to work on /home/airflow/.local/lib/python3.12/site-packages/airflow/example_dags/example_latest_only.py
[2026-04-26T23:51:37.118+0000] {processor.py:830} INFO - Processing file /home/airflow/.local/lib/python3.12/site-packages/airflow/example_dags/example_latest_only.py for tasks to queue
[2026-04-26T23:51:37.119+0000] {logging_mixin.py:188} INFO - [2026-04-26T23:51:37.119+0000] {dagbag.py:545} INFO - Filling up the DagBag from /home/airflow/.local/lib/python3.12/site-packages/airflow/example_dags/example_latest_only.py
[2026-04-26T23:51:37.122+0000] {processor.py:840} INFO - DAG(s) 'latest_only' retrieved from /home/airflow/.local/lib/python3.12/site-packages/airflow/example_dags/example_latest_only.py
[2026-04-26T23:51:37.136+0000] {logging_mixin.py:188} INFO - [2026-04-26T23:51:37.136+0000] {dag.py:3096} INFO - Sync 1 DAGs
[2026-04-26T23:51:37.151+0000] {logging_mixin.py:188} INFO - [2026-04-26T23:51:37.151+0000] {dag.py:3954} INFO - Setting next_dagrun for latest_only to 2026-04-26 16:00:00+00:00, run_after=2026-04-26 20:00:00+00:00
[2026-04-26T23:51:37.164+0000] {processor.py:183} INFO - Processing /home/airflow/.local/lib/python3.12/site-packages/airflow/example_dags/example_latest_only.py took 0.051 seconds
[2026-04-26T23:52:08.168+0000] {processor.py:161} INFO - Started process (PID=337) to work on /home/airflow/.local/lib/python3.12/site-packages/airflow/example_dags/example_latest_only.py
[2026-04-26T23:52:08.168+0000] {processor.py:830} INFO - Processing file /home/airflow/.local/lib/python3.12/site-packages/airflow/example_dags/example_latest_only.py for tasks to queue
[2026-04-26T23:52:08.169+0000] {logging_mixin.py:188} INFO - [2026-04-26T23:52:08.169+0000] {dagbag.py:545} INFO - Filling up the DagBag from /home/airflow/.local/lib/python3.12/site-packages/airflow/example_dags/example_latest_only.py
[2026-04-26T23:52:08.172+0000] {processor.py:840} INFO - DAG(s) 'latest_only' retrieved from /home/airflow/.local/lib/python3.12/site-packages/airflow/example_dags/example_latest_only.py
[2026-04-26T23:52:08.182+0000] {logging_mixin.py:188} INFO - [2026-04-26T23:52:08.182+0000] {dag.py:3096} INFO - Sync 1 DAGs
[2026-04-26T23:52:08.193+0000] {logging_mixin.py:188} INFO - [2026-04-26T23:52:08.193+0000] {dag.py:3954} INFO - Setting next_dagrun for latest_only to 2026-04-26 16:00:00+00:00, run_after=2026-04-26 20:00:00+00:00
[2026-04-26T23:52:08.202+0000] {processor.py:183} INFO - Processing /home/airflow/.local/lib/python3.12/site-packages/airflow/example_dags/example_latest_only.py took 0.037 seconds
[2026-04-26T23:52:38.354+0000] {processor.py:161} INFO - Started process (PID=396) to work on /home/airflow/.local/lib/python3.12/site-packages/airflow/example_dags/example_latest_only.py
[2026-04-26T23:52:38.354+0000] {processor.py:830} INFO - Processing file /home/airflow/.local/lib/python3.12/site-packages/airflow/example_dags/example_latest_only.py for tasks to queue
[2026-04-26T23:52:38.355+0000] {logging_mixin.py:188} INFO - [2026-04-26T23:52:38.355+0000] {dagbag.py:545} INFO - Filling up the DagBag from /home/airflow/.local/lib/python3.12/site-packages/airflow/example_dags/example_latest_only.py
[2026-04-26T23:52:38.358+0000] {processor.py:840} INFO - DAG(s) 'latest_only' retrieved from /home/airflow/.local/lib/python3.12/site-packages/airflow/example_dags/example_latest_only.py
[2026-04-26T23:52:38.369+0000] {logging_mixin.py:188} INFO - [2026-04-26T23:52:38.369+0000] {dag.py:3096} INFO - Sync 1 DAGs
[2026-04-26T23:52:38.380+0000] {logging_mixin.py:188} INFO - [2026-04-26T23:52:38.379+0000] {dag.py:3954} INFO - Setting next_dagrun for latest_only to 2026-04-26 16:00:00+00:00, run_after=2026-04-26 20:00:00+00:00
[2026-04-26T23:52:38.389+0000] {processor.py:183} INFO - Processing /home/airflow/.local/lib/python3.12/site-packages/airflow/example_dags/example_latest_only.py took 0.038 seconds
[2026-04-26T23:53:09.334+0000] {processor.py:161} INFO - Started process (PID=455) to work on /home/airflow/.local/lib/python3.12/site-packages/airflow/example_dags/example_latest_only.py
[2026-04-26T23:53:09.335+0000] {processor.py:830} INFO - Processing file /home/airflow/.local/lib/python3.12/site-packages/airflow/example_dags/example_latest_only.py for tasks to queue
[2026-04-26T23:53:09.336+0000] {logging_mixin.py:188} INFO - [2026-04-26T23:53:09.336+0000] {dagbag.py:545} INFO - Filling up the DagBag from /home/airflow/.local/lib/python3.12/site-packages/airflow/example_dags/example_latest_only.py
[2026-04-26T23:53:09.339+0000] {processor.py:840} INFO - DAG(s) 'latest_only' retrieved from /home/airflow/.local/lib/python3.12/site-packages/airflow/example_dags/example_latest_only.py
[2026-04-26T23:53:09.352+0000] {logging_mixin.py:188} INFO - [2026-04-26T23:53:09.352+0000] {dag.py:3096} INFO - Sync 1 DAGs
[2026-04-26T23:53:09.367+0000] {logging_mixin.py:188} INFO - [2026-04-26T23:53:09.367+0000] {dag.py:3954} INFO - Setting next_dagrun for latest_only to 2026-04-26 16:00:00+00:00, run_after=2026-04-26 20:00:00+00:00
[2026-04-26T23:53:09.378+0000] {processor.py:183} INFO - Processing /home/airflow/.local/lib/python3.12/site-packages/airflow/example_dags/example_latest_only.py took 0.048 seconds
[2026-04-26T23:53:39.572+0000] {processor.py:161} INFO - Started process (PID=514) to work on /home/airflow/.local/lib/python3.12/site-packages/airflow/example_dags/example_latest_only.py
[2026-04-26T23:53:39.572+0000] {processor.py:830} INFO - Processing file /home/airflow/.local/lib/python3.12/site-packages/airflow/example_dags/example_latest_only.py for tasks to queue
[2026-04-26T23:53:39.573+0000] {logging_mixin.py:188} INFO - [2026-04-26T23:53:39.573+0000] {dagbag.py:545} INFO - Filling up the DagBag from /home/airflow/.local/lib/python3.12/site-packages/airflow/example_dags/example_latest_only.py
[2026-04-26T23:53:39.576+0000] {processor.py:840} INFO - DAG(s) 'latest_only' retrieved from /home/airflow/.local/lib/python3.12/site-packages/airflow/example_dags/example_latest_only.py
[2026-04-26T23:53:39.588+0000] {logging_mixin.py:188} INFO - [2026-04-26T23:53:39.587+0000] {dag.py:3096} INFO - Sync 1 DAGs
[2026-04-26T23:53:39.599+0000] {logging_mixin.py:188} INFO - [2026-04-26T23:53:39.599+0000] {dag.py:3954} INFO - Setting next_dagrun for latest_only to 2026-04-26 16:00:00+00:00, run_after=2026-04-26 20:00:00+00:00
[2026-04-26T23:53:39.607+0000] {processor.py:183} INFO - Processing /home/airflow/.local/lib/python3.12/site-packages/airflow/example_dags/example_latest_only.py took 0.039 seconds
