[2026-04-26T23:08:14.380+0000] {processor.py:161} INFO - Started process (PID=50) to work on /home/airflow/.local/lib/python3.12/site-packages/airflow/example_dags/example_branch_day_of_week_operator.py
[2026-04-26T23:08:14.381+0000] {processor.py:830} INFO - Processing file /home/airflow/.local/lib/python3.12/site-packages/airflow/example_dags/example_branch_day_of_week_operator.py for tasks to queue
[2026-04-26T23:08:14.382+0000] {logging_mixin.py:188} INFO - [2026-04-26T23:08:14.381+0000] {dagbag.py:545} INFO - Filling up the DagBag from /home/airflow/.local/lib/python3.12/site-packages/airflow/example_dags/example_branch_day_of_week_operator.py
[2026-04-26T23:08:14.389+0000] {processor.py:840} INFO - DAG(s) 'example_weekday_branch_operator' retrieved from /home/airflow/.local/lib/python3.12/site-packages/airflow/example_dags/example_branch_day_of_week_operator.py
[2026-04-26T23:08:14.396+0000] {logging_mixin.py:188} INFO - [2026-04-26T23:08:14.395+0000] {dag.py:3096} INFO - Sync 1 DAGs
[2026-04-26T23:08:14.409+0000] {logging_mixin.py:188} INFO - [2026-04-26T23:08:14.409+0000] {dag.py:3954} INFO - Setting next_dagrun for example_weekday_branch_operator to 2026-04-25 00:00:00+00:00, run_after=2026-04-26 00:00:00+00:00
[2026-04-26T23:08:14.429+0000] {processor.py:183} INFO - Processing /home/airflow/.local/lib/python3.12/site-packages/airflow/example_dags/example_branch_day_of_week_operator.py took 0.053 seconds
[2026-04-26T23:08:44.669+0000] {processor.py:161} INFO - Started process (PID=108) to work on /home/airflow/.local/lib/python3.12/site-packages/airflow/example_dags/example_branch_day_of_week_operator.py
[2026-04-26T23:08:44.669+0000] {processor.py:830} INFO - Processing file /home/airflow/.local/lib/python3.12/site-packages/airflow/example_dags/example_branch_day_of_week_operator.py for tasks to queue
[2026-04-26T23:08:44.670+0000] {logging_mixin.py:188} INFO - [2026-04-26T23:08:44.670+0000] {dagbag.py:545} INFO - Filling up the DagBag from /home/airflow/.local/lib/python3.12/site-packages/airflow/example_dags/example_branch_day_of_week_operator.py
[2026-04-26T23:08:44.677+0000] {processor.py:840} INFO - DAG(s) 'example_weekday_branch_operator' retrieved from /home/airflow/.local/lib/python3.12/site-packages/airflow/example_dags/example_branch_day_of_week_operator.py
[2026-04-26T23:08:44.738+0000] {logging_mixin.py:188} INFO - [2026-04-26T23:08:44.738+0000] {dag.py:3096} INFO - Sync 1 DAGs
[2026-04-26T23:08:44.750+0000] {logging_mixin.py:188} INFO - [2026-04-26T23:08:44.750+0000] {dag.py:3954} INFO - Setting next_dagrun for example_weekday_branch_operator to 2026-04-25 00:00:00+00:00, run_after=2026-04-26 00:00:00+00:00
[2026-04-26T23:08:44.760+0000] {processor.py:183} INFO - Processing /home/airflow/.local/lib/python3.12/site-packages/airflow/example_dags/example_branch_day_of_week_operator.py took 0.096 seconds
[2026-04-26T23:09:14.999+0000] {processor.py:161} INFO - Started process (PID=166) to work on /home/airflow/.local/lib/python3.12/site-packages/airflow/example_dags/example_branch_day_of_week_operator.py
[2026-04-26T23:09:15.000+0000] {processor.py:830} INFO - Processing file /home/airflow/.local/lib/python3.12/site-packages/airflow/example_dags/example_branch_day_of_week_operator.py for tasks to queue
[2026-04-26T23:09:15.001+0000] {logging_mixin.py:188} INFO - [2026-04-26T23:09:15.001+0000] {dagbag.py:545} INFO - Filling up the DagBag from /home/airflow/.local/lib/python3.12/site-packages/airflow/example_dags/example_branch_day_of_week_operator.py
[2026-04-26T23:09:15.007+0000] {processor.py:840} INFO - DAG(s) 'example_weekday_branch_operator' retrieved from /home/airflow/.local/lib/python3.12/site-packages/airflow/example_dags/example_branch_day_of_week_operator.py
[2026-04-26T23:09:15.022+0000] {logging_mixin.py:188} INFO - [2026-04-26T23:09:15.022+0000] {dag.py:3096} INFO - Sync 1 DAGs
[2026-04-26T23:09:15.038+0000] {logging_mixin.py:188} INFO - [2026-04-26T23:09:15.038+0000] {dag.py:3954} INFO - Setting next_dagrun for example_weekday_branch_operator to 2026-04-25 00:00:00+00:00, run_after=2026-04-26 00:00:00+00:00
[2026-04-26T23:09:15.051+0000] {processor.py:183} INFO - Processing /home/airflow/.local/lib/python3.12/site-packages/airflow/example_dags/example_branch_day_of_week_operator.py took 0.057 seconds
[2026-04-26T23:09:45.938+0000] {processor.py:161} INFO - Started process (PID=224) to work on /home/airflow/.local/lib/python3.12/site-packages/airflow/example_dags/example_branch_day_of_week_operator.py
[2026-04-26T23:09:45.938+0000] {processor.py:830} INFO - Processing file /home/airflow/.local/lib/python3.12/site-packages/airflow/example_dags/example_branch_day_of_week_operator.py for tasks to queue
[2026-04-26T23:09:45.940+0000] {logging_mixin.py:188} INFO - [2026-04-26T23:09:45.939+0000] {dagbag.py:545} INFO - Filling up the DagBag from /home/airflow/.local/lib/python3.12/site-packages/airflow/example_dags/example_branch_day_of_week_operator.py
[2026-04-26T23:09:45.944+0000] {processor.py:840} INFO - DAG(s) 'example_weekday_branch_operator' retrieved from /home/airflow/.local/lib/python3.12/site-packages/airflow/example_dags/example_branch_day_of_week_operator.py
[2026-04-26T23:09:45.957+0000] {logging_mixin.py:188} INFO - [2026-04-26T23:09:45.957+0000] {dag.py:3096} INFO - Sync 1 DAGs
[2026-04-26T23:09:45.971+0000] {logging_mixin.py:188} INFO - [2026-04-26T23:09:45.971+0000] {dag.py:3954} INFO - Setting next_dagrun for example_weekday_branch_operator to 2026-04-25 00:00:00+00:00, run_after=2026-04-26 00:00:00+00:00
[2026-04-26T23:09:45.984+0000] {processor.py:183} INFO - Processing /home/airflow/.local/lib/python3.12/site-packages/airflow/example_dags/example_branch_day_of_week_operator.py took 0.050 seconds
[2026-04-26T23:10:16.777+0000] {processor.py:161} INFO - Started process (PID=282) to work on /home/airflow/.local/lib/python3.12/site-packages/airflow/example_dags/example_branch_day_of_week_operator.py
[2026-04-26T23:10:16.777+0000] {processor.py:830} INFO - Processing file /home/airflow/.local/lib/python3.12/site-packages/airflow/example_dags/example_branch_day_of_week_operator.py for tasks to queue
[2026-04-26T23:10:16.779+0000] {logging_mixin.py:188} INFO - [2026-04-26T23:10:16.779+0000] {dagbag.py:545} INFO - Filling up the DagBag from /home/airflow/.local/lib/python3.12/site-packages/airflow/example_dags/example_branch_day_of_week_operator.py
[2026-04-26T23:10:16.784+0000] {processor.py:840} INFO - DAG(s) 'example_weekday_branch_operator' retrieved from /home/airflow/.local/lib/python3.12/site-packages/airflow/example_dags/example_branch_day_of_week_operator.py
[2026-04-26T23:10:16.799+0000] {logging_mixin.py:188} INFO - [2026-04-26T23:10:16.799+0000] {dag.py:3096} INFO - Sync 1 DAGs
[2026-04-26T23:10:16.815+0000] {logging_mixin.py:188} INFO - [2026-04-26T23:10:16.815+0000] {dag.py:3954} INFO - Setting next_dagrun for example_weekday_branch_operator to 2026-04-25 00:00:00+00:00, run_after=2026-04-26 00:00:00+00:00
[2026-04-26T23:10:16.827+0000] {processor.py:183} INFO - Processing /home/airflow/.local/lib/python3.12/site-packages/airflow/example_dags/example_branch_day_of_week_operator.py took 0.054 seconds
[2026-04-26T23:10:46.898+0000] {processor.py:161} INFO - Started process (PID=340) to work on /home/airflow/.local/lib/python3.12/site-packages/airflow/example_dags/example_branch_day_of_week_operator.py
[2026-04-26T23:10:46.898+0000] {processor.py:830} INFO - Processing file /home/airflow/.local/lib/python3.12/site-packages/airflow/example_dags/example_branch_day_of_week_operator.py for tasks to queue
[2026-04-26T23:10:46.900+0000] {logging_mixin.py:188} INFO - [2026-04-26T23:10:46.900+0000] {dagbag.py:545} INFO - Filling up the DagBag from /home/airflow/.local/lib/python3.12/site-packages/airflow/example_dags/example_branch_day_of_week_operator.py
[2026-04-26T23:10:46.905+0000] {processor.py:840} INFO - DAG(s) 'example_weekday_branch_operator' retrieved from /home/airflow/.local/lib/python3.12/site-packages/airflow/example_dags/example_branch_day_of_week_operator.py
[2026-04-26T23:10:46.921+0000] {logging_mixin.py:188} INFO - [2026-04-26T23:10:46.921+0000] {dag.py:3096} INFO - Sync 1 DAGs
[2026-04-26T23:10:46.937+0000] {logging_mixin.py:188} INFO - [2026-04-26T23:10:46.937+0000] {dag.py:3954} INFO - Setting next_dagrun for example_weekday_branch_operator to 2026-04-25 00:00:00+00:00, run_after=2026-04-26 00:00:00+00:00
[2026-04-26T23:10:46.949+0000] {processor.py:183} INFO - Processing /home/airflow/.local/lib/python3.12/site-packages/airflow/example_dags/example_branch_day_of_week_operator.py took 0.056 seconds
[2026-04-26T23:11:17.758+0000] {processor.py:161} INFO - Started process (PID=398) to work on /home/airflow/.local/lib/python3.12/site-packages/airflow/example_dags/example_branch_day_of_week_operator.py
[2026-04-26T23:11:17.759+0000] {processor.py:830} INFO - Processing file /home/airflow/.local/lib/python3.12/site-packages/airflow/example_dags/example_branch_day_of_week_operator.py for tasks to queue
[2026-04-26T23:11:17.760+0000] {logging_mixin.py:188} INFO - [2026-04-26T23:11:17.760+0000] {dagbag.py:545} INFO - Filling up the DagBag from /home/airflow/.local/lib/python3.12/site-packages/airflow/example_dags/example_branch_day_of_week_operator.py
[2026-04-26T23:11:17.765+0000] {processor.py:840} INFO - DAG(s) 'example_weekday_branch_operator' retrieved from /home/airflow/.local/lib/python3.12/site-packages/airflow/example_dags/example_branch_day_of_week_operator.py
[2026-04-26T23:11:17.778+0000] {logging_mixin.py:188} INFO - [2026-04-26T23:11:17.778+0000] {dag.py:3096} INFO - Sync 1 DAGs
[2026-04-26T23:11:17.793+0000] {logging_mixin.py:188} INFO - [2026-04-26T23:11:17.792+0000] {dag.py:3954} INFO - Setting next_dagrun for example_weekday_branch_operator to 2026-04-25 00:00:00+00:00, run_after=2026-04-26 00:00:00+00:00
[2026-04-26T23:11:17.804+0000] {processor.py:183} INFO - Processing /home/airflow/.local/lib/python3.12/site-packages/airflow/example_dags/example_branch_day_of_week_operator.py took 0.049 seconds
[2026-04-26T23:11:48.524+0000] {processor.py:161} INFO - Started process (PID=462) to work on /home/airflow/.local/lib/python3.12/site-packages/airflow/example_dags/example_branch_day_of_week_operator.py
[2026-04-26T23:11:48.525+0000] {processor.py:830} INFO - Processing file /home/airflow/.local/lib/python3.12/site-packages/airflow/example_dags/example_branch_day_of_week_operator.py for tasks to queue
[2026-04-26T23:11:48.526+0000] {logging_mixin.py:188} INFO - [2026-04-26T23:11:48.526+0000] {dagbag.py:545} INFO - Filling up the DagBag from /home/airflow/.local/lib/python3.12/site-packages/airflow/example_dags/example_branch_day_of_week_operator.py
[2026-04-26T23:11:48.530+0000] {processor.py:840} INFO - DAG(s) 'example_weekday_branch_operator' retrieved from /home/airflow/.local/lib/python3.12/site-packages/airflow/example_dags/example_branch_day_of_week_operator.py
[2026-04-26T23:11:48.543+0000] {logging_mixin.py:188} INFO - [2026-04-26T23:11:48.543+0000] {dag.py:3096} INFO - Sync 1 DAGs
[2026-04-26T23:11:48.560+0000] {logging_mixin.py:188} INFO - [2026-04-26T23:11:48.559+0000] {dag.py:3954} INFO - Setting next_dagrun for example_weekday_branch_operator to 2026-04-25 00:00:00+00:00, run_after=2026-04-26 00:00:00+00:00
[2026-04-26T23:11:48.572+0000] {processor.py:183} INFO - Processing /home/airflow/.local/lib/python3.12/site-packages/airflow/example_dags/example_branch_day_of_week_operator.py took 0.051 seconds
[2026-04-26T23:12:19.271+0000] {processor.py:161} INFO - Started process (PID=520) to work on /home/airflow/.local/lib/python3.12/site-packages/airflow/example_dags/example_branch_day_of_week_operator.py
[2026-04-26T23:12:19.272+0000] {processor.py:830} INFO - Processing file /home/airflow/.local/lib/python3.12/site-packages/airflow/example_dags/example_branch_day_of_week_operator.py for tasks to queue
[2026-04-26T23:12:19.273+0000] {logging_mixin.py:188} INFO - [2026-04-26T23:12:19.273+0000] {dagbag.py:545} INFO - Filling up the DagBag from /home/airflow/.local/lib/python3.12/site-packages/airflow/example_dags/example_branch_day_of_week_operator.py
[2026-04-26T23:12:19.279+0000] {processor.py:840} INFO - DAG(s) 'example_weekday_branch_operator' retrieved from /home/airflow/.local/lib/python3.12/site-packages/airflow/example_dags/example_branch_day_of_week_operator.py
[2026-04-26T23:12:19.294+0000] {logging_mixin.py:188} INFO - [2026-04-26T23:12:19.293+0000] {dag.py:3096} INFO - Sync 1 DAGs
[2026-04-26T23:12:19.308+0000] {logging_mixin.py:188} INFO - [2026-04-26T23:12:19.308+0000] {dag.py:3954} INFO - Setting next_dagrun for example_weekday_branch_operator to 2026-04-25 00:00:00+00:00, run_after=2026-04-26 00:00:00+00:00
[2026-04-26T23:12:19.319+0000] {processor.py:183} INFO - Processing /home/airflow/.local/lib/python3.12/site-packages/airflow/example_dags/example_branch_day_of_week_operator.py took 0.052 seconds
[2026-04-26T23:12:50.038+0000] {processor.py:161} INFO - Started process (PID=578) to work on /home/airflow/.local/lib/python3.12/site-packages/airflow/example_dags/example_branch_day_of_week_operator.py
[2026-04-26T23:12:50.039+0000] {processor.py:830} INFO - Processing file /home/airflow/.local/lib/python3.12/site-packages/airflow/example_dags/example_branch_day_of_week_operator.py for tasks to queue
[2026-04-26T23:12:50.041+0000] {logging_mixin.py:188} INFO - [2026-04-26T23:12:50.041+0000] {dagbag.py:545} INFO - Filling up the DagBag from /home/airflow/.local/lib/python3.12/site-packages/airflow/example_dags/example_branch_day_of_week_operator.py
[2026-04-26T23:12:50.049+0000] {processor.py:840} INFO - DAG(s) 'example_weekday_branch_operator' retrieved from /home/airflow/.local/lib/python3.12/site-packages/airflow/example_dags/example_branch_day_of_week_operator.py
[2026-04-26T23:12:50.068+0000] {logging_mixin.py:188} INFO - [2026-04-26T23:12:50.068+0000] {dag.py:3096} INFO - Sync 1 DAGs
[2026-04-26T23:12:50.089+0000] {logging_mixin.py:188} INFO - [2026-04-26T23:12:50.088+0000] {dag.py:3954} INFO - Setting next_dagrun for example_weekday_branch_operator to 2026-04-25 00:00:00+00:00, run_after=2026-04-26 00:00:00+00:00
[2026-04-26T23:12:50.104+0000] {processor.py:183} INFO - Processing /home/airflow/.local/lib/python3.12/site-packages/airflow/example_dags/example_branch_day_of_week_operator.py took 0.072 seconds
[2026-04-26T23:13:20.184+0000] {processor.py:161} INFO - Started process (PID=636) to work on /home/airflow/.local/lib/python3.12/site-packages/airflow/example_dags/example_branch_day_of_week_operator.py
[2026-04-26T23:13:20.185+0000] {processor.py:830} INFO - Processing file /home/airflow/.local/lib/python3.12/site-packages/airflow/example_dags/example_branch_day_of_week_operator.py for tasks to queue
[2026-04-26T23:13:20.186+0000] {logging_mixin.py:188} INFO - [2026-04-26T23:13:20.186+0000] {dagbag.py:545} INFO - Filling up the DagBag from /home/airflow/.local/lib/python3.12/site-packages/airflow/example_dags/example_branch_day_of_week_operator.py
[2026-04-26T23:13:20.191+0000] {processor.py:840} INFO - DAG(s) 'example_weekday_branch_operator' retrieved from /home/airflow/.local/lib/python3.12/site-packages/airflow/example_dags/example_branch_day_of_week_operator.py
[2026-04-26T23:13:20.203+0000] {logging_mixin.py:188} INFO - [2026-04-26T23:13:20.203+0000] {dag.py:3096} INFO - Sync 1 DAGs
[2026-04-26T23:13:20.216+0000] {logging_mixin.py:188} INFO - [2026-04-26T23:13:20.216+0000] {dag.py:3954} INFO - Setting next_dagrun for example_weekday_branch_operator to 2026-04-25 00:00:00+00:00, run_after=2026-04-26 00:00:00+00:00
[2026-04-26T23:13:20.226+0000] {processor.py:183} INFO - Processing /home/airflow/.local/lib/python3.12/site-packages/airflow/example_dags/example_branch_day_of_week_operator.py took 0.047 seconds
[2026-04-26T23:13:50.440+0000] {processor.py:161} INFO - Started process (PID=694) to work on /home/airflow/.local/lib/python3.12/site-packages/airflow/example_dags/example_branch_day_of_week_operator.py
[2026-04-26T23:13:50.441+0000] {processor.py:830} INFO - Processing file /home/airflow/.local/lib/python3.12/site-packages/airflow/example_dags/example_branch_day_of_week_operator.py for tasks to queue
[2026-04-26T23:13:50.442+0000] {logging_mixin.py:188} INFO - [2026-04-26T23:13:50.442+0000] {dagbag.py:545} INFO - Filling up the DagBag from /home/airflow/.local/lib/python3.12/site-packages/airflow/example_dags/example_branch_day_of_week_operator.py
[2026-04-26T23:13:50.449+0000] {processor.py:840} INFO - DAG(s) 'example_weekday_branch_operator' retrieved from /home/airflow/.local/lib/python3.12/site-packages/airflow/example_dags/example_branch_day_of_week_operator.py
[2026-04-26T23:13:50.467+0000] {logging_mixin.py:188} INFO - [2026-04-26T23:13:50.467+0000] {dag.py:3096} INFO - Sync 1 DAGs
[2026-04-26T23:13:50.487+0000] {logging_mixin.py:188} INFO - [2026-04-26T23:13:50.487+0000] {dag.py:3954} INFO - Setting next_dagrun for example_weekday_branch_operator to 2026-04-25 00:00:00+00:00, run_after=2026-04-26 00:00:00+00:00
[2026-04-26T23:13:50.499+0000] {processor.py:183} INFO - Processing /home/airflow/.local/lib/python3.12/site-packages/airflow/example_dags/example_branch_day_of_week_operator.py took 0.064 seconds
[2026-04-26T23:14:21.150+0000] {processor.py:161} INFO - Started process (PID=752) to work on /home/airflow/.local/lib/python3.12/site-packages/airflow/example_dags/example_branch_day_of_week_operator.py
[2026-04-26T23:14:21.151+0000] {processor.py:830} INFO - Processing file /home/airflow/.local/lib/python3.12/site-packages/airflow/example_dags/example_branch_day_of_week_operator.py for tasks to queue
[2026-04-26T23:14:21.152+0000] {logging_mixin.py:188} INFO - [2026-04-26T23:14:21.152+0000] {dagbag.py:545} INFO - Filling up the DagBag from /home/airflow/.local/lib/python3.12/site-packages/airflow/example_dags/example_branch_day_of_week_operator.py
[2026-04-26T23:14:21.156+0000] {processor.py:840} INFO - DAG(s) 'example_weekday_branch_operator' retrieved from /home/airflow/.local/lib/python3.12/site-packages/airflow/example_dags/example_branch_day_of_week_operator.py
[2026-04-26T23:14:21.168+0000] {logging_mixin.py:188} INFO - [2026-04-26T23:14:21.168+0000] {dag.py:3096} INFO - Sync 1 DAGs
[2026-04-26T23:14:21.179+0000] {logging_mixin.py:188} INFO - [2026-04-26T23:14:21.179+0000] {dag.py:3954} INFO - Setting next_dagrun for example_weekday_branch_operator to 2026-04-25 00:00:00+00:00, run_after=2026-04-26 00:00:00+00:00
[2026-04-26T23:14:21.188+0000] {processor.py:183} INFO - Processing /home/airflow/.local/lib/python3.12/site-packages/airflow/example_dags/example_branch_day_of_week_operator.py took 0.041 seconds
[2026-04-26T23:14:51.841+0000] {processor.py:161} INFO - Started process (PID=810) to work on /home/airflow/.local/lib/python3.12/site-packages/airflow/example_dags/example_branch_day_of_week_operator.py
[2026-04-26T23:14:51.841+0000] {processor.py:830} INFO - Processing file /home/airflow/.local/lib/python3.12/site-packages/airflow/example_dags/example_branch_day_of_week_operator.py for tasks to queue
[2026-04-26T23:14:51.843+0000] {logging_mixin.py:188} INFO - [2026-04-26T23:14:51.842+0000] {dagbag.py:545} INFO - Filling up the DagBag from /home/airflow/.local/lib/python3.12/site-packages/airflow/example_dags/example_branch_day_of_week_operator.py
[2026-04-26T23:14:51.848+0000] {processor.py:840} INFO - DAG(s) 'example_weekday_branch_operator' retrieved from /home/airflow/.local/lib/python3.12/site-packages/airflow/example_dags/example_branch_day_of_week_operator.py
[2026-04-26T23:14:51.863+0000] {logging_mixin.py:188} INFO - [2026-04-26T23:14:51.863+0000] {dag.py:3096} INFO - Sync 1 DAGs
[2026-04-26T23:14:51.879+0000] {logging_mixin.py:188} INFO - [2026-04-26T23:14:51.879+0000] {dag.py:3954} INFO - Setting next_dagrun for example_weekday_branch_operator to 2026-04-25 00:00:00+00:00, run_after=2026-04-26 00:00:00+00:00
[2026-04-26T23:14:51.892+0000] {processor.py:183} INFO - Processing /home/airflow/.local/lib/python3.12/site-packages/airflow/example_dags/example_branch_day_of_week_operator.py took 0.056 seconds
[2026-04-26T23:15:21.968+0000] {processor.py:161} INFO - Started process (PID=868) to work on /home/airflow/.local/lib/python3.12/site-packages/airflow/example_dags/example_branch_day_of_week_operator.py
[2026-04-26T23:15:21.969+0000] {processor.py:830} INFO - Processing file /home/airflow/.local/lib/python3.12/site-packages/airflow/example_dags/example_branch_day_of_week_operator.py for tasks to queue
[2026-04-26T23:15:21.970+0000] {logging_mixin.py:188} INFO - [2026-04-26T23:15:21.970+0000] {dagbag.py:545} INFO - Filling up the DagBag from /home/airflow/.local/lib/python3.12/site-packages/airflow/example_dags/example_branch_day_of_week_operator.py
[2026-04-26T23:15:21.975+0000] {processor.py:840} INFO - DAG(s) 'example_weekday_branch_operator' retrieved from /home/airflow/.local/lib/python3.12/site-packages/airflow/example_dags/example_branch_day_of_week_operator.py
[2026-04-26T23:15:21.986+0000] {logging_mixin.py:188} INFO - [2026-04-26T23:15:21.986+0000] {dag.py:3096} INFO - Sync 1 DAGs
[2026-04-26T23:15:21.998+0000] {logging_mixin.py:188} INFO - [2026-04-26T23:15:21.998+0000] {dag.py:3954} INFO - Setting next_dagrun for example_weekday_branch_operator to 2026-04-25 00:00:00+00:00, run_after=2026-04-26 00:00:00+00:00
[2026-04-26T23:15:22.007+0000] {processor.py:183} INFO - Processing /home/airflow/.local/lib/python3.12/site-packages/airflow/example_dags/example_branch_day_of_week_operator.py took 0.042 seconds
[2026-04-26T23:15:52.234+0000] {processor.py:161} INFO - Started process (PID=926) to work on /home/airflow/.local/lib/python3.12/site-packages/airflow/example_dags/example_branch_day_of_week_operator.py
[2026-04-26T23:15:52.234+0000] {processor.py:830} INFO - Processing file /home/airflow/.local/lib/python3.12/site-packages/airflow/example_dags/example_branch_day_of_week_operator.py for tasks to queue
[2026-04-26T23:15:52.236+0000] {logging_mixin.py:188} INFO - [2026-04-26T23:15:52.235+0000] {dagbag.py:545} INFO - Filling up the DagBag from /home/airflow/.local/lib/python3.12/site-packages/airflow/example_dags/example_branch_day_of_week_operator.py
[2026-04-26T23:15:52.241+0000] {processor.py:840} INFO - DAG(s) 'example_weekday_branch_operator' retrieved from /home/airflow/.local/lib/python3.12/site-packages/airflow/example_dags/example_branch_day_of_week_operator.py
[2026-04-26T23:15:52.256+0000] {logging_mixin.py:188} INFO - [2026-04-26T23:15:52.256+0000] {dag.py:3096} INFO - Sync 1 DAGs
[2026-04-26T23:15:52.272+0000] {logging_mixin.py:188} INFO - [2026-04-26T23:15:52.272+0000] {dag.py:3954} INFO - Setting next_dagrun for example_weekday_branch_operator to 2026-04-25 00:00:00+00:00, run_after=2026-04-26 00:00:00+00:00
[2026-04-26T23:15:52.285+0000] {processor.py:183} INFO - Processing /home/airflow/.local/lib/python3.12/site-packages/airflow/example_dags/example_branch_day_of_week_operator.py took 0.056 seconds
[2026-04-26T23:16:22.402+0000] {processor.py:161} INFO - Started process (PID=984) to work on /home/airflow/.local/lib/python3.12/site-packages/airflow/example_dags/example_branch_day_of_week_operator.py
[2026-04-26T23:16:22.403+0000] {processor.py:830} INFO - Processing file /home/airflow/.local/lib/python3.12/site-packages/airflow/example_dags/example_branch_day_of_week_operator.py for tasks to queue
[2026-04-26T23:16:22.404+0000] {logging_mixin.py:188} INFO - [2026-04-26T23:16:22.404+0000] {dagbag.py:545} INFO - Filling up the DagBag from /home/airflow/.local/lib/python3.12/site-packages/airflow/example_dags/example_branch_day_of_week_operator.py
[2026-04-26T23:16:22.409+0000] {processor.py:840} INFO - DAG(s) 'example_weekday_branch_operator' retrieved from /home/airflow/.local/lib/python3.12/site-packages/airflow/example_dags/example_branch_day_of_week_operator.py
[2026-04-26T23:16:22.423+0000] {logging_mixin.py:188} INFO - [2026-04-26T23:16:22.423+0000] {dag.py:3096} INFO - Sync 1 DAGs
[2026-04-26T23:16:22.438+0000] {logging_mixin.py:188} INFO - [2026-04-26T23:16:22.437+0000] {dag.py:3954} INFO - Setting next_dagrun for example_weekday_branch_operator to 2026-04-25 00:00:00+00:00, run_after=2026-04-26 00:00:00+00:00
[2026-04-26T23:16:22.448+0000] {processor.py:183} INFO - Processing /home/airflow/.local/lib/python3.12/site-packages/airflow/example_dags/example_branch_day_of_week_operator.py took 0.051 seconds
[2026-04-26T23:16:52.546+0000] {processor.py:161} INFO - Started process (PID=1042) to work on /home/airflow/.local/lib/python3.12/site-packages/airflow/example_dags/example_branch_day_of_week_operator.py
[2026-04-26T23:16:52.546+0000] {processor.py:830} INFO - Processing file /home/airflow/.local/lib/python3.12/site-packages/airflow/example_dags/example_branch_day_of_week_operator.py for tasks to queue
[2026-04-26T23:16:52.547+0000] {logging_mixin.py:188} INFO - [2026-04-26T23:16:52.547+0000] {dagbag.py:545} INFO - Filling up the DagBag from /home/airflow/.local/lib/python3.12/site-packages/airflow/example_dags/example_branch_day_of_week_operator.py
[2026-04-26T23:16:52.553+0000] {processor.py:840} INFO - DAG(s) 'example_weekday_branch_operator' retrieved from /home/airflow/.local/lib/python3.12/site-packages/airflow/example_dags/example_branch_day_of_week_operator.py
[2026-04-26T23:16:52.567+0000] {logging_mixin.py:188} INFO - [2026-04-26T23:16:52.567+0000] {dag.py:3096} INFO - Sync 1 DAGs
[2026-04-26T23:16:52.582+0000] {logging_mixin.py:188} INFO - [2026-04-26T23:16:52.582+0000] {dag.py:3954} INFO - Setting next_dagrun for example_weekday_branch_operator to 2026-04-25 00:00:00+00:00, run_after=2026-04-26 00:00:00+00:00
[2026-04-26T23:16:52.594+0000] {processor.py:183} INFO - Processing /home/airflow/.local/lib/python3.12/site-packages/airflow/example_dags/example_branch_day_of_week_operator.py took 0.053 seconds
[2026-04-26T23:17:22.820+0000] {processor.py:161} INFO - Started process (PID=1100) to work on /home/airflow/.local/lib/python3.12/site-packages/airflow/example_dags/example_branch_day_of_week_operator.py
[2026-04-26T23:17:22.821+0000] {processor.py:830} INFO - Processing file /home/airflow/.local/lib/python3.12/site-packages/airflow/example_dags/example_branch_day_of_week_operator.py for tasks to queue
[2026-04-26T23:17:22.822+0000] {logging_mixin.py:188} INFO - [2026-04-26T23:17:22.822+0000] {dagbag.py:545} INFO - Filling up the DagBag from /home/airflow/.local/lib/python3.12/site-packages/airflow/example_dags/example_branch_day_of_week_operator.py
[2026-04-26T23:17:22.829+0000] {processor.py:840} INFO - DAG(s) 'example_weekday_branch_operator' retrieved from /home/airflow/.local/lib/python3.12/site-packages/airflow/example_dags/example_branch_day_of_week_operator.py
[2026-04-26T23:17:22.844+0000] {logging_mixin.py:188} INFO - [2026-04-26T23:17:22.844+0000] {dag.py:3096} INFO - Sync 1 DAGs
[2026-04-26T23:17:22.860+0000] {logging_mixin.py:188} INFO - [2026-04-26T23:17:22.860+0000] {dag.py:3954} INFO - Setting next_dagrun for example_weekday_branch_operator to 2026-04-25 00:00:00+00:00, run_after=2026-04-26 00:00:00+00:00
[2026-04-26T23:17:22.874+0000] {processor.py:183} INFO - Processing /home/airflow/.local/lib/python3.12/site-packages/airflow/example_dags/example_branch_day_of_week_operator.py took 0.059 seconds
[2026-04-26T23:17:53.097+0000] {processor.py:161} INFO - Started process (PID=1158) to work on /home/airflow/.local/lib/python3.12/site-packages/airflow/example_dags/example_branch_day_of_week_operator.py
[2026-04-26T23:17:53.098+0000] {processor.py:830} INFO - Processing file /home/airflow/.local/lib/python3.12/site-packages/airflow/example_dags/example_branch_day_of_week_operator.py for tasks to queue
[2026-04-26T23:17:53.099+0000] {logging_mixin.py:188} INFO - [2026-04-26T23:17:53.099+0000] {dagbag.py:545} INFO - Filling up the DagBag from /home/airflow/.local/lib/python3.12/site-packages/airflow/example_dags/example_branch_day_of_week_operator.py
[2026-04-26T23:17:53.105+0000] {processor.py:840} INFO - DAG(s) 'example_weekday_branch_operator' retrieved from /home/airflow/.local/lib/python3.12/site-packages/airflow/example_dags/example_branch_day_of_week_operator.py
[2026-04-26T23:17:53.120+0000] {logging_mixin.py:188} INFO - [2026-04-26T23:17:53.120+0000] {dag.py:3096} INFO - Sync 1 DAGs
[2026-04-26T23:17:53.137+0000] {logging_mixin.py:188} INFO - [2026-04-26T23:17:53.137+0000] {dag.py:3954} INFO - Setting next_dagrun for example_weekday_branch_operator to 2026-04-25 00:00:00+00:00, run_after=2026-04-26 00:00:00+00:00
[2026-04-26T23:17:53.148+0000] {processor.py:183} INFO - Processing /home/airflow/.local/lib/python3.12/site-packages/airflow/example_dags/example_branch_day_of_week_operator.py took 0.055 seconds
[2026-04-26T23:18:24.140+0000] {processor.py:161} INFO - Started process (PID=1217) to work on /home/airflow/.local/lib/python3.12/site-packages/airflow/example_dags/example_branch_day_of_week_operator.py
[2026-04-26T23:18:24.141+0000] {processor.py:830} INFO - Processing file /home/airflow/.local/lib/python3.12/site-packages/airflow/example_dags/example_branch_day_of_week_operator.py for tasks to queue
[2026-04-26T23:18:24.142+0000] {logging_mixin.py:188} INFO - [2026-04-26T23:18:24.142+0000] {dagbag.py:545} INFO - Filling up the DagBag from /home/airflow/.local/lib/python3.12/site-packages/airflow/example_dags/example_branch_day_of_week_operator.py
[2026-04-26T23:18:24.148+0000] {processor.py:840} INFO - DAG(s) 'example_weekday_branch_operator' retrieved from /home/airflow/.local/lib/python3.12/site-packages/airflow/example_dags/example_branch_day_of_week_operator.py
[2026-04-26T23:18:24.162+0000] {logging_mixin.py:188} INFO - [2026-04-26T23:18:24.162+0000] {dag.py:3096} INFO - Sync 1 DAGs
[2026-04-26T23:18:24.178+0000] {logging_mixin.py:188} INFO - [2026-04-26T23:18:24.178+0000] {dag.py:3954} INFO - Setting next_dagrun for example_weekday_branch_operator to 2026-04-25 00:00:00+00:00, run_after=2026-04-26 00:00:00+00:00
[2026-04-26T23:18:24.189+0000] {processor.py:183} INFO - Processing /home/airflow/.local/lib/python3.12/site-packages/airflow/example_dags/example_branch_day_of_week_operator.py took 0.054 seconds
[2026-04-26T23:18:54.683+0000] {processor.py:161} INFO - Started process (PID=1276) to work on /home/airflow/.local/lib/python3.12/site-packages/airflow/example_dags/example_branch_day_of_week_operator.py
[2026-04-26T23:18:54.683+0000] {processor.py:830} INFO - Processing file /home/airflow/.local/lib/python3.12/site-packages/airflow/example_dags/example_branch_day_of_week_operator.py for tasks to queue
[2026-04-26T23:18:54.685+0000] {logging_mixin.py:188} INFO - [2026-04-26T23:18:54.684+0000] {dagbag.py:545} INFO - Filling up the DagBag from /home/airflow/.local/lib/python3.12/site-packages/airflow/example_dags/example_branch_day_of_week_operator.py
[2026-04-26T23:18:54.691+0000] {processor.py:840} INFO - DAG(s) 'example_weekday_branch_operator' retrieved from /home/airflow/.local/lib/python3.12/site-packages/airflow/example_dags/example_branch_day_of_week_operator.py
[2026-04-26T23:18:54.706+0000] {logging_mixin.py:188} INFO - [2026-04-26T23:18:54.706+0000] {dag.py:3096} INFO - Sync 1 DAGs
[2026-04-26T23:18:54.722+0000] {logging_mixin.py:188} INFO - [2026-04-26T23:18:54.722+0000] {dag.py:3954} INFO - Setting next_dagrun for example_weekday_branch_operator to 2026-04-25 00:00:00+00:00, run_after=2026-04-26 00:00:00+00:00
[2026-04-26T23:18:54.735+0000] {processor.py:183} INFO - Processing /home/airflow/.local/lib/python3.12/site-packages/airflow/example_dags/example_branch_day_of_week_operator.py took 0.057 seconds
[2026-04-26T23:19:25.042+0000] {processor.py:161} INFO - Started process (PID=1335) to work on /home/airflow/.local/lib/python3.12/site-packages/airflow/example_dags/example_branch_day_of_week_operator.py
[2026-04-26T23:19:25.043+0000] {processor.py:830} INFO - Processing file /home/airflow/.local/lib/python3.12/site-packages/airflow/example_dags/example_branch_day_of_week_operator.py for tasks to queue
[2026-04-26T23:19:25.044+0000] {logging_mixin.py:188} INFO - [2026-04-26T23:19:25.044+0000] {dagbag.py:545} INFO - Filling up the DagBag from /home/airflow/.local/lib/python3.12/site-packages/airflow/example_dags/example_branch_day_of_week_operator.py
[2026-04-26T23:19:25.050+0000] {processor.py:840} INFO - DAG(s) 'example_weekday_branch_operator' retrieved from /home/airflow/.local/lib/python3.12/site-packages/airflow/example_dags/example_branch_day_of_week_operator.py
[2026-04-26T23:19:25.065+0000] {logging_mixin.py:188} INFO - [2026-04-26T23:19:25.065+0000] {dag.py:3096} INFO - Sync 1 DAGs
[2026-04-26T23:19:25.081+0000] {logging_mixin.py:188} INFO - [2026-04-26T23:19:25.081+0000] {dag.py:3954} INFO - Setting next_dagrun for example_weekday_branch_operator to 2026-04-25 00:00:00+00:00, run_after=2026-04-26 00:00:00+00:00
[2026-04-26T23:19:25.093+0000] {processor.py:183} INFO - Processing /home/airflow/.local/lib/python3.12/site-packages/airflow/example_dags/example_branch_day_of_week_operator.py took 0.056 seconds
[2026-04-26T23:19:55.329+0000] {processor.py:161} INFO - Started process (PID=1394) to work on /home/airflow/.local/lib/python3.12/site-packages/airflow/example_dags/example_branch_day_of_week_operator.py
[2026-04-26T23:19:55.330+0000] {processor.py:830} INFO - Processing file /home/airflow/.local/lib/python3.12/site-packages/airflow/example_dags/example_branch_day_of_week_operator.py for tasks to queue
[2026-04-26T23:19:55.331+0000] {logging_mixin.py:188} INFO - [2026-04-26T23:19:55.331+0000] {dagbag.py:545} INFO - Filling up the DagBag from /home/airflow/.local/lib/python3.12/site-packages/airflow/example_dags/example_branch_day_of_week_operator.py
[2026-04-26T23:19:55.337+0000] {processor.py:840} INFO - DAG(s) 'example_weekday_branch_operator' retrieved from /home/airflow/.local/lib/python3.12/site-packages/airflow/example_dags/example_branch_day_of_week_operator.py
[2026-04-26T23:19:55.352+0000] {logging_mixin.py:188} INFO - [2026-04-26T23:19:55.351+0000] {dag.py:3096} INFO - Sync 1 DAGs
[2026-04-26T23:19:55.369+0000] {logging_mixin.py:188} INFO - [2026-04-26T23:19:55.369+0000] {dag.py:3954} INFO - Setting next_dagrun for example_weekday_branch_operator to 2026-04-25 00:00:00+00:00, run_after=2026-04-26 00:00:00+00:00
[2026-04-26T23:19:55.383+0000] {processor.py:183} INFO - Processing /home/airflow/.local/lib/python3.12/site-packages/airflow/example_dags/example_branch_day_of_week_operator.py took 0.059 seconds
[2026-04-26T23:20:25.589+0000] {processor.py:161} INFO - Started process (PID=1453) to work on /home/airflow/.local/lib/python3.12/site-packages/airflow/example_dags/example_branch_day_of_week_operator.py
[2026-04-26T23:20:25.590+0000] {processor.py:830} INFO - Processing file /home/airflow/.local/lib/python3.12/site-packages/airflow/example_dags/example_branch_day_of_week_operator.py for tasks to queue
[2026-04-26T23:20:25.591+0000] {logging_mixin.py:188} INFO - [2026-04-26T23:20:25.591+0000] {dagbag.py:545} INFO - Filling up the DagBag from /home/airflow/.local/lib/python3.12/site-packages/airflow/example_dags/example_branch_day_of_week_operator.py
[2026-04-26T23:20:25.597+0000] {processor.py:840} INFO - DAG(s) 'example_weekday_branch_operator' retrieved from /home/airflow/.local/lib/python3.12/site-packages/airflow/example_dags/example_branch_day_of_week_operator.py
[2026-04-26T23:20:25.611+0000] {logging_mixin.py:188} INFO - [2026-04-26T23:20:25.611+0000] {dag.py:3096} INFO - Sync 1 DAGs
[2026-04-26T23:20:25.627+0000] {logging_mixin.py:188} INFO - [2026-04-26T23:20:25.627+0000] {dag.py:3954} INFO - Setting next_dagrun for example_weekday_branch_operator to 2026-04-25 00:00:00+00:00, run_after=2026-04-26 00:00:00+00:00
[2026-04-26T23:20:25.638+0000] {processor.py:183} INFO - Processing /home/airflow/.local/lib/python3.12/site-packages/airflow/example_dags/example_branch_day_of_week_operator.py took 0.054 seconds
[2026-04-26T23:20:55.795+0000] {processor.py:161} INFO - Started process (PID=1512) to work on /home/airflow/.local/lib/python3.12/site-packages/airflow/example_dags/example_branch_day_of_week_operator.py
[2026-04-26T23:20:55.795+0000] {processor.py:830} INFO - Processing file /home/airflow/.local/lib/python3.12/site-packages/airflow/example_dags/example_branch_day_of_week_operator.py for tasks to queue
[2026-04-26T23:20:55.796+0000] {logging_mixin.py:188} INFO - [2026-04-26T23:20:55.796+0000] {dagbag.py:545} INFO - Filling up the DagBag from /home/airflow/.local/lib/python3.12/site-packages/airflow/example_dags/example_branch_day_of_week_operator.py
[2026-04-26T23:20:55.801+0000] {processor.py:840} INFO - DAG(s) 'example_weekday_branch_operator' retrieved from /home/airflow/.local/lib/python3.12/site-packages/airflow/example_dags/example_branch_day_of_week_operator.py
[2026-04-26T23:20:55.814+0000] {logging_mixin.py:188} INFO - [2026-04-26T23:20:55.814+0000] {dag.py:3096} INFO - Sync 1 DAGs
[2026-04-26T23:20:55.830+0000] {logging_mixin.py:188} INFO - [2026-04-26T23:20:55.830+0000] {dag.py:3954} INFO - Setting next_dagrun for example_weekday_branch_operator to 2026-04-25 00:00:00+00:00, run_after=2026-04-26 00:00:00+00:00
[2026-04-26T23:20:55.841+0000] {processor.py:183} INFO - Processing /home/airflow/.local/lib/python3.12/site-packages/airflow/example_dags/example_branch_day_of_week_operator.py took 0.050 seconds
[2026-04-26T23:21:26.079+0000] {processor.py:161} INFO - Started process (PID=1571) to work on /home/airflow/.local/lib/python3.12/site-packages/airflow/example_dags/example_branch_day_of_week_operator.py
[2026-04-26T23:21:26.080+0000] {processor.py:830} INFO - Processing file /home/airflow/.local/lib/python3.12/site-packages/airflow/example_dags/example_branch_day_of_week_operator.py for tasks to queue
[2026-04-26T23:21:26.081+0000] {logging_mixin.py:188} INFO - [2026-04-26T23:21:26.081+0000] {dagbag.py:545} INFO - Filling up the DagBag from /home/airflow/.local/lib/python3.12/site-packages/airflow/example_dags/example_branch_day_of_week_operator.py
[2026-04-26T23:21:26.087+0000] {processor.py:840} INFO - DAG(s) 'example_weekday_branch_operator' retrieved from /home/airflow/.local/lib/python3.12/site-packages/airflow/example_dags/example_branch_day_of_week_operator.py
[2026-04-26T23:21:26.101+0000] {logging_mixin.py:188} INFO - [2026-04-26T23:21:26.101+0000] {dag.py:3096} INFO - Sync 1 DAGs
[2026-04-26T23:21:26.117+0000] {logging_mixin.py:188} INFO - [2026-04-26T23:21:26.117+0000] {dag.py:3954} INFO - Setting next_dagrun for example_weekday_branch_operator to 2026-04-25 00:00:00+00:00, run_after=2026-04-26 00:00:00+00:00
[2026-04-26T23:21:26.129+0000] {processor.py:183} INFO - Processing /home/airflow/.local/lib/python3.12/site-packages/airflow/example_dags/example_branch_day_of_week_operator.py took 0.054 seconds
[2026-04-26T23:21:57.050+0000] {processor.py:161} INFO - Started process (PID=1631) to work on /home/airflow/.local/lib/python3.12/site-packages/airflow/example_dags/example_branch_day_of_week_operator.py
[2026-04-26T23:21:57.050+0000] {processor.py:830} INFO - Processing file /home/airflow/.local/lib/python3.12/site-packages/airflow/example_dags/example_branch_day_of_week_operator.py for tasks to queue
[2026-04-26T23:21:57.051+0000] {logging_mixin.py:188} INFO - [2026-04-26T23:21:57.051+0000] {dagbag.py:545} INFO - Filling up the DagBag from /home/airflow/.local/lib/python3.12/site-packages/airflow/example_dags/example_branch_day_of_week_operator.py
[2026-04-26T23:21:57.057+0000] {processor.py:840} INFO - DAG(s) 'example_weekday_branch_operator' retrieved from /home/airflow/.local/lib/python3.12/site-packages/airflow/example_dags/example_branch_day_of_week_operator.py
[2026-04-26T23:21:57.072+0000] {logging_mixin.py:188} INFO - [2026-04-26T23:21:57.072+0000] {dag.py:3096} INFO - Sync 1 DAGs
[2026-04-26T23:21:57.088+0000] {logging_mixin.py:188} INFO - [2026-04-26T23:21:57.088+0000] {dag.py:3954} INFO - Setting next_dagrun for example_weekday_branch_operator to 2026-04-25 00:00:00+00:00, run_after=2026-04-26 00:00:00+00:00
[2026-04-26T23:21:57.101+0000] {processor.py:183} INFO - Processing /home/airflow/.local/lib/python3.12/site-packages/airflow/example_dags/example_branch_day_of_week_operator.py took 0.057 seconds
[2026-04-26T23:22:27.404+0000] {processor.py:161} INFO - Started process (PID=1690) to work on /home/airflow/.local/lib/python3.12/site-packages/airflow/example_dags/example_branch_day_of_week_operator.py
[2026-04-26T23:22:27.405+0000] {processor.py:830} INFO - Processing file /home/airflow/.local/lib/python3.12/site-packages/airflow/example_dags/example_branch_day_of_week_operator.py for tasks to queue
[2026-04-26T23:22:27.406+0000] {logging_mixin.py:188} INFO - [2026-04-26T23:22:27.406+0000] {dagbag.py:545} INFO - Filling up the DagBag from /home/airflow/.local/lib/python3.12/site-packages/airflow/example_dags/example_branch_day_of_week_operator.py
[2026-04-26T23:22:27.412+0000] {processor.py:840} INFO - DAG(s) 'example_weekday_branch_operator' retrieved from /home/airflow/.local/lib/python3.12/site-packages/airflow/example_dags/example_branch_day_of_week_operator.py
[2026-04-26T23:22:27.430+0000] {logging_mixin.py:188} INFO - [2026-04-26T23:22:27.429+0000] {dag.py:3096} INFO - Sync 1 DAGs
[2026-04-26T23:22:27.448+0000] {logging_mixin.py:188} INFO - [2026-04-26T23:22:27.448+0000] {dag.py:3954} INFO - Setting next_dagrun for example_weekday_branch_operator to 2026-04-25 00:00:00+00:00, run_after=2026-04-26 00:00:00+00:00
[2026-04-26T23:22:27.462+0000] {processor.py:183} INFO - Processing /home/airflow/.local/lib/python3.12/site-packages/airflow/example_dags/example_branch_day_of_week_operator.py took 0.063 seconds
[2026-04-26T23:22:57.738+0000] {processor.py:161} INFO - Started process (PID=1750) to work on /home/airflow/.local/lib/python3.12/site-packages/airflow/example_dags/example_branch_day_of_week_operator.py
[2026-04-26T23:22:57.738+0000] {processor.py:830} INFO - Processing file /home/airflow/.local/lib/python3.12/site-packages/airflow/example_dags/example_branch_day_of_week_operator.py for tasks to queue
[2026-04-26T23:22:57.739+0000] {logging_mixin.py:188} INFO - [2026-04-26T23:22:57.739+0000] {dagbag.py:545} INFO - Filling up the DagBag from /home/airflow/.local/lib/python3.12/site-packages/airflow/example_dags/example_branch_day_of_week_operator.py
[2026-04-26T23:22:57.745+0000] {processor.py:840} INFO - DAG(s) 'example_weekday_branch_operator' retrieved from /home/airflow/.local/lib/python3.12/site-packages/airflow/example_dags/example_branch_day_of_week_operator.py
[2026-04-26T23:22:57.760+0000] {logging_mixin.py:188} INFO - [2026-04-26T23:22:57.760+0000] {dag.py:3096} INFO - Sync 1 DAGs
[2026-04-26T23:22:57.776+0000] {logging_mixin.py:188} INFO - [2026-04-26T23:22:57.776+0000] {dag.py:3954} INFO - Setting next_dagrun for example_weekday_branch_operator to 2026-04-25 00:00:00+00:00, run_after=2026-04-26 00:00:00+00:00
[2026-04-26T23:22:57.789+0000] {processor.py:183} INFO - Processing /home/airflow/.local/lib/python3.12/site-packages/airflow/example_dags/example_branch_day_of_week_operator.py took 0.055 seconds
[2026-04-26T23:23:28.189+0000] {processor.py:161} INFO - Started process (PID=1809) to work on /home/airflow/.local/lib/python3.12/site-packages/airflow/example_dags/example_branch_day_of_week_operator.py
[2026-04-26T23:23:28.190+0000] {processor.py:830} INFO - Processing file /home/airflow/.local/lib/python3.12/site-packages/airflow/example_dags/example_branch_day_of_week_operator.py for tasks to queue
[2026-04-26T23:23:28.191+0000] {logging_mixin.py:188} INFO - [2026-04-26T23:23:28.191+0000] {dagbag.py:545} INFO - Filling up the DagBag from /home/airflow/.local/lib/python3.12/site-packages/airflow/example_dags/example_branch_day_of_week_operator.py
[2026-04-26T23:23:28.197+0000] {processor.py:840} INFO - DAG(s) 'example_weekday_branch_operator' retrieved from /home/airflow/.local/lib/python3.12/site-packages/airflow/example_dags/example_branch_day_of_week_operator.py
[2026-04-26T23:23:28.211+0000] {logging_mixin.py:188} INFO - [2026-04-26T23:23:28.211+0000] {dag.py:3096} INFO - Sync 1 DAGs
[2026-04-26T23:23:28.349+0000] {logging_mixin.py:188} INFO - [2026-04-26T23:23:28.349+0000] {dag.py:3954} INFO - Setting next_dagrun for example_weekday_branch_operator to 2026-04-25 00:00:00+00:00, run_after=2026-04-26 00:00:00+00:00
[2026-04-26T23:23:28.369+0000] {processor.py:183} INFO - Processing /home/airflow/.local/lib/python3.12/site-packages/airflow/example_dags/example_branch_day_of_week_operator.py took 0.184 seconds
[2026-04-26T23:23:58.845+0000] {processor.py:161} INFO - Started process (PID=1868) to work on /home/airflow/.local/lib/python3.12/site-packages/airflow/example_dags/example_branch_day_of_week_operator.py
[2026-04-26T23:23:58.846+0000] {processor.py:830} INFO - Processing file /home/airflow/.local/lib/python3.12/site-packages/airflow/example_dags/example_branch_day_of_week_operator.py for tasks to queue
[2026-04-26T23:23:58.847+0000] {logging_mixin.py:188} INFO - [2026-04-26T23:23:58.847+0000] {dagbag.py:545} INFO - Filling up the DagBag from /home/airflow/.local/lib/python3.12/site-packages/airflow/example_dags/example_branch_day_of_week_operator.py
[2026-04-26T23:23:58.853+0000] {processor.py:840} INFO - DAG(s) 'example_weekday_branch_operator' retrieved from /home/airflow/.local/lib/python3.12/site-packages/airflow/example_dags/example_branch_day_of_week_operator.py
[2026-04-26T23:23:58.869+0000] {logging_mixin.py:188} INFO - [2026-04-26T23:23:58.869+0000] {dag.py:3096} INFO - Sync 1 DAGs
[2026-04-26T23:23:58.886+0000] {logging_mixin.py:188} INFO - [2026-04-26T23:23:58.886+0000] {dag.py:3954} INFO - Setting next_dagrun for example_weekday_branch_operator to 2026-04-25 00:00:00+00:00, run_after=2026-04-26 00:00:00+00:00
[2026-04-26T23:23:58.899+0000] {processor.py:183} INFO - Processing /home/airflow/.local/lib/python3.12/site-packages/airflow/example_dags/example_branch_day_of_week_operator.py took 0.059 seconds
[2026-04-26T23:24:29.360+0000] {processor.py:161} INFO - Started process (PID=1928) to work on /home/airflow/.local/lib/python3.12/site-packages/airflow/example_dags/example_branch_day_of_week_operator.py
[2026-04-26T23:24:29.361+0000] {processor.py:830} INFO - Processing file /home/airflow/.local/lib/python3.12/site-packages/airflow/example_dags/example_branch_day_of_week_operator.py for tasks to queue
[2026-04-26T23:24:29.362+0000] {logging_mixin.py:188} INFO - [2026-04-26T23:24:29.362+0000] {dagbag.py:545} INFO - Filling up the DagBag from /home/airflow/.local/lib/python3.12/site-packages/airflow/example_dags/example_branch_day_of_week_operator.py
[2026-04-26T23:24:29.367+0000] {processor.py:840} INFO - DAG(s) 'example_weekday_branch_operator' retrieved from /home/airflow/.local/lib/python3.12/site-packages/airflow/example_dags/example_branch_day_of_week_operator.py
[2026-04-26T23:24:29.381+0000] {logging_mixin.py:188} INFO - [2026-04-26T23:24:29.381+0000] {dag.py:3096} INFO - Sync 1 DAGs
[2026-04-26T23:24:29.395+0000] {logging_mixin.py:188} INFO - [2026-04-26T23:24:29.394+0000] {dag.py:3954} INFO - Setting next_dagrun for example_weekday_branch_operator to 2026-04-25 00:00:00+00:00, run_after=2026-04-26 00:00:00+00:00
[2026-04-26T23:24:29.405+0000] {processor.py:183} INFO - Processing /home/airflow/.local/lib/python3.12/site-packages/airflow/example_dags/example_branch_day_of_week_operator.py took 0.048 seconds
[2026-04-26T23:25:00.296+0000] {processor.py:161} INFO - Started process (PID=1988) to work on /home/airflow/.local/lib/python3.12/site-packages/airflow/example_dags/example_branch_day_of_week_operator.py
[2026-04-26T23:25:00.297+0000] {processor.py:830} INFO - Processing file /home/airflow/.local/lib/python3.12/site-packages/airflow/example_dags/example_branch_day_of_week_operator.py for tasks to queue
[2026-04-26T23:25:00.298+0000] {logging_mixin.py:188} INFO - [2026-04-26T23:25:00.298+0000] {dagbag.py:545} INFO - Filling up the DagBag from /home/airflow/.local/lib/python3.12/site-packages/airflow/example_dags/example_branch_day_of_week_operator.py
[2026-04-26T23:25:00.303+0000] {processor.py:840} INFO - DAG(s) 'example_weekday_branch_operator' retrieved from /home/airflow/.local/lib/python3.12/site-packages/airflow/example_dags/example_branch_day_of_week_operator.py
[2026-04-26T23:25:00.318+0000] {logging_mixin.py:188} INFO - [2026-04-26T23:25:00.318+0000] {dag.py:3096} INFO - Sync 1 DAGs
[2026-04-26T23:25:00.334+0000] {logging_mixin.py:188} INFO - [2026-04-26T23:25:00.333+0000] {dag.py:3954} INFO - Setting next_dagrun for example_weekday_branch_operator to 2026-04-25 00:00:00+00:00, run_after=2026-04-26 00:00:00+00:00
[2026-04-26T23:25:00.346+0000] {processor.py:183} INFO - Processing /home/airflow/.local/lib/python3.12/site-packages/airflow/example_dags/example_branch_day_of_week_operator.py took 0.054 seconds
[2026-04-26T23:25:31.018+0000] {processor.py:161} INFO - Started process (PID=2047) to work on /home/airflow/.local/lib/python3.12/site-packages/airflow/example_dags/example_branch_day_of_week_operator.py
[2026-04-26T23:25:31.018+0000] {processor.py:830} INFO - Processing file /home/airflow/.local/lib/python3.12/site-packages/airflow/example_dags/example_branch_day_of_week_operator.py for tasks to queue
[2026-04-26T23:25:31.019+0000] {logging_mixin.py:188} INFO - [2026-04-26T23:25:31.019+0000] {dagbag.py:545} INFO - Filling up the DagBag from /home/airflow/.local/lib/python3.12/site-packages/airflow/example_dags/example_branch_day_of_week_operator.py
[2026-04-26T23:25:31.024+0000] {processor.py:840} INFO - DAG(s) 'example_weekday_branch_operator' retrieved from /home/airflow/.local/lib/python3.12/site-packages/airflow/example_dags/example_branch_day_of_week_operator.py
[2026-04-26T23:25:31.036+0000] {logging_mixin.py:188} INFO - [2026-04-26T23:25:31.036+0000] {dag.py:3096} INFO - Sync 1 DAGs
[2026-04-26T23:25:31.048+0000] {logging_mixin.py:188} INFO - [2026-04-26T23:25:31.048+0000] {dag.py:3954} INFO - Setting next_dagrun for example_weekday_branch_operator to 2026-04-25 00:00:00+00:00, run_after=2026-04-26 00:00:00+00:00
[2026-04-26T23:25:31.059+0000] {processor.py:183} INFO - Processing /home/airflow/.local/lib/python3.12/site-packages/airflow/example_dags/example_branch_day_of_week_operator.py took 0.045 seconds
[2026-04-26T23:26:01.796+0000] {processor.py:161} INFO - Started process (PID=2106) to work on /home/airflow/.local/lib/python3.12/site-packages/airflow/example_dags/example_branch_day_of_week_operator.py
[2026-04-26T23:26:01.797+0000] {processor.py:830} INFO - Processing file /home/airflow/.local/lib/python3.12/site-packages/airflow/example_dags/example_branch_day_of_week_operator.py for tasks to queue
[2026-04-26T23:26:01.799+0000] {logging_mixin.py:188} INFO - [2026-04-26T23:26:01.798+0000] {dagbag.py:545} INFO - Filling up the DagBag from /home/airflow/.local/lib/python3.12/site-packages/airflow/example_dags/example_branch_day_of_week_operator.py
[2026-04-26T23:26:01.804+0000] {processor.py:840} INFO - DAG(s) 'example_weekday_branch_operator' retrieved from /home/airflow/.local/lib/python3.12/site-packages/airflow/example_dags/example_branch_day_of_week_operator.py
[2026-04-26T23:26:01.820+0000] {logging_mixin.py:188} INFO - [2026-04-26T23:26:01.820+0000] {dag.py:3096} INFO - Sync 1 DAGs
[2026-04-26T23:26:01.837+0000] {logging_mixin.py:188} INFO - [2026-04-26T23:26:01.837+0000] {dag.py:3954} INFO - Setting next_dagrun for example_weekday_branch_operator to 2026-04-25 00:00:00+00:00, run_after=2026-04-26 00:00:00+00:00
[2026-04-26T23:26:01.850+0000] {processor.py:183} INFO - Processing /home/airflow/.local/lib/python3.12/site-packages/airflow/example_dags/example_branch_day_of_week_operator.py took 0.058 seconds
[2026-04-26T23:26:32.554+0000] {processor.py:161} INFO - Started process (PID=2165) to work on /home/airflow/.local/lib/python3.12/site-packages/airflow/example_dags/example_branch_day_of_week_operator.py
[2026-04-26T23:26:32.555+0000] {processor.py:830} INFO - Processing file /home/airflow/.local/lib/python3.12/site-packages/airflow/example_dags/example_branch_day_of_week_operator.py for tasks to queue
[2026-04-26T23:26:32.556+0000] {logging_mixin.py:188} INFO - [2026-04-26T23:26:32.556+0000] {dagbag.py:545} INFO - Filling up the DagBag from /home/airflow/.local/lib/python3.12/site-packages/airflow/example_dags/example_branch_day_of_week_operator.py
[2026-04-26T23:26:32.562+0000] {processor.py:840} INFO - DAG(s) 'example_weekday_branch_operator' retrieved from /home/airflow/.local/lib/python3.12/site-packages/airflow/example_dags/example_branch_day_of_week_operator.py
[2026-04-26T23:26:32.577+0000] {logging_mixin.py:188} INFO - [2026-04-26T23:26:32.577+0000] {dag.py:3096} INFO - Sync 1 DAGs
[2026-04-26T23:26:32.592+0000] {logging_mixin.py:188} INFO - [2026-04-26T23:26:32.592+0000] {dag.py:3954} INFO - Setting next_dagrun for example_weekday_branch_operator to 2026-04-25 00:00:00+00:00, run_after=2026-04-26 00:00:00+00:00
[2026-04-26T23:26:32.603+0000] {processor.py:183} INFO - Processing /home/airflow/.local/lib/python3.12/site-packages/airflow/example_dags/example_branch_day_of_week_operator.py took 0.054 seconds
[2026-04-26T23:27:03.317+0000] {processor.py:161} INFO - Started process (PID=2224) to work on /home/airflow/.local/lib/python3.12/site-packages/airflow/example_dags/example_branch_day_of_week_operator.py
[2026-04-26T23:27:03.318+0000] {processor.py:830} INFO - Processing file /home/airflow/.local/lib/python3.12/site-packages/airflow/example_dags/example_branch_day_of_week_operator.py for tasks to queue
[2026-04-26T23:27:03.319+0000] {logging_mixin.py:188} INFO - [2026-04-26T23:27:03.319+0000] {dagbag.py:545} INFO - Filling up the DagBag from /home/airflow/.local/lib/python3.12/site-packages/airflow/example_dags/example_branch_day_of_week_operator.py
[2026-04-26T23:27:03.326+0000] {processor.py:840} INFO - DAG(s) 'example_weekday_branch_operator' retrieved from /home/airflow/.local/lib/python3.12/site-packages/airflow/example_dags/example_branch_day_of_week_operator.py
[2026-04-26T23:27:03.343+0000] {logging_mixin.py:188} INFO - [2026-04-26T23:27:03.343+0000] {dag.py:3096} INFO - Sync 1 DAGs
[2026-04-26T23:27:03.360+0000] {logging_mixin.py:188} INFO - [2026-04-26T23:27:03.360+0000] {dag.py:3954} INFO - Setting next_dagrun for example_weekday_branch_operator to 2026-04-25 00:00:00+00:00, run_after=2026-04-26 00:00:00+00:00
[2026-04-26T23:27:03.373+0000] {processor.py:183} INFO - Processing /home/airflow/.local/lib/python3.12/site-packages/airflow/example_dags/example_branch_day_of_week_operator.py took 0.061 seconds
[2026-04-26T23:27:34.088+0000] {processor.py:161} INFO - Started process (PID=2283) to work on /home/airflow/.local/lib/python3.12/site-packages/airflow/example_dags/example_branch_day_of_week_operator.py
[2026-04-26T23:27:34.089+0000] {processor.py:830} INFO - Processing file /home/airflow/.local/lib/python3.12/site-packages/airflow/example_dags/example_branch_day_of_week_operator.py for tasks to queue
[2026-04-26T23:27:34.090+0000] {logging_mixin.py:188} INFO - [2026-04-26T23:27:34.090+0000] {dagbag.py:545} INFO - Filling up the DagBag from /home/airflow/.local/lib/python3.12/site-packages/airflow/example_dags/example_branch_day_of_week_operator.py
[2026-04-26T23:27:34.096+0000] {processor.py:840} INFO - DAG(s) 'example_weekday_branch_operator' retrieved from /home/airflow/.local/lib/python3.12/site-packages/airflow/example_dags/example_branch_day_of_week_operator.py
[2026-04-26T23:27:34.111+0000] {logging_mixin.py:188} INFO - [2026-04-26T23:27:34.110+0000] {dag.py:3096} INFO - Sync 1 DAGs
[2026-04-26T23:27:34.126+0000] {logging_mixin.py:188} INFO - [2026-04-26T23:27:34.126+0000] {dag.py:3954} INFO - Setting next_dagrun for example_weekday_branch_operator to 2026-04-25 00:00:00+00:00, run_after=2026-04-26 00:00:00+00:00
[2026-04-26T23:27:34.137+0000] {processor.py:183} INFO - Processing /home/airflow/.local/lib/python3.12/site-packages/airflow/example_dags/example_branch_day_of_week_operator.py took 0.054 seconds
[2026-04-26T23:28:04.842+0000] {processor.py:161} INFO - Started process (PID=2342) to work on /home/airflow/.local/lib/python3.12/site-packages/airflow/example_dags/example_branch_day_of_week_operator.py
[2026-04-26T23:28:04.842+0000] {processor.py:830} INFO - Processing file /home/airflow/.local/lib/python3.12/site-packages/airflow/example_dags/example_branch_day_of_week_operator.py for tasks to queue
[2026-04-26T23:28:04.843+0000] {logging_mixin.py:188} INFO - [2026-04-26T23:28:04.843+0000] {dagbag.py:545} INFO - Filling up the DagBag from /home/airflow/.local/lib/python3.12/site-packages/airflow/example_dags/example_branch_day_of_week_operator.py
[2026-04-26T23:28:04.848+0000] {processor.py:840} INFO - DAG(s) 'example_weekday_branch_operator' retrieved from /home/airflow/.local/lib/python3.12/site-packages/airflow/example_dags/example_branch_day_of_week_operator.py
[2026-04-26T23:28:04.860+0000] {logging_mixin.py:188} INFO - [2026-04-26T23:28:04.860+0000] {dag.py:3096} INFO - Sync 1 DAGs
[2026-04-26T23:28:04.872+0000] {logging_mixin.py:188} INFO - [2026-04-26T23:28:04.872+0000] {dag.py:3954} INFO - Setting next_dagrun for example_weekday_branch_operator to 2026-04-25 00:00:00+00:00, run_after=2026-04-26 00:00:00+00:00
[2026-04-26T23:28:04.883+0000] {processor.py:183} INFO - Processing /home/airflow/.local/lib/python3.12/site-packages/airflow/example_dags/example_branch_day_of_week_operator.py took 0.045 seconds
[2026-04-26T23:28:35.570+0000] {processor.py:161} INFO - Started process (PID=2401) to work on /home/airflow/.local/lib/python3.12/site-packages/airflow/example_dags/example_branch_day_of_week_operator.py
[2026-04-26T23:28:35.571+0000] {processor.py:830} INFO - Processing file /home/airflow/.local/lib/python3.12/site-packages/airflow/example_dags/example_branch_day_of_week_operator.py for tasks to queue
[2026-04-26T23:28:35.572+0000] {logging_mixin.py:188} INFO - [2026-04-26T23:28:35.572+0000] {dagbag.py:545} INFO - Filling up the DagBag from /home/airflow/.local/lib/python3.12/site-packages/airflow/example_dags/example_branch_day_of_week_operator.py
[2026-04-26T23:28:35.577+0000] {processor.py:840} INFO - DAG(s) 'example_weekday_branch_operator' retrieved from /home/airflow/.local/lib/python3.12/site-packages/airflow/example_dags/example_branch_day_of_week_operator.py
[2026-04-26T23:28:35.592+0000] {logging_mixin.py:188} INFO - [2026-04-26T23:28:35.592+0000] {dag.py:3096} INFO - Sync 1 DAGs
[2026-04-26T23:28:35.607+0000] {logging_mixin.py:188} INFO - [2026-04-26T23:28:35.607+0000] {dag.py:3954} INFO - Setting next_dagrun for example_weekday_branch_operator to 2026-04-25 00:00:00+00:00, run_after=2026-04-26 00:00:00+00:00
[2026-04-26T23:28:35.617+0000] {processor.py:183} INFO - Processing /home/airflow/.local/lib/python3.12/site-packages/airflow/example_dags/example_branch_day_of_week_operator.py took 0.051 seconds
[2026-04-26T23:29:05.801+0000] {processor.py:161} INFO - Started process (PID=2460) to work on /home/airflow/.local/lib/python3.12/site-packages/airflow/example_dags/example_branch_day_of_week_operator.py
[2026-04-26T23:29:05.802+0000] {processor.py:830} INFO - Processing file /home/airflow/.local/lib/python3.12/site-packages/airflow/example_dags/example_branch_day_of_week_operator.py for tasks to queue
[2026-04-26T23:29:05.803+0000] {logging_mixin.py:188} INFO - [2026-04-26T23:29:05.803+0000] {dagbag.py:545} INFO - Filling up the DagBag from /home/airflow/.local/lib/python3.12/site-packages/airflow/example_dags/example_branch_day_of_week_operator.py
[2026-04-26T23:29:05.808+0000] {processor.py:840} INFO - DAG(s) 'example_weekday_branch_operator' retrieved from /home/airflow/.local/lib/python3.12/site-packages/airflow/example_dags/example_branch_day_of_week_operator.py
[2026-04-26T23:29:05.821+0000] {logging_mixin.py:188} INFO - [2026-04-26T23:29:05.821+0000] {dag.py:3096} INFO - Sync 1 DAGs
[2026-04-26T23:29:05.834+0000] {logging_mixin.py:188} INFO - [2026-04-26T23:29:05.834+0000] {dag.py:3954} INFO - Setting next_dagrun for example_weekday_branch_operator to 2026-04-25 00:00:00+00:00, run_after=2026-04-26 00:00:00+00:00
[2026-04-26T23:29:05.842+0000] {processor.py:183} INFO - Processing /home/airflow/.local/lib/python3.12/site-packages/airflow/example_dags/example_branch_day_of_week_operator.py took 0.045 seconds
[2026-04-26T23:29:36.667+0000] {processor.py:161} INFO - Started process (PID=2519) to work on /home/airflow/.local/lib/python3.12/site-packages/airflow/example_dags/example_branch_day_of_week_operator.py
[2026-04-26T23:29:36.668+0000] {processor.py:830} INFO - Processing file /home/airflow/.local/lib/python3.12/site-packages/airflow/example_dags/example_branch_day_of_week_operator.py for tasks to queue
[2026-04-26T23:29:36.669+0000] {logging_mixin.py:188} INFO - [2026-04-26T23:29:36.669+0000] {dagbag.py:545} INFO - Filling up the DagBag from /home/airflow/.local/lib/python3.12/site-packages/airflow/example_dags/example_branch_day_of_week_operator.py
[2026-04-26T23:29:36.674+0000] {processor.py:840} INFO - DAG(s) 'example_weekday_branch_operator' retrieved from /home/airflow/.local/lib/python3.12/site-packages/airflow/example_dags/example_branch_day_of_week_operator.py
[2026-04-26T23:29:36.687+0000] {logging_mixin.py:188} INFO - [2026-04-26T23:29:36.686+0000] {dag.py:3096} INFO - Sync 1 DAGs
[2026-04-26T23:29:36.700+0000] {logging_mixin.py:188} INFO - [2026-04-26T23:29:36.699+0000] {dag.py:3954} INFO - Setting next_dagrun for example_weekday_branch_operator to 2026-04-25 00:00:00+00:00, run_after=2026-04-26 00:00:00+00:00
[2026-04-26T23:29:36.712+0000] {processor.py:183} INFO - Processing /home/airflow/.local/lib/python3.12/site-packages/airflow/example_dags/example_branch_day_of_week_operator.py took 0.049 seconds
[2026-04-26T23:30:07.356+0000] {processor.py:161} INFO - Started process (PID=2578) to work on /home/airflow/.local/lib/python3.12/site-packages/airflow/example_dags/example_branch_day_of_week_operator.py
[2026-04-26T23:30:07.357+0000] {processor.py:830} INFO - Processing file /home/airflow/.local/lib/python3.12/site-packages/airflow/example_dags/example_branch_day_of_week_operator.py for tasks to queue
[2026-04-26T23:30:07.358+0000] {logging_mixin.py:188} INFO - [2026-04-26T23:30:07.358+0000] {dagbag.py:545} INFO - Filling up the DagBag from /home/airflow/.local/lib/python3.12/site-packages/airflow/example_dags/example_branch_day_of_week_operator.py
[2026-04-26T23:30:07.364+0000] {processor.py:840} INFO - DAG(s) 'example_weekday_branch_operator' retrieved from /home/airflow/.local/lib/python3.12/site-packages/airflow/example_dags/example_branch_day_of_week_operator.py
[2026-04-26T23:30:07.379+0000] {logging_mixin.py:188} INFO - [2026-04-26T23:30:07.379+0000] {dag.py:3096} INFO - Sync 1 DAGs
[2026-04-26T23:30:07.394+0000] {logging_mixin.py:188} INFO - [2026-04-26T23:30:07.394+0000] {dag.py:3954} INFO - Setting next_dagrun for example_weekday_branch_operator to 2026-04-25 00:00:00+00:00, run_after=2026-04-26 00:00:00+00:00
[2026-04-26T23:30:07.404+0000] {processor.py:183} INFO - Processing /home/airflow/.local/lib/python3.12/site-packages/airflow/example_dags/example_branch_day_of_week_operator.py took 0.052 seconds
[2026-04-26T23:30:38.122+0000] {processor.py:161} INFO - Started process (PID=2637) to work on /home/airflow/.local/lib/python3.12/site-packages/airflow/example_dags/example_branch_day_of_week_operator.py
[2026-04-26T23:30:38.122+0000] {processor.py:830} INFO - Processing file /home/airflow/.local/lib/python3.12/site-packages/airflow/example_dags/example_branch_day_of_week_operator.py for tasks to queue
[2026-04-26T23:30:38.124+0000] {logging_mixin.py:188} INFO - [2026-04-26T23:30:38.123+0000] {dagbag.py:545} INFO - Filling up the DagBag from /home/airflow/.local/lib/python3.12/site-packages/airflow/example_dags/example_branch_day_of_week_operator.py
[2026-04-26T23:30:38.128+0000] {processor.py:840} INFO - DAG(s) 'example_weekday_branch_operator' retrieved from /home/airflow/.local/lib/python3.12/site-packages/airflow/example_dags/example_branch_day_of_week_operator.py
[2026-04-26T23:30:38.141+0000] {logging_mixin.py:188} INFO - [2026-04-26T23:30:38.141+0000] {dag.py:3096} INFO - Sync 1 DAGs
[2026-04-26T23:30:38.153+0000] {logging_mixin.py:188} INFO - [2026-04-26T23:30:38.153+0000] {dag.py:3954} INFO - Setting next_dagrun for example_weekday_branch_operator to 2026-04-25 00:00:00+00:00, run_after=2026-04-26 00:00:00+00:00
[2026-04-26T23:30:38.164+0000] {processor.py:183} INFO - Processing /home/airflow/.local/lib/python3.12/site-packages/airflow/example_dags/example_branch_day_of_week_operator.py took 0.046 seconds
[2026-04-26T23:31:08.876+0000] {processor.py:161} INFO - Started process (PID=2696) to work on /home/airflow/.local/lib/python3.12/site-packages/airflow/example_dags/example_branch_day_of_week_operator.py
[2026-04-26T23:31:08.877+0000] {processor.py:830} INFO - Processing file /home/airflow/.local/lib/python3.12/site-packages/airflow/example_dags/example_branch_day_of_week_operator.py for tasks to queue
[2026-04-26T23:31:08.878+0000] {logging_mixin.py:188} INFO - [2026-04-26T23:31:08.878+0000] {dagbag.py:545} INFO - Filling up the DagBag from /home/airflow/.local/lib/python3.12/site-packages/airflow/example_dags/example_branch_day_of_week_operator.py
[2026-04-26T23:31:08.882+0000] {processor.py:840} INFO - DAG(s) 'example_weekday_branch_operator' retrieved from /home/airflow/.local/lib/python3.12/site-packages/airflow/example_dags/example_branch_day_of_week_operator.py
[2026-04-26T23:31:08.896+0000] {logging_mixin.py:188} INFO - [2026-04-26T23:31:08.896+0000] {dag.py:3096} INFO - Sync 1 DAGs
[2026-04-26T23:31:08.910+0000] {logging_mixin.py:188} INFO - [2026-04-26T23:31:08.910+0000] {dag.py:3954} INFO - Setting next_dagrun for example_weekday_branch_operator to 2026-04-25 00:00:00+00:00, run_after=2026-04-26 00:00:00+00:00
[2026-04-26T23:31:08.921+0000] {processor.py:183} INFO - Processing /home/airflow/.local/lib/python3.12/site-packages/airflow/example_dags/example_branch_day_of_week_operator.py took 0.049 seconds
[2026-04-26T23:31:39.622+0000] {processor.py:161} INFO - Started process (PID=2755) to work on /home/airflow/.local/lib/python3.12/site-packages/airflow/example_dags/example_branch_day_of_week_operator.py
[2026-04-26T23:31:39.623+0000] {processor.py:830} INFO - Processing file /home/airflow/.local/lib/python3.12/site-packages/airflow/example_dags/example_branch_day_of_week_operator.py for tasks to queue
[2026-04-26T23:31:39.624+0000] {logging_mixin.py:188} INFO - [2026-04-26T23:31:39.624+0000] {dagbag.py:545} INFO - Filling up the DagBag from /home/airflow/.local/lib/python3.12/site-packages/airflow/example_dags/example_branch_day_of_week_operator.py
[2026-04-26T23:31:39.629+0000] {processor.py:840} INFO - DAG(s) 'example_weekday_branch_operator' retrieved from /home/airflow/.local/lib/python3.12/site-packages/airflow/example_dags/example_branch_day_of_week_operator.py
[2026-04-26T23:31:39.643+0000] {logging_mixin.py:188} INFO - [2026-04-26T23:31:39.643+0000] {dag.py:3096} INFO - Sync 1 DAGs
[2026-04-26T23:31:39.657+0000] {logging_mixin.py:188} INFO - [2026-04-26T23:31:39.657+0000] {dag.py:3954} INFO - Setting next_dagrun for example_weekday_branch_operator to 2026-04-25 00:00:00+00:00, run_after=2026-04-26 00:00:00+00:00
[2026-04-26T23:31:39.667+0000] {processor.py:183} INFO - Processing /home/airflow/.local/lib/python3.12/site-packages/airflow/example_dags/example_branch_day_of_week_operator.py took 0.050 seconds
[2026-04-26T23:32:10.350+0000] {processor.py:161} INFO - Started process (PID=2814) to work on /home/airflow/.local/lib/python3.12/site-packages/airflow/example_dags/example_branch_day_of_week_operator.py
[2026-04-26T23:32:10.351+0000] {processor.py:830} INFO - Processing file /home/airflow/.local/lib/python3.12/site-packages/airflow/example_dags/example_branch_day_of_week_operator.py for tasks to queue
[2026-04-26T23:32:10.352+0000] {logging_mixin.py:188} INFO - [2026-04-26T23:32:10.352+0000] {dagbag.py:545} INFO - Filling up the DagBag from /home/airflow/.local/lib/python3.12/site-packages/airflow/example_dags/example_branch_day_of_week_operator.py
[2026-04-26T23:32:10.358+0000] {processor.py:840} INFO - DAG(s) 'example_weekday_branch_operator' retrieved from /home/airflow/.local/lib/python3.12/site-packages/airflow/example_dags/example_branch_day_of_week_operator.py
[2026-04-26T23:32:10.373+0000] {logging_mixin.py:188} INFO - [2026-04-26T23:32:10.372+0000] {dag.py:3096} INFO - Sync 1 DAGs
[2026-04-26T23:32:10.389+0000] {logging_mixin.py:188} INFO - [2026-04-26T23:32:10.388+0000] {dag.py:3954} INFO - Setting next_dagrun for example_weekday_branch_operator to 2026-04-25 00:00:00+00:00, run_after=2026-04-26 00:00:00+00:00
[2026-04-26T23:32:10.400+0000] {processor.py:183} INFO - Processing /home/airflow/.local/lib/python3.12/site-packages/airflow/example_dags/example_branch_day_of_week_operator.py took 0.054 seconds
[2026-04-26T23:32:40.560+0000] {processor.py:161} INFO - Started process (PID=2873) to work on /home/airflow/.local/lib/python3.12/site-packages/airflow/example_dags/example_branch_day_of_week_operator.py
[2026-04-26T23:32:40.561+0000] {processor.py:830} INFO - Processing file /home/airflow/.local/lib/python3.12/site-packages/airflow/example_dags/example_branch_day_of_week_operator.py for tasks to queue
[2026-04-26T23:32:40.562+0000] {logging_mixin.py:188} INFO - [2026-04-26T23:32:40.562+0000] {dagbag.py:545} INFO - Filling up the DagBag from /home/airflow/.local/lib/python3.12/site-packages/airflow/example_dags/example_branch_day_of_week_operator.py
[2026-04-26T23:32:40.568+0000] {processor.py:840} INFO - DAG(s) 'example_weekday_branch_operator' retrieved from /home/airflow/.local/lib/python3.12/site-packages/airflow/example_dags/example_branch_day_of_week_operator.py
[2026-04-26T23:32:40.582+0000] {logging_mixin.py:188} INFO - [2026-04-26T23:32:40.582+0000] {dag.py:3096} INFO - Sync 1 DAGs
[2026-04-26T23:32:40.598+0000] {logging_mixin.py:188} INFO - [2026-04-26T23:32:40.598+0000] {dag.py:3954} INFO - Setting next_dagrun for example_weekday_branch_operator to 2026-04-25 00:00:00+00:00, run_after=2026-04-26 00:00:00+00:00
[2026-04-26T23:32:40.610+0000] {processor.py:183} INFO - Processing /home/airflow/.local/lib/python3.12/site-packages/airflow/example_dags/example_branch_day_of_week_operator.py took 0.054 seconds
[2026-04-26T23:33:10.848+0000] {processor.py:161} INFO - Started process (PID=2932) to work on /home/airflow/.local/lib/python3.12/site-packages/airflow/example_dags/example_branch_day_of_week_operator.py
[2026-04-26T23:33:10.848+0000] {processor.py:830} INFO - Processing file /home/airflow/.local/lib/python3.12/site-packages/airflow/example_dags/example_branch_day_of_week_operator.py for tasks to queue
[2026-04-26T23:33:10.849+0000] {logging_mixin.py:188} INFO - [2026-04-26T23:33:10.849+0000] {dagbag.py:545} INFO - Filling up the DagBag from /home/airflow/.local/lib/python3.12/site-packages/airflow/example_dags/example_branch_day_of_week_operator.py
[2026-04-26T23:33:10.854+0000] {processor.py:840} INFO - DAG(s) 'example_weekday_branch_operator' retrieved from /home/airflow/.local/lib/python3.12/site-packages/airflow/example_dags/example_branch_day_of_week_operator.py
[2026-04-26T23:33:10.868+0000] {logging_mixin.py:188} INFO - [2026-04-26T23:33:10.868+0000] {dag.py:3096} INFO - Sync 1 DAGs
[2026-04-26T23:33:10.883+0000] {logging_mixin.py:188} INFO - [2026-04-26T23:33:10.883+0000] {dag.py:3954} INFO - Setting next_dagrun for example_weekday_branch_operator to 2026-04-25 00:00:00+00:00, run_after=2026-04-26 00:00:00+00:00
[2026-04-26T23:33:10.893+0000] {processor.py:183} INFO - Processing /home/airflow/.local/lib/python3.12/site-packages/airflow/example_dags/example_branch_day_of_week_operator.py took 0.050 seconds
[2026-04-26T23:33:41.727+0000] {processor.py:161} INFO - Started process (PID=2995) to work on /home/airflow/.local/lib/python3.12/site-packages/airflow/example_dags/example_branch_day_of_week_operator.py
[2026-04-26T23:33:41.727+0000] {processor.py:830} INFO - Processing file /home/airflow/.local/lib/python3.12/site-packages/airflow/example_dags/example_branch_day_of_week_operator.py for tasks to queue
[2026-04-26T23:33:41.729+0000] {logging_mixin.py:188} INFO - [2026-04-26T23:33:41.728+0000] {dagbag.py:545} INFO - Filling up the DagBag from /home/airflow/.local/lib/python3.12/site-packages/airflow/example_dags/example_branch_day_of_week_operator.py
[2026-04-26T23:33:41.735+0000] {processor.py:840} INFO - DAG(s) 'example_weekday_branch_operator' retrieved from /home/airflow/.local/lib/python3.12/site-packages/airflow/example_dags/example_branch_day_of_week_operator.py
[2026-04-26T23:33:41.750+0000] {logging_mixin.py:188} INFO - [2026-04-26T23:33:41.750+0000] {dag.py:3096} INFO - Sync 1 DAGs
[2026-04-26T23:33:41.766+0000] {logging_mixin.py:188} INFO - [2026-04-26T23:33:41.766+0000] {dag.py:3954} INFO - Setting next_dagrun for example_weekday_branch_operator to 2026-04-25 00:00:00+00:00, run_after=2026-04-26 00:00:00+00:00
[2026-04-26T23:33:41.779+0000] {processor.py:183} INFO - Processing /home/airflow/.local/lib/python3.12/site-packages/airflow/example_dags/example_branch_day_of_week_operator.py took 0.057 seconds
[2026-04-26T23:34:11.852+0000] {processor.py:161} INFO - Started process (PID=3054) to work on /home/airflow/.local/lib/python3.12/site-packages/airflow/example_dags/example_branch_day_of_week_operator.py
[2026-04-26T23:34:11.853+0000] {processor.py:830} INFO - Processing file /home/airflow/.local/lib/python3.12/site-packages/airflow/example_dags/example_branch_day_of_week_operator.py for tasks to queue
[2026-04-26T23:34:11.854+0000] {logging_mixin.py:188} INFO - [2026-04-26T23:34:11.854+0000] {dagbag.py:545} INFO - Filling up the DagBag from /home/airflow/.local/lib/python3.12/site-packages/airflow/example_dags/example_branch_day_of_week_operator.py
[2026-04-26T23:34:11.859+0000] {processor.py:840} INFO - DAG(s) 'example_weekday_branch_operator' retrieved from /home/airflow/.local/lib/python3.12/site-packages/airflow/example_dags/example_branch_day_of_week_operator.py
[2026-04-26T23:34:11.871+0000] {logging_mixin.py:188} INFO - [2026-04-26T23:34:11.871+0000] {dag.py:3096} INFO - Sync 1 DAGs
[2026-04-26T23:34:11.883+0000] {logging_mixin.py:188} INFO - [2026-04-26T23:34:11.883+0000] {dag.py:3954} INFO - Setting next_dagrun for example_weekday_branch_operator to 2026-04-25 00:00:00+00:00, run_after=2026-04-26 00:00:00+00:00
[2026-04-26T23:34:11.892+0000] {processor.py:183} INFO - Processing /home/airflow/.local/lib/python3.12/site-packages/airflow/example_dags/example_branch_day_of_week_operator.py took 0.043 seconds
[2026-04-26T23:34:41.960+0000] {processor.py:161} INFO - Started process (PID=3113) to work on /home/airflow/.local/lib/python3.12/site-packages/airflow/example_dags/example_branch_day_of_week_operator.py
[2026-04-26T23:34:41.961+0000] {processor.py:830} INFO - Processing file /home/airflow/.local/lib/python3.12/site-packages/airflow/example_dags/example_branch_day_of_week_operator.py for tasks to queue
[2026-04-26T23:34:41.961+0000] {logging_mixin.py:188} INFO - [2026-04-26T23:34:41.961+0000] {dagbag.py:545} INFO - Filling up the DagBag from /home/airflow/.local/lib/python3.12/site-packages/airflow/example_dags/example_branch_day_of_week_operator.py
[2026-04-26T23:34:41.966+0000] {processor.py:840} INFO - DAG(s) 'example_weekday_branch_operator' retrieved from /home/airflow/.local/lib/python3.12/site-packages/airflow/example_dags/example_branch_day_of_week_operator.py
[2026-04-26T23:34:41.978+0000] {logging_mixin.py:188} INFO - [2026-04-26T23:34:41.977+0000] {dag.py:3096} INFO - Sync 1 DAGs
[2026-04-26T23:34:41.990+0000] {logging_mixin.py:188} INFO - [2026-04-26T23:34:41.990+0000] {dag.py:3954} INFO - Setting next_dagrun for example_weekday_branch_operator to 2026-04-25 00:00:00+00:00, run_after=2026-04-26 00:00:00+00:00
[2026-04-26T23:34:42.000+0000] {processor.py:183} INFO - Processing /home/airflow/.local/lib/python3.12/site-packages/airflow/example_dags/example_branch_day_of_week_operator.py took 0.043 seconds
[2026-04-26T23:35:12.880+0000] {processor.py:161} INFO - Started process (PID=3172) to work on /home/airflow/.local/lib/python3.12/site-packages/airflow/example_dags/example_branch_day_of_week_operator.py
[2026-04-26T23:35:12.880+0000] {processor.py:830} INFO - Processing file /home/airflow/.local/lib/python3.12/site-packages/airflow/example_dags/example_branch_day_of_week_operator.py for tasks to queue
[2026-04-26T23:35:12.881+0000] {logging_mixin.py:188} INFO - [2026-04-26T23:35:12.881+0000] {dagbag.py:545} INFO - Filling up the DagBag from /home/airflow/.local/lib/python3.12/site-packages/airflow/example_dags/example_branch_day_of_week_operator.py
[2026-04-26T23:35:12.886+0000] {processor.py:840} INFO - DAG(s) 'example_weekday_branch_operator' retrieved from /home/airflow/.local/lib/python3.12/site-packages/airflow/example_dags/example_branch_day_of_week_operator.py
[2026-04-26T23:35:12.899+0000] {logging_mixin.py:188} INFO - [2026-04-26T23:35:12.899+0000] {dag.py:3096} INFO - Sync 1 DAGs
[2026-04-26T23:35:12.913+0000] {logging_mixin.py:188} INFO - [2026-04-26T23:35:12.913+0000] {dag.py:3954} INFO - Setting next_dagrun for example_weekday_branch_operator to 2026-04-25 00:00:00+00:00, run_after=2026-04-26 00:00:00+00:00
[2026-04-26T23:35:12.922+0000] {processor.py:183} INFO - Processing /home/airflow/.local/lib/python3.12/site-packages/airflow/example_dags/example_branch_day_of_week_operator.py took 0.046 seconds
[2026-04-26T23:35:43.504+0000] {processor.py:161} INFO - Started process (PID=3231) to work on /home/airflow/.local/lib/python3.12/site-packages/airflow/example_dags/example_branch_day_of_week_operator.py
[2026-04-26T23:35:43.504+0000] {processor.py:830} INFO - Processing file /home/airflow/.local/lib/python3.12/site-packages/airflow/example_dags/example_branch_day_of_week_operator.py for tasks to queue
[2026-04-26T23:35:43.506+0000] {logging_mixin.py:188} INFO - [2026-04-26T23:35:43.505+0000] {dagbag.py:545} INFO - Filling up the DagBag from /home/airflow/.local/lib/python3.12/site-packages/airflow/example_dags/example_branch_day_of_week_operator.py
[2026-04-26T23:35:43.510+0000] {processor.py:840} INFO - DAG(s) 'example_weekday_branch_operator' retrieved from /home/airflow/.local/lib/python3.12/site-packages/airflow/example_dags/example_branch_day_of_week_operator.py
[2026-04-26T23:35:43.523+0000] {logging_mixin.py:188} INFO - [2026-04-26T23:35:43.523+0000] {dag.py:3096} INFO - Sync 1 DAGs
[2026-04-26T23:35:43.536+0000] {logging_mixin.py:188} INFO - [2026-04-26T23:35:43.536+0000] {dag.py:3954} INFO - Setting next_dagrun for example_weekday_branch_operator to 2026-04-25 00:00:00+00:00, run_after=2026-04-26 00:00:00+00:00
[2026-04-26T23:35:43.545+0000] {processor.py:183} INFO - Processing /home/airflow/.local/lib/python3.12/site-packages/airflow/example_dags/example_branch_day_of_week_operator.py took 0.045 seconds
[2026-04-26T23:36:14.259+0000] {processor.py:161} INFO - Started process (PID=3290) to work on /home/airflow/.local/lib/python3.12/site-packages/airflow/example_dags/example_branch_day_of_week_operator.py
[2026-04-26T23:36:14.259+0000] {processor.py:830} INFO - Processing file /home/airflow/.local/lib/python3.12/site-packages/airflow/example_dags/example_branch_day_of_week_operator.py for tasks to queue
[2026-04-26T23:36:14.260+0000] {logging_mixin.py:188} INFO - [2026-04-26T23:36:14.260+0000] {dagbag.py:545} INFO - Filling up the DagBag from /home/airflow/.local/lib/python3.12/site-packages/airflow/example_dags/example_branch_day_of_week_operator.py
[2026-04-26T23:36:14.264+0000] {processor.py:840} INFO - DAG(s) 'example_weekday_branch_operator' retrieved from /home/airflow/.local/lib/python3.12/site-packages/airflow/example_dags/example_branch_day_of_week_operator.py
[2026-04-26T23:36:14.277+0000] {logging_mixin.py:188} INFO - [2026-04-26T23:36:14.276+0000] {dag.py:3096} INFO - Sync 1 DAGs
[2026-04-26T23:36:14.289+0000] {logging_mixin.py:188} INFO - [2026-04-26T23:36:14.289+0000] {dag.py:3954} INFO - Setting next_dagrun for example_weekday_branch_operator to 2026-04-25 00:00:00+00:00, run_after=2026-04-26 00:00:00+00:00
[2026-04-26T23:36:14.298+0000] {processor.py:183} INFO - Processing /home/airflow/.local/lib/python3.12/site-packages/airflow/example_dags/example_branch_day_of_week_operator.py took 0.042 seconds
[2026-04-26T23:36:44.909+0000] {processor.py:161} INFO - Started process (PID=3349) to work on /home/airflow/.local/lib/python3.12/site-packages/airflow/example_dags/example_branch_day_of_week_operator.py
[2026-04-26T23:36:44.909+0000] {processor.py:830} INFO - Processing file /home/airflow/.local/lib/python3.12/site-packages/airflow/example_dags/example_branch_day_of_week_operator.py for tasks to queue
[2026-04-26T23:36:44.910+0000] {logging_mixin.py:188} INFO - [2026-04-26T23:36:44.910+0000] {dagbag.py:545} INFO - Filling up the DagBag from /home/airflow/.local/lib/python3.12/site-packages/airflow/example_dags/example_branch_day_of_week_operator.py
[2026-04-26T23:36:44.915+0000] {processor.py:840} INFO - DAG(s) 'example_weekday_branch_operator' retrieved from /home/airflow/.local/lib/python3.12/site-packages/airflow/example_dags/example_branch_day_of_week_operator.py
[2026-04-26T23:36:44.926+0000] {logging_mixin.py:188} INFO - [2026-04-26T23:36:44.926+0000] {dag.py:3096} INFO - Sync 1 DAGs
[2026-04-26T23:36:44.939+0000] {logging_mixin.py:188} INFO - [2026-04-26T23:36:44.939+0000] {dag.py:3954} INFO - Setting next_dagrun for example_weekday_branch_operator to 2026-04-25 00:00:00+00:00, run_after=2026-04-26 00:00:00+00:00
[2026-04-26T23:36:44.948+0000] {processor.py:183} INFO - Processing /home/airflow/.local/lib/python3.12/site-packages/airflow/example_dags/example_branch_day_of_week_operator.py took 0.043 seconds
[2026-04-26T23:37:15.684+0000] {processor.py:161} INFO - Started process (PID=3408) to work on /home/airflow/.local/lib/python3.12/site-packages/airflow/example_dags/example_branch_day_of_week_operator.py
[2026-04-26T23:37:15.685+0000] {processor.py:830} INFO - Processing file /home/airflow/.local/lib/python3.12/site-packages/airflow/example_dags/example_branch_day_of_week_operator.py for tasks to queue
[2026-04-26T23:37:15.686+0000] {logging_mixin.py:188} INFO - [2026-04-26T23:37:15.686+0000] {dagbag.py:545} INFO - Filling up the DagBag from /home/airflow/.local/lib/python3.12/site-packages/airflow/example_dags/example_branch_day_of_week_operator.py
[2026-04-26T23:37:15.691+0000] {processor.py:840} INFO - DAG(s) 'example_weekday_branch_operator' retrieved from /home/airflow/.local/lib/python3.12/site-packages/airflow/example_dags/example_branch_day_of_week_operator.py
[2026-04-26T23:37:15.705+0000] {logging_mixin.py:188} INFO - [2026-04-26T23:37:15.704+0000] {dag.py:3096} INFO - Sync 1 DAGs
[2026-04-26T23:37:15.720+0000] {logging_mixin.py:188} INFO - [2026-04-26T23:37:15.720+0000] {dag.py:3954} INFO - Setting next_dagrun for example_weekday_branch_operator to 2026-04-25 00:00:00+00:00, run_after=2026-04-26 00:00:00+00:00
[2026-04-26T23:37:15.730+0000] {processor.py:183} INFO - Processing /home/airflow/.local/lib/python3.12/site-packages/airflow/example_dags/example_branch_day_of_week_operator.py took 0.050 seconds
[2026-04-26T23:37:46.430+0000] {processor.py:161} INFO - Started process (PID=3467) to work on /home/airflow/.local/lib/python3.12/site-packages/airflow/example_dags/example_branch_day_of_week_operator.py
[2026-04-26T23:37:46.431+0000] {processor.py:830} INFO - Processing file /home/airflow/.local/lib/python3.12/site-packages/airflow/example_dags/example_branch_day_of_week_operator.py for tasks to queue
[2026-04-26T23:37:46.432+0000] {logging_mixin.py:188} INFO - [2026-04-26T23:37:46.432+0000] {dagbag.py:545} INFO - Filling up the DagBag from /home/airflow/.local/lib/python3.12/site-packages/airflow/example_dags/example_branch_day_of_week_operator.py
[2026-04-26T23:37:46.437+0000] {processor.py:840} INFO - DAG(s) 'example_weekday_branch_operator' retrieved from /home/airflow/.local/lib/python3.12/site-packages/airflow/example_dags/example_branch_day_of_week_operator.py
[2026-04-26T23:37:46.454+0000] {logging_mixin.py:188} INFO - [2026-04-26T23:37:46.454+0000] {dag.py:3096} INFO - Sync 1 DAGs
[2026-04-26T23:37:46.469+0000] {logging_mixin.py:188} INFO - [2026-04-26T23:37:46.469+0000] {dag.py:3954} INFO - Setting next_dagrun for example_weekday_branch_operator to 2026-04-25 00:00:00+00:00, run_after=2026-04-26 00:00:00+00:00
[2026-04-26T23:37:46.480+0000] {processor.py:183} INFO - Processing /home/airflow/.local/lib/python3.12/site-packages/airflow/example_dags/example_branch_day_of_week_operator.py took 0.054 seconds
[2026-04-26T23:38:17.182+0000] {processor.py:161} INFO - Started process (PID=3526) to work on /home/airflow/.local/lib/python3.12/site-packages/airflow/example_dags/example_branch_day_of_week_operator.py
[2026-04-26T23:38:17.182+0000] {processor.py:830} INFO - Processing file /home/airflow/.local/lib/python3.12/site-packages/airflow/example_dags/example_branch_day_of_week_operator.py for tasks to queue
[2026-04-26T23:38:17.183+0000] {logging_mixin.py:188} INFO - [2026-04-26T23:38:17.183+0000] {dagbag.py:545} INFO - Filling up the DagBag from /home/airflow/.local/lib/python3.12/site-packages/airflow/example_dags/example_branch_day_of_week_operator.py
[2026-04-26T23:38:17.187+0000] {processor.py:840} INFO - DAG(s) 'example_weekday_branch_operator' retrieved from /home/airflow/.local/lib/python3.12/site-packages/airflow/example_dags/example_branch_day_of_week_operator.py
[2026-04-26T23:38:17.198+0000] {logging_mixin.py:188} INFO - [2026-04-26T23:38:17.198+0000] {dag.py:3096} INFO - Sync 1 DAGs
[2026-04-26T23:38:17.210+0000] {logging_mixin.py:188} INFO - [2026-04-26T23:38:17.210+0000] {dag.py:3954} INFO - Setting next_dagrun for example_weekday_branch_operator to 2026-04-25 00:00:00+00:00, run_after=2026-04-26 00:00:00+00:00
[2026-04-26T23:38:17.220+0000] {processor.py:183} INFO - Processing /home/airflow/.local/lib/python3.12/site-packages/airflow/example_dags/example_branch_day_of_week_operator.py took 0.041 seconds
[2026-04-26T23:38:46.110+0000] {processor.py:161} INFO - Started process (PID=68) to work on /home/airflow/.local/lib/python3.12/site-packages/airflow/example_dags/example_branch_day_of_week_operator.py
[2026-04-26T23:38:46.110+0000] {processor.py:830} INFO - Processing file /home/airflow/.local/lib/python3.12/site-packages/airflow/example_dags/example_branch_day_of_week_operator.py for tasks to queue
[2026-04-26T23:38:46.111+0000] {logging_mixin.py:188} INFO - [2026-04-26T23:38:46.111+0000] {dagbag.py:545} INFO - Filling up the DagBag from /home/airflow/.local/lib/python3.12/site-packages/airflow/example_dags/example_branch_day_of_week_operator.py
[2026-04-26T23:38:46.118+0000] {processor.py:840} INFO - DAG(s) 'example_weekday_branch_operator' retrieved from /home/airflow/.local/lib/python3.12/site-packages/airflow/example_dags/example_branch_day_of_week_operator.py
[2026-04-26T23:38:46.124+0000] {logging_mixin.py:188} INFO - [2026-04-26T23:38:46.124+0000] {dag.py:3096} INFO - Sync 1 DAGs
[2026-04-26T23:38:46.136+0000] {logging_mixin.py:188} INFO - [2026-04-26T23:38:46.136+0000] {dag.py:3954} INFO - Setting next_dagrun for example_weekday_branch_operator to 2026-04-25 00:00:00+00:00, run_after=2026-04-26 00:00:00+00:00
[2026-04-26T23:38:46.146+0000] {processor.py:183} INFO - Processing /home/airflow/.local/lib/python3.12/site-packages/airflow/example_dags/example_branch_day_of_week_operator.py took 0.039 seconds
[2026-04-26T23:39:16.768+0000] {processor.py:161} INFO - Started process (PID=127) to work on /home/airflow/.local/lib/python3.12/site-packages/airflow/example_dags/example_branch_day_of_week_operator.py
[2026-04-26T23:39:16.768+0000] {processor.py:830} INFO - Processing file /home/airflow/.local/lib/python3.12/site-packages/airflow/example_dags/example_branch_day_of_week_operator.py for tasks to queue
[2026-04-26T23:39:16.769+0000] {logging_mixin.py:188} INFO - [2026-04-26T23:39:16.769+0000] {dagbag.py:545} INFO - Filling up the DagBag from /home/airflow/.local/lib/python3.12/site-packages/airflow/example_dags/example_branch_day_of_week_operator.py
[2026-04-26T23:39:16.773+0000] {processor.py:840} INFO - DAG(s) 'example_weekday_branch_operator' retrieved from /home/airflow/.local/lib/python3.12/site-packages/airflow/example_dags/example_branch_day_of_week_operator.py
[2026-04-26T23:39:16.828+0000] {logging_mixin.py:188} INFO - [2026-04-26T23:39:16.828+0000] {dag.py:3096} INFO - Sync 1 DAGs
[2026-04-26T23:39:16.838+0000] {logging_mixin.py:188} INFO - [2026-04-26T23:39:16.838+0000] {dag.py:3954} INFO - Setting next_dagrun for example_weekday_branch_operator to 2026-04-25 00:00:00+00:00, run_after=2026-04-26 00:00:00+00:00
[2026-04-26T23:39:16.847+0000] {processor.py:183} INFO - Processing /home/airflow/.local/lib/python3.12/site-packages/airflow/example_dags/example_branch_day_of_week_operator.py took 0.082 seconds
[2026-04-26T23:39:47.590+0000] {processor.py:161} INFO - Started process (PID=192) to work on /home/airflow/.local/lib/python3.12/site-packages/airflow/example_dags/example_branch_day_of_week_operator.py
[2026-04-26T23:39:47.591+0000] {processor.py:830} INFO - Processing file /home/airflow/.local/lib/python3.12/site-packages/airflow/example_dags/example_branch_day_of_week_operator.py for tasks to queue
[2026-04-26T23:39:47.592+0000] {logging_mixin.py:188} INFO - [2026-04-26T23:39:47.592+0000] {dagbag.py:545} INFO - Filling up the DagBag from /home/airflow/.local/lib/python3.12/site-packages/airflow/example_dags/example_branch_day_of_week_operator.py
[2026-04-26T23:39:47.596+0000] {processor.py:840} INFO - DAG(s) 'example_weekday_branch_operator' retrieved from /home/airflow/.local/lib/python3.12/site-packages/airflow/example_dags/example_branch_day_of_week_operator.py
[2026-04-26T23:39:47.608+0000] {logging_mixin.py:188} INFO - [2026-04-26T23:39:47.608+0000] {dag.py:3096} INFO - Sync 1 DAGs
[2026-04-26T23:39:47.622+0000] {logging_mixin.py:188} INFO - [2026-04-26T23:39:47.621+0000] {dag.py:3954} INFO - Setting next_dagrun for example_weekday_branch_operator to 2026-04-25 00:00:00+00:00, run_after=2026-04-26 00:00:00+00:00
[2026-04-26T23:39:47.630+0000] {processor.py:183} INFO - Processing /home/airflow/.local/lib/python3.12/site-packages/airflow/example_dags/example_branch_day_of_week_operator.py took 0.043 seconds
[2026-04-26T23:40:18.388+0000] {processor.py:161} INFO - Started process (PID=251) to work on /home/airflow/.local/lib/python3.12/site-packages/airflow/example_dags/example_branch_day_of_week_operator.py
[2026-04-26T23:40:18.389+0000] {processor.py:830} INFO - Processing file /home/airflow/.local/lib/python3.12/site-packages/airflow/example_dags/example_branch_day_of_week_operator.py for tasks to queue
[2026-04-26T23:40:18.390+0000] {logging_mixin.py:188} INFO - [2026-04-26T23:40:18.390+0000] {dagbag.py:545} INFO - Filling up the DagBag from /home/airflow/.local/lib/python3.12/site-packages/airflow/example_dags/example_branch_day_of_week_operator.py
[2026-04-26T23:40:18.396+0000] {processor.py:840} INFO - DAG(s) 'example_weekday_branch_operator' retrieved from /home/airflow/.local/lib/python3.12/site-packages/airflow/example_dags/example_branch_day_of_week_operator.py
[2026-04-26T23:40:18.410+0000] {logging_mixin.py:188} INFO - [2026-04-26T23:40:18.410+0000] {dag.py:3096} INFO - Sync 1 DAGs
[2026-04-26T23:40:18.427+0000] {logging_mixin.py:188} INFO - [2026-04-26T23:40:18.426+0000] {dag.py:3954} INFO - Setting next_dagrun for example_weekday_branch_operator to 2026-04-25 00:00:00+00:00, run_after=2026-04-26 00:00:00+00:00
[2026-04-26T23:40:18.440+0000] {processor.py:183} INFO - Processing /home/airflow/.local/lib/python3.12/site-packages/airflow/example_dags/example_branch_day_of_week_operator.py took 0.057 seconds
[2026-04-26T23:40:49.402+0000] {processor.py:161} INFO - Started process (PID=310) to work on /home/airflow/.local/lib/python3.12/site-packages/airflow/example_dags/example_branch_day_of_week_operator.py
[2026-04-26T23:40:49.403+0000] {processor.py:830} INFO - Processing file /home/airflow/.local/lib/python3.12/site-packages/airflow/example_dags/example_branch_day_of_week_operator.py for tasks to queue
[2026-04-26T23:40:49.405+0000] {logging_mixin.py:188} INFO - [2026-04-26T23:40:49.404+0000] {dagbag.py:545} INFO - Filling up the DagBag from /home/airflow/.local/lib/python3.12/site-packages/airflow/example_dags/example_branch_day_of_week_operator.py
[2026-04-26T23:40:49.412+0000] {processor.py:840} INFO - DAG(s) 'example_weekday_branch_operator' retrieved from /home/airflow/.local/lib/python3.12/site-packages/airflow/example_dags/example_branch_day_of_week_operator.py
[2026-04-26T23:40:49.428+0000] {logging_mixin.py:188} INFO - [2026-04-26T23:40:49.428+0000] {dag.py:3096} INFO - Sync 1 DAGs
[2026-04-26T23:40:49.447+0000] {logging_mixin.py:188} INFO - [2026-04-26T23:40:49.447+0000] {dag.py:3954} INFO - Setting next_dagrun for example_weekday_branch_operator to 2026-04-25 00:00:00+00:00, run_after=2026-04-26 00:00:00+00:00
[2026-04-26T23:40:49.459+0000] {processor.py:183} INFO - Processing /home/airflow/.local/lib/python3.12/site-packages/airflow/example_dags/example_branch_day_of_week_operator.py took 0.062 seconds
[2026-04-26T23:41:20.284+0000] {processor.py:161} INFO - Started process (PID=369) to work on /home/airflow/.local/lib/python3.12/site-packages/airflow/example_dags/example_branch_day_of_week_operator.py
[2026-04-26T23:41:20.285+0000] {processor.py:830} INFO - Processing file /home/airflow/.local/lib/python3.12/site-packages/airflow/example_dags/example_branch_day_of_week_operator.py for tasks to queue
[2026-04-26T23:41:20.286+0000] {logging_mixin.py:188} INFO - [2026-04-26T23:41:20.285+0000] {dagbag.py:545} INFO - Filling up the DagBag from /home/airflow/.local/lib/python3.12/site-packages/airflow/example_dags/example_branch_day_of_week_operator.py
[2026-04-26T23:41:20.290+0000] {processor.py:840} INFO - DAG(s) 'example_weekday_branch_operator' retrieved from /home/airflow/.local/lib/python3.12/site-packages/airflow/example_dags/example_branch_day_of_week_operator.py
[2026-04-26T23:41:20.304+0000] {logging_mixin.py:188} INFO - [2026-04-26T23:41:20.304+0000] {dag.py:3096} INFO - Sync 1 DAGs
[2026-04-26T23:41:20.318+0000] {logging_mixin.py:188} INFO - [2026-04-26T23:41:20.318+0000] {dag.py:3954} INFO - Setting next_dagrun for example_weekday_branch_operator to 2026-04-25 00:00:00+00:00, run_after=2026-04-26 00:00:00+00:00
[2026-04-26T23:41:20.329+0000] {processor.py:183} INFO - Processing /home/airflow/.local/lib/python3.12/site-packages/airflow/example_dags/example_branch_day_of_week_operator.py took 0.050 seconds
[2026-04-26T23:41:50.483+0000] {processor.py:161} INFO - Started process (PID=428) to work on /home/airflow/.local/lib/python3.12/site-packages/airflow/example_dags/example_branch_day_of_week_operator.py
[2026-04-26T23:41:50.484+0000] {processor.py:830} INFO - Processing file /home/airflow/.local/lib/python3.12/site-packages/airflow/example_dags/example_branch_day_of_week_operator.py for tasks to queue
[2026-04-26T23:41:50.485+0000] {logging_mixin.py:188} INFO - [2026-04-26T23:41:50.485+0000] {dagbag.py:545} INFO - Filling up the DagBag from /home/airflow/.local/lib/python3.12/site-packages/airflow/example_dags/example_branch_day_of_week_operator.py
[2026-04-26T23:41:50.490+0000] {processor.py:840} INFO - DAG(s) 'example_weekday_branch_operator' retrieved from /home/airflow/.local/lib/python3.12/site-packages/airflow/example_dags/example_branch_day_of_week_operator.py
[2026-04-26T23:41:50.501+0000] {logging_mixin.py:188} INFO - [2026-04-26T23:41:50.501+0000] {dag.py:3096} INFO - Sync 1 DAGs
[2026-04-26T23:41:50.514+0000] {logging_mixin.py:188} INFO - [2026-04-26T23:41:50.514+0000] {dag.py:3954} INFO - Setting next_dagrun for example_weekday_branch_operator to 2026-04-25 00:00:00+00:00, run_after=2026-04-26 00:00:00+00:00
[2026-04-26T23:41:50.523+0000] {processor.py:183} INFO - Processing /home/airflow/.local/lib/python3.12/site-packages/airflow/example_dags/example_branch_day_of_week_operator.py took 0.044 seconds
[2026-04-26T23:42:20.558+0000] {processor.py:161} INFO - Started process (PID=487) to work on /home/airflow/.local/lib/python3.12/site-packages/airflow/example_dags/example_branch_day_of_week_operator.py
[2026-04-26T23:42:20.558+0000] {processor.py:830} INFO - Processing file /home/airflow/.local/lib/python3.12/site-packages/airflow/example_dags/example_branch_day_of_week_operator.py for tasks to queue
[2026-04-26T23:42:20.559+0000] {logging_mixin.py:188} INFO - [2026-04-26T23:42:20.559+0000] {dagbag.py:545} INFO - Filling up the DagBag from /home/airflow/.local/lib/python3.12/site-packages/airflow/example_dags/example_branch_day_of_week_operator.py
[2026-04-26T23:42:20.564+0000] {processor.py:840} INFO - DAG(s) 'example_weekday_branch_operator' retrieved from /home/airflow/.local/lib/python3.12/site-packages/airflow/example_dags/example_branch_day_of_week_operator.py
[2026-04-26T23:42:20.577+0000] {logging_mixin.py:188} INFO - [2026-04-26T23:42:20.576+0000] {dag.py:3096} INFO - Sync 1 DAGs
[2026-04-26T23:42:20.590+0000] {logging_mixin.py:188} INFO - [2026-04-26T23:42:20.590+0000] {dag.py:3954} INFO - Setting next_dagrun for example_weekday_branch_operator to 2026-04-25 00:00:00+00:00, run_after=2026-04-26 00:00:00+00:00
[2026-04-26T23:42:20.601+0000] {processor.py:183} INFO - Processing /home/airflow/.local/lib/python3.12/site-packages/airflow/example_dags/example_branch_day_of_week_operator.py took 0.047 seconds
[2026-04-26T23:42:50.787+0000] {processor.py:161} INFO - Started process (PID=546) to work on /home/airflow/.local/lib/python3.12/site-packages/airflow/example_dags/example_branch_day_of_week_operator.py
[2026-04-26T23:42:50.788+0000] {processor.py:830} INFO - Processing file /home/airflow/.local/lib/python3.12/site-packages/airflow/example_dags/example_branch_day_of_week_operator.py for tasks to queue
[2026-04-26T23:42:50.789+0000] {logging_mixin.py:188} INFO - [2026-04-26T23:42:50.789+0000] {dagbag.py:545} INFO - Filling up the DagBag from /home/airflow/.local/lib/python3.12/site-packages/airflow/example_dags/example_branch_day_of_week_operator.py
[2026-04-26T23:42:50.795+0000] {processor.py:840} INFO - DAG(s) 'example_weekday_branch_operator' retrieved from /home/airflow/.local/lib/python3.12/site-packages/airflow/example_dags/example_branch_day_of_week_operator.py
[2026-04-26T23:42:50.808+0000] {logging_mixin.py:188} INFO - [2026-04-26T23:42:50.808+0000] {dag.py:3096} INFO - Sync 1 DAGs
[2026-04-26T23:42:50.822+0000] {logging_mixin.py:188} INFO - [2026-04-26T23:42:50.822+0000] {dag.py:3954} INFO - Setting next_dagrun for example_weekday_branch_operator to 2026-04-25 00:00:00+00:00, run_after=2026-04-26 00:00:00+00:00
[2026-04-26T23:42:50.832+0000] {processor.py:183} INFO - Processing /home/airflow/.local/lib/python3.12/site-packages/airflow/example_dags/example_branch_day_of_week_operator.py took 0.050 seconds
[2026-04-26T23:43:20.620+0000] {processor.py:161} INFO - Started process (PID=74) to work on /home/airflow/.local/lib/python3.12/site-packages/airflow/example_dags/example_branch_day_of_week_operator.py
[2026-04-26T23:43:20.621+0000] {processor.py:830} INFO - Processing file /home/airflow/.local/lib/python3.12/site-packages/airflow/example_dags/example_branch_day_of_week_operator.py for tasks to queue
[2026-04-26T23:43:20.622+0000] {logging_mixin.py:188} INFO - [2026-04-26T23:43:20.621+0000] {dagbag.py:545} INFO - Filling up the DagBag from /home/airflow/.local/lib/python3.12/site-packages/airflow/example_dags/example_branch_day_of_week_operator.py
[2026-04-26T23:43:20.629+0000] {processor.py:840} INFO - DAG(s) 'example_weekday_branch_operator' retrieved from /home/airflow/.local/lib/python3.12/site-packages/airflow/example_dags/example_branch_day_of_week_operator.py
[2026-04-26T23:43:20.636+0000] {logging_mixin.py:188} INFO - [2026-04-26T23:43:20.636+0000] {dag.py:3096} INFO - Sync 1 DAGs
[2026-04-26T23:43:20.648+0000] {logging_mixin.py:188} INFO - [2026-04-26T23:43:20.648+0000] {dag.py:3954} INFO - Setting next_dagrun for example_weekday_branch_operator to 2026-04-25 00:00:00+00:00, run_after=2026-04-26 00:00:00+00:00
[2026-04-26T23:43:20.658+0000] {processor.py:183} INFO - Processing /home/airflow/.local/lib/python3.12/site-packages/airflow/example_dags/example_branch_day_of_week_operator.py took 0.042 seconds
[2026-04-26T23:43:51.502+0000] {processor.py:161} INFO - Started process (PID=133) to work on /home/airflow/.local/lib/python3.12/site-packages/airflow/example_dags/example_branch_day_of_week_operator.py
[2026-04-26T23:43:51.502+0000] {processor.py:830} INFO - Processing file /home/airflow/.local/lib/python3.12/site-packages/airflow/example_dags/example_branch_day_of_week_operator.py for tasks to queue
[2026-04-26T23:43:51.503+0000] {logging_mixin.py:188} INFO - [2026-04-26T23:43:51.503+0000] {dagbag.py:545} INFO - Filling up the DagBag from /home/airflow/.local/lib/python3.12/site-packages/airflow/example_dags/example_branch_day_of_week_operator.py
[2026-04-26T23:43:51.508+0000] {processor.py:840} INFO - DAG(s) 'example_weekday_branch_operator' retrieved from /home/airflow/.local/lib/python3.12/site-packages/airflow/example_dags/example_branch_day_of_week_operator.py
[2026-04-26T23:43:51.564+0000] {logging_mixin.py:188} INFO - [2026-04-26T23:43:51.564+0000] {dag.py:3096} INFO - Sync 1 DAGs
[2026-04-26T23:43:51.575+0000] {logging_mixin.py:188} INFO - [2026-04-26T23:43:51.574+0000] {dag.py:3954} INFO - Setting next_dagrun for example_weekday_branch_operator to 2026-04-25 00:00:00+00:00, run_after=2026-04-26 00:00:00+00:00
[2026-04-26T23:43:51.584+0000] {processor.py:183} INFO - Processing /home/airflow/.local/lib/python3.12/site-packages/airflow/example_dags/example_branch_day_of_week_operator.py took 0.087 seconds
[2026-04-26T23:44:21.799+0000] {processor.py:161} INFO - Started process (PID=192) to work on /home/airflow/.local/lib/python3.12/site-packages/airflow/example_dags/example_branch_day_of_week_operator.py
[2026-04-26T23:44:21.800+0000] {processor.py:830} INFO - Processing file /home/airflow/.local/lib/python3.12/site-packages/airflow/example_dags/example_branch_day_of_week_operator.py for tasks to queue
[2026-04-26T23:44:21.801+0000] {logging_mixin.py:188} INFO - [2026-04-26T23:44:21.801+0000] {dagbag.py:545} INFO - Filling up the DagBag from /home/airflow/.local/lib/python3.12/site-packages/airflow/example_dags/example_branch_day_of_week_operator.py
[2026-04-26T23:44:21.806+0000] {processor.py:840} INFO - DAG(s) 'example_weekday_branch_operator' retrieved from /home/airflow/.local/lib/python3.12/site-packages/airflow/example_dags/example_branch_day_of_week_operator.py
[2026-04-26T23:44:21.819+0000] {logging_mixin.py:188} INFO - [2026-04-26T23:44:21.819+0000] {dag.py:3096} INFO - Sync 1 DAGs
[2026-04-26T23:44:21.833+0000] {logging_mixin.py:188} INFO - [2026-04-26T23:44:21.833+0000] {dag.py:3954} INFO - Setting next_dagrun for example_weekday_branch_operator to 2026-04-25 00:00:00+00:00, run_after=2026-04-26 00:00:00+00:00
[2026-04-26T23:44:21.843+0000] {processor.py:183} INFO - Processing /home/airflow/.local/lib/python3.12/site-packages/airflow/example_dags/example_branch_day_of_week_operator.py took 0.048 seconds
[2026-04-26T23:44:51.890+0000] {processor.py:161} INFO - Started process (PID=251) to work on /home/airflow/.local/lib/python3.12/site-packages/airflow/example_dags/example_branch_day_of_week_operator.py
[2026-04-26T23:44:51.891+0000] {processor.py:830} INFO - Processing file /home/airflow/.local/lib/python3.12/site-packages/airflow/example_dags/example_branch_day_of_week_operator.py for tasks to queue
[2026-04-26T23:44:51.892+0000] {logging_mixin.py:188} INFO - [2026-04-26T23:44:51.892+0000] {dagbag.py:545} INFO - Filling up the DagBag from /home/airflow/.local/lib/python3.12/site-packages/airflow/example_dags/example_branch_day_of_week_operator.py
[2026-04-26T23:44:51.898+0000] {processor.py:840} INFO - DAG(s) 'example_weekday_branch_operator' retrieved from /home/airflow/.local/lib/python3.12/site-packages/airflow/example_dags/example_branch_day_of_week_operator.py
[2026-04-26T23:44:51.912+0000] {logging_mixin.py:188} INFO - [2026-04-26T23:44:51.912+0000] {dag.py:3096} INFO - Sync 1 DAGs
[2026-04-26T23:44:51.929+0000] {logging_mixin.py:188} INFO - [2026-04-26T23:44:51.928+0000] {dag.py:3954} INFO - Setting next_dagrun for example_weekday_branch_operator to 2026-04-25 00:00:00+00:00, run_after=2026-04-26 00:00:00+00:00
[2026-04-26T23:44:51.940+0000] {processor.py:183} INFO - Processing /home/airflow/.local/lib/python3.12/site-packages/airflow/example_dags/example_branch_day_of_week_operator.py took 0.055 seconds
[2026-04-26T23:45:22.764+0000] {processor.py:161} INFO - Started process (PID=310) to work on /home/airflow/.local/lib/python3.12/site-packages/airflow/example_dags/example_branch_day_of_week_operator.py
[2026-04-26T23:45:22.765+0000] {processor.py:830} INFO - Processing file /home/airflow/.local/lib/python3.12/site-packages/airflow/example_dags/example_branch_day_of_week_operator.py for tasks to queue
[2026-04-26T23:45:22.766+0000] {logging_mixin.py:188} INFO - [2026-04-26T23:45:22.766+0000] {dagbag.py:545} INFO - Filling up the DagBag from /home/airflow/.local/lib/python3.12/site-packages/airflow/example_dags/example_branch_day_of_week_operator.py
[2026-04-26T23:45:22.770+0000] {processor.py:840} INFO - DAG(s) 'example_weekday_branch_operator' retrieved from /home/airflow/.local/lib/python3.12/site-packages/airflow/example_dags/example_branch_day_of_week_operator.py
[2026-04-26T23:45:22.783+0000] {logging_mixin.py:188} INFO - [2026-04-26T23:45:22.783+0000] {dag.py:3096} INFO - Sync 1 DAGs
[2026-04-26T23:45:22.796+0000] {logging_mixin.py:188} INFO - [2026-04-26T23:45:22.796+0000] {dag.py:3954} INFO - Setting next_dagrun for example_weekday_branch_operator to 2026-04-25 00:00:00+00:00, run_after=2026-04-26 00:00:00+00:00
[2026-04-26T23:45:22.807+0000] {processor.py:183} INFO - Processing /home/airflow/.local/lib/python3.12/site-packages/airflow/example_dags/example_branch_day_of_week_operator.py took 0.047 seconds
[2026-04-26T23:45:53.627+0000] {processor.py:161} INFO - Started process (PID=369) to work on /home/airflow/.local/lib/python3.12/site-packages/airflow/example_dags/example_branch_day_of_week_operator.py
[2026-04-26T23:45:53.627+0000] {processor.py:830} INFO - Processing file /home/airflow/.local/lib/python3.12/site-packages/airflow/example_dags/example_branch_day_of_week_operator.py for tasks to queue
[2026-04-26T23:45:53.628+0000] {logging_mixin.py:188} INFO - [2026-04-26T23:45:53.628+0000] {dagbag.py:545} INFO - Filling up the DagBag from /home/airflow/.local/lib/python3.12/site-packages/airflow/example_dags/example_branch_day_of_week_operator.py
[2026-04-26T23:45:53.633+0000] {processor.py:840} INFO - DAG(s) 'example_weekday_branch_operator' retrieved from /home/airflow/.local/lib/python3.12/site-packages/airflow/example_dags/example_branch_day_of_week_operator.py
[2026-04-26T23:45:53.645+0000] {logging_mixin.py:188} INFO - [2026-04-26T23:45:53.645+0000] {dag.py:3096} INFO - Sync 1 DAGs
[2026-04-26T23:45:53.657+0000] {logging_mixin.py:188} INFO - [2026-04-26T23:45:53.657+0000] {dag.py:3954} INFO - Setting next_dagrun for example_weekday_branch_operator to 2026-04-25 00:00:00+00:00, run_after=2026-04-26 00:00:00+00:00
[2026-04-26T23:45:53.667+0000] {processor.py:183} INFO - Processing /home/airflow/.local/lib/python3.12/site-packages/airflow/example_dags/example_branch_day_of_week_operator.py took 0.044 seconds
[2026-04-26T23:46:24.446+0000] {processor.py:161} INFO - Started process (PID=428) to work on /home/airflow/.local/lib/python3.12/site-packages/airflow/example_dags/example_branch_day_of_week_operator.py
[2026-04-26T23:46:24.446+0000] {processor.py:830} INFO - Processing file /home/airflow/.local/lib/python3.12/site-packages/airflow/example_dags/example_branch_day_of_week_operator.py for tasks to queue
[2026-04-26T23:46:24.447+0000] {logging_mixin.py:188} INFO - [2026-04-26T23:46:24.447+0000] {dagbag.py:545} INFO - Filling up the DagBag from /home/airflow/.local/lib/python3.12/site-packages/airflow/example_dags/example_branch_day_of_week_operator.py
[2026-04-26T23:46:24.452+0000] {processor.py:840} INFO - DAG(s) 'example_weekday_branch_operator' retrieved from /home/airflow/.local/lib/python3.12/site-packages/airflow/example_dags/example_branch_day_of_week_operator.py
[2026-04-26T23:46:24.463+0000] {logging_mixin.py:188} INFO - [2026-04-26T23:46:24.463+0000] {dag.py:3096} INFO - Sync 1 DAGs
[2026-04-26T23:46:24.476+0000] {logging_mixin.py:188} INFO - [2026-04-26T23:46:24.476+0000] {dag.py:3954} INFO - Setting next_dagrun for example_weekday_branch_operator to 2026-04-25 00:00:00+00:00, run_after=2026-04-26 00:00:00+00:00
[2026-04-26T23:46:24.486+0000] {processor.py:183} INFO - Processing /home/airflow/.local/lib/python3.12/site-packages/airflow/example_dags/example_branch_day_of_week_operator.py took 0.044 seconds
[2026-04-26T23:46:55.201+0000] {processor.py:161} INFO - Started process (PID=487) to work on /home/airflow/.local/lib/python3.12/site-packages/airflow/example_dags/example_branch_day_of_week_operator.py
[2026-04-26T23:46:55.202+0000] {processor.py:830} INFO - Processing file /home/airflow/.local/lib/python3.12/site-packages/airflow/example_dags/example_branch_day_of_week_operator.py for tasks to queue
[2026-04-26T23:46:55.203+0000] {logging_mixin.py:188} INFO - [2026-04-26T23:46:55.203+0000] {dagbag.py:545} INFO - Filling up the DagBag from /home/airflow/.local/lib/python3.12/site-packages/airflow/example_dags/example_branch_day_of_week_operator.py
[2026-04-26T23:46:55.208+0000] {processor.py:840} INFO - DAG(s) 'example_weekday_branch_operator' retrieved from /home/airflow/.local/lib/python3.12/site-packages/airflow/example_dags/example_branch_day_of_week_operator.py
[2026-04-26T23:46:55.220+0000] {logging_mixin.py:188} INFO - [2026-04-26T23:46:55.220+0000] {dag.py:3096} INFO - Sync 1 DAGs
[2026-04-26T23:46:55.235+0000] {logging_mixin.py:188} INFO - [2026-04-26T23:46:55.234+0000] {dag.py:3954} INFO - Setting next_dagrun for example_weekday_branch_operator to 2026-04-25 00:00:00+00:00, run_after=2026-04-26 00:00:00+00:00
[2026-04-26T23:46:55.245+0000] {processor.py:183} INFO - Processing /home/airflow/.local/lib/python3.12/site-packages/airflow/example_dags/example_branch_day_of_week_operator.py took 0.047 seconds
[2026-04-26T23:47:25.345+0000] {processor.py:161} INFO - Started process (PID=546) to work on /home/airflow/.local/lib/python3.12/site-packages/airflow/example_dags/example_branch_day_of_week_operator.py
[2026-04-26T23:47:25.345+0000] {processor.py:830} INFO - Processing file /home/airflow/.local/lib/python3.12/site-packages/airflow/example_dags/example_branch_day_of_week_operator.py for tasks to queue
[2026-04-26T23:47:25.347+0000] {logging_mixin.py:188} INFO - [2026-04-26T23:47:25.346+0000] {dagbag.py:545} INFO - Filling up the DagBag from /home/airflow/.local/lib/python3.12/site-packages/airflow/example_dags/example_branch_day_of_week_operator.py
[2026-04-26T23:47:25.351+0000] {processor.py:840} INFO - DAG(s) 'example_weekday_branch_operator' retrieved from /home/airflow/.local/lib/python3.12/site-packages/airflow/example_dags/example_branch_day_of_week_operator.py
[2026-04-26T23:47:25.365+0000] {logging_mixin.py:188} INFO - [2026-04-26T23:47:25.365+0000] {dag.py:3096} INFO - Sync 1 DAGs
[2026-04-26T23:47:25.379+0000] {logging_mixin.py:188} INFO - [2026-04-26T23:47:25.379+0000] {dag.py:3954} INFO - Setting next_dagrun for example_weekday_branch_operator to 2026-04-25 00:00:00+00:00, run_after=2026-04-26 00:00:00+00:00
[2026-04-26T23:47:25.390+0000] {processor.py:183} INFO - Processing /home/airflow/.local/lib/python3.12/site-packages/airflow/example_dags/example_branch_day_of_week_operator.py took 0.048 seconds
[2026-04-26T23:47:55.471+0000] {processor.py:161} INFO - Started process (PID=605) to work on /home/airflow/.local/lib/python3.12/site-packages/airflow/example_dags/example_branch_day_of_week_operator.py
[2026-04-26T23:47:55.472+0000] {processor.py:830} INFO - Processing file /home/airflow/.local/lib/python3.12/site-packages/airflow/example_dags/example_branch_day_of_week_operator.py for tasks to queue
[2026-04-26T23:47:55.474+0000] {logging_mixin.py:188} INFO - [2026-04-26T23:47:55.473+0000] {dagbag.py:545} INFO - Filling up the DagBag from /home/airflow/.local/lib/python3.12/site-packages/airflow/example_dags/example_branch_day_of_week_operator.py
[2026-04-26T23:47:55.479+0000] {processor.py:840} INFO - DAG(s) 'example_weekday_branch_operator' retrieved from /home/airflow/.local/lib/python3.12/site-packages/airflow/example_dags/example_branch_day_of_week_operator.py
[2026-04-26T23:47:55.494+0000] {logging_mixin.py:188} INFO - [2026-04-26T23:47:55.494+0000] {dag.py:3096} INFO - Sync 1 DAGs
[2026-04-26T23:47:55.509+0000] {logging_mixin.py:188} INFO - [2026-04-26T23:47:55.509+0000] {dag.py:3954} INFO - Setting next_dagrun for example_weekday_branch_operator to 2026-04-25 00:00:00+00:00, run_after=2026-04-26 00:00:00+00:00
[2026-04-26T23:47:55.522+0000] {processor.py:183} INFO - Processing /home/airflow/.local/lib/python3.12/site-packages/airflow/example_dags/example_branch_day_of_week_operator.py took 0.055 seconds
[2026-04-26T23:48:25.634+0000] {processor.py:161} INFO - Started process (PID=664) to work on /home/airflow/.local/lib/python3.12/site-packages/airflow/example_dags/example_branch_day_of_week_operator.py
[2026-04-26T23:48:25.635+0000] {processor.py:830} INFO - Processing file /home/airflow/.local/lib/python3.12/site-packages/airflow/example_dags/example_branch_day_of_week_operator.py for tasks to queue
[2026-04-26T23:48:25.636+0000] {logging_mixin.py:188} INFO - [2026-04-26T23:48:25.636+0000] {dagbag.py:545} INFO - Filling up the DagBag from /home/airflow/.local/lib/python3.12/site-packages/airflow/example_dags/example_branch_day_of_week_operator.py
[2026-04-26T23:48:25.642+0000] {processor.py:840} INFO - DAG(s) 'example_weekday_branch_operator' retrieved from /home/airflow/.local/lib/python3.12/site-packages/airflow/example_dags/example_branch_day_of_week_operator.py
[2026-04-26T23:48:25.657+0000] {logging_mixin.py:188} INFO - [2026-04-26T23:48:25.656+0000] {dag.py:3096} INFO - Sync 1 DAGs
[2026-04-26T23:48:25.673+0000] {logging_mixin.py:188} INFO - [2026-04-26T23:48:25.673+0000] {dag.py:3954} INFO - Setting next_dagrun for example_weekday_branch_operator to 2026-04-25 00:00:00+00:00, run_after=2026-04-26 00:00:00+00:00
[2026-04-26T23:48:25.686+0000] {processor.py:183} INFO - Processing /home/airflow/.local/lib/python3.12/site-packages/airflow/example_dags/example_branch_day_of_week_operator.py took 0.057 seconds
[2026-04-26T23:48:55.751+0000] {processor.py:161} INFO - Started process (PID=723) to work on /home/airflow/.local/lib/python3.12/site-packages/airflow/example_dags/example_branch_day_of_week_operator.py
[2026-04-26T23:48:55.752+0000] {processor.py:830} INFO - Processing file /home/airflow/.local/lib/python3.12/site-packages/airflow/example_dags/example_branch_day_of_week_operator.py for tasks to queue
[2026-04-26T23:48:55.753+0000] {logging_mixin.py:188} INFO - [2026-04-26T23:48:55.752+0000] {dagbag.py:545} INFO - Filling up the DagBag from /home/airflow/.local/lib/python3.12/site-packages/airflow/example_dags/example_branch_day_of_week_operator.py
[2026-04-26T23:48:55.757+0000] {processor.py:840} INFO - DAG(s) 'example_weekday_branch_operator' retrieved from /home/airflow/.local/lib/python3.12/site-packages/airflow/example_dags/example_branch_day_of_week_operator.py
[2026-04-26T23:48:55.768+0000] {logging_mixin.py:188} INFO - [2026-04-26T23:48:55.768+0000] {dag.py:3096} INFO - Sync 1 DAGs
[2026-04-26T23:48:55.779+0000] {logging_mixin.py:188} INFO - [2026-04-26T23:48:55.779+0000] {dag.py:3954} INFO - Setting next_dagrun for example_weekday_branch_operator to 2026-04-25 00:00:00+00:00, run_after=2026-04-26 00:00:00+00:00
[2026-04-26T23:48:55.789+0000] {processor.py:183} INFO - Processing /home/airflow/.local/lib/python3.12/site-packages/airflow/example_dags/example_branch_day_of_week_operator.py took 0.041 seconds
[2026-04-26T23:49:25.893+0000] {processor.py:161} INFO - Started process (PID=782) to work on /home/airflow/.local/lib/python3.12/site-packages/airflow/example_dags/example_branch_day_of_week_operator.py
[2026-04-26T23:49:25.893+0000] {processor.py:830} INFO - Processing file /home/airflow/.local/lib/python3.12/site-packages/airflow/example_dags/example_branch_day_of_week_operator.py for tasks to queue
[2026-04-26T23:49:25.894+0000] {logging_mixin.py:188} INFO - [2026-04-26T23:49:25.894+0000] {dagbag.py:545} INFO - Filling up the DagBag from /home/airflow/.local/lib/python3.12/site-packages/airflow/example_dags/example_branch_day_of_week_operator.py
[2026-04-26T23:49:25.899+0000] {processor.py:840} INFO - DAG(s) 'example_weekday_branch_operator' retrieved from /home/airflow/.local/lib/python3.12/site-packages/airflow/example_dags/example_branch_day_of_week_operator.py
[2026-04-26T23:49:25.912+0000] {logging_mixin.py:188} INFO - [2026-04-26T23:49:25.912+0000] {dag.py:3096} INFO - Sync 1 DAGs
[2026-04-26T23:49:25.925+0000] {logging_mixin.py:188} INFO - [2026-04-26T23:49:25.925+0000] {dag.py:3954} INFO - Setting next_dagrun for example_weekday_branch_operator to 2026-04-25 00:00:00+00:00, run_after=2026-04-26 00:00:00+00:00
[2026-04-26T23:49:25.935+0000] {processor.py:183} INFO - Processing /home/airflow/.local/lib/python3.12/site-packages/airflow/example_dags/example_branch_day_of_week_operator.py took 0.046 seconds
[2026-04-26T23:50:03.536+0000] {processor.py:161} INFO - Started process (PID=74) to work on /home/airflow/.local/lib/python3.12/site-packages/airflow/example_dags/example_branch_day_of_week_operator.py
[2026-04-26T23:50:03.536+0000] {processor.py:830} INFO - Processing file /home/airflow/.local/lib/python3.12/site-packages/airflow/example_dags/example_branch_day_of_week_operator.py for tasks to queue
[2026-04-26T23:50:03.538+0000] {logging_mixin.py:188} INFO - [2026-04-26T23:50:03.537+0000] {dagbag.py:545} INFO - Filling up the DagBag from /home/airflow/.local/lib/python3.12/site-packages/airflow/example_dags/example_branch_day_of_week_operator.py
[2026-04-26T23:50:03.546+0000] {processor.py:840} INFO - DAG(s) 'example_weekday_branch_operator' retrieved from /home/airflow/.local/lib/python3.12/site-packages/airflow/example_dags/example_branch_day_of_week_operator.py
[2026-04-26T23:50:03.554+0000] {logging_mixin.py:188} INFO - [2026-04-26T23:50:03.554+0000] {dag.py:3096} INFO - Sync 1 DAGs
[2026-04-26T23:50:03.568+0000] {logging_mixin.py:188} INFO - [2026-04-26T23:50:03.568+0000] {dag.py:3954} INFO - Setting next_dagrun for example_weekday_branch_operator to 2026-04-25 00:00:00+00:00, run_after=2026-04-26 00:00:00+00:00
[2026-04-26T23:50:03.578+0000] {processor.py:183} INFO - Processing /home/airflow/.local/lib/python3.12/site-packages/airflow/example_dags/example_branch_day_of_week_operator.py took 0.046 seconds
[2026-04-26T23:50:34.571+0000] {processor.py:161} INFO - Started process (PID=133) to work on /home/airflow/.local/lib/python3.12/site-packages/airflow/example_dags/example_branch_day_of_week_operator.py
[2026-04-26T23:50:34.572+0000] {processor.py:830} INFO - Processing file /home/airflow/.local/lib/python3.12/site-packages/airflow/example_dags/example_branch_day_of_week_operator.py for tasks to queue
[2026-04-26T23:50:34.573+0000] {logging_mixin.py:188} INFO - [2026-04-26T23:50:34.573+0000] {dagbag.py:545} INFO - Filling up the DagBag from /home/airflow/.local/lib/python3.12/site-packages/airflow/example_dags/example_branch_day_of_week_operator.py
[2026-04-26T23:50:34.577+0000] {processor.py:840} INFO - DAG(s) 'example_weekday_branch_operator' retrieved from /home/airflow/.local/lib/python3.12/site-packages/airflow/example_dags/example_branch_day_of_week_operator.py
[2026-04-26T23:50:34.639+0000] {logging_mixin.py:188} INFO - [2026-04-26T23:50:34.638+0000] {dag.py:3096} INFO - Sync 1 DAGs
[2026-04-26T23:50:34.650+0000] {logging_mixin.py:188} INFO - [2026-04-26T23:50:34.650+0000] {dag.py:3954} INFO - Setting next_dagrun for example_weekday_branch_operator to 2026-04-25 00:00:00+00:00, run_after=2026-04-26 00:00:00+00:00
[2026-04-26T23:50:34.661+0000] {processor.py:183} INFO - Processing /home/airflow/.local/lib/python3.12/site-packages/airflow/example_dags/example_branch_day_of_week_operator.py took 0.093 seconds
[2026-04-26T23:51:04.836+0000] {processor.py:161} INFO - Started process (PID=192) to work on /home/airflow/.local/lib/python3.12/site-packages/airflow/example_dags/example_branch_day_of_week_operator.py
[2026-04-26T23:51:04.837+0000] {processor.py:830} INFO - Processing file /home/airflow/.local/lib/python3.12/site-packages/airflow/example_dags/example_branch_day_of_week_operator.py for tasks to queue
[2026-04-26T23:51:04.837+0000] {logging_mixin.py:188} INFO - [2026-04-26T23:51:04.837+0000] {dagbag.py:545} INFO - Filling up the DagBag from /home/airflow/.local/lib/python3.12/site-packages/airflow/example_dags/example_branch_day_of_week_operator.py
[2026-04-26T23:51:04.842+0000] {processor.py:840} INFO - DAG(s) 'example_weekday_branch_operator' retrieved from /home/airflow/.local/lib/python3.12/site-packages/airflow/example_dags/example_branch_day_of_week_operator.py
[2026-04-26T23:51:04.853+0000] {logging_mixin.py:188} INFO - [2026-04-26T23:51:04.853+0000] {dag.py:3096} INFO - Sync 1 DAGs
[2026-04-26T23:51:04.865+0000] {logging_mixin.py:188} INFO - [2026-04-26T23:51:04.865+0000] {dag.py:3954} INFO - Setting next_dagrun for example_weekday_branch_operator to 2026-04-25 00:00:00+00:00, run_after=2026-04-26 00:00:00+00:00
[2026-04-26T23:51:04.874+0000] {processor.py:183} INFO - Processing /home/airflow/.local/lib/python3.12/site-packages/airflow/example_dags/example_branch_day_of_week_operator.py took 0.042 seconds
[2026-04-26T23:51:34.973+0000] {processor.py:161} INFO - Started process (PID=251) to work on /home/airflow/.local/lib/python3.12/site-packages/airflow/example_dags/example_branch_day_of_week_operator.py
[2026-04-26T23:51:34.974+0000] {processor.py:830} INFO - Processing file /home/airflow/.local/lib/python3.12/site-packages/airflow/example_dags/example_branch_day_of_week_operator.py for tasks to queue
[2026-04-26T23:51:34.974+0000] {logging_mixin.py:188} INFO - [2026-04-26T23:51:34.974+0000] {dagbag.py:545} INFO - Filling up the DagBag from /home/airflow/.local/lib/python3.12/site-packages/airflow/example_dags/example_branch_day_of_week_operator.py
[2026-04-26T23:51:34.979+0000] {processor.py:840} INFO - DAG(s) 'example_weekday_branch_operator' retrieved from /home/airflow/.local/lib/python3.12/site-packages/airflow/example_dags/example_branch_day_of_week_operator.py
[2026-04-26T23:51:34.990+0000] {logging_mixin.py:188} INFO - [2026-04-26T23:51:34.990+0000] {dag.py:3096} INFO - Sync 1 DAGs
[2026-04-26T23:51:35.002+0000] {logging_mixin.py:188} INFO - [2026-04-26T23:51:35.002+0000] {dag.py:3954} INFO - Setting next_dagrun for example_weekday_branch_operator to 2026-04-25 00:00:00+00:00, run_after=2026-04-26 00:00:00+00:00
[2026-04-26T23:51:35.012+0000] {processor.py:183} INFO - Processing /home/airflow/.local/lib/python3.12/site-packages/airflow/example_dags/example_branch_day_of_week_operator.py took 0.042 seconds
[2026-04-26T23:52:05.107+0000] {processor.py:161} INFO - Started process (PID=310) to work on /home/airflow/.local/lib/python3.12/site-packages/airflow/example_dags/example_branch_day_of_week_operator.py
[2026-04-26T23:52:05.107+0000] {processor.py:830} INFO - Processing file /home/airflow/.local/lib/python3.12/site-packages/airflow/example_dags/example_branch_day_of_week_operator.py for tasks to queue
[2026-04-26T23:52:05.109+0000] {logging_mixin.py:188} INFO - [2026-04-26T23:52:05.108+0000] {dagbag.py:545} INFO - Filling up the DagBag from /home/airflow/.local/lib/python3.12/site-packages/airflow/example_dags/example_branch_day_of_week_operator.py
[2026-04-26T23:52:05.113+0000] {processor.py:840} INFO - DAG(s) 'example_weekday_branch_operator' retrieved from /home/airflow/.local/lib/python3.12/site-packages/airflow/example_dags/example_branch_day_of_week_operator.py
[2026-04-26T23:52:05.125+0000] {logging_mixin.py:188} INFO - [2026-04-26T23:52:05.125+0000] {dag.py:3096} INFO - Sync 1 DAGs
[2026-04-26T23:52:05.137+0000] {logging_mixin.py:188} INFO - [2026-04-26T23:52:05.137+0000] {dag.py:3954} INFO - Setting next_dagrun for example_weekday_branch_operator to 2026-04-25 00:00:00+00:00, run_after=2026-04-26 00:00:00+00:00
[2026-04-26T23:52:05.147+0000] {processor.py:183} INFO - Processing /home/airflow/.local/lib/python3.12/site-packages/airflow/example_dags/example_branch_day_of_week_operator.py took 0.044 seconds
[2026-04-26T23:52:35.345+0000] {processor.py:161} INFO - Started process (PID=369) to work on /home/airflow/.local/lib/python3.12/site-packages/airflow/example_dags/example_branch_day_of_week_operator.py
[2026-04-26T23:52:35.346+0000] {processor.py:830} INFO - Processing file /home/airflow/.local/lib/python3.12/site-packages/airflow/example_dags/example_branch_day_of_week_operator.py for tasks to queue
[2026-04-26T23:52:35.347+0000] {logging_mixin.py:188} INFO - [2026-04-26T23:52:35.347+0000] {dagbag.py:545} INFO - Filling up the DagBag from /home/airflow/.local/lib/python3.12/site-packages/airflow/example_dags/example_branch_day_of_week_operator.py
[2026-04-26T23:52:35.353+0000] {processor.py:840} INFO - DAG(s) 'example_weekday_branch_operator' retrieved from /home/airflow/.local/lib/python3.12/site-packages/airflow/example_dags/example_branch_day_of_week_operator.py
[2026-04-26T23:52:35.368+0000] {logging_mixin.py:188} INFO - [2026-04-26T23:52:35.368+0000] {dag.py:3096} INFO - Sync 1 DAGs
[2026-04-26T23:52:35.382+0000] {logging_mixin.py:188} INFO - [2026-04-26T23:52:35.382+0000] {dag.py:3954} INFO - Setting next_dagrun for example_weekday_branch_operator to 2026-04-25 00:00:00+00:00, run_after=2026-04-26 00:00:00+00:00
[2026-04-26T23:52:35.394+0000] {processor.py:183} INFO - Processing /home/airflow/.local/lib/python3.12/site-packages/airflow/example_dags/example_branch_day_of_week_operator.py took 0.053 seconds
[2026-04-26T23:53:06.100+0000] {processor.py:161} INFO - Started process (PID=428) to work on /home/airflow/.local/lib/python3.12/site-packages/airflow/example_dags/example_branch_day_of_week_operator.py
[2026-04-26T23:53:06.100+0000] {processor.py:830} INFO - Processing file /home/airflow/.local/lib/python3.12/site-packages/airflow/example_dags/example_branch_day_of_week_operator.py for tasks to queue
[2026-04-26T23:53:06.102+0000] {logging_mixin.py:188} INFO - [2026-04-26T23:53:06.101+0000] {dagbag.py:545} INFO - Filling up the DagBag from /home/airflow/.local/lib/python3.12/site-packages/airflow/example_dags/example_branch_day_of_week_operator.py
[2026-04-26T23:53:06.108+0000] {processor.py:840} INFO - DAG(s) 'example_weekday_branch_operator' retrieved from /home/airflow/.local/lib/python3.12/site-packages/airflow/example_dags/example_branch_day_of_week_operator.py
[2026-04-26T23:53:06.123+0000] {logging_mixin.py:188} INFO - [2026-04-26T23:53:06.123+0000] {dag.py:3096} INFO - Sync 1 DAGs
[2026-04-26T23:53:06.139+0000] {logging_mixin.py:188} INFO - [2026-04-26T23:53:06.139+0000] {dag.py:3954} INFO - Setting next_dagrun for example_weekday_branch_operator to 2026-04-25 00:00:00+00:00, run_after=2026-04-26 00:00:00+00:00
[2026-04-26T23:53:06.151+0000] {processor.py:183} INFO - Processing /home/airflow/.local/lib/python3.12/site-packages/airflow/example_dags/example_branch_day_of_week_operator.py took 0.056 seconds
[2026-04-26T23:53:36.467+0000] {processor.py:161} INFO - Started process (PID=487) to work on /home/airflow/.local/lib/python3.12/site-packages/airflow/example_dags/example_branch_day_of_week_operator.py
[2026-04-26T23:53:36.468+0000] {processor.py:830} INFO - Processing file /home/airflow/.local/lib/python3.12/site-packages/airflow/example_dags/example_branch_day_of_week_operator.py for tasks to queue
[2026-04-26T23:53:36.469+0000] {logging_mixin.py:188} INFO - [2026-04-26T23:53:36.469+0000] {dagbag.py:545} INFO - Filling up the DagBag from /home/airflow/.local/lib/python3.12/site-packages/airflow/example_dags/example_branch_day_of_week_operator.py
[2026-04-26T23:53:36.475+0000] {processor.py:840} INFO - DAG(s) 'example_weekday_branch_operator' retrieved from /home/airflow/.local/lib/python3.12/site-packages/airflow/example_dags/example_branch_day_of_week_operator.py
[2026-04-26T23:53:36.490+0000] {logging_mixin.py:188} INFO - [2026-04-26T23:53:36.490+0000] {dag.py:3096} INFO - Sync 1 DAGs
[2026-04-26T23:53:36.506+0000] {logging_mixin.py:188} INFO - [2026-04-26T23:53:36.505+0000] {dag.py:3954} INFO - Setting next_dagrun for example_weekday_branch_operator to 2026-04-25 00:00:00+00:00, run_after=2026-04-26 00:00:00+00:00
[2026-04-26T23:53:36.517+0000] {processor.py:183} INFO - Processing /home/airflow/.local/lib/python3.12/site-packages/airflow/example_dags/example_branch_day_of_week_operator.py took 0.055 seconds
