[2026-04-26T23:08:15.826+0000] {processor.py:161} INFO - Started process (PID=85) to work on /home/airflow/.local/lib/python3.12/site-packages/airflow/example_dags/example_sla_dag.py
[2026-04-26T23:08:15.826+0000] {processor.py:830} INFO - Processing file /home/airflow/.local/lib/python3.12/site-packages/airflow/example_dags/example_sla_dag.py for tasks to queue
[2026-04-26T23:08:15.827+0000] {logging_mixin.py:188} INFO - [2026-04-26T23:08:15.827+0000] {dagbag.py:545} INFO - Filling up the DagBag from /home/airflow/.local/lib/python3.12/site-packages/airflow/example_dags/example_sla_dag.py
[2026-04-26T23:08:15.833+0000] {processor.py:840} INFO - DAG(s) 'example_sla_dag' retrieved from /home/airflow/.local/lib/python3.12/site-packages/airflow/example_dags/example_sla_dag.py
[2026-04-26T23:08:15.840+0000] {logging_mixin.py:188} INFO - [2026-04-26T23:08:15.840+0000] {dag.py:3096} INFO - Sync 1 DAGs
[2026-04-26T23:08:15.856+0000] {logging_mixin.py:188} INFO - [2026-04-26T23:08:15.856+0000] {dag.py:3954} INFO - Setting next_dagrun for example_sla_dag to 2026-04-26 23:06:00+00:00, run_after=2026-04-26 23:08:00+00:00
[2026-04-26T23:08:15.867+0000] {processor.py:183} INFO - Processing /home/airflow/.local/lib/python3.12/site-packages/airflow/example_dags/example_sla_dag.py took 0.045 seconds
[2026-04-26T23:08:47.095+0000] {processor.py:161} INFO - Started process (PID=143) to work on /home/airflow/.local/lib/python3.12/site-packages/airflow/example_dags/example_sla_dag.py
[2026-04-26T23:08:47.096+0000] {processor.py:830} INFO - Processing file /home/airflow/.local/lib/python3.12/site-packages/airflow/example_dags/example_sla_dag.py for tasks to queue
[2026-04-26T23:08:47.097+0000] {logging_mixin.py:188} INFO - [2026-04-26T23:08:47.097+0000] {dagbag.py:545} INFO - Filling up the DagBag from /home/airflow/.local/lib/python3.12/site-packages/airflow/example_dags/example_sla_dag.py
[2026-04-26T23:08:47.104+0000] {processor.py:840} INFO - DAG(s) 'example_sla_dag' retrieved from /home/airflow/.local/lib/python3.12/site-packages/airflow/example_dags/example_sla_dag.py
[2026-04-26T23:08:47.172+0000] {logging_mixin.py:188} INFO - [2026-04-26T23:08:47.171+0000] {dag.py:3096} INFO - Sync 1 DAGs
[2026-04-26T23:08:47.186+0000] {logging_mixin.py:188} INFO - [2026-04-26T23:08:47.186+0000] {dag.py:3954} INFO - Setting next_dagrun for example_sla_dag to 2026-04-26 23:06:00+00:00, run_after=2026-04-26 23:08:00+00:00
[2026-04-26T23:08:47.216+0000] {processor.py:183} INFO - Processing /home/airflow/.local/lib/python3.12/site-packages/airflow/example_dags/example_sla_dag.py took 0.126 seconds
[2026-04-26T23:09:17.326+0000] {processor.py:161} INFO - Started process (PID=201) to work on /home/airflow/.local/lib/python3.12/site-packages/airflow/example_dags/example_sla_dag.py
[2026-04-26T23:09:17.326+0000] {processor.py:830} INFO - Processing file /home/airflow/.local/lib/python3.12/site-packages/airflow/example_dags/example_sla_dag.py for tasks to queue
[2026-04-26T23:09:17.327+0000] {logging_mixin.py:188} INFO - [2026-04-26T23:09:17.327+0000] {dagbag.py:545} INFO - Filling up the DagBag from /home/airflow/.local/lib/python3.12/site-packages/airflow/example_dags/example_sla_dag.py
[2026-04-26T23:09:17.332+0000] {processor.py:840} INFO - DAG(s) 'example_sla_dag' retrieved from /home/airflow/.local/lib/python3.12/site-packages/airflow/example_dags/example_sla_dag.py
[2026-04-26T23:09:17.343+0000] {logging_mixin.py:188} INFO - [2026-04-26T23:09:17.343+0000] {dag.py:3096} INFO - Sync 1 DAGs
[2026-04-26T23:09:17.355+0000] {logging_mixin.py:188} INFO - [2026-04-26T23:09:17.355+0000] {dag.py:3954} INFO - Setting next_dagrun for example_sla_dag to 2026-04-26 23:06:00+00:00, run_after=2026-04-26 23:08:00+00:00
[2026-04-26T23:09:17.363+0000] {processor.py:183} INFO - Processing /home/airflow/.local/lib/python3.12/site-packages/airflow/example_dags/example_sla_dag.py took 0.042 seconds
[2026-04-26T23:09:48.147+0000] {processor.py:161} INFO - Started process (PID=265) to work on /home/airflow/.local/lib/python3.12/site-packages/airflow/example_dags/example_sla_dag.py
[2026-04-26T23:09:48.148+0000] {processor.py:830} INFO - Processing file /home/airflow/.local/lib/python3.12/site-packages/airflow/example_dags/example_sla_dag.py for tasks to queue
[2026-04-26T23:09:48.149+0000] {logging_mixin.py:188} INFO - [2026-04-26T23:09:48.149+0000] {dagbag.py:545} INFO - Filling up the DagBag from /home/airflow/.local/lib/python3.12/site-packages/airflow/example_dags/example_sla_dag.py
[2026-04-26T23:09:48.155+0000] {processor.py:840} INFO - DAG(s) 'example_sla_dag' retrieved from /home/airflow/.local/lib/python3.12/site-packages/airflow/example_dags/example_sla_dag.py
[2026-04-26T23:09:48.170+0000] {logging_mixin.py:188} INFO - [2026-04-26T23:09:48.169+0000] {dag.py:3096} INFO - Sync 1 DAGs
[2026-04-26T23:09:48.186+0000] {logging_mixin.py:188} INFO - [2026-04-26T23:09:48.185+0000] {dag.py:3954} INFO - Setting next_dagrun for example_sla_dag to 2026-04-26 23:06:00+00:00, run_after=2026-04-26 23:08:00+00:00
[2026-04-26T23:09:48.198+0000] {processor.py:183} INFO - Processing /home/airflow/.local/lib/python3.12/site-packages/airflow/example_dags/example_sla_dag.py took 0.056 seconds
[2026-04-26T23:10:19.020+0000] {processor.py:161} INFO - Started process (PID=323) to work on /home/airflow/.local/lib/python3.12/site-packages/airflow/example_dags/example_sla_dag.py
[2026-04-26T23:10:19.021+0000] {processor.py:830} INFO - Processing file /home/airflow/.local/lib/python3.12/site-packages/airflow/example_dags/example_sla_dag.py for tasks to queue
[2026-04-26T23:10:19.022+0000] {logging_mixin.py:188} INFO - [2026-04-26T23:10:19.022+0000] {dagbag.py:545} INFO - Filling up the DagBag from /home/airflow/.local/lib/python3.12/site-packages/airflow/example_dags/example_sla_dag.py
[2026-04-26T23:10:19.026+0000] {processor.py:840} INFO - DAG(s) 'example_sla_dag' retrieved from /home/airflow/.local/lib/python3.12/site-packages/airflow/example_dags/example_sla_dag.py
[2026-04-26T23:10:19.036+0000] {logging_mixin.py:188} INFO - [2026-04-26T23:10:19.035+0000] {dag.py:3096} INFO - Sync 1 DAGs
[2026-04-26T23:10:19.047+0000] {logging_mixin.py:188} INFO - [2026-04-26T23:10:19.047+0000] {dag.py:3954} INFO - Setting next_dagrun for example_sla_dag to 2026-04-26 23:08:00+00:00, run_after=2026-04-26 23:10:00+00:00
[2026-04-26T23:10:19.056+0000] {processor.py:183} INFO - Processing /home/airflow/.local/lib/python3.12/site-packages/airflow/example_dags/example_sla_dag.py took 0.038 seconds
[2026-04-26T23:10:49.108+0000] {processor.py:161} INFO - Started process (PID=381) to work on /home/airflow/.local/lib/python3.12/site-packages/airflow/example_dags/example_sla_dag.py
[2026-04-26T23:10:49.108+0000] {processor.py:830} INFO - Processing file /home/airflow/.local/lib/python3.12/site-packages/airflow/example_dags/example_sla_dag.py for tasks to queue
[2026-04-26T23:10:49.109+0000] {logging_mixin.py:188} INFO - [2026-04-26T23:10:49.109+0000] {dagbag.py:545} INFO - Filling up the DagBag from /home/airflow/.local/lib/python3.12/site-packages/airflow/example_dags/example_sla_dag.py
[2026-04-26T23:10:49.114+0000] {processor.py:840} INFO - DAG(s) 'example_sla_dag' retrieved from /home/airflow/.local/lib/python3.12/site-packages/airflow/example_dags/example_sla_dag.py
[2026-04-26T23:10:49.124+0000] {logging_mixin.py:188} INFO - [2026-04-26T23:10:49.124+0000] {dag.py:3096} INFO - Sync 1 DAGs
[2026-04-26T23:10:49.136+0000] {logging_mixin.py:188} INFO - [2026-04-26T23:10:49.135+0000] {dag.py:3954} INFO - Setting next_dagrun for example_sla_dag to 2026-04-26 23:08:00+00:00, run_after=2026-04-26 23:10:00+00:00
[2026-04-26T23:10:49.144+0000] {processor.py:183} INFO - Processing /home/airflow/.local/lib/python3.12/site-packages/airflow/example_dags/example_sla_dag.py took 0.039 seconds
[2026-04-26T23:11:19.903+0000] {processor.py:161} INFO - Started process (PID=439) to work on /home/airflow/.local/lib/python3.12/site-packages/airflow/example_dags/example_sla_dag.py
[2026-04-26T23:11:19.904+0000] {processor.py:830} INFO - Processing file /home/airflow/.local/lib/python3.12/site-packages/airflow/example_dags/example_sla_dag.py for tasks to queue
[2026-04-26T23:11:19.905+0000] {logging_mixin.py:188} INFO - [2026-04-26T23:11:19.904+0000] {dagbag.py:545} INFO - Filling up the DagBag from /home/airflow/.local/lib/python3.12/site-packages/airflow/example_dags/example_sla_dag.py
[2026-04-26T23:11:19.910+0000] {processor.py:840} INFO - DAG(s) 'example_sla_dag' retrieved from /home/airflow/.local/lib/python3.12/site-packages/airflow/example_dags/example_sla_dag.py
[2026-04-26T23:11:19.921+0000] {logging_mixin.py:188} INFO - [2026-04-26T23:11:19.921+0000] {dag.py:3096} INFO - Sync 1 DAGs
[2026-04-26T23:11:19.934+0000] {logging_mixin.py:188} INFO - [2026-04-26T23:11:19.934+0000] {dag.py:3954} INFO - Setting next_dagrun for example_sla_dag to 2026-04-26 23:08:00+00:00, run_after=2026-04-26 23:10:00+00:00
[2026-04-26T23:11:19.943+0000] {processor.py:183} INFO - Processing /home/airflow/.local/lib/python3.12/site-packages/airflow/example_dags/example_sla_dag.py took 0.044 seconds
[2026-04-26T23:11:50.742+0000] {processor.py:161} INFO - Started process (PID=497) to work on /home/airflow/.local/lib/python3.12/site-packages/airflow/example_dags/example_sla_dag.py
[2026-04-26T23:11:50.743+0000] {processor.py:830} INFO - Processing file /home/airflow/.local/lib/python3.12/site-packages/airflow/example_dags/example_sla_dag.py for tasks to queue
[2026-04-26T23:11:50.744+0000] {logging_mixin.py:188} INFO - [2026-04-26T23:11:50.744+0000] {dagbag.py:545} INFO - Filling up the DagBag from /home/airflow/.local/lib/python3.12/site-packages/airflow/example_dags/example_sla_dag.py
[2026-04-26T23:11:50.749+0000] {processor.py:840} INFO - DAG(s) 'example_sla_dag' retrieved from /home/airflow/.local/lib/python3.12/site-packages/airflow/example_dags/example_sla_dag.py
[2026-04-26T23:11:50.762+0000] {logging_mixin.py:188} INFO - [2026-04-26T23:11:50.761+0000] {dag.py:3096} INFO - Sync 1 DAGs
[2026-04-26T23:11:50.778+0000] {logging_mixin.py:188} INFO - [2026-04-26T23:11:50.777+0000] {dag.py:3954} INFO - Setting next_dagrun for example_sla_dag to 2026-04-26 23:08:00+00:00, run_after=2026-04-26 23:10:00+00:00
[2026-04-26T23:11:50.788+0000] {processor.py:183} INFO - Processing /home/airflow/.local/lib/python3.12/site-packages/airflow/example_dags/example_sla_dag.py took 0.051 seconds
[2026-04-26T23:12:21.499+0000] {processor.py:161} INFO - Started process (PID=555) to work on /home/airflow/.local/lib/python3.12/site-packages/airflow/example_dags/example_sla_dag.py
[2026-04-26T23:12:21.500+0000] {processor.py:830} INFO - Processing file /home/airflow/.local/lib/python3.12/site-packages/airflow/example_dags/example_sla_dag.py for tasks to queue
[2026-04-26T23:12:21.501+0000] {logging_mixin.py:188} INFO - [2026-04-26T23:12:21.501+0000] {dagbag.py:545} INFO - Filling up the DagBag from /home/airflow/.local/lib/python3.12/site-packages/airflow/example_dags/example_sla_dag.py
[2026-04-26T23:12:21.506+0000] {processor.py:840} INFO - DAG(s) 'example_sla_dag' retrieved from /home/airflow/.local/lib/python3.12/site-packages/airflow/example_dags/example_sla_dag.py
[2026-04-26T23:12:21.520+0000] {logging_mixin.py:188} INFO - [2026-04-26T23:12:21.520+0000] {dag.py:3096} INFO - Sync 1 DAGs
[2026-04-26T23:12:21.535+0000] {logging_mixin.py:188} INFO - [2026-04-26T23:12:21.535+0000] {dag.py:3954} INFO - Setting next_dagrun for example_sla_dag to 2026-04-26 23:10:00+00:00, run_after=2026-04-26 23:12:00+00:00
[2026-04-26T23:12:21.545+0000] {processor.py:183} INFO - Processing /home/airflow/.local/lib/python3.12/site-packages/airflow/example_dags/example_sla_dag.py took 0.050 seconds
[2026-04-26T23:12:52.467+0000] {processor.py:161} INFO - Started process (PID=613) to work on /home/airflow/.local/lib/python3.12/site-packages/airflow/example_dags/example_sla_dag.py
[2026-04-26T23:12:52.468+0000] {processor.py:830} INFO - Processing file /home/airflow/.local/lib/python3.12/site-packages/airflow/example_dags/example_sla_dag.py for tasks to queue
[2026-04-26T23:12:52.469+0000] {logging_mixin.py:188} INFO - [2026-04-26T23:12:52.468+0000] {dagbag.py:545} INFO - Filling up the DagBag from /home/airflow/.local/lib/python3.12/site-packages/airflow/example_dags/example_sla_dag.py
[2026-04-26T23:12:52.476+0000] {processor.py:840} INFO - DAG(s) 'example_sla_dag' retrieved from /home/airflow/.local/lib/python3.12/site-packages/airflow/example_dags/example_sla_dag.py
[2026-04-26T23:12:52.490+0000] {logging_mixin.py:188} INFO - [2026-04-26T23:12:52.490+0000] {dag.py:3096} INFO - Sync 1 DAGs
[2026-04-26T23:12:52.506+0000] {logging_mixin.py:188} INFO - [2026-04-26T23:12:52.506+0000] {dag.py:3954} INFO - Setting next_dagrun for example_sla_dag to 2026-04-26 23:10:00+00:00, run_after=2026-04-26 23:12:00+00:00
[2026-04-26T23:12:52.517+0000] {processor.py:183} INFO - Processing /home/airflow/.local/lib/python3.12/site-packages/airflow/example_dags/example_sla_dag.py took 0.054 seconds
[2026-04-26T23:13:22.636+0000] {processor.py:161} INFO - Started process (PID=671) to work on /home/airflow/.local/lib/python3.12/site-packages/airflow/example_dags/example_sla_dag.py
[2026-04-26T23:13:22.637+0000] {processor.py:830} INFO - Processing file /home/airflow/.local/lib/python3.12/site-packages/airflow/example_dags/example_sla_dag.py for tasks to queue
[2026-04-26T23:13:22.638+0000] {logging_mixin.py:188} INFO - [2026-04-26T23:13:22.638+0000] {dagbag.py:545} INFO - Filling up the DagBag from /home/airflow/.local/lib/python3.12/site-packages/airflow/example_dags/example_sla_dag.py
[2026-04-26T23:13:22.643+0000] {processor.py:840} INFO - DAG(s) 'example_sla_dag' retrieved from /home/airflow/.local/lib/python3.12/site-packages/airflow/example_dags/example_sla_dag.py
[2026-04-26T23:13:22.655+0000] {logging_mixin.py:188} INFO - [2026-04-26T23:13:22.655+0000] {dag.py:3096} INFO - Sync 1 DAGs
[2026-04-26T23:13:22.670+0000] {logging_mixin.py:188} INFO - [2026-04-26T23:13:22.670+0000] {dag.py:3954} INFO - Setting next_dagrun for example_sla_dag to 2026-04-26 23:10:00+00:00, run_after=2026-04-26 23:12:00+00:00
[2026-04-26T23:13:22.680+0000] {processor.py:183} INFO - Processing /home/airflow/.local/lib/python3.12/site-packages/airflow/example_dags/example_sla_dag.py took 0.047 seconds
[2026-04-26T23:13:52.712+0000] {processor.py:161} INFO - Started process (PID=729) to work on /home/airflow/.local/lib/python3.12/site-packages/airflow/example_dags/example_sla_dag.py
[2026-04-26T23:13:52.712+0000] {processor.py:830} INFO - Processing file /home/airflow/.local/lib/python3.12/site-packages/airflow/example_dags/example_sla_dag.py for tasks to queue
[2026-04-26T23:13:52.713+0000] {logging_mixin.py:188} INFO - [2026-04-26T23:13:52.713+0000] {dagbag.py:545} INFO - Filling up the DagBag from /home/airflow/.local/lib/python3.12/site-packages/airflow/example_dags/example_sla_dag.py
[2026-04-26T23:13:52.718+0000] {processor.py:840} INFO - DAG(s) 'example_sla_dag' retrieved from /home/airflow/.local/lib/python3.12/site-packages/airflow/example_dags/example_sla_dag.py
[2026-04-26T23:13:52.729+0000] {logging_mixin.py:188} INFO - [2026-04-26T23:13:52.729+0000] {dag.py:3096} INFO - Sync 1 DAGs
[2026-04-26T23:13:52.743+0000] {logging_mixin.py:188} INFO - [2026-04-26T23:13:52.743+0000] {dag.py:3954} INFO - Setting next_dagrun for example_sla_dag to 2026-04-26 23:10:00+00:00, run_after=2026-04-26 23:12:00+00:00
[2026-04-26T23:13:52.752+0000] {processor.py:183} INFO - Processing /home/airflow/.local/lib/python3.12/site-packages/airflow/example_dags/example_sla_dag.py took 0.044 seconds
[2026-04-26T23:14:23.335+0000] {processor.py:161} INFO - Started process (PID=787) to work on /home/airflow/.local/lib/python3.12/site-packages/airflow/example_dags/example_sla_dag.py
[2026-04-26T23:14:23.336+0000] {processor.py:830} INFO - Processing file /home/airflow/.local/lib/python3.12/site-packages/airflow/example_dags/example_sla_dag.py for tasks to queue
[2026-04-26T23:14:23.337+0000] {logging_mixin.py:188} INFO - [2026-04-26T23:14:23.337+0000] {dagbag.py:545} INFO - Filling up the DagBag from /home/airflow/.local/lib/python3.12/site-packages/airflow/example_dags/example_sla_dag.py
[2026-04-26T23:14:23.342+0000] {processor.py:840} INFO - DAG(s) 'example_sla_dag' retrieved from /home/airflow/.local/lib/python3.12/site-packages/airflow/example_dags/example_sla_dag.py
[2026-04-26T23:14:23.354+0000] {logging_mixin.py:188} INFO - [2026-04-26T23:14:23.354+0000] {dag.py:3096} INFO - Sync 1 DAGs
[2026-04-26T23:14:23.368+0000] {logging_mixin.py:188} INFO - [2026-04-26T23:14:23.368+0000] {dag.py:3954} INFO - Setting next_dagrun for example_sla_dag to 2026-04-26 23:12:00+00:00, run_after=2026-04-26 23:14:00+00:00
[2026-04-26T23:14:23.377+0000] {processor.py:183} INFO - Processing /home/airflow/.local/lib/python3.12/site-packages/airflow/example_dags/example_sla_dag.py took 0.046 seconds
[2026-04-26T23:14:54.124+0000] {processor.py:161} INFO - Started process (PID=845) to work on /home/airflow/.local/lib/python3.12/site-packages/airflow/example_dags/example_sla_dag.py
[2026-04-26T23:14:54.125+0000] {processor.py:830} INFO - Processing file /home/airflow/.local/lib/python3.12/site-packages/airflow/example_dags/example_sla_dag.py for tasks to queue
[2026-04-26T23:14:54.126+0000] {logging_mixin.py:188} INFO - [2026-04-26T23:14:54.126+0000] {dagbag.py:545} INFO - Filling up the DagBag from /home/airflow/.local/lib/python3.12/site-packages/airflow/example_dags/example_sla_dag.py
[2026-04-26T23:14:54.130+0000] {processor.py:840} INFO - DAG(s) 'example_sla_dag' retrieved from /home/airflow/.local/lib/python3.12/site-packages/airflow/example_dags/example_sla_dag.py
[2026-04-26T23:14:54.142+0000] {logging_mixin.py:188} INFO - [2026-04-26T23:14:54.141+0000] {dag.py:3096} INFO - Sync 1 DAGs
[2026-04-26T23:14:54.154+0000] {logging_mixin.py:188} INFO - [2026-04-26T23:14:54.154+0000] {dag.py:3954} INFO - Setting next_dagrun for example_sla_dag to 2026-04-26 23:12:00+00:00, run_after=2026-04-26 23:14:00+00:00
[2026-04-26T23:14:54.163+0000] {processor.py:183} INFO - Processing /home/airflow/.local/lib/python3.12/site-packages/airflow/example_dags/example_sla_dag.py took 0.042 seconds
[2026-04-26T23:15:24.414+0000] {processor.py:161} INFO - Started process (PID=903) to work on /home/airflow/.local/lib/python3.12/site-packages/airflow/example_dags/example_sla_dag.py
[2026-04-26T23:15:24.415+0000] {processor.py:830} INFO - Processing file /home/airflow/.local/lib/python3.12/site-packages/airflow/example_dags/example_sla_dag.py for tasks to queue
[2026-04-26T23:15:24.416+0000] {logging_mixin.py:188} INFO - [2026-04-26T23:15:24.416+0000] {dagbag.py:545} INFO - Filling up the DagBag from /home/airflow/.local/lib/python3.12/site-packages/airflow/example_dags/example_sla_dag.py
[2026-04-26T23:15:24.421+0000] {processor.py:840} INFO - DAG(s) 'example_sla_dag' retrieved from /home/airflow/.local/lib/python3.12/site-packages/airflow/example_dags/example_sla_dag.py
[2026-04-26T23:15:24.433+0000] {logging_mixin.py:188} INFO - [2026-04-26T23:15:24.432+0000] {dag.py:3096} INFO - Sync 1 DAGs
[2026-04-26T23:15:24.446+0000] {logging_mixin.py:188} INFO - [2026-04-26T23:15:24.446+0000] {dag.py:3954} INFO - Setting next_dagrun for example_sla_dag to 2026-04-26 23:12:00+00:00, run_after=2026-04-26 23:14:00+00:00
[2026-04-26T23:15:24.456+0000] {processor.py:183} INFO - Processing /home/airflow/.local/lib/python3.12/site-packages/airflow/example_dags/example_sla_dag.py took 0.046 seconds
[2026-04-26T23:15:55.461+0000] {processor.py:161} INFO - Started process (PID=961) to work on /home/airflow/.local/lib/python3.12/site-packages/airflow/example_dags/example_sla_dag.py
[2026-04-26T23:15:55.462+0000] {processor.py:830} INFO - Processing file /home/airflow/.local/lib/python3.12/site-packages/airflow/example_dags/example_sla_dag.py for tasks to queue
[2026-04-26T23:15:55.463+0000] {logging_mixin.py:188} INFO - [2026-04-26T23:15:55.463+0000] {dagbag.py:545} INFO - Filling up the DagBag from /home/airflow/.local/lib/python3.12/site-packages/airflow/example_dags/example_sla_dag.py
[2026-04-26T23:15:55.468+0000] {processor.py:840} INFO - DAG(s) 'example_sla_dag' retrieved from /home/airflow/.local/lib/python3.12/site-packages/airflow/example_dags/example_sla_dag.py
[2026-04-26T23:15:55.480+0000] {logging_mixin.py:188} INFO - [2026-04-26T23:15:55.480+0000] {dag.py:3096} INFO - Sync 1 DAGs
[2026-04-26T23:15:55.494+0000] {logging_mixin.py:188} INFO - [2026-04-26T23:15:55.494+0000] {dag.py:3954} INFO - Setting next_dagrun for example_sla_dag to 2026-04-26 23:12:00+00:00, run_after=2026-04-26 23:14:00+00:00
[2026-04-26T23:15:55.504+0000] {processor.py:183} INFO - Processing /home/airflow/.local/lib/python3.12/site-packages/airflow/example_dags/example_sla_dag.py took 0.047 seconds
[2026-04-26T23:16:25.711+0000] {processor.py:161} INFO - Started process (PID=1019) to work on /home/airflow/.local/lib/python3.12/site-packages/airflow/example_dags/example_sla_dag.py
[2026-04-26T23:16:25.712+0000] {processor.py:830} INFO - Processing file /home/airflow/.local/lib/python3.12/site-packages/airflow/example_dags/example_sla_dag.py for tasks to queue
[2026-04-26T23:16:25.712+0000] {logging_mixin.py:188} INFO - [2026-04-26T23:16:25.712+0000] {dagbag.py:545} INFO - Filling up the DagBag from /home/airflow/.local/lib/python3.12/site-packages/airflow/example_dags/example_sla_dag.py
[2026-04-26T23:16:25.717+0000] {processor.py:840} INFO - DAG(s) 'example_sla_dag' retrieved from /home/airflow/.local/lib/python3.12/site-packages/airflow/example_dags/example_sla_dag.py
[2026-04-26T23:16:25.727+0000] {logging_mixin.py:188} INFO - [2026-04-26T23:16:25.727+0000] {dag.py:3096} INFO - Sync 1 DAGs
[2026-04-26T23:16:25.739+0000] {logging_mixin.py:188} INFO - [2026-04-26T23:16:25.739+0000] {dag.py:3954} INFO - Setting next_dagrun for example_sla_dag to 2026-04-26 23:14:00+00:00, run_after=2026-04-26 23:16:00+00:00
[2026-04-26T23:16:25.748+0000] {processor.py:183} INFO - Processing /home/airflow/.local/lib/python3.12/site-packages/airflow/example_dags/example_sla_dag.py took 0.040 seconds
[2026-04-26T23:16:55.950+0000] {processor.py:161} INFO - Started process (PID=1077) to work on /home/airflow/.local/lib/python3.12/site-packages/airflow/example_dags/example_sla_dag.py
[2026-04-26T23:16:55.950+0000] {processor.py:830} INFO - Processing file /home/airflow/.local/lib/python3.12/site-packages/airflow/example_dags/example_sla_dag.py for tasks to queue
[2026-04-26T23:16:55.951+0000] {logging_mixin.py:188} INFO - [2026-04-26T23:16:55.951+0000] {dagbag.py:545} INFO - Filling up the DagBag from /home/airflow/.local/lib/python3.12/site-packages/airflow/example_dags/example_sla_dag.py
[2026-04-26T23:16:55.956+0000] {processor.py:840} INFO - DAG(s) 'example_sla_dag' retrieved from /home/airflow/.local/lib/python3.12/site-packages/airflow/example_dags/example_sla_dag.py
[2026-04-26T23:16:55.966+0000] {logging_mixin.py:188} INFO - [2026-04-26T23:16:55.966+0000] {dag.py:3096} INFO - Sync 1 DAGs
[2026-04-26T23:16:55.978+0000] {logging_mixin.py:188} INFO - [2026-04-26T23:16:55.978+0000] {dag.py:3954} INFO - Setting next_dagrun for example_sla_dag to 2026-04-26 23:14:00+00:00, run_after=2026-04-26 23:16:00+00:00
[2026-04-26T23:16:55.988+0000] {processor.py:183} INFO - Processing /home/airflow/.local/lib/python3.12/site-packages/airflow/example_dags/example_sla_dag.py took 0.041 seconds
[2026-04-26T23:17:26.265+0000] {processor.py:161} INFO - Started process (PID=1135) to work on /home/airflow/.local/lib/python3.12/site-packages/airflow/example_dags/example_sla_dag.py
[2026-04-26T23:17:26.266+0000] {processor.py:830} INFO - Processing file /home/airflow/.local/lib/python3.12/site-packages/airflow/example_dags/example_sla_dag.py for tasks to queue
[2026-04-26T23:17:26.267+0000] {logging_mixin.py:188} INFO - [2026-04-26T23:17:26.267+0000] {dagbag.py:545} INFO - Filling up the DagBag from /home/airflow/.local/lib/python3.12/site-packages/airflow/example_dags/example_sla_dag.py
[2026-04-26T23:17:26.272+0000] {processor.py:840} INFO - DAG(s) 'example_sla_dag' retrieved from /home/airflow/.local/lib/python3.12/site-packages/airflow/example_dags/example_sla_dag.py
[2026-04-26T23:17:26.284+0000] {logging_mixin.py:188} INFO - [2026-04-26T23:17:26.284+0000] {dag.py:3096} INFO - Sync 1 DAGs
[2026-04-26T23:17:26.298+0000] {logging_mixin.py:188} INFO - [2026-04-26T23:17:26.298+0000] {dag.py:3954} INFO - Setting next_dagrun for example_sla_dag to 2026-04-26 23:14:00+00:00, run_after=2026-04-26 23:16:00+00:00
[2026-04-26T23:17:26.308+0000] {processor.py:183} INFO - Processing /home/airflow/.local/lib/python3.12/site-packages/airflow/example_dags/example_sla_dag.py took 0.048 seconds
[2026-04-26T23:17:56.577+0000] {processor.py:161} INFO - Started process (PID=1193) to work on /home/airflow/.local/lib/python3.12/site-packages/airflow/example_dags/example_sla_dag.py
[2026-04-26T23:17:56.577+0000] {processor.py:830} INFO - Processing file /home/airflow/.local/lib/python3.12/site-packages/airflow/example_dags/example_sla_dag.py for tasks to queue
[2026-04-26T23:17:56.578+0000] {logging_mixin.py:188} INFO - [2026-04-26T23:17:56.578+0000] {dagbag.py:545} INFO - Filling up the DagBag from /home/airflow/.local/lib/python3.12/site-packages/airflow/example_dags/example_sla_dag.py
[2026-04-26T23:17:56.583+0000] {processor.py:840} INFO - DAG(s) 'example_sla_dag' retrieved from /home/airflow/.local/lib/python3.12/site-packages/airflow/example_dags/example_sla_dag.py
[2026-04-26T23:17:56.594+0000] {logging_mixin.py:188} INFO - [2026-04-26T23:17:56.594+0000] {dag.py:3096} INFO - Sync 1 DAGs
[2026-04-26T23:17:56.607+0000] {logging_mixin.py:188} INFO - [2026-04-26T23:17:56.607+0000] {dag.py:3954} INFO - Setting next_dagrun for example_sla_dag to 2026-04-26 23:14:00+00:00, run_after=2026-04-26 23:16:00+00:00
[2026-04-26T23:17:56.617+0000] {processor.py:183} INFO - Processing /home/airflow/.local/lib/python3.12/site-packages/airflow/example_dags/example_sla_dag.py took 0.044 seconds
[2026-04-26T23:18:26.647+0000] {processor.py:161} INFO - Started process (PID=1251) to work on /home/airflow/.local/lib/python3.12/site-packages/airflow/example_dags/example_sla_dag.py
[2026-04-26T23:18:26.647+0000] {processor.py:830} INFO - Processing file /home/airflow/.local/lib/python3.12/site-packages/airflow/example_dags/example_sla_dag.py for tasks to queue
[2026-04-26T23:18:26.648+0000] {logging_mixin.py:188} INFO - [2026-04-26T23:18:26.648+0000] {dagbag.py:545} INFO - Filling up the DagBag from /home/airflow/.local/lib/python3.12/site-packages/airflow/example_dags/example_sla_dag.py
[2026-04-26T23:18:26.652+0000] {processor.py:840} INFO - DAG(s) 'example_sla_dag' retrieved from /home/airflow/.local/lib/python3.12/site-packages/airflow/example_dags/example_sla_dag.py
[2026-04-26T23:18:26.663+0000] {logging_mixin.py:188} INFO - [2026-04-26T23:18:26.663+0000] {dag.py:3096} INFO - Sync 1 DAGs
[2026-04-26T23:18:26.675+0000] {logging_mixin.py:188} INFO - [2026-04-26T23:18:26.675+0000] {dag.py:3954} INFO - Setting next_dagrun for example_sla_dag to 2026-04-26 23:16:00+00:00, run_after=2026-04-26 23:18:00+00:00
[2026-04-26T23:18:26.684+0000] {processor.py:183} INFO - Processing /home/airflow/.local/lib/python3.12/site-packages/airflow/example_dags/example_sla_dag.py took 0.041 seconds
[2026-04-26T23:18:56.931+0000] {processor.py:161} INFO - Started process (PID=1310) to work on /home/airflow/.local/lib/python3.12/site-packages/airflow/example_dags/example_sla_dag.py
[2026-04-26T23:18:56.931+0000] {processor.py:830} INFO - Processing file /home/airflow/.local/lib/python3.12/site-packages/airflow/example_dags/example_sla_dag.py for tasks to queue
[2026-04-26T23:18:56.932+0000] {logging_mixin.py:188} INFO - [2026-04-26T23:18:56.932+0000] {dagbag.py:545} INFO - Filling up the DagBag from /home/airflow/.local/lib/python3.12/site-packages/airflow/example_dags/example_sla_dag.py
[2026-04-26T23:18:56.937+0000] {processor.py:840} INFO - DAG(s) 'example_sla_dag' retrieved from /home/airflow/.local/lib/python3.12/site-packages/airflow/example_dags/example_sla_dag.py
[2026-04-26T23:18:56.947+0000] {logging_mixin.py:188} INFO - [2026-04-26T23:18:56.947+0000] {dag.py:3096} INFO - Sync 1 DAGs
[2026-04-26T23:18:56.961+0000] {logging_mixin.py:188} INFO - [2026-04-26T23:18:56.961+0000] {dag.py:3954} INFO - Setting next_dagrun for example_sla_dag to 2026-04-26 23:16:00+00:00, run_after=2026-04-26 23:18:00+00:00
[2026-04-26T23:18:56.971+0000] {processor.py:183} INFO - Processing /home/airflow/.local/lib/python3.12/site-packages/airflow/example_dags/example_sla_dag.py took 0.043 seconds
[2026-04-26T23:19:27.180+0000] {processor.py:161} INFO - Started process (PID=1369) to work on /home/airflow/.local/lib/python3.12/site-packages/airflow/example_dags/example_sla_dag.py
[2026-04-26T23:19:27.180+0000] {processor.py:830} INFO - Processing file /home/airflow/.local/lib/python3.12/site-packages/airflow/example_dags/example_sla_dag.py for tasks to queue
[2026-04-26T23:19:27.181+0000] {logging_mixin.py:188} INFO - [2026-04-26T23:19:27.181+0000] {dagbag.py:545} INFO - Filling up the DagBag from /home/airflow/.local/lib/python3.12/site-packages/airflow/example_dags/example_sla_dag.py
[2026-04-26T23:19:27.186+0000] {processor.py:840} INFO - DAG(s) 'example_sla_dag' retrieved from /home/airflow/.local/lib/python3.12/site-packages/airflow/example_dags/example_sla_dag.py
[2026-04-26T23:19:27.196+0000] {logging_mixin.py:188} INFO - [2026-04-26T23:19:27.196+0000] {dag.py:3096} INFO - Sync 1 DAGs
[2026-04-26T23:19:27.208+0000] {logging_mixin.py:188} INFO - [2026-04-26T23:19:27.207+0000] {dag.py:3954} INFO - Setting next_dagrun for example_sla_dag to 2026-04-26 23:16:00+00:00, run_after=2026-04-26 23:18:00+00:00
[2026-04-26T23:19:27.216+0000] {processor.py:183} INFO - Processing /home/airflow/.local/lib/python3.12/site-packages/airflow/example_dags/example_sla_dag.py took 0.040 seconds
[2026-04-26T23:19:57.568+0000] {processor.py:161} INFO - Started process (PID=1428) to work on /home/airflow/.local/lib/python3.12/site-packages/airflow/example_dags/example_sla_dag.py
[2026-04-26T23:19:57.568+0000] {processor.py:830} INFO - Processing file /home/airflow/.local/lib/python3.12/site-packages/airflow/example_dags/example_sla_dag.py for tasks to queue
[2026-04-26T23:19:57.569+0000] {logging_mixin.py:188} INFO - [2026-04-26T23:19:57.569+0000] {dagbag.py:545} INFO - Filling up the DagBag from /home/airflow/.local/lib/python3.12/site-packages/airflow/example_dags/example_sla_dag.py
[2026-04-26T23:19:57.574+0000] {processor.py:840} INFO - DAG(s) 'example_sla_dag' retrieved from /home/airflow/.local/lib/python3.12/site-packages/airflow/example_dags/example_sla_dag.py
[2026-04-26T23:19:57.584+0000] {logging_mixin.py:188} INFO - [2026-04-26T23:19:57.584+0000] {dag.py:3096} INFO - Sync 1 DAGs
[2026-04-26T23:19:57.596+0000] {logging_mixin.py:188} INFO - [2026-04-26T23:19:57.596+0000] {dag.py:3954} INFO - Setting next_dagrun for example_sla_dag to 2026-04-26 23:16:00+00:00, run_after=2026-04-26 23:18:00+00:00
[2026-04-26T23:19:57.605+0000] {processor.py:183} INFO - Processing /home/airflow/.local/lib/python3.12/site-packages/airflow/example_dags/example_sla_dag.py took 0.041 seconds
[2026-04-26T23:20:27.785+0000] {processor.py:161} INFO - Started process (PID=1487) to work on /home/airflow/.local/lib/python3.12/site-packages/airflow/example_dags/example_sla_dag.py
[2026-04-26T23:20:27.786+0000] {processor.py:830} INFO - Processing file /home/airflow/.local/lib/python3.12/site-packages/airflow/example_dags/example_sla_dag.py for tasks to queue
[2026-04-26T23:20:27.787+0000] {logging_mixin.py:188} INFO - [2026-04-26T23:20:27.787+0000] {dagbag.py:545} INFO - Filling up the DagBag from /home/airflow/.local/lib/python3.12/site-packages/airflow/example_dags/example_sla_dag.py
[2026-04-26T23:20:27.791+0000] {processor.py:840} INFO - DAG(s) 'example_sla_dag' retrieved from /home/airflow/.local/lib/python3.12/site-packages/airflow/example_dags/example_sla_dag.py
[2026-04-26T23:20:27.801+0000] {logging_mixin.py:188} INFO - [2026-04-26T23:20:27.801+0000] {dag.py:3096} INFO - Sync 1 DAGs
[2026-04-26T23:20:27.813+0000] {logging_mixin.py:188} INFO - [2026-04-26T23:20:27.813+0000] {dag.py:3954} INFO - Setting next_dagrun for example_sla_dag to 2026-04-26 23:18:00+00:00, run_after=2026-04-26 23:20:00+00:00
[2026-04-26T23:20:27.822+0000] {processor.py:183} INFO - Processing /home/airflow/.local/lib/python3.12/site-packages/airflow/example_dags/example_sla_dag.py took 0.039 seconds
[2026-04-26T23:20:58.143+0000] {processor.py:161} INFO - Started process (PID=1546) to work on /home/airflow/.local/lib/python3.12/site-packages/airflow/example_dags/example_sla_dag.py
[2026-04-26T23:20:58.143+0000] {processor.py:830} INFO - Processing file /home/airflow/.local/lib/python3.12/site-packages/airflow/example_dags/example_sla_dag.py for tasks to queue
[2026-04-26T23:20:58.145+0000] {logging_mixin.py:188} INFO - [2026-04-26T23:20:58.144+0000] {dagbag.py:545} INFO - Filling up the DagBag from /home/airflow/.local/lib/python3.12/site-packages/airflow/example_dags/example_sla_dag.py
[2026-04-26T23:20:58.151+0000] {processor.py:840} INFO - DAG(s) 'example_sla_dag' retrieved from /home/airflow/.local/lib/python3.12/site-packages/airflow/example_dags/example_sla_dag.py
[2026-04-26T23:20:58.164+0000] {logging_mixin.py:188} INFO - [2026-04-26T23:20:58.163+0000] {dag.py:3096} INFO - Sync 1 DAGs
[2026-04-26T23:20:58.178+0000] {logging_mixin.py:188} INFO - [2026-04-26T23:20:58.178+0000] {dag.py:3954} INFO - Setting next_dagrun for example_sla_dag to 2026-04-26 23:18:00+00:00, run_after=2026-04-26 23:20:00+00:00
[2026-04-26T23:20:58.188+0000] {processor.py:183} INFO - Processing /home/airflow/.local/lib/python3.12/site-packages/airflow/example_dags/example_sla_dag.py took 0.050 seconds
[2026-04-26T23:21:28.225+0000] {processor.py:161} INFO - Started process (PID=1605) to work on /home/airflow/.local/lib/python3.12/site-packages/airflow/example_dags/example_sla_dag.py
[2026-04-26T23:21:28.226+0000] {processor.py:830} INFO - Processing file /home/airflow/.local/lib/python3.12/site-packages/airflow/example_dags/example_sla_dag.py for tasks to queue
[2026-04-26T23:21:28.227+0000] {logging_mixin.py:188} INFO - [2026-04-26T23:21:28.227+0000] {dagbag.py:545} INFO - Filling up the DagBag from /home/airflow/.local/lib/python3.12/site-packages/airflow/example_dags/example_sla_dag.py
[2026-04-26T23:21:28.232+0000] {processor.py:840} INFO - DAG(s) 'example_sla_dag' retrieved from /home/airflow/.local/lib/python3.12/site-packages/airflow/example_dags/example_sla_dag.py
[2026-04-26T23:21:28.244+0000] {logging_mixin.py:188} INFO - [2026-04-26T23:21:28.244+0000] {dag.py:3096} INFO - Sync 1 DAGs
[2026-04-26T23:21:28.257+0000] {logging_mixin.py:188} INFO - [2026-04-26T23:21:28.257+0000] {dag.py:3954} INFO - Setting next_dagrun for example_sla_dag to 2026-04-26 23:18:00+00:00, run_after=2026-04-26 23:20:00+00:00
[2026-04-26T23:21:28.265+0000] {processor.py:183} INFO - Processing /home/airflow/.local/lib/python3.12/site-packages/airflow/example_dags/example_sla_dag.py took 0.044 seconds
[2026-04-26T23:21:59.317+0000] {processor.py:161} INFO - Started process (PID=1665) to work on /home/airflow/.local/lib/python3.12/site-packages/airflow/example_dags/example_sla_dag.py
[2026-04-26T23:21:59.317+0000] {processor.py:830} INFO - Processing file /home/airflow/.local/lib/python3.12/site-packages/airflow/example_dags/example_sla_dag.py for tasks to queue
[2026-04-26T23:21:59.318+0000] {logging_mixin.py:188} INFO - [2026-04-26T23:21:59.318+0000] {dagbag.py:545} INFO - Filling up the DagBag from /home/airflow/.local/lib/python3.12/site-packages/airflow/example_dags/example_sla_dag.py
[2026-04-26T23:21:59.323+0000] {processor.py:840} INFO - DAG(s) 'example_sla_dag' retrieved from /home/airflow/.local/lib/python3.12/site-packages/airflow/example_dags/example_sla_dag.py
[2026-04-26T23:21:59.332+0000] {logging_mixin.py:188} INFO - [2026-04-26T23:21:59.332+0000] {dag.py:3096} INFO - Sync 1 DAGs
[2026-04-26T23:21:59.344+0000] {logging_mixin.py:188} INFO - [2026-04-26T23:21:59.344+0000] {dag.py:3954} INFO - Setting next_dagrun for example_sla_dag to 2026-04-26 23:18:00+00:00, run_after=2026-04-26 23:20:00+00:00
[2026-04-26T23:21:59.354+0000] {processor.py:183} INFO - Processing /home/airflow/.local/lib/python3.12/site-packages/airflow/example_dags/example_sla_dag.py took 0.041 seconds
[2026-04-26T23:22:29.698+0000] {processor.py:161} INFO - Started process (PID=1724) to work on /home/airflow/.local/lib/python3.12/site-packages/airflow/example_dags/example_sla_dag.py
[2026-04-26T23:22:29.698+0000] {processor.py:830} INFO - Processing file /home/airflow/.local/lib/python3.12/site-packages/airflow/example_dags/example_sla_dag.py for tasks to queue
[2026-04-26T23:22:29.699+0000] {logging_mixin.py:188} INFO - [2026-04-26T23:22:29.699+0000] {dagbag.py:545} INFO - Filling up the DagBag from /home/airflow/.local/lib/python3.12/site-packages/airflow/example_dags/example_sla_dag.py
[2026-04-26T23:22:29.704+0000] {processor.py:840} INFO - DAG(s) 'example_sla_dag' retrieved from /home/airflow/.local/lib/python3.12/site-packages/airflow/example_dags/example_sla_dag.py
[2026-04-26T23:22:29.714+0000] {logging_mixin.py:188} INFO - [2026-04-26T23:22:29.714+0000] {dag.py:3096} INFO - Sync 1 DAGs
[2026-04-26T23:22:29.727+0000] {logging_mixin.py:188} INFO - [2026-04-26T23:22:29.727+0000] {dag.py:3954} INFO - Setting next_dagrun for example_sla_dag to 2026-04-26 23:20:00+00:00, run_after=2026-04-26 23:22:00+00:00
[2026-04-26T23:22:29.848+0000] {processor.py:183} INFO - Processing /home/airflow/.local/lib/python3.12/site-packages/airflow/example_dags/example_sla_dag.py took 0.154 seconds
[2026-04-26T23:22:59.969+0000] {processor.py:161} INFO - Started process (PID=1785) to work on /home/airflow/.local/lib/python3.12/site-packages/airflow/example_dags/example_sla_dag.py
[2026-04-26T23:22:59.970+0000] {processor.py:830} INFO - Processing file /home/airflow/.local/lib/python3.12/site-packages/airflow/example_dags/example_sla_dag.py for tasks to queue
[2026-04-26T23:22:59.971+0000] {logging_mixin.py:188} INFO - [2026-04-26T23:22:59.970+0000] {dagbag.py:545} INFO - Filling up the DagBag from /home/airflow/.local/lib/python3.12/site-packages/airflow/example_dags/example_sla_dag.py
[2026-04-26T23:22:59.975+0000] {processor.py:840} INFO - DAG(s) 'example_sla_dag' retrieved from /home/airflow/.local/lib/python3.12/site-packages/airflow/example_dags/example_sla_dag.py
[2026-04-26T23:22:59.985+0000] {logging_mixin.py:188} INFO - [2026-04-26T23:22:59.985+0000] {dag.py:3096} INFO - Sync 1 DAGs
[2026-04-26T23:22:59.997+0000] {logging_mixin.py:188} INFO - [2026-04-26T23:22:59.997+0000] {dag.py:3954} INFO - Setting next_dagrun for example_sla_dag to 2026-04-26 23:20:00+00:00, run_after=2026-04-26 23:22:00+00:00
[2026-04-26T23:23:00.004+0000] {processor.py:183} INFO - Processing /home/airflow/.local/lib/python3.12/site-packages/airflow/example_dags/example_sla_dag.py took 0.039 seconds
[2026-04-26T23:23:30.721+0000] {processor.py:161} INFO - Started process (PID=1843) to work on /home/airflow/.local/lib/python3.12/site-packages/airflow/example_dags/example_sla_dag.py
[2026-04-26T23:23:30.721+0000] {processor.py:830} INFO - Processing file /home/airflow/.local/lib/python3.12/site-packages/airflow/example_dags/example_sla_dag.py for tasks to queue
[2026-04-26T23:23:30.722+0000] {logging_mixin.py:188} INFO - [2026-04-26T23:23:30.722+0000] {dagbag.py:545} INFO - Filling up the DagBag from /home/airflow/.local/lib/python3.12/site-packages/airflow/example_dags/example_sla_dag.py
[2026-04-26T23:23:30.726+0000] {processor.py:840} INFO - DAG(s) 'example_sla_dag' retrieved from /home/airflow/.local/lib/python3.12/site-packages/airflow/example_dags/example_sla_dag.py
[2026-04-26T23:23:30.737+0000] {logging_mixin.py:188} INFO - [2026-04-26T23:23:30.737+0000] {dag.py:3096} INFO - Sync 1 DAGs
[2026-04-26T23:23:30.750+0000] {logging_mixin.py:188} INFO - [2026-04-26T23:23:30.750+0000] {dag.py:3954} INFO - Setting next_dagrun for example_sla_dag to 2026-04-26 23:20:00+00:00, run_after=2026-04-26 23:22:00+00:00
[2026-04-26T23:23:30.758+0000] {processor.py:183} INFO - Processing /home/airflow/.local/lib/python3.12/site-packages/airflow/example_dags/example_sla_dag.py took 0.041 seconds
[2026-04-26T23:24:02.239+0000] {processor.py:161} INFO - Started process (PID=1902) to work on /home/airflow/.local/lib/python3.12/site-packages/airflow/example_dags/example_sla_dag.py
[2026-04-26T23:24:02.239+0000] {processor.py:830} INFO - Processing file /home/airflow/.local/lib/python3.12/site-packages/airflow/example_dags/example_sla_dag.py for tasks to queue
[2026-04-26T23:24:02.240+0000] {logging_mixin.py:188} INFO - [2026-04-26T23:24:02.240+0000] {dagbag.py:545} INFO - Filling up the DagBag from /home/airflow/.local/lib/python3.12/site-packages/airflow/example_dags/example_sla_dag.py
[2026-04-26T23:24:02.245+0000] {processor.py:840} INFO - DAG(s) 'example_sla_dag' retrieved from /home/airflow/.local/lib/python3.12/site-packages/airflow/example_dags/example_sla_dag.py
[2026-04-26T23:24:02.258+0000] {logging_mixin.py:188} INFO - [2026-04-26T23:24:02.258+0000] {dag.py:3096} INFO - Sync 1 DAGs
[2026-04-26T23:24:02.271+0000] {logging_mixin.py:188} INFO - [2026-04-26T23:24:02.271+0000] {dag.py:3954} INFO - Setting next_dagrun for example_sla_dag to 2026-04-26 23:22:00+00:00, run_after=2026-04-26 23:24:00+00:00
[2026-04-26T23:24:02.280+0000] {processor.py:183} INFO - Processing /home/airflow/.local/lib/python3.12/site-packages/airflow/example_dags/example_sla_dag.py took 0.045 seconds
[2026-04-26T23:24:34.091+0000] {processor.py:161} INFO - Started process (PID=1962) to work on /home/airflow/.local/lib/python3.12/site-packages/airflow/example_dags/example_sla_dag.py
[2026-04-26T23:24:34.091+0000] {processor.py:830} INFO - Processing file /home/airflow/.local/lib/python3.12/site-packages/airflow/example_dags/example_sla_dag.py for tasks to queue
[2026-04-26T23:24:34.092+0000] {logging_mixin.py:188} INFO - [2026-04-26T23:24:34.092+0000] {dagbag.py:545} INFO - Filling up the DagBag from /home/airflow/.local/lib/python3.12/site-packages/airflow/example_dags/example_sla_dag.py
[2026-04-26T23:24:34.097+0000] {processor.py:840} INFO - DAG(s) 'example_sla_dag' retrieved from /home/airflow/.local/lib/python3.12/site-packages/airflow/example_dags/example_sla_dag.py
[2026-04-26T23:24:34.205+0000] {logging_mixin.py:188} INFO - [2026-04-26T23:24:34.205+0000] {dag.py:3096} INFO - Sync 1 DAGs
[2026-04-26T23:24:34.216+0000] {logging_mixin.py:188} INFO - [2026-04-26T23:24:34.216+0000] {dag.py:3954} INFO - Setting next_dagrun for example_sla_dag to 2026-04-26 23:22:00+00:00, run_after=2026-04-26 23:24:00+00:00
[2026-04-26T23:24:34.231+0000] {processor.py:183} INFO - Processing /home/airflow/.local/lib/python3.12/site-packages/airflow/example_dags/example_sla_dag.py took 0.144 seconds
[2026-04-26T23:25:04.505+0000] {processor.py:161} INFO - Started process (PID=2022) to work on /home/airflow/.local/lib/python3.12/site-packages/airflow/example_dags/example_sla_dag.py
[2026-04-26T23:25:04.505+0000] {processor.py:830} INFO - Processing file /home/airflow/.local/lib/python3.12/site-packages/airflow/example_dags/example_sla_dag.py for tasks to queue
[2026-04-26T23:25:04.506+0000] {logging_mixin.py:188} INFO - [2026-04-26T23:25:04.506+0000] {dagbag.py:545} INFO - Filling up the DagBag from /home/airflow/.local/lib/python3.12/site-packages/airflow/example_dags/example_sla_dag.py
[2026-04-26T23:25:04.511+0000] {processor.py:840} INFO - DAG(s) 'example_sla_dag' retrieved from /home/airflow/.local/lib/python3.12/site-packages/airflow/example_dags/example_sla_dag.py
[2026-04-26T23:25:04.521+0000] {logging_mixin.py:188} INFO - [2026-04-26T23:25:04.521+0000] {dag.py:3096} INFO - Sync 1 DAGs
[2026-04-26T23:25:04.533+0000] {logging_mixin.py:188} INFO - [2026-04-26T23:25:04.533+0000] {dag.py:3954} INFO - Setting next_dagrun for example_sla_dag to 2026-04-26 23:22:00+00:00, run_after=2026-04-26 23:24:00+00:00
[2026-04-26T23:25:04.543+0000] {processor.py:183} INFO - Processing /home/airflow/.local/lib/python3.12/site-packages/airflow/example_dags/example_sla_dag.py took 0.041 seconds
[2026-04-26T23:25:35.191+0000] {processor.py:161} INFO - Started process (PID=2081) to work on /home/airflow/.local/lib/python3.12/site-packages/airflow/example_dags/example_sla_dag.py
[2026-04-26T23:25:35.192+0000] {processor.py:830} INFO - Processing file /home/airflow/.local/lib/python3.12/site-packages/airflow/example_dags/example_sla_dag.py for tasks to queue
[2026-04-26T23:25:35.193+0000] {logging_mixin.py:188} INFO - [2026-04-26T23:25:35.193+0000] {dagbag.py:545} INFO - Filling up the DagBag from /home/airflow/.local/lib/python3.12/site-packages/airflow/example_dags/example_sla_dag.py
[2026-04-26T23:25:35.197+0000] {processor.py:840} INFO - DAG(s) 'example_sla_dag' retrieved from /home/airflow/.local/lib/python3.12/site-packages/airflow/example_dags/example_sla_dag.py
[2026-04-26T23:25:35.209+0000] {logging_mixin.py:188} INFO - [2026-04-26T23:25:35.208+0000] {dag.py:3096} INFO - Sync 1 DAGs
[2026-04-26T23:25:35.222+0000] {logging_mixin.py:188} INFO - [2026-04-26T23:25:35.222+0000] {dag.py:3954} INFO - Setting next_dagrun for example_sla_dag to 2026-04-26 23:22:00+00:00, run_after=2026-04-26 23:24:00+00:00
[2026-04-26T23:25:35.230+0000] {processor.py:183} INFO - Processing /home/airflow/.local/lib/python3.12/site-packages/airflow/example_dags/example_sla_dag.py took 0.043 seconds
[2026-04-26T23:26:05.936+0000] {processor.py:161} INFO - Started process (PID=2140) to work on /home/airflow/.local/lib/python3.12/site-packages/airflow/example_dags/example_sla_dag.py
[2026-04-26T23:26:05.936+0000] {processor.py:830} INFO - Processing file /home/airflow/.local/lib/python3.12/site-packages/airflow/example_dags/example_sla_dag.py for tasks to queue
[2026-04-26T23:26:05.937+0000] {logging_mixin.py:188} INFO - [2026-04-26T23:26:05.937+0000] {dagbag.py:545} INFO - Filling up the DagBag from /home/airflow/.local/lib/python3.12/site-packages/airflow/example_dags/example_sla_dag.py
[2026-04-26T23:26:05.942+0000] {processor.py:840} INFO - DAG(s) 'example_sla_dag' retrieved from /home/airflow/.local/lib/python3.12/site-packages/airflow/example_dags/example_sla_dag.py
[2026-04-26T23:26:05.954+0000] {logging_mixin.py:188} INFO - [2026-04-26T23:26:05.953+0000] {dag.py:3096} INFO - Sync 1 DAGs
[2026-04-26T23:26:05.968+0000] {logging_mixin.py:188} INFO - [2026-04-26T23:26:05.968+0000] {dag.py:3954} INFO - Setting next_dagrun for example_sla_dag to 2026-04-26 23:24:00+00:00, run_after=2026-04-26 23:26:00+00:00
[2026-04-26T23:26:05.979+0000] {processor.py:183} INFO - Processing /home/airflow/.local/lib/python3.12/site-packages/airflow/example_dags/example_sla_dag.py took 0.048 seconds
[2026-04-26T23:26:36.746+0000] {processor.py:161} INFO - Started process (PID=2199) to work on /home/airflow/.local/lib/python3.12/site-packages/airflow/example_dags/example_sla_dag.py
[2026-04-26T23:26:36.746+0000] {processor.py:830} INFO - Processing file /home/airflow/.local/lib/python3.12/site-packages/airflow/example_dags/example_sla_dag.py for tasks to queue
[2026-04-26T23:26:36.748+0000] {logging_mixin.py:188} INFO - [2026-04-26T23:26:36.747+0000] {dagbag.py:545} INFO - Filling up the DagBag from /home/airflow/.local/lib/python3.12/site-packages/airflow/example_dags/example_sla_dag.py
[2026-04-26T23:26:36.753+0000] {processor.py:840} INFO - DAG(s) 'example_sla_dag' retrieved from /home/airflow/.local/lib/python3.12/site-packages/airflow/example_dags/example_sla_dag.py
[2026-04-26T23:26:36.764+0000] {logging_mixin.py:188} INFO - [2026-04-26T23:26:36.764+0000] {dag.py:3096} INFO - Sync 1 DAGs
[2026-04-26T23:26:36.778+0000] {logging_mixin.py:188} INFO - [2026-04-26T23:26:36.778+0000] {dag.py:3954} INFO - Setting next_dagrun for example_sla_dag to 2026-04-26 23:24:00+00:00, run_after=2026-04-26 23:26:00+00:00
[2026-04-26T23:26:36.787+0000] {processor.py:183} INFO - Processing /home/airflow/.local/lib/python3.12/site-packages/airflow/example_dags/example_sla_dag.py took 0.045 seconds
[2026-04-26T23:27:07.503+0000] {processor.py:161} INFO - Started process (PID=2258) to work on /home/airflow/.local/lib/python3.12/site-packages/airflow/example_dags/example_sla_dag.py
[2026-04-26T23:27:07.503+0000] {processor.py:830} INFO - Processing file /home/airflow/.local/lib/python3.12/site-packages/airflow/example_dags/example_sla_dag.py for tasks to queue
[2026-04-26T23:27:07.504+0000] {logging_mixin.py:188} INFO - [2026-04-26T23:27:07.504+0000] {dagbag.py:545} INFO - Filling up the DagBag from /home/airflow/.local/lib/python3.12/site-packages/airflow/example_dags/example_sla_dag.py
[2026-04-26T23:27:07.510+0000] {processor.py:840} INFO - DAG(s) 'example_sla_dag' retrieved from /home/airflow/.local/lib/python3.12/site-packages/airflow/example_dags/example_sla_dag.py
[2026-04-26T23:27:07.523+0000] {logging_mixin.py:188} INFO - [2026-04-26T23:27:07.523+0000] {dag.py:3096} INFO - Sync 1 DAGs
[2026-04-26T23:27:07.538+0000] {logging_mixin.py:188} INFO - [2026-04-26T23:27:07.538+0000] {dag.py:3954} INFO - Setting next_dagrun for example_sla_dag to 2026-04-26 23:24:00+00:00, run_after=2026-04-26 23:26:00+00:00
[2026-04-26T23:27:07.548+0000] {processor.py:183} INFO - Processing /home/airflow/.local/lib/python3.12/site-packages/airflow/example_dags/example_sla_dag.py took 0.049 seconds
[2026-04-26T23:27:38.225+0000] {processor.py:161} INFO - Started process (PID=2317) to work on /home/airflow/.local/lib/python3.12/site-packages/airflow/example_dags/example_sla_dag.py
[2026-04-26T23:27:38.226+0000] {processor.py:830} INFO - Processing file /home/airflow/.local/lib/python3.12/site-packages/airflow/example_dags/example_sla_dag.py for tasks to queue
[2026-04-26T23:27:38.227+0000] {logging_mixin.py:188} INFO - [2026-04-26T23:27:38.226+0000] {dagbag.py:545} INFO - Filling up the DagBag from /home/airflow/.local/lib/python3.12/site-packages/airflow/example_dags/example_sla_dag.py
[2026-04-26T23:27:38.231+0000] {processor.py:840} INFO - DAG(s) 'example_sla_dag' retrieved from /home/airflow/.local/lib/python3.12/site-packages/airflow/example_dags/example_sla_dag.py
[2026-04-26T23:27:38.242+0000] {logging_mixin.py:188} INFO - [2026-04-26T23:27:38.242+0000] {dag.py:3096} INFO - Sync 1 DAGs
[2026-04-26T23:27:38.255+0000] {logging_mixin.py:188} INFO - [2026-04-26T23:27:38.255+0000] {dag.py:3954} INFO - Setting next_dagrun for example_sla_dag to 2026-04-26 23:24:00+00:00, run_after=2026-04-26 23:26:00+00:00
[2026-04-26T23:27:38.264+0000] {processor.py:183} INFO - Processing /home/airflow/.local/lib/python3.12/site-packages/airflow/example_dags/example_sla_dag.py took 0.042 seconds
[2026-04-26T23:28:08.974+0000] {processor.py:161} INFO - Started process (PID=2376) to work on /home/airflow/.local/lib/python3.12/site-packages/airflow/example_dags/example_sla_dag.py
[2026-04-26T23:28:08.975+0000] {processor.py:830} INFO - Processing file /home/airflow/.local/lib/python3.12/site-packages/airflow/example_dags/example_sla_dag.py for tasks to queue
[2026-04-26T23:28:08.976+0000] {logging_mixin.py:188} INFO - [2026-04-26T23:28:08.975+0000] {dagbag.py:545} INFO - Filling up the DagBag from /home/airflow/.local/lib/python3.12/site-packages/airflow/example_dags/example_sla_dag.py
[2026-04-26T23:28:08.981+0000] {processor.py:840} INFO - DAG(s) 'example_sla_dag' retrieved from /home/airflow/.local/lib/python3.12/site-packages/airflow/example_dags/example_sla_dag.py
[2026-04-26T23:28:08.992+0000] {logging_mixin.py:188} INFO - [2026-04-26T23:28:08.992+0000] {dag.py:3096} INFO - Sync 1 DAGs
[2026-04-26T23:28:09.006+0000] {logging_mixin.py:188} INFO - [2026-04-26T23:28:09.005+0000] {dag.py:3954} INFO - Setting next_dagrun for example_sla_dag to 2026-04-26 23:26:00+00:00, run_after=2026-04-26 23:28:00+00:00
[2026-04-26T23:28:09.015+0000] {processor.py:183} INFO - Processing /home/airflow/.local/lib/python3.12/site-packages/airflow/example_dags/example_sla_dag.py took 0.045 seconds
[2026-04-26T23:28:39.893+0000] {processor.py:161} INFO - Started process (PID=2435) to work on /home/airflow/.local/lib/python3.12/site-packages/airflow/example_dags/example_sla_dag.py
[2026-04-26T23:28:39.894+0000] {processor.py:830} INFO - Processing file /home/airflow/.local/lib/python3.12/site-packages/airflow/example_dags/example_sla_dag.py for tasks to queue
[2026-04-26T23:28:39.896+0000] {logging_mixin.py:188} INFO - [2026-04-26T23:28:39.895+0000] {dagbag.py:545} INFO - Filling up the DagBag from /home/airflow/.local/lib/python3.12/site-packages/airflow/example_dags/example_sla_dag.py
[2026-04-26T23:28:39.903+0000] {processor.py:840} INFO - DAG(s) 'example_sla_dag' retrieved from /home/airflow/.local/lib/python3.12/site-packages/airflow/example_dags/example_sla_dag.py
[2026-04-26T23:28:39.923+0000] {logging_mixin.py:188} INFO - [2026-04-26T23:28:39.922+0000] {dag.py:3096} INFO - Sync 1 DAGs
[2026-04-26T23:28:39.946+0000] {logging_mixin.py:188} INFO - [2026-04-26T23:28:39.946+0000] {dag.py:3954} INFO - Setting next_dagrun for example_sla_dag to 2026-04-26 23:26:00+00:00, run_after=2026-04-26 23:28:00+00:00
[2026-04-26T23:28:39.964+0000] {processor.py:183} INFO - Processing /home/airflow/.local/lib/python3.12/site-packages/airflow/example_dags/example_sla_dag.py took 0.077 seconds
[2026-04-26T23:29:10.019+0000] {processor.py:161} INFO - Started process (PID=2494) to work on /home/airflow/.local/lib/python3.12/site-packages/airflow/example_dags/example_sla_dag.py
[2026-04-26T23:29:10.020+0000] {processor.py:830} INFO - Processing file /home/airflow/.local/lib/python3.12/site-packages/airflow/example_dags/example_sla_dag.py for tasks to queue
[2026-04-26T23:29:10.021+0000] {logging_mixin.py:188} INFO - [2026-04-26T23:29:10.020+0000] {dagbag.py:545} INFO - Filling up the DagBag from /home/airflow/.local/lib/python3.12/site-packages/airflow/example_dags/example_sla_dag.py
[2026-04-26T23:29:10.026+0000] {processor.py:840} INFO - DAG(s) 'example_sla_dag' retrieved from /home/airflow/.local/lib/python3.12/site-packages/airflow/example_dags/example_sla_dag.py
[2026-04-26T23:29:10.041+0000] {logging_mixin.py:188} INFO - [2026-04-26T23:29:10.041+0000] {dag.py:3096} INFO - Sync 1 DAGs
[2026-04-26T23:29:10.057+0000] {logging_mixin.py:188} INFO - [2026-04-26T23:29:10.057+0000] {dag.py:3954} INFO - Setting next_dagrun for example_sla_dag to 2026-04-26 23:26:00+00:00, run_after=2026-04-26 23:28:00+00:00
[2026-04-26T23:29:10.069+0000] {processor.py:183} INFO - Processing /home/airflow/.local/lib/python3.12/site-packages/airflow/example_dags/example_sla_dag.py took 0.054 seconds
[2026-04-26T23:29:40.776+0000] {processor.py:161} INFO - Started process (PID=2553) to work on /home/airflow/.local/lib/python3.12/site-packages/airflow/example_dags/example_sla_dag.py
[2026-04-26T23:29:40.777+0000] {processor.py:830} INFO - Processing file /home/airflow/.local/lib/python3.12/site-packages/airflow/example_dags/example_sla_dag.py for tasks to queue
[2026-04-26T23:29:40.778+0000] {logging_mixin.py:188} INFO - [2026-04-26T23:29:40.778+0000] {dagbag.py:545} INFO - Filling up the DagBag from /home/airflow/.local/lib/python3.12/site-packages/airflow/example_dags/example_sla_dag.py
[2026-04-26T23:29:40.784+0000] {processor.py:840} INFO - DAG(s) 'example_sla_dag' retrieved from /home/airflow/.local/lib/python3.12/site-packages/airflow/example_dags/example_sla_dag.py
[2026-04-26T23:29:40.797+0000] {logging_mixin.py:188} INFO - [2026-04-26T23:29:40.797+0000] {dag.py:3096} INFO - Sync 1 DAGs
[2026-04-26T23:29:40.811+0000] {logging_mixin.py:188} INFO - [2026-04-26T23:29:40.811+0000] {dag.py:3954} INFO - Setting next_dagrun for example_sla_dag to 2026-04-26 23:26:00+00:00, run_after=2026-04-26 23:28:00+00:00
[2026-04-26T23:29:40.819+0000] {processor.py:183} INFO - Processing /home/airflow/.local/lib/python3.12/site-packages/airflow/example_dags/example_sla_dag.py took 0.046 seconds
[2026-04-26T23:30:11.560+0000] {processor.py:161} INFO - Started process (PID=2612) to work on /home/airflow/.local/lib/python3.12/site-packages/airflow/example_dags/example_sla_dag.py
[2026-04-26T23:30:11.561+0000] {processor.py:830} INFO - Processing file /home/airflow/.local/lib/python3.12/site-packages/airflow/example_dags/example_sla_dag.py for tasks to queue
[2026-04-26T23:30:11.562+0000] {logging_mixin.py:188} INFO - [2026-04-26T23:30:11.562+0000] {dagbag.py:545} INFO - Filling up the DagBag from /home/airflow/.local/lib/python3.12/site-packages/airflow/example_dags/example_sla_dag.py
[2026-04-26T23:30:11.567+0000] {processor.py:840} INFO - DAG(s) 'example_sla_dag' retrieved from /home/airflow/.local/lib/python3.12/site-packages/airflow/example_dags/example_sla_dag.py
[2026-04-26T23:30:11.578+0000] {logging_mixin.py:188} INFO - [2026-04-26T23:30:11.578+0000] {dag.py:3096} INFO - Sync 1 DAGs
[2026-04-26T23:30:11.591+0000] {logging_mixin.py:188} INFO - [2026-04-26T23:30:11.591+0000] {dag.py:3954} INFO - Setting next_dagrun for example_sla_dag to 2026-04-26 23:28:00+00:00, run_after=2026-04-26 23:30:00+00:00
[2026-04-26T23:30:11.599+0000] {processor.py:183} INFO - Processing /home/airflow/.local/lib/python3.12/site-packages/airflow/example_dags/example_sla_dag.py took 0.043 seconds
[2026-04-26T23:30:42.317+0000] {processor.py:161} INFO - Started process (PID=2671) to work on /home/airflow/.local/lib/python3.12/site-packages/airflow/example_dags/example_sla_dag.py
[2026-04-26T23:30:42.318+0000] {processor.py:830} INFO - Processing file /home/airflow/.local/lib/python3.12/site-packages/airflow/example_dags/example_sla_dag.py for tasks to queue
[2026-04-26T23:30:42.319+0000] {logging_mixin.py:188} INFO - [2026-04-26T23:30:42.319+0000] {dagbag.py:545} INFO - Filling up the DagBag from /home/airflow/.local/lib/python3.12/site-packages/airflow/example_dags/example_sla_dag.py
[2026-04-26T23:30:42.324+0000] {processor.py:840} INFO - DAG(s) 'example_sla_dag' retrieved from /home/airflow/.local/lib/python3.12/site-packages/airflow/example_dags/example_sla_dag.py
[2026-04-26T23:30:42.334+0000] {logging_mixin.py:188} INFO - [2026-04-26T23:30:42.334+0000] {dag.py:3096} INFO - Sync 1 DAGs
[2026-04-26T23:30:42.348+0000] {logging_mixin.py:188} INFO - [2026-04-26T23:30:42.348+0000] {dag.py:3954} INFO - Setting next_dagrun for example_sla_dag to 2026-04-26 23:28:00+00:00, run_after=2026-04-26 23:30:00+00:00
[2026-04-26T23:30:42.359+0000] {processor.py:183} INFO - Processing /home/airflow/.local/lib/python3.12/site-packages/airflow/example_dags/example_sla_dag.py took 0.045 seconds
[2026-04-26T23:31:13.044+0000] {processor.py:161} INFO - Started process (PID=2730) to work on /home/airflow/.local/lib/python3.12/site-packages/airflow/example_dags/example_sla_dag.py
[2026-04-26T23:31:13.044+0000] {processor.py:830} INFO - Processing file /home/airflow/.local/lib/python3.12/site-packages/airflow/example_dags/example_sla_dag.py for tasks to queue
[2026-04-26T23:31:13.045+0000] {logging_mixin.py:188} INFO - [2026-04-26T23:31:13.045+0000] {dagbag.py:545} INFO - Filling up the DagBag from /home/airflow/.local/lib/python3.12/site-packages/airflow/example_dags/example_sla_dag.py
[2026-04-26T23:31:13.050+0000] {processor.py:840} INFO - DAG(s) 'example_sla_dag' retrieved from /home/airflow/.local/lib/python3.12/site-packages/airflow/example_dags/example_sla_dag.py
[2026-04-26T23:31:13.061+0000] {logging_mixin.py:188} INFO - [2026-04-26T23:31:13.061+0000] {dag.py:3096} INFO - Sync 1 DAGs
[2026-04-26T23:31:13.075+0000] {logging_mixin.py:188} INFO - [2026-04-26T23:31:13.075+0000] {dag.py:3954} INFO - Setting next_dagrun for example_sla_dag to 2026-04-26 23:28:00+00:00, run_after=2026-04-26 23:30:00+00:00
[2026-04-26T23:31:13.085+0000] {processor.py:183} INFO - Processing /home/airflow/.local/lib/python3.12/site-packages/airflow/example_dags/example_sla_dag.py took 0.045 seconds
[2026-04-26T23:31:43.778+0000] {processor.py:161} INFO - Started process (PID=2789) to work on /home/airflow/.local/lib/python3.12/site-packages/airflow/example_dags/example_sla_dag.py
[2026-04-26T23:31:43.778+0000] {processor.py:830} INFO - Processing file /home/airflow/.local/lib/python3.12/site-packages/airflow/example_dags/example_sla_dag.py for tasks to queue
[2026-04-26T23:31:43.780+0000] {logging_mixin.py:188} INFO - [2026-04-26T23:31:43.779+0000] {dagbag.py:545} INFO - Filling up the DagBag from /home/airflow/.local/lib/python3.12/site-packages/airflow/example_dags/example_sla_dag.py
[2026-04-26T23:31:43.786+0000] {processor.py:840} INFO - DAG(s) 'example_sla_dag' retrieved from /home/airflow/.local/lib/python3.12/site-packages/airflow/example_dags/example_sla_dag.py
[2026-04-26T23:31:43.797+0000] {logging_mixin.py:188} INFO - [2026-04-26T23:31:43.797+0000] {dag.py:3096} INFO - Sync 1 DAGs
[2026-04-26T23:31:43.810+0000] {logging_mixin.py:188} INFO - [2026-04-26T23:31:43.809+0000] {dag.py:3954} INFO - Setting next_dagrun for example_sla_dag to 2026-04-26 23:28:00+00:00, run_after=2026-04-26 23:30:00+00:00
[2026-04-26T23:31:43.820+0000] {processor.py:183} INFO - Processing /home/airflow/.local/lib/python3.12/site-packages/airflow/example_dags/example_sla_dag.py took 0.045 seconds
[2026-04-26T23:32:14.721+0000] {processor.py:161} INFO - Started process (PID=2848) to work on /home/airflow/.local/lib/python3.12/site-packages/airflow/example_dags/example_sla_dag.py
[2026-04-26T23:32:14.721+0000] {processor.py:830} INFO - Processing file /home/airflow/.local/lib/python3.12/site-packages/airflow/example_dags/example_sla_dag.py for tasks to queue
[2026-04-26T23:32:14.722+0000] {logging_mixin.py:188} INFO - [2026-04-26T23:32:14.722+0000] {dagbag.py:545} INFO - Filling up the DagBag from /home/airflow/.local/lib/python3.12/site-packages/airflow/example_dags/example_sla_dag.py
[2026-04-26T23:32:14.727+0000] {processor.py:840} INFO - DAG(s) 'example_sla_dag' retrieved from /home/airflow/.local/lib/python3.12/site-packages/airflow/example_dags/example_sla_dag.py
[2026-04-26T23:32:14.737+0000] {logging_mixin.py:188} INFO - [2026-04-26T23:32:14.737+0000] {dag.py:3096} INFO - Sync 1 DAGs
[2026-04-26T23:32:14.749+0000] {logging_mixin.py:188} INFO - [2026-04-26T23:32:14.749+0000] {dag.py:3954} INFO - Setting next_dagrun for example_sla_dag to 2026-04-26 23:30:00+00:00, run_after=2026-04-26 23:32:00+00:00
[2026-04-26T23:32:14.757+0000] {processor.py:183} INFO - Processing /home/airflow/.local/lib/python3.12/site-packages/airflow/example_dags/example_sla_dag.py took 0.040 seconds
[2026-04-26T23:32:45.011+0000] {processor.py:161} INFO - Started process (PID=2907) to work on /home/airflow/.local/lib/python3.12/site-packages/airflow/example_dags/example_sla_dag.py
[2026-04-26T23:32:45.011+0000] {processor.py:830} INFO - Processing file /home/airflow/.local/lib/python3.12/site-packages/airflow/example_dags/example_sla_dag.py for tasks to queue
[2026-04-26T23:32:45.012+0000] {logging_mixin.py:188} INFO - [2026-04-26T23:32:45.012+0000] {dagbag.py:545} INFO - Filling up the DagBag from /home/airflow/.local/lib/python3.12/site-packages/airflow/example_dags/example_sla_dag.py
[2026-04-26T23:32:45.017+0000] {processor.py:840} INFO - DAG(s) 'example_sla_dag' retrieved from /home/airflow/.local/lib/python3.12/site-packages/airflow/example_dags/example_sla_dag.py
[2026-04-26T23:32:45.026+0000] {logging_mixin.py:188} INFO - [2026-04-26T23:32:45.026+0000] {dag.py:3096} INFO - Sync 1 DAGs
[2026-04-26T23:32:45.038+0000] {logging_mixin.py:188} INFO - [2026-04-26T23:32:45.038+0000] {dag.py:3954} INFO - Setting next_dagrun for example_sla_dag to 2026-04-26 23:30:00+00:00, run_after=2026-04-26 23:32:00+00:00
[2026-04-26T23:32:45.047+0000] {processor.py:183} INFO - Processing /home/airflow/.local/lib/python3.12/site-packages/airflow/example_dags/example_sla_dag.py took 0.039 seconds
[2026-04-26T23:33:16.035+0000] {processor.py:161} INFO - Started process (PID=2966) to work on /home/airflow/.local/lib/python3.12/site-packages/airflow/example_dags/example_sla_dag.py
[2026-04-26T23:33:16.035+0000] {processor.py:830} INFO - Processing file /home/airflow/.local/lib/python3.12/site-packages/airflow/example_dags/example_sla_dag.py for tasks to queue
[2026-04-26T23:33:16.036+0000] {logging_mixin.py:188} INFO - [2026-04-26T23:33:16.036+0000] {dagbag.py:545} INFO - Filling up the DagBag from /home/airflow/.local/lib/python3.12/site-packages/airflow/example_dags/example_sla_dag.py
[2026-04-26T23:33:16.042+0000] {processor.py:840} INFO - DAG(s) 'example_sla_dag' retrieved from /home/airflow/.local/lib/python3.12/site-packages/airflow/example_dags/example_sla_dag.py
[2026-04-26T23:33:16.053+0000] {logging_mixin.py:188} INFO - [2026-04-26T23:33:16.053+0000] {dag.py:3096} INFO - Sync 1 DAGs
[2026-04-26T23:33:16.068+0000] {logging_mixin.py:188} INFO - [2026-04-26T23:33:16.068+0000] {dag.py:3954} INFO - Setting next_dagrun for example_sla_dag to 2026-04-26 23:30:00+00:00, run_after=2026-04-26 23:32:00+00:00
[2026-04-26T23:33:16.078+0000] {processor.py:183} INFO - Processing /home/airflow/.local/lib/python3.12/site-packages/airflow/example_dags/example_sla_dag.py took 0.047 seconds
[2026-04-26T23:33:47.075+0000] {processor.py:161} INFO - Started process (PID=3030) to work on /home/airflow/.local/lib/python3.12/site-packages/airflow/example_dags/example_sla_dag.py
[2026-04-26T23:33:47.076+0000] {processor.py:830} INFO - Processing file /home/airflow/.local/lib/python3.12/site-packages/airflow/example_dags/example_sla_dag.py for tasks to queue
[2026-04-26T23:33:47.077+0000] {logging_mixin.py:188} INFO - [2026-04-26T23:33:47.077+0000] {dagbag.py:545} INFO - Filling up the DagBag from /home/airflow/.local/lib/python3.12/site-packages/airflow/example_dags/example_sla_dag.py
[2026-04-26T23:33:47.082+0000] {processor.py:840} INFO - DAG(s) 'example_sla_dag' retrieved from /home/airflow/.local/lib/python3.12/site-packages/airflow/example_dags/example_sla_dag.py
[2026-04-26T23:33:47.094+0000] {logging_mixin.py:188} INFO - [2026-04-26T23:33:47.094+0000] {dag.py:3096} INFO - Sync 1 DAGs
[2026-04-26T23:33:47.108+0000] {logging_mixin.py:188} INFO - [2026-04-26T23:33:47.108+0000] {dag.py:3954} INFO - Setting next_dagrun for example_sla_dag to 2026-04-26 23:30:00+00:00, run_after=2026-04-26 23:32:00+00:00
[2026-04-26T23:33:47.117+0000] {processor.py:183} INFO - Processing /home/airflow/.local/lib/python3.12/site-packages/airflow/example_dags/example_sla_dag.py took 0.045 seconds
[2026-04-26T23:34:17.198+0000] {processor.py:161} INFO - Started process (PID=3089) to work on /home/airflow/.local/lib/python3.12/site-packages/airflow/example_dags/example_sla_dag.py
[2026-04-26T23:34:17.198+0000] {processor.py:830} INFO - Processing file /home/airflow/.local/lib/python3.12/site-packages/airflow/example_dags/example_sla_dag.py for tasks to queue
[2026-04-26T23:34:17.199+0000] {logging_mixin.py:188} INFO - [2026-04-26T23:34:17.199+0000] {dagbag.py:545} INFO - Filling up the DagBag from /home/airflow/.local/lib/python3.12/site-packages/airflow/example_dags/example_sla_dag.py
[2026-04-26T23:34:17.204+0000] {processor.py:840} INFO - DAG(s) 'example_sla_dag' retrieved from /home/airflow/.local/lib/python3.12/site-packages/airflow/example_dags/example_sla_dag.py
[2026-04-26T23:34:17.215+0000] {logging_mixin.py:188} INFO - [2026-04-26T23:34:17.215+0000] {dag.py:3096} INFO - Sync 1 DAGs
[2026-04-26T23:34:17.228+0000] {logging_mixin.py:188} INFO - [2026-04-26T23:34:17.228+0000] {dag.py:3954} INFO - Setting next_dagrun for example_sla_dag to 2026-04-26 23:32:00+00:00, run_after=2026-04-26 23:34:00+00:00
[2026-04-26T23:34:17.237+0000] {processor.py:183} INFO - Processing /home/airflow/.local/lib/python3.12/site-packages/airflow/example_dags/example_sla_dag.py took 0.043 seconds
[2026-04-26T23:34:47.357+0000] {processor.py:161} INFO - Started process (PID=3148) to work on /home/airflow/.local/lib/python3.12/site-packages/airflow/example_dags/example_sla_dag.py
[2026-04-26T23:34:47.357+0000] {processor.py:830} INFO - Processing file /home/airflow/.local/lib/python3.12/site-packages/airflow/example_dags/example_sla_dag.py for tasks to queue
[2026-04-26T23:34:47.358+0000] {logging_mixin.py:188} INFO - [2026-04-26T23:34:47.358+0000] {dagbag.py:545} INFO - Filling up the DagBag from /home/airflow/.local/lib/python3.12/site-packages/airflow/example_dags/example_sla_dag.py
[2026-04-26T23:34:47.364+0000] {processor.py:840} INFO - DAG(s) 'example_sla_dag' retrieved from /home/airflow/.local/lib/python3.12/site-packages/airflow/example_dags/example_sla_dag.py
[2026-04-26T23:34:47.376+0000] {logging_mixin.py:188} INFO - [2026-04-26T23:34:47.375+0000] {dag.py:3096} INFO - Sync 1 DAGs
[2026-04-26T23:34:47.390+0000] {logging_mixin.py:188} INFO - [2026-04-26T23:34:47.390+0000] {dag.py:3954} INFO - Setting next_dagrun for example_sla_dag to 2026-04-26 23:32:00+00:00, run_after=2026-04-26 23:34:00+00:00
[2026-04-26T23:34:47.400+0000] {processor.py:183} INFO - Processing /home/airflow/.local/lib/python3.12/site-packages/airflow/example_dags/example_sla_dag.py took 0.047 seconds
[2026-04-26T23:35:17.966+0000] {processor.py:161} INFO - Started process (PID=3207) to work on /home/airflow/.local/lib/python3.12/site-packages/airflow/example_dags/example_sla_dag.py
[2026-04-26T23:35:17.967+0000] {processor.py:830} INFO - Processing file /home/airflow/.local/lib/python3.12/site-packages/airflow/example_dags/example_sla_dag.py for tasks to queue
[2026-04-26T23:35:17.968+0000] {logging_mixin.py:188} INFO - [2026-04-26T23:35:17.968+0000] {dagbag.py:545} INFO - Filling up the DagBag from /home/airflow/.local/lib/python3.12/site-packages/airflow/example_dags/example_sla_dag.py
[2026-04-26T23:35:17.973+0000] {processor.py:840} INFO - DAG(s) 'example_sla_dag' retrieved from /home/airflow/.local/lib/python3.12/site-packages/airflow/example_dags/example_sla_dag.py
[2026-04-26T23:35:17.985+0000] {logging_mixin.py:188} INFO - [2026-04-26T23:35:17.985+0000] {dag.py:3096} INFO - Sync 1 DAGs
[2026-04-26T23:35:17.999+0000] {logging_mixin.py:188} INFO - [2026-04-26T23:35:17.999+0000] {dag.py:3954} INFO - Setting next_dagrun for example_sla_dag to 2026-04-26 23:32:00+00:00, run_after=2026-04-26 23:34:00+00:00
[2026-04-26T23:35:18.010+0000] {processor.py:183} INFO - Processing /home/airflow/.local/lib/python3.12/site-packages/airflow/example_dags/example_sla_dag.py took 0.047 seconds
[2026-04-26T23:35:48.766+0000] {processor.py:161} INFO - Started process (PID=3266) to work on /home/airflow/.local/lib/python3.12/site-packages/airflow/example_dags/example_sla_dag.py
[2026-04-26T23:35:48.766+0000] {processor.py:830} INFO - Processing file /home/airflow/.local/lib/python3.12/site-packages/airflow/example_dags/example_sla_dag.py for tasks to queue
[2026-04-26T23:35:48.767+0000] {logging_mixin.py:188} INFO - [2026-04-26T23:35:48.767+0000] {dagbag.py:545} INFO - Filling up the DagBag from /home/airflow/.local/lib/python3.12/site-packages/airflow/example_dags/example_sla_dag.py
[2026-04-26T23:35:48.772+0000] {processor.py:840} INFO - DAG(s) 'example_sla_dag' retrieved from /home/airflow/.local/lib/python3.12/site-packages/airflow/example_dags/example_sla_dag.py
[2026-04-26T23:35:48.784+0000] {logging_mixin.py:188} INFO - [2026-04-26T23:35:48.784+0000] {dag.py:3096} INFO - Sync 1 DAGs
[2026-04-26T23:35:48.797+0000] {logging_mixin.py:188} INFO - [2026-04-26T23:35:48.797+0000] {dag.py:3954} INFO - Setting next_dagrun for example_sla_dag to 2026-04-26 23:32:00+00:00, run_after=2026-04-26 23:34:00+00:00
[2026-04-26T23:35:48.808+0000] {processor.py:183} INFO - Processing /home/airflow/.local/lib/python3.12/site-packages/airflow/example_dags/example_sla_dag.py took 0.046 seconds
[2026-04-26T23:36:19.451+0000] {processor.py:161} INFO - Started process (PID=3325) to work on /home/airflow/.local/lib/python3.12/site-packages/airflow/example_dags/example_sla_dag.py
[2026-04-26T23:36:19.451+0000] {processor.py:830} INFO - Processing file /home/airflow/.local/lib/python3.12/site-packages/airflow/example_dags/example_sla_dag.py for tasks to queue
[2026-04-26T23:36:19.453+0000] {logging_mixin.py:188} INFO - [2026-04-26T23:36:19.452+0000] {dagbag.py:545} INFO - Filling up the DagBag from /home/airflow/.local/lib/python3.12/site-packages/airflow/example_dags/example_sla_dag.py
[2026-04-26T23:36:19.458+0000] {processor.py:840} INFO - DAG(s) 'example_sla_dag' retrieved from /home/airflow/.local/lib/python3.12/site-packages/airflow/example_dags/example_sla_dag.py
[2026-04-26T23:36:19.469+0000] {logging_mixin.py:188} INFO - [2026-04-26T23:36:19.469+0000] {dag.py:3096} INFO - Sync 1 DAGs
[2026-04-26T23:36:19.483+0000] {logging_mixin.py:188} INFO - [2026-04-26T23:36:19.483+0000] {dag.py:3954} INFO - Setting next_dagrun for example_sla_dag to 2026-04-26 23:34:00+00:00, run_after=2026-04-26 23:36:00+00:00
[2026-04-26T23:36:19.492+0000] {processor.py:183} INFO - Processing /home/airflow/.local/lib/python3.12/site-packages/airflow/example_dags/example_sla_dag.py took 0.045 seconds
[2026-04-26T23:36:50.138+0000] {processor.py:161} INFO - Started process (PID=3384) to work on /home/airflow/.local/lib/python3.12/site-packages/airflow/example_dags/example_sla_dag.py
[2026-04-26T23:36:50.138+0000] {processor.py:830} INFO - Processing file /home/airflow/.local/lib/python3.12/site-packages/airflow/example_dags/example_sla_dag.py for tasks to queue
[2026-04-26T23:36:50.139+0000] {logging_mixin.py:188} INFO - [2026-04-26T23:36:50.139+0000] {dagbag.py:545} INFO - Filling up the DagBag from /home/airflow/.local/lib/python3.12/site-packages/airflow/example_dags/example_sla_dag.py
[2026-04-26T23:36:50.145+0000] {processor.py:840} INFO - DAG(s) 'example_sla_dag' retrieved from /home/airflow/.local/lib/python3.12/site-packages/airflow/example_dags/example_sla_dag.py
[2026-04-26T23:36:50.158+0000] {logging_mixin.py:188} INFO - [2026-04-26T23:36:50.158+0000] {dag.py:3096} INFO - Sync 1 DAGs
[2026-04-26T23:36:50.172+0000] {logging_mixin.py:188} INFO - [2026-04-26T23:36:50.172+0000] {dag.py:3954} INFO - Setting next_dagrun for example_sla_dag to 2026-04-26 23:34:00+00:00, run_after=2026-04-26 23:36:00+00:00
[2026-04-26T23:36:50.182+0000] {processor.py:183} INFO - Processing /home/airflow/.local/lib/python3.12/site-packages/airflow/example_dags/example_sla_dag.py took 0.047 seconds
[2026-04-26T23:37:20.883+0000] {processor.py:161} INFO - Started process (PID=3449) to work on /home/airflow/.local/lib/python3.12/site-packages/airflow/example_dags/example_sla_dag.py
[2026-04-26T23:37:20.884+0000] {processor.py:830} INFO - Processing file /home/airflow/.local/lib/python3.12/site-packages/airflow/example_dags/example_sla_dag.py for tasks to queue
[2026-04-26T23:37:20.885+0000] {logging_mixin.py:188} INFO - [2026-04-26T23:37:20.885+0000] {dagbag.py:545} INFO - Filling up the DagBag from /home/airflow/.local/lib/python3.12/site-packages/airflow/example_dags/example_sla_dag.py
[2026-04-26T23:37:20.891+0000] {processor.py:840} INFO - DAG(s) 'example_sla_dag' retrieved from /home/airflow/.local/lib/python3.12/site-packages/airflow/example_dags/example_sla_dag.py
[2026-04-26T23:37:20.906+0000] {logging_mixin.py:188} INFO - [2026-04-26T23:37:20.906+0000] {dag.py:3096} INFO - Sync 1 DAGs
[2026-04-26T23:37:20.922+0000] {logging_mixin.py:188} INFO - [2026-04-26T23:37:20.922+0000] {dag.py:3954} INFO - Setting next_dagrun for example_sla_dag to 2026-04-26 23:34:00+00:00, run_after=2026-04-26 23:36:00+00:00
[2026-04-26T23:37:20.932+0000] {processor.py:183} INFO - Processing /home/airflow/.local/lib/python3.12/site-packages/airflow/example_dags/example_sla_dag.py took 0.053 seconds
[2026-04-26T23:37:51.644+0000] {processor.py:161} INFO - Started process (PID=3508) to work on /home/airflow/.local/lib/python3.12/site-packages/airflow/example_dags/example_sla_dag.py
[2026-04-26T23:37:51.644+0000] {processor.py:830} INFO - Processing file /home/airflow/.local/lib/python3.12/site-packages/airflow/example_dags/example_sla_dag.py for tasks to queue
[2026-04-26T23:37:51.645+0000] {logging_mixin.py:188} INFO - [2026-04-26T23:37:51.645+0000] {dagbag.py:545} INFO - Filling up the DagBag from /home/airflow/.local/lib/python3.12/site-packages/airflow/example_dags/example_sla_dag.py
[2026-04-26T23:37:51.650+0000] {processor.py:840} INFO - DAG(s) 'example_sla_dag' retrieved from /home/airflow/.local/lib/python3.12/site-packages/airflow/example_dags/example_sla_dag.py
[2026-04-26T23:37:51.662+0000] {logging_mixin.py:188} INFO - [2026-04-26T23:37:51.662+0000] {dag.py:3096} INFO - Sync 1 DAGs
[2026-04-26T23:37:51.675+0000] {logging_mixin.py:188} INFO - [2026-04-26T23:37:51.675+0000] {dag.py:3954} INFO - Setting next_dagrun for example_sla_dag to 2026-04-26 23:34:00+00:00, run_after=2026-04-26 23:36:00+00:00
[2026-04-26T23:37:51.684+0000] {processor.py:183} INFO - Processing /home/airflow/.local/lib/python3.12/site-packages/airflow/example_dags/example_sla_dag.py took 0.044 seconds
[2026-04-26T23:38:22.324+0000] {processor.py:161} INFO - Started process (PID=3567) to work on /home/airflow/.local/lib/python3.12/site-packages/airflow/example_dags/example_sla_dag.py
[2026-04-26T23:38:22.325+0000] {processor.py:830} INFO - Processing file /home/airflow/.local/lib/python3.12/site-packages/airflow/example_dags/example_sla_dag.py for tasks to queue
[2026-04-26T23:38:22.326+0000] {logging_mixin.py:188} INFO - [2026-04-26T23:38:22.326+0000] {dagbag.py:545} INFO - Filling up the DagBag from /home/airflow/.local/lib/python3.12/site-packages/airflow/example_dags/example_sla_dag.py
[2026-04-26T23:38:22.331+0000] {processor.py:840} INFO - DAG(s) 'example_sla_dag' retrieved from /home/airflow/.local/lib/python3.12/site-packages/airflow/example_dags/example_sla_dag.py
[2026-04-26T23:38:22.343+0000] {logging_mixin.py:188} INFO - [2026-04-26T23:38:22.343+0000] {dag.py:3096} INFO - Sync 1 DAGs
[2026-04-26T23:38:22.359+0000] {logging_mixin.py:188} INFO - [2026-04-26T23:38:22.359+0000] {dag.py:3954} INFO - Setting next_dagrun for example_sla_dag to 2026-04-26 23:36:00+00:00, run_after=2026-04-26 23:38:00+00:00
[2026-04-26T23:38:22.370+0000] {processor.py:183} INFO - Processing /home/airflow/.local/lib/python3.12/site-packages/airflow/example_dags/example_sla_dag.py took 0.050 seconds
[2026-04-26T23:38:47.292+0000] {processor.py:161} INFO - Started process (PID=109) to work on /home/airflow/.local/lib/python3.12/site-packages/airflow/example_dags/example_sla_dag.py
[2026-04-26T23:38:47.293+0000] {processor.py:830} INFO - Processing file /home/airflow/.local/lib/python3.12/site-packages/airflow/example_dags/example_sla_dag.py for tasks to queue
[2026-04-26T23:38:47.294+0000] {logging_mixin.py:188} INFO - [2026-04-26T23:38:47.294+0000] {dagbag.py:545} INFO - Filling up the DagBag from /home/airflow/.local/lib/python3.12/site-packages/airflow/example_dags/example_sla_dag.py
[2026-04-26T23:38:47.300+0000] {processor.py:840} INFO - DAG(s) 'example_sla_dag' retrieved from /home/airflow/.local/lib/python3.12/site-packages/airflow/example_dags/example_sla_dag.py
[2026-04-26T23:38:47.308+0000] {logging_mixin.py:188} INFO - [2026-04-26T23:38:47.308+0000] {dag.py:3096} INFO - Sync 1 DAGs
[2026-04-26T23:38:47.325+0000] {logging_mixin.py:188} INFO - [2026-04-26T23:38:47.325+0000] {dag.py:3954} INFO - Setting next_dagrun for example_sla_dag to 2026-04-26 23:36:00+00:00, run_after=2026-04-26 23:38:00+00:00
[2026-04-26T23:38:47.336+0000] {processor.py:183} INFO - Processing /home/airflow/.local/lib/python3.12/site-packages/airflow/example_dags/example_sla_dag.py took 0.048 seconds
[2026-04-26T23:39:18.687+0000] {processor.py:161} INFO - Started process (PID=168) to work on /home/airflow/.local/lib/python3.12/site-packages/airflow/example_dags/example_sla_dag.py
[2026-04-26T23:39:18.688+0000] {processor.py:830} INFO - Processing file /home/airflow/.local/lib/python3.12/site-packages/airflow/example_dags/example_sla_dag.py for tasks to queue
[2026-04-26T23:39:18.689+0000] {logging_mixin.py:188} INFO - [2026-04-26T23:39:18.688+0000] {dagbag.py:545} INFO - Filling up the DagBag from /home/airflow/.local/lib/python3.12/site-packages/airflow/example_dags/example_sla_dag.py
[2026-04-26T23:39:18.693+0000] {processor.py:840} INFO - DAG(s) 'example_sla_dag' retrieved from /home/airflow/.local/lib/python3.12/site-packages/airflow/example_dags/example_sla_dag.py
[2026-04-26T23:39:18.745+0000] {logging_mixin.py:188} INFO - [2026-04-26T23:39:18.745+0000] {dag.py:3096} INFO - Sync 1 DAGs
[2026-04-26T23:39:18.756+0000] {logging_mixin.py:188} INFO - [2026-04-26T23:39:18.756+0000] {dag.py:3954} INFO - Setting next_dagrun for example_sla_dag to 2026-04-26 23:36:00+00:00, run_after=2026-04-26 23:38:00+00:00
[2026-04-26T23:39:18.790+0000] {processor.py:183} INFO - Processing /home/airflow/.local/lib/python3.12/site-packages/airflow/example_dags/example_sla_dag.py took 0.106 seconds
[2026-04-26T23:39:49.750+0000] {processor.py:161} INFO - Started process (PID=227) to work on /home/airflow/.local/lib/python3.12/site-packages/airflow/example_dags/example_sla_dag.py
[2026-04-26T23:39:49.752+0000] {processor.py:830} INFO - Processing file /home/airflow/.local/lib/python3.12/site-packages/airflow/example_dags/example_sla_dag.py for tasks to queue
[2026-04-26T23:39:49.753+0000] {logging_mixin.py:188} INFO - [2026-04-26T23:39:49.753+0000] {dagbag.py:545} INFO - Filling up the DagBag from /home/airflow/.local/lib/python3.12/site-packages/airflow/example_dags/example_sla_dag.py
[2026-04-26T23:39:49.760+0000] {processor.py:840} INFO - DAG(s) 'example_sla_dag' retrieved from /home/airflow/.local/lib/python3.12/site-packages/airflow/example_dags/example_sla_dag.py
[2026-04-26T23:39:49.773+0000] {logging_mixin.py:188} INFO - [2026-04-26T23:39:49.773+0000] {dag.py:3096} INFO - Sync 1 DAGs
[2026-04-26T23:39:49.789+0000] {logging_mixin.py:188} INFO - [2026-04-26T23:39:49.789+0000] {dag.py:3954} INFO - Setting next_dagrun for example_sla_dag to 2026-04-26 23:36:00+00:00, run_after=2026-04-26 23:38:00+00:00
[2026-04-26T23:39:49.802+0000] {processor.py:183} INFO - Processing /home/airflow/.local/lib/python3.12/site-packages/airflow/example_dags/example_sla_dag.py took 0.056 seconds
[2026-04-26T23:40:20.562+0000] {processor.py:161} INFO - Started process (PID=286) to work on /home/airflow/.local/lib/python3.12/site-packages/airflow/example_dags/example_sla_dag.py
[2026-04-26T23:40:20.562+0000] {processor.py:830} INFO - Processing file /home/airflow/.local/lib/python3.12/site-packages/airflow/example_dags/example_sla_dag.py for tasks to queue
[2026-04-26T23:40:20.563+0000] {logging_mixin.py:188} INFO - [2026-04-26T23:40:20.563+0000] {dagbag.py:545} INFO - Filling up the DagBag from /home/airflow/.local/lib/python3.12/site-packages/airflow/example_dags/example_sla_dag.py
[2026-04-26T23:40:20.568+0000] {processor.py:840} INFO - DAG(s) 'example_sla_dag' retrieved from /home/airflow/.local/lib/python3.12/site-packages/airflow/example_dags/example_sla_dag.py
[2026-04-26T23:40:20.578+0000] {logging_mixin.py:188} INFO - [2026-04-26T23:40:20.578+0000] {dag.py:3096} INFO - Sync 1 DAGs
[2026-04-26T23:40:20.590+0000] {logging_mixin.py:188} INFO - [2026-04-26T23:40:20.590+0000] {dag.py:3954} INFO - Setting next_dagrun for example_sla_dag to 2026-04-26 23:38:00+00:00, run_after=2026-04-26 23:40:00+00:00
[2026-04-26T23:40:20.598+0000] {processor.py:183} INFO - Processing /home/airflow/.local/lib/python3.12/site-packages/airflow/example_dags/example_sla_dag.py took 0.039 seconds
[2026-04-26T23:40:50.678+0000] {processor.py:161} INFO - Started process (PID=345) to work on /home/airflow/.local/lib/python3.12/site-packages/airflow/example_dags/example_sla_dag.py
[2026-04-26T23:40:50.678+0000] {processor.py:830} INFO - Processing file /home/airflow/.local/lib/python3.12/site-packages/airflow/example_dags/example_sla_dag.py for tasks to queue
[2026-04-26T23:40:50.679+0000] {logging_mixin.py:188} INFO - [2026-04-26T23:40:50.679+0000] {dagbag.py:545} INFO - Filling up the DagBag from /home/airflow/.local/lib/python3.12/site-packages/airflow/example_dags/example_sla_dag.py
[2026-04-26T23:40:50.683+0000] {processor.py:840} INFO - DAG(s) 'example_sla_dag' retrieved from /home/airflow/.local/lib/python3.12/site-packages/airflow/example_dags/example_sla_dag.py
[2026-04-26T23:40:50.693+0000] {logging_mixin.py:188} INFO - [2026-04-26T23:40:50.692+0000] {dag.py:3096} INFO - Sync 1 DAGs
[2026-04-26T23:40:50.704+0000] {logging_mixin.py:188} INFO - [2026-04-26T23:40:50.704+0000] {dag.py:3954} INFO - Setting next_dagrun for example_sla_dag to 2026-04-26 23:38:00+00:00, run_after=2026-04-26 23:40:00+00:00
[2026-04-26T23:40:50.713+0000] {processor.py:183} INFO - Processing /home/airflow/.local/lib/python3.12/site-packages/airflow/example_dags/example_sla_dag.py took 0.039 seconds
[2026-04-26T23:41:21.585+0000] {processor.py:161} INFO - Started process (PID=404) to work on /home/airflow/.local/lib/python3.12/site-packages/airflow/example_dags/example_sla_dag.py
[2026-04-26T23:41:21.585+0000] {processor.py:830} INFO - Processing file /home/airflow/.local/lib/python3.12/site-packages/airflow/example_dags/example_sla_dag.py for tasks to queue
[2026-04-26T23:41:21.586+0000] {logging_mixin.py:188} INFO - [2026-04-26T23:41:21.586+0000] {dagbag.py:545} INFO - Filling up the DagBag from /home/airflow/.local/lib/python3.12/site-packages/airflow/example_dags/example_sla_dag.py
[2026-04-26T23:41:21.592+0000] {processor.py:840} INFO - DAG(s) 'example_sla_dag' retrieved from /home/airflow/.local/lib/python3.12/site-packages/airflow/example_dags/example_sla_dag.py
[2026-04-26T23:41:21.603+0000] {logging_mixin.py:188} INFO - [2026-04-26T23:41:21.603+0000] {dag.py:3096} INFO - Sync 1 DAGs
[2026-04-26T23:41:21.617+0000] {logging_mixin.py:188} INFO - [2026-04-26T23:41:21.617+0000] {dag.py:3954} INFO - Setting next_dagrun for example_sla_dag to 2026-04-26 23:38:00+00:00, run_after=2026-04-26 23:40:00+00:00
[2026-04-26T23:41:21.627+0000] {processor.py:183} INFO - Processing /home/airflow/.local/lib/python3.12/site-packages/airflow/example_dags/example_sla_dag.py took 0.046 seconds
[2026-04-26T23:41:51.759+0000] {processor.py:161} INFO - Started process (PID=463) to work on /home/airflow/.local/lib/python3.12/site-packages/airflow/example_dags/example_sla_dag.py
[2026-04-26T23:41:51.760+0000] {processor.py:830} INFO - Processing file /home/airflow/.local/lib/python3.12/site-packages/airflow/example_dags/example_sla_dag.py for tasks to queue
[2026-04-26T23:41:51.761+0000] {logging_mixin.py:188} INFO - [2026-04-26T23:41:51.761+0000] {dagbag.py:545} INFO - Filling up the DagBag from /home/airflow/.local/lib/python3.12/site-packages/airflow/example_dags/example_sla_dag.py
[2026-04-26T23:41:51.766+0000] {processor.py:840} INFO - DAG(s) 'example_sla_dag' retrieved from /home/airflow/.local/lib/python3.12/site-packages/airflow/example_dags/example_sla_dag.py
[2026-04-26T23:41:51.780+0000] {logging_mixin.py:188} INFO - [2026-04-26T23:41:51.780+0000] {dag.py:3096} INFO - Sync 1 DAGs
[2026-04-26T23:41:51.794+0000] {logging_mixin.py:188} INFO - [2026-04-26T23:41:51.794+0000] {dag.py:3954} INFO - Setting next_dagrun for example_sla_dag to 2026-04-26 23:38:00+00:00, run_after=2026-04-26 23:40:00+00:00
[2026-04-26T23:41:51.805+0000] {processor.py:183} INFO - Processing /home/airflow/.local/lib/python3.12/site-packages/airflow/example_dags/example_sla_dag.py took 0.050 seconds
[2026-04-26T23:42:21.912+0000] {processor.py:161} INFO - Started process (PID=522) to work on /home/airflow/.local/lib/python3.12/site-packages/airflow/example_dags/example_sla_dag.py
[2026-04-26T23:42:21.912+0000] {processor.py:830} INFO - Processing file /home/airflow/.local/lib/python3.12/site-packages/airflow/example_dags/example_sla_dag.py for tasks to queue
[2026-04-26T23:42:21.913+0000] {logging_mixin.py:188} INFO - [2026-04-26T23:42:21.913+0000] {dagbag.py:545} INFO - Filling up the DagBag from /home/airflow/.local/lib/python3.12/site-packages/airflow/example_dags/example_sla_dag.py
[2026-04-26T23:42:21.919+0000] {processor.py:840} INFO - DAG(s) 'example_sla_dag' retrieved from /home/airflow/.local/lib/python3.12/site-packages/airflow/example_dags/example_sla_dag.py
[2026-04-26T23:42:21.930+0000] {logging_mixin.py:188} INFO - [2026-04-26T23:42:21.929+0000] {dag.py:3096} INFO - Sync 1 DAGs
[2026-04-26T23:42:21.943+0000] {logging_mixin.py:188} INFO - [2026-04-26T23:42:21.943+0000] {dag.py:3954} INFO - Setting next_dagrun for example_sla_dag to 2026-04-26 23:40:00+00:00, run_after=2026-04-26 23:42:00+00:00
[2026-04-26T23:42:21.954+0000] {processor.py:183} INFO - Processing /home/airflow/.local/lib/python3.12/site-packages/airflow/example_dags/example_sla_dag.py took 0.046 seconds
[2026-04-26T23:43:21.928+0000] {processor.py:161} INFO - Started process (PID=109) to work on /home/airflow/.local/lib/python3.12/site-packages/airflow/example_dags/example_sla_dag.py
[2026-04-26T23:43:21.929+0000] {processor.py:830} INFO - Processing file /home/airflow/.local/lib/python3.12/site-packages/airflow/example_dags/example_sla_dag.py for tasks to queue
[2026-04-26T23:43:21.930+0000] {logging_mixin.py:188} INFO - [2026-04-26T23:43:21.930+0000] {dagbag.py:545} INFO - Filling up the DagBag from /home/airflow/.local/lib/python3.12/site-packages/airflow/example_dags/example_sla_dag.py
[2026-04-26T23:43:21.936+0000] {processor.py:840} INFO - DAG(s) 'example_sla_dag' retrieved from /home/airflow/.local/lib/python3.12/site-packages/airflow/example_dags/example_sla_dag.py
[2026-04-26T23:43:21.944+0000] {logging_mixin.py:188} INFO - [2026-04-26T23:43:21.944+0000] {dag.py:3096} INFO - Sync 1 DAGs
[2026-04-26T23:43:21.960+0000] {logging_mixin.py:188} INFO - [2026-04-26T23:43:21.960+0000] {dag.py:3954} INFO - Setting next_dagrun for example_sla_dag to 2026-04-26 23:40:00+00:00, run_after=2026-04-26 23:42:00+00:00
[2026-04-26T23:43:21.973+0000] {processor.py:183} INFO - Processing /home/airflow/.local/lib/python3.12/site-packages/airflow/example_dags/example_sla_dag.py took 0.049 seconds
[2026-04-26T23:43:53.829+0000] {processor.py:161} INFO - Started process (PID=168) to work on /home/airflow/.local/lib/python3.12/site-packages/airflow/example_dags/example_sla_dag.py
[2026-04-26T23:43:53.830+0000] {processor.py:830} INFO - Processing file /home/airflow/.local/lib/python3.12/site-packages/airflow/example_dags/example_sla_dag.py for tasks to queue
[2026-04-26T23:43:53.831+0000] {logging_mixin.py:188} INFO - [2026-04-26T23:43:53.831+0000] {dagbag.py:545} INFO - Filling up the DagBag from /home/airflow/.local/lib/python3.12/site-packages/airflow/example_dags/example_sla_dag.py
[2026-04-26T23:43:53.835+0000] {processor.py:840} INFO - DAG(s) 'example_sla_dag' retrieved from /home/airflow/.local/lib/python3.12/site-packages/airflow/example_dags/example_sla_dag.py
[2026-04-26T23:43:53.888+0000] {logging_mixin.py:188} INFO - [2026-04-26T23:43:53.888+0000] {dag.py:3096} INFO - Sync 1 DAGs
[2026-04-26T23:43:53.901+0000] {logging_mixin.py:188} INFO - [2026-04-26T23:43:53.900+0000] {dag.py:3954} INFO - Setting next_dagrun for example_sla_dag to 2026-04-26 23:40:00+00:00, run_after=2026-04-26 23:42:00+00:00
[2026-04-26T23:43:53.937+0000] {processor.py:183} INFO - Processing /home/airflow/.local/lib/python3.12/site-packages/airflow/example_dags/example_sla_dag.py took 0.112 seconds
[2026-04-26T23:44:24.003+0000] {processor.py:161} INFO - Started process (PID=227) to work on /home/airflow/.local/lib/python3.12/site-packages/airflow/example_dags/example_sla_dag.py
[2026-04-26T23:44:24.003+0000] {processor.py:830} INFO - Processing file /home/airflow/.local/lib/python3.12/site-packages/airflow/example_dags/example_sla_dag.py for tasks to queue
[2026-04-26T23:44:24.004+0000] {logging_mixin.py:188} INFO - [2026-04-26T23:44:24.004+0000] {dagbag.py:545} INFO - Filling up the DagBag from /home/airflow/.local/lib/python3.12/site-packages/airflow/example_dags/example_sla_dag.py
[2026-04-26T23:44:24.009+0000] {processor.py:840} INFO - DAG(s) 'example_sla_dag' retrieved from /home/airflow/.local/lib/python3.12/site-packages/airflow/example_dags/example_sla_dag.py
[2026-04-26T23:44:24.020+0000] {logging_mixin.py:188} INFO - [2026-04-26T23:44:24.020+0000] {dag.py:3096} INFO - Sync 1 DAGs
[2026-04-26T23:44:24.033+0000] {logging_mixin.py:188} INFO - [2026-04-26T23:44:24.033+0000] {dag.py:3954} INFO - Setting next_dagrun for example_sla_dag to 2026-04-26 23:42:00+00:00, run_after=2026-04-26 23:44:00+00:00
[2026-04-26T23:44:24.043+0000] {processor.py:183} INFO - Processing /home/airflow/.local/lib/python3.12/site-packages/airflow/example_dags/example_sla_dag.py took 0.044 seconds
[2026-04-26T23:44:54.163+0000] {processor.py:161} INFO - Started process (PID=286) to work on /home/airflow/.local/lib/python3.12/site-packages/airflow/example_dags/example_sla_dag.py
[2026-04-26T23:44:54.163+0000] {processor.py:830} INFO - Processing file /home/airflow/.local/lib/python3.12/site-packages/airflow/example_dags/example_sla_dag.py for tasks to queue
[2026-04-26T23:44:54.165+0000] {logging_mixin.py:188} INFO - [2026-04-26T23:44:54.164+0000] {dagbag.py:545} INFO - Filling up the DagBag from /home/airflow/.local/lib/python3.12/site-packages/airflow/example_dags/example_sla_dag.py
[2026-04-26T23:44:54.170+0000] {processor.py:840} INFO - DAG(s) 'example_sla_dag' retrieved from /home/airflow/.local/lib/python3.12/site-packages/airflow/example_dags/example_sla_dag.py
[2026-04-26T23:44:54.182+0000] {logging_mixin.py:188} INFO - [2026-04-26T23:44:54.182+0000] {dag.py:3096} INFO - Sync 1 DAGs
[2026-04-26T23:44:54.197+0000] {logging_mixin.py:188} INFO - [2026-04-26T23:44:54.197+0000] {dag.py:3954} INFO - Setting next_dagrun for example_sla_dag to 2026-04-26 23:42:00+00:00, run_after=2026-04-26 23:44:00+00:00
[2026-04-26T23:44:54.207+0000] {processor.py:183} INFO - Processing /home/airflow/.local/lib/python3.12/site-packages/airflow/example_dags/example_sla_dag.py took 0.048 seconds
[2026-04-26T23:45:25.048+0000] {processor.py:161} INFO - Started process (PID=345) to work on /home/airflow/.local/lib/python3.12/site-packages/airflow/example_dags/example_sla_dag.py
[2026-04-26T23:45:25.049+0000] {processor.py:830} INFO - Processing file /home/airflow/.local/lib/python3.12/site-packages/airflow/example_dags/example_sla_dag.py for tasks to queue
[2026-04-26T23:45:25.050+0000] {logging_mixin.py:188} INFO - [2026-04-26T23:45:25.050+0000] {dagbag.py:545} INFO - Filling up the DagBag from /home/airflow/.local/lib/python3.12/site-packages/airflow/example_dags/example_sla_dag.py
[2026-04-26T23:45:25.055+0000] {processor.py:840} INFO - DAG(s) 'example_sla_dag' retrieved from /home/airflow/.local/lib/python3.12/site-packages/airflow/example_dags/example_sla_dag.py
[2026-04-26T23:45:25.066+0000] {logging_mixin.py:188} INFO - [2026-04-26T23:45:25.066+0000] {dag.py:3096} INFO - Sync 1 DAGs
[2026-04-26T23:45:25.081+0000] {logging_mixin.py:188} INFO - [2026-04-26T23:45:25.081+0000] {dag.py:3954} INFO - Setting next_dagrun for example_sla_dag to 2026-04-26 23:42:00+00:00, run_after=2026-04-26 23:44:00+00:00
[2026-04-26T23:45:25.090+0000] {processor.py:183} INFO - Processing /home/airflow/.local/lib/python3.12/site-packages/airflow/example_dags/example_sla_dag.py took 0.045 seconds
[2026-04-26T23:45:55.791+0000] {processor.py:161} INFO - Started process (PID=404) to work on /home/airflow/.local/lib/python3.12/site-packages/airflow/example_dags/example_sla_dag.py
[2026-04-26T23:45:55.792+0000] {processor.py:830} INFO - Processing file /home/airflow/.local/lib/python3.12/site-packages/airflow/example_dags/example_sla_dag.py for tasks to queue
[2026-04-26T23:45:55.793+0000] {logging_mixin.py:188} INFO - [2026-04-26T23:45:55.792+0000] {dagbag.py:545} INFO - Filling up the DagBag from /home/airflow/.local/lib/python3.12/site-packages/airflow/example_dags/example_sla_dag.py
[2026-04-26T23:45:55.799+0000] {processor.py:840} INFO - DAG(s) 'example_sla_dag' retrieved from /home/airflow/.local/lib/python3.12/site-packages/airflow/example_dags/example_sla_dag.py
[2026-04-26T23:45:55.811+0000] {logging_mixin.py:188} INFO - [2026-04-26T23:45:55.810+0000] {dag.py:3096} INFO - Sync 1 DAGs
[2026-04-26T23:45:55.825+0000] {logging_mixin.py:188} INFO - [2026-04-26T23:45:55.824+0000] {dag.py:3954} INFO - Setting next_dagrun for example_sla_dag to 2026-04-26 23:42:00+00:00, run_after=2026-04-26 23:44:00+00:00
[2026-04-26T23:45:55.834+0000] {processor.py:183} INFO - Processing /home/airflow/.local/lib/python3.12/site-packages/airflow/example_dags/example_sla_dag.py took 0.047 seconds
[2026-04-26T23:46:26.607+0000] {processor.py:161} INFO - Started process (PID=463) to work on /home/airflow/.local/lib/python3.12/site-packages/airflow/example_dags/example_sla_dag.py
[2026-04-26T23:46:26.607+0000] {processor.py:830} INFO - Processing file /home/airflow/.local/lib/python3.12/site-packages/airflow/example_dags/example_sla_dag.py for tasks to queue
[2026-04-26T23:46:26.608+0000] {logging_mixin.py:188} INFO - [2026-04-26T23:46:26.608+0000] {dagbag.py:545} INFO - Filling up the DagBag from /home/airflow/.local/lib/python3.12/site-packages/airflow/example_dags/example_sla_dag.py
[2026-04-26T23:46:26.613+0000] {processor.py:840} INFO - DAG(s) 'example_sla_dag' retrieved from /home/airflow/.local/lib/python3.12/site-packages/airflow/example_dags/example_sla_dag.py
[2026-04-26T23:46:26.625+0000] {logging_mixin.py:188} INFO - [2026-04-26T23:46:26.624+0000] {dag.py:3096} INFO - Sync 1 DAGs
[2026-04-26T23:46:26.638+0000] {logging_mixin.py:188} INFO - [2026-04-26T23:46:26.638+0000] {dag.py:3954} INFO - Setting next_dagrun for example_sla_dag to 2026-04-26 23:44:00+00:00, run_after=2026-04-26 23:46:00+00:00
[2026-04-26T23:46:26.648+0000] {processor.py:183} INFO - Processing /home/airflow/.local/lib/python3.12/site-packages/airflow/example_dags/example_sla_dag.py took 0.045 seconds
[2026-04-26T23:46:57.428+0000] {processor.py:161} INFO - Started process (PID=522) to work on /home/airflow/.local/lib/python3.12/site-packages/airflow/example_dags/example_sla_dag.py
[2026-04-26T23:46:57.429+0000] {processor.py:830} INFO - Processing file /home/airflow/.local/lib/python3.12/site-packages/airflow/example_dags/example_sla_dag.py for tasks to queue
[2026-04-26T23:46:57.430+0000] {logging_mixin.py:188} INFO - [2026-04-26T23:46:57.430+0000] {dagbag.py:545} INFO - Filling up the DagBag from /home/airflow/.local/lib/python3.12/site-packages/airflow/example_dags/example_sla_dag.py
[2026-04-26T23:46:57.435+0000] {processor.py:840} INFO - DAG(s) 'example_sla_dag' retrieved from /home/airflow/.local/lib/python3.12/site-packages/airflow/example_dags/example_sla_dag.py
[2026-04-26T23:46:57.447+0000] {logging_mixin.py:188} INFO - [2026-04-26T23:46:57.447+0000] {dag.py:3096} INFO - Sync 1 DAGs
[2026-04-26T23:46:57.461+0000] {logging_mixin.py:188} INFO - [2026-04-26T23:46:57.461+0000] {dag.py:3954} INFO - Setting next_dagrun for example_sla_dag to 2026-04-26 23:44:00+00:00, run_after=2026-04-26 23:46:00+00:00
[2026-04-26T23:46:57.471+0000] {processor.py:183} INFO - Processing /home/airflow/.local/lib/python3.12/site-packages/airflow/example_dags/example_sla_dag.py took 0.047 seconds
[2026-04-26T23:47:27.828+0000] {processor.py:161} INFO - Started process (PID=581) to work on /home/airflow/.local/lib/python3.12/site-packages/airflow/example_dags/example_sla_dag.py
[2026-04-26T23:47:27.828+0000] {processor.py:830} INFO - Processing file /home/airflow/.local/lib/python3.12/site-packages/airflow/example_dags/example_sla_dag.py for tasks to queue
[2026-04-26T23:47:27.830+0000] {logging_mixin.py:188} INFO - [2026-04-26T23:47:27.829+0000] {dagbag.py:545} INFO - Filling up the DagBag from /home/airflow/.local/lib/python3.12/site-packages/airflow/example_dags/example_sla_dag.py
[2026-04-26T23:47:27.835+0000] {processor.py:840} INFO - DAG(s) 'example_sla_dag' retrieved from /home/airflow/.local/lib/python3.12/site-packages/airflow/example_dags/example_sla_dag.py
[2026-04-26T23:47:27.847+0000] {logging_mixin.py:188} INFO - [2026-04-26T23:47:27.846+0000] {dag.py:3096} INFO - Sync 1 DAGs
[2026-04-26T23:47:27.860+0000] {logging_mixin.py:188} INFO - [2026-04-26T23:47:27.860+0000] {dag.py:3954} INFO - Setting next_dagrun for example_sla_dag to 2026-04-26 23:44:00+00:00, run_after=2026-04-26 23:46:00+00:00
[2026-04-26T23:47:27.869+0000] {processor.py:183} INFO - Processing /home/airflow/.local/lib/python3.12/site-packages/airflow/example_dags/example_sla_dag.py took 0.045 seconds
[2026-04-26T23:47:57.939+0000] {processor.py:161} INFO - Started process (PID=640) to work on /home/airflow/.local/lib/python3.12/site-packages/airflow/example_dags/example_sla_dag.py
[2026-04-26T23:47:57.939+0000] {processor.py:830} INFO - Processing file /home/airflow/.local/lib/python3.12/site-packages/airflow/example_dags/example_sla_dag.py for tasks to queue
[2026-04-26T23:47:57.940+0000] {logging_mixin.py:188} INFO - [2026-04-26T23:47:57.940+0000] {dagbag.py:545} INFO - Filling up the DagBag from /home/airflow/.local/lib/python3.12/site-packages/airflow/example_dags/example_sla_dag.py
[2026-04-26T23:47:57.945+0000] {processor.py:840} INFO - DAG(s) 'example_sla_dag' retrieved from /home/airflow/.local/lib/python3.12/site-packages/airflow/example_dags/example_sla_dag.py
[2026-04-26T23:47:57.954+0000] {logging_mixin.py:188} INFO - [2026-04-26T23:47:57.954+0000] {dag.py:3096} INFO - Sync 1 DAGs
[2026-04-26T23:47:57.966+0000] {logging_mixin.py:188} INFO - [2026-04-26T23:47:57.966+0000] {dag.py:3954} INFO - Setting next_dagrun for example_sla_dag to 2026-04-26 23:44:00+00:00, run_after=2026-04-26 23:46:00+00:00
[2026-04-26T23:47:57.974+0000] {processor.py:183} INFO - Processing /home/airflow/.local/lib/python3.12/site-packages/airflow/example_dags/example_sla_dag.py took 0.039 seconds
[2026-04-26T23:48:28.029+0000] {processor.py:161} INFO - Started process (PID=699) to work on /home/airflow/.local/lib/python3.12/site-packages/airflow/example_dags/example_sla_dag.py
[2026-04-26T23:48:28.029+0000] {processor.py:830} INFO - Processing file /home/airflow/.local/lib/python3.12/site-packages/airflow/example_dags/example_sla_dag.py for tasks to queue
[2026-04-26T23:48:28.030+0000] {logging_mixin.py:188} INFO - [2026-04-26T23:48:28.030+0000] {dagbag.py:545} INFO - Filling up the DagBag from /home/airflow/.local/lib/python3.12/site-packages/airflow/example_dags/example_sla_dag.py
[2026-04-26T23:48:28.035+0000] {processor.py:840} INFO - DAG(s) 'example_sla_dag' retrieved from /home/airflow/.local/lib/python3.12/site-packages/airflow/example_dags/example_sla_dag.py
[2026-04-26T23:48:28.044+0000] {logging_mixin.py:188} INFO - [2026-04-26T23:48:28.044+0000] {dag.py:3096} INFO - Sync 1 DAGs
[2026-04-26T23:48:28.056+0000] {logging_mixin.py:188} INFO - [2026-04-26T23:48:28.056+0000] {dag.py:3954} INFO - Setting next_dagrun for example_sla_dag to 2026-04-26 23:46:00+00:00, run_after=2026-04-26 23:48:00+00:00
[2026-04-26T23:48:28.065+0000] {processor.py:183} INFO - Processing /home/airflow/.local/lib/python3.12/site-packages/airflow/example_dags/example_sla_dag.py took 0.040 seconds
[2026-04-26T23:48:58.981+0000] {processor.py:161} INFO - Started process (PID=758) to work on /home/airflow/.local/lib/python3.12/site-packages/airflow/example_dags/example_sla_dag.py
[2026-04-26T23:48:58.981+0000] {processor.py:830} INFO - Processing file /home/airflow/.local/lib/python3.12/site-packages/airflow/example_dags/example_sla_dag.py for tasks to queue
[2026-04-26T23:48:58.982+0000] {logging_mixin.py:188} INFO - [2026-04-26T23:48:58.982+0000] {dagbag.py:545} INFO - Filling up the DagBag from /home/airflow/.local/lib/python3.12/site-packages/airflow/example_dags/example_sla_dag.py
[2026-04-26T23:48:58.988+0000] {processor.py:840} INFO - DAG(s) 'example_sla_dag' retrieved from /home/airflow/.local/lib/python3.12/site-packages/airflow/example_dags/example_sla_dag.py
[2026-04-26T23:48:58.998+0000] {logging_mixin.py:188} INFO - [2026-04-26T23:48:58.998+0000] {dag.py:3096} INFO - Sync 1 DAGs
[2026-04-26T23:48:59.012+0000] {logging_mixin.py:188} INFO - [2026-04-26T23:48:59.011+0000] {dag.py:3954} INFO - Setting next_dagrun for example_sla_dag to 2026-04-26 23:46:00+00:00, run_after=2026-04-26 23:48:00+00:00
[2026-04-26T23:48:59.021+0000] {processor.py:183} INFO - Processing /home/airflow/.local/lib/python3.12/site-packages/airflow/example_dags/example_sla_dag.py took 0.044 seconds
[2026-04-26T23:49:29.292+0000] {processor.py:161} INFO - Started process (PID=817) to work on /home/airflow/.local/lib/python3.12/site-packages/airflow/example_dags/example_sla_dag.py
[2026-04-26T23:49:29.292+0000] {processor.py:830} INFO - Processing file /home/airflow/.local/lib/python3.12/site-packages/airflow/example_dags/example_sla_dag.py for tasks to queue
[2026-04-26T23:49:29.293+0000] {logging_mixin.py:188} INFO - [2026-04-26T23:49:29.293+0000] {dagbag.py:545} INFO - Filling up the DagBag from /home/airflow/.local/lib/python3.12/site-packages/airflow/example_dags/example_sla_dag.py
[2026-04-26T23:49:29.297+0000] {processor.py:840} INFO - DAG(s) 'example_sla_dag' retrieved from /home/airflow/.local/lib/python3.12/site-packages/airflow/example_dags/example_sla_dag.py
[2026-04-26T23:49:29.307+0000] {logging_mixin.py:188} INFO - [2026-04-26T23:49:29.307+0000] {dag.py:3096} INFO - Sync 1 DAGs
[2026-04-26T23:49:29.319+0000] {logging_mixin.py:188} INFO - [2026-04-26T23:49:29.318+0000] {dag.py:3954} INFO - Setting next_dagrun for example_sla_dag to 2026-04-26 23:46:00+00:00, run_after=2026-04-26 23:48:00+00:00
[2026-04-26T23:49:29.327+0000] {processor.py:183} INFO - Processing /home/airflow/.local/lib/python3.12/site-packages/airflow/example_dags/example_sla_dag.py took 0.038 seconds
[2026-04-26T23:50:04.861+0000] {processor.py:161} INFO - Started process (PID=109) to work on /home/airflow/.local/lib/python3.12/site-packages/airflow/example_dags/example_sla_dag.py
[2026-04-26T23:50:04.862+0000] {processor.py:830} INFO - Processing file /home/airflow/.local/lib/python3.12/site-packages/airflow/example_dags/example_sla_dag.py for tasks to queue
[2026-04-26T23:50:04.864+0000] {logging_mixin.py:188} INFO - [2026-04-26T23:50:04.863+0000] {dagbag.py:545} INFO - Filling up the DagBag from /home/airflow/.local/lib/python3.12/site-packages/airflow/example_dags/example_sla_dag.py
[2026-04-26T23:50:04.870+0000] {processor.py:840} INFO - DAG(s) 'example_sla_dag' retrieved from /home/airflow/.local/lib/python3.12/site-packages/airflow/example_dags/example_sla_dag.py
[2026-04-26T23:50:04.878+0000] {logging_mixin.py:188} INFO - [2026-04-26T23:50:04.878+0000] {dag.py:3096} INFO - Sync 1 DAGs
[2026-04-26T23:50:04.893+0000] {logging_mixin.py:188} INFO - [2026-04-26T23:50:04.892+0000] {dag.py:3954} INFO - Setting next_dagrun for example_sla_dag to 2026-04-26 23:48:00+00:00, run_after=2026-04-26 23:50:00+00:00
[2026-04-26T23:50:04.903+0000] {processor.py:183} INFO - Processing /home/airflow/.local/lib/python3.12/site-packages/airflow/example_dags/example_sla_dag.py took 0.045 seconds
[2026-04-26T23:50:36.983+0000] {processor.py:161} INFO - Started process (PID=168) to work on /home/airflow/.local/lib/python3.12/site-packages/airflow/example_dags/example_sla_dag.py
[2026-04-26T23:50:36.984+0000] {processor.py:830} INFO - Processing file /home/airflow/.local/lib/python3.12/site-packages/airflow/example_dags/example_sla_dag.py for tasks to queue
[2026-04-26T23:50:36.985+0000] {logging_mixin.py:188} INFO - [2026-04-26T23:50:36.985+0000] {dagbag.py:545} INFO - Filling up the DagBag from /home/airflow/.local/lib/python3.12/site-packages/airflow/example_dags/example_sla_dag.py
[2026-04-26T23:50:36.991+0000] {processor.py:840} INFO - DAG(s) 'example_sla_dag' retrieved from /home/airflow/.local/lib/python3.12/site-packages/airflow/example_dags/example_sla_dag.py
[2026-04-26T23:50:37.058+0000] {logging_mixin.py:188} INFO - [2026-04-26T23:50:37.058+0000] {dag.py:3096} INFO - Sync 1 DAGs
[2026-04-26T23:50:37.074+0000] {logging_mixin.py:188} INFO - [2026-04-26T23:50:37.074+0000] {dag.py:3954} INFO - Setting next_dagrun for example_sla_dag to 2026-04-26 23:48:00+00:00, run_after=2026-04-26 23:50:00+00:00
[2026-04-26T23:50:37.097+0000] {processor.py:183} INFO - Processing /home/airflow/.local/lib/python3.12/site-packages/airflow/example_dags/example_sla_dag.py took 0.119 seconds
[2026-04-26T23:51:08.043+0000] {processor.py:161} INFO - Started process (PID=227) to work on /home/airflow/.local/lib/python3.12/site-packages/airflow/example_dags/example_sla_dag.py
[2026-04-26T23:51:08.067+0000] {processor.py:830} INFO - Processing file /home/airflow/.local/lib/python3.12/site-packages/airflow/example_dags/example_sla_dag.py for tasks to queue
[2026-04-26T23:51:08.069+0000] {logging_mixin.py:188} INFO - [2026-04-26T23:51:08.069+0000] {dagbag.py:545} INFO - Filling up the DagBag from /home/airflow/.local/lib/python3.12/site-packages/airflow/example_dags/example_sla_dag.py
[2026-04-26T23:51:08.076+0000] {processor.py:840} INFO - DAG(s) 'example_sla_dag' retrieved from /home/airflow/.local/lib/python3.12/site-packages/airflow/example_dags/example_sla_dag.py
[2026-04-26T23:51:08.091+0000] {logging_mixin.py:188} INFO - [2026-04-26T23:51:08.091+0000] {dag.py:3096} INFO - Sync 1 DAGs
[2026-04-26T23:51:08.110+0000] {logging_mixin.py:188} INFO - [2026-04-26T23:51:08.110+0000] {dag.py:3954} INFO - Setting next_dagrun for example_sla_dag to 2026-04-26 23:48:00+00:00, run_after=2026-04-26 23:50:00+00:00
[2026-04-26T23:51:08.122+0000] {processor.py:183} INFO - Processing /home/airflow/.local/lib/python3.12/site-packages/airflow/example_dags/example_sla_dag.py took 0.084 seconds
[2026-04-26T23:51:38.423+0000] {processor.py:161} INFO - Started process (PID=286) to work on /home/airflow/.local/lib/python3.12/site-packages/airflow/example_dags/example_sla_dag.py
[2026-04-26T23:51:38.423+0000] {processor.py:830} INFO - Processing file /home/airflow/.local/lib/python3.12/site-packages/airflow/example_dags/example_sla_dag.py for tasks to queue
[2026-04-26T23:51:38.425+0000] {logging_mixin.py:188} INFO - [2026-04-26T23:51:38.424+0000] {dagbag.py:545} INFO - Filling up the DagBag from /home/airflow/.local/lib/python3.12/site-packages/airflow/example_dags/example_sla_dag.py
[2026-04-26T23:51:38.430+0000] {processor.py:840} INFO - DAG(s) 'example_sla_dag' retrieved from /home/airflow/.local/lib/python3.12/site-packages/airflow/example_dags/example_sla_dag.py
[2026-04-26T23:51:38.444+0000] {logging_mixin.py:188} INFO - [2026-04-26T23:51:38.444+0000] {dag.py:3096} INFO - Sync 1 DAGs
[2026-04-26T23:51:38.458+0000] {logging_mixin.py:188} INFO - [2026-04-26T23:51:38.458+0000] {dag.py:3954} INFO - Setting next_dagrun for example_sla_dag to 2026-04-26 23:48:00+00:00, run_after=2026-04-26 23:50:00+00:00
[2026-04-26T23:51:38.468+0000] {processor.py:183} INFO - Processing /home/airflow/.local/lib/python3.12/site-packages/airflow/example_dags/example_sla_dag.py took 0.049 seconds
[2026-04-26T23:52:09.403+0000] {processor.py:161} INFO - Started process (PID=345) to work on /home/airflow/.local/lib/python3.12/site-packages/airflow/example_dags/example_sla_dag.py
[2026-04-26T23:52:09.428+0000] {processor.py:830} INFO - Processing file /home/airflow/.local/lib/python3.12/site-packages/airflow/example_dags/example_sla_dag.py for tasks to queue
[2026-04-26T23:52:09.430+0000] {logging_mixin.py:188} INFO - [2026-04-26T23:52:09.429+0000] {dagbag.py:545} INFO - Filling up the DagBag from /home/airflow/.local/lib/python3.12/site-packages/airflow/example_dags/example_sla_dag.py
[2026-04-26T23:52:09.435+0000] {processor.py:840} INFO - DAG(s) 'example_sla_dag' retrieved from /home/airflow/.local/lib/python3.12/site-packages/airflow/example_dags/example_sla_dag.py
[2026-04-26T23:52:09.446+0000] {logging_mixin.py:188} INFO - [2026-04-26T23:52:09.446+0000] {dag.py:3096} INFO - Sync 1 DAGs
[2026-04-26T23:52:09.461+0000] {logging_mixin.py:188} INFO - [2026-04-26T23:52:09.461+0000] {dag.py:3954} INFO - Setting next_dagrun for example_sla_dag to 2026-04-26 23:50:00+00:00, run_after=2026-04-26 23:52:00+00:00
[2026-04-26T23:52:09.471+0000] {processor.py:183} INFO - Processing /home/airflow/.local/lib/python3.12/site-packages/airflow/example_dags/example_sla_dag.py took 0.072 seconds
[2026-04-26T23:52:39.571+0000] {processor.py:161} INFO - Started process (PID=404) to work on /home/airflow/.local/lib/python3.12/site-packages/airflow/example_dags/example_sla_dag.py
[2026-04-26T23:52:39.572+0000] {processor.py:830} INFO - Processing file /home/airflow/.local/lib/python3.12/site-packages/airflow/example_dags/example_sla_dag.py for tasks to queue
[2026-04-26T23:52:39.573+0000] {logging_mixin.py:188} INFO - [2026-04-26T23:52:39.573+0000] {dagbag.py:545} INFO - Filling up the DagBag from /home/airflow/.local/lib/python3.12/site-packages/airflow/example_dags/example_sla_dag.py
[2026-04-26T23:52:39.577+0000] {processor.py:840} INFO - DAG(s) 'example_sla_dag' retrieved from /home/airflow/.local/lib/python3.12/site-packages/airflow/example_dags/example_sla_dag.py
[2026-04-26T23:52:39.587+0000] {logging_mixin.py:188} INFO - [2026-04-26T23:52:39.587+0000] {dag.py:3096} INFO - Sync 1 DAGs
[2026-04-26T23:52:39.599+0000] {logging_mixin.py:188} INFO - [2026-04-26T23:52:39.599+0000] {dag.py:3954} INFO - Setting next_dagrun for example_sla_dag to 2026-04-26 23:50:00+00:00, run_after=2026-04-26 23:52:00+00:00
[2026-04-26T23:52:39.607+0000] {processor.py:183} INFO - Processing /home/airflow/.local/lib/python3.12/site-packages/airflow/example_dags/example_sla_dag.py took 0.039 seconds
[2026-04-26T23:53:10.582+0000] {processor.py:161} INFO - Started process (PID=463) to work on /home/airflow/.local/lib/python3.12/site-packages/airflow/example_dags/example_sla_dag.py
[2026-04-26T23:53:10.609+0000] {processor.py:830} INFO - Processing file /home/airflow/.local/lib/python3.12/site-packages/airflow/example_dags/example_sla_dag.py for tasks to queue
[2026-04-26T23:53:10.610+0000] {logging_mixin.py:188} INFO - [2026-04-26T23:53:10.610+0000] {dagbag.py:545} INFO - Filling up the DagBag from /home/airflow/.local/lib/python3.12/site-packages/airflow/example_dags/example_sla_dag.py
[2026-04-26T23:53:10.615+0000] {processor.py:840} INFO - DAG(s) 'example_sla_dag' retrieved from /home/airflow/.local/lib/python3.12/site-packages/airflow/example_dags/example_sla_dag.py
[2026-04-26T23:53:10.625+0000] {logging_mixin.py:188} INFO - [2026-04-26T23:53:10.625+0000] {dag.py:3096} INFO - Sync 1 DAGs
[2026-04-26T23:53:10.637+0000] {logging_mixin.py:188} INFO - [2026-04-26T23:53:10.637+0000] {dag.py:3954} INFO - Setting next_dagrun for example_sla_dag to 2026-04-26 23:50:00+00:00, run_after=2026-04-26 23:52:00+00:00
[2026-04-26T23:53:10.646+0000] {processor.py:183} INFO - Processing /home/airflow/.local/lib/python3.12/site-packages/airflow/example_dags/example_sla_dag.py took 0.068 seconds
[2026-04-26T23:53:40.788+0000] {processor.py:161} INFO - Started process (PID=522) to work on /home/airflow/.local/lib/python3.12/site-packages/airflow/example_dags/example_sla_dag.py
[2026-04-26T23:53:40.789+0000] {processor.py:830} INFO - Processing file /home/airflow/.local/lib/python3.12/site-packages/airflow/example_dags/example_sla_dag.py for tasks to queue
[2026-04-26T23:53:40.791+0000] {logging_mixin.py:188} INFO - [2026-04-26T23:53:40.791+0000] {dagbag.py:545} INFO - Filling up the DagBag from /home/airflow/.local/lib/python3.12/site-packages/airflow/example_dags/example_sla_dag.py
[2026-04-26T23:53:40.798+0000] {processor.py:840} INFO - DAG(s) 'example_sla_dag' retrieved from /home/airflow/.local/lib/python3.12/site-packages/airflow/example_dags/example_sla_dag.py
[2026-04-26T23:53:40.813+0000] {logging_mixin.py:188} INFO - [2026-04-26T23:53:40.813+0000] {dag.py:3096} INFO - Sync 1 DAGs
[2026-04-26T23:53:40.831+0000] {logging_mixin.py:188} INFO - [2026-04-26T23:53:40.831+0000] {dag.py:3954} INFO - Setting next_dagrun for example_sla_dag to 2026-04-26 23:50:00+00:00, run_after=2026-04-26 23:52:00+00:00
[2026-04-26T23:53:40.844+0000] {processor.py:183} INFO - Processing /home/airflow/.local/lib/python3.12/site-packages/airflow/example_dags/example_sla_dag.py took 0.060 seconds
