[2026-04-26T23:08:14.609+0000] {processor.py:161} INFO - Started process (PID=55) to work on /home/airflow/.local/lib/python3.12/site-packages/airflow/example_dags/example_branch_operator_decorator.py
[2026-04-26T23:08:14.610+0000] {processor.py:830} INFO - Processing file /home/airflow/.local/lib/python3.12/site-packages/airflow/example_dags/example_branch_operator_decorator.py for tasks to queue
[2026-04-26T23:08:14.611+0000] {logging_mixin.py:188} INFO - [2026-04-26T23:08:14.611+0000] {dagbag.py:545} INFO - Filling up the DagBag from /home/airflow/.local/lib/python3.12/site-packages/airflow/example_dags/example_branch_operator_decorator.py
[2026-04-26T23:08:14.629+0000] {processor.py:840} INFO - DAG(s) 'example_branch_python_operator_decorator' retrieved from /home/airflow/.local/lib/python3.12/site-packages/airflow/example_dags/example_branch_operator_decorator.py
[2026-04-26T23:08:14.635+0000] {logging_mixin.py:188} INFO - [2026-04-26T23:08:14.635+0000] {dag.py:3096} INFO - Sync 1 DAGs
[2026-04-26T23:08:14.650+0000] {logging_mixin.py:188} INFO - [2026-04-26T23:08:14.650+0000] {dag.py:3954} INFO - Setting next_dagrun for example_branch_python_operator_decorator to 2026-04-25 00:00:00+00:00, run_after=2026-04-26 00:00:00+00:00
[2026-04-26T23:08:14.659+0000] {processor.py:183} INFO - Processing /home/airflow/.local/lib/python3.12/site-packages/airflow/example_dags/example_branch_operator_decorator.py took 0.053 seconds
[2026-04-26T23:08:45.139+0000] {processor.py:161} INFO - Started process (PID=113) to work on /home/airflow/.local/lib/python3.12/site-packages/airflow/example_dags/example_branch_operator_decorator.py
[2026-04-26T23:08:45.139+0000] {processor.py:830} INFO - Processing file /home/airflow/.local/lib/python3.12/site-packages/airflow/example_dags/example_branch_operator_decorator.py for tasks to queue
[2026-04-26T23:08:45.140+0000] {logging_mixin.py:188} INFO - [2026-04-26T23:08:45.140+0000] {dagbag.py:545} INFO - Filling up the DagBag from /home/airflow/.local/lib/python3.12/site-packages/airflow/example_dags/example_branch_operator_decorator.py
[2026-04-26T23:08:45.151+0000] {processor.py:840} INFO - DAG(s) 'example_branch_python_operator_decorator' retrieved from /home/airflow/.local/lib/python3.12/site-packages/airflow/example_dags/example_branch_operator_decorator.py
[2026-04-26T23:08:45.216+0000] {logging_mixin.py:188} INFO - [2026-04-26T23:08:45.215+0000] {dag.py:3096} INFO - Sync 1 DAGs
[2026-04-26T23:08:45.228+0000] {logging_mixin.py:188} INFO - [2026-04-26T23:08:45.228+0000] {dag.py:3954} INFO - Setting next_dagrun for example_branch_python_operator_decorator to 2026-04-25 00:00:00+00:00, run_after=2026-04-26 00:00:00+00:00
[2026-04-26T23:08:45.240+0000] {processor.py:183} INFO - Processing /home/airflow/.local/lib/python3.12/site-packages/airflow/example_dags/example_branch_operator_decorator.py took 0.106 seconds
[2026-04-26T23:09:16.219+0000] {processor.py:161} INFO - Started process (PID=171) to work on /home/airflow/.local/lib/python3.12/site-packages/airflow/example_dags/example_branch_operator_decorator.py
[2026-04-26T23:09:16.234+0000] {processor.py:830} INFO - Processing file /home/airflow/.local/lib/python3.12/site-packages/airflow/example_dags/example_branch_operator_decorator.py for tasks to queue
[2026-04-26T23:09:16.235+0000] {logging_mixin.py:188} INFO - [2026-04-26T23:09:16.235+0000] {dagbag.py:545} INFO - Filling up the DagBag from /home/airflow/.local/lib/python3.12/site-packages/airflow/example_dags/example_branch_operator_decorator.py
[2026-04-26T23:09:16.251+0000] {processor.py:840} INFO - DAG(s) 'example_branch_python_operator_decorator' retrieved from /home/airflow/.local/lib/python3.12/site-packages/airflow/example_dags/example_branch_operator_decorator.py
[2026-04-26T23:09:16.270+0000] {logging_mixin.py:188} INFO - [2026-04-26T23:09:16.270+0000] {dag.py:3096} INFO - Sync 1 DAGs
[2026-04-26T23:09:16.285+0000] {logging_mixin.py:188} INFO - [2026-04-26T23:09:16.285+0000] {dag.py:3954} INFO - Setting next_dagrun for example_branch_python_operator_decorator to 2026-04-25 00:00:00+00:00, run_after=2026-04-26 00:00:00+00:00
[2026-04-26T23:09:16.300+0000] {processor.py:183} INFO - Processing /home/airflow/.local/lib/python3.12/site-packages/airflow/example_dags/example_branch_operator_decorator.py took 0.086 seconds
[2026-04-26T23:09:47.093+0000] {processor.py:161} INFO - Started process (PID=229) to work on /home/airflow/.local/lib/python3.12/site-packages/airflow/example_dags/example_branch_operator_decorator.py
[2026-04-26T23:09:47.094+0000] {processor.py:830} INFO - Processing file /home/airflow/.local/lib/python3.12/site-packages/airflow/example_dags/example_branch_operator_decorator.py for tasks to queue
[2026-04-26T23:09:47.096+0000] {logging_mixin.py:188} INFO - [2026-04-26T23:09:47.095+0000] {dagbag.py:545} INFO - Filling up the DagBag from /home/airflow/.local/lib/python3.12/site-packages/airflow/example_dags/example_branch_operator_decorator.py
[2026-04-26T23:09:47.113+0000] {processor.py:840} INFO - DAG(s) 'example_branch_python_operator_decorator' retrieved from /home/airflow/.local/lib/python3.12/site-packages/airflow/example_dags/example_branch_operator_decorator.py
[2026-04-26T23:09:47.132+0000] {logging_mixin.py:188} INFO - [2026-04-26T23:09:47.131+0000] {dag.py:3096} INFO - Sync 1 DAGs
[2026-04-26T23:09:47.147+0000] {logging_mixin.py:188} INFO - [2026-04-26T23:09:47.147+0000] {dag.py:3954} INFO - Setting next_dagrun for example_branch_python_operator_decorator to 2026-04-25 00:00:00+00:00, run_after=2026-04-26 00:00:00+00:00
[2026-04-26T23:09:47.164+0000] {processor.py:183} INFO - Processing /home/airflow/.local/lib/python3.12/site-packages/airflow/example_dags/example_branch_operator_decorator.py took 0.077 seconds
[2026-04-26T23:10:17.937+0000] {processor.py:161} INFO - Started process (PID=287) to work on /home/airflow/.local/lib/python3.12/site-packages/airflow/example_dags/example_branch_operator_decorator.py
[2026-04-26T23:10:17.941+0000] {processor.py:830} INFO - Processing file /home/airflow/.local/lib/python3.12/site-packages/airflow/example_dags/example_branch_operator_decorator.py for tasks to queue
[2026-04-26T23:10:17.943+0000] {logging_mixin.py:188} INFO - [2026-04-26T23:10:17.942+0000] {dagbag.py:545} INFO - Filling up the DagBag from /home/airflow/.local/lib/python3.12/site-packages/airflow/example_dags/example_branch_operator_decorator.py
[2026-04-26T23:10:17.958+0000] {processor.py:840} INFO - DAG(s) 'example_branch_python_operator_decorator' retrieved from /home/airflow/.local/lib/python3.12/site-packages/airflow/example_dags/example_branch_operator_decorator.py
[2026-04-26T23:10:17.978+0000] {logging_mixin.py:188} INFO - [2026-04-26T23:10:17.978+0000] {dag.py:3096} INFO - Sync 1 DAGs
[2026-04-26T23:10:17.997+0000] {logging_mixin.py:188} INFO - [2026-04-26T23:10:17.996+0000] {dag.py:3954} INFO - Setting next_dagrun for example_branch_python_operator_decorator to 2026-04-25 00:00:00+00:00, run_after=2026-04-26 00:00:00+00:00
[2026-04-26T23:10:18.010+0000] {processor.py:183} INFO - Processing /home/airflow/.local/lib/python3.12/site-packages/airflow/example_dags/example_branch_operator_decorator.py took 0.077 seconds
[2026-04-26T23:10:48.061+0000] {processor.py:161} INFO - Started process (PID=345) to work on /home/airflow/.local/lib/python3.12/site-packages/airflow/example_dags/example_branch_operator_decorator.py
[2026-04-26T23:10:48.062+0000] {processor.py:830} INFO - Processing file /home/airflow/.local/lib/python3.12/site-packages/airflow/example_dags/example_branch_operator_decorator.py for tasks to queue
[2026-04-26T23:10:48.063+0000] {logging_mixin.py:188} INFO - [2026-04-26T23:10:48.063+0000] {dagbag.py:545} INFO - Filling up the DagBag from /home/airflow/.local/lib/python3.12/site-packages/airflow/example_dags/example_branch_operator_decorator.py
[2026-04-26T23:10:48.078+0000] {processor.py:840} INFO - DAG(s) 'example_branch_python_operator_decorator' retrieved from /home/airflow/.local/lib/python3.12/site-packages/airflow/example_dags/example_branch_operator_decorator.py
[2026-04-26T23:10:48.097+0000] {logging_mixin.py:188} INFO - [2026-04-26T23:10:48.097+0000] {dag.py:3096} INFO - Sync 1 DAGs
[2026-04-26T23:10:48.112+0000] {logging_mixin.py:188} INFO - [2026-04-26T23:10:48.112+0000] {dag.py:3954} INFO - Setting next_dagrun for example_branch_python_operator_decorator to 2026-04-25 00:00:00+00:00, run_after=2026-04-26 00:00:00+00:00
[2026-04-26T23:10:48.131+0000] {processor.py:183} INFO - Processing /home/airflow/.local/lib/python3.12/site-packages/airflow/example_dags/example_branch_operator_decorator.py took 0.074 seconds
[2026-04-26T23:11:18.905+0000] {processor.py:161} INFO - Started process (PID=409) to work on /home/airflow/.local/lib/python3.12/site-packages/airflow/example_dags/example_branch_operator_decorator.py
[2026-04-26T23:11:18.910+0000] {processor.py:830} INFO - Processing file /home/airflow/.local/lib/python3.12/site-packages/airflow/example_dags/example_branch_operator_decorator.py for tasks to queue
[2026-04-26T23:11:18.911+0000] {logging_mixin.py:188} INFO - [2026-04-26T23:11:18.911+0000] {dagbag.py:545} INFO - Filling up the DagBag from /home/airflow/.local/lib/python3.12/site-packages/airflow/example_dags/example_branch_operator_decorator.py
[2026-04-26T23:11:18.924+0000] {processor.py:840} INFO - DAG(s) 'example_branch_python_operator_decorator' retrieved from /home/airflow/.local/lib/python3.12/site-packages/airflow/example_dags/example_branch_operator_decorator.py
[2026-04-26T23:11:18.942+0000] {logging_mixin.py:188} INFO - [2026-04-26T23:11:18.942+0000] {dag.py:3096} INFO - Sync 1 DAGs
[2026-04-26T23:11:18.955+0000] {logging_mixin.py:188} INFO - [2026-04-26T23:11:18.955+0000] {dag.py:3954} INFO - Setting next_dagrun for example_branch_python_operator_decorator to 2026-04-25 00:00:00+00:00, run_after=2026-04-26 00:00:00+00:00
[2026-04-26T23:11:18.965+0000] {processor.py:183} INFO - Processing /home/airflow/.local/lib/python3.12/site-packages/airflow/example_dags/example_branch_operator_decorator.py took 0.064 seconds
[2026-04-26T23:11:49.676+0000] {processor.py:161} INFO - Started process (PID=467) to work on /home/airflow/.local/lib/python3.12/site-packages/airflow/example_dags/example_branch_operator_decorator.py
[2026-04-26T23:11:49.677+0000] {processor.py:830} INFO - Processing file /home/airflow/.local/lib/python3.12/site-packages/airflow/example_dags/example_branch_operator_decorator.py for tasks to queue
[2026-04-26T23:11:49.678+0000] {logging_mixin.py:188} INFO - [2026-04-26T23:11:49.677+0000] {dagbag.py:545} INFO - Filling up the DagBag from /home/airflow/.local/lib/python3.12/site-packages/airflow/example_dags/example_branch_operator_decorator.py
[2026-04-26T23:11:49.689+0000] {processor.py:840} INFO - DAG(s) 'example_branch_python_operator_decorator' retrieved from /home/airflow/.local/lib/python3.12/site-packages/airflow/example_dags/example_branch_operator_decorator.py
[2026-04-26T23:11:49.706+0000] {logging_mixin.py:188} INFO - [2026-04-26T23:11:49.706+0000] {dag.py:3096} INFO - Sync 1 DAGs
[2026-04-26T23:11:49.718+0000] {logging_mixin.py:188} INFO - [2026-04-26T23:11:49.718+0000] {dag.py:3954} INFO - Setting next_dagrun for example_branch_python_operator_decorator to 2026-04-25 00:00:00+00:00, run_after=2026-04-26 00:00:00+00:00
[2026-04-26T23:11:49.730+0000] {processor.py:183} INFO - Processing /home/airflow/.local/lib/python3.12/site-packages/airflow/example_dags/example_branch_operator_decorator.py took 0.057 seconds
[2026-04-26T23:12:20.463+0000] {processor.py:161} INFO - Started process (PID=525) to work on /home/airflow/.local/lib/python3.12/site-packages/airflow/example_dags/example_branch_operator_decorator.py
[2026-04-26T23:12:20.471+0000] {processor.py:830} INFO - Processing file /home/airflow/.local/lib/python3.12/site-packages/airflow/example_dags/example_branch_operator_decorator.py for tasks to queue
[2026-04-26T23:12:20.472+0000] {logging_mixin.py:188} INFO - [2026-04-26T23:12:20.472+0000] {dagbag.py:545} INFO - Filling up the DagBag from /home/airflow/.local/lib/python3.12/site-packages/airflow/example_dags/example_branch_operator_decorator.py
[2026-04-26T23:12:20.482+0000] {processor.py:840} INFO - DAG(s) 'example_branch_python_operator_decorator' retrieved from /home/airflow/.local/lib/python3.12/site-packages/airflow/example_dags/example_branch_operator_decorator.py
[2026-04-26T23:12:20.498+0000] {logging_mixin.py:188} INFO - [2026-04-26T23:12:20.498+0000] {dag.py:3096} INFO - Sync 1 DAGs
[2026-04-26T23:12:20.511+0000] {logging_mixin.py:188} INFO - [2026-04-26T23:12:20.511+0000] {dag.py:3954} INFO - Setting next_dagrun for example_branch_python_operator_decorator to 2026-04-25 00:00:00+00:00, run_after=2026-04-26 00:00:00+00:00
[2026-04-26T23:12:20.521+0000] {processor.py:183} INFO - Processing /home/airflow/.local/lib/python3.12/site-packages/airflow/example_dags/example_branch_operator_decorator.py took 0.062 seconds
[2026-04-26T23:12:51.258+0000] {processor.py:161} INFO - Started process (PID=583) to work on /home/airflow/.local/lib/python3.12/site-packages/airflow/example_dags/example_branch_operator_decorator.py
[2026-04-26T23:12:51.258+0000] {processor.py:830} INFO - Processing file /home/airflow/.local/lib/python3.12/site-packages/airflow/example_dags/example_branch_operator_decorator.py for tasks to queue
[2026-04-26T23:12:51.260+0000] {logging_mixin.py:188} INFO - [2026-04-26T23:12:51.259+0000] {dagbag.py:545} INFO - Filling up the DagBag from /home/airflow/.local/lib/python3.12/site-packages/airflow/example_dags/example_branch_operator_decorator.py
[2026-04-26T23:12:51.271+0000] {processor.py:840} INFO - DAG(s) 'example_branch_python_operator_decorator' retrieved from /home/airflow/.local/lib/python3.12/site-packages/airflow/example_dags/example_branch_operator_decorator.py
[2026-04-26T23:12:51.288+0000] {logging_mixin.py:188} INFO - [2026-04-26T23:12:51.288+0000] {dag.py:3096} INFO - Sync 1 DAGs
[2026-04-26T23:12:51.303+0000] {logging_mixin.py:188} INFO - [2026-04-26T23:12:51.303+0000] {dag.py:3954} INFO - Setting next_dagrun for example_branch_python_operator_decorator to 2026-04-25 00:00:00+00:00, run_after=2026-04-26 00:00:00+00:00
[2026-04-26T23:12:51.315+0000] {processor.py:183} INFO - Processing /home/airflow/.local/lib/python3.12/site-packages/airflow/example_dags/example_branch_operator_decorator.py took 0.060 seconds
[2026-04-26T23:13:21.370+0000] {processor.py:161} INFO - Started process (PID=641) to work on /home/airflow/.local/lib/python3.12/site-packages/airflow/example_dags/example_branch_operator_decorator.py
[2026-04-26T23:13:21.378+0000] {processor.py:830} INFO - Processing file /home/airflow/.local/lib/python3.12/site-packages/airflow/example_dags/example_branch_operator_decorator.py for tasks to queue
[2026-04-26T23:13:21.379+0000] {logging_mixin.py:188} INFO - [2026-04-26T23:13:21.379+0000] {dagbag.py:545} INFO - Filling up the DagBag from /home/airflow/.local/lib/python3.12/site-packages/airflow/example_dags/example_branch_operator_decorator.py
[2026-04-26T23:13:21.391+0000] {processor.py:840} INFO - DAG(s) 'example_branch_python_operator_decorator' retrieved from /home/airflow/.local/lib/python3.12/site-packages/airflow/example_dags/example_branch_operator_decorator.py
[2026-04-26T23:13:21.407+0000] {logging_mixin.py:188} INFO - [2026-04-26T23:13:21.407+0000] {dag.py:3096} INFO - Sync 1 DAGs
[2026-04-26T23:13:21.419+0000] {logging_mixin.py:188} INFO - [2026-04-26T23:13:21.419+0000] {dag.py:3954} INFO - Setting next_dagrun for example_branch_python_operator_decorator to 2026-04-25 00:00:00+00:00, run_after=2026-04-26 00:00:00+00:00
[2026-04-26T23:13:21.429+0000] {processor.py:183} INFO - Processing /home/airflow/.local/lib/python3.12/site-packages/airflow/example_dags/example_branch_operator_decorator.py took 0.062 seconds
[2026-04-26T23:13:51.647+0000] {processor.py:161} INFO - Started process (PID=699) to work on /home/airflow/.local/lib/python3.12/site-packages/airflow/example_dags/example_branch_operator_decorator.py
[2026-04-26T23:13:51.648+0000] {processor.py:830} INFO - Processing file /home/airflow/.local/lib/python3.12/site-packages/airflow/example_dags/example_branch_operator_decorator.py for tasks to queue
[2026-04-26T23:13:51.650+0000] {logging_mixin.py:188} INFO - [2026-04-26T23:13:51.649+0000] {dagbag.py:545} INFO - Filling up the DagBag from /home/airflow/.local/lib/python3.12/site-packages/airflow/example_dags/example_branch_operator_decorator.py
[2026-04-26T23:13:51.666+0000] {processor.py:840} INFO - DAG(s) 'example_branch_python_operator_decorator' retrieved from /home/airflow/.local/lib/python3.12/site-packages/airflow/example_dags/example_branch_operator_decorator.py
[2026-04-26T23:13:51.687+0000] {logging_mixin.py:188} INFO - [2026-04-26T23:13:51.687+0000] {dag.py:3096} INFO - Sync 1 DAGs
[2026-04-26T23:13:51.704+0000] {logging_mixin.py:188} INFO - [2026-04-26T23:13:51.704+0000] {dag.py:3954} INFO - Setting next_dagrun for example_branch_python_operator_decorator to 2026-04-25 00:00:00+00:00, run_after=2026-04-26 00:00:00+00:00
[2026-04-26T23:13:51.718+0000] {processor.py:183} INFO - Processing /home/airflow/.local/lib/python3.12/site-packages/airflow/example_dags/example_branch_operator_decorator.py took 0.076 seconds
[2026-04-26T23:14:22.307+0000] {processor.py:161} INFO - Started process (PID=757) to work on /home/airflow/.local/lib/python3.12/site-packages/airflow/example_dags/example_branch_operator_decorator.py
[2026-04-26T23:14:22.308+0000] {processor.py:830} INFO - Processing file /home/airflow/.local/lib/python3.12/site-packages/airflow/example_dags/example_branch_operator_decorator.py for tasks to queue
[2026-04-26T23:14:22.309+0000] {logging_mixin.py:188} INFO - [2026-04-26T23:14:22.309+0000] {dagbag.py:545} INFO - Filling up the DagBag from /home/airflow/.local/lib/python3.12/site-packages/airflow/example_dags/example_branch_operator_decorator.py
[2026-04-26T23:14:22.324+0000] {processor.py:840} INFO - DAG(s) 'example_branch_python_operator_decorator' retrieved from /home/airflow/.local/lib/python3.12/site-packages/airflow/example_dags/example_branch_operator_decorator.py
[2026-04-26T23:14:22.343+0000] {logging_mixin.py:188} INFO - [2026-04-26T23:14:22.343+0000] {dag.py:3096} INFO - Sync 1 DAGs
[2026-04-26T23:14:22.359+0000] {logging_mixin.py:188} INFO - [2026-04-26T23:14:22.359+0000] {dag.py:3954} INFO - Setting next_dagrun for example_branch_python_operator_decorator to 2026-04-25 00:00:00+00:00, run_after=2026-04-26 00:00:00+00:00
[2026-04-26T23:14:22.371+0000] {processor.py:183} INFO - Processing /home/airflow/.local/lib/python3.12/site-packages/airflow/example_dags/example_branch_operator_decorator.py took 0.068 seconds
[2026-04-26T23:14:53.042+0000] {processor.py:161} INFO - Started process (PID=815) to work on /home/airflow/.local/lib/python3.12/site-packages/airflow/example_dags/example_branch_operator_decorator.py
[2026-04-26T23:14:53.042+0000] {processor.py:830} INFO - Processing file /home/airflow/.local/lib/python3.12/site-packages/airflow/example_dags/example_branch_operator_decorator.py for tasks to queue
[2026-04-26T23:14:53.044+0000] {logging_mixin.py:188} INFO - [2026-04-26T23:14:53.044+0000] {dagbag.py:545} INFO - Filling up the DagBag from /home/airflow/.local/lib/python3.12/site-packages/airflow/example_dags/example_branch_operator_decorator.py
[2026-04-26T23:14:53.060+0000] {processor.py:840} INFO - DAG(s) 'example_branch_python_operator_decorator' retrieved from /home/airflow/.local/lib/python3.12/site-packages/airflow/example_dags/example_branch_operator_decorator.py
[2026-04-26T23:14:53.082+0000] {logging_mixin.py:188} INFO - [2026-04-26T23:14:53.081+0000] {dag.py:3096} INFO - Sync 1 DAGs
[2026-04-26T23:14:53.099+0000] {logging_mixin.py:188} INFO - [2026-04-26T23:14:53.099+0000] {dag.py:3954} INFO - Setting next_dagrun for example_branch_python_operator_decorator to 2026-04-25 00:00:00+00:00, run_after=2026-04-26 00:00:00+00:00
[2026-04-26T23:14:53.114+0000] {processor.py:183} INFO - Processing /home/airflow/.local/lib/python3.12/site-packages/airflow/example_dags/example_branch_operator_decorator.py took 0.077 seconds
[2026-04-26T23:15:23.181+0000] {processor.py:161} INFO - Started process (PID=873) to work on /home/airflow/.local/lib/python3.12/site-packages/airflow/example_dags/example_branch_operator_decorator.py
[2026-04-26T23:15:23.192+0000] {processor.py:830} INFO - Processing file /home/airflow/.local/lib/python3.12/site-packages/airflow/example_dags/example_branch_operator_decorator.py for tasks to queue
[2026-04-26T23:15:23.194+0000] {logging_mixin.py:188} INFO - [2026-04-26T23:15:23.193+0000] {dagbag.py:545} INFO - Filling up the DagBag from /home/airflow/.local/lib/python3.12/site-packages/airflow/example_dags/example_branch_operator_decorator.py
[2026-04-26T23:15:23.206+0000] {processor.py:840} INFO - DAG(s) 'example_branch_python_operator_decorator' retrieved from /home/airflow/.local/lib/python3.12/site-packages/airflow/example_dags/example_branch_operator_decorator.py
[2026-04-26T23:15:23.224+0000] {logging_mixin.py:188} INFO - [2026-04-26T23:15:23.224+0000] {dag.py:3096} INFO - Sync 1 DAGs
[2026-04-26T23:15:23.238+0000] {logging_mixin.py:188} INFO - [2026-04-26T23:15:23.237+0000] {dag.py:3954} INFO - Setting next_dagrun for example_branch_python_operator_decorator to 2026-04-25 00:00:00+00:00, run_after=2026-04-26 00:00:00+00:00
[2026-04-26T23:15:23.250+0000] {processor.py:183} INFO - Processing /home/airflow/.local/lib/python3.12/site-packages/airflow/example_dags/example_branch_operator_decorator.py took 0.072 seconds
[2026-04-26T23:15:53.438+0000] {processor.py:161} INFO - Started process (PID=931) to work on /home/airflow/.local/lib/python3.12/site-packages/airflow/example_dags/example_branch_operator_decorator.py
[2026-04-26T23:15:53.438+0000] {processor.py:830} INFO - Processing file /home/airflow/.local/lib/python3.12/site-packages/airflow/example_dags/example_branch_operator_decorator.py for tasks to queue
[2026-04-26T23:15:53.439+0000] {logging_mixin.py:188} INFO - [2026-04-26T23:15:53.439+0000] {dagbag.py:545} INFO - Filling up the DagBag from /home/airflow/.local/lib/python3.12/site-packages/airflow/example_dags/example_branch_operator_decorator.py
[2026-04-26T23:15:53.451+0000] {processor.py:840} INFO - DAG(s) 'example_branch_python_operator_decorator' retrieved from /home/airflow/.local/lib/python3.12/site-packages/airflow/example_dags/example_branch_operator_decorator.py
[2026-04-26T23:15:53.466+0000] {logging_mixin.py:188} INFO - [2026-04-26T23:15:53.465+0000] {dag.py:3096} INFO - Sync 1 DAGs
[2026-04-26T23:15:53.478+0000] {logging_mixin.py:188} INFO - [2026-04-26T23:15:53.477+0000] {dag.py:3954} INFO - Setting next_dagrun for example_branch_python_operator_decorator to 2026-04-25 00:00:00+00:00, run_after=2026-04-26 00:00:00+00:00
[2026-04-26T23:15:53.487+0000] {processor.py:183} INFO - Processing /home/airflow/.local/lib/python3.12/site-packages/airflow/example_dags/example_branch_operator_decorator.py took 0.053 seconds
[2026-04-26T23:16:23.583+0000] {processor.py:161} INFO - Started process (PID=989) to work on /home/airflow/.local/lib/python3.12/site-packages/airflow/example_dags/example_branch_operator_decorator.py
[2026-04-26T23:16:23.597+0000] {processor.py:830} INFO - Processing file /home/airflow/.local/lib/python3.12/site-packages/airflow/example_dags/example_branch_operator_decorator.py for tasks to queue
[2026-04-26T23:16:23.598+0000] {logging_mixin.py:188} INFO - [2026-04-26T23:16:23.598+0000] {dagbag.py:545} INFO - Filling up the DagBag from /home/airflow/.local/lib/python3.12/site-packages/airflow/example_dags/example_branch_operator_decorator.py
[2026-04-26T23:16:23.609+0000] {processor.py:840} INFO - DAG(s) 'example_branch_python_operator_decorator' retrieved from /home/airflow/.local/lib/python3.12/site-packages/airflow/example_dags/example_branch_operator_decorator.py
[2026-04-26T23:16:23.624+0000] {logging_mixin.py:188} INFO - [2026-04-26T23:16:23.624+0000] {dag.py:3096} INFO - Sync 1 DAGs
[2026-04-26T23:16:23.637+0000] {logging_mixin.py:188} INFO - [2026-04-26T23:16:23.637+0000] {dag.py:3954} INFO - Setting next_dagrun for example_branch_python_operator_decorator to 2026-04-25 00:00:00+00:00, run_after=2026-04-26 00:00:00+00:00
[2026-04-26T23:16:23.646+0000] {processor.py:183} INFO - Processing /home/airflow/.local/lib/python3.12/site-packages/airflow/example_dags/example_branch_operator_decorator.py took 0.067 seconds
[2026-04-26T23:16:53.771+0000] {processor.py:161} INFO - Started process (PID=1047) to work on /home/airflow/.local/lib/python3.12/site-packages/airflow/example_dags/example_branch_operator_decorator.py
[2026-04-26T23:16:53.772+0000] {processor.py:830} INFO - Processing file /home/airflow/.local/lib/python3.12/site-packages/airflow/example_dags/example_branch_operator_decorator.py for tasks to queue
[2026-04-26T23:16:53.773+0000] {logging_mixin.py:188} INFO - [2026-04-26T23:16:53.773+0000] {dagbag.py:545} INFO - Filling up the DagBag from /home/airflow/.local/lib/python3.12/site-packages/airflow/example_dags/example_branch_operator_decorator.py
[2026-04-26T23:16:53.789+0000] {processor.py:840} INFO - DAG(s) 'example_branch_python_operator_decorator' retrieved from /home/airflow/.local/lib/python3.12/site-packages/airflow/example_dags/example_branch_operator_decorator.py
[2026-04-26T23:16:53.810+0000] {logging_mixin.py:188} INFO - [2026-04-26T23:16:53.810+0000] {dag.py:3096} INFO - Sync 1 DAGs
[2026-04-26T23:16:53.827+0000] {logging_mixin.py:188} INFO - [2026-04-26T23:16:53.826+0000] {dag.py:3954} INFO - Setting next_dagrun for example_branch_python_operator_decorator to 2026-04-25 00:00:00+00:00, run_after=2026-04-26 00:00:00+00:00
[2026-04-26T23:16:53.850+0000] {processor.py:183} INFO - Processing /home/airflow/.local/lib/python3.12/site-packages/airflow/example_dags/example_branch_operator_decorator.py took 0.084 seconds
[2026-04-26T23:17:24.049+0000] {processor.py:161} INFO - Started process (PID=1105) to work on /home/airflow/.local/lib/python3.12/site-packages/airflow/example_dags/example_branch_operator_decorator.py
[2026-04-26T23:17:24.050+0000] {processor.py:830} INFO - Processing file /home/airflow/.local/lib/python3.12/site-packages/airflow/example_dags/example_branch_operator_decorator.py for tasks to queue
[2026-04-26T23:17:24.051+0000] {logging_mixin.py:188} INFO - [2026-04-26T23:17:24.051+0000] {dagbag.py:545} INFO - Filling up the DagBag from /home/airflow/.local/lib/python3.12/site-packages/airflow/example_dags/example_branch_operator_decorator.py
[2026-04-26T23:17:24.066+0000] {processor.py:840} INFO - DAG(s) 'example_branch_python_operator_decorator' retrieved from /home/airflow/.local/lib/python3.12/site-packages/airflow/example_dags/example_branch_operator_decorator.py
[2026-04-26T23:17:24.087+0000] {logging_mixin.py:188} INFO - [2026-04-26T23:17:24.087+0000] {dag.py:3096} INFO - Sync 1 DAGs
[2026-04-26T23:17:24.103+0000] {logging_mixin.py:188} INFO - [2026-04-26T23:17:24.103+0000] {dag.py:3954} INFO - Setting next_dagrun for example_branch_python_operator_decorator to 2026-04-25 00:00:00+00:00, run_after=2026-04-26 00:00:00+00:00
[2026-04-26T23:17:24.116+0000] {processor.py:183} INFO - Processing /home/airflow/.local/lib/python3.12/site-packages/airflow/example_dags/example_branch_operator_decorator.py took 0.072 seconds
[2026-04-26T23:17:54.326+0000] {processor.py:161} INFO - Started process (PID=1163) to work on /home/airflow/.local/lib/python3.12/site-packages/airflow/example_dags/example_branch_operator_decorator.py
[2026-04-26T23:17:54.343+0000] {processor.py:830} INFO - Processing file /home/airflow/.local/lib/python3.12/site-packages/airflow/example_dags/example_branch_operator_decorator.py for tasks to queue
[2026-04-26T23:17:54.345+0000] {logging_mixin.py:188} INFO - [2026-04-26T23:17:54.344+0000] {dagbag.py:545} INFO - Filling up the DagBag from /home/airflow/.local/lib/python3.12/site-packages/airflow/example_dags/example_branch_operator_decorator.py
[2026-04-26T23:17:54.361+0000] {processor.py:840} INFO - DAG(s) 'example_branch_python_operator_decorator' retrieved from /home/airflow/.local/lib/python3.12/site-packages/airflow/example_dags/example_branch_operator_decorator.py
[2026-04-26T23:17:54.387+0000] {logging_mixin.py:188} INFO - [2026-04-26T23:17:54.387+0000] {dag.py:3096} INFO - Sync 1 DAGs
[2026-04-26T23:17:54.405+0000] {logging_mixin.py:188} INFO - [2026-04-26T23:17:54.405+0000] {dag.py:3954} INFO - Setting next_dagrun for example_branch_python_operator_decorator to 2026-04-25 00:00:00+00:00, run_after=2026-04-26 00:00:00+00:00
[2026-04-26T23:17:54.421+0000] {processor.py:183} INFO - Processing /home/airflow/.local/lib/python3.12/site-packages/airflow/example_dags/example_branch_operator_decorator.py took 0.100 seconds
[2026-04-26T23:18:25.352+0000] {processor.py:161} INFO - Started process (PID=1222) to work on /home/airflow/.local/lib/python3.12/site-packages/airflow/example_dags/example_branch_operator_decorator.py
[2026-04-26T23:18:25.353+0000] {processor.py:830} INFO - Processing file /home/airflow/.local/lib/python3.12/site-packages/airflow/example_dags/example_branch_operator_decorator.py for tasks to queue
[2026-04-26T23:18:25.354+0000] {logging_mixin.py:188} INFO - [2026-04-26T23:18:25.354+0000] {dagbag.py:545} INFO - Filling up the DagBag from /home/airflow/.local/lib/python3.12/site-packages/airflow/example_dags/example_branch_operator_decorator.py
[2026-04-26T23:18:25.369+0000] {processor.py:840} INFO - DAG(s) 'example_branch_python_operator_decorator' retrieved from /home/airflow/.local/lib/python3.12/site-packages/airflow/example_dags/example_branch_operator_decorator.py
[2026-04-26T23:18:25.388+0000] {logging_mixin.py:188} INFO - [2026-04-26T23:18:25.388+0000] {dag.py:3096} INFO - Sync 1 DAGs
[2026-04-26T23:18:25.403+0000] {logging_mixin.py:188} INFO - [2026-04-26T23:18:25.403+0000] {dag.py:3954} INFO - Setting next_dagrun for example_branch_python_operator_decorator to 2026-04-25 00:00:00+00:00, run_after=2026-04-26 00:00:00+00:00
[2026-04-26T23:18:25.526+0000] {processor.py:183} INFO - Processing /home/airflow/.local/lib/python3.12/site-packages/airflow/example_dags/example_branch_operator_decorator.py took 0.179 seconds
[2026-04-26T23:18:55.900+0000] {processor.py:161} INFO - Started process (PID=1281) to work on /home/airflow/.local/lib/python3.12/site-packages/airflow/example_dags/example_branch_operator_decorator.py
[2026-04-26T23:18:55.918+0000] {processor.py:830} INFO - Processing file /home/airflow/.local/lib/python3.12/site-packages/airflow/example_dags/example_branch_operator_decorator.py for tasks to queue
[2026-04-26T23:18:55.919+0000] {logging_mixin.py:188} INFO - [2026-04-26T23:18:55.919+0000] {dagbag.py:545} INFO - Filling up the DagBag from /home/airflow/.local/lib/python3.12/site-packages/airflow/example_dags/example_branch_operator_decorator.py
[2026-04-26T23:18:55.935+0000] {processor.py:840} INFO - DAG(s) 'example_branch_python_operator_decorator' retrieved from /home/airflow/.local/lib/python3.12/site-packages/airflow/example_dags/example_branch_operator_decorator.py
[2026-04-26T23:18:55.954+0000] {logging_mixin.py:188} INFO - [2026-04-26T23:18:55.954+0000] {dag.py:3096} INFO - Sync 1 DAGs
[2026-04-26T23:18:55.970+0000] {logging_mixin.py:188} INFO - [2026-04-26T23:18:55.970+0000] {dag.py:3954} INFO - Setting next_dagrun for example_branch_python_operator_decorator to 2026-04-25 00:00:00+00:00, run_after=2026-04-26 00:00:00+00:00
[2026-04-26T23:18:55.984+0000] {processor.py:183} INFO - Processing /home/airflow/.local/lib/python3.12/site-packages/airflow/example_dags/example_branch_operator_decorator.py took 0.088 seconds
[2026-04-26T23:19:26.197+0000] {processor.py:161} INFO - Started process (PID=1340) to work on /home/airflow/.local/lib/python3.12/site-packages/airflow/example_dags/example_branch_operator_decorator.py
[2026-04-26T23:19:26.198+0000] {processor.py:830} INFO - Processing file /home/airflow/.local/lib/python3.12/site-packages/airflow/example_dags/example_branch_operator_decorator.py for tasks to queue
[2026-04-26T23:19:26.199+0000] {logging_mixin.py:188} INFO - [2026-04-26T23:19:26.199+0000] {dagbag.py:545} INFO - Filling up the DagBag from /home/airflow/.local/lib/python3.12/site-packages/airflow/example_dags/example_branch_operator_decorator.py
[2026-04-26T23:19:26.216+0000] {processor.py:840} INFO - DAG(s) 'example_branch_python_operator_decorator' retrieved from /home/airflow/.local/lib/python3.12/site-packages/airflow/example_dags/example_branch_operator_decorator.py
[2026-04-26T23:19:26.237+0000] {logging_mixin.py:188} INFO - [2026-04-26T23:19:26.236+0000] {dag.py:3096} INFO - Sync 1 DAGs
[2026-04-26T23:19:26.253+0000] {logging_mixin.py:188} INFO - [2026-04-26T23:19:26.253+0000] {dag.py:3954} INFO - Setting next_dagrun for example_branch_python_operator_decorator to 2026-04-25 00:00:00+00:00, run_after=2026-04-26 00:00:00+00:00
[2026-04-26T23:19:26.266+0000] {processor.py:183} INFO - Processing /home/airflow/.local/lib/python3.12/site-packages/airflow/example_dags/example_branch_operator_decorator.py took 0.074 seconds
[2026-04-26T23:19:56.549+0000] {processor.py:161} INFO - Started process (PID=1399) to work on /home/airflow/.local/lib/python3.12/site-packages/airflow/example_dags/example_branch_operator_decorator.py
[2026-04-26T23:19:56.550+0000] {processor.py:830} INFO - Processing file /home/airflow/.local/lib/python3.12/site-packages/airflow/example_dags/example_branch_operator_decorator.py for tasks to queue
[2026-04-26T23:19:56.551+0000] {logging_mixin.py:188} INFO - [2026-04-26T23:19:56.551+0000] {dagbag.py:545} INFO - Filling up the DagBag from /home/airflow/.local/lib/python3.12/site-packages/airflow/example_dags/example_branch_operator_decorator.py
[2026-04-26T23:19:56.569+0000] {processor.py:840} INFO - DAG(s) 'example_branch_python_operator_decorator' retrieved from /home/airflow/.local/lib/python3.12/site-packages/airflow/example_dags/example_branch_operator_decorator.py
[2026-04-26T23:19:56.591+0000] {logging_mixin.py:188} INFO - [2026-04-26T23:19:56.591+0000] {dag.py:3096} INFO - Sync 1 DAGs
[2026-04-26T23:19:56.609+0000] {logging_mixin.py:188} INFO - [2026-04-26T23:19:56.609+0000] {dag.py:3954} INFO - Setting next_dagrun for example_branch_python_operator_decorator to 2026-04-25 00:00:00+00:00, run_after=2026-04-26 00:00:00+00:00
[2026-04-26T23:19:56.641+0000] {processor.py:183} INFO - Processing /home/airflow/.local/lib/python3.12/site-packages/airflow/example_dags/example_branch_operator_decorator.py took 0.097 seconds
[2026-04-26T23:20:26.811+0000] {processor.py:161} INFO - Started process (PID=1458) to work on /home/airflow/.local/lib/python3.12/site-packages/airflow/example_dags/example_branch_operator_decorator.py
[2026-04-26T23:20:26.811+0000] {processor.py:830} INFO - Processing file /home/airflow/.local/lib/python3.12/site-packages/airflow/example_dags/example_branch_operator_decorator.py for tasks to queue
[2026-04-26T23:20:26.812+0000] {logging_mixin.py:188} INFO - [2026-04-26T23:20:26.812+0000] {dagbag.py:545} INFO - Filling up the DagBag from /home/airflow/.local/lib/python3.12/site-packages/airflow/example_dags/example_branch_operator_decorator.py
[2026-04-26T23:20:26.827+0000] {processor.py:840} INFO - DAG(s) 'example_branch_python_operator_decorator' retrieved from /home/airflow/.local/lib/python3.12/site-packages/airflow/example_dags/example_branch_operator_decorator.py
[2026-04-26T23:20:26.847+0000] {logging_mixin.py:188} INFO - [2026-04-26T23:20:26.847+0000] {dag.py:3096} INFO - Sync 1 DAGs
[2026-04-26T23:20:26.864+0000] {logging_mixin.py:188} INFO - [2026-04-26T23:20:26.864+0000] {dag.py:3954} INFO - Setting next_dagrun for example_branch_python_operator_decorator to 2026-04-25 00:00:00+00:00, run_after=2026-04-26 00:00:00+00:00
[2026-04-26T23:20:26.878+0000] {processor.py:183} INFO - Processing /home/airflow/.local/lib/python3.12/site-packages/airflow/example_dags/example_branch_operator_decorator.py took 0.071 seconds
[2026-04-26T23:20:56.946+0000] {processor.py:161} INFO - Started process (PID=1517) to work on /home/airflow/.local/lib/python3.12/site-packages/airflow/example_dags/example_branch_operator_decorator.py
[2026-04-26T23:20:56.966+0000] {processor.py:830} INFO - Processing file /home/airflow/.local/lib/python3.12/site-packages/airflow/example_dags/example_branch_operator_decorator.py for tasks to queue
[2026-04-26T23:20:56.967+0000] {logging_mixin.py:188} INFO - [2026-04-26T23:20:56.967+0000] {dagbag.py:545} INFO - Filling up the DagBag from /home/airflow/.local/lib/python3.12/site-packages/airflow/example_dags/example_branch_operator_decorator.py
[2026-04-26T23:20:56.980+0000] {processor.py:840} INFO - DAG(s) 'example_branch_python_operator_decorator' retrieved from /home/airflow/.local/lib/python3.12/site-packages/airflow/example_dags/example_branch_operator_decorator.py
[2026-04-26T23:20:56.999+0000] {logging_mixin.py:188} INFO - [2026-04-26T23:20:56.999+0000] {dag.py:3096} INFO - Sync 1 DAGs
[2026-04-26T23:20:57.015+0000] {logging_mixin.py:188} INFO - [2026-04-26T23:20:57.015+0000] {dag.py:3954} INFO - Setting next_dagrun for example_branch_python_operator_decorator to 2026-04-25 00:00:00+00:00, run_after=2026-04-26 00:00:00+00:00
[2026-04-26T23:20:57.029+0000] {processor.py:183} INFO - Processing /home/airflow/.local/lib/python3.12/site-packages/airflow/example_dags/example_branch_operator_decorator.py took 0.087 seconds
[2026-04-26T23:21:27.237+0000] {processor.py:161} INFO - Started process (PID=1576) to work on /home/airflow/.local/lib/python3.12/site-packages/airflow/example_dags/example_branch_operator_decorator.py
[2026-04-26T23:21:27.238+0000] {processor.py:830} INFO - Processing file /home/airflow/.local/lib/python3.12/site-packages/airflow/example_dags/example_branch_operator_decorator.py for tasks to queue
[2026-04-26T23:21:27.239+0000] {logging_mixin.py:188} INFO - [2026-04-26T23:21:27.239+0000] {dagbag.py:545} INFO - Filling up the DagBag from /home/airflow/.local/lib/python3.12/site-packages/airflow/example_dags/example_branch_operator_decorator.py
[2026-04-26T23:21:27.249+0000] {processor.py:840} INFO - DAG(s) 'example_branch_python_operator_decorator' retrieved from /home/airflow/.local/lib/python3.12/site-packages/airflow/example_dags/example_branch_operator_decorator.py
[2026-04-26T23:21:27.266+0000] {logging_mixin.py:188} INFO - [2026-04-26T23:21:27.266+0000] {dag.py:3096} INFO - Sync 1 DAGs
[2026-04-26T23:21:27.277+0000] {logging_mixin.py:188} INFO - [2026-04-26T23:21:27.277+0000] {dag.py:3954} INFO - Setting next_dagrun for example_branch_python_operator_decorator to 2026-04-25 00:00:00+00:00, run_after=2026-04-26 00:00:00+00:00
[2026-04-26T23:21:27.394+0000] {processor.py:183} INFO - Processing /home/airflow/.local/lib/python3.12/site-packages/airflow/example_dags/example_branch_operator_decorator.py took 0.160 seconds
[2026-04-26T23:21:58.246+0000] {processor.py:161} INFO - Started process (PID=1636) to work on /home/airflow/.local/lib/python3.12/site-packages/airflow/example_dags/example_branch_operator_decorator.py
[2026-04-26T23:21:58.258+0000] {processor.py:830} INFO - Processing file /home/airflow/.local/lib/python3.12/site-packages/airflow/example_dags/example_branch_operator_decorator.py for tasks to queue
[2026-04-26T23:21:58.259+0000] {logging_mixin.py:188} INFO - [2026-04-26T23:21:58.259+0000] {dagbag.py:545} INFO - Filling up the DagBag from /home/airflow/.local/lib/python3.12/site-packages/airflow/example_dags/example_branch_operator_decorator.py
[2026-04-26T23:21:58.271+0000] {processor.py:840} INFO - DAG(s) 'example_branch_python_operator_decorator' retrieved from /home/airflow/.local/lib/python3.12/site-packages/airflow/example_dags/example_branch_operator_decorator.py
[2026-04-26T23:21:58.289+0000] {logging_mixin.py:188} INFO - [2026-04-26T23:21:58.288+0000] {dag.py:3096} INFO - Sync 1 DAGs
[2026-04-26T23:21:58.303+0000] {logging_mixin.py:188} INFO - [2026-04-26T23:21:58.303+0000] {dag.py:3954} INFO - Setting next_dagrun for example_branch_python_operator_decorator to 2026-04-25 00:00:00+00:00, run_after=2026-04-26 00:00:00+00:00
[2026-04-26T23:21:58.315+0000] {processor.py:183} INFO - Processing /home/airflow/.local/lib/python3.12/site-packages/airflow/example_dags/example_branch_operator_decorator.py took 0.073 seconds
[2026-04-26T23:22:28.666+0000] {processor.py:161} INFO - Started process (PID=1695) to work on /home/airflow/.local/lib/python3.12/site-packages/airflow/example_dags/example_branch_operator_decorator.py
[2026-04-26T23:22:28.667+0000] {processor.py:830} INFO - Processing file /home/airflow/.local/lib/python3.12/site-packages/airflow/example_dags/example_branch_operator_decorator.py for tasks to queue
[2026-04-26T23:22:28.668+0000] {logging_mixin.py:188} INFO - [2026-04-26T23:22:28.668+0000] {dagbag.py:545} INFO - Filling up the DagBag from /home/airflow/.local/lib/python3.12/site-packages/airflow/example_dags/example_branch_operator_decorator.py
[2026-04-26T23:22:28.682+0000] {processor.py:840} INFO - DAG(s) 'example_branch_python_operator_decorator' retrieved from /home/airflow/.local/lib/python3.12/site-packages/airflow/example_dags/example_branch_operator_decorator.py
[2026-04-26T23:22:28.700+0000] {logging_mixin.py:188} INFO - [2026-04-26T23:22:28.700+0000] {dag.py:3096} INFO - Sync 1 DAGs
[2026-04-26T23:22:28.714+0000] {logging_mixin.py:188} INFO - [2026-04-26T23:22:28.714+0000] {dag.py:3954} INFO - Setting next_dagrun for example_branch_python_operator_decorator to 2026-04-25 00:00:00+00:00, run_after=2026-04-26 00:00:00+00:00
[2026-04-26T23:22:28.736+0000] {processor.py:183} INFO - Processing /home/airflow/.local/lib/python3.12/site-packages/airflow/example_dags/example_branch_operator_decorator.py took 0.075 seconds
[2026-04-26T23:22:58.900+0000] {processor.py:161} INFO - Started process (PID=1755) to work on /home/airflow/.local/lib/python3.12/site-packages/airflow/example_dags/example_branch_operator_decorator.py
[2026-04-26T23:22:58.912+0000] {processor.py:830} INFO - Processing file /home/airflow/.local/lib/python3.12/site-packages/airflow/example_dags/example_branch_operator_decorator.py for tasks to queue
[2026-04-26T23:22:58.913+0000] {logging_mixin.py:188} INFO - [2026-04-26T23:22:58.913+0000] {dagbag.py:545} INFO - Filling up the DagBag from /home/airflow/.local/lib/python3.12/site-packages/airflow/example_dags/example_branch_operator_decorator.py
[2026-04-26T23:22:58.925+0000] {processor.py:840} INFO - DAG(s) 'example_branch_python_operator_decorator' retrieved from /home/airflow/.local/lib/python3.12/site-packages/airflow/example_dags/example_branch_operator_decorator.py
[2026-04-26T23:22:58.942+0000] {logging_mixin.py:188} INFO - [2026-04-26T23:22:58.942+0000] {dag.py:3096} INFO - Sync 1 DAGs
[2026-04-26T23:22:58.955+0000] {logging_mixin.py:188} INFO - [2026-04-26T23:22:58.955+0000] {dag.py:3954} INFO - Setting next_dagrun for example_branch_python_operator_decorator to 2026-04-25 00:00:00+00:00, run_after=2026-04-26 00:00:00+00:00
[2026-04-26T23:22:58.964+0000] {processor.py:183} INFO - Processing /home/airflow/.local/lib/python3.12/site-packages/airflow/example_dags/example_branch_operator_decorator.py took 0.068 seconds
[2026-04-26T23:23:29.642+0000] {processor.py:161} INFO - Started process (PID=1814) to work on /home/airflow/.local/lib/python3.12/site-packages/airflow/example_dags/example_branch_operator_decorator.py
[2026-04-26T23:23:29.643+0000] {processor.py:830} INFO - Processing file /home/airflow/.local/lib/python3.12/site-packages/airflow/example_dags/example_branch_operator_decorator.py for tasks to queue
[2026-04-26T23:23:29.644+0000] {logging_mixin.py:188} INFO - [2026-04-26T23:23:29.644+0000] {dagbag.py:545} INFO - Filling up the DagBag from /home/airflow/.local/lib/python3.12/site-packages/airflow/example_dags/example_branch_operator_decorator.py
[2026-04-26T23:23:29.660+0000] {processor.py:840} INFO - DAG(s) 'example_branch_python_operator_decorator' retrieved from /home/airflow/.local/lib/python3.12/site-packages/airflow/example_dags/example_branch_operator_decorator.py
[2026-04-26T23:23:29.679+0000] {logging_mixin.py:188} INFO - [2026-04-26T23:23:29.679+0000] {dag.py:3096} INFO - Sync 1 DAGs
[2026-04-26T23:23:29.696+0000] {logging_mixin.py:188} INFO - [2026-04-26T23:23:29.696+0000] {dag.py:3954} INFO - Setting next_dagrun for example_branch_python_operator_decorator to 2026-04-25 00:00:00+00:00, run_after=2026-04-26 00:00:00+00:00
[2026-04-26T23:23:29.709+0000] {processor.py:183} INFO - Processing /home/airflow/.local/lib/python3.12/site-packages/airflow/example_dags/example_branch_operator_decorator.py took 0.072 seconds
[2026-04-26T23:24:00.357+0000] {processor.py:161} INFO - Started process (PID=1873) to work on /home/airflow/.local/lib/python3.12/site-packages/airflow/example_dags/example_branch_operator_decorator.py
[2026-04-26T23:24:00.364+0000] {processor.py:830} INFO - Processing file /home/airflow/.local/lib/python3.12/site-packages/airflow/example_dags/example_branch_operator_decorator.py for tasks to queue
[2026-04-26T23:24:00.365+0000] {logging_mixin.py:188} INFO - [2026-04-26T23:24:00.365+0000] {dagbag.py:545} INFO - Filling up the DagBag from /home/airflow/.local/lib/python3.12/site-packages/airflow/example_dags/example_branch_operator_decorator.py
[2026-04-26T23:24:00.376+0000] {processor.py:840} INFO - DAG(s) 'example_branch_python_operator_decorator' retrieved from /home/airflow/.local/lib/python3.12/site-packages/airflow/example_dags/example_branch_operator_decorator.py
[2026-04-26T23:24:00.391+0000] {logging_mixin.py:188} INFO - [2026-04-26T23:24:00.391+0000] {dag.py:3096} INFO - Sync 1 DAGs
[2026-04-26T23:24:00.500+0000] {logging_mixin.py:188} INFO - [2026-04-26T23:24:00.500+0000] {dag.py:3954} INFO - Setting next_dagrun for example_branch_python_operator_decorator to 2026-04-25 00:00:00+00:00, run_after=2026-04-26 00:00:00+00:00
[2026-04-26T23:24:00.509+0000] {processor.py:183} INFO - Processing /home/airflow/.local/lib/python3.12/site-packages/airflow/example_dags/example_branch_operator_decorator.py took 0.155 seconds
[2026-04-26T23:24:30.549+0000] {processor.py:161} INFO - Started process (PID=1933) to work on /home/airflow/.local/lib/python3.12/site-packages/airflow/example_dags/example_branch_operator_decorator.py
[2026-04-26T23:24:30.549+0000] {processor.py:830} INFO - Processing file /home/airflow/.local/lib/python3.12/site-packages/airflow/example_dags/example_branch_operator_decorator.py for tasks to queue
[2026-04-26T23:24:30.550+0000] {logging_mixin.py:188} INFO - [2026-04-26T23:24:30.550+0000] {dagbag.py:545} INFO - Filling up the DagBag from /home/airflow/.local/lib/python3.12/site-packages/airflow/example_dags/example_branch_operator_decorator.py
[2026-04-26T23:24:30.562+0000] {processor.py:840} INFO - DAG(s) 'example_branch_python_operator_decorator' retrieved from /home/airflow/.local/lib/python3.12/site-packages/airflow/example_dags/example_branch_operator_decorator.py
[2026-04-26T23:24:30.578+0000] {logging_mixin.py:188} INFO - [2026-04-26T23:24:30.578+0000] {dag.py:3096} INFO - Sync 1 DAGs
[2026-04-26T23:24:30.592+0000] {logging_mixin.py:188} INFO - [2026-04-26T23:24:30.591+0000] {dag.py:3954} INFO - Setting next_dagrun for example_branch_python_operator_decorator to 2026-04-25 00:00:00+00:00, run_after=2026-04-26 00:00:00+00:00
[2026-04-26T23:24:30.733+0000] {processor.py:183} INFO - Processing /home/airflow/.local/lib/python3.12/site-packages/airflow/example_dags/example_branch_operator_decorator.py took 0.188 seconds
[2026-04-26T23:25:01.455+0000] {processor.py:161} INFO - Started process (PID=1993) to work on /home/airflow/.local/lib/python3.12/site-packages/airflow/example_dags/example_branch_operator_decorator.py
[2026-04-26T23:25:01.463+0000] {processor.py:830} INFO - Processing file /home/airflow/.local/lib/python3.12/site-packages/airflow/example_dags/example_branch_operator_decorator.py for tasks to queue
[2026-04-26T23:25:01.464+0000] {logging_mixin.py:188} INFO - [2026-04-26T23:25:01.464+0000] {dagbag.py:545} INFO - Filling up the DagBag from /home/airflow/.local/lib/python3.12/site-packages/airflow/example_dags/example_branch_operator_decorator.py
[2026-04-26T23:25:01.475+0000] {processor.py:840} INFO - DAG(s) 'example_branch_python_operator_decorator' retrieved from /home/airflow/.local/lib/python3.12/site-packages/airflow/example_dags/example_branch_operator_decorator.py
[2026-04-26T23:25:01.490+0000] {logging_mixin.py:188} INFO - [2026-04-26T23:25:01.490+0000] {dag.py:3096} INFO - Sync 1 DAGs
[2026-04-26T23:25:01.501+0000] {logging_mixin.py:188} INFO - [2026-04-26T23:25:01.501+0000] {dag.py:3954} INFO - Setting next_dagrun for example_branch_python_operator_decorator to 2026-04-25 00:00:00+00:00, run_after=2026-04-26 00:00:00+00:00
[2026-04-26T23:25:01.509+0000] {processor.py:183} INFO - Processing /home/airflow/.local/lib/python3.12/site-packages/airflow/example_dags/example_branch_operator_decorator.py took 0.058 seconds
[2026-04-26T23:25:32.192+0000] {processor.py:161} INFO - Started process (PID=2052) to work on /home/airflow/.local/lib/python3.12/site-packages/airflow/example_dags/example_branch_operator_decorator.py
[2026-04-26T23:25:32.192+0000] {processor.py:830} INFO - Processing file /home/airflow/.local/lib/python3.12/site-packages/airflow/example_dags/example_branch_operator_decorator.py for tasks to queue
[2026-04-26T23:25:32.193+0000] {logging_mixin.py:188} INFO - [2026-04-26T23:25:32.193+0000] {dagbag.py:545} INFO - Filling up the DagBag from /home/airflow/.local/lib/python3.12/site-packages/airflow/example_dags/example_branch_operator_decorator.py
[2026-04-26T23:25:32.204+0000] {processor.py:840} INFO - DAG(s) 'example_branch_python_operator_decorator' retrieved from /home/airflow/.local/lib/python3.12/site-packages/airflow/example_dags/example_branch_operator_decorator.py
[2026-04-26T23:25:32.221+0000] {logging_mixin.py:188} INFO - [2026-04-26T23:25:32.221+0000] {dag.py:3096} INFO - Sync 1 DAGs
[2026-04-26T23:25:32.236+0000] {logging_mixin.py:188} INFO - [2026-04-26T23:25:32.236+0000] {dag.py:3954} INFO - Setting next_dagrun for example_branch_python_operator_decorator to 2026-04-25 00:00:00+00:00, run_after=2026-04-26 00:00:00+00:00
[2026-04-26T23:25:32.246+0000] {processor.py:183} INFO - Processing /home/airflow/.local/lib/python3.12/site-packages/airflow/example_dags/example_branch_operator_decorator.py took 0.058 seconds
[2026-04-26T23:26:02.965+0000] {processor.py:161} INFO - Started process (PID=2111) to work on /home/airflow/.local/lib/python3.12/site-packages/airflow/example_dags/example_branch_operator_decorator.py
[2026-04-26T23:26:02.976+0000] {processor.py:830} INFO - Processing file /home/airflow/.local/lib/python3.12/site-packages/airflow/example_dags/example_branch_operator_decorator.py for tasks to queue
[2026-04-26T23:26:02.977+0000] {logging_mixin.py:188} INFO - [2026-04-26T23:26:02.977+0000] {dagbag.py:545} INFO - Filling up the DagBag from /home/airflow/.local/lib/python3.12/site-packages/airflow/example_dags/example_branch_operator_decorator.py
[2026-04-26T23:26:02.992+0000] {processor.py:840} INFO - DAG(s) 'example_branch_python_operator_decorator' retrieved from /home/airflow/.local/lib/python3.12/site-packages/airflow/example_dags/example_branch_operator_decorator.py
[2026-04-26T23:26:03.011+0000] {logging_mixin.py:188} INFO - [2026-04-26T23:26:03.011+0000] {dag.py:3096} INFO - Sync 1 DAGs
[2026-04-26T23:26:03.027+0000] {logging_mixin.py:188} INFO - [2026-04-26T23:26:03.026+0000] {dag.py:3954} INFO - Setting next_dagrun for example_branch_python_operator_decorator to 2026-04-25 00:00:00+00:00, run_after=2026-04-26 00:00:00+00:00
[2026-04-26T23:26:03.039+0000] {processor.py:183} INFO - Processing /home/airflow/.local/lib/python3.12/site-packages/airflow/example_dags/example_branch_operator_decorator.py took 0.078 seconds
[2026-04-26T23:26:33.752+0000] {processor.py:161} INFO - Started process (PID=2170) to work on /home/airflow/.local/lib/python3.12/site-packages/airflow/example_dags/example_branch_operator_decorator.py
[2026-04-26T23:26:33.753+0000] {processor.py:830} INFO - Processing file /home/airflow/.local/lib/python3.12/site-packages/airflow/example_dags/example_branch_operator_decorator.py for tasks to queue
[2026-04-26T23:26:33.754+0000] {logging_mixin.py:188} INFO - [2026-04-26T23:26:33.754+0000] {dagbag.py:545} INFO - Filling up the DagBag from /home/airflow/.local/lib/python3.12/site-packages/airflow/example_dags/example_branch_operator_decorator.py
[2026-04-26T23:26:33.766+0000] {processor.py:840} INFO - DAG(s) 'example_branch_python_operator_decorator' retrieved from /home/airflow/.local/lib/python3.12/site-packages/airflow/example_dags/example_branch_operator_decorator.py
[2026-04-26T23:26:33.782+0000] {logging_mixin.py:188} INFO - [2026-04-26T23:26:33.782+0000] {dag.py:3096} INFO - Sync 1 DAGs
[2026-04-26T23:26:33.793+0000] {logging_mixin.py:188} INFO - [2026-04-26T23:26:33.793+0000] {dag.py:3954} INFO - Setting next_dagrun for example_branch_python_operator_decorator to 2026-04-25 00:00:00+00:00, run_after=2026-04-26 00:00:00+00:00
[2026-04-26T23:26:33.804+0000] {processor.py:183} INFO - Processing /home/airflow/.local/lib/python3.12/site-packages/airflow/example_dags/example_branch_operator_decorator.py took 0.055 seconds
[2026-04-26T23:27:04.534+0000] {processor.py:161} INFO - Started process (PID=2229) to work on /home/airflow/.local/lib/python3.12/site-packages/airflow/example_dags/example_branch_operator_decorator.py
[2026-04-26T23:27:04.548+0000] {processor.py:830} INFO - Processing file /home/airflow/.local/lib/python3.12/site-packages/airflow/example_dags/example_branch_operator_decorator.py for tasks to queue
[2026-04-26T23:27:04.549+0000] {logging_mixin.py:188} INFO - [2026-04-26T23:27:04.549+0000] {dagbag.py:545} INFO - Filling up the DagBag from /home/airflow/.local/lib/python3.12/site-packages/airflow/example_dags/example_branch_operator_decorator.py
[2026-04-26T23:27:04.561+0000] {processor.py:840} INFO - DAG(s) 'example_branch_python_operator_decorator' retrieved from /home/airflow/.local/lib/python3.12/site-packages/airflow/example_dags/example_branch_operator_decorator.py
[2026-04-26T23:27:04.577+0000] {logging_mixin.py:188} INFO - [2026-04-26T23:27:04.577+0000] {dag.py:3096} INFO - Sync 1 DAGs
[2026-04-26T23:27:04.591+0000] {logging_mixin.py:188} INFO - [2026-04-26T23:27:04.591+0000] {dag.py:3954} INFO - Setting next_dagrun for example_branch_python_operator_decorator to 2026-04-25 00:00:00+00:00, run_after=2026-04-26 00:00:00+00:00
[2026-04-26T23:27:04.602+0000] {processor.py:183} INFO - Processing /home/airflow/.local/lib/python3.12/site-packages/airflow/example_dags/example_branch_operator_decorator.py took 0.072 seconds
[2026-04-26T23:27:35.273+0000] {processor.py:161} INFO - Started process (PID=2288) to work on /home/airflow/.local/lib/python3.12/site-packages/airflow/example_dags/example_branch_operator_decorator.py
[2026-04-26T23:27:35.274+0000] {processor.py:830} INFO - Processing file /home/airflow/.local/lib/python3.12/site-packages/airflow/example_dags/example_branch_operator_decorator.py for tasks to queue
[2026-04-26T23:27:35.275+0000] {logging_mixin.py:188} INFO - [2026-04-26T23:27:35.275+0000] {dagbag.py:545} INFO - Filling up the DagBag from /home/airflow/.local/lib/python3.12/site-packages/airflow/example_dags/example_branch_operator_decorator.py
[2026-04-26T23:27:35.286+0000] {processor.py:840} INFO - DAG(s) 'example_branch_python_operator_decorator' retrieved from /home/airflow/.local/lib/python3.12/site-packages/airflow/example_dags/example_branch_operator_decorator.py
[2026-04-26T23:27:35.301+0000] {logging_mixin.py:188} INFO - [2026-04-26T23:27:35.301+0000] {dag.py:3096} INFO - Sync 1 DAGs
[2026-04-26T23:27:35.313+0000] {logging_mixin.py:188} INFO - [2026-04-26T23:27:35.313+0000] {dag.py:3954} INFO - Setting next_dagrun for example_branch_python_operator_decorator to 2026-04-25 00:00:00+00:00, run_after=2026-04-26 00:00:00+00:00
[2026-04-26T23:27:35.322+0000] {processor.py:183} INFO - Processing /home/airflow/.local/lib/python3.12/site-packages/airflow/example_dags/example_branch_operator_decorator.py took 0.053 seconds
[2026-04-26T23:28:05.986+0000] {processor.py:161} INFO - Started process (PID=2347) to work on /home/airflow/.local/lib/python3.12/site-packages/airflow/example_dags/example_branch_operator_decorator.py
[2026-04-26T23:28:06.001+0000] {processor.py:830} INFO - Processing file /home/airflow/.local/lib/python3.12/site-packages/airflow/example_dags/example_branch_operator_decorator.py for tasks to queue
[2026-04-26T23:28:06.002+0000] {logging_mixin.py:188} INFO - [2026-04-26T23:28:06.002+0000] {dagbag.py:545} INFO - Filling up the DagBag from /home/airflow/.local/lib/python3.12/site-packages/airflow/example_dags/example_branch_operator_decorator.py
[2026-04-26T23:28:06.013+0000] {processor.py:840} INFO - DAG(s) 'example_branch_python_operator_decorator' retrieved from /home/airflow/.local/lib/python3.12/site-packages/airflow/example_dags/example_branch_operator_decorator.py
[2026-04-26T23:28:06.029+0000] {logging_mixin.py:188} INFO - [2026-04-26T23:28:06.028+0000] {dag.py:3096} INFO - Sync 1 DAGs
[2026-04-26T23:28:06.041+0000] {logging_mixin.py:188} INFO - [2026-04-26T23:28:06.041+0000] {dag.py:3954} INFO - Setting next_dagrun for example_branch_python_operator_decorator to 2026-04-25 00:00:00+00:00, run_after=2026-04-26 00:00:00+00:00
[2026-04-26T23:28:06.051+0000] {processor.py:183} INFO - Processing /home/airflow/.local/lib/python3.12/site-packages/airflow/example_dags/example_branch_operator_decorator.py took 0.069 seconds
[2026-04-26T23:28:36.703+0000] {processor.py:161} INFO - Started process (PID=2406) to work on /home/airflow/.local/lib/python3.12/site-packages/airflow/example_dags/example_branch_operator_decorator.py
[2026-04-26T23:28:36.704+0000] {processor.py:830} INFO - Processing file /home/airflow/.local/lib/python3.12/site-packages/airflow/example_dags/example_branch_operator_decorator.py for tasks to queue
[2026-04-26T23:28:36.705+0000] {logging_mixin.py:188} INFO - [2026-04-26T23:28:36.705+0000] {dagbag.py:545} INFO - Filling up the DagBag from /home/airflow/.local/lib/python3.12/site-packages/airflow/example_dags/example_branch_operator_decorator.py
[2026-04-26T23:28:36.716+0000] {processor.py:840} INFO - DAG(s) 'example_branch_python_operator_decorator' retrieved from /home/airflow/.local/lib/python3.12/site-packages/airflow/example_dags/example_branch_operator_decorator.py
[2026-04-26T23:28:36.733+0000] {logging_mixin.py:188} INFO - [2026-04-26T23:28:36.733+0000] {dag.py:3096} INFO - Sync 1 DAGs
[2026-04-26T23:28:36.747+0000] {logging_mixin.py:188} INFO - [2026-04-26T23:28:36.747+0000] {dag.py:3954} INFO - Setting next_dagrun for example_branch_python_operator_decorator to 2026-04-25 00:00:00+00:00, run_after=2026-04-26 00:00:00+00:00
[2026-04-26T23:28:36.756+0000] {processor.py:183} INFO - Processing /home/airflow/.local/lib/python3.12/site-packages/airflow/example_dags/example_branch_operator_decorator.py took 0.057 seconds
[2026-04-26T23:29:06.995+0000] {processor.py:161} INFO - Started process (PID=2465) to work on /home/airflow/.local/lib/python3.12/site-packages/airflow/example_dags/example_branch_operator_decorator.py
[2026-04-26T23:29:07.020+0000] {processor.py:830} INFO - Processing file /home/airflow/.local/lib/python3.12/site-packages/airflow/example_dags/example_branch_operator_decorator.py for tasks to queue
[2026-04-26T23:29:07.021+0000] {logging_mixin.py:188} INFO - [2026-04-26T23:29:07.021+0000] {dagbag.py:545} INFO - Filling up the DagBag from /home/airflow/.local/lib/python3.12/site-packages/airflow/example_dags/example_branch_operator_decorator.py
[2026-04-26T23:29:07.034+0000] {processor.py:840} INFO - DAG(s) 'example_branch_python_operator_decorator' retrieved from /home/airflow/.local/lib/python3.12/site-packages/airflow/example_dags/example_branch_operator_decorator.py
[2026-04-26T23:29:07.049+0000] {logging_mixin.py:188} INFO - [2026-04-26T23:29:07.049+0000] {dag.py:3096} INFO - Sync 1 DAGs
[2026-04-26T23:29:07.060+0000] {logging_mixin.py:188} INFO - [2026-04-26T23:29:07.060+0000] {dag.py:3954} INFO - Setting next_dagrun for example_branch_python_operator_decorator to 2026-04-25 00:00:00+00:00, run_after=2026-04-26 00:00:00+00:00
[2026-04-26T23:29:07.070+0000] {processor.py:183} INFO - Processing /home/airflow/.local/lib/python3.12/site-packages/airflow/example_dags/example_branch_operator_decorator.py took 0.079 seconds
[2026-04-26T23:29:37.851+0000] {processor.py:161} INFO - Started process (PID=2524) to work on /home/airflow/.local/lib/python3.12/site-packages/airflow/example_dags/example_branch_operator_decorator.py
[2026-04-26T23:29:37.851+0000] {processor.py:830} INFO - Processing file /home/airflow/.local/lib/python3.12/site-packages/airflow/example_dags/example_branch_operator_decorator.py for tasks to queue
[2026-04-26T23:29:37.853+0000] {logging_mixin.py:188} INFO - [2026-04-26T23:29:37.852+0000] {dagbag.py:545} INFO - Filling up the DagBag from /home/airflow/.local/lib/python3.12/site-packages/airflow/example_dags/example_branch_operator_decorator.py
[2026-04-26T23:29:37.865+0000] {processor.py:840} INFO - DAG(s) 'example_branch_python_operator_decorator' retrieved from /home/airflow/.local/lib/python3.12/site-packages/airflow/example_dags/example_branch_operator_decorator.py
[2026-04-26T23:29:37.883+0000] {logging_mixin.py:188} INFO - [2026-04-26T23:29:37.883+0000] {dag.py:3096} INFO - Sync 1 DAGs
[2026-04-26T23:29:37.897+0000] {logging_mixin.py:188} INFO - [2026-04-26T23:29:37.896+0000] {dag.py:3954} INFO - Setting next_dagrun for example_branch_python_operator_decorator to 2026-04-25 00:00:00+00:00, run_after=2026-04-26 00:00:00+00:00
[2026-04-26T23:29:37.907+0000] {processor.py:183} INFO - Processing /home/airflow/.local/lib/python3.12/site-packages/airflow/example_dags/example_branch_operator_decorator.py took 0.060 seconds
[2026-04-26T23:30:08.552+0000] {processor.py:161} INFO - Started process (PID=2583) to work on /home/airflow/.local/lib/python3.12/site-packages/airflow/example_dags/example_branch_operator_decorator.py
[2026-04-26T23:30:08.568+0000] {processor.py:830} INFO - Processing file /home/airflow/.local/lib/python3.12/site-packages/airflow/example_dags/example_branch_operator_decorator.py for tasks to queue
[2026-04-26T23:30:08.569+0000] {logging_mixin.py:188} INFO - [2026-04-26T23:30:08.569+0000] {dagbag.py:545} INFO - Filling up the DagBag from /home/airflow/.local/lib/python3.12/site-packages/airflow/example_dags/example_branch_operator_decorator.py
[2026-04-26T23:30:08.583+0000] {processor.py:840} INFO - DAG(s) 'example_branch_python_operator_decorator' retrieved from /home/airflow/.local/lib/python3.12/site-packages/airflow/example_dags/example_branch_operator_decorator.py
[2026-04-26T23:30:08.601+0000] {logging_mixin.py:188} INFO - [2026-04-26T23:30:08.601+0000] {dag.py:3096} INFO - Sync 1 DAGs
[2026-04-26T23:30:08.616+0000] {logging_mixin.py:188} INFO - [2026-04-26T23:30:08.616+0000] {dag.py:3954} INFO - Setting next_dagrun for example_branch_python_operator_decorator to 2026-04-25 00:00:00+00:00, run_after=2026-04-26 00:00:00+00:00
[2026-04-26T23:30:08.628+0000] {processor.py:183} INFO - Processing /home/airflow/.local/lib/python3.12/site-packages/airflow/example_dags/example_branch_operator_decorator.py took 0.081 seconds
[2026-04-26T23:30:39.308+0000] {processor.py:161} INFO - Started process (PID=2642) to work on /home/airflow/.local/lib/python3.12/site-packages/airflow/example_dags/example_branch_operator_decorator.py
[2026-04-26T23:30:39.309+0000] {processor.py:830} INFO - Processing file /home/airflow/.local/lib/python3.12/site-packages/airflow/example_dags/example_branch_operator_decorator.py for tasks to queue
[2026-04-26T23:30:39.310+0000] {logging_mixin.py:188} INFO - [2026-04-26T23:30:39.310+0000] {dagbag.py:545} INFO - Filling up the DagBag from /home/airflow/.local/lib/python3.12/site-packages/airflow/example_dags/example_branch_operator_decorator.py
[2026-04-26T23:30:39.321+0000] {processor.py:840} INFO - DAG(s) 'example_branch_python_operator_decorator' retrieved from /home/airflow/.local/lib/python3.12/site-packages/airflow/example_dags/example_branch_operator_decorator.py
[2026-04-26T23:30:39.337+0000] {logging_mixin.py:188} INFO - [2026-04-26T23:30:39.337+0000] {dag.py:3096} INFO - Sync 1 DAGs
[2026-04-26T23:30:39.350+0000] {logging_mixin.py:188} INFO - [2026-04-26T23:30:39.350+0000] {dag.py:3954} INFO - Setting next_dagrun for example_branch_python_operator_decorator to 2026-04-25 00:00:00+00:00, run_after=2026-04-26 00:00:00+00:00
[2026-04-26T23:30:39.360+0000] {processor.py:183} INFO - Processing /home/airflow/.local/lib/python3.12/site-packages/airflow/example_dags/example_branch_operator_decorator.py took 0.055 seconds
[2026-04-26T23:31:10.076+0000] {processor.py:161} INFO - Started process (PID=2701) to work on /home/airflow/.local/lib/python3.12/site-packages/airflow/example_dags/example_branch_operator_decorator.py
[2026-04-26T23:31:10.094+0000] {processor.py:830} INFO - Processing file /home/airflow/.local/lib/python3.12/site-packages/airflow/example_dags/example_branch_operator_decorator.py for tasks to queue
[2026-04-26T23:31:10.096+0000] {logging_mixin.py:188} INFO - [2026-04-26T23:31:10.096+0000] {dagbag.py:545} INFO - Filling up the DagBag from /home/airflow/.local/lib/python3.12/site-packages/airflow/example_dags/example_branch_operator_decorator.py
[2026-04-26T23:31:10.108+0000] {processor.py:840} INFO - DAG(s) 'example_branch_python_operator_decorator' retrieved from /home/airflow/.local/lib/python3.12/site-packages/airflow/example_dags/example_branch_operator_decorator.py
[2026-04-26T23:31:10.124+0000] {logging_mixin.py:188} INFO - [2026-04-26T23:31:10.124+0000] {dag.py:3096} INFO - Sync 1 DAGs
[2026-04-26T23:31:10.136+0000] {logging_mixin.py:188} INFO - [2026-04-26T23:31:10.136+0000] {dag.py:3954} INFO - Setting next_dagrun for example_branch_python_operator_decorator to 2026-04-25 00:00:00+00:00, run_after=2026-04-26 00:00:00+00:00
[2026-04-26T23:31:10.146+0000] {processor.py:183} INFO - Processing /home/airflow/.local/lib/python3.12/site-packages/airflow/example_dags/example_branch_operator_decorator.py took 0.074 seconds
[2026-04-26T23:31:40.810+0000] {processor.py:161} INFO - Started process (PID=2760) to work on /home/airflow/.local/lib/python3.12/site-packages/airflow/example_dags/example_branch_operator_decorator.py
[2026-04-26T23:31:40.810+0000] {processor.py:830} INFO - Processing file /home/airflow/.local/lib/python3.12/site-packages/airflow/example_dags/example_branch_operator_decorator.py for tasks to queue
[2026-04-26T23:31:40.812+0000] {logging_mixin.py:188} INFO - [2026-04-26T23:31:40.811+0000] {dagbag.py:545} INFO - Filling up the DagBag from /home/airflow/.local/lib/python3.12/site-packages/airflow/example_dags/example_branch_operator_decorator.py
[2026-04-26T23:31:40.828+0000] {processor.py:840} INFO - DAG(s) 'example_branch_python_operator_decorator' retrieved from /home/airflow/.local/lib/python3.12/site-packages/airflow/example_dags/example_branch_operator_decorator.py
[2026-04-26T23:31:40.847+0000] {logging_mixin.py:188} INFO - [2026-04-26T23:31:40.847+0000] {dag.py:3096} INFO - Sync 1 DAGs
[2026-04-26T23:31:40.862+0000] {logging_mixin.py:188} INFO - [2026-04-26T23:31:40.862+0000] {dag.py:3954} INFO - Setting next_dagrun for example_branch_python_operator_decorator to 2026-04-25 00:00:00+00:00, run_after=2026-04-26 00:00:00+00:00
[2026-04-26T23:31:40.885+0000] {processor.py:183} INFO - Processing /home/airflow/.local/lib/python3.12/site-packages/airflow/example_dags/example_branch_operator_decorator.py took 0.080 seconds
[2026-04-26T23:32:11.573+0000] {processor.py:161} INFO - Started process (PID=2819) to work on /home/airflow/.local/lib/python3.12/site-packages/airflow/example_dags/example_branch_operator_decorator.py
[2026-04-26T23:32:11.592+0000] {processor.py:830} INFO - Processing file /home/airflow/.local/lib/python3.12/site-packages/airflow/example_dags/example_branch_operator_decorator.py for tasks to queue
[2026-04-26T23:32:11.594+0000] {logging_mixin.py:188} INFO - [2026-04-26T23:32:11.594+0000] {dagbag.py:545} INFO - Filling up the DagBag from /home/airflow/.local/lib/python3.12/site-packages/airflow/example_dags/example_branch_operator_decorator.py
[2026-04-26T23:32:11.609+0000] {processor.py:840} INFO - DAG(s) 'example_branch_python_operator_decorator' retrieved from /home/airflow/.local/lib/python3.12/site-packages/airflow/example_dags/example_branch_operator_decorator.py
[2026-04-26T23:32:11.629+0000] {logging_mixin.py:188} INFO - [2026-04-26T23:32:11.629+0000] {dag.py:3096} INFO - Sync 1 DAGs
[2026-04-26T23:32:11.646+0000] {logging_mixin.py:188} INFO - [2026-04-26T23:32:11.645+0000] {dag.py:3954} INFO - Setting next_dagrun for example_branch_python_operator_decorator to 2026-04-25 00:00:00+00:00, run_after=2026-04-26 00:00:00+00:00
[2026-04-26T23:32:11.658+0000] {processor.py:183} INFO - Processing /home/airflow/.local/lib/python3.12/site-packages/airflow/example_dags/example_branch_operator_decorator.py took 0.090 seconds
[2026-04-26T23:32:41.783+0000] {processor.py:161} INFO - Started process (PID=2878) to work on /home/airflow/.local/lib/python3.12/site-packages/airflow/example_dags/example_branch_operator_decorator.py
[2026-04-26T23:32:41.784+0000] {processor.py:830} INFO - Processing file /home/airflow/.local/lib/python3.12/site-packages/airflow/example_dags/example_branch_operator_decorator.py for tasks to queue
[2026-04-26T23:32:41.785+0000] {logging_mixin.py:188} INFO - [2026-04-26T23:32:41.785+0000] {dagbag.py:545} INFO - Filling up the DagBag from /home/airflow/.local/lib/python3.12/site-packages/airflow/example_dags/example_branch_operator_decorator.py
[2026-04-26T23:32:41.800+0000] {processor.py:840} INFO - DAG(s) 'example_branch_python_operator_decorator' retrieved from /home/airflow/.local/lib/python3.12/site-packages/airflow/example_dags/example_branch_operator_decorator.py
[2026-04-26T23:32:41.820+0000] {logging_mixin.py:188} INFO - [2026-04-26T23:32:41.820+0000] {dag.py:3096} INFO - Sync 1 DAGs
[2026-04-26T23:32:41.835+0000] {logging_mixin.py:188} INFO - [2026-04-26T23:32:41.835+0000] {dag.py:3954} INFO - Setting next_dagrun for example_branch_python_operator_decorator to 2026-04-25 00:00:00+00:00, run_after=2026-04-26 00:00:00+00:00
[2026-04-26T23:32:41.848+0000] {processor.py:183} INFO - Processing /home/airflow/.local/lib/python3.12/site-packages/airflow/example_dags/example_branch_operator_decorator.py took 0.069 seconds
[2026-04-26T23:33:12.032+0000] {processor.py:161} INFO - Started process (PID=2937) to work on /home/airflow/.local/lib/python3.12/site-packages/airflow/example_dags/example_branch_operator_decorator.py
[2026-04-26T23:33:12.052+0000] {processor.py:830} INFO - Processing file /home/airflow/.local/lib/python3.12/site-packages/airflow/example_dags/example_branch_operator_decorator.py for tasks to queue
[2026-04-26T23:33:12.053+0000] {logging_mixin.py:188} INFO - [2026-04-26T23:33:12.053+0000] {dagbag.py:545} INFO - Filling up the DagBag from /home/airflow/.local/lib/python3.12/site-packages/airflow/example_dags/example_branch_operator_decorator.py
[2026-04-26T23:33:12.063+0000] {processor.py:840} INFO - DAG(s) 'example_branch_python_operator_decorator' retrieved from /home/airflow/.local/lib/python3.12/site-packages/airflow/example_dags/example_branch_operator_decorator.py
[2026-04-26T23:33:12.077+0000] {logging_mixin.py:188} INFO - [2026-04-26T23:33:12.077+0000] {dag.py:3096} INFO - Sync 1 DAGs
[2026-04-26T23:33:12.089+0000] {logging_mixin.py:188} INFO - [2026-04-26T23:33:12.089+0000] {dag.py:3954} INFO - Setting next_dagrun for example_branch_python_operator_decorator to 2026-04-25 00:00:00+00:00, run_after=2026-04-26 00:00:00+00:00
[2026-04-26T23:33:12.098+0000] {processor.py:183} INFO - Processing /home/airflow/.local/lib/python3.12/site-packages/airflow/example_dags/example_branch_operator_decorator.py took 0.070 seconds
[2026-04-26T23:33:42.947+0000] {processor.py:161} INFO - Started process (PID=3000) to work on /home/airflow/.local/lib/python3.12/site-packages/airflow/example_dags/example_branch_operator_decorator.py
[2026-04-26T23:33:42.971+0000] {processor.py:830} INFO - Processing file /home/airflow/.local/lib/python3.12/site-packages/airflow/example_dags/example_branch_operator_decorator.py for tasks to queue
[2026-04-26T23:33:42.973+0000] {logging_mixin.py:188} INFO - [2026-04-26T23:33:42.972+0000] {dagbag.py:545} INFO - Filling up the DagBag from /home/airflow/.local/lib/python3.12/site-packages/airflow/example_dags/example_branch_operator_decorator.py
[2026-04-26T23:33:42.987+0000] {processor.py:840} INFO - DAG(s) 'example_branch_python_operator_decorator' retrieved from /home/airflow/.local/lib/python3.12/site-packages/airflow/example_dags/example_branch_operator_decorator.py
[2026-04-26T23:33:43.008+0000] {logging_mixin.py:188} INFO - [2026-04-26T23:33:43.008+0000] {dag.py:3096} INFO - Sync 1 DAGs
[2026-04-26T23:33:43.025+0000] {logging_mixin.py:188} INFO - [2026-04-26T23:33:43.025+0000] {dag.py:3954} INFO - Setting next_dagrun for example_branch_python_operator_decorator to 2026-04-25 00:00:00+00:00, run_after=2026-04-26 00:00:00+00:00
[2026-04-26T23:33:43.037+0000] {processor.py:183} INFO - Processing /home/airflow/.local/lib/python3.12/site-packages/airflow/example_dags/example_branch_operator_decorator.py took 0.094 seconds
[2026-04-26T23:34:13.100+0000] {processor.py:161} INFO - Started process (PID=3059) to work on /home/airflow/.local/lib/python3.12/site-packages/airflow/example_dags/example_branch_operator_decorator.py
[2026-04-26T23:34:13.100+0000] {processor.py:830} INFO - Processing file /home/airflow/.local/lib/python3.12/site-packages/airflow/example_dags/example_branch_operator_decorator.py for tasks to queue
[2026-04-26T23:34:13.101+0000] {logging_mixin.py:188} INFO - [2026-04-26T23:34:13.101+0000] {dagbag.py:545} INFO - Filling up the DagBag from /home/airflow/.local/lib/python3.12/site-packages/airflow/example_dags/example_branch_operator_decorator.py
[2026-04-26T23:34:13.113+0000] {processor.py:840} INFO - DAG(s) 'example_branch_python_operator_decorator' retrieved from /home/airflow/.local/lib/python3.12/site-packages/airflow/example_dags/example_branch_operator_decorator.py
[2026-04-26T23:34:13.130+0000] {logging_mixin.py:188} INFO - [2026-04-26T23:34:13.129+0000] {dag.py:3096} INFO - Sync 1 DAGs
[2026-04-26T23:34:13.144+0000] {logging_mixin.py:188} INFO - [2026-04-26T23:34:13.144+0000] {dag.py:3954} INFO - Setting next_dagrun for example_branch_python_operator_decorator to 2026-04-25 00:00:00+00:00, run_after=2026-04-26 00:00:00+00:00
[2026-04-26T23:34:13.155+0000] {processor.py:183} INFO - Processing /home/airflow/.local/lib/python3.12/site-packages/airflow/example_dags/example_branch_operator_decorator.py took 0.060 seconds
[2026-04-26T23:34:43.190+0000] {processor.py:161} INFO - Started process (PID=3118) to work on /home/airflow/.local/lib/python3.12/site-packages/airflow/example_dags/example_branch_operator_decorator.py
[2026-04-26T23:34:43.193+0000] {processor.py:830} INFO - Processing file /home/airflow/.local/lib/python3.12/site-packages/airflow/example_dags/example_branch_operator_decorator.py for tasks to queue
[2026-04-26T23:34:43.194+0000] {logging_mixin.py:188} INFO - [2026-04-26T23:34:43.194+0000] {dagbag.py:545} INFO - Filling up the DagBag from /home/airflow/.local/lib/python3.12/site-packages/airflow/example_dags/example_branch_operator_decorator.py
[2026-04-26T23:34:43.206+0000] {processor.py:840} INFO - DAG(s) 'example_branch_python_operator_decorator' retrieved from /home/airflow/.local/lib/python3.12/site-packages/airflow/example_dags/example_branch_operator_decorator.py
[2026-04-26T23:34:43.224+0000] {logging_mixin.py:188} INFO - [2026-04-26T23:34:43.223+0000] {dag.py:3096} INFO - Sync 1 DAGs
[2026-04-26T23:34:43.236+0000] {logging_mixin.py:188} INFO - [2026-04-26T23:34:43.236+0000] {dag.py:3954} INFO - Setting next_dagrun for example_branch_python_operator_decorator to 2026-04-25 00:00:00+00:00, run_after=2026-04-26 00:00:00+00:00
[2026-04-26T23:34:43.247+0000] {processor.py:183} INFO - Processing /home/airflow/.local/lib/python3.12/site-packages/airflow/example_dags/example_branch_operator_decorator.py took 0.062 seconds
[2026-04-26T23:35:14.013+0000] {processor.py:161} INFO - Started process (PID=3177) to work on /home/airflow/.local/lib/python3.12/site-packages/airflow/example_dags/example_branch_operator_decorator.py
[2026-04-26T23:35:14.013+0000] {processor.py:830} INFO - Processing file /home/airflow/.local/lib/python3.12/site-packages/airflow/example_dags/example_branch_operator_decorator.py for tasks to queue
[2026-04-26T23:35:14.015+0000] {logging_mixin.py:188} INFO - [2026-04-26T23:35:14.014+0000] {dagbag.py:545} INFO - Filling up the DagBag from /home/airflow/.local/lib/python3.12/site-packages/airflow/example_dags/example_branch_operator_decorator.py
[2026-04-26T23:35:14.027+0000] {processor.py:840} INFO - DAG(s) 'example_branch_python_operator_decorator' retrieved from /home/airflow/.local/lib/python3.12/site-packages/airflow/example_dags/example_branch_operator_decorator.py
[2026-04-26T23:35:14.045+0000] {logging_mixin.py:188} INFO - [2026-04-26T23:35:14.045+0000] {dag.py:3096} INFO - Sync 1 DAGs
[2026-04-26T23:35:14.057+0000] {logging_mixin.py:188} INFO - [2026-04-26T23:35:14.057+0000] {dag.py:3954} INFO - Setting next_dagrun for example_branch_python_operator_decorator to 2026-04-25 00:00:00+00:00, run_after=2026-04-26 00:00:00+00:00
[2026-04-26T23:35:14.068+0000] {processor.py:183} INFO - Processing /home/airflow/.local/lib/python3.12/site-packages/airflow/example_dags/example_branch_operator_decorator.py took 0.059 seconds
[2026-04-26T23:35:44.641+0000] {processor.py:161} INFO - Started process (PID=3236) to work on /home/airflow/.local/lib/python3.12/site-packages/airflow/example_dags/example_branch_operator_decorator.py
[2026-04-26T23:35:44.646+0000] {processor.py:830} INFO - Processing file /home/airflow/.local/lib/python3.12/site-packages/airflow/example_dags/example_branch_operator_decorator.py for tasks to queue
[2026-04-26T23:35:44.648+0000] {logging_mixin.py:188} INFO - [2026-04-26T23:35:44.648+0000] {dagbag.py:545} INFO - Filling up the DagBag from /home/airflow/.local/lib/python3.12/site-packages/airflow/example_dags/example_branch_operator_decorator.py
[2026-04-26T23:35:44.660+0000] {processor.py:840} INFO - DAG(s) 'example_branch_python_operator_decorator' retrieved from /home/airflow/.local/lib/python3.12/site-packages/airflow/example_dags/example_branch_operator_decorator.py
[2026-04-26T23:35:44.677+0000] {logging_mixin.py:188} INFO - [2026-04-26T23:35:44.677+0000] {dag.py:3096} INFO - Sync 1 DAGs
[2026-04-26T23:35:44.690+0000] {logging_mixin.py:188} INFO - [2026-04-26T23:35:44.690+0000] {dag.py:3954} INFO - Setting next_dagrun for example_branch_python_operator_decorator to 2026-04-25 00:00:00+00:00, run_after=2026-04-26 00:00:00+00:00
[2026-04-26T23:35:44.700+0000] {processor.py:183} INFO - Processing /home/airflow/.local/lib/python3.12/site-packages/airflow/example_dags/example_branch_operator_decorator.py took 0.062 seconds
[2026-04-26T23:36:15.446+0000] {processor.py:161} INFO - Started process (PID=3295) to work on /home/airflow/.local/lib/python3.12/site-packages/airflow/example_dags/example_branch_operator_decorator.py
[2026-04-26T23:36:15.447+0000] {processor.py:830} INFO - Processing file /home/airflow/.local/lib/python3.12/site-packages/airflow/example_dags/example_branch_operator_decorator.py for tasks to queue
[2026-04-26T23:36:15.448+0000] {logging_mixin.py:188} INFO - [2026-04-26T23:36:15.448+0000] {dagbag.py:545} INFO - Filling up the DagBag from /home/airflow/.local/lib/python3.12/site-packages/airflow/example_dags/example_branch_operator_decorator.py
[2026-04-26T23:36:15.459+0000] {processor.py:840} INFO - DAG(s) 'example_branch_python_operator_decorator' retrieved from /home/airflow/.local/lib/python3.12/site-packages/airflow/example_dags/example_branch_operator_decorator.py
[2026-04-26T23:36:15.476+0000] {logging_mixin.py:188} INFO - [2026-04-26T23:36:15.476+0000] {dag.py:3096} INFO - Sync 1 DAGs
[2026-04-26T23:36:15.490+0000] {logging_mixin.py:188} INFO - [2026-04-26T23:36:15.490+0000] {dag.py:3954} INFO - Setting next_dagrun for example_branch_python_operator_decorator to 2026-04-25 00:00:00+00:00, run_after=2026-04-26 00:00:00+00:00
[2026-04-26T23:36:15.500+0000] {processor.py:183} INFO - Processing /home/airflow/.local/lib/python3.12/site-packages/airflow/example_dags/example_branch_operator_decorator.py took 0.058 seconds
[2026-04-26T23:36:46.093+0000] {processor.py:161} INFO - Started process (PID=3354) to work on /home/airflow/.local/lib/python3.12/site-packages/airflow/example_dags/example_branch_operator_decorator.py
[2026-04-26T23:36:46.100+0000] {processor.py:830} INFO - Processing file /home/airflow/.local/lib/python3.12/site-packages/airflow/example_dags/example_branch_operator_decorator.py for tasks to queue
[2026-04-26T23:36:46.101+0000] {logging_mixin.py:188} INFO - [2026-04-26T23:36:46.101+0000] {dagbag.py:545} INFO - Filling up the DagBag from /home/airflow/.local/lib/python3.12/site-packages/airflow/example_dags/example_branch_operator_decorator.py
[2026-04-26T23:36:46.112+0000] {processor.py:840} INFO - DAG(s) 'example_branch_python_operator_decorator' retrieved from /home/airflow/.local/lib/python3.12/site-packages/airflow/example_dags/example_branch_operator_decorator.py
[2026-04-26T23:36:46.129+0000] {logging_mixin.py:188} INFO - [2026-04-26T23:36:46.128+0000] {dag.py:3096} INFO - Sync 1 DAGs
[2026-04-26T23:36:46.142+0000] {logging_mixin.py:188} INFO - [2026-04-26T23:36:46.142+0000] {dag.py:3954} INFO - Setting next_dagrun for example_branch_python_operator_decorator to 2026-04-25 00:00:00+00:00, run_after=2026-04-26 00:00:00+00:00
[2026-04-26T23:36:46.151+0000] {processor.py:183} INFO - Processing /home/airflow/.local/lib/python3.12/site-packages/airflow/example_dags/example_branch_operator_decorator.py took 0.062 seconds
[2026-04-26T23:37:16.826+0000] {processor.py:161} INFO - Started process (PID=3413) to work on /home/airflow/.local/lib/python3.12/site-packages/airflow/example_dags/example_branch_operator_decorator.py
[2026-04-26T23:37:16.841+0000] {processor.py:830} INFO - Processing file /home/airflow/.local/lib/python3.12/site-packages/airflow/example_dags/example_branch_operator_decorator.py for tasks to queue
[2026-04-26T23:37:16.842+0000] {logging_mixin.py:188} INFO - [2026-04-26T23:37:16.842+0000] {dagbag.py:545} INFO - Filling up the DagBag from /home/airflow/.local/lib/python3.12/site-packages/airflow/example_dags/example_branch_operator_decorator.py
[2026-04-26T23:37:16.854+0000] {processor.py:840} INFO - DAG(s) 'example_branch_python_operator_decorator' retrieved from /home/airflow/.local/lib/python3.12/site-packages/airflow/example_dags/example_branch_operator_decorator.py
[2026-04-26T23:37:16.870+0000] {logging_mixin.py:188} INFO - [2026-04-26T23:37:16.870+0000] {dag.py:3096} INFO - Sync 1 DAGs
[2026-04-26T23:37:16.884+0000] {logging_mixin.py:188} INFO - [2026-04-26T23:37:16.883+0000] {dag.py:3954} INFO - Setting next_dagrun for example_branch_python_operator_decorator to 2026-04-25 00:00:00+00:00, run_after=2026-04-26 00:00:00+00:00
[2026-04-26T23:37:16.893+0000] {processor.py:183} INFO - Processing /home/airflow/.local/lib/python3.12/site-packages/airflow/example_dags/example_branch_operator_decorator.py took 0.071 seconds
[2026-04-26T23:37:47.638+0000] {processor.py:161} INFO - Started process (PID=3472) to work on /home/airflow/.local/lib/python3.12/site-packages/airflow/example_dags/example_branch_operator_decorator.py
[2026-04-26T23:37:47.646+0000] {processor.py:830} INFO - Processing file /home/airflow/.local/lib/python3.12/site-packages/airflow/example_dags/example_branch_operator_decorator.py for tasks to queue
[2026-04-26T23:37:47.647+0000] {logging_mixin.py:188} INFO - [2026-04-26T23:37:47.647+0000] {dagbag.py:545} INFO - Filling up the DagBag from /home/airflow/.local/lib/python3.12/site-packages/airflow/example_dags/example_branch_operator_decorator.py
[2026-04-26T23:37:47.658+0000] {processor.py:840} INFO - DAG(s) 'example_branch_python_operator_decorator' retrieved from /home/airflow/.local/lib/python3.12/site-packages/airflow/example_dags/example_branch_operator_decorator.py
[2026-04-26T23:37:47.673+0000] {logging_mixin.py:188} INFO - [2026-04-26T23:37:47.673+0000] {dag.py:3096} INFO - Sync 1 DAGs
[2026-04-26T23:37:47.685+0000] {logging_mixin.py:188} INFO - [2026-04-26T23:37:47.685+0000] {dag.py:3954} INFO - Setting next_dagrun for example_branch_python_operator_decorator to 2026-04-25 00:00:00+00:00, run_after=2026-04-26 00:00:00+00:00
[2026-04-26T23:37:47.694+0000] {processor.py:183} INFO - Processing /home/airflow/.local/lib/python3.12/site-packages/airflow/example_dags/example_branch_operator_decorator.py took 0.060 seconds
[2026-04-26T23:38:18.349+0000] {processor.py:161} INFO - Started process (PID=3531) to work on /home/airflow/.local/lib/python3.12/site-packages/airflow/example_dags/example_branch_operator_decorator.py
[2026-04-26T23:38:18.349+0000] {processor.py:830} INFO - Processing file /home/airflow/.local/lib/python3.12/site-packages/airflow/example_dags/example_branch_operator_decorator.py for tasks to queue
[2026-04-26T23:38:18.350+0000] {logging_mixin.py:188} INFO - [2026-04-26T23:38:18.350+0000] {dagbag.py:545} INFO - Filling up the DagBag from /home/airflow/.local/lib/python3.12/site-packages/airflow/example_dags/example_branch_operator_decorator.py
[2026-04-26T23:38:18.361+0000] {processor.py:840} INFO - DAG(s) 'example_branch_python_operator_decorator' retrieved from /home/airflow/.local/lib/python3.12/site-packages/airflow/example_dags/example_branch_operator_decorator.py
[2026-04-26T23:38:18.375+0000] {logging_mixin.py:188} INFO - [2026-04-26T23:38:18.375+0000] {dag.py:3096} INFO - Sync 1 DAGs
[2026-04-26T23:38:18.386+0000] {logging_mixin.py:188} INFO - [2026-04-26T23:38:18.386+0000] {dag.py:3954} INFO - Setting next_dagrun for example_branch_python_operator_decorator to 2026-04-25 00:00:00+00:00, run_after=2026-04-26 00:00:00+00:00
[2026-04-26T23:38:18.398+0000] {processor.py:183} INFO - Processing /home/airflow/.local/lib/python3.12/site-packages/airflow/example_dags/example_branch_operator_decorator.py took 0.052 seconds
[2026-04-26T23:38:46.349+0000] {processor.py:161} INFO - Started process (PID=73) to work on /home/airflow/.local/lib/python3.12/site-packages/airflow/example_dags/example_branch_operator_decorator.py
[2026-04-26T23:38:46.349+0000] {processor.py:830} INFO - Processing file /home/airflow/.local/lib/python3.12/site-packages/airflow/example_dags/example_branch_operator_decorator.py for tasks to queue
[2026-04-26T23:38:46.351+0000] {logging_mixin.py:188} INFO - [2026-04-26T23:38:46.350+0000] {dagbag.py:545} INFO - Filling up the DagBag from /home/airflow/.local/lib/python3.12/site-packages/airflow/example_dags/example_branch_operator_decorator.py
[2026-04-26T23:38:46.367+0000] {processor.py:840} INFO - DAG(s) 'example_branch_python_operator_decorator' retrieved from /home/airflow/.local/lib/python3.12/site-packages/airflow/example_dags/example_branch_operator_decorator.py
[2026-04-26T23:38:46.374+0000] {logging_mixin.py:188} INFO - [2026-04-26T23:38:46.374+0000] {dag.py:3096} INFO - Sync 1 DAGs
[2026-04-26T23:38:46.389+0000] {logging_mixin.py:188} INFO - [2026-04-26T23:38:46.389+0000] {dag.py:3954} INFO - Setting next_dagrun for example_branch_python_operator_decorator to 2026-04-25 00:00:00+00:00, run_after=2026-04-26 00:00:00+00:00
[2026-04-26T23:38:46.399+0000] {processor.py:183} INFO - Processing /home/airflow/.local/lib/python3.12/site-packages/airflow/example_dags/example_branch_operator_decorator.py took 0.054 seconds
[2026-04-26T23:39:17.057+0000] {processor.py:161} INFO - Started process (PID=138) to work on /home/airflow/.local/lib/python3.12/site-packages/airflow/example_dags/example_branch_operator_decorator.py
[2026-04-26T23:39:17.058+0000] {processor.py:830} INFO - Processing file /home/airflow/.local/lib/python3.12/site-packages/airflow/example_dags/example_branch_operator_decorator.py for tasks to queue
[2026-04-26T23:39:17.059+0000] {logging_mixin.py:188} INFO - [2026-04-26T23:39:17.058+0000] {dagbag.py:545} INFO - Filling up the DagBag from /home/airflow/.local/lib/python3.12/site-packages/airflow/example_dags/example_branch_operator_decorator.py
[2026-04-26T23:39:17.070+0000] {processor.py:840} INFO - DAG(s) 'example_branch_python_operator_decorator' retrieved from /home/airflow/.local/lib/python3.12/site-packages/airflow/example_dags/example_branch_operator_decorator.py
[2026-04-26T23:39:17.131+0000] {logging_mixin.py:188} INFO - [2026-04-26T23:39:17.130+0000] {dag.py:3096} INFO - Sync 1 DAGs
[2026-04-26T23:39:17.141+0000] {logging_mixin.py:188} INFO - [2026-04-26T23:39:17.141+0000] {dag.py:3954} INFO - Setting next_dagrun for example_branch_python_operator_decorator to 2026-04-25 00:00:00+00:00, run_after=2026-04-26 00:00:00+00:00
[2026-04-26T23:39:17.173+0000] {processor.py:183} INFO - Processing /home/airflow/.local/lib/python3.12/site-packages/airflow/example_dags/example_branch_operator_decorator.py took 0.119 seconds
[2026-04-26T23:39:47.734+0000] {processor.py:161} INFO - Started process (PID=197) to work on /home/airflow/.local/lib/python3.12/site-packages/airflow/example_dags/example_branch_operator_decorator.py
[2026-04-26T23:39:47.735+0000] {processor.py:830} INFO - Processing file /home/airflow/.local/lib/python3.12/site-packages/airflow/example_dags/example_branch_operator_decorator.py for tasks to queue
[2026-04-26T23:39:47.736+0000] {logging_mixin.py:188} INFO - [2026-04-26T23:39:47.736+0000] {dagbag.py:545} INFO - Filling up the DagBag from /home/airflow/.local/lib/python3.12/site-packages/airflow/example_dags/example_branch_operator_decorator.py
[2026-04-26T23:39:47.746+0000] {processor.py:840} INFO - DAG(s) 'example_branch_python_operator_decorator' retrieved from /home/airflow/.local/lib/python3.12/site-packages/airflow/example_dags/example_branch_operator_decorator.py
[2026-04-26T23:39:47.762+0000] {logging_mixin.py:188} INFO - [2026-04-26T23:39:47.762+0000] {dag.py:3096} INFO - Sync 1 DAGs
[2026-04-26T23:39:47.774+0000] {logging_mixin.py:188} INFO - [2026-04-26T23:39:47.774+0000] {dag.py:3954} INFO - Setting next_dagrun for example_branch_python_operator_decorator to 2026-04-25 00:00:00+00:00, run_after=2026-04-26 00:00:00+00:00
[2026-04-26T23:39:47.784+0000] {processor.py:183} INFO - Processing /home/airflow/.local/lib/python3.12/site-packages/airflow/example_dags/example_branch_operator_decorator.py took 0.053 seconds
[2026-04-26T23:40:18.573+0000] {processor.py:161} INFO - Started process (PID=256) to work on /home/airflow/.local/lib/python3.12/site-packages/airflow/example_dags/example_branch_operator_decorator.py
[2026-04-26T23:40:18.573+0000] {processor.py:830} INFO - Processing file /home/airflow/.local/lib/python3.12/site-packages/airflow/example_dags/example_branch_operator_decorator.py for tasks to queue
[2026-04-26T23:40:18.575+0000] {logging_mixin.py:188} INFO - [2026-04-26T23:40:18.574+0000] {dagbag.py:545} INFO - Filling up the DagBag from /home/airflow/.local/lib/python3.12/site-packages/airflow/example_dags/example_branch_operator_decorator.py
[2026-04-26T23:40:18.589+0000] {processor.py:840} INFO - DAG(s) 'example_branch_python_operator_decorator' retrieved from /home/airflow/.local/lib/python3.12/site-packages/airflow/example_dags/example_branch_operator_decorator.py
[2026-04-26T23:40:18.606+0000] {logging_mixin.py:188} INFO - [2026-04-26T23:40:18.606+0000] {dag.py:3096} INFO - Sync 1 DAGs
[2026-04-26T23:40:18.620+0000] {logging_mixin.py:188} INFO - [2026-04-26T23:40:18.619+0000] {dag.py:3954} INFO - Setting next_dagrun for example_branch_python_operator_decorator to 2026-04-25 00:00:00+00:00, run_after=2026-04-26 00:00:00+00:00
[2026-04-26T23:40:18.628+0000] {processor.py:183} INFO - Processing /home/airflow/.local/lib/python3.12/site-packages/airflow/example_dags/example_branch_operator_decorator.py took 0.060 seconds
[2026-04-26T23:40:49.608+0000] {processor.py:161} INFO - Started process (PID=315) to work on /home/airflow/.local/lib/python3.12/site-packages/airflow/example_dags/example_branch_operator_decorator.py
[2026-04-26T23:40:49.609+0000] {processor.py:830} INFO - Processing file /home/airflow/.local/lib/python3.12/site-packages/airflow/example_dags/example_branch_operator_decorator.py for tasks to queue
[2026-04-26T23:40:49.610+0000] {logging_mixin.py:188} INFO - [2026-04-26T23:40:49.610+0000] {dagbag.py:545} INFO - Filling up the DagBag from /home/airflow/.local/lib/python3.12/site-packages/airflow/example_dags/example_branch_operator_decorator.py
[2026-04-26T23:40:49.626+0000] {processor.py:840} INFO - DAG(s) 'example_branch_python_operator_decorator' retrieved from /home/airflow/.local/lib/python3.12/site-packages/airflow/example_dags/example_branch_operator_decorator.py
[2026-04-26T23:40:49.646+0000] {logging_mixin.py:188} INFO - [2026-04-26T23:40:49.646+0000] {dag.py:3096} INFO - Sync 1 DAGs
[2026-04-26T23:40:49.661+0000] {logging_mixin.py:188} INFO - [2026-04-26T23:40:49.661+0000] {dag.py:3954} INFO - Setting next_dagrun for example_branch_python_operator_decorator to 2026-04-25 00:00:00+00:00, run_after=2026-04-26 00:00:00+00:00
[2026-04-26T23:40:49.673+0000] {processor.py:183} INFO - Processing /home/airflow/.local/lib/python3.12/site-packages/airflow/example_dags/example_branch_operator_decorator.py took 0.070 seconds
[2026-04-26T23:41:20.450+0000] {processor.py:161} INFO - Started process (PID=374) to work on /home/airflow/.local/lib/python3.12/site-packages/airflow/example_dags/example_branch_operator_decorator.py
[2026-04-26T23:41:20.451+0000] {processor.py:830} INFO - Processing file /home/airflow/.local/lib/python3.12/site-packages/airflow/example_dags/example_branch_operator_decorator.py for tasks to queue
[2026-04-26T23:41:20.452+0000] {logging_mixin.py:188} INFO - [2026-04-26T23:41:20.452+0000] {dagbag.py:545} INFO - Filling up the DagBag from /home/airflow/.local/lib/python3.12/site-packages/airflow/example_dags/example_branch_operator_decorator.py
[2026-04-26T23:41:20.464+0000] {processor.py:840} INFO - DAG(s) 'example_branch_python_operator_decorator' retrieved from /home/airflow/.local/lib/python3.12/site-packages/airflow/example_dags/example_branch_operator_decorator.py
[2026-04-26T23:41:20.481+0000] {logging_mixin.py:188} INFO - [2026-04-26T23:41:20.480+0000] {dag.py:3096} INFO - Sync 1 DAGs
[2026-04-26T23:41:20.494+0000] {logging_mixin.py:188} INFO - [2026-04-26T23:41:20.494+0000] {dag.py:3954} INFO - Setting next_dagrun for example_branch_python_operator_decorator to 2026-04-25 00:00:00+00:00, run_after=2026-04-26 00:00:00+00:00
[2026-04-26T23:41:20.505+0000] {processor.py:183} INFO - Processing /home/airflow/.local/lib/python3.12/site-packages/airflow/example_dags/example_branch_operator_decorator.py took 0.059 seconds
[2026-04-26T23:41:50.658+0000] {processor.py:161} INFO - Started process (PID=433) to work on /home/airflow/.local/lib/python3.12/site-packages/airflow/example_dags/example_branch_operator_decorator.py
[2026-04-26T23:41:50.658+0000] {processor.py:830} INFO - Processing file /home/airflow/.local/lib/python3.12/site-packages/airflow/example_dags/example_branch_operator_decorator.py for tasks to queue
[2026-04-26T23:41:50.659+0000] {logging_mixin.py:188} INFO - [2026-04-26T23:41:50.659+0000] {dagbag.py:545} INFO - Filling up the DagBag from /home/airflow/.local/lib/python3.12/site-packages/airflow/example_dags/example_branch_operator_decorator.py
[2026-04-26T23:41:50.670+0000] {processor.py:840} INFO - DAG(s) 'example_branch_python_operator_decorator' retrieved from /home/airflow/.local/lib/python3.12/site-packages/airflow/example_dags/example_branch_operator_decorator.py
[2026-04-26T23:41:50.685+0000] {logging_mixin.py:188} INFO - [2026-04-26T23:41:50.685+0000] {dag.py:3096} INFO - Sync 1 DAGs
[2026-04-26T23:41:50.698+0000] {logging_mixin.py:188} INFO - [2026-04-26T23:41:50.698+0000] {dag.py:3954} INFO - Setting next_dagrun for example_branch_python_operator_decorator to 2026-04-25 00:00:00+00:00, run_after=2026-04-26 00:00:00+00:00
[2026-04-26T23:41:50.708+0000] {processor.py:183} INFO - Processing /home/airflow/.local/lib/python3.12/site-packages/airflow/example_dags/example_branch_operator_decorator.py took 0.053 seconds
[2026-04-26T23:42:20.758+0000] {processor.py:161} INFO - Started process (PID=492) to work on /home/airflow/.local/lib/python3.12/site-packages/airflow/example_dags/example_branch_operator_decorator.py
[2026-04-26T23:42:20.759+0000] {processor.py:830} INFO - Processing file /home/airflow/.local/lib/python3.12/site-packages/airflow/example_dags/example_branch_operator_decorator.py for tasks to queue
[2026-04-26T23:42:20.760+0000] {logging_mixin.py:188} INFO - [2026-04-26T23:42:20.760+0000] {dagbag.py:545} INFO - Filling up the DagBag from /home/airflow/.local/lib/python3.12/site-packages/airflow/example_dags/example_branch_operator_decorator.py
[2026-04-26T23:42:20.772+0000] {processor.py:840} INFO - DAG(s) 'example_branch_python_operator_decorator' retrieved from /home/airflow/.local/lib/python3.12/site-packages/airflow/example_dags/example_branch_operator_decorator.py
[2026-04-26T23:42:20.789+0000] {logging_mixin.py:188} INFO - [2026-04-26T23:42:20.789+0000] {dag.py:3096} INFO - Sync 1 DAGs
[2026-04-26T23:42:20.802+0000] {logging_mixin.py:188} INFO - [2026-04-26T23:42:20.802+0000] {dag.py:3954} INFO - Setting next_dagrun for example_branch_python_operator_decorator to 2026-04-25 00:00:00+00:00, run_after=2026-04-26 00:00:00+00:00
[2026-04-26T23:42:20.811+0000] {processor.py:183} INFO - Processing /home/airflow/.local/lib/python3.12/site-packages/airflow/example_dags/example_branch_operator_decorator.py took 0.057 seconds
[2026-04-26T23:42:50.959+0000] {processor.py:161} INFO - Started process (PID=551) to work on /home/airflow/.local/lib/python3.12/site-packages/airflow/example_dags/example_branch_operator_decorator.py
[2026-04-26T23:42:50.959+0000] {processor.py:830} INFO - Processing file /home/airflow/.local/lib/python3.12/site-packages/airflow/example_dags/example_branch_operator_decorator.py for tasks to queue
[2026-04-26T23:42:50.960+0000] {logging_mixin.py:188} INFO - [2026-04-26T23:42:50.960+0000] {dagbag.py:545} INFO - Filling up the DagBag from /home/airflow/.local/lib/python3.12/site-packages/airflow/example_dags/example_branch_operator_decorator.py
[2026-04-26T23:42:50.972+0000] {processor.py:840} INFO - DAG(s) 'example_branch_python_operator_decorator' retrieved from /home/airflow/.local/lib/python3.12/site-packages/airflow/example_dags/example_branch_operator_decorator.py
[2026-04-26T23:42:50.988+0000] {logging_mixin.py:188} INFO - [2026-04-26T23:42:50.988+0000] {dag.py:3096} INFO - Sync 1 DAGs
[2026-04-26T23:42:51.002+0000] {logging_mixin.py:188} INFO - [2026-04-26T23:42:51.002+0000] {dag.py:3954} INFO - Setting next_dagrun for example_branch_python_operator_decorator to 2026-04-25 00:00:00+00:00, run_after=2026-04-26 00:00:00+00:00
[2026-04-26T23:42:51.012+0000] {processor.py:183} INFO - Processing /home/airflow/.local/lib/python3.12/site-packages/airflow/example_dags/example_branch_operator_decorator.py took 0.057 seconds
[2026-04-26T23:43:20.871+0000] {processor.py:161} INFO - Started process (PID=79) to work on /home/airflow/.local/lib/python3.12/site-packages/airflow/example_dags/example_branch_operator_decorator.py
[2026-04-26T23:43:20.872+0000] {processor.py:830} INFO - Processing file /home/airflow/.local/lib/python3.12/site-packages/airflow/example_dags/example_branch_operator_decorator.py for tasks to queue
[2026-04-26T23:43:20.873+0000] {logging_mixin.py:188} INFO - [2026-04-26T23:43:20.873+0000] {dagbag.py:545} INFO - Filling up the DagBag from /home/airflow/.local/lib/python3.12/site-packages/airflow/example_dags/example_branch_operator_decorator.py
[2026-04-26T23:43:20.888+0000] {processor.py:840} INFO - DAG(s) 'example_branch_python_operator_decorator' retrieved from /home/airflow/.local/lib/python3.12/site-packages/airflow/example_dags/example_branch_operator_decorator.py
[2026-04-26T23:43:20.894+0000] {logging_mixin.py:188} INFO - [2026-04-26T23:43:20.894+0000] {dag.py:3096} INFO - Sync 1 DAGs
[2026-04-26T23:43:20.909+0000] {logging_mixin.py:188} INFO - [2026-04-26T23:43:20.909+0000] {dag.py:3954} INFO - Setting next_dagrun for example_branch_python_operator_decorator to 2026-04-25 00:00:00+00:00, run_after=2026-04-26 00:00:00+00:00
[2026-04-26T23:43:20.919+0000] {processor.py:183} INFO - Processing /home/airflow/.local/lib/python3.12/site-packages/airflow/example_dags/example_branch_operator_decorator.py took 0.052 seconds
[2026-04-26T23:43:51.776+0000] {processor.py:161} INFO - Started process (PID=138) to work on /home/airflow/.local/lib/python3.12/site-packages/airflow/example_dags/example_branch_operator_decorator.py
[2026-04-26T23:43:51.777+0000] {processor.py:830} INFO - Processing file /home/airflow/.local/lib/python3.12/site-packages/airflow/example_dags/example_branch_operator_decorator.py for tasks to queue
[2026-04-26T23:43:51.778+0000] {logging_mixin.py:188} INFO - [2026-04-26T23:43:51.778+0000] {dagbag.py:545} INFO - Filling up the DagBag from /home/airflow/.local/lib/python3.12/site-packages/airflow/example_dags/example_branch_operator_decorator.py
[2026-04-26T23:43:51.789+0000] {processor.py:840} INFO - DAG(s) 'example_branch_python_operator_decorator' retrieved from /home/airflow/.local/lib/python3.12/site-packages/airflow/example_dags/example_branch_operator_decorator.py
[2026-04-26T23:43:51.849+0000] {logging_mixin.py:188} INFO - [2026-04-26T23:43:51.848+0000] {dag.py:3096} INFO - Sync 1 DAGs
[2026-04-26T23:43:51.859+0000] {logging_mixin.py:188} INFO - [2026-04-26T23:43:51.859+0000] {dag.py:3954} INFO - Setting next_dagrun for example_branch_python_operator_decorator to 2026-04-25 00:00:00+00:00, run_after=2026-04-26 00:00:00+00:00
[2026-04-26T23:43:51.869+0000] {processor.py:183} INFO - Processing /home/airflow/.local/lib/python3.12/site-packages/airflow/example_dags/example_branch_operator_decorator.py took 0.097 seconds
[2026-04-26T23:44:21.978+0000] {processor.py:161} INFO - Started process (PID=197) to work on /home/airflow/.local/lib/python3.12/site-packages/airflow/example_dags/example_branch_operator_decorator.py
[2026-04-26T23:44:21.979+0000] {processor.py:830} INFO - Processing file /home/airflow/.local/lib/python3.12/site-packages/airflow/example_dags/example_branch_operator_decorator.py for tasks to queue
[2026-04-26T23:44:21.980+0000] {logging_mixin.py:188} INFO - [2026-04-26T23:44:21.980+0000] {dagbag.py:545} INFO - Filling up the DagBag from /home/airflow/.local/lib/python3.12/site-packages/airflow/example_dags/example_branch_operator_decorator.py
[2026-04-26T23:44:21.993+0000] {processor.py:840} INFO - DAG(s) 'example_branch_python_operator_decorator' retrieved from /home/airflow/.local/lib/python3.12/site-packages/airflow/example_dags/example_branch_operator_decorator.py
[2026-04-26T23:44:22.012+0000] {logging_mixin.py:188} INFO - [2026-04-26T23:44:22.012+0000] {dag.py:3096} INFO - Sync 1 DAGs
[2026-04-26T23:44:22.028+0000] {logging_mixin.py:188} INFO - [2026-04-26T23:44:22.028+0000] {dag.py:3954} INFO - Setting next_dagrun for example_branch_python_operator_decorator to 2026-04-25 00:00:00+00:00, run_after=2026-04-26 00:00:00+00:00
[2026-04-26T23:44:22.039+0000] {processor.py:183} INFO - Processing /home/airflow/.local/lib/python3.12/site-packages/airflow/example_dags/example_branch_operator_decorator.py took 0.066 seconds
[2026-04-26T23:44:52.101+0000] {processor.py:161} INFO - Started process (PID=256) to work on /home/airflow/.local/lib/python3.12/site-packages/airflow/example_dags/example_branch_operator_decorator.py
[2026-04-26T23:44:52.102+0000] {processor.py:830} INFO - Processing file /home/airflow/.local/lib/python3.12/site-packages/airflow/example_dags/example_branch_operator_decorator.py for tasks to queue
[2026-04-26T23:44:52.103+0000] {logging_mixin.py:188} INFO - [2026-04-26T23:44:52.103+0000] {dagbag.py:545} INFO - Filling up the DagBag from /home/airflow/.local/lib/python3.12/site-packages/airflow/example_dags/example_branch_operator_decorator.py
[2026-04-26T23:44:52.115+0000] {processor.py:840} INFO - DAG(s) 'example_branch_python_operator_decorator' retrieved from /home/airflow/.local/lib/python3.12/site-packages/airflow/example_dags/example_branch_operator_decorator.py
[2026-04-26T23:44:52.134+0000] {logging_mixin.py:188} INFO - [2026-04-26T23:44:52.134+0000] {dag.py:3096} INFO - Sync 1 DAGs
[2026-04-26T23:44:52.148+0000] {logging_mixin.py:188} INFO - [2026-04-26T23:44:52.147+0000] {dag.py:3954} INFO - Setting next_dagrun for example_branch_python_operator_decorator to 2026-04-25 00:00:00+00:00, run_after=2026-04-26 00:00:00+00:00
[2026-04-26T23:44:52.157+0000] {processor.py:183} INFO - Processing /home/airflow/.local/lib/python3.12/site-packages/airflow/example_dags/example_branch_operator_decorator.py took 0.060 seconds
[2026-04-26T23:45:23.006+0000] {processor.py:161} INFO - Started process (PID=315) to work on /home/airflow/.local/lib/python3.12/site-packages/airflow/example_dags/example_branch_operator_decorator.py
[2026-04-26T23:45:23.007+0000] {processor.py:830} INFO - Processing file /home/airflow/.local/lib/python3.12/site-packages/airflow/example_dags/example_branch_operator_decorator.py for tasks to queue
[2026-04-26T23:45:23.008+0000] {logging_mixin.py:188} INFO - [2026-04-26T23:45:23.008+0000] {dagbag.py:545} INFO - Filling up the DagBag from /home/airflow/.local/lib/python3.12/site-packages/airflow/example_dags/example_branch_operator_decorator.py
[2026-04-26T23:45:23.020+0000] {processor.py:840} INFO - DAG(s) 'example_branch_python_operator_decorator' retrieved from /home/airflow/.local/lib/python3.12/site-packages/airflow/example_dags/example_branch_operator_decorator.py
[2026-04-26T23:45:23.036+0000] {logging_mixin.py:188} INFO - [2026-04-26T23:45:23.036+0000] {dag.py:3096} INFO - Sync 1 DAGs
[2026-04-26T23:45:23.049+0000] {logging_mixin.py:188} INFO - [2026-04-26T23:45:23.049+0000] {dag.py:3954} INFO - Setting next_dagrun for example_branch_python_operator_decorator to 2026-04-25 00:00:00+00:00, run_after=2026-04-26 00:00:00+00:00
[2026-04-26T23:45:23.059+0000] {processor.py:183} INFO - Processing /home/airflow/.local/lib/python3.12/site-packages/airflow/example_dags/example_branch_operator_decorator.py took 0.057 seconds
[2026-04-26T23:45:53.807+0000] {processor.py:161} INFO - Started process (PID=374) to work on /home/airflow/.local/lib/python3.12/site-packages/airflow/example_dags/example_branch_operator_decorator.py
[2026-04-26T23:45:53.808+0000] {processor.py:830} INFO - Processing file /home/airflow/.local/lib/python3.12/site-packages/airflow/example_dags/example_branch_operator_decorator.py for tasks to queue
[2026-04-26T23:45:53.809+0000] {logging_mixin.py:188} INFO - [2026-04-26T23:45:53.809+0000] {dagbag.py:545} INFO - Filling up the DagBag from /home/airflow/.local/lib/python3.12/site-packages/airflow/example_dags/example_branch_operator_decorator.py
[2026-04-26T23:45:53.820+0000] {processor.py:840} INFO - DAG(s) 'example_branch_python_operator_decorator' retrieved from /home/airflow/.local/lib/python3.12/site-packages/airflow/example_dags/example_branch_operator_decorator.py
[2026-04-26T23:45:53.835+0000] {logging_mixin.py:188} INFO - [2026-04-26T23:45:53.835+0000] {dag.py:3096} INFO - Sync 1 DAGs
[2026-04-26T23:45:53.847+0000] {logging_mixin.py:188} INFO - [2026-04-26T23:45:53.847+0000] {dag.py:3954} INFO - Setting next_dagrun for example_branch_python_operator_decorator to 2026-04-25 00:00:00+00:00, run_after=2026-04-26 00:00:00+00:00
[2026-04-26T23:45:53.857+0000] {processor.py:183} INFO - Processing /home/airflow/.local/lib/python3.12/site-packages/airflow/example_dags/example_branch_operator_decorator.py took 0.054 seconds
[2026-04-26T23:46:24.585+0000] {processor.py:161} INFO - Started process (PID=433) to work on /home/airflow/.local/lib/python3.12/site-packages/airflow/example_dags/example_branch_operator_decorator.py
[2026-04-26T23:46:24.585+0000] {processor.py:830} INFO - Processing file /home/airflow/.local/lib/python3.12/site-packages/airflow/example_dags/example_branch_operator_decorator.py for tasks to queue
[2026-04-26T23:46:24.586+0000] {logging_mixin.py:188} INFO - [2026-04-26T23:46:24.586+0000] {dagbag.py:545} INFO - Filling up the DagBag from /home/airflow/.local/lib/python3.12/site-packages/airflow/example_dags/example_branch_operator_decorator.py
[2026-04-26T23:46:24.597+0000] {processor.py:840} INFO - DAG(s) 'example_branch_python_operator_decorator' retrieved from /home/airflow/.local/lib/python3.12/site-packages/airflow/example_dags/example_branch_operator_decorator.py
[2026-04-26T23:46:24.614+0000] {logging_mixin.py:188} INFO - [2026-04-26T23:46:24.613+0000] {dag.py:3096} INFO - Sync 1 DAGs
[2026-04-26T23:46:24.627+0000] {logging_mixin.py:188} INFO - [2026-04-26T23:46:24.627+0000] {dag.py:3954} INFO - Setting next_dagrun for example_branch_python_operator_decorator to 2026-04-25 00:00:00+00:00, run_after=2026-04-26 00:00:00+00:00
[2026-04-26T23:46:24.637+0000] {processor.py:183} INFO - Processing /home/airflow/.local/lib/python3.12/site-packages/airflow/example_dags/example_branch_operator_decorator.py took 0.056 seconds
[2026-04-26T23:46:55.367+0000] {processor.py:161} INFO - Started process (PID=492) to work on /home/airflow/.local/lib/python3.12/site-packages/airflow/example_dags/example_branch_operator_decorator.py
[2026-04-26T23:46:55.368+0000] {processor.py:830} INFO - Processing file /home/airflow/.local/lib/python3.12/site-packages/airflow/example_dags/example_branch_operator_decorator.py for tasks to queue
[2026-04-26T23:46:55.369+0000] {logging_mixin.py:188} INFO - [2026-04-26T23:46:55.368+0000] {dagbag.py:545} INFO - Filling up the DagBag from /home/airflow/.local/lib/python3.12/site-packages/airflow/example_dags/example_branch_operator_decorator.py
[2026-04-26T23:46:55.381+0000] {processor.py:840} INFO - DAG(s) 'example_branch_python_operator_decorator' retrieved from /home/airflow/.local/lib/python3.12/site-packages/airflow/example_dags/example_branch_operator_decorator.py
[2026-04-26T23:46:55.398+0000] {logging_mixin.py:188} INFO - [2026-04-26T23:46:55.398+0000] {dag.py:3096} INFO - Sync 1 DAGs
[2026-04-26T23:46:55.411+0000] {logging_mixin.py:188} INFO - [2026-04-26T23:46:55.411+0000] {dag.py:3954} INFO - Setting next_dagrun for example_branch_python_operator_decorator to 2026-04-25 00:00:00+00:00, run_after=2026-04-26 00:00:00+00:00
[2026-04-26T23:46:55.422+0000] {processor.py:183} INFO - Processing /home/airflow/.local/lib/python3.12/site-packages/airflow/example_dags/example_branch_operator_decorator.py took 0.059 seconds
[2026-04-26T23:47:25.633+0000] {processor.py:161} INFO - Started process (PID=551) to work on /home/airflow/.local/lib/python3.12/site-packages/airflow/example_dags/example_branch_operator_decorator.py
[2026-04-26T23:47:25.634+0000] {processor.py:830} INFO - Processing file /home/airflow/.local/lib/python3.12/site-packages/airflow/example_dags/example_branch_operator_decorator.py for tasks to queue
[2026-04-26T23:47:25.635+0000] {logging_mixin.py:188} INFO - [2026-04-26T23:47:25.635+0000] {dagbag.py:545} INFO - Filling up the DagBag from /home/airflow/.local/lib/python3.12/site-packages/airflow/example_dags/example_branch_operator_decorator.py
[2026-04-26T23:47:25.647+0000] {processor.py:840} INFO - DAG(s) 'example_branch_python_operator_decorator' retrieved from /home/airflow/.local/lib/python3.12/site-packages/airflow/example_dags/example_branch_operator_decorator.py
[2026-04-26T23:47:25.665+0000] {logging_mixin.py:188} INFO - [2026-04-26T23:47:25.665+0000] {dag.py:3096} INFO - Sync 1 DAGs
[2026-04-26T23:47:25.680+0000] {logging_mixin.py:188} INFO - [2026-04-26T23:47:25.680+0000] {dag.py:3954} INFO - Setting next_dagrun for example_branch_python_operator_decorator to 2026-04-25 00:00:00+00:00, run_after=2026-04-26 00:00:00+00:00
[2026-04-26T23:47:25.692+0000] {processor.py:183} INFO - Processing /home/airflow/.local/lib/python3.12/site-packages/airflow/example_dags/example_branch_operator_decorator.py took 0.063 seconds
[2026-04-26T23:47:55.766+0000] {processor.py:161} INFO - Started process (PID=610) to work on /home/airflow/.local/lib/python3.12/site-packages/airflow/example_dags/example_branch_operator_decorator.py
[2026-04-26T23:47:55.767+0000] {processor.py:830} INFO - Processing file /home/airflow/.local/lib/python3.12/site-packages/airflow/example_dags/example_branch_operator_decorator.py for tasks to queue
[2026-04-26T23:47:55.768+0000] {logging_mixin.py:188} INFO - [2026-04-26T23:47:55.768+0000] {dagbag.py:545} INFO - Filling up the DagBag from /home/airflow/.local/lib/python3.12/site-packages/airflow/example_dags/example_branch_operator_decorator.py
[2026-04-26T23:47:55.783+0000] {processor.py:840} INFO - DAG(s) 'example_branch_python_operator_decorator' retrieved from /home/airflow/.local/lib/python3.12/site-packages/airflow/example_dags/example_branch_operator_decorator.py
[2026-04-26T23:47:55.803+0000] {logging_mixin.py:188} INFO - [2026-04-26T23:47:55.803+0000] {dag.py:3096} INFO - Sync 1 DAGs
[2026-04-26T23:47:55.819+0000] {logging_mixin.py:188} INFO - [2026-04-26T23:47:55.819+0000] {dag.py:3954} INFO - Setting next_dagrun for example_branch_python_operator_decorator to 2026-04-25 00:00:00+00:00, run_after=2026-04-26 00:00:00+00:00
[2026-04-26T23:47:55.850+0000] {processor.py:183} INFO - Processing /home/airflow/.local/lib/python3.12/site-packages/airflow/example_dags/example_branch_operator_decorator.py took 0.088 seconds
[2026-04-26T23:48:26.821+0000] {processor.py:161} INFO - Started process (PID=669) to work on /home/airflow/.local/lib/python3.12/site-packages/airflow/example_dags/example_branch_operator_decorator.py
[2026-04-26T23:48:26.842+0000] {processor.py:830} INFO - Processing file /home/airflow/.local/lib/python3.12/site-packages/airflow/example_dags/example_branch_operator_decorator.py for tasks to queue
[2026-04-26T23:48:26.843+0000] {logging_mixin.py:188} INFO - [2026-04-26T23:48:26.843+0000] {dagbag.py:545} INFO - Filling up the DagBag from /home/airflow/.local/lib/python3.12/site-packages/airflow/example_dags/example_branch_operator_decorator.py
[2026-04-26T23:48:26.857+0000] {processor.py:840} INFO - DAG(s) 'example_branch_python_operator_decorator' retrieved from /home/airflow/.local/lib/python3.12/site-packages/airflow/example_dags/example_branch_operator_decorator.py
[2026-04-26T23:48:26.876+0000] {logging_mixin.py:188} INFO - [2026-04-26T23:48:26.876+0000] {dag.py:3096} INFO - Sync 1 DAGs
[2026-04-26T23:48:26.892+0000] {logging_mixin.py:188} INFO - [2026-04-26T23:48:26.892+0000] {dag.py:3954} INFO - Setting next_dagrun for example_branch_python_operator_decorator to 2026-04-25 00:00:00+00:00, run_after=2026-04-26 00:00:00+00:00
[2026-04-26T23:48:26.905+0000] {processor.py:183} INFO - Processing /home/airflow/.local/lib/python3.12/site-packages/airflow/example_dags/example_branch_operator_decorator.py took 0.088 seconds
[2026-04-26T23:48:57.881+0000] {processor.py:161} INFO - Started process (PID=728) to work on /home/airflow/.local/lib/python3.12/site-packages/airflow/example_dags/example_branch_operator_decorator.py
[2026-04-26T23:48:57.882+0000] {processor.py:830} INFO - Processing file /home/airflow/.local/lib/python3.12/site-packages/airflow/example_dags/example_branch_operator_decorator.py for tasks to queue
[2026-04-26T23:48:57.884+0000] {logging_mixin.py:188} INFO - [2026-04-26T23:48:57.883+0000] {dagbag.py:545} INFO - Filling up the DagBag from /home/airflow/.local/lib/python3.12/site-packages/airflow/example_dags/example_branch_operator_decorator.py
[2026-04-26T23:48:57.899+0000] {processor.py:840} INFO - DAG(s) 'example_branch_python_operator_decorator' retrieved from /home/airflow/.local/lib/python3.12/site-packages/airflow/example_dags/example_branch_operator_decorator.py
[2026-04-26T23:48:57.918+0000] {logging_mixin.py:188} INFO - [2026-04-26T23:48:57.918+0000] {dag.py:3096} INFO - Sync 1 DAGs
[2026-04-26T23:48:57.935+0000] {logging_mixin.py:188} INFO - [2026-04-26T23:48:57.935+0000] {dag.py:3954} INFO - Setting next_dagrun for example_branch_python_operator_decorator to 2026-04-25 00:00:00+00:00, run_after=2026-04-26 00:00:00+00:00
[2026-04-26T23:48:57.949+0000] {processor.py:183} INFO - Processing /home/airflow/.local/lib/python3.12/site-packages/airflow/example_dags/example_branch_operator_decorator.py took 0.072 seconds
[2026-04-26T23:49:28.043+0000] {processor.py:161} INFO - Started process (PID=787) to work on /home/airflow/.local/lib/python3.12/site-packages/airflow/example_dags/example_branch_operator_decorator.py
[2026-04-26T23:49:28.043+0000] {processor.py:830} INFO - Processing file /home/airflow/.local/lib/python3.12/site-packages/airflow/example_dags/example_branch_operator_decorator.py for tasks to queue
[2026-04-26T23:49:28.045+0000] {logging_mixin.py:188} INFO - [2026-04-26T23:49:28.044+0000] {dagbag.py:545} INFO - Filling up the DagBag from /home/airflow/.local/lib/python3.12/site-packages/airflow/example_dags/example_branch_operator_decorator.py
[2026-04-26T23:49:28.059+0000] {processor.py:840} INFO - DAG(s) 'example_branch_python_operator_decorator' retrieved from /home/airflow/.local/lib/python3.12/site-packages/airflow/example_dags/example_branch_operator_decorator.py
[2026-04-26T23:49:28.079+0000] {logging_mixin.py:188} INFO - [2026-04-26T23:49:28.079+0000] {dag.py:3096} INFO - Sync 1 DAGs
[2026-04-26T23:49:28.095+0000] {logging_mixin.py:188} INFO - [2026-04-26T23:49:28.095+0000] {dag.py:3954} INFO - Setting next_dagrun for example_branch_python_operator_decorator to 2026-04-25 00:00:00+00:00, run_after=2026-04-26 00:00:00+00:00
[2026-04-26T23:49:28.108+0000] {processor.py:183} INFO - Processing /home/airflow/.local/lib/python3.12/site-packages/airflow/example_dags/example_branch_operator_decorator.py took 0.070 seconds
[2026-04-26T23:50:03.751+0000] {processor.py:161} INFO - Started process (PID=79) to work on /home/airflow/.local/lib/python3.12/site-packages/airflow/example_dags/example_branch_operator_decorator.py
[2026-04-26T23:50:03.752+0000] {processor.py:830} INFO - Processing file /home/airflow/.local/lib/python3.12/site-packages/airflow/example_dags/example_branch_operator_decorator.py for tasks to queue
[2026-04-26T23:50:03.753+0000] {logging_mixin.py:188} INFO - [2026-04-26T23:50:03.753+0000] {dagbag.py:545} INFO - Filling up the DagBag from /home/airflow/.local/lib/python3.12/site-packages/airflow/example_dags/example_branch_operator_decorator.py
[2026-04-26T23:50:03.770+0000] {processor.py:840} INFO - DAG(s) 'example_branch_python_operator_decorator' retrieved from /home/airflow/.local/lib/python3.12/site-packages/airflow/example_dags/example_branch_operator_decorator.py
[2026-04-26T23:50:03.776+0000] {logging_mixin.py:188} INFO - [2026-04-26T23:50:03.776+0000] {dag.py:3096} INFO - Sync 1 DAGs
[2026-04-26T23:50:03.790+0000] {logging_mixin.py:188} INFO - [2026-04-26T23:50:03.790+0000] {dag.py:3954} INFO - Setting next_dagrun for example_branch_python_operator_decorator to 2026-04-25 00:00:00+00:00, run_after=2026-04-26 00:00:00+00:00
[2026-04-26T23:50:03.799+0000] {processor.py:183} INFO - Processing /home/airflow/.local/lib/python3.12/site-packages/airflow/example_dags/example_branch_operator_decorator.py took 0.052 seconds
[2026-04-26T23:50:34.872+0000] {processor.py:161} INFO - Started process (PID=138) to work on /home/airflow/.local/lib/python3.12/site-packages/airflow/example_dags/example_branch_operator_decorator.py
[2026-04-26T23:50:34.873+0000] {processor.py:830} INFO - Processing file /home/airflow/.local/lib/python3.12/site-packages/airflow/example_dags/example_branch_operator_decorator.py for tasks to queue
[2026-04-26T23:50:34.874+0000] {logging_mixin.py:188} INFO - [2026-04-26T23:50:34.874+0000] {dagbag.py:545} INFO - Filling up the DagBag from /home/airflow/.local/lib/python3.12/site-packages/airflow/example_dags/example_branch_operator_decorator.py
[2026-04-26T23:50:34.887+0000] {processor.py:840} INFO - DAG(s) 'example_branch_python_operator_decorator' retrieved from /home/airflow/.local/lib/python3.12/site-packages/airflow/example_dags/example_branch_operator_decorator.py
[2026-04-26T23:50:34.953+0000] {logging_mixin.py:188} INFO - [2026-04-26T23:50:34.952+0000] {dag.py:3096} INFO - Sync 1 DAGs
[2026-04-26T23:50:34.964+0000] {logging_mixin.py:188} INFO - [2026-04-26T23:50:34.964+0000] {dag.py:3954} INFO - Setting next_dagrun for example_branch_python_operator_decorator to 2026-04-25 00:00:00+00:00, run_after=2026-04-26 00:00:00+00:00
[2026-04-26T23:50:34.978+0000] {processor.py:183} INFO - Processing /home/airflow/.local/lib/python3.12/site-packages/airflow/example_dags/example_branch_operator_decorator.py took 0.110 seconds
[2026-04-26T23:51:05.008+0000] {processor.py:161} INFO - Started process (PID=197) to work on /home/airflow/.local/lib/python3.12/site-packages/airflow/example_dags/example_branch_operator_decorator.py
[2026-04-26T23:51:05.009+0000] {processor.py:830} INFO - Processing file /home/airflow/.local/lib/python3.12/site-packages/airflow/example_dags/example_branch_operator_decorator.py for tasks to queue
[2026-04-26T23:51:05.010+0000] {logging_mixin.py:188} INFO - [2026-04-26T23:51:05.010+0000] {dagbag.py:545} INFO - Filling up the DagBag from /home/airflow/.local/lib/python3.12/site-packages/airflow/example_dags/example_branch_operator_decorator.py
[2026-04-26T23:51:05.021+0000] {processor.py:840} INFO - DAG(s) 'example_branch_python_operator_decorator' retrieved from /home/airflow/.local/lib/python3.12/site-packages/airflow/example_dags/example_branch_operator_decorator.py
[2026-04-26T23:51:05.035+0000] {logging_mixin.py:188} INFO - [2026-04-26T23:51:05.035+0000] {dag.py:3096} INFO - Sync 1 DAGs
[2026-04-26T23:51:05.048+0000] {logging_mixin.py:188} INFO - [2026-04-26T23:51:05.048+0000] {dag.py:3954} INFO - Setting next_dagrun for example_branch_python_operator_decorator to 2026-04-25 00:00:00+00:00, run_after=2026-04-26 00:00:00+00:00
[2026-04-26T23:51:05.057+0000] {processor.py:183} INFO - Processing /home/airflow/.local/lib/python3.12/site-packages/airflow/example_dags/example_branch_operator_decorator.py took 0.052 seconds
[2026-04-26T23:51:35.113+0000] {processor.py:161} INFO - Started process (PID=256) to work on /home/airflow/.local/lib/python3.12/site-packages/airflow/example_dags/example_branch_operator_decorator.py
[2026-04-26T23:51:35.113+0000] {processor.py:830} INFO - Processing file /home/airflow/.local/lib/python3.12/site-packages/airflow/example_dags/example_branch_operator_decorator.py for tasks to queue
[2026-04-26T23:51:35.114+0000] {logging_mixin.py:188} INFO - [2026-04-26T23:51:35.114+0000] {dagbag.py:545} INFO - Filling up the DagBag from /home/airflow/.local/lib/python3.12/site-packages/airflow/example_dags/example_branch_operator_decorator.py
[2026-04-26T23:51:35.126+0000] {processor.py:840} INFO - DAG(s) 'example_branch_python_operator_decorator' retrieved from /home/airflow/.local/lib/python3.12/site-packages/airflow/example_dags/example_branch_operator_decorator.py
[2026-04-26T23:51:35.142+0000] {logging_mixin.py:188} INFO - [2026-04-26T23:51:35.141+0000] {dag.py:3096} INFO - Sync 1 DAGs
[2026-04-26T23:51:35.154+0000] {logging_mixin.py:188} INFO - [2026-04-26T23:51:35.154+0000] {dag.py:3954} INFO - Setting next_dagrun for example_branch_python_operator_decorator to 2026-04-25 00:00:00+00:00, run_after=2026-04-26 00:00:00+00:00
[2026-04-26T23:51:35.165+0000] {processor.py:183} INFO - Processing /home/airflow/.local/lib/python3.12/site-packages/airflow/example_dags/example_branch_operator_decorator.py took 0.056 seconds
[2026-04-26T23:52:05.277+0000] {processor.py:161} INFO - Started process (PID=315) to work on /home/airflow/.local/lib/python3.12/site-packages/airflow/example_dags/example_branch_operator_decorator.py
[2026-04-26T23:52:05.278+0000] {processor.py:830} INFO - Processing file /home/airflow/.local/lib/python3.12/site-packages/airflow/example_dags/example_branch_operator_decorator.py for tasks to queue
[2026-04-26T23:52:05.279+0000] {logging_mixin.py:188} INFO - [2026-04-26T23:52:05.279+0000] {dagbag.py:545} INFO - Filling up the DagBag from /home/airflow/.local/lib/python3.12/site-packages/airflow/example_dags/example_branch_operator_decorator.py
[2026-04-26T23:52:05.290+0000] {processor.py:840} INFO - DAG(s) 'example_branch_python_operator_decorator' retrieved from /home/airflow/.local/lib/python3.12/site-packages/airflow/example_dags/example_branch_operator_decorator.py
[2026-04-26T23:52:05.304+0000] {logging_mixin.py:188} INFO - [2026-04-26T23:52:05.304+0000] {dag.py:3096} INFO - Sync 1 DAGs
[2026-04-26T23:52:05.316+0000] {logging_mixin.py:188} INFO - [2026-04-26T23:52:05.316+0000] {dag.py:3954} INFO - Setting next_dagrun for example_branch_python_operator_decorator to 2026-04-25 00:00:00+00:00, run_after=2026-04-26 00:00:00+00:00
[2026-04-26T23:52:05.325+0000] {processor.py:183} INFO - Processing /home/airflow/.local/lib/python3.12/site-packages/airflow/example_dags/example_branch_operator_decorator.py took 0.051 seconds
[2026-04-26T23:52:35.541+0000] {processor.py:161} INFO - Started process (PID=374) to work on /home/airflow/.local/lib/python3.12/site-packages/airflow/example_dags/example_branch_operator_decorator.py
[2026-04-26T23:52:35.541+0000] {processor.py:830} INFO - Processing file /home/airflow/.local/lib/python3.12/site-packages/airflow/example_dags/example_branch_operator_decorator.py for tasks to queue
[2026-04-26T23:52:35.542+0000] {logging_mixin.py:188} INFO - [2026-04-26T23:52:35.542+0000] {dagbag.py:545} INFO - Filling up the DagBag from /home/airflow/.local/lib/python3.12/site-packages/airflow/example_dags/example_branch_operator_decorator.py
[2026-04-26T23:52:35.553+0000] {processor.py:840} INFO - DAG(s) 'example_branch_python_operator_decorator' retrieved from /home/airflow/.local/lib/python3.12/site-packages/airflow/example_dags/example_branch_operator_decorator.py
[2026-04-26T23:52:35.568+0000] {logging_mixin.py:188} INFO - [2026-04-26T23:52:35.568+0000] {dag.py:3096} INFO - Sync 1 DAGs
[2026-04-26T23:52:35.580+0000] {logging_mixin.py:188} INFO - [2026-04-26T23:52:35.579+0000] {dag.py:3954} INFO - Setting next_dagrun for example_branch_python_operator_decorator to 2026-04-25 00:00:00+00:00, run_after=2026-04-26 00:00:00+00:00
[2026-04-26T23:52:35.589+0000] {processor.py:183} INFO - Processing /home/airflow/.local/lib/python3.12/site-packages/airflow/example_dags/example_branch_operator_decorator.py took 0.052 seconds
[2026-04-26T23:53:06.312+0000] {processor.py:161} INFO - Started process (PID=433) to work on /home/airflow/.local/lib/python3.12/site-packages/airflow/example_dags/example_branch_operator_decorator.py
[2026-04-26T23:53:06.313+0000] {processor.py:830} INFO - Processing file /home/airflow/.local/lib/python3.12/site-packages/airflow/example_dags/example_branch_operator_decorator.py for tasks to queue
[2026-04-26T23:53:06.314+0000] {logging_mixin.py:188} INFO - [2026-04-26T23:53:06.314+0000] {dagbag.py:545} INFO - Filling up the DagBag from /home/airflow/.local/lib/python3.12/site-packages/airflow/example_dags/example_branch_operator_decorator.py
[2026-04-26T23:53:06.329+0000] {processor.py:840} INFO - DAG(s) 'example_branch_python_operator_decorator' retrieved from /home/airflow/.local/lib/python3.12/site-packages/airflow/example_dags/example_branch_operator_decorator.py
[2026-04-26T23:53:06.349+0000] {logging_mixin.py:188} INFO - [2026-04-26T23:53:06.349+0000] {dag.py:3096} INFO - Sync 1 DAGs
[2026-04-26T23:53:06.365+0000] {logging_mixin.py:188} INFO - [2026-04-26T23:53:06.365+0000] {dag.py:3954} INFO - Setting next_dagrun for example_branch_python_operator_decorator to 2026-04-25 00:00:00+00:00, run_after=2026-04-26 00:00:00+00:00
[2026-04-26T23:53:06.402+0000] {processor.py:183} INFO - Processing /home/airflow/.local/lib/python3.12/site-packages/airflow/example_dags/example_branch_operator_decorator.py took 0.095 seconds
[2026-04-26T23:53:36.691+0000] {processor.py:161} INFO - Started process (PID=492) to work on /home/airflow/.local/lib/python3.12/site-packages/airflow/example_dags/example_branch_operator_decorator.py
[2026-04-26T23:53:36.692+0000] {processor.py:830} INFO - Processing file /home/airflow/.local/lib/python3.12/site-packages/airflow/example_dags/example_branch_operator_decorator.py for tasks to queue
[2026-04-26T23:53:36.693+0000] {logging_mixin.py:188} INFO - [2026-04-26T23:53:36.693+0000] {dagbag.py:545} INFO - Filling up the DagBag from /home/airflow/.local/lib/python3.12/site-packages/airflow/example_dags/example_branch_operator_decorator.py
[2026-04-26T23:53:36.708+0000] {processor.py:840} INFO - DAG(s) 'example_branch_python_operator_decorator' retrieved from /home/airflow/.local/lib/python3.12/site-packages/airflow/example_dags/example_branch_operator_decorator.py
[2026-04-26T23:53:36.728+0000] {logging_mixin.py:188} INFO - [2026-04-26T23:53:36.728+0000] {dag.py:3096} INFO - Sync 1 DAGs
[2026-04-26T23:53:36.744+0000] {logging_mixin.py:188} INFO - [2026-04-26T23:53:36.744+0000] {dag.py:3954} INFO - Setting next_dagrun for example_branch_python_operator_decorator to 2026-04-25 00:00:00+00:00, run_after=2026-04-26 00:00:00+00:00
[2026-04-26T23:53:36.757+0000] {processor.py:183} INFO - Processing /home/airflow/.local/lib/python3.12/site-packages/airflow/example_dags/example_branch_operator_decorator.py took 0.071 seconds
