[2026-04-26T23:08:15.100+0000] {processor.py:161} INFO - Started process (PID=68) to work on /home/airflow/.local/lib/python3.12/site-packages/airflow/example_dags/example_latest_only_with_trigger.py
[2026-04-26T23:08:15.100+0000] {processor.py:830} INFO - Processing file /home/airflow/.local/lib/python3.12/site-packages/airflow/example_dags/example_latest_only_with_trigger.py for tasks to queue
[2026-04-26T23:08:15.102+0000] {logging_mixin.py:188} INFO - [2026-04-26T23:08:15.101+0000] {dagbag.py:545} INFO - Filling up the DagBag from /home/airflow/.local/lib/python3.12/site-packages/airflow/example_dags/example_latest_only_with_trigger.py
[2026-04-26T23:08:15.109+0000] {processor.py:840} INFO - DAG(s) 'latest_only_with_trigger' retrieved from /home/airflow/.local/lib/python3.12/site-packages/airflow/example_dags/example_latest_only_with_trigger.py
[2026-04-26T23:08:15.119+0000] {logging_mixin.py:188} INFO - [2026-04-26T23:08:15.118+0000] {dag.py:3096} INFO - Sync 1 DAGs
[2026-04-26T23:08:15.150+0000] {logging_mixin.py:188} INFO - [2026-04-26T23:08:15.150+0000] {dag.py:3954} INFO - Setting next_dagrun for latest_only_with_trigger to 2026-04-26 16:00:00+00:00, run_after=2026-04-26 20:00:00+00:00
[2026-04-26T23:08:15.165+0000] {processor.py:183} INFO - Processing /home/airflow/.local/lib/python3.12/site-packages/airflow/example_dags/example_latest_only_with_trigger.py took 0.070 seconds
[2026-04-26T23:08:46.008+0000] {processor.py:161} INFO - Started process (PID=126) to work on /home/airflow/.local/lib/python3.12/site-packages/airflow/example_dags/example_latest_only_with_trigger.py
[2026-04-26T23:08:46.008+0000] {processor.py:830} INFO - Processing file /home/airflow/.local/lib/python3.12/site-packages/airflow/example_dags/example_latest_only_with_trigger.py for tasks to queue
[2026-04-26T23:08:46.010+0000] {logging_mixin.py:188} INFO - [2026-04-26T23:08:46.009+0000] {dagbag.py:545} INFO - Filling up the DagBag from /home/airflow/.local/lib/python3.12/site-packages/airflow/example_dags/example_latest_only_with_trigger.py
[2026-04-26T23:08:46.014+0000] {processor.py:840} INFO - DAG(s) 'latest_only_with_trigger' retrieved from /home/airflow/.local/lib/python3.12/site-packages/airflow/example_dags/example_latest_only_with_trigger.py
[2026-04-26T23:08:46.081+0000] {logging_mixin.py:188} INFO - [2026-04-26T23:08:46.081+0000] {dag.py:3096} INFO - Sync 1 DAGs
[2026-04-26T23:08:46.094+0000] {logging_mixin.py:188} INFO - [2026-04-26T23:08:46.094+0000] {dag.py:3954} INFO - Setting next_dagrun for latest_only_with_trigger to 2026-04-26 16:00:00+00:00, run_after=2026-04-26 20:00:00+00:00
[2026-04-26T23:08:46.107+0000] {processor.py:183} INFO - Processing /home/airflow/.local/lib/python3.12/site-packages/airflow/example_dags/example_latest_only_with_trigger.py took 0.103 seconds
[2026-04-26T23:09:16.702+0000] {processor.py:161} INFO - Started process (PID=184) to work on /home/airflow/.local/lib/python3.12/site-packages/airflow/example_dags/example_latest_only_with_trigger.py
[2026-04-26T23:09:16.703+0000] {processor.py:830} INFO - Processing file /home/airflow/.local/lib/python3.12/site-packages/airflow/example_dags/example_latest_only_with_trigger.py for tasks to queue
[2026-04-26T23:09:16.704+0000] {logging_mixin.py:188} INFO - [2026-04-26T23:09:16.703+0000] {dagbag.py:545} INFO - Filling up the DagBag from /home/airflow/.local/lib/python3.12/site-packages/airflow/example_dags/example_latest_only_with_trigger.py
[2026-04-26T23:09:16.707+0000] {processor.py:840} INFO - DAG(s) 'latest_only_with_trigger' retrieved from /home/airflow/.local/lib/python3.12/site-packages/airflow/example_dags/example_latest_only_with_trigger.py
[2026-04-26T23:09:16.718+0000] {logging_mixin.py:188} INFO - [2026-04-26T23:09:16.717+0000] {dag.py:3096} INFO - Sync 1 DAGs
[2026-04-26T23:09:16.728+0000] {logging_mixin.py:188} INFO - [2026-04-26T23:09:16.728+0000] {dag.py:3954} INFO - Setting next_dagrun for latest_only_with_trigger to 2026-04-26 16:00:00+00:00, run_after=2026-04-26 20:00:00+00:00
[2026-04-26T23:09:16.737+0000] {processor.py:183} INFO - Processing /home/airflow/.local/lib/python3.12/site-packages/airflow/example_dags/example_latest_only_with_trigger.py took 0.039 seconds
[2026-04-26T23:09:47.535+0000] {processor.py:161} INFO - Started process (PID=242) to work on /home/airflow/.local/lib/python3.12/site-packages/airflow/example_dags/example_latest_only_with_trigger.py
[2026-04-26T23:09:47.536+0000] {processor.py:830} INFO - Processing file /home/airflow/.local/lib/python3.12/site-packages/airflow/example_dags/example_latest_only_with_trigger.py for tasks to queue
[2026-04-26T23:09:47.537+0000] {logging_mixin.py:188} INFO - [2026-04-26T23:09:47.537+0000] {dagbag.py:545} INFO - Filling up the DagBag from /home/airflow/.local/lib/python3.12/site-packages/airflow/example_dags/example_latest_only_with_trigger.py
[2026-04-26T23:09:47.540+0000] {processor.py:840} INFO - DAG(s) 'latest_only_with_trigger' retrieved from /home/airflow/.local/lib/python3.12/site-packages/airflow/example_dags/example_latest_only_with_trigger.py
[2026-04-26T23:09:47.552+0000] {logging_mixin.py:188} INFO - [2026-04-26T23:09:47.552+0000] {dag.py:3096} INFO - Sync 1 DAGs
[2026-04-26T23:09:47.565+0000] {logging_mixin.py:188} INFO - [2026-04-26T23:09:47.564+0000] {dag.py:3954} INFO - Setting next_dagrun for latest_only_with_trigger to 2026-04-26 16:00:00+00:00, run_after=2026-04-26 20:00:00+00:00
[2026-04-26T23:09:47.575+0000] {processor.py:183} INFO - Processing /home/airflow/.local/lib/python3.12/site-packages/airflow/example_dags/example_latest_only_with_trigger.py took 0.044 seconds
[2026-04-26T23:10:18.468+0000] {processor.py:161} INFO - Started process (PID=306) to work on /home/airflow/.local/lib/python3.12/site-packages/airflow/example_dags/example_latest_only_with_trigger.py
[2026-04-26T23:10:18.468+0000] {processor.py:830} INFO - Processing file /home/airflow/.local/lib/python3.12/site-packages/airflow/example_dags/example_latest_only_with_trigger.py for tasks to queue
[2026-04-26T23:10:18.469+0000] {logging_mixin.py:188} INFO - [2026-04-26T23:10:18.469+0000] {dagbag.py:545} INFO - Filling up the DagBag from /home/airflow/.local/lib/python3.12/site-packages/airflow/example_dags/example_latest_only_with_trigger.py
[2026-04-26T23:10:18.472+0000] {processor.py:840} INFO - DAG(s) 'latest_only_with_trigger' retrieved from /home/airflow/.local/lib/python3.12/site-packages/airflow/example_dags/example_latest_only_with_trigger.py
[2026-04-26T23:10:18.483+0000] {logging_mixin.py:188} INFO - [2026-04-26T23:10:18.483+0000] {dag.py:3096} INFO - Sync 1 DAGs
[2026-04-26T23:10:18.494+0000] {logging_mixin.py:188} INFO - [2026-04-26T23:10:18.494+0000] {dag.py:3954} INFO - Setting next_dagrun for latest_only_with_trigger to 2026-04-26 16:00:00+00:00, run_after=2026-04-26 20:00:00+00:00
[2026-04-26T23:10:18.504+0000] {processor.py:183} INFO - Processing /home/airflow/.local/lib/python3.12/site-packages/airflow/example_dags/example_latest_only_with_trigger.py took 0.040 seconds
[2026-04-26T23:10:48.611+0000] {processor.py:161} INFO - Started process (PID=364) to work on /home/airflow/.local/lib/python3.12/site-packages/airflow/example_dags/example_latest_only_with_trigger.py
[2026-04-26T23:10:48.612+0000] {processor.py:830} INFO - Processing file /home/airflow/.local/lib/python3.12/site-packages/airflow/example_dags/example_latest_only_with_trigger.py for tasks to queue
[2026-04-26T23:10:48.613+0000] {logging_mixin.py:188} INFO - [2026-04-26T23:10:48.612+0000] {dagbag.py:545} INFO - Filling up the DagBag from /home/airflow/.local/lib/python3.12/site-packages/airflow/example_dags/example_latest_only_with_trigger.py
[2026-04-26T23:10:48.616+0000] {processor.py:840} INFO - DAG(s) 'latest_only_with_trigger' retrieved from /home/airflow/.local/lib/python3.12/site-packages/airflow/example_dags/example_latest_only_with_trigger.py
[2026-04-26T23:10:48.627+0000] {logging_mixin.py:188} INFO - [2026-04-26T23:10:48.627+0000] {dag.py:3096} INFO - Sync 1 DAGs
[2026-04-26T23:10:48.638+0000] {logging_mixin.py:188} INFO - [2026-04-26T23:10:48.638+0000] {dag.py:3954} INFO - Setting next_dagrun for latest_only_with_trigger to 2026-04-26 16:00:00+00:00, run_after=2026-04-26 20:00:00+00:00
[2026-04-26T23:10:48.647+0000] {processor.py:183} INFO - Processing /home/airflow/.local/lib/python3.12/site-packages/airflow/example_dags/example_latest_only_with_trigger.py took 0.040 seconds
[2026-04-26T23:11:19.335+0000] {processor.py:161} INFO - Started process (PID=422) to work on /home/airflow/.local/lib/python3.12/site-packages/airflow/example_dags/example_latest_only_with_trigger.py
[2026-04-26T23:11:19.336+0000] {processor.py:830} INFO - Processing file /home/airflow/.local/lib/python3.12/site-packages/airflow/example_dags/example_latest_only_with_trigger.py for tasks to queue
[2026-04-26T23:11:19.337+0000] {logging_mixin.py:188} INFO - [2026-04-26T23:11:19.337+0000] {dagbag.py:545} INFO - Filling up the DagBag from /home/airflow/.local/lib/python3.12/site-packages/airflow/example_dags/example_latest_only_with_trigger.py
[2026-04-26T23:11:19.340+0000] {processor.py:840} INFO - DAG(s) 'latest_only_with_trigger' retrieved from /home/airflow/.local/lib/python3.12/site-packages/airflow/example_dags/example_latest_only_with_trigger.py
[2026-04-26T23:11:19.353+0000] {logging_mixin.py:188} INFO - [2026-04-26T23:11:19.353+0000] {dag.py:3096} INFO - Sync 1 DAGs
[2026-04-26T23:11:19.367+0000] {logging_mixin.py:188} INFO - [2026-04-26T23:11:19.366+0000] {dag.py:3954} INFO - Setting next_dagrun for latest_only_with_trigger to 2026-04-26 16:00:00+00:00, run_after=2026-04-26 20:00:00+00:00
[2026-04-26T23:11:19.377+0000] {processor.py:183} INFO - Processing /home/airflow/.local/lib/python3.12/site-packages/airflow/example_dags/example_latest_only_with_trigger.py took 0.046 seconds
[2026-04-26T23:11:50.082+0000] {processor.py:161} INFO - Started process (PID=480) to work on /home/airflow/.local/lib/python3.12/site-packages/airflow/example_dags/example_latest_only_with_trigger.py
[2026-04-26T23:11:50.082+0000] {processor.py:830} INFO - Processing file /home/airflow/.local/lib/python3.12/site-packages/airflow/example_dags/example_latest_only_with_trigger.py for tasks to queue
[2026-04-26T23:11:50.083+0000] {logging_mixin.py:188} INFO - [2026-04-26T23:11:50.083+0000] {dagbag.py:545} INFO - Filling up the DagBag from /home/airflow/.local/lib/python3.12/site-packages/airflow/example_dags/example_latest_only_with_trigger.py
[2026-04-26T23:11:50.086+0000] {processor.py:840} INFO - DAG(s) 'latest_only_with_trigger' retrieved from /home/airflow/.local/lib/python3.12/site-packages/airflow/example_dags/example_latest_only_with_trigger.py
[2026-04-26T23:11:50.096+0000] {logging_mixin.py:188} INFO - [2026-04-26T23:11:50.096+0000] {dag.py:3096} INFO - Sync 1 DAGs
[2026-04-26T23:11:50.106+0000] {logging_mixin.py:188} INFO - [2026-04-26T23:11:50.106+0000] {dag.py:3954} INFO - Setting next_dagrun for latest_only_with_trigger to 2026-04-26 16:00:00+00:00, run_after=2026-04-26 20:00:00+00:00
[2026-04-26T23:11:50.115+0000] {processor.py:183} INFO - Processing /home/airflow/.local/lib/python3.12/site-packages/airflow/example_dags/example_latest_only_with_trigger.py took 0.036 seconds
[2026-04-26T23:12:20.890+0000] {processor.py:161} INFO - Started process (PID=538) to work on /home/airflow/.local/lib/python3.12/site-packages/airflow/example_dags/example_latest_only_with_trigger.py
[2026-04-26T23:12:20.890+0000] {processor.py:830} INFO - Processing file /home/airflow/.local/lib/python3.12/site-packages/airflow/example_dags/example_latest_only_with_trigger.py for tasks to queue
[2026-04-26T23:12:20.892+0000] {logging_mixin.py:188} INFO - [2026-04-26T23:12:20.891+0000] {dagbag.py:545} INFO - Filling up the DagBag from /home/airflow/.local/lib/python3.12/site-packages/airflow/example_dags/example_latest_only_with_trigger.py
[2026-04-26T23:12:20.895+0000] {processor.py:840} INFO - DAG(s) 'latest_only_with_trigger' retrieved from /home/airflow/.local/lib/python3.12/site-packages/airflow/example_dags/example_latest_only_with_trigger.py
[2026-04-26T23:12:20.908+0000] {logging_mixin.py:188} INFO - [2026-04-26T23:12:20.908+0000] {dag.py:3096} INFO - Sync 1 DAGs
[2026-04-26T23:12:20.921+0000] {logging_mixin.py:188} INFO - [2026-04-26T23:12:20.921+0000] {dag.py:3954} INFO - Setting next_dagrun for latest_only_with_trigger to 2026-04-26 16:00:00+00:00, run_after=2026-04-26 20:00:00+00:00
[2026-04-26T23:12:20.933+0000] {processor.py:183} INFO - Processing /home/airflow/.local/lib/python3.12/site-packages/airflow/example_dags/example_latest_only_with_trigger.py took 0.047 seconds
[2026-04-26T23:12:51.759+0000] {processor.py:161} INFO - Started process (PID=596) to work on /home/airflow/.local/lib/python3.12/site-packages/airflow/example_dags/example_latest_only_with_trigger.py
[2026-04-26T23:12:51.760+0000] {processor.py:830} INFO - Processing file /home/airflow/.local/lib/python3.12/site-packages/airflow/example_dags/example_latest_only_with_trigger.py for tasks to queue
[2026-04-26T23:12:51.761+0000] {logging_mixin.py:188} INFO - [2026-04-26T23:12:51.760+0000] {dagbag.py:545} INFO - Filling up the DagBag from /home/airflow/.local/lib/python3.12/site-packages/airflow/example_dags/example_latest_only_with_trigger.py
[2026-04-26T23:12:51.765+0000] {processor.py:840} INFO - DAG(s) 'latest_only_with_trigger' retrieved from /home/airflow/.local/lib/python3.12/site-packages/airflow/example_dags/example_latest_only_with_trigger.py
[2026-04-26T23:12:51.777+0000] {logging_mixin.py:188} INFO - [2026-04-26T23:12:51.776+0000] {dag.py:3096} INFO - Sync 1 DAGs
[2026-04-26T23:12:51.789+0000] {logging_mixin.py:188} INFO - [2026-04-26T23:12:51.789+0000] {dag.py:3954} INFO - Setting next_dagrun for latest_only_with_trigger to 2026-04-26 16:00:00+00:00, run_after=2026-04-26 20:00:00+00:00
[2026-04-26T23:12:51.800+0000] {processor.py:183} INFO - Processing /home/airflow/.local/lib/python3.12/site-packages/airflow/example_dags/example_latest_only_with_trigger.py took 0.044 seconds
[2026-04-26T23:13:21.823+0000] {processor.py:161} INFO - Started process (PID=654) to work on /home/airflow/.local/lib/python3.12/site-packages/airflow/example_dags/example_latest_only_with_trigger.py
[2026-04-26T23:13:21.824+0000] {processor.py:830} INFO - Processing file /home/airflow/.local/lib/python3.12/site-packages/airflow/example_dags/example_latest_only_with_trigger.py for tasks to queue
[2026-04-26T23:13:21.825+0000] {logging_mixin.py:188} INFO - [2026-04-26T23:13:21.824+0000] {dagbag.py:545} INFO - Filling up the DagBag from /home/airflow/.local/lib/python3.12/site-packages/airflow/example_dags/example_latest_only_with_trigger.py
[2026-04-26T23:13:21.829+0000] {processor.py:840} INFO - DAG(s) 'latest_only_with_trigger' retrieved from /home/airflow/.local/lib/python3.12/site-packages/airflow/example_dags/example_latest_only_with_trigger.py
[2026-04-26T23:13:21.843+0000] {logging_mixin.py:188} INFO - [2026-04-26T23:13:21.842+0000] {dag.py:3096} INFO - Sync 1 DAGs
[2026-04-26T23:13:21.858+0000] {logging_mixin.py:188} INFO - [2026-04-26T23:13:21.858+0000] {dag.py:3954} INFO - Setting next_dagrun for latest_only_with_trigger to 2026-04-26 16:00:00+00:00, run_after=2026-04-26 20:00:00+00:00
[2026-04-26T23:13:21.870+0000] {processor.py:183} INFO - Processing /home/airflow/.local/lib/python3.12/site-packages/airflow/example_dags/example_latest_only_with_trigger.py took 0.051 seconds
[2026-04-26T23:13:52.116+0000] {processor.py:161} INFO - Started process (PID=712) to work on /home/airflow/.local/lib/python3.12/site-packages/airflow/example_dags/example_latest_only_with_trigger.py
[2026-04-26T23:13:52.116+0000] {processor.py:830} INFO - Processing file /home/airflow/.local/lib/python3.12/site-packages/airflow/example_dags/example_latest_only_with_trigger.py for tasks to queue
[2026-04-26T23:13:52.117+0000] {logging_mixin.py:188} INFO - [2026-04-26T23:13:52.117+0000] {dagbag.py:545} INFO - Filling up the DagBag from /home/airflow/.local/lib/python3.12/site-packages/airflow/example_dags/example_latest_only_with_trigger.py
[2026-04-26T23:13:52.120+0000] {processor.py:840} INFO - DAG(s) 'latest_only_with_trigger' retrieved from /home/airflow/.local/lib/python3.12/site-packages/airflow/example_dags/example_latest_only_with_trigger.py
[2026-04-26T23:13:52.132+0000] {logging_mixin.py:188} INFO - [2026-04-26T23:13:52.132+0000] {dag.py:3096} INFO - Sync 1 DAGs
[2026-04-26T23:13:52.144+0000] {logging_mixin.py:188} INFO - [2026-04-26T23:13:52.143+0000] {dag.py:3954} INFO - Setting next_dagrun for latest_only_with_trigger to 2026-04-26 16:00:00+00:00, run_after=2026-04-26 20:00:00+00:00
[2026-04-26T23:13:52.155+0000] {processor.py:183} INFO - Processing /home/airflow/.local/lib/python3.12/site-packages/airflow/example_dags/example_latest_only_with_trigger.py took 0.044 seconds
[2026-04-26T23:14:22.742+0000] {processor.py:161} INFO - Started process (PID=770) to work on /home/airflow/.local/lib/python3.12/site-packages/airflow/example_dags/example_latest_only_with_trigger.py
[2026-04-26T23:14:22.742+0000] {processor.py:830} INFO - Processing file /home/airflow/.local/lib/python3.12/site-packages/airflow/example_dags/example_latest_only_with_trigger.py for tasks to queue
[2026-04-26T23:14:22.743+0000] {logging_mixin.py:188} INFO - [2026-04-26T23:14:22.743+0000] {dagbag.py:545} INFO - Filling up the DagBag from /home/airflow/.local/lib/python3.12/site-packages/airflow/example_dags/example_latest_only_with_trigger.py
[2026-04-26T23:14:22.746+0000] {processor.py:840} INFO - DAG(s) 'latest_only_with_trigger' retrieved from /home/airflow/.local/lib/python3.12/site-packages/airflow/example_dags/example_latest_only_with_trigger.py
[2026-04-26T23:14:22.756+0000] {logging_mixin.py:188} INFO - [2026-04-26T23:14:22.756+0000] {dag.py:3096} INFO - Sync 1 DAGs
[2026-04-26T23:14:22.768+0000] {logging_mixin.py:188} INFO - [2026-04-26T23:14:22.767+0000] {dag.py:3954} INFO - Setting next_dagrun for latest_only_with_trigger to 2026-04-26 16:00:00+00:00, run_after=2026-04-26 20:00:00+00:00
[2026-04-26T23:14:22.777+0000] {processor.py:183} INFO - Processing /home/airflow/.local/lib/python3.12/site-packages/airflow/example_dags/example_latest_only_with_trigger.py took 0.038 seconds
[2026-04-26T23:14:53.559+0000] {processor.py:161} INFO - Started process (PID=828) to work on /home/airflow/.local/lib/python3.12/site-packages/airflow/example_dags/example_latest_only_with_trigger.py
[2026-04-26T23:14:53.559+0000] {processor.py:830} INFO - Processing file /home/airflow/.local/lib/python3.12/site-packages/airflow/example_dags/example_latest_only_with_trigger.py for tasks to queue
[2026-04-26T23:14:53.561+0000] {logging_mixin.py:188} INFO - [2026-04-26T23:14:53.560+0000] {dagbag.py:545} INFO - Filling up the DagBag from /home/airflow/.local/lib/python3.12/site-packages/airflow/example_dags/example_latest_only_with_trigger.py
[2026-04-26T23:14:53.565+0000] {processor.py:840} INFO - DAG(s) 'latest_only_with_trigger' retrieved from /home/airflow/.local/lib/python3.12/site-packages/airflow/example_dags/example_latest_only_with_trigger.py
[2026-04-26T23:14:53.581+0000] {logging_mixin.py:188} INFO - [2026-04-26T23:14:53.580+0000] {dag.py:3096} INFO - Sync 1 DAGs
[2026-04-26T23:14:53.595+0000] {logging_mixin.py:188} INFO - [2026-04-26T23:14:53.595+0000] {dag.py:3954} INFO - Setting next_dagrun for latest_only_with_trigger to 2026-04-26 16:00:00+00:00, run_after=2026-04-26 20:00:00+00:00
[2026-04-26T23:14:53.608+0000] {processor.py:183} INFO - Processing /home/airflow/.local/lib/python3.12/site-packages/airflow/example_dags/example_latest_only_with_trigger.py took 0.054 seconds
[2026-04-26T23:15:23.649+0000] {processor.py:161} INFO - Started process (PID=886) to work on /home/airflow/.local/lib/python3.12/site-packages/airflow/example_dags/example_latest_only_with_trigger.py
[2026-04-26T23:15:23.650+0000] {processor.py:830} INFO - Processing file /home/airflow/.local/lib/python3.12/site-packages/airflow/example_dags/example_latest_only_with_trigger.py for tasks to queue
[2026-04-26T23:15:23.651+0000] {logging_mixin.py:188} INFO - [2026-04-26T23:15:23.651+0000] {dagbag.py:545} INFO - Filling up the DagBag from /home/airflow/.local/lib/python3.12/site-packages/airflow/example_dags/example_latest_only_with_trigger.py
[2026-04-26T23:15:23.654+0000] {processor.py:840} INFO - DAG(s) 'latest_only_with_trigger' retrieved from /home/airflow/.local/lib/python3.12/site-packages/airflow/example_dags/example_latest_only_with_trigger.py
[2026-04-26T23:15:23.667+0000] {logging_mixin.py:188} INFO - [2026-04-26T23:15:23.667+0000] {dag.py:3096} INFO - Sync 1 DAGs
[2026-04-26T23:15:23.679+0000] {logging_mixin.py:188} INFO - [2026-04-26T23:15:23.679+0000] {dag.py:3954} INFO - Setting next_dagrun for latest_only_with_trigger to 2026-04-26 16:00:00+00:00, run_after=2026-04-26 20:00:00+00:00
[2026-04-26T23:15:23.689+0000] {processor.py:183} INFO - Processing /home/airflow/.local/lib/python3.12/site-packages/airflow/example_dags/example_latest_only_with_trigger.py took 0.044 seconds
[2026-04-26T23:15:53.813+0000] {processor.py:161} INFO - Started process (PID=944) to work on /home/airflow/.local/lib/python3.12/site-packages/airflow/example_dags/example_latest_only_with_trigger.py
[2026-04-26T23:15:53.814+0000] {processor.py:830} INFO - Processing file /home/airflow/.local/lib/python3.12/site-packages/airflow/example_dags/example_latest_only_with_trigger.py for tasks to queue
[2026-04-26T23:15:53.815+0000] {logging_mixin.py:188} INFO - [2026-04-26T23:15:53.815+0000] {dagbag.py:545} INFO - Filling up the DagBag from /home/airflow/.local/lib/python3.12/site-packages/airflow/example_dags/example_latest_only_with_trigger.py
[2026-04-26T23:15:53.818+0000] {processor.py:840} INFO - DAG(s) 'latest_only_with_trigger' retrieved from /home/airflow/.local/lib/python3.12/site-packages/airflow/example_dags/example_latest_only_with_trigger.py
[2026-04-26T23:15:53.829+0000] {logging_mixin.py:188} INFO - [2026-04-26T23:15:53.829+0000] {dag.py:3096} INFO - Sync 1 DAGs
[2026-04-26T23:15:53.841+0000] {logging_mixin.py:188} INFO - [2026-04-26T23:15:53.841+0000] {dag.py:3954} INFO - Setting next_dagrun for latest_only_with_trigger to 2026-04-26 16:00:00+00:00, run_after=2026-04-26 20:00:00+00:00
[2026-04-26T23:15:53.851+0000] {processor.py:183} INFO - Processing /home/airflow/.local/lib/python3.12/site-packages/airflow/example_dags/example_latest_only_with_trigger.py took 0.041 seconds
[2026-04-26T23:16:24.002+0000] {processor.py:161} INFO - Started process (PID=1002) to work on /home/airflow/.local/lib/python3.12/site-packages/airflow/example_dags/example_latest_only_with_trigger.py
[2026-04-26T23:16:24.003+0000] {processor.py:830} INFO - Processing file /home/airflow/.local/lib/python3.12/site-packages/airflow/example_dags/example_latest_only_with_trigger.py for tasks to queue
[2026-04-26T23:16:24.004+0000] {logging_mixin.py:188} INFO - [2026-04-26T23:16:24.004+0000] {dagbag.py:545} INFO - Filling up the DagBag from /home/airflow/.local/lib/python3.12/site-packages/airflow/example_dags/example_latest_only_with_trigger.py
[2026-04-26T23:16:24.007+0000] {processor.py:840} INFO - DAG(s) 'latest_only_with_trigger' retrieved from /home/airflow/.local/lib/python3.12/site-packages/airflow/example_dags/example_latest_only_with_trigger.py
[2026-04-26T23:16:24.019+0000] {logging_mixin.py:188} INFO - [2026-04-26T23:16:24.019+0000] {dag.py:3096} INFO - Sync 1 DAGs
[2026-04-26T23:16:24.030+0000] {logging_mixin.py:188} INFO - [2026-04-26T23:16:24.030+0000] {dag.py:3954} INFO - Setting next_dagrun for latest_only_with_trigger to 2026-04-26 16:00:00+00:00, run_after=2026-04-26 20:00:00+00:00
[2026-04-26T23:16:24.039+0000] {processor.py:183} INFO - Processing /home/airflow/.local/lib/python3.12/site-packages/airflow/example_dags/example_latest_only_with_trigger.py took 0.041 seconds
[2026-04-26T23:16:54.248+0000] {processor.py:161} INFO - Started process (PID=1060) to work on /home/airflow/.local/lib/python3.12/site-packages/airflow/example_dags/example_latest_only_with_trigger.py
[2026-04-26T23:16:54.249+0000] {processor.py:830} INFO - Processing file /home/airflow/.local/lib/python3.12/site-packages/airflow/example_dags/example_latest_only_with_trigger.py for tasks to queue
[2026-04-26T23:16:54.250+0000] {logging_mixin.py:188} INFO - [2026-04-26T23:16:54.249+0000] {dagbag.py:545} INFO - Filling up the DagBag from /home/airflow/.local/lib/python3.12/site-packages/airflow/example_dags/example_latest_only_with_trigger.py
[2026-04-26T23:16:54.253+0000] {processor.py:840} INFO - DAG(s) 'latest_only_with_trigger' retrieved from /home/airflow/.local/lib/python3.12/site-packages/airflow/example_dags/example_latest_only_with_trigger.py
[2026-04-26T23:16:54.264+0000] {logging_mixin.py:188} INFO - [2026-04-26T23:16:54.264+0000] {dag.py:3096} INFO - Sync 1 DAGs
[2026-04-26T23:16:54.274+0000] {logging_mixin.py:188} INFO - [2026-04-26T23:16:54.274+0000] {dag.py:3954} INFO - Setting next_dagrun for latest_only_with_trigger to 2026-04-26 16:00:00+00:00, run_after=2026-04-26 20:00:00+00:00
[2026-04-26T23:16:54.284+0000] {processor.py:183} INFO - Processing /home/airflow/.local/lib/python3.12/site-packages/airflow/example_dags/example_latest_only_with_trigger.py took 0.039 seconds
[2026-04-26T23:17:24.660+0000] {processor.py:161} INFO - Started process (PID=1118) to work on /home/airflow/.local/lib/python3.12/site-packages/airflow/example_dags/example_latest_only_with_trigger.py
[2026-04-26T23:17:24.660+0000] {processor.py:830} INFO - Processing file /home/airflow/.local/lib/python3.12/site-packages/airflow/example_dags/example_latest_only_with_trigger.py for tasks to queue
[2026-04-26T23:17:24.661+0000] {logging_mixin.py:188} INFO - [2026-04-26T23:17:24.661+0000] {dagbag.py:545} INFO - Filling up the DagBag from /home/airflow/.local/lib/python3.12/site-packages/airflow/example_dags/example_latest_only_with_trigger.py
[2026-04-26T23:17:24.664+0000] {processor.py:840} INFO - DAG(s) 'latest_only_with_trigger' retrieved from /home/airflow/.local/lib/python3.12/site-packages/airflow/example_dags/example_latest_only_with_trigger.py
[2026-04-26T23:17:24.675+0000] {logging_mixin.py:188} INFO - [2026-04-26T23:17:24.675+0000] {dag.py:3096} INFO - Sync 1 DAGs
[2026-04-26T23:17:24.687+0000] {logging_mixin.py:188} INFO - [2026-04-26T23:17:24.687+0000] {dag.py:3954} INFO - Setting next_dagrun for latest_only_with_trigger to 2026-04-26 16:00:00+00:00, run_after=2026-04-26 20:00:00+00:00
[2026-04-26T23:17:24.696+0000] {processor.py:183} INFO - Processing /home/airflow/.local/lib/python3.12/site-packages/airflow/example_dags/example_latest_only_with_trigger.py took 0.039 seconds
[2026-04-26T23:17:54.973+0000] {processor.py:161} INFO - Started process (PID=1176) to work on /home/airflow/.local/lib/python3.12/site-packages/airflow/example_dags/example_latest_only_with_trigger.py
[2026-04-26T23:17:54.974+0000] {processor.py:830} INFO - Processing file /home/airflow/.local/lib/python3.12/site-packages/airflow/example_dags/example_latest_only_with_trigger.py for tasks to queue
[2026-04-26T23:17:54.975+0000] {logging_mixin.py:188} INFO - [2026-04-26T23:17:54.974+0000] {dagbag.py:545} INFO - Filling up the DagBag from /home/airflow/.local/lib/python3.12/site-packages/airflow/example_dags/example_latest_only_with_trigger.py
[2026-04-26T23:17:54.978+0000] {processor.py:840} INFO - DAG(s) 'latest_only_with_trigger' retrieved from /home/airflow/.local/lib/python3.12/site-packages/airflow/example_dags/example_latest_only_with_trigger.py
[2026-04-26T23:17:54.990+0000] {logging_mixin.py:188} INFO - [2026-04-26T23:17:54.990+0000] {dag.py:3096} INFO - Sync 1 DAGs
[2026-04-26T23:17:55.002+0000] {logging_mixin.py:188} INFO - [2026-04-26T23:17:55.002+0000] {dag.py:3954} INFO - Setting next_dagrun for latest_only_with_trigger to 2026-04-26 16:00:00+00:00, run_after=2026-04-26 20:00:00+00:00
[2026-04-26T23:17:55.012+0000] {processor.py:183} INFO - Processing /home/airflow/.local/lib/python3.12/site-packages/airflow/example_dags/example_latest_only_with_trigger.py took 0.042 seconds
[2026-04-26T23:18:26.009+0000] {processor.py:161} INFO - Started process (PID=1235) to work on /home/airflow/.local/lib/python3.12/site-packages/airflow/example_dags/example_latest_only_with_trigger.py
[2026-04-26T23:18:26.010+0000] {processor.py:830} INFO - Processing file /home/airflow/.local/lib/python3.12/site-packages/airflow/example_dags/example_latest_only_with_trigger.py for tasks to queue
[2026-04-26T23:18:26.012+0000] {logging_mixin.py:188} INFO - [2026-04-26T23:18:26.012+0000] {dagbag.py:545} INFO - Filling up the DagBag from /home/airflow/.local/lib/python3.12/site-packages/airflow/example_dags/example_latest_only_with_trigger.py
[2026-04-26T23:18:26.016+0000] {processor.py:840} INFO - DAG(s) 'latest_only_with_trigger' retrieved from /home/airflow/.local/lib/python3.12/site-packages/airflow/example_dags/example_latest_only_with_trigger.py
[2026-04-26T23:18:26.030+0000] {logging_mixin.py:188} INFO - [2026-04-26T23:18:26.030+0000] {dag.py:3096} INFO - Sync 1 DAGs
[2026-04-26T23:18:26.043+0000] {logging_mixin.py:188} INFO - [2026-04-26T23:18:26.043+0000] {dag.py:3954} INFO - Setting next_dagrun for latest_only_with_trigger to 2026-04-26 16:00:00+00:00, run_after=2026-04-26 20:00:00+00:00
[2026-04-26T23:18:26.054+0000] {processor.py:183} INFO - Processing /home/airflow/.local/lib/python3.12/site-packages/airflow/example_dags/example_latest_only_with_trigger.py took 0.049 seconds
[2026-04-26T23:18:56.441+0000] {processor.py:161} INFO - Started process (PID=1294) to work on /home/airflow/.local/lib/python3.12/site-packages/airflow/example_dags/example_latest_only_with_trigger.py
[2026-04-26T23:18:56.442+0000] {processor.py:830} INFO - Processing file /home/airflow/.local/lib/python3.12/site-packages/airflow/example_dags/example_latest_only_with_trigger.py for tasks to queue
[2026-04-26T23:18:56.443+0000] {logging_mixin.py:188} INFO - [2026-04-26T23:18:56.442+0000] {dagbag.py:545} INFO - Filling up the DagBag from /home/airflow/.local/lib/python3.12/site-packages/airflow/example_dags/example_latest_only_with_trigger.py
[2026-04-26T23:18:56.446+0000] {processor.py:840} INFO - DAG(s) 'latest_only_with_trigger' retrieved from /home/airflow/.local/lib/python3.12/site-packages/airflow/example_dags/example_latest_only_with_trigger.py
[2026-04-26T23:18:56.457+0000] {logging_mixin.py:188} INFO - [2026-04-26T23:18:56.457+0000] {dag.py:3096} INFO - Sync 1 DAGs
[2026-04-26T23:18:56.468+0000] {logging_mixin.py:188} INFO - [2026-04-26T23:18:56.468+0000] {dag.py:3954} INFO - Setting next_dagrun for latest_only_with_trigger to 2026-04-26 16:00:00+00:00, run_after=2026-04-26 20:00:00+00:00
[2026-04-26T23:18:56.477+0000] {processor.py:183} INFO - Processing /home/airflow/.local/lib/python3.12/site-packages/airflow/example_dags/example_latest_only_with_trigger.py took 0.040 seconds
[2026-04-26T23:19:26.657+0000] {processor.py:161} INFO - Started process (PID=1353) to work on /home/airflow/.local/lib/python3.12/site-packages/airflow/example_dags/example_latest_only_with_trigger.py
[2026-04-26T23:19:26.658+0000] {processor.py:830} INFO - Processing file /home/airflow/.local/lib/python3.12/site-packages/airflow/example_dags/example_latest_only_with_trigger.py for tasks to queue
[2026-04-26T23:19:26.659+0000] {logging_mixin.py:188} INFO - [2026-04-26T23:19:26.659+0000] {dagbag.py:545} INFO - Filling up the DagBag from /home/airflow/.local/lib/python3.12/site-packages/airflow/example_dags/example_latest_only_with_trigger.py
[2026-04-26T23:19:26.662+0000] {processor.py:840} INFO - DAG(s) 'latest_only_with_trigger' retrieved from /home/airflow/.local/lib/python3.12/site-packages/airflow/example_dags/example_latest_only_with_trigger.py
[2026-04-26T23:19:26.672+0000] {logging_mixin.py:188} INFO - [2026-04-26T23:19:26.672+0000] {dag.py:3096} INFO - Sync 1 DAGs
[2026-04-26T23:19:26.684+0000] {logging_mixin.py:188} INFO - [2026-04-26T23:19:26.684+0000] {dag.py:3954} INFO - Setting next_dagrun for latest_only_with_trigger to 2026-04-26 16:00:00+00:00, run_after=2026-04-26 20:00:00+00:00
[2026-04-26T23:19:26.693+0000] {processor.py:183} INFO - Processing /home/airflow/.local/lib/python3.12/site-packages/airflow/example_dags/example_latest_only_with_trigger.py took 0.039 seconds
[2026-04-26T23:19:57.006+0000] {processor.py:161} INFO - Started process (PID=1412) to work on /home/airflow/.local/lib/python3.12/site-packages/airflow/example_dags/example_latest_only_with_trigger.py
[2026-04-26T23:19:57.006+0000] {processor.py:830} INFO - Processing file /home/airflow/.local/lib/python3.12/site-packages/airflow/example_dags/example_latest_only_with_trigger.py for tasks to queue
[2026-04-26T23:19:57.007+0000] {logging_mixin.py:188} INFO - [2026-04-26T23:19:57.007+0000] {dagbag.py:545} INFO - Filling up the DagBag from /home/airflow/.local/lib/python3.12/site-packages/airflow/example_dags/example_latest_only_with_trigger.py
[2026-04-26T23:19:57.010+0000] {processor.py:840} INFO - DAG(s) 'latest_only_with_trigger' retrieved from /home/airflow/.local/lib/python3.12/site-packages/airflow/example_dags/example_latest_only_with_trigger.py
[2026-04-26T23:19:57.021+0000] {logging_mixin.py:188} INFO - [2026-04-26T23:19:57.021+0000] {dag.py:3096} INFO - Sync 1 DAGs
[2026-04-26T23:19:57.032+0000] {logging_mixin.py:188} INFO - [2026-04-26T23:19:57.032+0000] {dag.py:3954} INFO - Setting next_dagrun for latest_only_with_trigger to 2026-04-26 16:00:00+00:00, run_after=2026-04-26 20:00:00+00:00
[2026-04-26T23:19:57.040+0000] {processor.py:183} INFO - Processing /home/airflow/.local/lib/python3.12/site-packages/airflow/example_dags/example_latest_only_with_trigger.py took 0.038 seconds
[2026-04-26T23:20:27.267+0000] {processor.py:161} INFO - Started process (PID=1471) to work on /home/airflow/.local/lib/python3.12/site-packages/airflow/example_dags/example_latest_only_with_trigger.py
[2026-04-26T23:20:27.267+0000] {processor.py:830} INFO - Processing file /home/airflow/.local/lib/python3.12/site-packages/airflow/example_dags/example_latest_only_with_trigger.py for tasks to queue
[2026-04-26T23:20:27.268+0000] {logging_mixin.py:188} INFO - [2026-04-26T23:20:27.268+0000] {dagbag.py:545} INFO - Filling up the DagBag from /home/airflow/.local/lib/python3.12/site-packages/airflow/example_dags/example_latest_only_with_trigger.py
[2026-04-26T23:20:27.271+0000] {processor.py:840} INFO - DAG(s) 'latest_only_with_trigger' retrieved from /home/airflow/.local/lib/python3.12/site-packages/airflow/example_dags/example_latest_only_with_trigger.py
[2026-04-26T23:20:27.282+0000] {logging_mixin.py:188} INFO - [2026-04-26T23:20:27.282+0000] {dag.py:3096} INFO - Sync 1 DAGs
[2026-04-26T23:20:27.293+0000] {logging_mixin.py:188} INFO - [2026-04-26T23:20:27.293+0000] {dag.py:3954} INFO - Setting next_dagrun for latest_only_with_trigger to 2026-04-26 16:00:00+00:00, run_after=2026-04-26 20:00:00+00:00
[2026-04-26T23:20:27.302+0000] {processor.py:183} INFO - Processing /home/airflow/.local/lib/python3.12/site-packages/airflow/example_dags/example_latest_only_with_trigger.py took 0.039 seconds
[2026-04-26T23:20:57.475+0000] {processor.py:161} INFO - Started process (PID=1530) to work on /home/airflow/.local/lib/python3.12/site-packages/airflow/example_dags/example_latest_only_with_trigger.py
[2026-04-26T23:20:57.475+0000] {processor.py:830} INFO - Processing file /home/airflow/.local/lib/python3.12/site-packages/airflow/example_dags/example_latest_only_with_trigger.py for tasks to queue
[2026-04-26T23:20:57.476+0000] {logging_mixin.py:188} INFO - [2026-04-26T23:20:57.476+0000] {dagbag.py:545} INFO - Filling up the DagBag from /home/airflow/.local/lib/python3.12/site-packages/airflow/example_dags/example_latest_only_with_trigger.py
[2026-04-26T23:20:57.481+0000] {processor.py:840} INFO - DAG(s) 'latest_only_with_trigger' retrieved from /home/airflow/.local/lib/python3.12/site-packages/airflow/example_dags/example_latest_only_with_trigger.py
[2026-04-26T23:20:57.495+0000] {logging_mixin.py:188} INFO - [2026-04-26T23:20:57.495+0000] {dag.py:3096} INFO - Sync 1 DAGs
[2026-04-26T23:20:57.509+0000] {logging_mixin.py:188} INFO - [2026-04-26T23:20:57.509+0000] {dag.py:3954} INFO - Setting next_dagrun for latest_only_with_trigger to 2026-04-26 16:00:00+00:00, run_after=2026-04-26 20:00:00+00:00
[2026-04-26T23:20:57.522+0000] {processor.py:183} INFO - Processing /home/airflow/.local/lib/python3.12/site-packages/airflow/example_dags/example_latest_only_with_trigger.py took 0.052 seconds
[2026-04-26T23:21:27.743+0000] {processor.py:161} INFO - Started process (PID=1589) to work on /home/airflow/.local/lib/python3.12/site-packages/airflow/example_dags/example_latest_only_with_trigger.py
[2026-04-26T23:21:27.744+0000] {processor.py:830} INFO - Processing file /home/airflow/.local/lib/python3.12/site-packages/airflow/example_dags/example_latest_only_with_trigger.py for tasks to queue
[2026-04-26T23:21:27.745+0000] {logging_mixin.py:188} INFO - [2026-04-26T23:21:27.745+0000] {dagbag.py:545} INFO - Filling up the DagBag from /home/airflow/.local/lib/python3.12/site-packages/airflow/example_dags/example_latest_only_with_trigger.py
[2026-04-26T23:21:27.749+0000] {processor.py:840} INFO - DAG(s) 'latest_only_with_trigger' retrieved from /home/airflow/.local/lib/python3.12/site-packages/airflow/example_dags/example_latest_only_with_trigger.py
[2026-04-26T23:21:27.761+0000] {logging_mixin.py:188} INFO - [2026-04-26T23:21:27.761+0000] {dag.py:3096} INFO - Sync 1 DAGs
[2026-04-26T23:21:27.775+0000] {logging_mixin.py:188} INFO - [2026-04-26T23:21:27.775+0000] {dag.py:3954} INFO - Setting next_dagrun for latest_only_with_trigger to 2026-04-26 16:00:00+00:00, run_after=2026-04-26 20:00:00+00:00
[2026-04-26T23:21:27.785+0000] {processor.py:183} INFO - Processing /home/airflow/.local/lib/python3.12/site-packages/airflow/example_dags/example_latest_only_with_trigger.py took 0.046 seconds
[2026-04-26T23:21:58.799+0000] {processor.py:161} INFO - Started process (PID=1649) to work on /home/airflow/.local/lib/python3.12/site-packages/airflow/example_dags/example_latest_only_with_trigger.py
[2026-04-26T23:21:58.799+0000] {processor.py:830} INFO - Processing file /home/airflow/.local/lib/python3.12/site-packages/airflow/example_dags/example_latest_only_with_trigger.py for tasks to queue
[2026-04-26T23:21:58.801+0000] {logging_mixin.py:188} INFO - [2026-04-26T23:21:58.800+0000] {dagbag.py:545} INFO - Filling up the DagBag from /home/airflow/.local/lib/python3.12/site-packages/airflow/example_dags/example_latest_only_with_trigger.py
[2026-04-26T23:21:58.804+0000] {processor.py:840} INFO - DAG(s) 'latest_only_with_trigger' retrieved from /home/airflow/.local/lib/python3.12/site-packages/airflow/example_dags/example_latest_only_with_trigger.py
[2026-04-26T23:21:58.816+0000] {logging_mixin.py:188} INFO - [2026-04-26T23:21:58.816+0000] {dag.py:3096} INFO - Sync 1 DAGs
[2026-04-26T23:21:58.828+0000] {logging_mixin.py:188} INFO - [2026-04-26T23:21:58.828+0000] {dag.py:3954} INFO - Setting next_dagrun for latest_only_with_trigger to 2026-04-26 16:00:00+00:00, run_after=2026-04-26 20:00:00+00:00
[2026-04-26T23:21:58.839+0000] {processor.py:183} INFO - Processing /home/airflow/.local/lib/python3.12/site-packages/airflow/example_dags/example_latest_only_with_trigger.py took 0.043 seconds
[2026-04-26T23:22:29.087+0000] {processor.py:161} INFO - Started process (PID=1708) to work on /home/airflow/.local/lib/python3.12/site-packages/airflow/example_dags/example_latest_only_with_trigger.py
[2026-04-26T23:22:29.087+0000] {processor.py:830} INFO - Processing file /home/airflow/.local/lib/python3.12/site-packages/airflow/example_dags/example_latest_only_with_trigger.py for tasks to queue
[2026-04-26T23:22:29.088+0000] {logging_mixin.py:188} INFO - [2026-04-26T23:22:29.088+0000] {dagbag.py:545} INFO - Filling up the DagBag from /home/airflow/.local/lib/python3.12/site-packages/airflow/example_dags/example_latest_only_with_trigger.py
[2026-04-26T23:22:29.092+0000] {processor.py:840} INFO - DAG(s) 'latest_only_with_trigger' retrieved from /home/airflow/.local/lib/python3.12/site-packages/airflow/example_dags/example_latest_only_with_trigger.py
[2026-04-26T23:22:29.103+0000] {logging_mixin.py:188} INFO - [2026-04-26T23:22:29.102+0000] {dag.py:3096} INFO - Sync 1 DAGs
[2026-04-26T23:22:29.114+0000] {logging_mixin.py:188} INFO - [2026-04-26T23:22:29.113+0000] {dag.py:3954} INFO - Setting next_dagrun for latest_only_with_trigger to 2026-04-26 16:00:00+00:00, run_after=2026-04-26 20:00:00+00:00
[2026-04-26T23:22:29.124+0000] {processor.py:183} INFO - Processing /home/airflow/.local/lib/python3.12/site-packages/airflow/example_dags/example_latest_only_with_trigger.py took 0.040 seconds
[2026-04-26T23:22:59.339+0000] {processor.py:161} INFO - Started process (PID=1768) to work on /home/airflow/.local/lib/python3.12/site-packages/airflow/example_dags/example_latest_only_with_trigger.py
[2026-04-26T23:22:59.340+0000] {processor.py:830} INFO - Processing file /home/airflow/.local/lib/python3.12/site-packages/airflow/example_dags/example_latest_only_with_trigger.py for tasks to queue
[2026-04-26T23:22:59.341+0000] {logging_mixin.py:188} INFO - [2026-04-26T23:22:59.341+0000] {dagbag.py:545} INFO - Filling up the DagBag from /home/airflow/.local/lib/python3.12/site-packages/airflow/example_dags/example_latest_only_with_trigger.py
[2026-04-26T23:22:59.344+0000] {processor.py:840} INFO - DAG(s) 'latest_only_with_trigger' retrieved from /home/airflow/.local/lib/python3.12/site-packages/airflow/example_dags/example_latest_only_with_trigger.py
[2026-04-26T23:22:59.356+0000] {logging_mixin.py:188} INFO - [2026-04-26T23:22:59.356+0000] {dag.py:3096} INFO - Sync 1 DAGs
[2026-04-26T23:22:59.368+0000] {logging_mixin.py:188} INFO - [2026-04-26T23:22:59.367+0000] {dag.py:3954} INFO - Setting next_dagrun for latest_only_with_trigger to 2026-04-26 16:00:00+00:00, run_after=2026-04-26 20:00:00+00:00
[2026-04-26T23:22:59.377+0000] {processor.py:183} INFO - Processing /home/airflow/.local/lib/python3.12/site-packages/airflow/example_dags/example_latest_only_with_trigger.py took 0.041 seconds
[2026-04-26T23:23:30.167+0000] {processor.py:161} INFO - Started process (PID=1827) to work on /home/airflow/.local/lib/python3.12/site-packages/airflow/example_dags/example_latest_only_with_trigger.py
[2026-04-26T23:23:30.167+0000] {processor.py:830} INFO - Processing file /home/airflow/.local/lib/python3.12/site-packages/airflow/example_dags/example_latest_only_with_trigger.py for tasks to queue
[2026-04-26T23:23:30.168+0000] {logging_mixin.py:188} INFO - [2026-04-26T23:23:30.168+0000] {dagbag.py:545} INFO - Filling up the DagBag from /home/airflow/.local/lib/python3.12/site-packages/airflow/example_dags/example_latest_only_with_trigger.py
[2026-04-26T23:23:30.171+0000] {processor.py:840} INFO - DAG(s) 'latest_only_with_trigger' retrieved from /home/airflow/.local/lib/python3.12/site-packages/airflow/example_dags/example_latest_only_with_trigger.py
[2026-04-26T23:23:30.183+0000] {logging_mixin.py:188} INFO - [2026-04-26T23:23:30.182+0000] {dag.py:3096} INFO - Sync 1 DAGs
[2026-04-26T23:23:30.193+0000] {logging_mixin.py:188} INFO - [2026-04-26T23:23:30.193+0000] {dag.py:3954} INFO - Setting next_dagrun for latest_only_with_trigger to 2026-04-26 16:00:00+00:00, run_after=2026-04-26 20:00:00+00:00
[2026-04-26T23:23:30.203+0000] {processor.py:183} INFO - Processing /home/airflow/.local/lib/python3.12/site-packages/airflow/example_dags/example_latest_only_with_trigger.py took 0.040 seconds
[2026-04-26T23:24:01.553+0000] {processor.py:161} INFO - Started process (PID=1886) to work on /home/airflow/.local/lib/python3.12/site-packages/airflow/example_dags/example_latest_only_with_trigger.py
[2026-04-26T23:24:01.554+0000] {processor.py:830} INFO - Processing file /home/airflow/.local/lib/python3.12/site-packages/airflow/example_dags/example_latest_only_with_trigger.py for tasks to queue
[2026-04-26T23:24:01.555+0000] {logging_mixin.py:188} INFO - [2026-04-26T23:24:01.555+0000] {dagbag.py:545} INFO - Filling up the DagBag from /home/airflow/.local/lib/python3.12/site-packages/airflow/example_dags/example_latest_only_with_trigger.py
[2026-04-26T23:24:01.559+0000] {processor.py:840} INFO - DAG(s) 'latest_only_with_trigger' retrieved from /home/airflow/.local/lib/python3.12/site-packages/airflow/example_dags/example_latest_only_with_trigger.py
[2026-04-26T23:24:01.680+0000] {logging_mixin.py:188} INFO - [2026-04-26T23:24:01.680+0000] {dag.py:3096} INFO - Sync 1 DAGs
[2026-04-26T23:24:01.691+0000] {logging_mixin.py:188} INFO - [2026-04-26T23:24:01.690+0000] {dag.py:3954} INFO - Setting next_dagrun for latest_only_with_trigger to 2026-04-26 16:00:00+00:00, run_after=2026-04-26 20:00:00+00:00
[2026-04-26T23:24:01.698+0000] {processor.py:183} INFO - Processing /home/airflow/.local/lib/python3.12/site-packages/airflow/example_dags/example_latest_only_with_trigger.py took 0.148 seconds
[2026-04-26T23:24:32.521+0000] {processor.py:161} INFO - Started process (PID=1946) to work on /home/airflow/.local/lib/python3.12/site-packages/airflow/example_dags/example_latest_only_with_trigger.py
[2026-04-26T23:24:32.522+0000] {processor.py:830} INFO - Processing file /home/airflow/.local/lib/python3.12/site-packages/airflow/example_dags/example_latest_only_with_trigger.py for tasks to queue
[2026-04-26T23:24:32.522+0000] {logging_mixin.py:188} INFO - [2026-04-26T23:24:32.522+0000] {dagbag.py:545} INFO - Filling up the DagBag from /home/airflow/.local/lib/python3.12/site-packages/airflow/example_dags/example_latest_only_with_trigger.py
[2026-04-26T23:24:32.525+0000] {processor.py:840} INFO - DAG(s) 'latest_only_with_trigger' retrieved from /home/airflow/.local/lib/python3.12/site-packages/airflow/example_dags/example_latest_only_with_trigger.py
[2026-04-26T23:24:32.539+0000] {logging_mixin.py:188} INFO - [2026-04-26T23:24:32.538+0000] {dag.py:3096} INFO - Sync 1 DAGs
[2026-04-26T23:24:32.644+0000] {logging_mixin.py:188} INFO - [2026-04-26T23:24:32.644+0000] {dag.py:3954} INFO - Setting next_dagrun for latest_only_with_trigger to 2026-04-26 16:00:00+00:00, run_after=2026-04-26 20:00:00+00:00
[2026-04-26T23:24:32.652+0000] {processor.py:183} INFO - Processing /home/airflow/.local/lib/python3.12/site-packages/airflow/example_dags/example_latest_only_with_trigger.py took 0.134 seconds
[2026-04-26T23:25:02.872+0000] {processor.py:161} INFO - Started process (PID=2006) to work on /home/airflow/.local/lib/python3.12/site-packages/airflow/example_dags/example_latest_only_with_trigger.py
[2026-04-26T23:25:02.873+0000] {processor.py:830} INFO - Processing file /home/airflow/.local/lib/python3.12/site-packages/airflow/example_dags/example_latest_only_with_trigger.py for tasks to queue
[2026-04-26T23:25:02.874+0000] {logging_mixin.py:188} INFO - [2026-04-26T23:25:02.874+0000] {dagbag.py:545} INFO - Filling up the DagBag from /home/airflow/.local/lib/python3.12/site-packages/airflow/example_dags/example_latest_only_with_trigger.py
[2026-04-26T23:25:02.878+0000] {processor.py:840} INFO - DAG(s) 'latest_only_with_trigger' retrieved from /home/airflow/.local/lib/python3.12/site-packages/airflow/example_dags/example_latest_only_with_trigger.py
[2026-04-26T23:25:02.891+0000] {logging_mixin.py:188} INFO - [2026-04-26T23:25:02.890+0000] {dag.py:3096} INFO - Sync 1 DAGs
[2026-04-26T23:25:02.903+0000] {logging_mixin.py:188} INFO - [2026-04-26T23:25:02.903+0000] {dag.py:3954} INFO - Setting next_dagrun for latest_only_with_trigger to 2026-04-26 16:00:00+00:00, run_after=2026-04-26 20:00:00+00:00
[2026-04-26T23:25:02.915+0000] {processor.py:183} INFO - Processing /home/airflow/.local/lib/python3.12/site-packages/airflow/example_dags/example_latest_only_with_trigger.py took 0.047 seconds
[2026-04-26T23:25:33.626+0000] {processor.py:161} INFO - Started process (PID=2065) to work on /home/airflow/.local/lib/python3.12/site-packages/airflow/example_dags/example_latest_only_with_trigger.py
[2026-04-26T23:25:33.626+0000] {processor.py:830} INFO - Processing file /home/airflow/.local/lib/python3.12/site-packages/airflow/example_dags/example_latest_only_with_trigger.py for tasks to queue
[2026-04-26T23:25:33.627+0000] {logging_mixin.py:188} INFO - [2026-04-26T23:25:33.627+0000] {dagbag.py:545} INFO - Filling up the DagBag from /home/airflow/.local/lib/python3.12/site-packages/airflow/example_dags/example_latest_only_with_trigger.py
[2026-04-26T23:25:33.630+0000] {processor.py:840} INFO - DAG(s) 'latest_only_with_trigger' retrieved from /home/airflow/.local/lib/python3.12/site-packages/airflow/example_dags/example_latest_only_with_trigger.py
[2026-04-26T23:25:33.643+0000] {logging_mixin.py:188} INFO - [2026-04-26T23:25:33.642+0000] {dag.py:3096} INFO - Sync 1 DAGs
[2026-04-26T23:25:33.654+0000] {logging_mixin.py:188} INFO - [2026-04-26T23:25:33.654+0000] {dag.py:3954} INFO - Setting next_dagrun for latest_only_with_trigger to 2026-04-26 16:00:00+00:00, run_after=2026-04-26 20:00:00+00:00
[2026-04-26T23:25:33.664+0000] {processor.py:183} INFO - Processing /home/airflow/.local/lib/python3.12/site-packages/airflow/example_dags/example_latest_only_with_trigger.py took 0.042 seconds
[2026-04-26T23:26:04.427+0000] {processor.py:161} INFO - Started process (PID=2124) to work on /home/airflow/.local/lib/python3.12/site-packages/airflow/example_dags/example_latest_only_with_trigger.py
[2026-04-26T23:26:04.427+0000] {processor.py:830} INFO - Processing file /home/airflow/.local/lib/python3.12/site-packages/airflow/example_dags/example_latest_only_with_trigger.py for tasks to queue
[2026-04-26T23:26:04.428+0000] {logging_mixin.py:188} INFO - [2026-04-26T23:26:04.428+0000] {dagbag.py:545} INFO - Filling up the DagBag from /home/airflow/.local/lib/python3.12/site-packages/airflow/example_dags/example_latest_only_with_trigger.py
[2026-04-26T23:26:04.431+0000] {processor.py:840} INFO - DAG(s) 'latest_only_with_trigger' retrieved from /home/airflow/.local/lib/python3.12/site-packages/airflow/example_dags/example_latest_only_with_trigger.py
[2026-04-26T23:26:04.442+0000] {logging_mixin.py:188} INFO - [2026-04-26T23:26:04.442+0000] {dag.py:3096} INFO - Sync 1 DAGs
[2026-04-26T23:26:04.453+0000] {logging_mixin.py:188} INFO - [2026-04-26T23:26:04.453+0000] {dag.py:3954} INFO - Setting next_dagrun for latest_only_with_trigger to 2026-04-26 16:00:00+00:00, run_after=2026-04-26 20:00:00+00:00
[2026-04-26T23:26:04.462+0000] {processor.py:183} INFO - Processing /home/airflow/.local/lib/python3.12/site-packages/airflow/example_dags/example_latest_only_with_trigger.py took 0.039 seconds
[2026-04-26T23:26:35.130+0000] {processor.py:161} INFO - Started process (PID=2183) to work on /home/airflow/.local/lib/python3.12/site-packages/airflow/example_dags/example_latest_only_with_trigger.py
[2026-04-26T23:26:35.131+0000] {processor.py:830} INFO - Processing file /home/airflow/.local/lib/python3.12/site-packages/airflow/example_dags/example_latest_only_with_trigger.py for tasks to queue
[2026-04-26T23:26:35.132+0000] {logging_mixin.py:188} INFO - [2026-04-26T23:26:35.132+0000] {dagbag.py:545} INFO - Filling up the DagBag from /home/airflow/.local/lib/python3.12/site-packages/airflow/example_dags/example_latest_only_with_trigger.py
[2026-04-26T23:26:35.135+0000] {processor.py:840} INFO - DAG(s) 'latest_only_with_trigger' retrieved from /home/airflow/.local/lib/python3.12/site-packages/airflow/example_dags/example_latest_only_with_trigger.py
[2026-04-26T23:26:35.148+0000] {logging_mixin.py:188} INFO - [2026-04-26T23:26:35.148+0000] {dag.py:3096} INFO - Sync 1 DAGs
[2026-04-26T23:26:35.160+0000] {logging_mixin.py:188} INFO - [2026-04-26T23:26:35.160+0000] {dag.py:3954} INFO - Setting next_dagrun for latest_only_with_trigger to 2026-04-26 16:00:00+00:00, run_after=2026-04-26 20:00:00+00:00
[2026-04-26T23:26:35.171+0000] {processor.py:183} INFO - Processing /home/airflow/.local/lib/python3.12/site-packages/airflow/example_dags/example_latest_only_with_trigger.py took 0.044 seconds
[2026-04-26T23:27:05.937+0000] {processor.py:161} INFO - Started process (PID=2242) to work on /home/airflow/.local/lib/python3.12/site-packages/airflow/example_dags/example_latest_only_with_trigger.py
[2026-04-26T23:27:05.938+0000] {processor.py:830} INFO - Processing file /home/airflow/.local/lib/python3.12/site-packages/airflow/example_dags/example_latest_only_with_trigger.py for tasks to queue
[2026-04-26T23:27:05.939+0000] {logging_mixin.py:188} INFO - [2026-04-26T23:27:05.939+0000] {dagbag.py:545} INFO - Filling up the DagBag from /home/airflow/.local/lib/python3.12/site-packages/airflow/example_dags/example_latest_only_with_trigger.py
[2026-04-26T23:27:05.943+0000] {processor.py:840} INFO - DAG(s) 'latest_only_with_trigger' retrieved from /home/airflow/.local/lib/python3.12/site-packages/airflow/example_dags/example_latest_only_with_trigger.py
[2026-04-26T23:27:05.954+0000] {logging_mixin.py:188} INFO - [2026-04-26T23:27:05.954+0000] {dag.py:3096} INFO - Sync 1 DAGs
[2026-04-26T23:27:05.967+0000] {logging_mixin.py:188} INFO - [2026-04-26T23:27:05.966+0000] {dag.py:3954} INFO - Setting next_dagrun for latest_only_with_trigger to 2026-04-26 16:00:00+00:00, run_after=2026-04-26 20:00:00+00:00
[2026-04-26T23:27:05.976+0000] {processor.py:183} INFO - Processing /home/airflow/.local/lib/python3.12/site-packages/airflow/example_dags/example_latest_only_with_trigger.py took 0.042 seconds
[2026-04-26T23:27:36.667+0000] {processor.py:161} INFO - Started process (PID=2301) to work on /home/airflow/.local/lib/python3.12/site-packages/airflow/example_dags/example_latest_only_with_trigger.py
[2026-04-26T23:27:36.668+0000] {processor.py:830} INFO - Processing file /home/airflow/.local/lib/python3.12/site-packages/airflow/example_dags/example_latest_only_with_trigger.py for tasks to queue
[2026-04-26T23:27:36.669+0000] {logging_mixin.py:188} INFO - [2026-04-26T23:27:36.669+0000] {dagbag.py:545} INFO - Filling up the DagBag from /home/airflow/.local/lib/python3.12/site-packages/airflow/example_dags/example_latest_only_with_trigger.py
[2026-04-26T23:27:36.672+0000] {processor.py:840} INFO - DAG(s) 'latest_only_with_trigger' retrieved from /home/airflow/.local/lib/python3.12/site-packages/airflow/example_dags/example_latest_only_with_trigger.py
[2026-04-26T23:27:36.687+0000] {logging_mixin.py:188} INFO - [2026-04-26T23:27:36.686+0000] {dag.py:3096} INFO - Sync 1 DAGs
[2026-04-26T23:27:36.702+0000] {logging_mixin.py:188} INFO - [2026-04-26T23:27:36.702+0000] {dag.py:3954} INFO - Setting next_dagrun for latest_only_with_trigger to 2026-04-26 16:00:00+00:00, run_after=2026-04-26 20:00:00+00:00
[2026-04-26T23:27:36.713+0000] {processor.py:183} INFO - Processing /home/airflow/.local/lib/python3.12/site-packages/airflow/example_dags/example_latest_only_with_trigger.py took 0.050 seconds
[2026-04-26T23:28:07.443+0000] {processor.py:161} INFO - Started process (PID=2360) to work on /home/airflow/.local/lib/python3.12/site-packages/airflow/example_dags/example_latest_only_with_trigger.py
[2026-04-26T23:28:07.443+0000] {processor.py:830} INFO - Processing file /home/airflow/.local/lib/python3.12/site-packages/airflow/example_dags/example_latest_only_with_trigger.py for tasks to queue
[2026-04-26T23:28:07.444+0000] {logging_mixin.py:188} INFO - [2026-04-26T23:28:07.444+0000] {dagbag.py:545} INFO - Filling up the DagBag from /home/airflow/.local/lib/python3.12/site-packages/airflow/example_dags/example_latest_only_with_trigger.py
[2026-04-26T23:28:07.448+0000] {processor.py:840} INFO - DAG(s) 'latest_only_with_trigger' retrieved from /home/airflow/.local/lib/python3.12/site-packages/airflow/example_dags/example_latest_only_with_trigger.py
[2026-04-26T23:28:07.460+0000] {logging_mixin.py:188} INFO - [2026-04-26T23:28:07.460+0000] {dag.py:3096} INFO - Sync 1 DAGs
[2026-04-26T23:28:07.472+0000] {logging_mixin.py:188} INFO - [2026-04-26T23:28:07.472+0000] {dag.py:3954} INFO - Setting next_dagrun for latest_only_with_trigger to 2026-04-26 16:00:00+00:00, run_after=2026-04-26 20:00:00+00:00
[2026-04-26T23:28:07.482+0000] {processor.py:183} INFO - Processing /home/airflow/.local/lib/python3.12/site-packages/airflow/example_dags/example_latest_only_with_trigger.py took 0.043 seconds
[2026-04-26T23:28:38.134+0000] {processor.py:161} INFO - Started process (PID=2419) to work on /home/airflow/.local/lib/python3.12/site-packages/airflow/example_dags/example_latest_only_with_trigger.py
[2026-04-26T23:28:38.135+0000] {processor.py:830} INFO - Processing file /home/airflow/.local/lib/python3.12/site-packages/airflow/example_dags/example_latest_only_with_trigger.py for tasks to queue
[2026-04-26T23:28:38.136+0000] {logging_mixin.py:188} INFO - [2026-04-26T23:28:38.135+0000] {dagbag.py:545} INFO - Filling up the DagBag from /home/airflow/.local/lib/python3.12/site-packages/airflow/example_dags/example_latest_only_with_trigger.py
[2026-04-26T23:28:38.139+0000] {processor.py:840} INFO - DAG(s) 'latest_only_with_trigger' retrieved from /home/airflow/.local/lib/python3.12/site-packages/airflow/example_dags/example_latest_only_with_trigger.py
[2026-04-26T23:28:38.151+0000] {logging_mixin.py:188} INFO - [2026-04-26T23:28:38.151+0000] {dag.py:3096} INFO - Sync 1 DAGs
[2026-04-26T23:28:38.162+0000] {logging_mixin.py:188} INFO - [2026-04-26T23:28:38.162+0000] {dag.py:3954} INFO - Setting next_dagrun for latest_only_with_trigger to 2026-04-26 16:00:00+00:00, run_after=2026-04-26 20:00:00+00:00
[2026-04-26T23:28:38.171+0000] {processor.py:183} INFO - Processing /home/airflow/.local/lib/python3.12/site-packages/airflow/example_dags/example_latest_only_with_trigger.py took 0.041 seconds
[2026-04-26T23:29:08.407+0000] {processor.py:161} INFO - Started process (PID=2478) to work on /home/airflow/.local/lib/python3.12/site-packages/airflow/example_dags/example_latest_only_with_trigger.py
[2026-04-26T23:29:08.408+0000] {processor.py:830} INFO - Processing file /home/airflow/.local/lib/python3.12/site-packages/airflow/example_dags/example_latest_only_with_trigger.py for tasks to queue
[2026-04-26T23:29:08.409+0000] {logging_mixin.py:188} INFO - [2026-04-26T23:29:08.408+0000] {dagbag.py:545} INFO - Filling up the DagBag from /home/airflow/.local/lib/python3.12/site-packages/airflow/example_dags/example_latest_only_with_trigger.py
[2026-04-26T23:29:08.412+0000] {processor.py:840} INFO - DAG(s) 'latest_only_with_trigger' retrieved from /home/airflow/.local/lib/python3.12/site-packages/airflow/example_dags/example_latest_only_with_trigger.py
[2026-04-26T23:29:08.424+0000] {logging_mixin.py:188} INFO - [2026-04-26T23:29:08.424+0000] {dag.py:3096} INFO - Sync 1 DAGs
[2026-04-26T23:29:08.435+0000] {logging_mixin.py:188} INFO - [2026-04-26T23:29:08.435+0000] {dag.py:3954} INFO - Setting next_dagrun for latest_only_with_trigger to 2026-04-26 16:00:00+00:00, run_after=2026-04-26 20:00:00+00:00
[2026-04-26T23:29:08.445+0000] {processor.py:183} INFO - Processing /home/airflow/.local/lib/python3.12/site-packages/airflow/example_dags/example_latest_only_with_trigger.py took 0.042 seconds
[2026-04-26T23:29:39.251+0000] {processor.py:161} INFO - Started process (PID=2537) to work on /home/airflow/.local/lib/python3.12/site-packages/airflow/example_dags/example_latest_only_with_trigger.py
[2026-04-26T23:29:39.252+0000] {processor.py:830} INFO - Processing file /home/airflow/.local/lib/python3.12/site-packages/airflow/example_dags/example_latest_only_with_trigger.py for tasks to queue
[2026-04-26T23:29:39.253+0000] {logging_mixin.py:188} INFO - [2026-04-26T23:29:39.252+0000] {dagbag.py:545} INFO - Filling up the DagBag from /home/airflow/.local/lib/python3.12/site-packages/airflow/example_dags/example_latest_only_with_trigger.py
[2026-04-26T23:29:39.256+0000] {processor.py:840} INFO - DAG(s) 'latest_only_with_trigger' retrieved from /home/airflow/.local/lib/python3.12/site-packages/airflow/example_dags/example_latest_only_with_trigger.py
[2026-04-26T23:29:39.268+0000] {logging_mixin.py:188} INFO - [2026-04-26T23:29:39.268+0000] {dag.py:3096} INFO - Sync 1 DAGs
[2026-04-26T23:29:39.280+0000] {logging_mixin.py:188} INFO - [2026-04-26T23:29:39.280+0000] {dag.py:3954} INFO - Setting next_dagrun for latest_only_with_trigger to 2026-04-26 16:00:00+00:00, run_after=2026-04-26 20:00:00+00:00
[2026-04-26T23:29:39.290+0000] {processor.py:183} INFO - Processing /home/airflow/.local/lib/python3.12/site-packages/airflow/example_dags/example_latest_only_with_trigger.py took 0.043 seconds
[2026-04-26T23:30:10.060+0000] {processor.py:161} INFO - Started process (PID=2596) to work on /home/airflow/.local/lib/python3.12/site-packages/airflow/example_dags/example_latest_only_with_trigger.py
[2026-04-26T23:30:10.061+0000] {processor.py:830} INFO - Processing file /home/airflow/.local/lib/python3.12/site-packages/airflow/example_dags/example_latest_only_with_trigger.py for tasks to queue
[2026-04-26T23:30:10.062+0000] {logging_mixin.py:188} INFO - [2026-04-26T23:30:10.061+0000] {dagbag.py:545} INFO - Filling up the DagBag from /home/airflow/.local/lib/python3.12/site-packages/airflow/example_dags/example_latest_only_with_trigger.py
[2026-04-26T23:30:10.065+0000] {processor.py:840} INFO - DAG(s) 'latest_only_with_trigger' retrieved from /home/airflow/.local/lib/python3.12/site-packages/airflow/example_dags/example_latest_only_with_trigger.py
[2026-04-26T23:30:10.078+0000] {logging_mixin.py:188} INFO - [2026-04-26T23:30:10.077+0000] {dag.py:3096} INFO - Sync 1 DAGs
[2026-04-26T23:30:10.090+0000] {logging_mixin.py:188} INFO - [2026-04-26T23:30:10.090+0000] {dag.py:3954} INFO - Setting next_dagrun for latest_only_with_trigger to 2026-04-26 16:00:00+00:00, run_after=2026-04-26 20:00:00+00:00
[2026-04-26T23:30:10.100+0000] {processor.py:183} INFO - Processing /home/airflow/.local/lib/python3.12/site-packages/airflow/example_dags/example_latest_only_with_trigger.py took 0.043 seconds
[2026-04-26T23:30:40.689+0000] {processor.py:161} INFO - Started process (PID=2655) to work on /home/airflow/.local/lib/python3.12/site-packages/airflow/example_dags/example_latest_only_with_trigger.py
[2026-04-26T23:30:40.690+0000] {processor.py:830} INFO - Processing file /home/airflow/.local/lib/python3.12/site-packages/airflow/example_dags/example_latest_only_with_trigger.py for tasks to queue
[2026-04-26T23:30:40.691+0000] {logging_mixin.py:188} INFO - [2026-04-26T23:30:40.691+0000] {dagbag.py:545} INFO - Filling up the DagBag from /home/airflow/.local/lib/python3.12/site-packages/airflow/example_dags/example_latest_only_with_trigger.py
[2026-04-26T23:30:40.694+0000] {processor.py:840} INFO - DAG(s) 'latest_only_with_trigger' retrieved from /home/airflow/.local/lib/python3.12/site-packages/airflow/example_dags/example_latest_only_with_trigger.py
[2026-04-26T23:30:40.706+0000] {logging_mixin.py:188} INFO - [2026-04-26T23:30:40.706+0000] {dag.py:3096} INFO - Sync 1 DAGs
[2026-04-26T23:30:40.719+0000] {logging_mixin.py:188} INFO - [2026-04-26T23:30:40.718+0000] {dag.py:3954} INFO - Setting next_dagrun for latest_only_with_trigger to 2026-04-26 16:00:00+00:00, run_after=2026-04-26 20:00:00+00:00
[2026-04-26T23:30:40.728+0000] {processor.py:183} INFO - Processing /home/airflow/.local/lib/python3.12/site-packages/airflow/example_dags/example_latest_only_with_trigger.py took 0.043 seconds
[2026-04-26T23:31:11.545+0000] {processor.py:161} INFO - Started process (PID=2714) to work on /home/airflow/.local/lib/python3.12/site-packages/airflow/example_dags/example_latest_only_with_trigger.py
[2026-04-26T23:31:11.545+0000] {processor.py:830} INFO - Processing file /home/airflow/.local/lib/python3.12/site-packages/airflow/example_dags/example_latest_only_with_trigger.py for tasks to queue
[2026-04-26T23:31:11.546+0000] {logging_mixin.py:188} INFO - [2026-04-26T23:31:11.546+0000] {dagbag.py:545} INFO - Filling up the DagBag from /home/airflow/.local/lib/python3.12/site-packages/airflow/example_dags/example_latest_only_with_trigger.py
[2026-04-26T23:31:11.549+0000] {processor.py:840} INFO - DAG(s) 'latest_only_with_trigger' retrieved from /home/airflow/.local/lib/python3.12/site-packages/airflow/example_dags/example_latest_only_with_trigger.py
[2026-04-26T23:31:11.561+0000] {logging_mixin.py:188} INFO - [2026-04-26T23:31:11.561+0000] {dag.py:3096} INFO - Sync 1 DAGs
[2026-04-26T23:31:11.573+0000] {logging_mixin.py:188} INFO - [2026-04-26T23:31:11.573+0000] {dag.py:3954} INFO - Setting next_dagrun for latest_only_with_trigger to 2026-04-26 16:00:00+00:00, run_after=2026-04-26 20:00:00+00:00
[2026-04-26T23:31:11.581+0000] {processor.py:183} INFO - Processing /home/airflow/.local/lib/python3.12/site-packages/airflow/example_dags/example_latest_only_with_trigger.py took 0.040 seconds
[2026-04-26T23:31:42.245+0000] {processor.py:161} INFO - Started process (PID=2773) to work on /home/airflow/.local/lib/python3.12/site-packages/airflow/example_dags/example_latest_only_with_trigger.py
[2026-04-26T23:31:42.246+0000] {processor.py:830} INFO - Processing file /home/airflow/.local/lib/python3.12/site-packages/airflow/example_dags/example_latest_only_with_trigger.py for tasks to queue
[2026-04-26T23:31:42.247+0000] {logging_mixin.py:188} INFO - [2026-04-26T23:31:42.247+0000] {dagbag.py:545} INFO - Filling up the DagBag from /home/airflow/.local/lib/python3.12/site-packages/airflow/example_dags/example_latest_only_with_trigger.py
[2026-04-26T23:31:42.251+0000] {processor.py:840} INFO - DAG(s) 'latest_only_with_trigger' retrieved from /home/airflow/.local/lib/python3.12/site-packages/airflow/example_dags/example_latest_only_with_trigger.py
[2026-04-26T23:31:42.262+0000] {logging_mixin.py:188} INFO - [2026-04-26T23:31:42.262+0000] {dag.py:3096} INFO - Sync 1 DAGs
[2026-04-26T23:31:42.274+0000] {logging_mixin.py:188} INFO - [2026-04-26T23:31:42.274+0000] {dag.py:3954} INFO - Setting next_dagrun for latest_only_with_trigger to 2026-04-26 16:00:00+00:00, run_after=2026-04-26 20:00:00+00:00
[2026-04-26T23:31:42.283+0000] {processor.py:183} INFO - Processing /home/airflow/.local/lib/python3.12/site-packages/airflow/example_dags/example_latest_only_with_trigger.py took 0.041 seconds
[2026-04-26T23:32:13.061+0000] {processor.py:161} INFO - Started process (PID=2832) to work on /home/airflow/.local/lib/python3.12/site-packages/airflow/example_dags/example_latest_only_with_trigger.py
[2026-04-26T23:32:13.061+0000] {processor.py:830} INFO - Processing file /home/airflow/.local/lib/python3.12/site-packages/airflow/example_dags/example_latest_only_with_trigger.py for tasks to queue
[2026-04-26T23:32:13.062+0000] {logging_mixin.py:188} INFO - [2026-04-26T23:32:13.062+0000] {dagbag.py:545} INFO - Filling up the DagBag from /home/airflow/.local/lib/python3.12/site-packages/airflow/example_dags/example_latest_only_with_trigger.py
[2026-04-26T23:32:13.066+0000] {processor.py:840} INFO - DAG(s) 'latest_only_with_trigger' retrieved from /home/airflow/.local/lib/python3.12/site-packages/airflow/example_dags/example_latest_only_with_trigger.py
[2026-04-26T23:32:13.079+0000] {logging_mixin.py:188} INFO - [2026-04-26T23:32:13.079+0000] {dag.py:3096} INFO - Sync 1 DAGs
[2026-04-26T23:32:13.092+0000] {logging_mixin.py:188} INFO - [2026-04-26T23:32:13.092+0000] {dag.py:3954} INFO - Setting next_dagrun for latest_only_with_trigger to 2026-04-26 16:00:00+00:00, run_after=2026-04-26 20:00:00+00:00
[2026-04-26T23:32:13.102+0000] {processor.py:183} INFO - Processing /home/airflow/.local/lib/python3.12/site-packages/airflow/example_dags/example_latest_only_with_trigger.py took 0.046 seconds
[2026-04-26T23:32:43.238+0000] {processor.py:161} INFO - Started process (PID=2891) to work on /home/airflow/.local/lib/python3.12/site-packages/airflow/example_dags/example_latest_only_with_trigger.py
[2026-04-26T23:32:43.239+0000] {processor.py:830} INFO - Processing file /home/airflow/.local/lib/python3.12/site-packages/airflow/example_dags/example_latest_only_with_trigger.py for tasks to queue
[2026-04-26T23:32:43.240+0000] {logging_mixin.py:188} INFO - [2026-04-26T23:32:43.240+0000] {dagbag.py:545} INFO - Filling up the DagBag from /home/airflow/.local/lib/python3.12/site-packages/airflow/example_dags/example_latest_only_with_trigger.py
[2026-04-26T23:32:43.245+0000] {processor.py:840} INFO - DAG(s) 'latest_only_with_trigger' retrieved from /home/airflow/.local/lib/python3.12/site-packages/airflow/example_dags/example_latest_only_with_trigger.py
[2026-04-26T23:32:43.259+0000] {logging_mixin.py:188} INFO - [2026-04-26T23:32:43.259+0000] {dag.py:3096} INFO - Sync 1 DAGs
[2026-04-26T23:32:43.274+0000] {logging_mixin.py:188} INFO - [2026-04-26T23:32:43.274+0000] {dag.py:3954} INFO - Setting next_dagrun for latest_only_with_trigger to 2026-04-26 16:00:00+00:00, run_after=2026-04-26 20:00:00+00:00
[2026-04-26T23:32:43.285+0000] {processor.py:183} INFO - Processing /home/airflow/.local/lib/python3.12/site-packages/airflow/example_dags/example_latest_only_with_trigger.py took 0.052 seconds
[2026-04-26T23:33:13.548+0000] {processor.py:161} INFO - Started process (PID=2950) to work on /home/airflow/.local/lib/python3.12/site-packages/airflow/example_dags/example_latest_only_with_trigger.py
[2026-04-26T23:33:13.548+0000] {processor.py:830} INFO - Processing file /home/airflow/.local/lib/python3.12/site-packages/airflow/example_dags/example_latest_only_with_trigger.py for tasks to queue
[2026-04-26T23:33:13.549+0000] {logging_mixin.py:188} INFO - [2026-04-26T23:33:13.549+0000] {dagbag.py:545} INFO - Filling up the DagBag from /home/airflow/.local/lib/python3.12/site-packages/airflow/example_dags/example_latest_only_with_trigger.py
[2026-04-26T23:33:13.553+0000] {processor.py:840} INFO - DAG(s) 'latest_only_with_trigger' retrieved from /home/airflow/.local/lib/python3.12/site-packages/airflow/example_dags/example_latest_only_with_trigger.py
[2026-04-26T23:33:13.563+0000] {logging_mixin.py:188} INFO - [2026-04-26T23:33:13.563+0000] {dag.py:3096} INFO - Sync 1 DAGs
[2026-04-26T23:33:13.575+0000] {logging_mixin.py:188} INFO - [2026-04-26T23:33:13.575+0000] {dag.py:3954} INFO - Setting next_dagrun for latest_only_with_trigger to 2026-04-26 16:00:00+00:00, run_after=2026-04-26 20:00:00+00:00
[2026-04-26T23:33:13.583+0000] {processor.py:183} INFO - Processing /home/airflow/.local/lib/python3.12/site-packages/airflow/example_dags/example_latest_only_with_trigger.py took 0.039 seconds
[2026-04-26T23:33:44.376+0000] {processor.py:161} INFO - Started process (PID=3013) to work on /home/airflow/.local/lib/python3.12/site-packages/airflow/example_dags/example_latest_only_with_trigger.py
[2026-04-26T23:33:44.376+0000] {processor.py:830} INFO - Processing file /home/airflow/.local/lib/python3.12/site-packages/airflow/example_dags/example_latest_only_with_trigger.py for tasks to queue
[2026-04-26T23:33:44.377+0000] {logging_mixin.py:188} INFO - [2026-04-26T23:33:44.377+0000] {dagbag.py:545} INFO - Filling up the DagBag from /home/airflow/.local/lib/python3.12/site-packages/airflow/example_dags/example_latest_only_with_trigger.py
[2026-04-26T23:33:44.381+0000] {processor.py:840} INFO - DAG(s) 'latest_only_with_trigger' retrieved from /home/airflow/.local/lib/python3.12/site-packages/airflow/example_dags/example_latest_only_with_trigger.py
[2026-04-26T23:33:44.394+0000] {logging_mixin.py:188} INFO - [2026-04-26T23:33:44.394+0000] {dag.py:3096} INFO - Sync 1 DAGs
[2026-04-26T23:33:44.407+0000] {logging_mixin.py:188} INFO - [2026-04-26T23:33:44.407+0000] {dag.py:3954} INFO - Setting next_dagrun for latest_only_with_trigger to 2026-04-26 16:00:00+00:00, run_after=2026-04-26 20:00:00+00:00
[2026-04-26T23:33:44.416+0000] {processor.py:183} INFO - Processing /home/airflow/.local/lib/python3.12/site-packages/airflow/example_dags/example_latest_only_with_trigger.py took 0.045 seconds
[2026-04-26T23:34:14.516+0000] {processor.py:161} INFO - Started process (PID=3072) to work on /home/airflow/.local/lib/python3.12/site-packages/airflow/example_dags/example_latest_only_with_trigger.py
[2026-04-26T23:34:14.517+0000] {processor.py:830} INFO - Processing file /home/airflow/.local/lib/python3.12/site-packages/airflow/example_dags/example_latest_only_with_trigger.py for tasks to queue
[2026-04-26T23:34:14.518+0000] {logging_mixin.py:188} INFO - [2026-04-26T23:34:14.518+0000] {dagbag.py:545} INFO - Filling up the DagBag from /home/airflow/.local/lib/python3.12/site-packages/airflow/example_dags/example_latest_only_with_trigger.py
[2026-04-26T23:34:14.521+0000] {processor.py:840} INFO - DAG(s) 'latest_only_with_trigger' retrieved from /home/airflow/.local/lib/python3.12/site-packages/airflow/example_dags/example_latest_only_with_trigger.py
[2026-04-26T23:34:14.533+0000] {logging_mixin.py:188} INFO - [2026-04-26T23:34:14.533+0000] {dag.py:3096} INFO - Sync 1 DAGs
[2026-04-26T23:34:14.546+0000] {logging_mixin.py:188} INFO - [2026-04-26T23:34:14.546+0000] {dag.py:3954} INFO - Setting next_dagrun for latest_only_with_trigger to 2026-04-26 16:00:00+00:00, run_after=2026-04-26 20:00:00+00:00
[2026-04-26T23:34:14.556+0000] {processor.py:183} INFO - Processing /home/airflow/.local/lib/python3.12/site-packages/airflow/example_dags/example_latest_only_with_trigger.py took 0.043 seconds
[2026-04-26T23:34:44.791+0000] {processor.py:161} INFO - Started process (PID=3131) to work on /home/airflow/.local/lib/python3.12/site-packages/airflow/example_dags/example_latest_only_with_trigger.py
[2026-04-26T23:34:44.792+0000] {processor.py:830} INFO - Processing file /home/airflow/.local/lib/python3.12/site-packages/airflow/example_dags/example_latest_only_with_trigger.py for tasks to queue
[2026-04-26T23:34:44.793+0000] {logging_mixin.py:188} INFO - [2026-04-26T23:34:44.793+0000] {dagbag.py:545} INFO - Filling up the DagBag from /home/airflow/.local/lib/python3.12/site-packages/airflow/example_dags/example_latest_only_with_trigger.py
[2026-04-26T23:34:44.796+0000] {processor.py:840} INFO - DAG(s) 'latest_only_with_trigger' retrieved from /home/airflow/.local/lib/python3.12/site-packages/airflow/example_dags/example_latest_only_with_trigger.py
[2026-04-26T23:34:44.809+0000] {logging_mixin.py:188} INFO - [2026-04-26T23:34:44.809+0000] {dag.py:3096} INFO - Sync 1 DAGs
[2026-04-26T23:34:44.822+0000] {logging_mixin.py:188} INFO - [2026-04-26T23:34:44.822+0000] {dag.py:3954} INFO - Setting next_dagrun for latest_only_with_trigger to 2026-04-26 16:00:00+00:00, run_after=2026-04-26 20:00:00+00:00
[2026-04-26T23:34:44.832+0000] {processor.py:183} INFO - Processing /home/airflow/.local/lib/python3.12/site-packages/airflow/example_dags/example_latest_only_with_trigger.py took 0.046 seconds
[2026-04-26T23:35:15.415+0000] {processor.py:161} INFO - Started process (PID=3190) to work on /home/airflow/.local/lib/python3.12/site-packages/airflow/example_dags/example_latest_only_with_trigger.py
[2026-04-26T23:35:15.415+0000] {processor.py:830} INFO - Processing file /home/airflow/.local/lib/python3.12/site-packages/airflow/example_dags/example_latest_only_with_trigger.py for tasks to queue
[2026-04-26T23:35:15.416+0000] {logging_mixin.py:188} INFO - [2026-04-26T23:35:15.416+0000] {dagbag.py:545} INFO - Filling up the DagBag from /home/airflow/.local/lib/python3.12/site-packages/airflow/example_dags/example_latest_only_with_trigger.py
[2026-04-26T23:35:15.420+0000] {processor.py:840} INFO - DAG(s) 'latest_only_with_trigger' retrieved from /home/airflow/.local/lib/python3.12/site-packages/airflow/example_dags/example_latest_only_with_trigger.py
[2026-04-26T23:35:15.433+0000] {logging_mixin.py:188} INFO - [2026-04-26T23:35:15.433+0000] {dag.py:3096} INFO - Sync 1 DAGs
[2026-04-26T23:35:15.445+0000] {logging_mixin.py:188} INFO - [2026-04-26T23:35:15.445+0000] {dag.py:3954} INFO - Setting next_dagrun for latest_only_with_trigger to 2026-04-26 16:00:00+00:00, run_after=2026-04-26 20:00:00+00:00
[2026-04-26T23:35:15.455+0000] {processor.py:183} INFO - Processing /home/airflow/.local/lib/python3.12/site-packages/airflow/example_dags/example_latest_only_with_trigger.py took 0.044 seconds
[2026-04-26T23:35:46.079+0000] {processor.py:161} INFO - Started process (PID=3249) to work on /home/airflow/.local/lib/python3.12/site-packages/airflow/example_dags/example_latest_only_with_trigger.py
[2026-04-26T23:35:46.080+0000] {processor.py:830} INFO - Processing file /home/airflow/.local/lib/python3.12/site-packages/airflow/example_dags/example_latest_only_with_trigger.py for tasks to queue
[2026-04-26T23:35:46.081+0000] {logging_mixin.py:188} INFO - [2026-04-26T23:35:46.080+0000] {dagbag.py:545} INFO - Filling up the DagBag from /home/airflow/.local/lib/python3.12/site-packages/airflow/example_dags/example_latest_only_with_trigger.py
[2026-04-26T23:35:46.084+0000] {processor.py:840} INFO - DAG(s) 'latest_only_with_trigger' retrieved from /home/airflow/.local/lib/python3.12/site-packages/airflow/example_dags/example_latest_only_with_trigger.py
[2026-04-26T23:35:46.096+0000] {logging_mixin.py:188} INFO - [2026-04-26T23:35:46.096+0000] {dag.py:3096} INFO - Sync 1 DAGs
[2026-04-26T23:35:46.108+0000] {logging_mixin.py:188} INFO - [2026-04-26T23:35:46.108+0000] {dag.py:3954} INFO - Setting next_dagrun for latest_only_with_trigger to 2026-04-26 16:00:00+00:00, run_after=2026-04-26 20:00:00+00:00
[2026-04-26T23:35:46.118+0000] {processor.py:183} INFO - Processing /home/airflow/.local/lib/python3.12/site-packages/airflow/example_dags/example_latest_only_with_trigger.py took 0.043 seconds
[2026-04-26T23:36:16.877+0000] {processor.py:161} INFO - Started process (PID=3308) to work on /home/airflow/.local/lib/python3.12/site-packages/airflow/example_dags/example_latest_only_with_trigger.py
[2026-04-26T23:36:16.878+0000] {processor.py:830} INFO - Processing file /home/airflow/.local/lib/python3.12/site-packages/airflow/example_dags/example_latest_only_with_trigger.py for tasks to queue
[2026-04-26T23:36:16.879+0000] {logging_mixin.py:188} INFO - [2026-04-26T23:36:16.879+0000] {dagbag.py:545} INFO - Filling up the DagBag from /home/airflow/.local/lib/python3.12/site-packages/airflow/example_dags/example_latest_only_with_trigger.py
[2026-04-26T23:36:16.883+0000] {processor.py:840} INFO - DAG(s) 'latest_only_with_trigger' retrieved from /home/airflow/.local/lib/python3.12/site-packages/airflow/example_dags/example_latest_only_with_trigger.py
[2026-04-26T23:36:16.897+0000] {logging_mixin.py:188} INFO - [2026-04-26T23:36:16.897+0000] {dag.py:3096} INFO - Sync 1 DAGs
[2026-04-26T23:36:16.911+0000] {logging_mixin.py:188} INFO - [2026-04-26T23:36:16.911+0000] {dag.py:3954} INFO - Setting next_dagrun for latest_only_with_trigger to 2026-04-26 16:00:00+00:00, run_after=2026-04-26 20:00:00+00:00
[2026-04-26T23:36:16.921+0000] {processor.py:183} INFO - Processing /home/airflow/.local/lib/python3.12/site-packages/airflow/example_dags/example_latest_only_with_trigger.py took 0.048 seconds
[2026-04-26T23:36:47.491+0000] {processor.py:161} INFO - Started process (PID=3367) to work on /home/airflow/.local/lib/python3.12/site-packages/airflow/example_dags/example_latest_only_with_trigger.py
[2026-04-26T23:36:47.492+0000] {processor.py:830} INFO - Processing file /home/airflow/.local/lib/python3.12/site-packages/airflow/example_dags/example_latest_only_with_trigger.py for tasks to queue
[2026-04-26T23:36:47.493+0000] {logging_mixin.py:188} INFO - [2026-04-26T23:36:47.493+0000] {dagbag.py:545} INFO - Filling up the DagBag from /home/airflow/.local/lib/python3.12/site-packages/airflow/example_dags/example_latest_only_with_trigger.py
[2026-04-26T23:36:47.496+0000] {processor.py:840} INFO - DAG(s) 'latest_only_with_trigger' retrieved from /home/airflow/.local/lib/python3.12/site-packages/airflow/example_dags/example_latest_only_with_trigger.py
[2026-04-26T23:36:47.509+0000] {logging_mixin.py:188} INFO - [2026-04-26T23:36:47.509+0000] {dag.py:3096} INFO - Sync 1 DAGs
[2026-04-26T23:36:47.520+0000] {logging_mixin.py:188} INFO - [2026-04-26T23:36:47.520+0000] {dag.py:3954} INFO - Setting next_dagrun for latest_only_with_trigger to 2026-04-26 16:00:00+00:00, run_after=2026-04-26 20:00:00+00:00
[2026-04-26T23:36:47.529+0000] {processor.py:183} INFO - Processing /home/airflow/.local/lib/python3.12/site-packages/airflow/example_dags/example_latest_only_with_trigger.py took 0.042 seconds
[2026-04-26T23:37:18.241+0000] {processor.py:161} INFO - Started process (PID=3426) to work on /home/airflow/.local/lib/python3.12/site-packages/airflow/example_dags/example_latest_only_with_trigger.py
[2026-04-26T23:37:18.242+0000] {processor.py:830} INFO - Processing file /home/airflow/.local/lib/python3.12/site-packages/airflow/example_dags/example_latest_only_with_trigger.py for tasks to queue
[2026-04-26T23:37:18.243+0000] {logging_mixin.py:188} INFO - [2026-04-26T23:37:18.243+0000] {dagbag.py:545} INFO - Filling up the DagBag from /home/airflow/.local/lib/python3.12/site-packages/airflow/example_dags/example_latest_only_with_trigger.py
[2026-04-26T23:37:18.247+0000] {processor.py:840} INFO - DAG(s) 'latest_only_with_trigger' retrieved from /home/airflow/.local/lib/python3.12/site-packages/airflow/example_dags/example_latest_only_with_trigger.py
[2026-04-26T23:37:18.260+0000] {logging_mixin.py:188} INFO - [2026-04-26T23:37:18.260+0000] {dag.py:3096} INFO - Sync 1 DAGs
[2026-04-26T23:37:18.272+0000] {logging_mixin.py:188} INFO - [2026-04-26T23:37:18.272+0000] {dag.py:3954} INFO - Setting next_dagrun for latest_only_with_trigger to 2026-04-26 16:00:00+00:00, run_after=2026-04-26 20:00:00+00:00
[2026-04-26T23:37:18.282+0000] {processor.py:183} INFO - Processing /home/airflow/.local/lib/python3.12/site-packages/airflow/example_dags/example_latest_only_with_trigger.py took 0.044 seconds
[2026-04-26T23:37:49.083+0000] {processor.py:161} INFO - Started process (PID=3485) to work on /home/airflow/.local/lib/python3.12/site-packages/airflow/example_dags/example_latest_only_with_trigger.py
[2026-04-26T23:37:49.084+0000] {processor.py:830} INFO - Processing file /home/airflow/.local/lib/python3.12/site-packages/airflow/example_dags/example_latest_only_with_trigger.py for tasks to queue
[2026-04-26T23:37:49.085+0000] {logging_mixin.py:188} INFO - [2026-04-26T23:37:49.085+0000] {dagbag.py:545} INFO - Filling up the DagBag from /home/airflow/.local/lib/python3.12/site-packages/airflow/example_dags/example_latest_only_with_trigger.py
[2026-04-26T23:37:49.088+0000] {processor.py:840} INFO - DAG(s) 'latest_only_with_trigger' retrieved from /home/airflow/.local/lib/python3.12/site-packages/airflow/example_dags/example_latest_only_with_trigger.py
[2026-04-26T23:37:49.101+0000] {logging_mixin.py:188} INFO - [2026-04-26T23:37:49.101+0000] {dag.py:3096} INFO - Sync 1 DAGs
[2026-04-26T23:37:49.113+0000] {logging_mixin.py:188} INFO - [2026-04-26T23:37:49.113+0000] {dag.py:3954} INFO - Setting next_dagrun for latest_only_with_trigger to 2026-04-26 16:00:00+00:00, run_after=2026-04-26 20:00:00+00:00
[2026-04-26T23:37:49.123+0000] {processor.py:183} INFO - Processing /home/airflow/.local/lib/python3.12/site-packages/airflow/example_dags/example_latest_only_with_trigger.py took 0.044 seconds
[2026-04-26T23:38:19.738+0000] {processor.py:161} INFO - Started process (PID=3544) to work on /home/airflow/.local/lib/python3.12/site-packages/airflow/example_dags/example_latest_only_with_trigger.py
[2026-04-26T23:38:19.738+0000] {processor.py:830} INFO - Processing file /home/airflow/.local/lib/python3.12/site-packages/airflow/example_dags/example_latest_only_with_trigger.py for tasks to queue
[2026-04-26T23:38:19.739+0000] {logging_mixin.py:188} INFO - [2026-04-26T23:38:19.739+0000] {dagbag.py:545} INFO - Filling up the DagBag from /home/airflow/.local/lib/python3.12/site-packages/airflow/example_dags/example_latest_only_with_trigger.py
[2026-04-26T23:38:19.742+0000] {processor.py:840} INFO - DAG(s) 'latest_only_with_trigger' retrieved from /home/airflow/.local/lib/python3.12/site-packages/airflow/example_dags/example_latest_only_with_trigger.py
[2026-04-26T23:38:19.753+0000] {logging_mixin.py:188} INFO - [2026-04-26T23:38:19.753+0000] {dag.py:3096} INFO - Sync 1 DAGs
[2026-04-26T23:38:19.764+0000] {logging_mixin.py:188} INFO - [2026-04-26T23:38:19.764+0000] {dag.py:3954} INFO - Setting next_dagrun for latest_only_with_trigger to 2026-04-26 16:00:00+00:00, run_after=2026-04-26 20:00:00+00:00
[2026-04-26T23:38:19.773+0000] {processor.py:183} INFO - Processing /home/airflow/.local/lib/python3.12/site-packages/airflow/example_dags/example_latest_only_with_trigger.py took 0.038 seconds
[2026-04-26T23:38:46.757+0000] {processor.py:161} INFO - Started process (PID=86) to work on /home/airflow/.local/lib/python3.12/site-packages/airflow/example_dags/example_latest_only_with_trigger.py
[2026-04-26T23:38:46.758+0000] {processor.py:830} INFO - Processing file /home/airflow/.local/lib/python3.12/site-packages/airflow/example_dags/example_latest_only_with_trigger.py for tasks to queue
[2026-04-26T23:38:46.759+0000] {logging_mixin.py:188} INFO - [2026-04-26T23:38:46.758+0000] {dagbag.py:545} INFO - Filling up the DagBag from /home/airflow/.local/lib/python3.12/site-packages/airflow/example_dags/example_latest_only_with_trigger.py
[2026-04-26T23:38:46.762+0000] {processor.py:840} INFO - DAG(s) 'latest_only_with_trigger' retrieved from /home/airflow/.local/lib/python3.12/site-packages/airflow/example_dags/example_latest_only_with_trigger.py
[2026-04-26T23:38:46.769+0000] {logging_mixin.py:188} INFO - [2026-04-26T23:38:46.769+0000] {dag.py:3096} INFO - Sync 1 DAGs
[2026-04-26T23:38:46.782+0000] {logging_mixin.py:188} INFO - [2026-04-26T23:38:46.782+0000] {dag.py:3954} INFO - Setting next_dagrun for latest_only_with_trigger to 2026-04-26 16:00:00+00:00, run_after=2026-04-26 20:00:00+00:00
[2026-04-26T23:38:46.792+0000] {processor.py:183} INFO - Processing /home/airflow/.local/lib/python3.12/site-packages/airflow/example_dags/example_latest_only_with_trigger.py took 0.039 seconds
[2026-04-26T23:39:17.794+0000] {processor.py:161} INFO - Started process (PID=151) to work on /home/airflow/.local/lib/python3.12/site-packages/airflow/example_dags/example_latest_only_with_trigger.py
[2026-04-26T23:39:17.795+0000] {processor.py:830} INFO - Processing file /home/airflow/.local/lib/python3.12/site-packages/airflow/example_dags/example_latest_only_with_trigger.py for tasks to queue
[2026-04-26T23:39:17.796+0000] {logging_mixin.py:188} INFO - [2026-04-26T23:39:17.796+0000] {dagbag.py:545} INFO - Filling up the DagBag from /home/airflow/.local/lib/python3.12/site-packages/airflow/example_dags/example_latest_only_with_trigger.py
[2026-04-26T23:39:17.799+0000] {processor.py:840} INFO - DAG(s) 'latest_only_with_trigger' retrieved from /home/airflow/.local/lib/python3.12/site-packages/airflow/example_dags/example_latest_only_with_trigger.py
[2026-04-26T23:39:17.852+0000] {logging_mixin.py:188} INFO - [2026-04-26T23:39:17.852+0000] {dag.py:3096} INFO - Sync 1 DAGs
[2026-04-26T23:39:17.862+0000] {logging_mixin.py:188} INFO - [2026-04-26T23:39:17.862+0000] {dag.py:3954} INFO - Setting next_dagrun for latest_only_with_trigger to 2026-04-26 16:00:00+00:00, run_after=2026-04-26 20:00:00+00:00
[2026-04-26T23:39:17.872+0000] {processor.py:183} INFO - Processing /home/airflow/.local/lib/python3.12/site-packages/airflow/example_dags/example_latest_only_with_trigger.py took 0.081 seconds
[2026-04-26T23:39:48.151+0000] {processor.py:161} INFO - Started process (PID=210) to work on /home/airflow/.local/lib/python3.12/site-packages/airflow/example_dags/example_latest_only_with_trigger.py
[2026-04-26T23:39:48.152+0000] {processor.py:830} INFO - Processing file /home/airflow/.local/lib/python3.12/site-packages/airflow/example_dags/example_latest_only_with_trigger.py for tasks to queue
[2026-04-26T23:39:48.153+0000] {logging_mixin.py:188} INFO - [2026-04-26T23:39:48.153+0000] {dagbag.py:545} INFO - Filling up the DagBag from /home/airflow/.local/lib/python3.12/site-packages/airflow/example_dags/example_latest_only_with_trigger.py
[2026-04-26T23:39:48.156+0000] {processor.py:840} INFO - DAG(s) 'latest_only_with_trigger' retrieved from /home/airflow/.local/lib/python3.12/site-packages/airflow/example_dags/example_latest_only_with_trigger.py
[2026-04-26T23:39:48.168+0000] {logging_mixin.py:188} INFO - [2026-04-26T23:39:48.168+0000] {dag.py:3096} INFO - Sync 1 DAGs
[2026-04-26T23:39:48.180+0000] {logging_mixin.py:188} INFO - [2026-04-26T23:39:48.180+0000] {dag.py:3954} INFO - Setting next_dagrun for latest_only_with_trigger to 2026-04-26 16:00:00+00:00, run_after=2026-04-26 20:00:00+00:00
[2026-04-26T23:39:48.189+0000] {processor.py:183} INFO - Processing /home/airflow/.local/lib/python3.12/site-packages/airflow/example_dags/example_latest_only_with_trigger.py took 0.040 seconds
[2026-04-26T23:40:19.057+0000] {processor.py:161} INFO - Started process (PID=269) to work on /home/airflow/.local/lib/python3.12/site-packages/airflow/example_dags/example_latest_only_with_trigger.py
[2026-04-26T23:40:19.058+0000] {processor.py:830} INFO - Processing file /home/airflow/.local/lib/python3.12/site-packages/airflow/example_dags/example_latest_only_with_trigger.py for tasks to queue
[2026-04-26T23:40:19.059+0000] {logging_mixin.py:188} INFO - [2026-04-26T23:40:19.059+0000] {dagbag.py:545} INFO - Filling up the DagBag from /home/airflow/.local/lib/python3.12/site-packages/airflow/example_dags/example_latest_only_with_trigger.py
[2026-04-26T23:40:19.062+0000] {processor.py:840} INFO - DAG(s) 'latest_only_with_trigger' retrieved from /home/airflow/.local/lib/python3.12/site-packages/airflow/example_dags/example_latest_only_with_trigger.py
[2026-04-26T23:40:19.073+0000] {logging_mixin.py:188} INFO - [2026-04-26T23:40:19.073+0000] {dag.py:3096} INFO - Sync 1 DAGs
[2026-04-26T23:40:19.084+0000] {logging_mixin.py:188} INFO - [2026-04-26T23:40:19.084+0000] {dag.py:3954} INFO - Setting next_dagrun for latest_only_with_trigger to 2026-04-26 16:00:00+00:00, run_after=2026-04-26 20:00:00+00:00
[2026-04-26T23:40:19.093+0000] {processor.py:183} INFO - Processing /home/airflow/.local/lib/python3.12/site-packages/airflow/example_dags/example_latest_only_with_trigger.py took 0.039 seconds
[2026-04-26T23:40:50.081+0000] {processor.py:161} INFO - Started process (PID=328) to work on /home/airflow/.local/lib/python3.12/site-packages/airflow/example_dags/example_latest_only_with_trigger.py
[2026-04-26T23:40:50.082+0000] {processor.py:830} INFO - Processing file /home/airflow/.local/lib/python3.12/site-packages/airflow/example_dags/example_latest_only_with_trigger.py for tasks to queue
[2026-04-26T23:40:50.083+0000] {logging_mixin.py:188} INFO - [2026-04-26T23:40:50.082+0000] {dagbag.py:545} INFO - Filling up the DagBag from /home/airflow/.local/lib/python3.12/site-packages/airflow/example_dags/example_latest_only_with_trigger.py
[2026-04-26T23:40:50.086+0000] {processor.py:840} INFO - DAG(s) 'latest_only_with_trigger' retrieved from /home/airflow/.local/lib/python3.12/site-packages/airflow/example_dags/example_latest_only_with_trigger.py
[2026-04-26T23:40:50.097+0000] {logging_mixin.py:188} INFO - [2026-04-26T23:40:50.096+0000] {dag.py:3096} INFO - Sync 1 DAGs
[2026-04-26T23:40:50.108+0000] {logging_mixin.py:188} INFO - [2026-04-26T23:40:50.108+0000] {dag.py:3954} INFO - Setting next_dagrun for latest_only_with_trigger to 2026-04-26 16:00:00+00:00, run_after=2026-04-26 20:00:00+00:00
[2026-04-26T23:40:50.117+0000] {processor.py:183} INFO - Processing /home/airflow/.local/lib/python3.12/site-packages/airflow/example_dags/example_latest_only_with_trigger.py took 0.039 seconds
[2026-04-26T23:41:20.980+0000] {processor.py:161} INFO - Started process (PID=387) to work on /home/airflow/.local/lib/python3.12/site-packages/airflow/example_dags/example_latest_only_with_trigger.py
[2026-04-26T23:41:20.981+0000] {processor.py:830} INFO - Processing file /home/airflow/.local/lib/python3.12/site-packages/airflow/example_dags/example_latest_only_with_trigger.py for tasks to queue
[2026-04-26T23:41:20.982+0000] {logging_mixin.py:188} INFO - [2026-04-26T23:41:20.982+0000] {dagbag.py:545} INFO - Filling up the DagBag from /home/airflow/.local/lib/python3.12/site-packages/airflow/example_dags/example_latest_only_with_trigger.py
[2026-04-26T23:41:20.987+0000] {processor.py:840} INFO - DAG(s) 'latest_only_with_trigger' retrieved from /home/airflow/.local/lib/python3.12/site-packages/airflow/example_dags/example_latest_only_with_trigger.py
[2026-04-26T23:41:21.003+0000] {logging_mixin.py:188} INFO - [2026-04-26T23:41:21.003+0000] {dag.py:3096} INFO - Sync 1 DAGs
[2026-04-26T23:41:21.020+0000] {logging_mixin.py:188} INFO - [2026-04-26T23:41:21.020+0000] {dag.py:3954} INFO - Setting next_dagrun for latest_only_with_trigger to 2026-04-26 16:00:00+00:00, run_after=2026-04-26 20:00:00+00:00
[2026-04-26T23:41:21.032+0000] {processor.py:183} INFO - Processing /home/airflow/.local/lib/python3.12/site-packages/airflow/example_dags/example_latest_only_with_trigger.py took 0.056 seconds
[2026-04-26T23:41:51.232+0000] {processor.py:161} INFO - Started process (PID=446) to work on /home/airflow/.local/lib/python3.12/site-packages/airflow/example_dags/example_latest_only_with_trigger.py
[2026-04-26T23:41:51.232+0000] {processor.py:830} INFO - Processing file /home/airflow/.local/lib/python3.12/site-packages/airflow/example_dags/example_latest_only_with_trigger.py for tasks to queue
[2026-04-26T23:41:51.233+0000] {logging_mixin.py:188} INFO - [2026-04-26T23:41:51.233+0000] {dagbag.py:545} INFO - Filling up the DagBag from /home/airflow/.local/lib/python3.12/site-packages/airflow/example_dags/example_latest_only_with_trigger.py
[2026-04-26T23:41:51.236+0000] {processor.py:840} INFO - DAG(s) 'latest_only_with_trigger' retrieved from /home/airflow/.local/lib/python3.12/site-packages/airflow/example_dags/example_latest_only_with_trigger.py
[2026-04-26T23:41:51.247+0000] {logging_mixin.py:188} INFO - [2026-04-26T23:41:51.247+0000] {dag.py:3096} INFO - Sync 1 DAGs
[2026-04-26T23:41:51.259+0000] {logging_mixin.py:188} INFO - [2026-04-26T23:41:51.259+0000] {dag.py:3954} INFO - Setting next_dagrun for latest_only_with_trigger to 2026-04-26 16:00:00+00:00, run_after=2026-04-26 20:00:00+00:00
[2026-04-26T23:41:51.268+0000] {processor.py:183} INFO - Processing /home/airflow/.local/lib/python3.12/site-packages/airflow/example_dags/example_latest_only_with_trigger.py took 0.040 seconds
[2026-04-26T23:42:21.309+0000] {processor.py:161} INFO - Started process (PID=505) to work on /home/airflow/.local/lib/python3.12/site-packages/airflow/example_dags/example_latest_only_with_trigger.py
[2026-04-26T23:42:21.309+0000] {processor.py:830} INFO - Processing file /home/airflow/.local/lib/python3.12/site-packages/airflow/example_dags/example_latest_only_with_trigger.py for tasks to queue
[2026-04-26T23:42:21.311+0000] {logging_mixin.py:188} INFO - [2026-04-26T23:42:21.310+0000] {dagbag.py:545} INFO - Filling up the DagBag from /home/airflow/.local/lib/python3.12/site-packages/airflow/example_dags/example_latest_only_with_trigger.py
[2026-04-26T23:42:21.314+0000] {processor.py:840} INFO - DAG(s) 'latest_only_with_trigger' retrieved from /home/airflow/.local/lib/python3.12/site-packages/airflow/example_dags/example_latest_only_with_trigger.py
[2026-04-26T23:42:21.327+0000] {logging_mixin.py:188} INFO - [2026-04-26T23:42:21.327+0000] {dag.py:3096} INFO - Sync 1 DAGs
[2026-04-26T23:42:21.340+0000] {logging_mixin.py:188} INFO - [2026-04-26T23:42:21.340+0000] {dag.py:3954} INFO - Setting next_dagrun for latest_only_with_trigger to 2026-04-26 16:00:00+00:00, run_after=2026-04-26 20:00:00+00:00
[2026-04-26T23:42:21.349+0000] {processor.py:183} INFO - Processing /home/airflow/.local/lib/python3.12/site-packages/airflow/example_dags/example_latest_only_with_trigger.py took 0.044 seconds
[2026-04-26T23:43:21.288+0000] {processor.py:161} INFO - Started process (PID=92) to work on /home/airflow/.local/lib/python3.12/site-packages/airflow/example_dags/example_latest_only_with_trigger.py
[2026-04-26T23:43:21.289+0000] {processor.py:830} INFO - Processing file /home/airflow/.local/lib/python3.12/site-packages/airflow/example_dags/example_latest_only_with_trigger.py for tasks to queue
[2026-04-26T23:43:21.290+0000] {logging_mixin.py:188} INFO - [2026-04-26T23:43:21.290+0000] {dagbag.py:545} INFO - Filling up the DagBag from /home/airflow/.local/lib/python3.12/site-packages/airflow/example_dags/example_latest_only_with_trigger.py
[2026-04-26T23:43:21.294+0000] {processor.py:840} INFO - DAG(s) 'latest_only_with_trigger' retrieved from /home/airflow/.local/lib/python3.12/site-packages/airflow/example_dags/example_latest_only_with_trigger.py
[2026-04-26T23:43:21.301+0000] {logging_mixin.py:188} INFO - [2026-04-26T23:43:21.300+0000] {dag.py:3096} INFO - Sync 1 DAGs
[2026-04-26T23:43:21.315+0000] {logging_mixin.py:188} INFO - [2026-04-26T23:43:21.315+0000] {dag.py:3954} INFO - Setting next_dagrun for latest_only_with_trigger to 2026-04-26 16:00:00+00:00, run_after=2026-04-26 20:00:00+00:00
[2026-04-26T23:43:21.325+0000] {processor.py:183} INFO - Processing /home/airflow/.local/lib/python3.12/site-packages/airflow/example_dags/example_latest_only_with_trigger.py took 0.040 seconds
[2026-04-26T23:43:52.733+0000] {processor.py:161} INFO - Started process (PID=151) to work on /home/airflow/.local/lib/python3.12/site-packages/airflow/example_dags/example_latest_only_with_trigger.py
[2026-04-26T23:43:52.734+0000] {processor.py:830} INFO - Processing file /home/airflow/.local/lib/python3.12/site-packages/airflow/example_dags/example_latest_only_with_trigger.py for tasks to queue
[2026-04-26T23:43:52.735+0000] {logging_mixin.py:188} INFO - [2026-04-26T23:43:52.734+0000] {dagbag.py:545} INFO - Filling up the DagBag from /home/airflow/.local/lib/python3.12/site-packages/airflow/example_dags/example_latest_only_with_trigger.py
[2026-04-26T23:43:52.737+0000] {processor.py:840} INFO - DAG(s) 'latest_only_with_trigger' retrieved from /home/airflow/.local/lib/python3.12/site-packages/airflow/example_dags/example_latest_only_with_trigger.py
[2026-04-26T23:43:52.794+0000] {logging_mixin.py:188} INFO - [2026-04-26T23:43:52.794+0000] {dag.py:3096} INFO - Sync 1 DAGs
[2026-04-26T23:43:52.803+0000] {logging_mixin.py:188} INFO - [2026-04-26T23:43:52.803+0000] {dag.py:3954} INFO - Setting next_dagrun for latest_only_with_trigger to 2026-04-26 16:00:00+00:00, run_after=2026-04-26 20:00:00+00:00
[2026-04-26T23:43:52.813+0000] {processor.py:183} INFO - Processing /home/airflow/.local/lib/python3.12/site-packages/airflow/example_dags/example_latest_only_with_trigger.py took 0.083 seconds
[2026-04-26T23:44:23.405+0000] {processor.py:161} INFO - Started process (PID=210) to work on /home/airflow/.local/lib/python3.12/site-packages/airflow/example_dags/example_latest_only_with_trigger.py
[2026-04-26T23:44:23.405+0000] {processor.py:830} INFO - Processing file /home/airflow/.local/lib/python3.12/site-packages/airflow/example_dags/example_latest_only_with_trigger.py for tasks to queue
[2026-04-26T23:44:23.406+0000] {logging_mixin.py:188} INFO - [2026-04-26T23:44:23.406+0000] {dagbag.py:545} INFO - Filling up the DagBag from /home/airflow/.local/lib/python3.12/site-packages/airflow/example_dags/example_latest_only_with_trigger.py
[2026-04-26T23:44:23.409+0000] {processor.py:840} INFO - DAG(s) 'latest_only_with_trigger' retrieved from /home/airflow/.local/lib/python3.12/site-packages/airflow/example_dags/example_latest_only_with_trigger.py
[2026-04-26T23:44:23.421+0000] {logging_mixin.py:188} INFO - [2026-04-26T23:44:23.421+0000] {dag.py:3096} INFO - Sync 1 DAGs
[2026-04-26T23:44:23.433+0000] {logging_mixin.py:188} INFO - [2026-04-26T23:44:23.433+0000] {dag.py:3954} INFO - Setting next_dagrun for latest_only_with_trigger to 2026-04-26 16:00:00+00:00, run_after=2026-04-26 20:00:00+00:00
[2026-04-26T23:44:23.443+0000] {processor.py:183} INFO - Processing /home/airflow/.local/lib/python3.12/site-packages/airflow/example_dags/example_latest_only_with_trigger.py took 0.041 seconds
[2026-04-26T23:44:53.533+0000] {processor.py:161} INFO - Started process (PID=269) to work on /home/airflow/.local/lib/python3.12/site-packages/airflow/example_dags/example_latest_only_with_trigger.py
[2026-04-26T23:44:53.534+0000] {processor.py:830} INFO - Processing file /home/airflow/.local/lib/python3.12/site-packages/airflow/example_dags/example_latest_only_with_trigger.py for tasks to queue
[2026-04-26T23:44:53.535+0000] {logging_mixin.py:188} INFO - [2026-04-26T23:44:53.535+0000] {dagbag.py:545} INFO - Filling up the DagBag from /home/airflow/.local/lib/python3.12/site-packages/airflow/example_dags/example_latest_only_with_trigger.py
[2026-04-26T23:44:53.539+0000] {processor.py:840} INFO - DAG(s) 'latest_only_with_trigger' retrieved from /home/airflow/.local/lib/python3.12/site-packages/airflow/example_dags/example_latest_only_with_trigger.py
[2026-04-26T23:44:53.551+0000] {logging_mixin.py:188} INFO - [2026-04-26T23:44:53.551+0000] {dag.py:3096} INFO - Sync 1 DAGs
[2026-04-26T23:44:53.563+0000] {logging_mixin.py:188} INFO - [2026-04-26T23:44:53.563+0000] {dag.py:3954} INFO - Setting next_dagrun for latest_only_with_trigger to 2026-04-26 16:00:00+00:00, run_after=2026-04-26 20:00:00+00:00
[2026-04-26T23:44:53.575+0000] {processor.py:183} INFO - Processing /home/airflow/.local/lib/python3.12/site-packages/airflow/example_dags/example_latest_only_with_trigger.py took 0.045 seconds
[2026-04-26T23:45:24.406+0000] {processor.py:161} INFO - Started process (PID=328) to work on /home/airflow/.local/lib/python3.12/site-packages/airflow/example_dags/example_latest_only_with_trigger.py
[2026-04-26T23:45:24.407+0000] {processor.py:830} INFO - Processing file /home/airflow/.local/lib/python3.12/site-packages/airflow/example_dags/example_latest_only_with_trigger.py for tasks to queue
[2026-04-26T23:45:24.408+0000] {logging_mixin.py:188} INFO - [2026-04-26T23:45:24.408+0000] {dagbag.py:545} INFO - Filling up the DagBag from /home/airflow/.local/lib/python3.12/site-packages/airflow/example_dags/example_latest_only_with_trigger.py
[2026-04-26T23:45:24.412+0000] {processor.py:840} INFO - DAG(s) 'latest_only_with_trigger' retrieved from /home/airflow/.local/lib/python3.12/site-packages/airflow/example_dags/example_latest_only_with_trigger.py
[2026-04-26T23:45:24.426+0000] {logging_mixin.py:188} INFO - [2026-04-26T23:45:24.426+0000] {dag.py:3096} INFO - Sync 1 DAGs
[2026-04-26T23:45:24.440+0000] {logging_mixin.py:188} INFO - [2026-04-26T23:45:24.440+0000] {dag.py:3954} INFO - Setting next_dagrun for latest_only_with_trigger to 2026-04-26 16:00:00+00:00, run_after=2026-04-26 20:00:00+00:00
[2026-04-26T23:45:24.452+0000] {processor.py:183} INFO - Processing /home/airflow/.local/lib/python3.12/site-packages/airflow/example_dags/example_latest_only_with_trigger.py took 0.050 seconds
[2026-04-26T23:45:55.212+0000] {processor.py:161} INFO - Started process (PID=387) to work on /home/airflow/.local/lib/python3.12/site-packages/airflow/example_dags/example_latest_only_with_trigger.py
[2026-04-26T23:45:55.212+0000] {processor.py:830} INFO - Processing file /home/airflow/.local/lib/python3.12/site-packages/airflow/example_dags/example_latest_only_with_trigger.py for tasks to queue
[2026-04-26T23:45:55.214+0000] {logging_mixin.py:188} INFO - [2026-04-26T23:45:55.213+0000] {dagbag.py:545} INFO - Filling up the DagBag from /home/airflow/.local/lib/python3.12/site-packages/airflow/example_dags/example_latest_only_with_trigger.py
[2026-04-26T23:45:55.217+0000] {processor.py:840} INFO - DAG(s) 'latest_only_with_trigger' retrieved from /home/airflow/.local/lib/python3.12/site-packages/airflow/example_dags/example_latest_only_with_trigger.py
[2026-04-26T23:45:55.229+0000] {logging_mixin.py:188} INFO - [2026-04-26T23:45:55.228+0000] {dag.py:3096} INFO - Sync 1 DAGs
[2026-04-26T23:45:55.240+0000] {logging_mixin.py:188} INFO - [2026-04-26T23:45:55.240+0000] {dag.py:3954} INFO - Setting next_dagrun for latest_only_with_trigger to 2026-04-26 16:00:00+00:00, run_after=2026-04-26 20:00:00+00:00
[2026-04-26T23:45:55.251+0000] {processor.py:183} INFO - Processing /home/airflow/.local/lib/python3.12/site-packages/airflow/example_dags/example_latest_only_with_trigger.py took 0.043 seconds
[2026-04-26T23:46:26.008+0000] {processor.py:161} INFO - Started process (PID=446) to work on /home/airflow/.local/lib/python3.12/site-packages/airflow/example_dags/example_latest_only_with_trigger.py
[2026-04-26T23:46:26.009+0000] {processor.py:830} INFO - Processing file /home/airflow/.local/lib/python3.12/site-packages/airflow/example_dags/example_latest_only_with_trigger.py for tasks to queue
[2026-04-26T23:46:26.010+0000] {logging_mixin.py:188} INFO - [2026-04-26T23:46:26.010+0000] {dagbag.py:545} INFO - Filling up the DagBag from /home/airflow/.local/lib/python3.12/site-packages/airflow/example_dags/example_latest_only_with_trigger.py
[2026-04-26T23:46:26.013+0000] {processor.py:840} INFO - DAG(s) 'latest_only_with_trigger' retrieved from /home/airflow/.local/lib/python3.12/site-packages/airflow/example_dags/example_latest_only_with_trigger.py
[2026-04-26T23:46:26.025+0000] {logging_mixin.py:188} INFO - [2026-04-26T23:46:26.025+0000] {dag.py:3096} INFO - Sync 1 DAGs
[2026-04-26T23:46:26.037+0000] {logging_mixin.py:188} INFO - [2026-04-26T23:46:26.037+0000] {dag.py:3954} INFO - Setting next_dagrun for latest_only_with_trigger to 2026-04-26 16:00:00+00:00, run_after=2026-04-26 20:00:00+00:00
[2026-04-26T23:46:26.047+0000] {processor.py:183} INFO - Processing /home/airflow/.local/lib/python3.12/site-packages/airflow/example_dags/example_latest_only_with_trigger.py took 0.043 seconds
[2026-04-26T23:46:56.812+0000] {processor.py:161} INFO - Started process (PID=505) to work on /home/airflow/.local/lib/python3.12/site-packages/airflow/example_dags/example_latest_only_with_trigger.py
[2026-04-26T23:46:56.813+0000] {processor.py:830} INFO - Processing file /home/airflow/.local/lib/python3.12/site-packages/airflow/example_dags/example_latest_only_with_trigger.py for tasks to queue
[2026-04-26T23:46:56.814+0000] {logging_mixin.py:188} INFO - [2026-04-26T23:46:56.814+0000] {dagbag.py:545} INFO - Filling up the DagBag from /home/airflow/.local/lib/python3.12/site-packages/airflow/example_dags/example_latest_only_with_trigger.py
[2026-04-26T23:46:56.817+0000] {processor.py:840} INFO - DAG(s) 'latest_only_with_trigger' retrieved from /home/airflow/.local/lib/python3.12/site-packages/airflow/example_dags/example_latest_only_with_trigger.py
[2026-04-26T23:46:56.830+0000] {logging_mixin.py:188} INFO - [2026-04-26T23:46:56.830+0000] {dag.py:3096} INFO - Sync 1 DAGs
[2026-04-26T23:46:56.842+0000] {logging_mixin.py:188} INFO - [2026-04-26T23:46:56.842+0000] {dag.py:3954} INFO - Setting next_dagrun for latest_only_with_trigger to 2026-04-26 16:00:00+00:00, run_after=2026-04-26 20:00:00+00:00
[2026-04-26T23:46:56.851+0000] {processor.py:183} INFO - Processing /home/airflow/.local/lib/python3.12/site-packages/airflow/example_dags/example_latest_only_with_trigger.py took 0.043 seconds
[2026-04-26T23:47:27.205+0000] {processor.py:161} INFO - Started process (PID=564) to work on /home/airflow/.local/lib/python3.12/site-packages/airflow/example_dags/example_latest_only_with_trigger.py
[2026-04-26T23:47:27.206+0000] {processor.py:830} INFO - Processing file /home/airflow/.local/lib/python3.12/site-packages/airflow/example_dags/example_latest_only_with_trigger.py for tasks to queue
[2026-04-26T23:47:27.207+0000] {logging_mixin.py:188} INFO - [2026-04-26T23:47:27.207+0000] {dagbag.py:545} INFO - Filling up the DagBag from /home/airflow/.local/lib/python3.12/site-packages/airflow/example_dags/example_latest_only_with_trigger.py
[2026-04-26T23:47:27.210+0000] {processor.py:840} INFO - DAG(s) 'latest_only_with_trigger' retrieved from /home/airflow/.local/lib/python3.12/site-packages/airflow/example_dags/example_latest_only_with_trigger.py
[2026-04-26T23:47:27.221+0000] {logging_mixin.py:188} INFO - [2026-04-26T23:47:27.221+0000] {dag.py:3096} INFO - Sync 1 DAGs
[2026-04-26T23:47:27.233+0000] {logging_mixin.py:188} INFO - [2026-04-26T23:47:27.232+0000] {dag.py:3954} INFO - Setting next_dagrun for latest_only_with_trigger to 2026-04-26 16:00:00+00:00, run_after=2026-04-26 20:00:00+00:00
[2026-04-26T23:47:27.241+0000] {processor.py:183} INFO - Processing /home/airflow/.local/lib/python3.12/site-packages/airflow/example_dags/example_latest_only_with_trigger.py took 0.039 seconds
[2026-04-26T23:47:57.335+0000] {processor.py:161} INFO - Started process (PID=623) to work on /home/airflow/.local/lib/python3.12/site-packages/airflow/example_dags/example_latest_only_with_trigger.py
[2026-04-26T23:47:57.336+0000] {processor.py:830} INFO - Processing file /home/airflow/.local/lib/python3.12/site-packages/airflow/example_dags/example_latest_only_with_trigger.py for tasks to queue
[2026-04-26T23:47:57.337+0000] {logging_mixin.py:188} INFO - [2026-04-26T23:47:57.337+0000] {dagbag.py:545} INFO - Filling up the DagBag from /home/airflow/.local/lib/python3.12/site-packages/airflow/example_dags/example_latest_only_with_trigger.py
[2026-04-26T23:47:57.341+0000] {processor.py:840} INFO - DAG(s) 'latest_only_with_trigger' retrieved from /home/airflow/.local/lib/python3.12/site-packages/airflow/example_dags/example_latest_only_with_trigger.py
[2026-04-26T23:47:57.354+0000] {logging_mixin.py:188} INFO - [2026-04-26T23:47:57.354+0000] {dag.py:3096} INFO - Sync 1 DAGs
[2026-04-26T23:47:57.367+0000] {logging_mixin.py:188} INFO - [2026-04-26T23:47:57.367+0000] {dag.py:3954} INFO - Setting next_dagrun for latest_only_with_trigger to 2026-04-26 16:00:00+00:00, run_after=2026-04-26 20:00:00+00:00
[2026-04-26T23:47:57.377+0000] {processor.py:183} INFO - Processing /home/airflow/.local/lib/python3.12/site-packages/airflow/example_dags/example_latest_only_with_trigger.py took 0.046 seconds
[2026-04-26T23:48:27.410+0000] {processor.py:161} INFO - Started process (PID=682) to work on /home/airflow/.local/lib/python3.12/site-packages/airflow/example_dags/example_latest_only_with_trigger.py
[2026-04-26T23:48:27.410+0000] {processor.py:830} INFO - Processing file /home/airflow/.local/lib/python3.12/site-packages/airflow/example_dags/example_latest_only_with_trigger.py for tasks to queue
[2026-04-26T23:48:27.411+0000] {logging_mixin.py:188} INFO - [2026-04-26T23:48:27.411+0000] {dagbag.py:545} INFO - Filling up the DagBag from /home/airflow/.local/lib/python3.12/site-packages/airflow/example_dags/example_latest_only_with_trigger.py
[2026-04-26T23:48:27.414+0000] {processor.py:840} INFO - DAG(s) 'latest_only_with_trigger' retrieved from /home/airflow/.local/lib/python3.12/site-packages/airflow/example_dags/example_latest_only_with_trigger.py
[2026-04-26T23:48:27.424+0000] {logging_mixin.py:188} INFO - [2026-04-26T23:48:27.424+0000] {dag.py:3096} INFO - Sync 1 DAGs
[2026-04-26T23:48:27.435+0000] {logging_mixin.py:188} INFO - [2026-04-26T23:48:27.435+0000] {dag.py:3954} INFO - Setting next_dagrun for latest_only_with_trigger to 2026-04-26 16:00:00+00:00, run_after=2026-04-26 20:00:00+00:00
[2026-04-26T23:48:27.444+0000] {processor.py:183} INFO - Processing /home/airflow/.local/lib/python3.12/site-packages/airflow/example_dags/example_latest_only_with_trigger.py took 0.038 seconds
[2026-04-26T23:48:58.397+0000] {processor.py:161} INFO - Started process (PID=741) to work on /home/airflow/.local/lib/python3.12/site-packages/airflow/example_dags/example_latest_only_with_trigger.py
[2026-04-26T23:48:58.398+0000] {processor.py:830} INFO - Processing file /home/airflow/.local/lib/python3.12/site-packages/airflow/example_dags/example_latest_only_with_trigger.py for tasks to queue
[2026-04-26T23:48:58.399+0000] {logging_mixin.py:188} INFO - [2026-04-26T23:48:58.399+0000] {dagbag.py:545} INFO - Filling up the DagBag from /home/airflow/.local/lib/python3.12/site-packages/airflow/example_dags/example_latest_only_with_trigger.py
[2026-04-26T23:48:58.402+0000] {processor.py:840} INFO - DAG(s) 'latest_only_with_trigger' retrieved from /home/airflow/.local/lib/python3.12/site-packages/airflow/example_dags/example_latest_only_with_trigger.py
[2026-04-26T23:48:58.414+0000] {logging_mixin.py:188} INFO - [2026-04-26T23:48:58.414+0000] {dag.py:3096} INFO - Sync 1 DAGs
[2026-04-26T23:48:58.426+0000] {logging_mixin.py:188} INFO - [2026-04-26T23:48:58.426+0000] {dag.py:3954} INFO - Setting next_dagrun for latest_only_with_trigger to 2026-04-26 16:00:00+00:00, run_after=2026-04-26 20:00:00+00:00
[2026-04-26T23:48:58.436+0000] {processor.py:183} INFO - Processing /home/airflow/.local/lib/python3.12/site-packages/airflow/example_dags/example_latest_only_with_trigger.py took 0.042 seconds
[2026-04-26T23:49:28.700+0000] {processor.py:161} INFO - Started process (PID=800) to work on /home/airflow/.local/lib/python3.12/site-packages/airflow/example_dags/example_latest_only_with_trigger.py
[2026-04-26T23:49:28.700+0000] {processor.py:830} INFO - Processing file /home/airflow/.local/lib/python3.12/site-packages/airflow/example_dags/example_latest_only_with_trigger.py for tasks to queue
[2026-04-26T23:49:28.701+0000] {logging_mixin.py:188} INFO - [2026-04-26T23:49:28.701+0000] {dagbag.py:545} INFO - Filling up the DagBag from /home/airflow/.local/lib/python3.12/site-packages/airflow/example_dags/example_latest_only_with_trigger.py
[2026-04-26T23:49:28.704+0000] {processor.py:840} INFO - DAG(s) 'latest_only_with_trigger' retrieved from /home/airflow/.local/lib/python3.12/site-packages/airflow/example_dags/example_latest_only_with_trigger.py
[2026-04-26T23:49:28.715+0000] {logging_mixin.py:188} INFO - [2026-04-26T23:49:28.714+0000] {dag.py:3096} INFO - Sync 1 DAGs
[2026-04-26T23:49:28.725+0000] {logging_mixin.py:188} INFO - [2026-04-26T23:49:28.725+0000] {dag.py:3954} INFO - Setting next_dagrun for latest_only_with_trigger to 2026-04-26 16:00:00+00:00, run_after=2026-04-26 20:00:00+00:00
[2026-04-26T23:49:28.735+0000] {processor.py:183} INFO - Processing /home/airflow/.local/lib/python3.12/site-packages/airflow/example_dags/example_latest_only_with_trigger.py took 0.038 seconds
[2026-04-26T23:50:04.198+0000] {processor.py:161} INFO - Started process (PID=92) to work on /home/airflow/.local/lib/python3.12/site-packages/airflow/example_dags/example_latest_only_with_trigger.py
[2026-04-26T23:50:04.199+0000] {processor.py:830} INFO - Processing file /home/airflow/.local/lib/python3.12/site-packages/airflow/example_dags/example_latest_only_with_trigger.py for tasks to queue
[2026-04-26T23:50:04.200+0000] {logging_mixin.py:188} INFO - [2026-04-26T23:50:04.200+0000] {dagbag.py:545} INFO - Filling up the DagBag from /home/airflow/.local/lib/python3.12/site-packages/airflow/example_dags/example_latest_only_with_trigger.py
[2026-04-26T23:50:04.205+0000] {processor.py:840} INFO - DAG(s) 'latest_only_with_trigger' retrieved from /home/airflow/.local/lib/python3.12/site-packages/airflow/example_dags/example_latest_only_with_trigger.py
[2026-04-26T23:50:04.213+0000] {logging_mixin.py:188} INFO - [2026-04-26T23:50:04.212+0000] {dag.py:3096} INFO - Sync 1 DAGs
[2026-04-26T23:50:04.228+0000] {logging_mixin.py:188} INFO - [2026-04-26T23:50:04.227+0000] {dag.py:3954} INFO - Setting next_dagrun for latest_only_with_trigger to 2026-04-26 16:00:00+00:00, run_after=2026-04-26 20:00:00+00:00
[2026-04-26T23:50:04.239+0000] {processor.py:183} INFO - Processing /home/airflow/.local/lib/python3.12/site-packages/airflow/example_dags/example_latest_only_with_trigger.py took 0.044 seconds
[2026-04-26T23:50:35.822+0000] {processor.py:161} INFO - Started process (PID=151) to work on /home/airflow/.local/lib/python3.12/site-packages/airflow/example_dags/example_latest_only_with_trigger.py
[2026-04-26T23:50:35.822+0000] {processor.py:830} INFO - Processing file /home/airflow/.local/lib/python3.12/site-packages/airflow/example_dags/example_latest_only_with_trigger.py for tasks to queue
[2026-04-26T23:50:35.823+0000] {logging_mixin.py:188} INFO - [2026-04-26T23:50:35.823+0000] {dagbag.py:545} INFO - Filling up the DagBag from /home/airflow/.local/lib/python3.12/site-packages/airflow/example_dags/example_latest_only_with_trigger.py
[2026-04-26T23:50:35.827+0000] {processor.py:840} INFO - DAG(s) 'latest_only_with_trigger' retrieved from /home/airflow/.local/lib/python3.12/site-packages/airflow/example_dags/example_latest_only_with_trigger.py
[2026-04-26T23:50:35.887+0000] {logging_mixin.py:188} INFO - [2026-04-26T23:50:35.887+0000] {dag.py:3096} INFO - Sync 1 DAGs
[2026-04-26T23:50:35.898+0000] {logging_mixin.py:188} INFO - [2026-04-26T23:50:35.898+0000] {dag.py:3954} INFO - Setting next_dagrun for latest_only_with_trigger to 2026-04-26 16:00:00+00:00, run_after=2026-04-26 20:00:00+00:00
[2026-04-26T23:50:35.917+0000] {processor.py:183} INFO - Processing /home/airflow/.local/lib/python3.12/site-packages/airflow/example_dags/example_latest_only_with_trigger.py took 0.100 seconds
[2026-04-26T23:51:06.472+0000] {processor.py:161} INFO - Started process (PID=210) to work on /home/airflow/.local/lib/python3.12/site-packages/airflow/example_dags/example_latest_only_with_trigger.py
[2026-04-26T23:51:06.472+0000] {processor.py:830} INFO - Processing file /home/airflow/.local/lib/python3.12/site-packages/airflow/example_dags/example_latest_only_with_trigger.py for tasks to queue
[2026-04-26T23:51:06.473+0000] {logging_mixin.py:188} INFO - [2026-04-26T23:51:06.473+0000] {dagbag.py:545} INFO - Filling up the DagBag from /home/airflow/.local/lib/python3.12/site-packages/airflow/example_dags/example_latest_only_with_trigger.py
[2026-04-26T23:51:06.476+0000] {processor.py:840} INFO - DAG(s) 'latest_only_with_trigger' retrieved from /home/airflow/.local/lib/python3.12/site-packages/airflow/example_dags/example_latest_only_with_trigger.py
[2026-04-26T23:51:06.488+0000] {logging_mixin.py:188} INFO - [2026-04-26T23:51:06.488+0000] {dag.py:3096} INFO - Sync 1 DAGs
[2026-04-26T23:51:06.498+0000] {logging_mixin.py:188} INFO - [2026-04-26T23:51:06.498+0000] {dag.py:3954} INFO - Setting next_dagrun for latest_only_with_trigger to 2026-04-26 16:00:00+00:00, run_after=2026-04-26 20:00:00+00:00
[2026-04-26T23:51:06.506+0000] {processor.py:183} INFO - Processing /home/airflow/.local/lib/python3.12/site-packages/airflow/example_dags/example_latest_only_with_trigger.py took 0.038 seconds
[2026-04-26T23:51:36.651+0000] {processor.py:161} INFO - Started process (PID=269) to work on /home/airflow/.local/lib/python3.12/site-packages/airflow/example_dags/example_latest_only_with_trigger.py
[2026-04-26T23:51:36.651+0000] {processor.py:830} INFO - Processing file /home/airflow/.local/lib/python3.12/site-packages/airflow/example_dags/example_latest_only_with_trigger.py for tasks to queue
[2026-04-26T23:51:36.652+0000] {logging_mixin.py:188} INFO - [2026-04-26T23:51:36.652+0000] {dagbag.py:545} INFO - Filling up the DagBag from /home/airflow/.local/lib/python3.12/site-packages/airflow/example_dags/example_latest_only_with_trigger.py
[2026-04-26T23:51:36.656+0000] {processor.py:840} INFO - DAG(s) 'latest_only_with_trigger' retrieved from /home/airflow/.local/lib/python3.12/site-packages/airflow/example_dags/example_latest_only_with_trigger.py
[2026-04-26T23:51:36.669+0000] {logging_mixin.py:188} INFO - [2026-04-26T23:51:36.669+0000] {dag.py:3096} INFO - Sync 1 DAGs
[2026-04-26T23:51:36.683+0000] {logging_mixin.py:188} INFO - [2026-04-26T23:51:36.682+0000] {dag.py:3954} INFO - Setting next_dagrun for latest_only_with_trigger to 2026-04-26 16:00:00+00:00, run_after=2026-04-26 20:00:00+00:00
[2026-04-26T23:51:36.694+0000] {processor.py:183} INFO - Processing /home/airflow/.local/lib/python3.12/site-packages/airflow/example_dags/example_latest_only_with_trigger.py took 0.047 seconds
[2026-04-26T23:52:07.731+0000] {processor.py:161} INFO - Started process (PID=328) to work on /home/airflow/.local/lib/python3.12/site-packages/airflow/example_dags/example_latest_only_with_trigger.py
[2026-04-26T23:52:07.732+0000] {processor.py:830} INFO - Processing file /home/airflow/.local/lib/python3.12/site-packages/airflow/example_dags/example_latest_only_with_trigger.py for tasks to queue
[2026-04-26T23:52:07.733+0000] {logging_mixin.py:188} INFO - [2026-04-26T23:52:07.733+0000] {dagbag.py:545} INFO - Filling up the DagBag from /home/airflow/.local/lib/python3.12/site-packages/airflow/example_dags/example_latest_only_with_trigger.py
[2026-04-26T23:52:07.736+0000] {processor.py:840} INFO - DAG(s) 'latest_only_with_trigger' retrieved from /home/airflow/.local/lib/python3.12/site-packages/airflow/example_dags/example_latest_only_with_trigger.py
[2026-04-26T23:52:07.747+0000] {logging_mixin.py:188} INFO - [2026-04-26T23:52:07.747+0000] {dag.py:3096} INFO - Sync 1 DAGs
[2026-04-26T23:52:07.758+0000] {logging_mixin.py:188} INFO - [2026-04-26T23:52:07.758+0000] {dag.py:3954} INFO - Setting next_dagrun for latest_only_with_trigger to 2026-04-26 16:00:00+00:00, run_after=2026-04-26 20:00:00+00:00
[2026-04-26T23:52:07.767+0000] {processor.py:183} INFO - Processing /home/airflow/.local/lib/python3.12/site-packages/airflow/example_dags/example_latest_only_with_trigger.py took 0.039 seconds
[2026-04-26T23:52:38.050+0000] {processor.py:161} INFO - Started process (PID=387) to work on /home/airflow/.local/lib/python3.12/site-packages/airflow/example_dags/example_latest_only_with_trigger.py
[2026-04-26T23:52:38.050+0000] {processor.py:830} INFO - Processing file /home/airflow/.local/lib/python3.12/site-packages/airflow/example_dags/example_latest_only_with_trigger.py for tasks to queue
[2026-04-26T23:52:38.051+0000] {logging_mixin.py:188} INFO - [2026-04-26T23:52:38.051+0000] {dagbag.py:545} INFO - Filling up the DagBag from /home/airflow/.local/lib/python3.12/site-packages/airflow/example_dags/example_latest_only_with_trigger.py
[2026-04-26T23:52:38.056+0000] {processor.py:840} INFO - DAG(s) 'latest_only_with_trigger' retrieved from /home/airflow/.local/lib/python3.12/site-packages/airflow/example_dags/example_latest_only_with_trigger.py
[2026-04-26T23:52:38.072+0000] {logging_mixin.py:188} INFO - [2026-04-26T23:52:38.072+0000] {dag.py:3096} INFO - Sync 1 DAGs
[2026-04-26T23:52:38.089+0000] {logging_mixin.py:188} INFO - [2026-04-26T23:52:38.088+0000] {dag.py:3954} INFO - Setting next_dagrun for latest_only_with_trigger to 2026-04-26 16:00:00+00:00, run_after=2026-04-26 20:00:00+00:00
[2026-04-26T23:52:38.100+0000] {processor.py:183} INFO - Processing /home/airflow/.local/lib/python3.12/site-packages/airflow/example_dags/example_latest_only_with_trigger.py took 0.054 seconds
[2026-04-26T23:53:09.020+0000] {processor.py:161} INFO - Started process (PID=446) to work on /home/airflow/.local/lib/python3.12/site-packages/airflow/example_dags/example_latest_only_with_trigger.py
[2026-04-26T23:53:09.021+0000] {processor.py:830} INFO - Processing file /home/airflow/.local/lib/python3.12/site-packages/airflow/example_dags/example_latest_only_with_trigger.py for tasks to queue
[2026-04-26T23:53:09.022+0000] {logging_mixin.py:188} INFO - [2026-04-26T23:53:09.022+0000] {dagbag.py:545} INFO - Filling up the DagBag from /home/airflow/.local/lib/python3.12/site-packages/airflow/example_dags/example_latest_only_with_trigger.py
[2026-04-26T23:53:09.027+0000] {processor.py:840} INFO - DAG(s) 'latest_only_with_trigger' retrieved from /home/airflow/.local/lib/python3.12/site-packages/airflow/example_dags/example_latest_only_with_trigger.py
[2026-04-26T23:53:09.042+0000] {logging_mixin.py:188} INFO - [2026-04-26T23:53:09.042+0000] {dag.py:3096} INFO - Sync 1 DAGs
[2026-04-26T23:53:09.055+0000] {logging_mixin.py:188} INFO - [2026-04-26T23:53:09.055+0000] {dag.py:3954} INFO - Setting next_dagrun for latest_only_with_trigger to 2026-04-26 16:00:00+00:00, run_after=2026-04-26 20:00:00+00:00
[2026-04-26T23:53:09.068+0000] {processor.py:183} INFO - Processing /home/airflow/.local/lib/python3.12/site-packages/airflow/example_dags/example_latest_only_with_trigger.py took 0.053 seconds
[2026-04-26T23:53:39.228+0000] {processor.py:161} INFO - Started process (PID=505) to work on /home/airflow/.local/lib/python3.12/site-packages/airflow/example_dags/example_latest_only_with_trigger.py
[2026-04-26T23:53:39.229+0000] {processor.py:830} INFO - Processing file /home/airflow/.local/lib/python3.12/site-packages/airflow/example_dags/example_latest_only_with_trigger.py for tasks to queue
[2026-04-26T23:53:39.230+0000] {logging_mixin.py:188} INFO - [2026-04-26T23:53:39.230+0000] {dagbag.py:545} INFO - Filling up the DagBag from /home/airflow/.local/lib/python3.12/site-packages/airflow/example_dags/example_latest_only_with_trigger.py
[2026-04-26T23:53:39.235+0000] {processor.py:840} INFO - DAG(s) 'latest_only_with_trigger' retrieved from /home/airflow/.local/lib/python3.12/site-packages/airflow/example_dags/example_latest_only_with_trigger.py
[2026-04-26T23:53:39.252+0000] {logging_mixin.py:188} INFO - [2026-04-26T23:53:39.252+0000] {dag.py:3096} INFO - Sync 1 DAGs
[2026-04-26T23:53:39.269+0000] {logging_mixin.py:188} INFO - [2026-04-26T23:53:39.269+0000] {dag.py:3954} INFO - Setting next_dagrun for latest_only_with_trigger to 2026-04-26 16:00:00+00:00, run_after=2026-04-26 20:00:00+00:00
[2026-04-26T23:53:39.283+0000] {processor.py:183} INFO - Processing /home/airflow/.local/lib/python3.12/site-packages/airflow/example_dags/example_latest_only_with_trigger.py took 0.060 seconds
