[2026-04-26T23:08:15.004+0000] {processor.py:161} INFO - Started process (PID=65) to work on /home/airflow/.local/lib/python3.12/site-packages/airflow/example_dags/example_branch_operator.py
[2026-04-26T23:08:15.005+0000] {processor.py:830} INFO - Processing file /home/airflow/.local/lib/python3.12/site-packages/airflow/example_dags/example_branch_operator.py for tasks to queue
[2026-04-26T23:08:15.006+0000] {logging_mixin.py:188} INFO - [2026-04-26T23:08:15.006+0000] {dagbag.py:545} INFO - Filling up the DagBag from /home/airflow/.local/lib/python3.12/site-packages/airflow/example_dags/example_branch_operator.py
[2026-04-26T23:08:15.022+0000] {processor.py:840} INFO - DAG(s) 'example_branch_operator' retrieved from /home/airflow/.local/lib/python3.12/site-packages/airflow/example_dags/example_branch_operator.py
[2026-04-26T23:08:15.030+0000] {logging_mixin.py:188} INFO - [2026-04-26T23:08:15.030+0000] {dag.py:3096} INFO - Sync 1 DAGs
[2026-04-26T23:08:15.046+0000] {logging_mixin.py:188} INFO - [2026-04-26T23:08:15.046+0000] {dag.py:3954} INFO - Setting next_dagrun for example_branch_operator to 2026-04-25 00:00:00+00:00, run_after=2026-04-26 00:00:00+00:00
[2026-04-26T23:08:15.059+0000] {processor.py:183} INFO - Processing /home/airflow/.local/lib/python3.12/site-packages/airflow/example_dags/example_branch_operator.py took 0.059 seconds
[2026-04-26T23:08:45.796+0000] {processor.py:161} INFO - Started process (PID=123) to work on /home/airflow/.local/lib/python3.12/site-packages/airflow/example_dags/example_branch_operator.py
[2026-04-26T23:08:45.796+0000] {processor.py:830} INFO - Processing file /home/airflow/.local/lib/python3.12/site-packages/airflow/example_dags/example_branch_operator.py for tasks to queue
[2026-04-26T23:08:45.798+0000] {logging_mixin.py:188} INFO - [2026-04-26T23:08:45.797+0000] {dagbag.py:545} INFO - Filling up the DagBag from /home/airflow/.local/lib/python3.12/site-packages/airflow/example_dags/example_branch_operator.py
[2026-04-26T23:08:45.809+0000] {processor.py:840} INFO - DAG(s) 'example_branch_operator' retrieved from /home/airflow/.local/lib/python3.12/site-packages/airflow/example_dags/example_branch_operator.py
[2026-04-26T23:08:45.890+0000] {logging_mixin.py:188} INFO - [2026-04-26T23:08:45.889+0000] {dag.py:3096} INFO - Sync 1 DAGs
[2026-04-26T23:08:45.907+0000] {logging_mixin.py:188} INFO - [2026-04-26T23:08:45.907+0000] {dag.py:3954} INFO - Setting next_dagrun for example_branch_operator to 2026-04-25 00:00:00+00:00, run_after=2026-04-26 00:00:00+00:00
[2026-04-26T23:08:45.923+0000] {processor.py:183} INFO - Processing /home/airflow/.local/lib/python3.12/site-packages/airflow/example_dags/example_branch_operator.py took 0.131 seconds
[2026-04-26T23:09:16.615+0000] {processor.py:161} INFO - Started process (PID=181) to work on /home/airflow/.local/lib/python3.12/site-packages/airflow/example_dags/example_branch_operator.py
[2026-04-26T23:09:16.615+0000] {processor.py:830} INFO - Processing file /home/airflow/.local/lib/python3.12/site-packages/airflow/example_dags/example_branch_operator.py for tasks to queue
[2026-04-26T23:09:16.616+0000] {logging_mixin.py:188} INFO - [2026-04-26T23:09:16.616+0000] {dagbag.py:545} INFO - Filling up the DagBag from /home/airflow/.local/lib/python3.12/site-packages/airflow/example_dags/example_branch_operator.py
[2026-04-26T23:09:16.626+0000] {processor.py:840} INFO - DAG(s) 'example_branch_operator' retrieved from /home/airflow/.local/lib/python3.12/site-packages/airflow/example_dags/example_branch_operator.py
[2026-04-26T23:09:16.643+0000] {logging_mixin.py:188} INFO - [2026-04-26T23:09:16.643+0000] {dag.py:3096} INFO - Sync 1 DAGs
[2026-04-26T23:09:16.655+0000] {logging_mixin.py:188} INFO - [2026-04-26T23:09:16.655+0000] {dag.py:3954} INFO - Setting next_dagrun for example_branch_operator to 2026-04-25 00:00:00+00:00, run_after=2026-04-26 00:00:00+00:00
[2026-04-26T23:09:16.665+0000] {processor.py:183} INFO - Processing /home/airflow/.local/lib/python3.12/site-packages/airflow/example_dags/example_branch_operator.py took 0.054 seconds
[2026-04-26T23:09:47.449+0000] {processor.py:161} INFO - Started process (PID=239) to work on /home/airflow/.local/lib/python3.12/site-packages/airflow/example_dags/example_branch_operator.py
[2026-04-26T23:09:47.450+0000] {processor.py:830} INFO - Processing file /home/airflow/.local/lib/python3.12/site-packages/airflow/example_dags/example_branch_operator.py for tasks to queue
[2026-04-26T23:09:47.451+0000] {logging_mixin.py:188} INFO - [2026-04-26T23:09:47.451+0000] {dagbag.py:545} INFO - Filling up the DagBag from /home/airflow/.local/lib/python3.12/site-packages/airflow/example_dags/example_branch_operator.py
[2026-04-26T23:09:47.461+0000] {processor.py:840} INFO - DAG(s) 'example_branch_operator' retrieved from /home/airflow/.local/lib/python3.12/site-packages/airflow/example_dags/example_branch_operator.py
[2026-04-26T23:09:47.478+0000] {logging_mixin.py:188} INFO - [2026-04-26T23:09:47.478+0000] {dag.py:3096} INFO - Sync 1 DAGs
[2026-04-26T23:09:47.491+0000] {logging_mixin.py:188} INFO - [2026-04-26T23:09:47.491+0000] {dag.py:3954} INFO - Setting next_dagrun for example_branch_operator to 2026-04-25 00:00:00+00:00, run_after=2026-04-26 00:00:00+00:00
[2026-04-26T23:09:47.500+0000] {processor.py:183} INFO - Processing /home/airflow/.local/lib/python3.12/site-packages/airflow/example_dags/example_branch_operator.py took 0.055 seconds
[2026-04-26T23:10:18.382+0000] {processor.py:161} INFO - Started process (PID=303) to work on /home/airflow/.local/lib/python3.12/site-packages/airflow/example_dags/example_branch_operator.py
[2026-04-26T23:10:18.382+0000] {processor.py:830} INFO - Processing file /home/airflow/.local/lib/python3.12/site-packages/airflow/example_dags/example_branch_operator.py for tasks to queue
[2026-04-26T23:10:18.384+0000] {logging_mixin.py:188} INFO - [2026-04-26T23:10:18.383+0000] {dagbag.py:545} INFO - Filling up the DagBag from /home/airflow/.local/lib/python3.12/site-packages/airflow/example_dags/example_branch_operator.py
[2026-04-26T23:10:18.395+0000] {processor.py:840} INFO - DAG(s) 'example_branch_operator' retrieved from /home/airflow/.local/lib/python3.12/site-packages/airflow/example_dags/example_branch_operator.py
[2026-04-26T23:10:18.414+0000] {logging_mixin.py:188} INFO - [2026-04-26T23:10:18.413+0000] {dag.py:3096} INFO - Sync 1 DAGs
[2026-04-26T23:10:18.428+0000] {logging_mixin.py:188} INFO - [2026-04-26T23:10:18.428+0000] {dag.py:3954} INFO - Setting next_dagrun for example_branch_operator to 2026-04-25 00:00:00+00:00, run_after=2026-04-26 00:00:00+00:00
[2026-04-26T23:10:18.438+0000] {processor.py:183} INFO - Processing /home/airflow/.local/lib/python3.12/site-packages/airflow/example_dags/example_branch_operator.py took 0.060 seconds
[2026-04-26T23:10:48.519+0000] {processor.py:161} INFO - Started process (PID=361) to work on /home/airflow/.local/lib/python3.12/site-packages/airflow/example_dags/example_branch_operator.py
[2026-04-26T23:10:48.520+0000] {processor.py:830} INFO - Processing file /home/airflow/.local/lib/python3.12/site-packages/airflow/example_dags/example_branch_operator.py for tasks to queue
[2026-04-26T23:10:48.521+0000] {logging_mixin.py:188} INFO - [2026-04-26T23:10:48.521+0000] {dagbag.py:545} INFO - Filling up the DagBag from /home/airflow/.local/lib/python3.12/site-packages/airflow/example_dags/example_branch_operator.py
[2026-04-26T23:10:48.533+0000] {processor.py:840} INFO - DAG(s) 'example_branch_operator' retrieved from /home/airflow/.local/lib/python3.12/site-packages/airflow/example_dags/example_branch_operator.py
[2026-04-26T23:10:48.553+0000] {logging_mixin.py:188} INFO - [2026-04-26T23:10:48.553+0000] {dag.py:3096} INFO - Sync 1 DAGs
[2026-04-26T23:10:48.568+0000] {logging_mixin.py:188} INFO - [2026-04-26T23:10:48.568+0000] {dag.py:3954} INFO - Setting next_dagrun for example_branch_operator to 2026-04-25 00:00:00+00:00, run_after=2026-04-26 00:00:00+00:00
[2026-04-26T23:10:48.578+0000] {processor.py:183} INFO - Processing /home/airflow/.local/lib/python3.12/site-packages/airflow/example_dags/example_branch_operator.py took 0.064 seconds
[2026-04-26T23:11:19.227+0000] {processor.py:161} INFO - Started process (PID=419) to work on /home/airflow/.local/lib/python3.12/site-packages/airflow/example_dags/example_branch_operator.py
[2026-04-26T23:11:19.228+0000] {processor.py:830} INFO - Processing file /home/airflow/.local/lib/python3.12/site-packages/airflow/example_dags/example_branch_operator.py for tasks to queue
[2026-04-26T23:11:19.229+0000] {logging_mixin.py:188} INFO - [2026-04-26T23:11:19.229+0000] {dagbag.py:545} INFO - Filling up the DagBag from /home/airflow/.local/lib/python3.12/site-packages/airflow/example_dags/example_branch_operator.py
[2026-04-26T23:11:19.241+0000] {processor.py:840} INFO - DAG(s) 'example_branch_operator' retrieved from /home/airflow/.local/lib/python3.12/site-packages/airflow/example_dags/example_branch_operator.py
[2026-04-26T23:11:19.259+0000] {logging_mixin.py:188} INFO - [2026-04-26T23:11:19.259+0000] {dag.py:3096} INFO - Sync 1 DAGs
[2026-04-26T23:11:19.273+0000] {logging_mixin.py:188} INFO - [2026-04-26T23:11:19.273+0000] {dag.py:3954} INFO - Setting next_dagrun for example_branch_operator to 2026-04-25 00:00:00+00:00, run_after=2026-04-26 00:00:00+00:00
[2026-04-26T23:11:19.283+0000] {processor.py:183} INFO - Processing /home/airflow/.local/lib/python3.12/site-packages/airflow/example_dags/example_branch_operator.py took 0.059 seconds
[2026-04-26T23:11:50.013+0000] {processor.py:161} INFO - Started process (PID=477) to work on /home/airflow/.local/lib/python3.12/site-packages/airflow/example_dags/example_branch_operator.py
[2026-04-26T23:11:50.013+0000] {processor.py:830} INFO - Processing file /home/airflow/.local/lib/python3.12/site-packages/airflow/example_dags/example_branch_operator.py for tasks to queue
[2026-04-26T23:11:50.014+0000] {logging_mixin.py:188} INFO - [2026-04-26T23:11:50.014+0000] {dagbag.py:545} INFO - Filling up the DagBag from /home/airflow/.local/lib/python3.12/site-packages/airflow/example_dags/example_branch_operator.py
[2026-04-26T23:11:50.023+0000] {processor.py:840} INFO - DAG(s) 'example_branch_operator' retrieved from /home/airflow/.local/lib/python3.12/site-packages/airflow/example_dags/example_branch_operator.py
[2026-04-26T23:11:50.037+0000] {logging_mixin.py:188} INFO - [2026-04-26T23:11:50.037+0000] {dag.py:3096} INFO - Sync 1 DAGs
[2026-04-26T23:11:50.049+0000] {logging_mixin.py:188} INFO - [2026-04-26T23:11:50.049+0000] {dag.py:3954} INFO - Setting next_dagrun for example_branch_operator to 2026-04-25 00:00:00+00:00, run_after=2026-04-26 00:00:00+00:00
[2026-04-26T23:11:50.057+0000] {processor.py:183} INFO - Processing /home/airflow/.local/lib/python3.12/site-packages/airflow/example_dags/example_branch_operator.py took 0.048 seconds
[2026-04-26T23:12:20.809+0000] {processor.py:161} INFO - Started process (PID=535) to work on /home/airflow/.local/lib/python3.12/site-packages/airflow/example_dags/example_branch_operator.py
[2026-04-26T23:12:20.809+0000] {processor.py:830} INFO - Processing file /home/airflow/.local/lib/python3.12/site-packages/airflow/example_dags/example_branch_operator.py for tasks to queue
[2026-04-26T23:12:20.810+0000] {logging_mixin.py:188} INFO - [2026-04-26T23:12:20.810+0000] {dagbag.py:545} INFO - Filling up the DagBag from /home/airflow/.local/lib/python3.12/site-packages/airflow/example_dags/example_branch_operator.py
[2026-04-26T23:12:20.819+0000] {processor.py:840} INFO - DAG(s) 'example_branch_operator' retrieved from /home/airflow/.local/lib/python3.12/site-packages/airflow/example_dags/example_branch_operator.py
[2026-04-26T23:12:20.836+0000] {logging_mixin.py:188} INFO - [2026-04-26T23:12:20.836+0000] {dag.py:3096} INFO - Sync 1 DAGs
[2026-04-26T23:12:20.849+0000] {logging_mixin.py:188} INFO - [2026-04-26T23:12:20.849+0000] {dag.py:3954} INFO - Setting next_dagrun for example_branch_operator to 2026-04-25 00:00:00+00:00, run_after=2026-04-26 00:00:00+00:00
[2026-04-26T23:12:20.859+0000] {processor.py:183} INFO - Processing /home/airflow/.local/lib/python3.12/site-packages/airflow/example_dags/example_branch_operator.py took 0.055 seconds
[2026-04-26T23:12:51.633+0000] {processor.py:161} INFO - Started process (PID=593) to work on /home/airflow/.local/lib/python3.12/site-packages/airflow/example_dags/example_branch_operator.py
[2026-04-26T23:12:51.634+0000] {processor.py:830} INFO - Processing file /home/airflow/.local/lib/python3.12/site-packages/airflow/example_dags/example_branch_operator.py for tasks to queue
[2026-04-26T23:12:51.635+0000] {logging_mixin.py:188} INFO - [2026-04-26T23:12:51.635+0000] {dagbag.py:545} INFO - Filling up the DagBag from /home/airflow/.local/lib/python3.12/site-packages/airflow/example_dags/example_branch_operator.py
[2026-04-26T23:12:51.650+0000] {processor.py:840} INFO - DAG(s) 'example_branch_operator' retrieved from /home/airflow/.local/lib/python3.12/site-packages/airflow/example_dags/example_branch_operator.py
[2026-04-26T23:12:51.676+0000] {logging_mixin.py:188} INFO - [2026-04-26T23:12:51.676+0000] {dag.py:3096} INFO - Sync 1 DAGs
[2026-04-26T23:12:51.695+0000] {logging_mixin.py:188} INFO - [2026-04-26T23:12:51.695+0000] {dag.py:3954} INFO - Setting next_dagrun for example_branch_operator to 2026-04-25 00:00:00+00:00, run_after=2026-04-26 00:00:00+00:00
[2026-04-26T23:12:51.708+0000] {processor.py:183} INFO - Processing /home/airflow/.local/lib/python3.12/site-packages/airflow/example_dags/example_branch_operator.py took 0.081 seconds
[2026-04-26T23:13:21.733+0000] {processor.py:161} INFO - Started process (PID=651) to work on /home/airflow/.local/lib/python3.12/site-packages/airflow/example_dags/example_branch_operator.py
[2026-04-26T23:13:21.733+0000] {processor.py:830} INFO - Processing file /home/airflow/.local/lib/python3.12/site-packages/airflow/example_dags/example_branch_operator.py for tasks to queue
[2026-04-26T23:13:21.734+0000] {logging_mixin.py:188} INFO - [2026-04-26T23:13:21.734+0000] {dagbag.py:545} INFO - Filling up the DagBag from /home/airflow/.local/lib/python3.12/site-packages/airflow/example_dags/example_branch_operator.py
[2026-04-26T23:13:21.744+0000] {processor.py:840} INFO - DAG(s) 'example_branch_operator' retrieved from /home/airflow/.local/lib/python3.12/site-packages/airflow/example_dags/example_branch_operator.py
[2026-04-26T23:13:21.761+0000] {logging_mixin.py:188} INFO - [2026-04-26T23:13:21.761+0000] {dag.py:3096} INFO - Sync 1 DAGs
[2026-04-26T23:13:21.775+0000] {logging_mixin.py:188} INFO - [2026-04-26T23:13:21.775+0000] {dag.py:3954} INFO - Setting next_dagrun for example_branch_operator to 2026-04-25 00:00:00+00:00, run_after=2026-04-26 00:00:00+00:00
[2026-04-26T23:13:21.790+0000] {processor.py:183} INFO - Processing /home/airflow/.local/lib/python3.12/site-packages/airflow/example_dags/example_branch_operator.py took 0.060 seconds
[2026-04-26T23:13:52.029+0000] {processor.py:161} INFO - Started process (PID=709) to work on /home/airflow/.local/lib/python3.12/site-packages/airflow/example_dags/example_branch_operator.py
[2026-04-26T23:13:52.029+0000] {processor.py:830} INFO - Processing file /home/airflow/.local/lib/python3.12/site-packages/airflow/example_dags/example_branch_operator.py for tasks to queue
[2026-04-26T23:13:52.030+0000] {logging_mixin.py:188} INFO - [2026-04-26T23:13:52.030+0000] {dagbag.py:545} INFO - Filling up the DagBag from /home/airflow/.local/lib/python3.12/site-packages/airflow/example_dags/example_branch_operator.py
[2026-04-26T23:13:52.039+0000] {processor.py:840} INFO - DAG(s) 'example_branch_operator' retrieved from /home/airflow/.local/lib/python3.12/site-packages/airflow/example_dags/example_branch_operator.py
[2026-04-26T23:13:52.054+0000] {logging_mixin.py:188} INFO - [2026-04-26T23:13:52.054+0000] {dag.py:3096} INFO - Sync 1 DAGs
[2026-04-26T23:13:52.067+0000] {logging_mixin.py:188} INFO - [2026-04-26T23:13:52.067+0000] {dag.py:3954} INFO - Setting next_dagrun for example_branch_operator to 2026-04-25 00:00:00+00:00, run_after=2026-04-26 00:00:00+00:00
[2026-04-26T23:13:52.075+0000] {processor.py:183} INFO - Processing /home/airflow/.local/lib/python3.12/site-packages/airflow/example_dags/example_branch_operator.py took 0.050 seconds
[2026-04-26T23:14:22.670+0000] {processor.py:161} INFO - Started process (PID=767) to work on /home/airflow/.local/lib/python3.12/site-packages/airflow/example_dags/example_branch_operator.py
[2026-04-26T23:14:22.671+0000] {processor.py:830} INFO - Processing file /home/airflow/.local/lib/python3.12/site-packages/airflow/example_dags/example_branch_operator.py for tasks to queue
[2026-04-26T23:14:22.672+0000] {logging_mixin.py:188} INFO - [2026-04-26T23:14:22.672+0000] {dagbag.py:545} INFO - Filling up the DagBag from /home/airflow/.local/lib/python3.12/site-packages/airflow/example_dags/example_branch_operator.py
[2026-04-26T23:14:22.680+0000] {processor.py:840} INFO - DAG(s) 'example_branch_operator' retrieved from /home/airflow/.local/lib/python3.12/site-packages/airflow/example_dags/example_branch_operator.py
[2026-04-26T23:14:22.695+0000] {logging_mixin.py:188} INFO - [2026-04-26T23:14:22.695+0000] {dag.py:3096} INFO - Sync 1 DAGs
[2026-04-26T23:14:22.706+0000] {logging_mixin.py:188} INFO - [2026-04-26T23:14:22.706+0000] {dag.py:3954} INFO - Setting next_dagrun for example_branch_operator to 2026-04-25 00:00:00+00:00, run_after=2026-04-26 00:00:00+00:00
[2026-04-26T23:14:22.714+0000] {processor.py:183} INFO - Processing /home/airflow/.local/lib/python3.12/site-packages/airflow/example_dags/example_branch_operator.py took 0.047 seconds
[2026-04-26T23:14:53.454+0000] {processor.py:161} INFO - Started process (PID=825) to work on /home/airflow/.local/lib/python3.12/site-packages/airflow/example_dags/example_branch_operator.py
[2026-04-26T23:14:53.454+0000] {processor.py:830} INFO - Processing file /home/airflow/.local/lib/python3.12/site-packages/airflow/example_dags/example_branch_operator.py for tasks to queue
[2026-04-26T23:14:53.456+0000] {logging_mixin.py:188} INFO - [2026-04-26T23:14:53.455+0000] {dagbag.py:545} INFO - Filling up the DagBag from /home/airflow/.local/lib/python3.12/site-packages/airflow/example_dags/example_branch_operator.py
[2026-04-26T23:14:53.466+0000] {processor.py:840} INFO - DAG(s) 'example_branch_operator' retrieved from /home/airflow/.local/lib/python3.12/site-packages/airflow/example_dags/example_branch_operator.py
[2026-04-26T23:14:53.486+0000] {logging_mixin.py:188} INFO - [2026-04-26T23:14:53.486+0000] {dag.py:3096} INFO - Sync 1 DAGs
[2026-04-26T23:14:53.500+0000] {logging_mixin.py:188} INFO - [2026-04-26T23:14:53.500+0000] {dag.py:3954} INFO - Setting next_dagrun for example_branch_operator to 2026-04-25 00:00:00+00:00, run_after=2026-04-26 00:00:00+00:00
[2026-04-26T23:14:53.511+0000] {processor.py:183} INFO - Processing /home/airflow/.local/lib/python3.12/site-packages/airflow/example_dags/example_branch_operator.py took 0.061 seconds
[2026-04-26T23:15:23.534+0000] {processor.py:161} INFO - Started process (PID=883) to work on /home/airflow/.local/lib/python3.12/site-packages/airflow/example_dags/example_branch_operator.py
[2026-04-26T23:15:23.534+0000] {processor.py:830} INFO - Processing file /home/airflow/.local/lib/python3.12/site-packages/airflow/example_dags/example_branch_operator.py for tasks to queue
[2026-04-26T23:15:23.535+0000] {logging_mixin.py:188} INFO - [2026-04-26T23:15:23.535+0000] {dagbag.py:545} INFO - Filling up the DagBag from /home/airflow/.local/lib/python3.12/site-packages/airflow/example_dags/example_branch_operator.py
[2026-04-26T23:15:23.544+0000] {processor.py:840} INFO - DAG(s) 'example_branch_operator' retrieved from /home/airflow/.local/lib/python3.12/site-packages/airflow/example_dags/example_branch_operator.py
[2026-04-26T23:15:23.558+0000] {logging_mixin.py:188} INFO - [2026-04-26T23:15:23.558+0000] {dag.py:3096} INFO - Sync 1 DAGs
[2026-04-26T23:15:23.569+0000] {logging_mixin.py:188} INFO - [2026-04-26T23:15:23.569+0000] {dag.py:3954} INFO - Setting next_dagrun for example_branch_operator to 2026-04-25 00:00:00+00:00, run_after=2026-04-26 00:00:00+00:00
[2026-04-26T23:15:23.579+0000] {processor.py:183} INFO - Processing /home/airflow/.local/lib/python3.12/site-packages/airflow/example_dags/example_branch_operator.py took 0.049 seconds
[2026-04-26T23:15:53.720+0000] {processor.py:161} INFO - Started process (PID=941) to work on /home/airflow/.local/lib/python3.12/site-packages/airflow/example_dags/example_branch_operator.py
[2026-04-26T23:15:53.720+0000] {processor.py:830} INFO - Processing file /home/airflow/.local/lib/python3.12/site-packages/airflow/example_dags/example_branch_operator.py for tasks to queue
[2026-04-26T23:15:53.721+0000] {logging_mixin.py:188} INFO - [2026-04-26T23:15:53.721+0000] {dagbag.py:545} INFO - Filling up the DagBag from /home/airflow/.local/lib/python3.12/site-packages/airflow/example_dags/example_branch_operator.py
[2026-04-26T23:15:53.730+0000] {processor.py:840} INFO - DAG(s) 'example_branch_operator' retrieved from /home/airflow/.local/lib/python3.12/site-packages/airflow/example_dags/example_branch_operator.py
[2026-04-26T23:15:53.744+0000] {logging_mixin.py:188} INFO - [2026-04-26T23:15:53.743+0000] {dag.py:3096} INFO - Sync 1 DAGs
[2026-04-26T23:15:53.754+0000] {logging_mixin.py:188} INFO - [2026-04-26T23:15:53.754+0000] {dag.py:3954} INFO - Setting next_dagrun for example_branch_operator to 2026-04-25 00:00:00+00:00, run_after=2026-04-26 00:00:00+00:00
[2026-04-26T23:15:53.763+0000] {processor.py:183} INFO - Processing /home/airflow/.local/lib/python3.12/site-packages/airflow/example_dags/example_branch_operator.py took 0.046 seconds
[2026-04-26T23:16:23.933+0000] {processor.py:161} INFO - Started process (PID=999) to work on /home/airflow/.local/lib/python3.12/site-packages/airflow/example_dags/example_branch_operator.py
[2026-04-26T23:16:23.934+0000] {processor.py:830} INFO - Processing file /home/airflow/.local/lib/python3.12/site-packages/airflow/example_dags/example_branch_operator.py for tasks to queue
[2026-04-26T23:16:23.935+0000] {logging_mixin.py:188} INFO - [2026-04-26T23:16:23.935+0000] {dagbag.py:545} INFO - Filling up the DagBag from /home/airflow/.local/lib/python3.12/site-packages/airflow/example_dags/example_branch_operator.py
[2026-04-26T23:16:23.944+0000] {processor.py:840} INFO - DAG(s) 'example_branch_operator' retrieved from /home/airflow/.local/lib/python3.12/site-packages/airflow/example_dags/example_branch_operator.py
[2026-04-26T23:16:23.958+0000] {logging_mixin.py:188} INFO - [2026-04-26T23:16:23.958+0000] {dag.py:3096} INFO - Sync 1 DAGs
[2026-04-26T23:16:23.970+0000] {logging_mixin.py:188} INFO - [2026-04-26T23:16:23.970+0000] {dag.py:3954} INFO - Setting next_dagrun for example_branch_operator to 2026-04-25 00:00:00+00:00, run_after=2026-04-26 00:00:00+00:00
[2026-04-26T23:16:23.978+0000] {processor.py:183} INFO - Processing /home/airflow/.local/lib/python3.12/site-packages/airflow/example_dags/example_branch_operator.py took 0.048 seconds
[2026-04-26T23:16:54.172+0000] {processor.py:161} INFO - Started process (PID=1057) to work on /home/airflow/.local/lib/python3.12/site-packages/airflow/example_dags/example_branch_operator.py
[2026-04-26T23:16:54.173+0000] {processor.py:830} INFO - Processing file /home/airflow/.local/lib/python3.12/site-packages/airflow/example_dags/example_branch_operator.py for tasks to queue
[2026-04-26T23:16:54.174+0000] {logging_mixin.py:188} INFO - [2026-04-26T23:16:54.174+0000] {dagbag.py:545} INFO - Filling up the DagBag from /home/airflow/.local/lib/python3.12/site-packages/airflow/example_dags/example_branch_operator.py
[2026-04-26T23:16:54.182+0000] {processor.py:840} INFO - DAG(s) 'example_branch_operator' retrieved from /home/airflow/.local/lib/python3.12/site-packages/airflow/example_dags/example_branch_operator.py
[2026-04-26T23:16:54.196+0000] {logging_mixin.py:188} INFO - [2026-04-26T23:16:54.196+0000] {dag.py:3096} INFO - Sync 1 DAGs
[2026-04-26T23:16:54.208+0000] {logging_mixin.py:188} INFO - [2026-04-26T23:16:54.208+0000] {dag.py:3954} INFO - Setting next_dagrun for example_branch_operator to 2026-04-25 00:00:00+00:00, run_after=2026-04-26 00:00:00+00:00
[2026-04-26T23:16:54.216+0000] {processor.py:183} INFO - Processing /home/airflow/.local/lib/python3.12/site-packages/airflow/example_dags/example_branch_operator.py took 0.047 seconds
[2026-04-26T23:17:24.547+0000] {processor.py:161} INFO - Started process (PID=1115) to work on /home/airflow/.local/lib/python3.12/site-packages/airflow/example_dags/example_branch_operator.py
[2026-04-26T23:17:24.547+0000] {processor.py:830} INFO - Processing file /home/airflow/.local/lib/python3.12/site-packages/airflow/example_dags/example_branch_operator.py for tasks to queue
[2026-04-26T23:17:24.548+0000] {logging_mixin.py:188} INFO - [2026-04-26T23:17:24.548+0000] {dagbag.py:545} INFO - Filling up the DagBag from /home/airflow/.local/lib/python3.12/site-packages/airflow/example_dags/example_branch_operator.py
[2026-04-26T23:17:24.557+0000] {processor.py:840} INFO - DAG(s) 'example_branch_operator' retrieved from /home/airflow/.local/lib/python3.12/site-packages/airflow/example_dags/example_branch_operator.py
[2026-04-26T23:17:24.571+0000] {logging_mixin.py:188} INFO - [2026-04-26T23:17:24.571+0000] {dag.py:3096} INFO - Sync 1 DAGs
[2026-04-26T23:17:24.582+0000] {logging_mixin.py:188} INFO - [2026-04-26T23:17:24.582+0000] {dag.py:3954} INFO - Setting next_dagrun for example_branch_operator to 2026-04-25 00:00:00+00:00, run_after=2026-04-26 00:00:00+00:00
[2026-04-26T23:17:24.591+0000] {processor.py:183} INFO - Processing /home/airflow/.local/lib/python3.12/site-packages/airflow/example_dags/example_branch_operator.py took 0.048 seconds
[2026-04-26T23:17:54.823+0000] {processor.py:161} INFO - Started process (PID=1173) to work on /home/airflow/.local/lib/python3.12/site-packages/airflow/example_dags/example_branch_operator.py
[2026-04-26T23:17:54.823+0000] {processor.py:830} INFO - Processing file /home/airflow/.local/lib/python3.12/site-packages/airflow/example_dags/example_branch_operator.py for tasks to queue
[2026-04-26T23:17:54.824+0000] {logging_mixin.py:188} INFO - [2026-04-26T23:17:54.824+0000] {dagbag.py:545} INFO - Filling up the DagBag from /home/airflow/.local/lib/python3.12/site-packages/airflow/example_dags/example_branch_operator.py
[2026-04-26T23:17:54.834+0000] {processor.py:840} INFO - DAG(s) 'example_branch_operator' retrieved from /home/airflow/.local/lib/python3.12/site-packages/airflow/example_dags/example_branch_operator.py
[2026-04-26T23:17:54.857+0000] {logging_mixin.py:188} INFO - [2026-04-26T23:17:54.856+0000] {dag.py:3096} INFO - Sync 1 DAGs
[2026-04-26T23:17:54.874+0000] {logging_mixin.py:188} INFO - [2026-04-26T23:17:54.874+0000] {dag.py:3954} INFO - Setting next_dagrun for example_branch_operator to 2026-04-25 00:00:00+00:00, run_after=2026-04-26 00:00:00+00:00
[2026-04-26T23:17:54.903+0000] {processor.py:183} INFO - Processing /home/airflow/.local/lib/python3.12/site-packages/airflow/example_dags/example_branch_operator.py took 0.083 seconds
[2026-04-26T23:18:25.893+0000] {processor.py:161} INFO - Started process (PID=1232) to work on /home/airflow/.local/lib/python3.12/site-packages/airflow/example_dags/example_branch_operator.py
[2026-04-26T23:18:25.893+0000] {processor.py:830} INFO - Processing file /home/airflow/.local/lib/python3.12/site-packages/airflow/example_dags/example_branch_operator.py for tasks to queue
[2026-04-26T23:18:25.895+0000] {logging_mixin.py:188} INFO - [2026-04-26T23:18:25.895+0000] {dagbag.py:545} INFO - Filling up the DagBag from /home/airflow/.local/lib/python3.12/site-packages/airflow/example_dags/example_branch_operator.py
[2026-04-26T23:18:25.908+0000] {processor.py:840} INFO - DAG(s) 'example_branch_operator' retrieved from /home/airflow/.local/lib/python3.12/site-packages/airflow/example_dags/example_branch_operator.py
[2026-04-26T23:18:25.932+0000] {logging_mixin.py:188} INFO - [2026-04-26T23:18:25.932+0000] {dag.py:3096} INFO - Sync 1 DAGs
[2026-04-26T23:18:25.951+0000] {logging_mixin.py:188} INFO - [2026-04-26T23:18:25.950+0000] {dag.py:3954} INFO - Setting next_dagrun for example_branch_operator to 2026-04-25 00:00:00+00:00, run_after=2026-04-26 00:00:00+00:00
[2026-04-26T23:18:25.964+0000] {processor.py:183} INFO - Processing /home/airflow/.local/lib/python3.12/site-packages/airflow/example_dags/example_branch_operator.py took 0.076 seconds
[2026-04-26T23:18:56.323+0000] {processor.py:161} INFO - Started process (PID=1291) to work on /home/airflow/.local/lib/python3.12/site-packages/airflow/example_dags/example_branch_operator.py
[2026-04-26T23:18:56.323+0000] {processor.py:830} INFO - Processing file /home/airflow/.local/lib/python3.12/site-packages/airflow/example_dags/example_branch_operator.py for tasks to queue
[2026-04-26T23:18:56.324+0000] {logging_mixin.py:188} INFO - [2026-04-26T23:18:56.324+0000] {dagbag.py:545} INFO - Filling up the DagBag from /home/airflow/.local/lib/python3.12/site-packages/airflow/example_dags/example_branch_operator.py
[2026-04-26T23:18:56.333+0000] {processor.py:840} INFO - DAG(s) 'example_branch_operator' retrieved from /home/airflow/.local/lib/python3.12/site-packages/airflow/example_dags/example_branch_operator.py
[2026-04-26T23:18:56.348+0000] {logging_mixin.py:188} INFO - [2026-04-26T23:18:56.348+0000] {dag.py:3096} INFO - Sync 1 DAGs
[2026-04-26T23:18:56.359+0000] {logging_mixin.py:188} INFO - [2026-04-26T23:18:56.359+0000] {dag.py:3954} INFO - Setting next_dagrun for example_branch_operator to 2026-04-25 00:00:00+00:00, run_after=2026-04-26 00:00:00+00:00
[2026-04-26T23:18:56.368+0000] {processor.py:183} INFO - Processing /home/airflow/.local/lib/python3.12/site-packages/airflow/example_dags/example_branch_operator.py took 0.049 seconds
[2026-04-26T23:19:26.580+0000] {processor.py:161} INFO - Started process (PID=1350) to work on /home/airflow/.local/lib/python3.12/site-packages/airflow/example_dags/example_branch_operator.py
[2026-04-26T23:19:26.581+0000] {processor.py:830} INFO - Processing file /home/airflow/.local/lib/python3.12/site-packages/airflow/example_dags/example_branch_operator.py for tasks to queue
[2026-04-26T23:19:26.582+0000] {logging_mixin.py:188} INFO - [2026-04-26T23:19:26.582+0000] {dagbag.py:545} INFO - Filling up the DagBag from /home/airflow/.local/lib/python3.12/site-packages/airflow/example_dags/example_branch_operator.py
[2026-04-26T23:19:26.592+0000] {processor.py:840} INFO - DAG(s) 'example_branch_operator' retrieved from /home/airflow/.local/lib/python3.12/site-packages/airflow/example_dags/example_branch_operator.py
[2026-04-26T23:19:26.609+0000] {logging_mixin.py:188} INFO - [2026-04-26T23:19:26.609+0000] {dag.py:3096} INFO - Sync 1 DAGs
[2026-04-26T23:19:26.621+0000] {logging_mixin.py:188} INFO - [2026-04-26T23:19:26.621+0000] {dag.py:3954} INFO - Setting next_dagrun for example_branch_operator to 2026-04-25 00:00:00+00:00, run_after=2026-04-26 00:00:00+00:00
[2026-04-26T23:19:26.630+0000] {processor.py:183} INFO - Processing /home/airflow/.local/lib/python3.12/site-packages/airflow/example_dags/example_branch_operator.py took 0.054 seconds
[2026-04-26T23:19:56.922+0000] {processor.py:161} INFO - Started process (PID=1409) to work on /home/airflow/.local/lib/python3.12/site-packages/airflow/example_dags/example_branch_operator.py
[2026-04-26T23:19:56.923+0000] {processor.py:830} INFO - Processing file /home/airflow/.local/lib/python3.12/site-packages/airflow/example_dags/example_branch_operator.py for tasks to queue
[2026-04-26T23:19:56.924+0000] {logging_mixin.py:188} INFO - [2026-04-26T23:19:56.923+0000] {dagbag.py:545} INFO - Filling up the DagBag from /home/airflow/.local/lib/python3.12/site-packages/airflow/example_dags/example_branch_operator.py
[2026-04-26T23:19:56.932+0000] {processor.py:840} INFO - DAG(s) 'example_branch_operator' retrieved from /home/airflow/.local/lib/python3.12/site-packages/airflow/example_dags/example_branch_operator.py
[2026-04-26T23:19:56.947+0000] {logging_mixin.py:188} INFO - [2026-04-26T23:19:56.947+0000] {dag.py:3096} INFO - Sync 1 DAGs
[2026-04-26T23:19:56.958+0000] {logging_mixin.py:188} INFO - [2026-04-26T23:19:56.958+0000] {dag.py:3954} INFO - Setting next_dagrun for example_branch_operator to 2026-04-25 00:00:00+00:00, run_after=2026-04-26 00:00:00+00:00
[2026-04-26T23:19:56.967+0000] {processor.py:183} INFO - Processing /home/airflow/.local/lib/python3.12/site-packages/airflow/example_dags/example_branch_operator.py took 0.049 seconds
[2026-04-26T23:20:27.177+0000] {processor.py:161} INFO - Started process (PID=1468) to work on /home/airflow/.local/lib/python3.12/site-packages/airflow/example_dags/example_branch_operator.py
[2026-04-26T23:20:27.178+0000] {processor.py:830} INFO - Processing file /home/airflow/.local/lib/python3.12/site-packages/airflow/example_dags/example_branch_operator.py for tasks to queue
[2026-04-26T23:20:27.179+0000] {logging_mixin.py:188} INFO - [2026-04-26T23:20:27.179+0000] {dagbag.py:545} INFO - Filling up the DagBag from /home/airflow/.local/lib/python3.12/site-packages/airflow/example_dags/example_branch_operator.py
[2026-04-26T23:20:27.188+0000] {processor.py:840} INFO - DAG(s) 'example_branch_operator' retrieved from /home/airflow/.local/lib/python3.12/site-packages/airflow/example_dags/example_branch_operator.py
[2026-04-26T23:20:27.203+0000] {logging_mixin.py:188} INFO - [2026-04-26T23:20:27.203+0000] {dag.py:3096} INFO - Sync 1 DAGs
[2026-04-26T23:20:27.215+0000] {logging_mixin.py:188} INFO - [2026-04-26T23:20:27.215+0000] {dag.py:3954} INFO - Setting next_dagrun for example_branch_operator to 2026-04-25 00:00:00+00:00, run_after=2026-04-26 00:00:00+00:00
[2026-04-26T23:20:27.223+0000] {processor.py:183} INFO - Processing /home/airflow/.local/lib/python3.12/site-packages/airflow/example_dags/example_branch_operator.py took 0.049 seconds
[2026-04-26T23:20:57.358+0000] {processor.py:161} INFO - Started process (PID=1527) to work on /home/airflow/.local/lib/python3.12/site-packages/airflow/example_dags/example_branch_operator.py
[2026-04-26T23:20:57.358+0000] {processor.py:830} INFO - Processing file /home/airflow/.local/lib/python3.12/site-packages/airflow/example_dags/example_branch_operator.py for tasks to queue
[2026-04-26T23:20:57.359+0000] {logging_mixin.py:188} INFO - [2026-04-26T23:20:57.359+0000] {dagbag.py:545} INFO - Filling up the DagBag from /home/airflow/.local/lib/python3.12/site-packages/airflow/example_dags/example_branch_operator.py
[2026-04-26T23:20:57.370+0000] {processor.py:840} INFO - DAG(s) 'example_branch_operator' retrieved from /home/airflow/.local/lib/python3.12/site-packages/airflow/example_dags/example_branch_operator.py
[2026-04-26T23:20:57.390+0000] {logging_mixin.py:188} INFO - [2026-04-26T23:20:57.389+0000] {dag.py:3096} INFO - Sync 1 DAGs
[2026-04-26T23:20:57.405+0000] {logging_mixin.py:188} INFO - [2026-04-26T23:20:57.405+0000] {dag.py:3954} INFO - Setting next_dagrun for example_branch_operator to 2026-04-25 00:00:00+00:00, run_after=2026-04-26 00:00:00+00:00
[2026-04-26T23:20:57.417+0000] {processor.py:183} INFO - Processing /home/airflow/.local/lib/python3.12/site-packages/airflow/example_dags/example_branch_operator.py took 0.063 seconds
[2026-04-26T23:21:27.637+0000] {processor.py:161} INFO - Started process (PID=1586) to work on /home/airflow/.local/lib/python3.12/site-packages/airflow/example_dags/example_branch_operator.py
[2026-04-26T23:21:27.638+0000] {processor.py:830} INFO - Processing file /home/airflow/.local/lib/python3.12/site-packages/airflow/example_dags/example_branch_operator.py for tasks to queue
[2026-04-26T23:21:27.638+0000] {logging_mixin.py:188} INFO - [2026-04-26T23:21:27.638+0000] {dagbag.py:545} INFO - Filling up the DagBag from /home/airflow/.local/lib/python3.12/site-packages/airflow/example_dags/example_branch_operator.py
[2026-04-26T23:21:27.647+0000] {processor.py:840} INFO - DAG(s) 'example_branch_operator' retrieved from /home/airflow/.local/lib/python3.12/site-packages/airflow/example_dags/example_branch_operator.py
[2026-04-26T23:21:27.662+0000] {logging_mixin.py:188} INFO - [2026-04-26T23:21:27.662+0000] {dag.py:3096} INFO - Sync 1 DAGs
[2026-04-26T23:21:27.675+0000] {logging_mixin.py:188} INFO - [2026-04-26T23:21:27.675+0000] {dag.py:3954} INFO - Setting next_dagrun for example_branch_operator to 2026-04-25 00:00:00+00:00, run_after=2026-04-26 00:00:00+00:00
[2026-04-26T23:21:27.683+0000] {processor.py:183} INFO - Processing /home/airflow/.local/lib/python3.12/site-packages/airflow/example_dags/example_branch_operator.py took 0.049 seconds
[2026-04-26T23:21:58.660+0000] {processor.py:161} INFO - Started process (PID=1646) to work on /home/airflow/.local/lib/python3.12/site-packages/airflow/example_dags/example_branch_operator.py
[2026-04-26T23:21:58.660+0000] {processor.py:830} INFO - Processing file /home/airflow/.local/lib/python3.12/site-packages/airflow/example_dags/example_branch_operator.py for tasks to queue
[2026-04-26T23:21:58.661+0000] {logging_mixin.py:188} INFO - [2026-04-26T23:21:58.661+0000] {dagbag.py:545} INFO - Filling up the DagBag from /home/airflow/.local/lib/python3.12/site-packages/airflow/example_dags/example_branch_operator.py
[2026-04-26T23:21:58.671+0000] {processor.py:840} INFO - DAG(s) 'example_branch_operator' retrieved from /home/airflow/.local/lib/python3.12/site-packages/airflow/example_dags/example_branch_operator.py
[2026-04-26T23:21:58.687+0000] {logging_mixin.py:188} INFO - [2026-04-26T23:21:58.687+0000] {dag.py:3096} INFO - Sync 1 DAGs
[2026-04-26T23:21:58.699+0000] {logging_mixin.py:188} INFO - [2026-04-26T23:21:58.699+0000] {dag.py:3954} INFO - Setting next_dagrun for example_branch_operator to 2026-04-25 00:00:00+00:00, run_after=2026-04-26 00:00:00+00:00
[2026-04-26T23:21:58.823+0000] {processor.py:183} INFO - Processing /home/airflow/.local/lib/python3.12/site-packages/airflow/example_dags/example_branch_operator.py took 0.167 seconds
[2026-04-26T23:22:29.014+0000] {processor.py:161} INFO - Started process (PID=1705) to work on /home/airflow/.local/lib/python3.12/site-packages/airflow/example_dags/example_branch_operator.py
[2026-04-26T23:22:29.015+0000] {processor.py:830} INFO - Processing file /home/airflow/.local/lib/python3.12/site-packages/airflow/example_dags/example_branch_operator.py for tasks to queue
[2026-04-26T23:22:29.016+0000] {logging_mixin.py:188} INFO - [2026-04-26T23:22:29.016+0000] {dagbag.py:545} INFO - Filling up the DagBag from /home/airflow/.local/lib/python3.12/site-packages/airflow/example_dags/example_branch_operator.py
[2026-04-26T23:22:29.025+0000] {processor.py:840} INFO - DAG(s) 'example_branch_operator' retrieved from /home/airflow/.local/lib/python3.12/site-packages/airflow/example_dags/example_branch_operator.py
[2026-04-26T23:22:29.041+0000] {logging_mixin.py:188} INFO - [2026-04-26T23:22:29.041+0000] {dag.py:3096} INFO - Sync 1 DAGs
[2026-04-26T23:22:29.053+0000] {logging_mixin.py:188} INFO - [2026-04-26T23:22:29.053+0000] {dag.py:3954} INFO - Setting next_dagrun for example_branch_operator to 2026-04-25 00:00:00+00:00, run_after=2026-04-26 00:00:00+00:00
[2026-04-26T23:22:29.062+0000] {processor.py:183} INFO - Processing /home/airflow/.local/lib/python3.12/site-packages/airflow/example_dags/example_branch_operator.py took 0.051 seconds
[2026-04-26T23:22:59.255+0000] {processor.py:161} INFO - Started process (PID=1765) to work on /home/airflow/.local/lib/python3.12/site-packages/airflow/example_dags/example_branch_operator.py
[2026-04-26T23:22:59.256+0000] {processor.py:830} INFO - Processing file /home/airflow/.local/lib/python3.12/site-packages/airflow/example_dags/example_branch_operator.py for tasks to queue
[2026-04-26T23:22:59.257+0000] {logging_mixin.py:188} INFO - [2026-04-26T23:22:59.256+0000] {dagbag.py:545} INFO - Filling up the DagBag from /home/airflow/.local/lib/python3.12/site-packages/airflow/example_dags/example_branch_operator.py
[2026-04-26T23:22:59.266+0000] {processor.py:840} INFO - DAG(s) 'example_branch_operator' retrieved from /home/airflow/.local/lib/python3.12/site-packages/airflow/example_dags/example_branch_operator.py
[2026-04-26T23:22:59.282+0000] {logging_mixin.py:188} INFO - [2026-04-26T23:22:59.282+0000] {dag.py:3096} INFO - Sync 1 DAGs
[2026-04-26T23:22:59.296+0000] {logging_mixin.py:188} INFO - [2026-04-26T23:22:59.295+0000] {dag.py:3954} INFO - Setting next_dagrun for example_branch_operator to 2026-04-25 00:00:00+00:00, run_after=2026-04-26 00:00:00+00:00
[2026-04-26T23:22:59.306+0000] {processor.py:183} INFO - Processing /home/airflow/.local/lib/python3.12/site-packages/airflow/example_dags/example_branch_operator.py took 0.054 seconds
[2026-04-26T23:23:30.050+0000] {processor.py:161} INFO - Started process (PID=1824) to work on /home/airflow/.local/lib/python3.12/site-packages/airflow/example_dags/example_branch_operator.py
[2026-04-26T23:23:30.051+0000] {processor.py:830} INFO - Processing file /home/airflow/.local/lib/python3.12/site-packages/airflow/example_dags/example_branch_operator.py for tasks to queue
[2026-04-26T23:23:30.052+0000] {logging_mixin.py:188} INFO - [2026-04-26T23:23:30.052+0000] {dagbag.py:545} INFO - Filling up the DagBag from /home/airflow/.local/lib/python3.12/site-packages/airflow/example_dags/example_branch_operator.py
[2026-04-26T23:23:30.061+0000] {processor.py:840} INFO - DAG(s) 'example_branch_operator' retrieved from /home/airflow/.local/lib/python3.12/site-packages/airflow/example_dags/example_branch_operator.py
[2026-04-26T23:23:30.075+0000] {logging_mixin.py:188} INFO - [2026-04-26T23:23:30.075+0000] {dag.py:3096} INFO - Sync 1 DAGs
[2026-04-26T23:23:30.087+0000] {logging_mixin.py:188} INFO - [2026-04-26T23:23:30.087+0000] {dag.py:3954} INFO - Setting next_dagrun for example_branch_operator to 2026-04-25 00:00:00+00:00, run_after=2026-04-26 00:00:00+00:00
[2026-04-26T23:23:30.097+0000] {processor.py:183} INFO - Processing /home/airflow/.local/lib/python3.12/site-packages/airflow/example_dags/example_branch_operator.py took 0.049 seconds
[2026-04-26T23:24:01.211+0000] {processor.py:161} INFO - Started process (PID=1883) to work on /home/airflow/.local/lib/python3.12/site-packages/airflow/example_dags/example_branch_operator.py
[2026-04-26T23:24:01.212+0000] {processor.py:830} INFO - Processing file /home/airflow/.local/lib/python3.12/site-packages/airflow/example_dags/example_branch_operator.py for tasks to queue
[2026-04-26T23:24:01.213+0000] {logging_mixin.py:188} INFO - [2026-04-26T23:24:01.213+0000] {dagbag.py:545} INFO - Filling up the DagBag from /home/airflow/.local/lib/python3.12/site-packages/airflow/example_dags/example_branch_operator.py
[2026-04-26T23:24:01.222+0000] {processor.py:840} INFO - DAG(s) 'example_branch_operator' retrieved from /home/airflow/.local/lib/python3.12/site-packages/airflow/example_dags/example_branch_operator.py
[2026-04-26T23:24:01.345+0000] {logging_mixin.py:188} INFO - [2026-04-26T23:24:01.344+0000] {dag.py:3096} INFO - Sync 1 DAGs
[2026-04-26T23:24:01.356+0000] {logging_mixin.py:188} INFO - [2026-04-26T23:24:01.355+0000] {dag.py:3954} INFO - Setting next_dagrun for example_branch_operator to 2026-04-25 00:00:00+00:00, run_after=2026-04-26 00:00:00+00:00
[2026-04-26T23:24:01.366+0000] {processor.py:183} INFO - Processing /home/airflow/.local/lib/python3.12/site-packages/airflow/example_dags/example_branch_operator.py took 0.158 seconds
[2026-04-26T23:24:32.322+0000] {processor.py:161} INFO - Started process (PID=1943) to work on /home/airflow/.local/lib/python3.12/site-packages/airflow/example_dags/example_branch_operator.py
[2026-04-26T23:24:32.322+0000] {processor.py:830} INFO - Processing file /home/airflow/.local/lib/python3.12/site-packages/airflow/example_dags/example_branch_operator.py for tasks to queue
[2026-04-26T23:24:32.323+0000] {logging_mixin.py:188} INFO - [2026-04-26T23:24:32.323+0000] {dagbag.py:545} INFO - Filling up the DagBag from /home/airflow/.local/lib/python3.12/site-packages/airflow/example_dags/example_branch_operator.py
[2026-04-26T23:24:32.332+0000] {processor.py:840} INFO - DAG(s) 'example_branch_operator' retrieved from /home/airflow/.local/lib/python3.12/site-packages/airflow/example_dags/example_branch_operator.py
[2026-04-26T23:24:32.347+0000] {logging_mixin.py:188} INFO - [2026-04-26T23:24:32.347+0000] {dag.py:3096} INFO - Sync 1 DAGs
[2026-04-26T23:24:32.455+0000] {logging_mixin.py:188} INFO - [2026-04-26T23:24:32.455+0000] {dag.py:3954} INFO - Setting next_dagrun for example_branch_operator to 2026-04-25 00:00:00+00:00, run_after=2026-04-26 00:00:00+00:00
[2026-04-26T23:24:32.482+0000] {processor.py:183} INFO - Processing /home/airflow/.local/lib/python3.12/site-packages/airflow/example_dags/example_branch_operator.py took 0.164 seconds
[2026-04-26T23:25:02.772+0000] {processor.py:161} INFO - Started process (PID=2003) to work on /home/airflow/.local/lib/python3.12/site-packages/airflow/example_dags/example_branch_operator.py
[2026-04-26T23:25:02.772+0000] {processor.py:830} INFO - Processing file /home/airflow/.local/lib/python3.12/site-packages/airflow/example_dags/example_branch_operator.py for tasks to queue
[2026-04-26T23:25:02.774+0000] {logging_mixin.py:188} INFO - [2026-04-26T23:25:02.773+0000] {dagbag.py:545} INFO - Filling up the DagBag from /home/airflow/.local/lib/python3.12/site-packages/airflow/example_dags/example_branch_operator.py
[2026-04-26T23:25:02.784+0000] {processor.py:840} INFO - DAG(s) 'example_branch_operator' retrieved from /home/airflow/.local/lib/python3.12/site-packages/airflow/example_dags/example_branch_operator.py
[2026-04-26T23:25:02.804+0000] {logging_mixin.py:188} INFO - [2026-04-26T23:25:02.803+0000] {dag.py:3096} INFO - Sync 1 DAGs
[2026-04-26T23:25:02.818+0000] {logging_mixin.py:188} INFO - [2026-04-26T23:25:02.818+0000] {dag.py:3954} INFO - Setting next_dagrun for example_branch_operator to 2026-04-25 00:00:00+00:00, run_after=2026-04-26 00:00:00+00:00
[2026-04-26T23:25:02.830+0000] {processor.py:183} INFO - Processing /home/airflow/.local/lib/python3.12/site-packages/airflow/example_dags/example_branch_operator.py took 0.062 seconds
[2026-04-26T23:25:33.549+0000] {processor.py:161} INFO - Started process (PID=2062) to work on /home/airflow/.local/lib/python3.12/site-packages/airflow/example_dags/example_branch_operator.py
[2026-04-26T23:25:33.549+0000] {processor.py:830} INFO - Processing file /home/airflow/.local/lib/python3.12/site-packages/airflow/example_dags/example_branch_operator.py for tasks to queue
[2026-04-26T23:25:33.551+0000] {logging_mixin.py:188} INFO - [2026-04-26T23:25:33.550+0000] {dagbag.py:545} INFO - Filling up the DagBag from /home/airflow/.local/lib/python3.12/site-packages/airflow/example_dags/example_branch_operator.py
[2026-04-26T23:25:33.560+0000] {processor.py:840} INFO - DAG(s) 'example_branch_operator' retrieved from /home/airflow/.local/lib/python3.12/site-packages/airflow/example_dags/example_branch_operator.py
[2026-04-26T23:25:33.576+0000] {logging_mixin.py:188} INFO - [2026-04-26T23:25:33.576+0000] {dag.py:3096} INFO - Sync 1 DAGs
[2026-04-26T23:25:33.589+0000] {logging_mixin.py:188} INFO - [2026-04-26T23:25:33.589+0000] {dag.py:3954} INFO - Setting next_dagrun for example_branch_operator to 2026-04-25 00:00:00+00:00, run_after=2026-04-26 00:00:00+00:00
[2026-04-26T23:25:33.598+0000] {processor.py:183} INFO - Processing /home/airflow/.local/lib/python3.12/site-packages/airflow/example_dags/example_branch_operator.py took 0.053 seconds
[2026-04-26T23:26:04.315+0000] {processor.py:161} INFO - Started process (PID=2121) to work on /home/airflow/.local/lib/python3.12/site-packages/airflow/example_dags/example_branch_operator.py
[2026-04-26T23:26:04.315+0000] {processor.py:830} INFO - Processing file /home/airflow/.local/lib/python3.12/site-packages/airflow/example_dags/example_branch_operator.py for tasks to queue
[2026-04-26T23:26:04.316+0000] {logging_mixin.py:188} INFO - [2026-04-26T23:26:04.316+0000] {dagbag.py:545} INFO - Filling up the DagBag from /home/airflow/.local/lib/python3.12/site-packages/airflow/example_dags/example_branch_operator.py
[2026-04-26T23:26:04.325+0000] {processor.py:840} INFO - DAG(s) 'example_branch_operator' retrieved from /home/airflow/.local/lib/python3.12/site-packages/airflow/example_dags/example_branch_operator.py
[2026-04-26T23:26:04.339+0000] {logging_mixin.py:188} INFO - [2026-04-26T23:26:04.339+0000] {dag.py:3096} INFO - Sync 1 DAGs
[2026-04-26T23:26:04.350+0000] {logging_mixin.py:188} INFO - [2026-04-26T23:26:04.350+0000] {dag.py:3954} INFO - Setting next_dagrun for example_branch_operator to 2026-04-25 00:00:00+00:00, run_after=2026-04-26 00:00:00+00:00
[2026-04-26T23:26:04.359+0000] {processor.py:183} INFO - Processing /home/airflow/.local/lib/python3.12/site-packages/airflow/example_dags/example_branch_operator.py took 0.047 seconds
[2026-04-26T23:26:35.047+0000] {processor.py:161} INFO - Started process (PID=2180) to work on /home/airflow/.local/lib/python3.12/site-packages/airflow/example_dags/example_branch_operator.py
[2026-04-26T23:26:35.048+0000] {processor.py:830} INFO - Processing file /home/airflow/.local/lib/python3.12/site-packages/airflow/example_dags/example_branch_operator.py for tasks to queue
[2026-04-26T23:26:35.049+0000] {logging_mixin.py:188} INFO - [2026-04-26T23:26:35.048+0000] {dagbag.py:545} INFO - Filling up the DagBag from /home/airflow/.local/lib/python3.12/site-packages/airflow/example_dags/example_branch_operator.py
[2026-04-26T23:26:35.058+0000] {processor.py:840} INFO - DAG(s) 'example_branch_operator' retrieved from /home/airflow/.local/lib/python3.12/site-packages/airflow/example_dags/example_branch_operator.py
[2026-04-26T23:26:35.074+0000] {logging_mixin.py:188} INFO - [2026-04-26T23:26:35.074+0000] {dag.py:3096} INFO - Sync 1 DAGs
[2026-04-26T23:26:35.086+0000] {logging_mixin.py:188} INFO - [2026-04-26T23:26:35.086+0000] {dag.py:3954} INFO - Setting next_dagrun for example_branch_operator to 2026-04-25 00:00:00+00:00, run_after=2026-04-26 00:00:00+00:00
[2026-04-26T23:26:35.096+0000] {processor.py:183} INFO - Processing /home/airflow/.local/lib/python3.12/site-packages/airflow/example_dags/example_branch_operator.py took 0.053 seconds
[2026-04-26T23:27:05.857+0000] {processor.py:161} INFO - Started process (PID=2239) to work on /home/airflow/.local/lib/python3.12/site-packages/airflow/example_dags/example_branch_operator.py
[2026-04-26T23:27:05.857+0000] {processor.py:830} INFO - Processing file /home/airflow/.local/lib/python3.12/site-packages/airflow/example_dags/example_branch_operator.py for tasks to queue
[2026-04-26T23:27:05.858+0000] {logging_mixin.py:188} INFO - [2026-04-26T23:27:05.858+0000] {dagbag.py:545} INFO - Filling up the DagBag from /home/airflow/.local/lib/python3.12/site-packages/airflow/example_dags/example_branch_operator.py
[2026-04-26T23:27:05.868+0000] {processor.py:840} INFO - DAG(s) 'example_branch_operator' retrieved from /home/airflow/.local/lib/python3.12/site-packages/airflow/example_dags/example_branch_operator.py
[2026-04-26T23:27:05.884+0000] {logging_mixin.py:188} INFO - [2026-04-26T23:27:05.884+0000] {dag.py:3096} INFO - Sync 1 DAGs
[2026-04-26T23:27:05.897+0000] {logging_mixin.py:188} INFO - [2026-04-26T23:27:05.897+0000] {dag.py:3954} INFO - Setting next_dagrun for example_branch_operator to 2026-04-25 00:00:00+00:00, run_after=2026-04-26 00:00:00+00:00
[2026-04-26T23:27:05.909+0000] {processor.py:183} INFO - Processing /home/airflow/.local/lib/python3.12/site-packages/airflow/example_dags/example_branch_operator.py took 0.056 seconds
[2026-04-26T23:27:36.573+0000] {processor.py:161} INFO - Started process (PID=2298) to work on /home/airflow/.local/lib/python3.12/site-packages/airflow/example_dags/example_branch_operator.py
[2026-04-26T23:27:36.574+0000] {processor.py:830} INFO - Processing file /home/airflow/.local/lib/python3.12/site-packages/airflow/example_dags/example_branch_operator.py for tasks to queue
[2026-04-26T23:27:36.575+0000] {logging_mixin.py:188} INFO - [2026-04-26T23:27:36.575+0000] {dagbag.py:545} INFO - Filling up the DagBag from /home/airflow/.local/lib/python3.12/site-packages/airflow/example_dags/example_branch_operator.py
[2026-04-26T23:27:36.585+0000] {processor.py:840} INFO - DAG(s) 'example_branch_operator' retrieved from /home/airflow/.local/lib/python3.12/site-packages/airflow/example_dags/example_branch_operator.py
[2026-04-26T23:27:36.602+0000] {logging_mixin.py:188} INFO - [2026-04-26T23:27:36.601+0000] {dag.py:3096} INFO - Sync 1 DAGs
[2026-04-26T23:27:36.615+0000] {logging_mixin.py:188} INFO - [2026-04-26T23:27:36.615+0000] {dag.py:3954} INFO - Setting next_dagrun for example_branch_operator to 2026-04-25 00:00:00+00:00, run_after=2026-04-26 00:00:00+00:00
[2026-04-26T23:27:36.625+0000] {processor.py:183} INFO - Processing /home/airflow/.local/lib/python3.12/site-packages/airflow/example_dags/example_branch_operator.py took 0.055 seconds
[2026-04-26T23:28:07.312+0000] {processor.py:161} INFO - Started process (PID=2357) to work on /home/airflow/.local/lib/python3.12/site-packages/airflow/example_dags/example_branch_operator.py
[2026-04-26T23:28:07.312+0000] {processor.py:830} INFO - Processing file /home/airflow/.local/lib/python3.12/site-packages/airflow/example_dags/example_branch_operator.py for tasks to queue
[2026-04-26T23:28:07.313+0000] {logging_mixin.py:188} INFO - [2026-04-26T23:28:07.313+0000] {dagbag.py:545} INFO - Filling up the DagBag from /home/airflow/.local/lib/python3.12/site-packages/airflow/example_dags/example_branch_operator.py
[2026-04-26T23:28:07.323+0000] {processor.py:840} INFO - DAG(s) 'example_branch_operator' retrieved from /home/airflow/.local/lib/python3.12/site-packages/airflow/example_dags/example_branch_operator.py
[2026-04-26T23:28:07.338+0000] {logging_mixin.py:188} INFO - [2026-04-26T23:28:07.338+0000] {dag.py:3096} INFO - Sync 1 DAGs
[2026-04-26T23:28:07.352+0000] {logging_mixin.py:188} INFO - [2026-04-26T23:28:07.352+0000] {dag.py:3954} INFO - Setting next_dagrun for example_branch_operator to 2026-04-25 00:00:00+00:00, run_after=2026-04-26 00:00:00+00:00
[2026-04-26T23:28:07.363+0000] {processor.py:183} INFO - Processing /home/airflow/.local/lib/python3.12/site-packages/airflow/example_dags/example_branch_operator.py took 0.056 seconds
[2026-04-26T23:28:38.053+0000] {processor.py:161} INFO - Started process (PID=2416) to work on /home/airflow/.local/lib/python3.12/site-packages/airflow/example_dags/example_branch_operator.py
[2026-04-26T23:28:38.054+0000] {processor.py:830} INFO - Processing file /home/airflow/.local/lib/python3.12/site-packages/airflow/example_dags/example_branch_operator.py for tasks to queue
[2026-04-26T23:28:38.056+0000] {logging_mixin.py:188} INFO - [2026-04-26T23:28:38.055+0000] {dagbag.py:545} INFO - Filling up the DagBag from /home/airflow/.local/lib/python3.12/site-packages/airflow/example_dags/example_branch_operator.py
[2026-04-26T23:28:38.066+0000] {processor.py:840} INFO - DAG(s) 'example_branch_operator' retrieved from /home/airflow/.local/lib/python3.12/site-packages/airflow/example_dags/example_branch_operator.py
[2026-04-26T23:28:38.085+0000] {logging_mixin.py:188} INFO - [2026-04-26T23:28:38.085+0000] {dag.py:3096} INFO - Sync 1 DAGs
[2026-04-26T23:28:38.098+0000] {logging_mixin.py:188} INFO - [2026-04-26T23:28:38.098+0000] {dag.py:3954} INFO - Setting next_dagrun for example_branch_operator to 2026-04-25 00:00:00+00:00, run_after=2026-04-26 00:00:00+00:00
[2026-04-26T23:28:38.108+0000] {processor.py:183} INFO - Processing /home/airflow/.local/lib/python3.12/site-packages/airflow/example_dags/example_branch_operator.py took 0.059 seconds
[2026-04-26T23:29:08.317+0000] {processor.py:161} INFO - Started process (PID=2475) to work on /home/airflow/.local/lib/python3.12/site-packages/airflow/example_dags/example_branch_operator.py
[2026-04-26T23:29:08.318+0000] {processor.py:830} INFO - Processing file /home/airflow/.local/lib/python3.12/site-packages/airflow/example_dags/example_branch_operator.py for tasks to queue
[2026-04-26T23:29:08.319+0000] {logging_mixin.py:188} INFO - [2026-04-26T23:29:08.319+0000] {dagbag.py:545} INFO - Filling up the DagBag from /home/airflow/.local/lib/python3.12/site-packages/airflow/example_dags/example_branch_operator.py
[2026-04-26T23:29:08.330+0000] {processor.py:840} INFO - DAG(s) 'example_branch_operator' retrieved from /home/airflow/.local/lib/python3.12/site-packages/airflow/example_dags/example_branch_operator.py
[2026-04-26T23:29:08.347+0000] {logging_mixin.py:188} INFO - [2026-04-26T23:29:08.347+0000] {dag.py:3096} INFO - Sync 1 DAGs
[2026-04-26T23:29:08.361+0000] {logging_mixin.py:188} INFO - [2026-04-26T23:29:08.361+0000] {dag.py:3954} INFO - Setting next_dagrun for example_branch_operator to 2026-04-25 00:00:00+00:00, run_after=2026-04-26 00:00:00+00:00
[2026-04-26T23:29:08.371+0000] {processor.py:183} INFO - Processing /home/airflow/.local/lib/python3.12/site-packages/airflow/example_dags/example_branch_operator.py took 0.057 seconds
[2026-04-26T23:29:39.168+0000] {processor.py:161} INFO - Started process (PID=2534) to work on /home/airflow/.local/lib/python3.12/site-packages/airflow/example_dags/example_branch_operator.py
[2026-04-26T23:29:39.168+0000] {processor.py:830} INFO - Processing file /home/airflow/.local/lib/python3.12/site-packages/airflow/example_dags/example_branch_operator.py for tasks to queue
[2026-04-26T23:29:39.169+0000] {logging_mixin.py:188} INFO - [2026-04-26T23:29:39.169+0000] {dagbag.py:545} INFO - Filling up the DagBag from /home/airflow/.local/lib/python3.12/site-packages/airflow/example_dags/example_branch_operator.py
[2026-04-26T23:29:39.179+0000] {processor.py:840} INFO - DAG(s) 'example_branch_operator' retrieved from /home/airflow/.local/lib/python3.12/site-packages/airflow/example_dags/example_branch_operator.py
[2026-04-26T23:29:39.196+0000] {logging_mixin.py:188} INFO - [2026-04-26T23:29:39.196+0000] {dag.py:3096} INFO - Sync 1 DAGs
[2026-04-26T23:29:39.211+0000] {logging_mixin.py:188} INFO - [2026-04-26T23:29:39.211+0000] {dag.py:3954} INFO - Setting next_dagrun for example_branch_operator to 2026-04-25 00:00:00+00:00, run_after=2026-04-26 00:00:00+00:00
[2026-04-26T23:29:39.221+0000] {processor.py:183} INFO - Processing /home/airflow/.local/lib/python3.12/site-packages/airflow/example_dags/example_branch_operator.py took 0.058 seconds
[2026-04-26T23:30:09.932+0000] {processor.py:161} INFO - Started process (PID=2593) to work on /home/airflow/.local/lib/python3.12/site-packages/airflow/example_dags/example_branch_operator.py
[2026-04-26T23:30:09.932+0000] {processor.py:830} INFO - Processing file /home/airflow/.local/lib/python3.12/site-packages/airflow/example_dags/example_branch_operator.py for tasks to queue
[2026-04-26T23:30:09.933+0000] {logging_mixin.py:188} INFO - [2026-04-26T23:30:09.933+0000] {dagbag.py:545} INFO - Filling up the DagBag from /home/airflow/.local/lib/python3.12/site-packages/airflow/example_dags/example_branch_operator.py
[2026-04-26T23:30:09.942+0000] {processor.py:840} INFO - DAG(s) 'example_branch_operator' retrieved from /home/airflow/.local/lib/python3.12/site-packages/airflow/example_dags/example_branch_operator.py
[2026-04-26T23:30:09.958+0000] {logging_mixin.py:188} INFO - [2026-04-26T23:30:09.958+0000] {dag.py:3096} INFO - Sync 1 DAGs
[2026-04-26T23:30:09.971+0000] {logging_mixin.py:188} INFO - [2026-04-26T23:30:09.970+0000] {dag.py:3954} INFO - Setting next_dagrun for example_branch_operator to 2026-04-25 00:00:00+00:00, run_after=2026-04-26 00:00:00+00:00
[2026-04-26T23:30:09.981+0000] {processor.py:183} INFO - Processing /home/airflow/.local/lib/python3.12/site-packages/airflow/example_dags/example_branch_operator.py took 0.054 seconds
[2026-04-26T23:30:40.608+0000] {processor.py:161} INFO - Started process (PID=2652) to work on /home/airflow/.local/lib/python3.12/site-packages/airflow/example_dags/example_branch_operator.py
[2026-04-26T23:30:40.609+0000] {processor.py:830} INFO - Processing file /home/airflow/.local/lib/python3.12/site-packages/airflow/example_dags/example_branch_operator.py for tasks to queue
[2026-04-26T23:30:40.610+0000] {logging_mixin.py:188} INFO - [2026-04-26T23:30:40.610+0000] {dagbag.py:545} INFO - Filling up the DagBag from /home/airflow/.local/lib/python3.12/site-packages/airflow/example_dags/example_branch_operator.py
[2026-04-26T23:30:40.620+0000] {processor.py:840} INFO - DAG(s) 'example_branch_operator' retrieved from /home/airflow/.local/lib/python3.12/site-packages/airflow/example_dags/example_branch_operator.py
[2026-04-26T23:30:40.638+0000] {logging_mixin.py:188} INFO - [2026-04-26T23:30:40.638+0000] {dag.py:3096} INFO - Sync 1 DAGs
[2026-04-26T23:30:40.650+0000] {logging_mixin.py:188} INFO - [2026-04-26T23:30:40.650+0000] {dag.py:3954} INFO - Setting next_dagrun for example_branch_operator to 2026-04-25 00:00:00+00:00, run_after=2026-04-26 00:00:00+00:00
[2026-04-26T23:30:40.661+0000] {processor.py:183} INFO - Processing /home/airflow/.local/lib/python3.12/site-packages/airflow/example_dags/example_branch_operator.py took 0.057 seconds
[2026-04-26T23:31:11.410+0000] {processor.py:161} INFO - Started process (PID=2711) to work on /home/airflow/.local/lib/python3.12/site-packages/airflow/example_dags/example_branch_operator.py
[2026-04-26T23:31:11.411+0000] {processor.py:830} INFO - Processing file /home/airflow/.local/lib/python3.12/site-packages/airflow/example_dags/example_branch_operator.py for tasks to queue
[2026-04-26T23:31:11.412+0000] {logging_mixin.py:188} INFO - [2026-04-26T23:31:11.411+0000] {dagbag.py:545} INFO - Filling up the DagBag from /home/airflow/.local/lib/python3.12/site-packages/airflow/example_dags/example_branch_operator.py
[2026-04-26T23:31:11.421+0000] {processor.py:840} INFO - DAG(s) 'example_branch_operator' retrieved from /home/airflow/.local/lib/python3.12/site-packages/airflow/example_dags/example_branch_operator.py
[2026-04-26T23:31:11.437+0000] {logging_mixin.py:188} INFO - [2026-04-26T23:31:11.437+0000] {dag.py:3096} INFO - Sync 1 DAGs
[2026-04-26T23:31:11.453+0000] {logging_mixin.py:188} INFO - [2026-04-26T23:31:11.453+0000] {dag.py:3954} INFO - Setting next_dagrun for example_branch_operator to 2026-04-25 00:00:00+00:00, run_after=2026-04-26 00:00:00+00:00
[2026-04-26T23:31:11.465+0000] {processor.py:183} INFO - Processing /home/airflow/.local/lib/python3.12/site-packages/airflow/example_dags/example_branch_operator.py took 0.059 seconds
[2026-04-26T23:31:42.159+0000] {processor.py:161} INFO - Started process (PID=2770) to work on /home/airflow/.local/lib/python3.12/site-packages/airflow/example_dags/example_branch_operator.py
[2026-04-26T23:31:42.160+0000] {processor.py:830} INFO - Processing file /home/airflow/.local/lib/python3.12/site-packages/airflow/example_dags/example_branch_operator.py for tasks to queue
[2026-04-26T23:31:42.161+0000] {logging_mixin.py:188} INFO - [2026-04-26T23:31:42.161+0000] {dagbag.py:545} INFO - Filling up the DagBag from /home/airflow/.local/lib/python3.12/site-packages/airflow/example_dags/example_branch_operator.py
[2026-04-26T23:31:42.171+0000] {processor.py:840} INFO - DAG(s) 'example_branch_operator' retrieved from /home/airflow/.local/lib/python3.12/site-packages/airflow/example_dags/example_branch_operator.py
[2026-04-26T23:31:42.187+0000] {logging_mixin.py:188} INFO - [2026-04-26T23:31:42.187+0000] {dag.py:3096} INFO - Sync 1 DAGs
[2026-04-26T23:31:42.202+0000] {logging_mixin.py:188} INFO - [2026-04-26T23:31:42.202+0000] {dag.py:3954} INFO - Setting next_dagrun for example_branch_operator to 2026-04-25 00:00:00+00:00, run_after=2026-04-26 00:00:00+00:00
[2026-04-26T23:31:42.213+0000] {processor.py:183} INFO - Processing /home/airflow/.local/lib/python3.12/site-packages/airflow/example_dags/example_branch_operator.py took 0.057 seconds
[2026-04-26T23:32:12.968+0000] {processor.py:161} INFO - Started process (PID=2829) to work on /home/airflow/.local/lib/python3.12/site-packages/airflow/example_dags/example_branch_operator.py
[2026-04-26T23:32:12.968+0000] {processor.py:830} INFO - Processing file /home/airflow/.local/lib/python3.12/site-packages/airflow/example_dags/example_branch_operator.py for tasks to queue
[2026-04-26T23:32:12.969+0000] {logging_mixin.py:188} INFO - [2026-04-26T23:32:12.969+0000] {dagbag.py:545} INFO - Filling up the DagBag from /home/airflow/.local/lib/python3.12/site-packages/airflow/example_dags/example_branch_operator.py
[2026-04-26T23:32:12.982+0000] {processor.py:840} INFO - DAG(s) 'example_branch_operator' retrieved from /home/airflow/.local/lib/python3.12/site-packages/airflow/example_dags/example_branch_operator.py
[2026-04-26T23:32:13.002+0000] {logging_mixin.py:188} INFO - [2026-04-26T23:32:13.002+0000] {dag.py:3096} INFO - Sync 1 DAGs
[2026-04-26T23:32:13.018+0000] {logging_mixin.py:188} INFO - [2026-04-26T23:32:13.018+0000] {dag.py:3954} INFO - Setting next_dagrun for example_branch_operator to 2026-04-25 00:00:00+00:00, run_after=2026-04-26 00:00:00+00:00
[2026-04-26T23:32:13.030+0000] {processor.py:183} INFO - Processing /home/airflow/.local/lib/python3.12/site-packages/airflow/example_dags/example_branch_operator.py took 0.067 seconds
[2026-04-26T23:32:43.143+0000] {processor.py:161} INFO - Started process (PID=2888) to work on /home/airflow/.local/lib/python3.12/site-packages/airflow/example_dags/example_branch_operator.py
[2026-04-26T23:32:43.144+0000] {processor.py:830} INFO - Processing file /home/airflow/.local/lib/python3.12/site-packages/airflow/example_dags/example_branch_operator.py for tasks to queue
[2026-04-26T23:32:43.145+0000] {logging_mixin.py:188} INFO - [2026-04-26T23:32:43.145+0000] {dagbag.py:545} INFO - Filling up the DagBag from /home/airflow/.local/lib/python3.12/site-packages/airflow/example_dags/example_branch_operator.py
[2026-04-26T23:32:43.158+0000] {processor.py:840} INFO - DAG(s) 'example_branch_operator' retrieved from /home/airflow/.local/lib/python3.12/site-packages/airflow/example_dags/example_branch_operator.py
[2026-04-26T23:32:43.178+0000] {logging_mixin.py:188} INFO - [2026-04-26T23:32:43.177+0000] {dag.py:3096} INFO - Sync 1 DAGs
[2026-04-26T23:32:43.194+0000] {logging_mixin.py:188} INFO - [2026-04-26T23:32:43.194+0000] {dag.py:3954} INFO - Setting next_dagrun for example_branch_operator to 2026-04-25 00:00:00+00:00, run_after=2026-04-26 00:00:00+00:00
[2026-04-26T23:32:43.206+0000] {processor.py:183} INFO - Processing /home/airflow/.local/lib/python3.12/site-packages/airflow/example_dags/example_branch_operator.py took 0.068 seconds
[2026-04-26T23:33:13.415+0000] {processor.py:161} INFO - Started process (PID=2947) to work on /home/airflow/.local/lib/python3.12/site-packages/airflow/example_dags/example_branch_operator.py
[2026-04-26T23:33:13.416+0000] {processor.py:830} INFO - Processing file /home/airflow/.local/lib/python3.12/site-packages/airflow/example_dags/example_branch_operator.py for tasks to queue
[2026-04-26T23:33:13.417+0000] {logging_mixin.py:188} INFO - [2026-04-26T23:33:13.417+0000] {dagbag.py:545} INFO - Filling up the DagBag from /home/airflow/.local/lib/python3.12/site-packages/airflow/example_dags/example_branch_operator.py
[2026-04-26T23:33:13.429+0000] {processor.py:840} INFO - DAG(s) 'example_branch_operator' retrieved from /home/airflow/.local/lib/python3.12/site-packages/airflow/example_dags/example_branch_operator.py
[2026-04-26T23:33:13.449+0000] {logging_mixin.py:188} INFO - [2026-04-26T23:33:13.449+0000] {dag.py:3096} INFO - Sync 1 DAGs
[2026-04-26T23:33:13.464+0000] {logging_mixin.py:188} INFO - [2026-04-26T23:33:13.464+0000] {dag.py:3954} INFO - Setting next_dagrun for example_branch_operator to 2026-04-25 00:00:00+00:00, run_after=2026-04-26 00:00:00+00:00
[2026-04-26T23:33:13.475+0000] {processor.py:183} INFO - Processing /home/airflow/.local/lib/python3.12/site-packages/airflow/example_dags/example_branch_operator.py took 0.065 seconds
[2026-04-26T23:33:44.284+0000] {processor.py:161} INFO - Started process (PID=3010) to work on /home/airflow/.local/lib/python3.12/site-packages/airflow/example_dags/example_branch_operator.py
[2026-04-26T23:33:44.285+0000] {processor.py:830} INFO - Processing file /home/airflow/.local/lib/python3.12/site-packages/airflow/example_dags/example_branch_operator.py for tasks to queue
[2026-04-26T23:33:44.286+0000] {logging_mixin.py:188} INFO - [2026-04-26T23:33:44.285+0000] {dagbag.py:545} INFO - Filling up the DagBag from /home/airflow/.local/lib/python3.12/site-packages/airflow/example_dags/example_branch_operator.py
[2026-04-26T23:33:44.296+0000] {processor.py:840} INFO - DAG(s) 'example_branch_operator' retrieved from /home/airflow/.local/lib/python3.12/site-packages/airflow/example_dags/example_branch_operator.py
[2026-04-26T23:33:44.312+0000] {logging_mixin.py:188} INFO - [2026-04-26T23:33:44.312+0000] {dag.py:3096} INFO - Sync 1 DAGs
[2026-04-26T23:33:44.325+0000] {logging_mixin.py:188} INFO - [2026-04-26T23:33:44.325+0000] {dag.py:3954} INFO - Setting next_dagrun for example_branch_operator to 2026-04-25 00:00:00+00:00, run_after=2026-04-26 00:00:00+00:00
[2026-04-26T23:33:44.335+0000] {processor.py:183} INFO - Processing /home/airflow/.local/lib/python3.12/site-packages/airflow/example_dags/example_branch_operator.py took 0.056 seconds
[2026-04-26T23:34:14.427+0000] {processor.py:161} INFO - Started process (PID=3069) to work on /home/airflow/.local/lib/python3.12/site-packages/airflow/example_dags/example_branch_operator.py
[2026-04-26T23:34:14.427+0000] {processor.py:830} INFO - Processing file /home/airflow/.local/lib/python3.12/site-packages/airflow/example_dags/example_branch_operator.py for tasks to queue
[2026-04-26T23:34:14.428+0000] {logging_mixin.py:188} INFO - [2026-04-26T23:34:14.428+0000] {dagbag.py:545} INFO - Filling up the DagBag from /home/airflow/.local/lib/python3.12/site-packages/airflow/example_dags/example_branch_operator.py
[2026-04-26T23:34:14.438+0000] {processor.py:840} INFO - DAG(s) 'example_branch_operator' retrieved from /home/airflow/.local/lib/python3.12/site-packages/airflow/example_dags/example_branch_operator.py
[2026-04-26T23:34:14.455+0000] {logging_mixin.py:188} INFO - [2026-04-26T23:34:14.454+0000] {dag.py:3096} INFO - Sync 1 DAGs
[2026-04-26T23:34:14.468+0000] {logging_mixin.py:188} INFO - [2026-04-26T23:34:14.468+0000] {dag.py:3954} INFO - Setting next_dagrun for example_branch_operator to 2026-04-25 00:00:00+00:00, run_after=2026-04-26 00:00:00+00:00
[2026-04-26T23:34:14.479+0000] {processor.py:183} INFO - Processing /home/airflow/.local/lib/python3.12/site-packages/airflow/example_dags/example_branch_operator.py took 0.056 seconds
[2026-04-26T23:34:44.660+0000] {processor.py:161} INFO - Started process (PID=3128) to work on /home/airflow/.local/lib/python3.12/site-packages/airflow/example_dags/example_branch_operator.py
[2026-04-26T23:34:44.661+0000] {processor.py:830} INFO - Processing file /home/airflow/.local/lib/python3.12/site-packages/airflow/example_dags/example_branch_operator.py for tasks to queue
[2026-04-26T23:34:44.662+0000] {logging_mixin.py:188} INFO - [2026-04-26T23:34:44.662+0000] {dagbag.py:545} INFO - Filling up the DagBag from /home/airflow/.local/lib/python3.12/site-packages/airflow/example_dags/example_branch_operator.py
[2026-04-26T23:34:44.671+0000] {processor.py:840} INFO - DAG(s) 'example_branch_operator' retrieved from /home/airflow/.local/lib/python3.12/site-packages/airflow/example_dags/example_branch_operator.py
[2026-04-26T23:34:44.687+0000] {logging_mixin.py:188} INFO - [2026-04-26T23:34:44.686+0000] {dag.py:3096} INFO - Sync 1 DAGs
[2026-04-26T23:34:44.699+0000] {logging_mixin.py:188} INFO - [2026-04-26T23:34:44.699+0000] {dag.py:3954} INFO - Setting next_dagrun for example_branch_operator to 2026-04-25 00:00:00+00:00, run_after=2026-04-26 00:00:00+00:00
[2026-04-26T23:34:44.709+0000] {processor.py:183} INFO - Processing /home/airflow/.local/lib/python3.12/site-packages/airflow/example_dags/example_branch_operator.py took 0.052 seconds
[2026-04-26T23:35:15.326+0000] {processor.py:161} INFO - Started process (PID=3187) to work on /home/airflow/.local/lib/python3.12/site-packages/airflow/example_dags/example_branch_operator.py
[2026-04-26T23:35:15.327+0000] {processor.py:830} INFO - Processing file /home/airflow/.local/lib/python3.12/site-packages/airflow/example_dags/example_branch_operator.py for tasks to queue
[2026-04-26T23:35:15.328+0000] {logging_mixin.py:188} INFO - [2026-04-26T23:35:15.328+0000] {dagbag.py:545} INFO - Filling up the DagBag from /home/airflow/.local/lib/python3.12/site-packages/airflow/example_dags/example_branch_operator.py
[2026-04-26T23:35:15.338+0000] {processor.py:840} INFO - DAG(s) 'example_branch_operator' retrieved from /home/airflow/.local/lib/python3.12/site-packages/airflow/example_dags/example_branch_operator.py
[2026-04-26T23:35:15.354+0000] {logging_mixin.py:188} INFO - [2026-04-26T23:35:15.353+0000] {dag.py:3096} INFO - Sync 1 DAGs
[2026-04-26T23:35:15.367+0000] {logging_mixin.py:188} INFO - [2026-04-26T23:35:15.367+0000] {dag.py:3954} INFO - Setting next_dagrun for example_branch_operator to 2026-04-25 00:00:00+00:00, run_after=2026-04-26 00:00:00+00:00
[2026-04-26T23:35:15.378+0000] {processor.py:183} INFO - Processing /home/airflow/.local/lib/python3.12/site-packages/airflow/example_dags/example_branch_operator.py took 0.055 seconds
[2026-04-26T23:35:45.975+0000] {processor.py:161} INFO - Started process (PID=3246) to work on /home/airflow/.local/lib/python3.12/site-packages/airflow/example_dags/example_branch_operator.py
[2026-04-26T23:35:45.975+0000] {processor.py:830} INFO - Processing file /home/airflow/.local/lib/python3.12/site-packages/airflow/example_dags/example_branch_operator.py for tasks to queue
[2026-04-26T23:35:45.976+0000] {logging_mixin.py:188} INFO - [2026-04-26T23:35:45.976+0000] {dagbag.py:545} INFO - Filling up the DagBag from /home/airflow/.local/lib/python3.12/site-packages/airflow/example_dags/example_branch_operator.py
[2026-04-26T23:35:45.987+0000] {processor.py:840} INFO - DAG(s) 'example_branch_operator' retrieved from /home/airflow/.local/lib/python3.12/site-packages/airflow/example_dags/example_branch_operator.py
[2026-04-26T23:35:46.004+0000] {logging_mixin.py:188} INFO - [2026-04-26T23:35:46.004+0000] {dag.py:3096} INFO - Sync 1 DAGs
[2026-04-26T23:35:46.017+0000] {logging_mixin.py:188} INFO - [2026-04-26T23:35:46.017+0000] {dag.py:3954} INFO - Setting next_dagrun for example_branch_operator to 2026-04-25 00:00:00+00:00, run_after=2026-04-26 00:00:00+00:00
[2026-04-26T23:35:46.028+0000] {processor.py:183} INFO - Processing /home/airflow/.local/lib/python3.12/site-packages/airflow/example_dags/example_branch_operator.py took 0.057 seconds
[2026-04-26T23:36:16.770+0000] {processor.py:161} INFO - Started process (PID=3305) to work on /home/airflow/.local/lib/python3.12/site-packages/airflow/example_dags/example_branch_operator.py
[2026-04-26T23:36:16.771+0000] {processor.py:830} INFO - Processing file /home/airflow/.local/lib/python3.12/site-packages/airflow/example_dags/example_branch_operator.py for tasks to queue
[2026-04-26T23:36:16.772+0000] {logging_mixin.py:188} INFO - [2026-04-26T23:36:16.772+0000] {dagbag.py:545} INFO - Filling up the DagBag from /home/airflow/.local/lib/python3.12/site-packages/airflow/example_dags/example_branch_operator.py
[2026-04-26T23:36:16.783+0000] {processor.py:840} INFO - DAG(s) 'example_branch_operator' retrieved from /home/airflow/.local/lib/python3.12/site-packages/airflow/example_dags/example_branch_operator.py
[2026-04-26T23:36:16.801+0000] {logging_mixin.py:188} INFO - [2026-04-26T23:36:16.801+0000] {dag.py:3096} INFO - Sync 1 DAGs
[2026-04-26T23:36:16.816+0000] {logging_mixin.py:188} INFO - [2026-04-26T23:36:16.816+0000] {dag.py:3954} INFO - Setting next_dagrun for example_branch_operator to 2026-04-25 00:00:00+00:00, run_after=2026-04-26 00:00:00+00:00
[2026-04-26T23:36:16.827+0000] {processor.py:183} INFO - Processing /home/airflow/.local/lib/python3.12/site-packages/airflow/example_dags/example_branch_operator.py took 0.061 seconds
[2026-04-26T23:36:47.396+0000] {processor.py:161} INFO - Started process (PID=3364) to work on /home/airflow/.local/lib/python3.12/site-packages/airflow/example_dags/example_branch_operator.py
[2026-04-26T23:36:47.397+0000] {processor.py:830} INFO - Processing file /home/airflow/.local/lib/python3.12/site-packages/airflow/example_dags/example_branch_operator.py for tasks to queue
[2026-04-26T23:36:47.398+0000] {logging_mixin.py:188} INFO - [2026-04-26T23:36:47.398+0000] {dagbag.py:545} INFO - Filling up the DagBag from /home/airflow/.local/lib/python3.12/site-packages/airflow/example_dags/example_branch_operator.py
[2026-04-26T23:36:47.407+0000] {processor.py:840} INFO - DAG(s) 'example_branch_operator' retrieved from /home/airflow/.local/lib/python3.12/site-packages/airflow/example_dags/example_branch_operator.py
[2026-04-26T23:36:47.423+0000] {logging_mixin.py:188} INFO - [2026-04-26T23:36:47.423+0000] {dag.py:3096} INFO - Sync 1 DAGs
[2026-04-26T23:36:47.435+0000] {logging_mixin.py:188} INFO - [2026-04-26T23:36:47.435+0000] {dag.py:3954} INFO - Setting next_dagrun for example_branch_operator to 2026-04-25 00:00:00+00:00, run_after=2026-04-26 00:00:00+00:00
[2026-04-26T23:36:47.445+0000] {processor.py:183} INFO - Processing /home/airflow/.local/lib/python3.12/site-packages/airflow/example_dags/example_branch_operator.py took 0.053 seconds
[2026-04-26T23:37:18.156+0000] {processor.py:161} INFO - Started process (PID=3423) to work on /home/airflow/.local/lib/python3.12/site-packages/airflow/example_dags/example_branch_operator.py
[2026-04-26T23:37:18.156+0000] {processor.py:830} INFO - Processing file /home/airflow/.local/lib/python3.12/site-packages/airflow/example_dags/example_branch_operator.py for tasks to queue
[2026-04-26T23:37:18.157+0000] {logging_mixin.py:188} INFO - [2026-04-26T23:37:18.157+0000] {dagbag.py:545} INFO - Filling up the DagBag from /home/airflow/.local/lib/python3.12/site-packages/airflow/example_dags/example_branch_operator.py
[2026-04-26T23:37:18.167+0000] {processor.py:840} INFO - DAG(s) 'example_branch_operator' retrieved from /home/airflow/.local/lib/python3.12/site-packages/airflow/example_dags/example_branch_operator.py
[2026-04-26T23:37:18.185+0000] {logging_mixin.py:188} INFO - [2026-04-26T23:37:18.185+0000] {dag.py:3096} INFO - Sync 1 DAGs
[2026-04-26T23:37:18.199+0000] {logging_mixin.py:188} INFO - [2026-04-26T23:37:18.199+0000] {dag.py:3954} INFO - Setting next_dagrun for example_branch_operator to 2026-04-25 00:00:00+00:00, run_after=2026-04-26 00:00:00+00:00
[2026-04-26T23:37:18.211+0000] {processor.py:183} INFO - Processing /home/airflow/.local/lib/python3.12/site-packages/airflow/example_dags/example_branch_operator.py took 0.059 seconds
[2026-04-26T23:37:48.951+0000] {processor.py:161} INFO - Started process (PID=3482) to work on /home/airflow/.local/lib/python3.12/site-packages/airflow/example_dags/example_branch_operator.py
[2026-04-26T23:37:48.952+0000] {processor.py:830} INFO - Processing file /home/airflow/.local/lib/python3.12/site-packages/airflow/example_dags/example_branch_operator.py for tasks to queue
[2026-04-26T23:37:48.953+0000] {logging_mixin.py:188} INFO - [2026-04-26T23:37:48.953+0000] {dagbag.py:545} INFO - Filling up the DagBag from /home/airflow/.local/lib/python3.12/site-packages/airflow/example_dags/example_branch_operator.py
[2026-04-26T23:37:48.962+0000] {processor.py:840} INFO - DAG(s) 'example_branch_operator' retrieved from /home/airflow/.local/lib/python3.12/site-packages/airflow/example_dags/example_branch_operator.py
[2026-04-26T23:37:48.979+0000] {logging_mixin.py:188} INFO - [2026-04-26T23:37:48.979+0000] {dag.py:3096} INFO - Sync 1 DAGs
[2026-04-26T23:37:48.993+0000] {logging_mixin.py:188} INFO - [2026-04-26T23:37:48.993+0000] {dag.py:3954} INFO - Setting next_dagrun for example_branch_operator to 2026-04-25 00:00:00+00:00, run_after=2026-04-26 00:00:00+00:00
[2026-04-26T23:37:49.003+0000] {processor.py:183} INFO - Processing /home/airflow/.local/lib/python3.12/site-packages/airflow/example_dags/example_branch_operator.py took 0.056 seconds
[2026-04-26T23:38:19.620+0000] {processor.py:161} INFO - Started process (PID=3541) to work on /home/airflow/.local/lib/python3.12/site-packages/airflow/example_dags/example_branch_operator.py
[2026-04-26T23:38:19.621+0000] {processor.py:830} INFO - Processing file /home/airflow/.local/lib/python3.12/site-packages/airflow/example_dags/example_branch_operator.py for tasks to queue
[2026-04-26T23:38:19.622+0000] {logging_mixin.py:188} INFO - [2026-04-26T23:38:19.622+0000] {dagbag.py:545} INFO - Filling up the DagBag from /home/airflow/.local/lib/python3.12/site-packages/airflow/example_dags/example_branch_operator.py
[2026-04-26T23:38:19.630+0000] {processor.py:840} INFO - DAG(s) 'example_branch_operator' retrieved from /home/airflow/.local/lib/python3.12/site-packages/airflow/example_dags/example_branch_operator.py
[2026-04-26T23:38:19.645+0000] {logging_mixin.py:188} INFO - [2026-04-26T23:38:19.645+0000] {dag.py:3096} INFO - Sync 1 DAGs
[2026-04-26T23:38:19.656+0000] {logging_mixin.py:188} INFO - [2026-04-26T23:38:19.656+0000] {dag.py:3954} INFO - Setting next_dagrun for example_branch_operator to 2026-04-25 00:00:00+00:00, run_after=2026-04-26 00:00:00+00:00
[2026-04-26T23:38:19.666+0000] {processor.py:183} INFO - Processing /home/airflow/.local/lib/python3.12/site-packages/airflow/example_dags/example_branch_operator.py took 0.049 seconds
[2026-04-26T23:38:46.663+0000] {processor.py:161} INFO - Started process (PID=83) to work on /home/airflow/.local/lib/python3.12/site-packages/airflow/example_dags/example_branch_operator.py
[2026-04-26T23:38:46.663+0000] {processor.py:830} INFO - Processing file /home/airflow/.local/lib/python3.12/site-packages/airflow/example_dags/example_branch_operator.py for tasks to queue
[2026-04-26T23:38:46.664+0000] {logging_mixin.py:188} INFO - [2026-04-26T23:38:46.664+0000] {dagbag.py:545} INFO - Filling up the DagBag from /home/airflow/.local/lib/python3.12/site-packages/airflow/example_dags/example_branch_operator.py
[2026-04-26T23:38:46.675+0000] {processor.py:840} INFO - DAG(s) 'example_branch_operator' retrieved from /home/airflow/.local/lib/python3.12/site-packages/airflow/example_dags/example_branch_operator.py
[2026-04-26T23:38:46.682+0000] {logging_mixin.py:188} INFO - [2026-04-26T23:38:46.682+0000] {dag.py:3096} INFO - Sync 1 DAGs
[2026-04-26T23:38:46.695+0000] {logging_mixin.py:188} INFO - [2026-04-26T23:38:46.694+0000] {dag.py:3954} INFO - Setting next_dagrun for example_branch_operator to 2026-04-25 00:00:00+00:00, run_after=2026-04-26 00:00:00+00:00
[2026-04-26T23:38:46.705+0000] {processor.py:183} INFO - Processing /home/airflow/.local/lib/python3.12/site-packages/airflow/example_dags/example_branch_operator.py took 0.046 seconds
[2026-04-26T23:39:17.629+0000] {processor.py:161} INFO - Started process (PID=148) to work on /home/airflow/.local/lib/python3.12/site-packages/airflow/example_dags/example_branch_operator.py
[2026-04-26T23:39:17.630+0000] {processor.py:830} INFO - Processing file /home/airflow/.local/lib/python3.12/site-packages/airflow/example_dags/example_branch_operator.py for tasks to queue
[2026-04-26T23:39:17.632+0000] {logging_mixin.py:188} INFO - [2026-04-26T23:39:17.631+0000] {dagbag.py:545} INFO - Filling up the DagBag from /home/airflow/.local/lib/python3.12/site-packages/airflow/example_dags/example_branch_operator.py
[2026-04-26T23:39:17.645+0000] {processor.py:840} INFO - DAG(s) 'example_branch_operator' retrieved from /home/airflow/.local/lib/python3.12/site-packages/airflow/example_dags/example_branch_operator.py
[2026-04-26T23:39:17.712+0000] {logging_mixin.py:188} INFO - [2026-04-26T23:39:17.711+0000] {dag.py:3096} INFO - Sync 1 DAGs
[2026-04-26T23:39:17.724+0000] {logging_mixin.py:188} INFO - [2026-04-26T23:39:17.724+0000] {dag.py:3954} INFO - Setting next_dagrun for example_branch_operator to 2026-04-25 00:00:00+00:00, run_after=2026-04-26 00:00:00+00:00
[2026-04-26T23:39:17.734+0000] {processor.py:183} INFO - Processing /home/airflow/.local/lib/python3.12/site-packages/airflow/example_dags/example_branch_operator.py took 0.109 seconds
[2026-04-26T23:39:48.041+0000] {processor.py:161} INFO - Started process (PID=207) to work on /home/airflow/.local/lib/python3.12/site-packages/airflow/example_dags/example_branch_operator.py
[2026-04-26T23:39:48.041+0000] {processor.py:830} INFO - Processing file /home/airflow/.local/lib/python3.12/site-packages/airflow/example_dags/example_branch_operator.py for tasks to queue
[2026-04-26T23:39:48.043+0000] {logging_mixin.py:188} INFO - [2026-04-26T23:39:48.042+0000] {dagbag.py:545} INFO - Filling up the DagBag from /home/airflow/.local/lib/python3.12/site-packages/airflow/example_dags/example_branch_operator.py
[2026-04-26T23:39:48.052+0000] {processor.py:840} INFO - DAG(s) 'example_branch_operator' retrieved from /home/airflow/.local/lib/python3.12/site-packages/airflow/example_dags/example_branch_operator.py
[2026-04-26T23:39:48.069+0000] {logging_mixin.py:188} INFO - [2026-04-26T23:39:48.069+0000] {dag.py:3096} INFO - Sync 1 DAGs
[2026-04-26T23:39:48.082+0000] {logging_mixin.py:188} INFO - [2026-04-26T23:39:48.082+0000] {dag.py:3954} INFO - Setting next_dagrun for example_branch_operator to 2026-04-25 00:00:00+00:00, run_after=2026-04-26 00:00:00+00:00
[2026-04-26T23:39:48.092+0000] {processor.py:183} INFO - Processing /home/airflow/.local/lib/python3.12/site-packages/airflow/example_dags/example_branch_operator.py took 0.055 seconds
[2026-04-26T23:40:18.933+0000] {processor.py:161} INFO - Started process (PID=266) to work on /home/airflow/.local/lib/python3.12/site-packages/airflow/example_dags/example_branch_operator.py
[2026-04-26T23:40:18.934+0000] {processor.py:830} INFO - Processing file /home/airflow/.local/lib/python3.12/site-packages/airflow/example_dags/example_branch_operator.py for tasks to queue
[2026-04-26T23:40:18.935+0000] {logging_mixin.py:188} INFO - [2026-04-26T23:40:18.935+0000] {dagbag.py:545} INFO - Filling up the DagBag from /home/airflow/.local/lib/python3.12/site-packages/airflow/example_dags/example_branch_operator.py
[2026-04-26T23:40:18.944+0000] {processor.py:840} INFO - DAG(s) 'example_branch_operator' retrieved from /home/airflow/.local/lib/python3.12/site-packages/airflow/example_dags/example_branch_operator.py
[2026-04-26T23:40:18.960+0000] {logging_mixin.py:188} INFO - [2026-04-26T23:40:18.960+0000] {dag.py:3096} INFO - Sync 1 DAGs
[2026-04-26T23:40:18.972+0000] {logging_mixin.py:188} INFO - [2026-04-26T23:40:18.972+0000] {dag.py:3954} INFO - Setting next_dagrun for example_branch_operator to 2026-04-25 00:00:00+00:00, run_after=2026-04-26 00:00:00+00:00
[2026-04-26T23:40:18.982+0000] {processor.py:183} INFO - Processing /home/airflow/.local/lib/python3.12/site-packages/airflow/example_dags/example_branch_operator.py took 0.052 seconds
[2026-04-26T23:40:49.967+0000] {processor.py:161} INFO - Started process (PID=325) to work on /home/airflow/.local/lib/python3.12/site-packages/airflow/example_dags/example_branch_operator.py
[2026-04-26T23:40:49.968+0000] {processor.py:830} INFO - Processing file /home/airflow/.local/lib/python3.12/site-packages/airflow/example_dags/example_branch_operator.py for tasks to queue
[2026-04-26T23:40:49.969+0000] {logging_mixin.py:188} INFO - [2026-04-26T23:40:49.969+0000] {dagbag.py:545} INFO - Filling up the DagBag from /home/airflow/.local/lib/python3.12/site-packages/airflow/example_dags/example_branch_operator.py
[2026-04-26T23:40:49.977+0000] {processor.py:840} INFO - DAG(s) 'example_branch_operator' retrieved from /home/airflow/.local/lib/python3.12/site-packages/airflow/example_dags/example_branch_operator.py
[2026-04-26T23:40:49.992+0000] {logging_mixin.py:188} INFO - [2026-04-26T23:40:49.992+0000] {dag.py:3096} INFO - Sync 1 DAGs
[2026-04-26T23:40:50.003+0000] {logging_mixin.py:188} INFO - [2026-04-26T23:40:50.003+0000] {dag.py:3954} INFO - Setting next_dagrun for example_branch_operator to 2026-04-25 00:00:00+00:00, run_after=2026-04-26 00:00:00+00:00
[2026-04-26T23:40:50.012+0000] {processor.py:183} INFO - Processing /home/airflow/.local/lib/python3.12/site-packages/airflow/example_dags/example_branch_operator.py took 0.048 seconds
[2026-04-26T23:41:20.849+0000] {processor.py:161} INFO - Started process (PID=384) to work on /home/airflow/.local/lib/python3.12/site-packages/airflow/example_dags/example_branch_operator.py
[2026-04-26T23:41:20.850+0000] {processor.py:830} INFO - Processing file /home/airflow/.local/lib/python3.12/site-packages/airflow/example_dags/example_branch_operator.py for tasks to queue
[2026-04-26T23:41:20.851+0000] {logging_mixin.py:188} INFO - [2026-04-26T23:41:20.851+0000] {dagbag.py:545} INFO - Filling up the DagBag from /home/airflow/.local/lib/python3.12/site-packages/airflow/example_dags/example_branch_operator.py
[2026-04-26T23:41:20.860+0000] {processor.py:840} INFO - DAG(s) 'example_branch_operator' retrieved from /home/airflow/.local/lib/python3.12/site-packages/airflow/example_dags/example_branch_operator.py
[2026-04-26T23:41:20.876+0000] {logging_mixin.py:188} INFO - [2026-04-26T23:41:20.876+0000] {dag.py:3096} INFO - Sync 1 DAGs
[2026-04-26T23:41:20.888+0000] {logging_mixin.py:188} INFO - [2026-04-26T23:41:20.888+0000] {dag.py:3954} INFO - Setting next_dagrun for example_branch_operator to 2026-04-25 00:00:00+00:00, run_after=2026-04-26 00:00:00+00:00
[2026-04-26T23:41:20.897+0000] {processor.py:183} INFO - Processing /home/airflow/.local/lib/python3.12/site-packages/airflow/example_dags/example_branch_operator.py took 0.051 seconds
[2026-04-26T23:41:51.110+0000] {processor.py:161} INFO - Started process (PID=443) to work on /home/airflow/.local/lib/python3.12/site-packages/airflow/example_dags/example_branch_operator.py
[2026-04-26T23:41:51.111+0000] {processor.py:830} INFO - Processing file /home/airflow/.local/lib/python3.12/site-packages/airflow/example_dags/example_branch_operator.py for tasks to queue
[2026-04-26T23:41:51.112+0000] {logging_mixin.py:188} INFO - [2026-04-26T23:41:51.112+0000] {dagbag.py:545} INFO - Filling up the DagBag from /home/airflow/.local/lib/python3.12/site-packages/airflow/example_dags/example_branch_operator.py
[2026-04-26T23:41:51.121+0000] {processor.py:840} INFO - DAG(s) 'example_branch_operator' retrieved from /home/airflow/.local/lib/python3.12/site-packages/airflow/example_dags/example_branch_operator.py
[2026-04-26T23:41:51.136+0000] {logging_mixin.py:188} INFO - [2026-04-26T23:41:51.136+0000] {dag.py:3096} INFO - Sync 1 DAGs
[2026-04-26T23:41:51.148+0000] {logging_mixin.py:188} INFO - [2026-04-26T23:41:51.148+0000] {dag.py:3954} INFO - Setting next_dagrun for example_branch_operator to 2026-04-25 00:00:00+00:00, run_after=2026-04-26 00:00:00+00:00
[2026-04-26T23:41:51.158+0000] {processor.py:183} INFO - Processing /home/airflow/.local/lib/python3.12/site-packages/airflow/example_dags/example_branch_operator.py took 0.052 seconds
[2026-04-26T23:42:21.193+0000] {processor.py:161} INFO - Started process (PID=502) to work on /home/airflow/.local/lib/python3.12/site-packages/airflow/example_dags/example_branch_operator.py
[2026-04-26T23:42:21.194+0000] {processor.py:830} INFO - Processing file /home/airflow/.local/lib/python3.12/site-packages/airflow/example_dags/example_branch_operator.py for tasks to queue
[2026-04-26T23:42:21.195+0000] {logging_mixin.py:188} INFO - [2026-04-26T23:42:21.195+0000] {dagbag.py:545} INFO - Filling up the DagBag from /home/airflow/.local/lib/python3.12/site-packages/airflow/example_dags/example_branch_operator.py
[2026-04-26T23:42:21.204+0000] {processor.py:840} INFO - DAG(s) 'example_branch_operator' retrieved from /home/airflow/.local/lib/python3.12/site-packages/airflow/example_dags/example_branch_operator.py
[2026-04-26T23:42:21.221+0000] {logging_mixin.py:188} INFO - [2026-04-26T23:42:21.220+0000] {dag.py:3096} INFO - Sync 1 DAGs
[2026-04-26T23:42:21.234+0000] {logging_mixin.py:188} INFO - [2026-04-26T23:42:21.234+0000] {dag.py:3954} INFO - Setting next_dagrun for example_branch_operator to 2026-04-25 00:00:00+00:00, run_after=2026-04-26 00:00:00+00:00
[2026-04-26T23:42:21.244+0000] {processor.py:183} INFO - Processing /home/airflow/.local/lib/python3.12/site-packages/airflow/example_dags/example_branch_operator.py took 0.055 seconds
[2026-04-26T23:43:21.197+0000] {processor.py:161} INFO - Started process (PID=89) to work on /home/airflow/.local/lib/python3.12/site-packages/airflow/example_dags/example_branch_operator.py
[2026-04-26T23:43:21.198+0000] {processor.py:830} INFO - Processing file /home/airflow/.local/lib/python3.12/site-packages/airflow/example_dags/example_branch_operator.py for tasks to queue
[2026-04-26T23:43:21.199+0000] {logging_mixin.py:188} INFO - [2026-04-26T23:43:21.199+0000] {dagbag.py:545} INFO - Filling up the DagBag from /home/airflow/.local/lib/python3.12/site-packages/airflow/example_dags/example_branch_operator.py
[2026-04-26T23:43:21.210+0000] {processor.py:840} INFO - DAG(s) 'example_branch_operator' retrieved from /home/airflow/.local/lib/python3.12/site-packages/airflow/example_dags/example_branch_operator.py
[2026-04-26T23:43:21.217+0000] {logging_mixin.py:188} INFO - [2026-04-26T23:43:21.217+0000] {dag.py:3096} INFO - Sync 1 DAGs
[2026-04-26T23:43:21.231+0000] {logging_mixin.py:188} INFO - [2026-04-26T23:43:21.231+0000] {dag.py:3954} INFO - Setting next_dagrun for example_branch_operator to 2026-04-25 00:00:00+00:00, run_after=2026-04-26 00:00:00+00:00
[2026-04-26T23:43:21.241+0000] {processor.py:183} INFO - Processing /home/airflow/.local/lib/python3.12/site-packages/airflow/example_dags/example_branch_operator.py took 0.048 seconds
[2026-04-26T23:43:52.508+0000] {processor.py:161} INFO - Started process (PID=148) to work on /home/airflow/.local/lib/python3.12/site-packages/airflow/example_dags/example_branch_operator.py
[2026-04-26T23:43:52.509+0000] {processor.py:830} INFO - Processing file /home/airflow/.local/lib/python3.12/site-packages/airflow/example_dags/example_branch_operator.py for tasks to queue
[2026-04-26T23:43:52.510+0000] {logging_mixin.py:188} INFO - [2026-04-26T23:43:52.509+0000] {dagbag.py:545} INFO - Filling up the DagBag from /home/airflow/.local/lib/python3.12/site-packages/airflow/example_dags/example_branch_operator.py
[2026-04-26T23:43:52.519+0000] {processor.py:840} INFO - DAG(s) 'example_branch_operator' retrieved from /home/airflow/.local/lib/python3.12/site-packages/airflow/example_dags/example_branch_operator.py
[2026-04-26T23:43:52.575+0000] {logging_mixin.py:188} INFO - [2026-04-26T23:43:52.575+0000] {dag.py:3096} INFO - Sync 1 DAGs
[2026-04-26T23:43:52.585+0000] {logging_mixin.py:188} INFO - [2026-04-26T23:43:52.585+0000] {dag.py:3954} INFO - Setting next_dagrun for example_branch_operator to 2026-04-25 00:00:00+00:00, run_after=2026-04-26 00:00:00+00:00
[2026-04-26T23:43:52.617+0000] {processor.py:183} INFO - Processing /home/airflow/.local/lib/python3.12/site-packages/airflow/example_dags/example_branch_operator.py took 0.113 seconds
[2026-04-26T23:44:23.321+0000] {processor.py:161} INFO - Started process (PID=207) to work on /home/airflow/.local/lib/python3.12/site-packages/airflow/example_dags/example_branch_operator.py
[2026-04-26T23:44:23.322+0000] {processor.py:830} INFO - Processing file /home/airflow/.local/lib/python3.12/site-packages/airflow/example_dags/example_branch_operator.py for tasks to queue
[2026-04-26T23:44:23.323+0000] {logging_mixin.py:188} INFO - [2026-04-26T23:44:23.323+0000] {dagbag.py:545} INFO - Filling up the DagBag from /home/airflow/.local/lib/python3.12/site-packages/airflow/example_dags/example_branch_operator.py
[2026-04-26T23:44:23.333+0000] {processor.py:840} INFO - DAG(s) 'example_branch_operator' retrieved from /home/airflow/.local/lib/python3.12/site-packages/airflow/example_dags/example_branch_operator.py
[2026-04-26T23:44:23.348+0000] {logging_mixin.py:188} INFO - [2026-04-26T23:44:23.348+0000] {dag.py:3096} INFO - Sync 1 DAGs
[2026-04-26T23:44:23.360+0000] {logging_mixin.py:188} INFO - [2026-04-26T23:44:23.360+0000] {dag.py:3954} INFO - Setting next_dagrun for example_branch_operator to 2026-04-25 00:00:00+00:00, run_after=2026-04-26 00:00:00+00:00
[2026-04-26T23:44:23.369+0000] {processor.py:183} INFO - Processing /home/airflow/.local/lib/python3.12/site-packages/airflow/example_dags/example_branch_operator.py took 0.051 seconds
[2026-04-26T23:44:53.456+0000] {processor.py:161} INFO - Started process (PID=266) to work on /home/airflow/.local/lib/python3.12/site-packages/airflow/example_dags/example_branch_operator.py
[2026-04-26T23:44:53.456+0000] {processor.py:830} INFO - Processing file /home/airflow/.local/lib/python3.12/site-packages/airflow/example_dags/example_branch_operator.py for tasks to queue
[2026-04-26T23:44:53.457+0000] {logging_mixin.py:188} INFO - [2026-04-26T23:44:53.457+0000] {dagbag.py:545} INFO - Filling up the DagBag from /home/airflow/.local/lib/python3.12/site-packages/airflow/example_dags/example_branch_operator.py
[2026-04-26T23:44:53.467+0000] {processor.py:840} INFO - DAG(s) 'example_branch_operator' retrieved from /home/airflow/.local/lib/python3.12/site-packages/airflow/example_dags/example_branch_operator.py
[2026-04-26T23:44:53.486+0000] {logging_mixin.py:188} INFO - [2026-04-26T23:44:53.485+0000] {dag.py:3096} INFO - Sync 1 DAGs
[2026-04-26T23:44:53.498+0000] {logging_mixin.py:188} INFO - [2026-04-26T23:44:53.498+0000] {dag.py:3954} INFO - Setting next_dagrun for example_branch_operator to 2026-04-25 00:00:00+00:00, run_after=2026-04-26 00:00:00+00:00
[2026-04-26T23:44:53.508+0000] {processor.py:183} INFO - Processing /home/airflow/.local/lib/python3.12/site-packages/airflow/example_dags/example_branch_operator.py took 0.056 seconds
[2026-04-26T23:45:24.311+0000] {processor.py:161} INFO - Started process (PID=325) to work on /home/airflow/.local/lib/python3.12/site-packages/airflow/example_dags/example_branch_operator.py
[2026-04-26T23:45:24.312+0000] {processor.py:830} INFO - Processing file /home/airflow/.local/lib/python3.12/site-packages/airflow/example_dags/example_branch_operator.py for tasks to queue
[2026-04-26T23:45:24.313+0000] {logging_mixin.py:188} INFO - [2026-04-26T23:45:24.313+0000] {dagbag.py:545} INFO - Filling up the DagBag from /home/airflow/.local/lib/python3.12/site-packages/airflow/example_dags/example_branch_operator.py
[2026-04-26T23:45:24.323+0000] {processor.py:840} INFO - DAG(s) 'example_branch_operator' retrieved from /home/airflow/.local/lib/python3.12/site-packages/airflow/example_dags/example_branch_operator.py
[2026-04-26T23:45:24.341+0000] {logging_mixin.py:188} INFO - [2026-04-26T23:45:24.341+0000] {dag.py:3096} INFO - Sync 1 DAGs
[2026-04-26T23:45:24.355+0000] {logging_mixin.py:188} INFO - [2026-04-26T23:45:24.354+0000] {dag.py:3954} INFO - Setting next_dagrun for example_branch_operator to 2026-04-25 00:00:00+00:00, run_after=2026-04-26 00:00:00+00:00
[2026-04-26T23:45:24.364+0000] {processor.py:183} INFO - Processing /home/airflow/.local/lib/python3.12/site-packages/airflow/example_dags/example_branch_operator.py took 0.057 seconds
[2026-04-26T23:45:55.129+0000] {processor.py:161} INFO - Started process (PID=384) to work on /home/airflow/.local/lib/python3.12/site-packages/airflow/example_dags/example_branch_operator.py
[2026-04-26T23:45:55.129+0000] {processor.py:830} INFO - Processing file /home/airflow/.local/lib/python3.12/site-packages/airflow/example_dags/example_branch_operator.py for tasks to queue
[2026-04-26T23:45:55.130+0000] {logging_mixin.py:188} INFO - [2026-04-26T23:45:55.130+0000] {dagbag.py:545} INFO - Filling up the DagBag from /home/airflow/.local/lib/python3.12/site-packages/airflow/example_dags/example_branch_operator.py
[2026-04-26T23:45:55.140+0000] {processor.py:840} INFO - DAG(s) 'example_branch_operator' retrieved from /home/airflow/.local/lib/python3.12/site-packages/airflow/example_dags/example_branch_operator.py
[2026-04-26T23:45:55.156+0000] {logging_mixin.py:188} INFO - [2026-04-26T23:45:55.156+0000] {dag.py:3096} INFO - Sync 1 DAGs
[2026-04-26T23:45:55.168+0000] {logging_mixin.py:188} INFO - [2026-04-26T23:45:55.168+0000] {dag.py:3954} INFO - Setting next_dagrun for example_branch_operator to 2026-04-25 00:00:00+00:00, run_after=2026-04-26 00:00:00+00:00
[2026-04-26T23:45:55.177+0000] {processor.py:183} INFO - Processing /home/airflow/.local/lib/python3.12/site-packages/airflow/example_dags/example_branch_operator.py took 0.052 seconds
[2026-04-26T23:46:25.924+0000] {processor.py:161} INFO - Started process (PID=443) to work on /home/airflow/.local/lib/python3.12/site-packages/airflow/example_dags/example_branch_operator.py
[2026-04-26T23:46:25.925+0000] {processor.py:830} INFO - Processing file /home/airflow/.local/lib/python3.12/site-packages/airflow/example_dags/example_branch_operator.py for tasks to queue
[2026-04-26T23:46:25.926+0000] {logging_mixin.py:188} INFO - [2026-04-26T23:46:25.925+0000] {dagbag.py:545} INFO - Filling up the DagBag from /home/airflow/.local/lib/python3.12/site-packages/airflow/example_dags/example_branch_operator.py
[2026-04-26T23:46:25.936+0000] {processor.py:840} INFO - DAG(s) 'example_branch_operator' retrieved from /home/airflow/.local/lib/python3.12/site-packages/airflow/example_dags/example_branch_operator.py
[2026-04-26T23:46:25.951+0000] {logging_mixin.py:188} INFO - [2026-04-26T23:46:25.951+0000] {dag.py:3096} INFO - Sync 1 DAGs
[2026-04-26T23:46:25.964+0000] {logging_mixin.py:188} INFO - [2026-04-26T23:46:25.963+0000] {dag.py:3954} INFO - Setting next_dagrun for example_branch_operator to 2026-04-25 00:00:00+00:00, run_after=2026-04-26 00:00:00+00:00
[2026-04-26T23:46:25.974+0000] {processor.py:183} INFO - Processing /home/airflow/.local/lib/python3.12/site-packages/airflow/example_dags/example_branch_operator.py took 0.054 seconds
[2026-04-26T23:46:56.733+0000] {processor.py:161} INFO - Started process (PID=502) to work on /home/airflow/.local/lib/python3.12/site-packages/airflow/example_dags/example_branch_operator.py
[2026-04-26T23:46:56.733+0000] {processor.py:830} INFO - Processing file /home/airflow/.local/lib/python3.12/site-packages/airflow/example_dags/example_branch_operator.py for tasks to queue
[2026-04-26T23:46:56.734+0000] {logging_mixin.py:188} INFO - [2026-04-26T23:46:56.734+0000] {dagbag.py:545} INFO - Filling up the DagBag from /home/airflow/.local/lib/python3.12/site-packages/airflow/example_dags/example_branch_operator.py
[2026-04-26T23:46:56.744+0000] {processor.py:840} INFO - DAG(s) 'example_branch_operator' retrieved from /home/airflow/.local/lib/python3.12/site-packages/airflow/example_dags/example_branch_operator.py
[2026-04-26T23:46:56.761+0000] {logging_mixin.py:188} INFO - [2026-04-26T23:46:56.761+0000] {dag.py:3096} INFO - Sync 1 DAGs
[2026-04-26T23:46:56.773+0000] {logging_mixin.py:188} INFO - [2026-04-26T23:46:56.773+0000] {dag.py:3954} INFO - Setting next_dagrun for example_branch_operator to 2026-04-25 00:00:00+00:00, run_after=2026-04-26 00:00:00+00:00
[2026-04-26T23:46:56.784+0000] {processor.py:183} INFO - Processing /home/airflow/.local/lib/python3.12/site-packages/airflow/example_dags/example_branch_operator.py took 0.055 seconds
[2026-04-26T23:47:27.071+0000] {processor.py:161} INFO - Started process (PID=561) to work on /home/airflow/.local/lib/python3.12/site-packages/airflow/example_dags/example_branch_operator.py
[2026-04-26T23:47:27.071+0000] {processor.py:830} INFO - Processing file /home/airflow/.local/lib/python3.12/site-packages/airflow/example_dags/example_branch_operator.py for tasks to queue
[2026-04-26T23:47:27.073+0000] {logging_mixin.py:188} INFO - [2026-04-26T23:47:27.073+0000] {dagbag.py:545} INFO - Filling up the DagBag from /home/airflow/.local/lib/python3.12/site-packages/airflow/example_dags/example_branch_operator.py
[2026-04-26T23:47:27.089+0000] {processor.py:840} INFO - DAG(s) 'example_branch_operator' retrieved from /home/airflow/.local/lib/python3.12/site-packages/airflow/example_dags/example_branch_operator.py
[2026-04-26T23:47:27.117+0000] {logging_mixin.py:188} INFO - [2026-04-26T23:47:27.117+0000] {dag.py:3096} INFO - Sync 1 DAGs
[2026-04-26T23:47:27.133+0000] {logging_mixin.py:188} INFO - [2026-04-26T23:47:27.133+0000] {dag.py:3954} INFO - Setting next_dagrun for example_branch_operator to 2026-04-25 00:00:00+00:00, run_after=2026-04-26 00:00:00+00:00
[2026-04-26T23:47:27.145+0000] {processor.py:183} INFO - Processing /home/airflow/.local/lib/python3.12/site-packages/airflow/example_dags/example_branch_operator.py took 0.080 seconds
[2026-04-26T23:47:57.178+0000] {processor.py:161} INFO - Started process (PID=620) to work on /home/airflow/.local/lib/python3.12/site-packages/airflow/example_dags/example_branch_operator.py
[2026-04-26T23:47:57.179+0000] {processor.py:830} INFO - Processing file /home/airflow/.local/lib/python3.12/site-packages/airflow/example_dags/example_branch_operator.py for tasks to queue
[2026-04-26T23:47:57.180+0000] {logging_mixin.py:188} INFO - [2026-04-26T23:47:57.180+0000] {dagbag.py:545} INFO - Filling up the DagBag from /home/airflow/.local/lib/python3.12/site-packages/airflow/example_dags/example_branch_operator.py
[2026-04-26T23:47:57.193+0000] {processor.py:840} INFO - DAG(s) 'example_branch_operator' retrieved from /home/airflow/.local/lib/python3.12/site-packages/airflow/example_dags/example_branch_operator.py
[2026-04-26T23:47:57.212+0000] {logging_mixin.py:188} INFO - [2026-04-26T23:47:57.212+0000] {dag.py:3096} INFO - Sync 1 DAGs
[2026-04-26T23:47:57.228+0000] {logging_mixin.py:188} INFO - [2026-04-26T23:47:57.228+0000] {dag.py:3954} INFO - Setting next_dagrun for example_branch_operator to 2026-04-25 00:00:00+00:00, run_after=2026-04-26 00:00:00+00:00
[2026-04-26T23:47:57.241+0000] {processor.py:183} INFO - Processing /home/airflow/.local/lib/python3.12/site-packages/airflow/example_dags/example_branch_operator.py took 0.068 seconds
[2026-04-26T23:48:27.291+0000] {processor.py:161} INFO - Started process (PID=679) to work on /home/airflow/.local/lib/python3.12/site-packages/airflow/example_dags/example_branch_operator.py
[2026-04-26T23:48:27.291+0000] {processor.py:830} INFO - Processing file /home/airflow/.local/lib/python3.12/site-packages/airflow/example_dags/example_branch_operator.py for tasks to queue
[2026-04-26T23:48:27.293+0000] {logging_mixin.py:188} INFO - [2026-04-26T23:48:27.292+0000] {dagbag.py:545} INFO - Filling up the DagBag from /home/airflow/.local/lib/python3.12/site-packages/airflow/example_dags/example_branch_operator.py
[2026-04-26T23:48:27.303+0000] {processor.py:840} INFO - DAG(s) 'example_branch_operator' retrieved from /home/airflow/.local/lib/python3.12/site-packages/airflow/example_dags/example_branch_operator.py
[2026-04-26T23:48:27.319+0000] {logging_mixin.py:188} INFO - [2026-04-26T23:48:27.319+0000] {dag.py:3096} INFO - Sync 1 DAGs
[2026-04-26T23:48:27.331+0000] {logging_mixin.py:188} INFO - [2026-04-26T23:48:27.331+0000] {dag.py:3954} INFO - Setting next_dagrun for example_branch_operator to 2026-04-25 00:00:00+00:00, run_after=2026-04-26 00:00:00+00:00
[2026-04-26T23:48:27.339+0000] {processor.py:183} INFO - Processing /home/airflow/.local/lib/python3.12/site-packages/airflow/example_dags/example_branch_operator.py took 0.052 seconds
[2026-04-26T23:48:58.318+0000] {processor.py:161} INFO - Started process (PID=738) to work on /home/airflow/.local/lib/python3.12/site-packages/airflow/example_dags/example_branch_operator.py
[2026-04-26T23:48:58.319+0000] {processor.py:830} INFO - Processing file /home/airflow/.local/lib/python3.12/site-packages/airflow/example_dags/example_branch_operator.py for tasks to queue
[2026-04-26T23:48:58.320+0000] {logging_mixin.py:188} INFO - [2026-04-26T23:48:58.320+0000] {dagbag.py:545} INFO - Filling up the DagBag from /home/airflow/.local/lib/python3.12/site-packages/airflow/example_dags/example_branch_operator.py
[2026-04-26T23:48:58.330+0000] {processor.py:840} INFO - DAG(s) 'example_branch_operator' retrieved from /home/airflow/.local/lib/python3.12/site-packages/airflow/example_dags/example_branch_operator.py
[2026-04-26T23:48:58.346+0000] {logging_mixin.py:188} INFO - [2026-04-26T23:48:58.346+0000] {dag.py:3096} INFO - Sync 1 DAGs
[2026-04-26T23:48:58.359+0000] {logging_mixin.py:188} INFO - [2026-04-26T23:48:58.359+0000] {dag.py:3954} INFO - Setting next_dagrun for example_branch_operator to 2026-04-25 00:00:00+00:00, run_after=2026-04-26 00:00:00+00:00
[2026-04-26T23:48:58.369+0000] {processor.py:183} INFO - Processing /home/airflow/.local/lib/python3.12/site-packages/airflow/example_dags/example_branch_operator.py took 0.055 seconds
[2026-04-26T23:49:28.552+0000] {processor.py:161} INFO - Started process (PID=797) to work on /home/airflow/.local/lib/python3.12/site-packages/airflow/example_dags/example_branch_operator.py
[2026-04-26T23:49:28.553+0000] {processor.py:830} INFO - Processing file /home/airflow/.local/lib/python3.12/site-packages/airflow/example_dags/example_branch_operator.py for tasks to queue
[2026-04-26T23:49:28.554+0000] {logging_mixin.py:188} INFO - [2026-04-26T23:49:28.554+0000] {dagbag.py:545} INFO - Filling up the DagBag from /home/airflow/.local/lib/python3.12/site-packages/airflow/example_dags/example_branch_operator.py
[2026-04-26T23:49:28.565+0000] {processor.py:840} INFO - DAG(s) 'example_branch_operator' retrieved from /home/airflow/.local/lib/python3.12/site-packages/airflow/example_dags/example_branch_operator.py
[2026-04-26T23:49:28.582+0000] {logging_mixin.py:188} INFO - [2026-04-26T23:49:28.582+0000] {dag.py:3096} INFO - Sync 1 DAGs
[2026-04-26T23:49:28.595+0000] {logging_mixin.py:188} INFO - [2026-04-26T23:49:28.595+0000] {dag.py:3954} INFO - Setting next_dagrun for example_branch_operator to 2026-04-25 00:00:00+00:00, run_after=2026-04-26 00:00:00+00:00
[2026-04-26T23:49:28.625+0000] {processor.py:183} INFO - Processing /home/airflow/.local/lib/python3.12/site-packages/airflow/example_dags/example_branch_operator.py took 0.077 seconds
[2026-04-26T23:50:04.081+0000] {processor.py:161} INFO - Started process (PID=89) to work on /home/airflow/.local/lib/python3.12/site-packages/airflow/example_dags/example_branch_operator.py
[2026-04-26T23:50:04.082+0000] {processor.py:830} INFO - Processing file /home/airflow/.local/lib/python3.12/site-packages/airflow/example_dags/example_branch_operator.py for tasks to queue
[2026-04-26T23:50:04.083+0000] {logging_mixin.py:188} INFO - [2026-04-26T23:50:04.082+0000] {dagbag.py:545} INFO - Filling up the DagBag from /home/airflow/.local/lib/python3.12/site-packages/airflow/example_dags/example_branch_operator.py
[2026-04-26T23:50:04.094+0000] {processor.py:840} INFO - DAG(s) 'example_branch_operator' retrieved from /home/airflow/.local/lib/python3.12/site-packages/airflow/example_dags/example_branch_operator.py
[2026-04-26T23:50:04.101+0000] {logging_mixin.py:188} INFO - [2026-04-26T23:50:04.101+0000] {dag.py:3096} INFO - Sync 1 DAGs
[2026-04-26T23:50:04.118+0000] {logging_mixin.py:188} INFO - [2026-04-26T23:50:04.118+0000] {dag.py:3954} INFO - Setting next_dagrun for example_branch_operator to 2026-04-25 00:00:00+00:00, run_after=2026-04-26 00:00:00+00:00
[2026-04-26T23:50:04.130+0000] {processor.py:183} INFO - Processing /home/airflow/.local/lib/python3.12/site-packages/airflow/example_dags/example_branch_operator.py took 0.053 seconds
[2026-04-26T23:50:35.580+0000] {processor.py:161} INFO - Started process (PID=148) to work on /home/airflow/.local/lib/python3.12/site-packages/airflow/example_dags/example_branch_operator.py
[2026-04-26T23:50:35.581+0000] {processor.py:830} INFO - Processing file /home/airflow/.local/lib/python3.12/site-packages/airflow/example_dags/example_branch_operator.py for tasks to queue
[2026-04-26T23:50:35.582+0000] {logging_mixin.py:188} INFO - [2026-04-26T23:50:35.581+0000] {dagbag.py:545} INFO - Filling up the DagBag from /home/airflow/.local/lib/python3.12/site-packages/airflow/example_dags/example_branch_operator.py
[2026-04-26T23:50:35.593+0000] {processor.py:840} INFO - DAG(s) 'example_branch_operator' retrieved from /home/airflow/.local/lib/python3.12/site-packages/airflow/example_dags/example_branch_operator.py
[2026-04-26T23:50:35.659+0000] {logging_mixin.py:188} INFO - [2026-04-26T23:50:35.659+0000] {dag.py:3096} INFO - Sync 1 DAGs
[2026-04-26T23:50:35.671+0000] {logging_mixin.py:188} INFO - [2026-04-26T23:50:35.670+0000] {dag.py:3954} INFO - Setting next_dagrun for example_branch_operator to 2026-04-25 00:00:00+00:00, run_after=2026-04-26 00:00:00+00:00
[2026-04-26T23:50:35.693+0000] {processor.py:183} INFO - Processing /home/airflow/.local/lib/python3.12/site-packages/airflow/example_dags/example_branch_operator.py took 0.117 seconds
[2026-04-26T23:51:06.399+0000] {processor.py:161} INFO - Started process (PID=207) to work on /home/airflow/.local/lib/python3.12/site-packages/airflow/example_dags/example_branch_operator.py
[2026-04-26T23:51:06.399+0000] {processor.py:830} INFO - Processing file /home/airflow/.local/lib/python3.12/site-packages/airflow/example_dags/example_branch_operator.py for tasks to queue
[2026-04-26T23:51:06.400+0000] {logging_mixin.py:188} INFO - [2026-04-26T23:51:06.400+0000] {dagbag.py:545} INFO - Filling up the DagBag from /home/airflow/.local/lib/python3.12/site-packages/airflow/example_dags/example_branch_operator.py
[2026-04-26T23:51:06.409+0000] {processor.py:840} INFO - DAG(s) 'example_branch_operator' retrieved from /home/airflow/.local/lib/python3.12/site-packages/airflow/example_dags/example_branch_operator.py
[2026-04-26T23:51:06.423+0000] {logging_mixin.py:188} INFO - [2026-04-26T23:51:06.423+0000] {dag.py:3096} INFO - Sync 1 DAGs
[2026-04-26T23:51:06.435+0000] {logging_mixin.py:188} INFO - [2026-04-26T23:51:06.435+0000] {dag.py:3954} INFO - Setting next_dagrun for example_branch_operator to 2026-04-25 00:00:00+00:00, run_after=2026-04-26 00:00:00+00:00
[2026-04-26T23:51:06.443+0000] {processor.py:183} INFO - Processing /home/airflow/.local/lib/python3.12/site-packages/airflow/example_dags/example_branch_operator.py took 0.048 seconds
[2026-04-26T23:51:36.577+0000] {processor.py:161} INFO - Started process (PID=266) to work on /home/airflow/.local/lib/python3.12/site-packages/airflow/example_dags/example_branch_operator.py
[2026-04-26T23:51:36.578+0000] {processor.py:830} INFO - Processing file /home/airflow/.local/lib/python3.12/site-packages/airflow/example_dags/example_branch_operator.py for tasks to queue
[2026-04-26T23:51:36.579+0000] {logging_mixin.py:188} INFO - [2026-04-26T23:51:36.579+0000] {dagbag.py:545} INFO - Filling up the DagBag from /home/airflow/.local/lib/python3.12/site-packages/airflow/example_dags/example_branch_operator.py
[2026-04-26T23:51:36.590+0000] {processor.py:840} INFO - DAG(s) 'example_branch_operator' retrieved from /home/airflow/.local/lib/python3.12/site-packages/airflow/example_dags/example_branch_operator.py
[2026-04-26T23:51:36.607+0000] {logging_mixin.py:188} INFO - [2026-04-26T23:51:36.606+0000] {dag.py:3096} INFO - Sync 1 DAGs
[2026-04-26T23:51:36.620+0000] {logging_mixin.py:188} INFO - [2026-04-26T23:51:36.620+0000] {dag.py:3954} INFO - Setting next_dagrun for example_branch_operator to 2026-04-25 00:00:00+00:00, run_after=2026-04-26 00:00:00+00:00
[2026-04-26T23:51:36.630+0000] {processor.py:183} INFO - Processing /home/airflow/.local/lib/python3.12/site-packages/airflow/example_dags/example_branch_operator.py took 0.056 seconds
[2026-04-26T23:52:07.612+0000] {processor.py:161} INFO - Started process (PID=325) to work on /home/airflow/.local/lib/python3.12/site-packages/airflow/example_dags/example_branch_operator.py
[2026-04-26T23:52:07.612+0000] {processor.py:830} INFO - Processing file /home/airflow/.local/lib/python3.12/site-packages/airflow/example_dags/example_branch_operator.py for tasks to queue
[2026-04-26T23:52:07.614+0000] {logging_mixin.py:188} INFO - [2026-04-26T23:52:07.614+0000] {dagbag.py:545} INFO - Filling up the DagBag from /home/airflow/.local/lib/python3.12/site-packages/airflow/example_dags/example_branch_operator.py
[2026-04-26T23:52:07.622+0000] {processor.py:840} INFO - DAG(s) 'example_branch_operator' retrieved from /home/airflow/.local/lib/python3.12/site-packages/airflow/example_dags/example_branch_operator.py
[2026-04-26T23:52:07.637+0000] {logging_mixin.py:188} INFO - [2026-04-26T23:52:07.637+0000] {dag.py:3096} INFO - Sync 1 DAGs
[2026-04-26T23:52:07.649+0000] {logging_mixin.py:188} INFO - [2026-04-26T23:52:07.648+0000] {dag.py:3954} INFO - Setting next_dagrun for example_branch_operator to 2026-04-25 00:00:00+00:00, run_after=2026-04-26 00:00:00+00:00
[2026-04-26T23:52:07.658+0000] {processor.py:183} INFO - Processing /home/airflow/.local/lib/python3.12/site-packages/airflow/example_dags/example_branch_operator.py took 0.049 seconds
[2026-04-26T23:52:37.868+0000] {processor.py:161} INFO - Started process (PID=384) to work on /home/airflow/.local/lib/python3.12/site-packages/airflow/example_dags/example_branch_operator.py
[2026-04-26T23:52:37.869+0000] {processor.py:830} INFO - Processing file /home/airflow/.local/lib/python3.12/site-packages/airflow/example_dags/example_branch_operator.py for tasks to queue
[2026-04-26T23:52:37.871+0000] {logging_mixin.py:188} INFO - [2026-04-26T23:52:37.870+0000] {dagbag.py:545} INFO - Filling up the DagBag from /home/airflow/.local/lib/python3.12/site-packages/airflow/example_dags/example_branch_operator.py
[2026-04-26T23:52:37.883+0000] {processor.py:840} INFO - DAG(s) 'example_branch_operator' retrieved from /home/airflow/.local/lib/python3.12/site-packages/airflow/example_dags/example_branch_operator.py
[2026-04-26T23:52:37.904+0000] {logging_mixin.py:188} INFO - [2026-04-26T23:52:37.903+0000] {dag.py:3096} INFO - Sync 1 DAGs
[2026-04-26T23:52:37.919+0000] {logging_mixin.py:188} INFO - [2026-04-26T23:52:37.919+0000] {dag.py:3954} INFO - Setting next_dagrun for example_branch_operator to 2026-04-25 00:00:00+00:00, run_after=2026-04-26 00:00:00+00:00
[2026-04-26T23:52:37.958+0000] {processor.py:183} INFO - Processing /home/airflow/.local/lib/python3.12/site-packages/airflow/example_dags/example_branch_operator.py took 0.094 seconds
[2026-04-26T23:53:08.792+0000] {processor.py:161} INFO - Started process (PID=443) to work on /home/airflow/.local/lib/python3.12/site-packages/airflow/example_dags/example_branch_operator.py
[2026-04-26T23:53:08.793+0000] {processor.py:830} INFO - Processing file /home/airflow/.local/lib/python3.12/site-packages/airflow/example_dags/example_branch_operator.py for tasks to queue
[2026-04-26T23:53:08.795+0000] {logging_mixin.py:188} INFO - [2026-04-26T23:53:08.794+0000] {dagbag.py:545} INFO - Filling up the DagBag from /home/airflow/.local/lib/python3.12/site-packages/airflow/example_dags/example_branch_operator.py
[2026-04-26T23:53:08.809+0000] {processor.py:840} INFO - DAG(s) 'example_branch_operator' retrieved from /home/airflow/.local/lib/python3.12/site-packages/airflow/example_dags/example_branch_operator.py
[2026-04-26T23:53:08.836+0000] {logging_mixin.py:188} INFO - [2026-04-26T23:53:08.836+0000] {dag.py:3096} INFO - Sync 1 DAGs
[2026-04-26T23:53:08.856+0000] {logging_mixin.py:188} INFO - [2026-04-26T23:53:08.856+0000] {dag.py:3954} INFO - Setting next_dagrun for example_branch_operator to 2026-04-25 00:00:00+00:00, run_after=2026-04-26 00:00:00+00:00
[2026-04-26T23:53:08.900+0000] {processor.py:183} INFO - Processing /home/airflow/.local/lib/python3.12/site-packages/airflow/example_dags/example_branch_operator.py took 0.112 seconds
[2026-04-26T23:53:39.066+0000] {processor.py:161} INFO - Started process (PID=502) to work on /home/airflow/.local/lib/python3.12/site-packages/airflow/example_dags/example_branch_operator.py
[2026-04-26T23:53:39.067+0000] {processor.py:830} INFO - Processing file /home/airflow/.local/lib/python3.12/site-packages/airflow/example_dags/example_branch_operator.py for tasks to queue
[2026-04-26T23:53:39.068+0000] {logging_mixin.py:188} INFO - [2026-04-26T23:53:39.068+0000] {dagbag.py:545} INFO - Filling up the DagBag from /home/airflow/.local/lib/python3.12/site-packages/airflow/example_dags/example_branch_operator.py
[2026-04-26T23:53:39.081+0000] {processor.py:840} INFO - DAG(s) 'example_branch_operator' retrieved from /home/airflow/.local/lib/python3.12/site-packages/airflow/example_dags/example_branch_operator.py
[2026-04-26T23:53:39.101+0000] {logging_mixin.py:188} INFO - [2026-04-26T23:53:39.101+0000] {dag.py:3096} INFO - Sync 1 DAGs
[2026-04-26T23:53:39.117+0000] {logging_mixin.py:188} INFO - [2026-04-26T23:53:39.117+0000] {dag.py:3954} INFO - Setting next_dagrun for example_branch_operator to 2026-04-25 00:00:00+00:00, run_after=2026-04-26 00:00:00+00:00
[2026-04-26T23:53:39.129+0000] {processor.py:183} INFO - Processing /home/airflow/.local/lib/python3.12/site-packages/airflow/example_dags/example_branch_operator.py took 0.068 seconds
