[2026-04-26T23:08:15.352+0000] {processor.py:161} INFO - Started process (PID=73) to work on /home/airflow/.local/lib/python3.12/site-packages/airflow/example_dags/example_task_group.py
[2026-04-26T23:08:15.352+0000] {processor.py:830} INFO - Processing file /home/airflow/.local/lib/python3.12/site-packages/airflow/example_dags/example_task_group.py for tasks to queue
[2026-04-26T23:08:15.353+0000] {logging_mixin.py:188} INFO - [2026-04-26T23:08:15.353+0000] {dagbag.py:545} INFO - Filling up the DagBag from /home/airflow/.local/lib/python3.12/site-packages/airflow/example_dags/example_task_group.py
[2026-04-26T23:08:15.358+0000] {processor.py:840} INFO - DAG(s) 'example_task_group' retrieved from /home/airflow/.local/lib/python3.12/site-packages/airflow/example_dags/example_task_group.py
[2026-04-26T23:08:15.366+0000] {logging_mixin.py:188} INFO - [2026-04-26T23:08:15.365+0000] {dag.py:3096} INFO - Sync 1 DAGs
[2026-04-26T23:08:15.382+0000] {logging_mixin.py:188} INFO - [2026-04-26T23:08:15.382+0000] {dag.py:3954} INFO - Setting next_dagrun for example_task_group to 2026-04-25 00:00:00+00:00, run_after=2026-04-26 00:00:00+00:00
[2026-04-26T23:08:15.404+0000] {processor.py:183} INFO - Processing /home/airflow/.local/lib/python3.12/site-packages/airflow/example_dags/example_task_group.py took 0.056 seconds
[2026-04-26T23:08:46.349+0000] {processor.py:161} INFO - Started process (PID=131) to work on /home/airflow/.local/lib/python3.12/site-packages/airflow/example_dags/example_task_group.py
[2026-04-26T23:08:46.350+0000] {processor.py:830} INFO - Processing file /home/airflow/.local/lib/python3.12/site-packages/airflow/example_dags/example_task_group.py for tasks to queue
[2026-04-26T23:08:46.351+0000] {logging_mixin.py:188} INFO - [2026-04-26T23:08:46.351+0000] {dagbag.py:545} INFO - Filling up the DagBag from /home/airflow/.local/lib/python3.12/site-packages/airflow/example_dags/example_task_group.py
[2026-04-26T23:08:46.356+0000] {processor.py:840} INFO - DAG(s) 'example_task_group' retrieved from /home/airflow/.local/lib/python3.12/site-packages/airflow/example_dags/example_task_group.py
[2026-04-26T23:08:46.425+0000] {logging_mixin.py:188} INFO - [2026-04-26T23:08:46.425+0000] {dag.py:3096} INFO - Sync 1 DAGs
[2026-04-26T23:08:46.437+0000] {logging_mixin.py:188} INFO - [2026-04-26T23:08:46.437+0000] {dag.py:3954} INFO - Setting next_dagrun for example_task_group to 2026-04-25 00:00:00+00:00, run_after=2026-04-26 00:00:00+00:00
[2026-04-26T23:08:46.448+0000] {processor.py:183} INFO - Processing /home/airflow/.local/lib/python3.12/site-packages/airflow/example_dags/example_task_group.py took 0.102 seconds
[2026-04-26T23:09:16.892+0000] {processor.py:161} INFO - Started process (PID=189) to work on /home/airflow/.local/lib/python3.12/site-packages/airflow/example_dags/example_task_group.py
[2026-04-26T23:09:16.893+0000] {processor.py:830} INFO - Processing file /home/airflow/.local/lib/python3.12/site-packages/airflow/example_dags/example_task_group.py for tasks to queue
[2026-04-26T23:09:16.894+0000] {logging_mixin.py:188} INFO - [2026-04-26T23:09:16.893+0000] {dagbag.py:545} INFO - Filling up the DagBag from /home/airflow/.local/lib/python3.12/site-packages/airflow/example_dags/example_task_group.py
[2026-04-26T23:09:16.898+0000] {processor.py:840} INFO - DAG(s) 'example_task_group' retrieved from /home/airflow/.local/lib/python3.12/site-packages/airflow/example_dags/example_task_group.py
[2026-04-26T23:09:16.909+0000] {logging_mixin.py:188} INFO - [2026-04-26T23:09:16.909+0000] {dag.py:3096} INFO - Sync 1 DAGs
[2026-04-26T23:09:16.920+0000] {logging_mixin.py:188} INFO - [2026-04-26T23:09:16.920+0000] {dag.py:3954} INFO - Setting next_dagrun for example_task_group to 2026-04-25 00:00:00+00:00, run_after=2026-04-26 00:00:00+00:00
[2026-04-26T23:09:16.928+0000] {processor.py:183} INFO - Processing /home/airflow/.local/lib/python3.12/site-packages/airflow/example_dags/example_task_group.py took 0.040 seconds
[2026-04-26T23:09:47.745+0000] {processor.py:161} INFO - Started process (PID=247) to work on /home/airflow/.local/lib/python3.12/site-packages/airflow/example_dags/example_task_group.py
[2026-04-26T23:09:47.745+0000] {processor.py:830} INFO - Processing file /home/airflow/.local/lib/python3.12/site-packages/airflow/example_dags/example_task_group.py for tasks to queue
[2026-04-26T23:09:47.746+0000] {logging_mixin.py:188} INFO - [2026-04-26T23:09:47.746+0000] {dagbag.py:545} INFO - Filling up the DagBag from /home/airflow/.local/lib/python3.12/site-packages/airflow/example_dags/example_task_group.py
[2026-04-26T23:09:47.750+0000] {processor.py:840} INFO - DAG(s) 'example_task_group' retrieved from /home/airflow/.local/lib/python3.12/site-packages/airflow/example_dags/example_task_group.py
[2026-04-26T23:09:47.762+0000] {logging_mixin.py:188} INFO - [2026-04-26T23:09:47.761+0000] {dag.py:3096} INFO - Sync 1 DAGs
[2026-04-26T23:09:47.773+0000] {logging_mixin.py:188} INFO - [2026-04-26T23:09:47.773+0000] {dag.py:3954} INFO - Setting next_dagrun for example_task_group to 2026-04-25 00:00:00+00:00, run_after=2026-04-26 00:00:00+00:00
[2026-04-26T23:09:47.783+0000] {processor.py:183} INFO - Processing /home/airflow/.local/lib/python3.12/site-packages/airflow/example_dags/example_task_group.py took 0.042 seconds
[2026-04-26T23:10:18.656+0000] {processor.py:161} INFO - Started process (PID=311) to work on /home/airflow/.local/lib/python3.12/site-packages/airflow/example_dags/example_task_group.py
[2026-04-26T23:10:18.656+0000] {processor.py:830} INFO - Processing file /home/airflow/.local/lib/python3.12/site-packages/airflow/example_dags/example_task_group.py for tasks to queue
[2026-04-26T23:10:18.657+0000] {logging_mixin.py:188} INFO - [2026-04-26T23:10:18.657+0000] {dagbag.py:545} INFO - Filling up the DagBag from /home/airflow/.local/lib/python3.12/site-packages/airflow/example_dags/example_task_group.py
[2026-04-26T23:10:18.661+0000] {processor.py:840} INFO - DAG(s) 'example_task_group' retrieved from /home/airflow/.local/lib/python3.12/site-packages/airflow/example_dags/example_task_group.py
[2026-04-26T23:10:18.672+0000] {logging_mixin.py:188} INFO - [2026-04-26T23:10:18.672+0000] {dag.py:3096} INFO - Sync 1 DAGs
[2026-04-26T23:10:18.682+0000] {logging_mixin.py:188} INFO - [2026-04-26T23:10:18.682+0000] {dag.py:3954} INFO - Setting next_dagrun for example_task_group to 2026-04-25 00:00:00+00:00, run_after=2026-04-26 00:00:00+00:00
[2026-04-26T23:10:18.691+0000] {processor.py:183} INFO - Processing /home/airflow/.local/lib/python3.12/site-packages/airflow/example_dags/example_task_group.py took 0.039 seconds
[2026-04-26T23:10:48.799+0000] {processor.py:161} INFO - Started process (PID=369) to work on /home/airflow/.local/lib/python3.12/site-packages/airflow/example_dags/example_task_group.py
[2026-04-26T23:10:48.800+0000] {processor.py:830} INFO - Processing file /home/airflow/.local/lib/python3.12/site-packages/airflow/example_dags/example_task_group.py for tasks to queue
[2026-04-26T23:10:48.801+0000] {logging_mixin.py:188} INFO - [2026-04-26T23:10:48.801+0000] {dagbag.py:545} INFO - Filling up the DagBag from /home/airflow/.local/lib/python3.12/site-packages/airflow/example_dags/example_task_group.py
[2026-04-26T23:10:48.805+0000] {processor.py:840} INFO - DAG(s) 'example_task_group' retrieved from /home/airflow/.local/lib/python3.12/site-packages/airflow/example_dags/example_task_group.py
[2026-04-26T23:10:48.817+0000] {logging_mixin.py:188} INFO - [2026-04-26T23:10:48.817+0000] {dag.py:3096} INFO - Sync 1 DAGs
[2026-04-26T23:10:48.828+0000] {logging_mixin.py:188} INFO - [2026-04-26T23:10:48.828+0000] {dag.py:3954} INFO - Setting next_dagrun for example_task_group to 2026-04-25 00:00:00+00:00, run_after=2026-04-26 00:00:00+00:00
[2026-04-26T23:10:48.837+0000] {processor.py:183} INFO - Processing /home/airflow/.local/lib/python3.12/site-packages/airflow/example_dags/example_task_group.py took 0.041 seconds
[2026-04-26T23:11:19.553+0000] {processor.py:161} INFO - Started process (PID=427) to work on /home/airflow/.local/lib/python3.12/site-packages/airflow/example_dags/example_task_group.py
[2026-04-26T23:11:19.554+0000] {processor.py:830} INFO - Processing file /home/airflow/.local/lib/python3.12/site-packages/airflow/example_dags/example_task_group.py for tasks to queue
[2026-04-26T23:11:19.555+0000] {logging_mixin.py:188} INFO - [2026-04-26T23:11:19.555+0000] {dagbag.py:545} INFO - Filling up the DagBag from /home/airflow/.local/lib/python3.12/site-packages/airflow/example_dags/example_task_group.py
[2026-04-26T23:11:19.560+0000] {processor.py:840} INFO - DAG(s) 'example_task_group' retrieved from /home/airflow/.local/lib/python3.12/site-packages/airflow/example_dags/example_task_group.py
[2026-04-26T23:11:19.572+0000] {logging_mixin.py:188} INFO - [2026-04-26T23:11:19.572+0000] {dag.py:3096} INFO - Sync 1 DAGs
[2026-04-26T23:11:19.584+0000] {logging_mixin.py:188} INFO - [2026-04-26T23:11:19.584+0000] {dag.py:3954} INFO - Setting next_dagrun for example_task_group to 2026-04-25 00:00:00+00:00, run_after=2026-04-26 00:00:00+00:00
[2026-04-26T23:11:19.594+0000] {processor.py:183} INFO - Processing /home/airflow/.local/lib/python3.12/site-packages/airflow/example_dags/example_task_group.py took 0.045 seconds
[2026-04-26T23:11:50.308+0000] {processor.py:161} INFO - Started process (PID=485) to work on /home/airflow/.local/lib/python3.12/site-packages/airflow/example_dags/example_task_group.py
[2026-04-26T23:11:50.309+0000] {processor.py:830} INFO - Processing file /home/airflow/.local/lib/python3.12/site-packages/airflow/example_dags/example_task_group.py for tasks to queue
[2026-04-26T23:11:50.310+0000] {logging_mixin.py:188} INFO - [2026-04-26T23:11:50.309+0000] {dagbag.py:545} INFO - Filling up the DagBag from /home/airflow/.local/lib/python3.12/site-packages/airflow/example_dags/example_task_group.py
[2026-04-26T23:11:50.315+0000] {processor.py:840} INFO - DAG(s) 'example_task_group' retrieved from /home/airflow/.local/lib/python3.12/site-packages/airflow/example_dags/example_task_group.py
[2026-04-26T23:11:50.328+0000] {logging_mixin.py:188} INFO - [2026-04-26T23:11:50.328+0000] {dag.py:3096} INFO - Sync 1 DAGs
[2026-04-26T23:11:50.340+0000] {logging_mixin.py:188} INFO - [2026-04-26T23:11:50.339+0000] {dag.py:3954} INFO - Setting next_dagrun for example_task_group to 2026-04-25 00:00:00+00:00, run_after=2026-04-26 00:00:00+00:00
[2026-04-26T23:11:50.351+0000] {processor.py:183} INFO - Processing /home/airflow/.local/lib/python3.12/site-packages/airflow/example_dags/example_task_group.py took 0.046 seconds
[2026-04-26T23:12:21.125+0000] {processor.py:161} INFO - Started process (PID=543) to work on /home/airflow/.local/lib/python3.12/site-packages/airflow/example_dags/example_task_group.py
[2026-04-26T23:12:21.125+0000] {processor.py:830} INFO - Processing file /home/airflow/.local/lib/python3.12/site-packages/airflow/example_dags/example_task_group.py for tasks to queue
[2026-04-26T23:12:21.126+0000] {logging_mixin.py:188} INFO - [2026-04-26T23:12:21.126+0000] {dagbag.py:545} INFO - Filling up the DagBag from /home/airflow/.local/lib/python3.12/site-packages/airflow/example_dags/example_task_group.py
[2026-04-26T23:12:21.131+0000] {processor.py:840} INFO - DAG(s) 'example_task_group' retrieved from /home/airflow/.local/lib/python3.12/site-packages/airflow/example_dags/example_task_group.py
[2026-04-26T23:12:21.145+0000] {logging_mixin.py:188} INFO - [2026-04-26T23:12:21.144+0000] {dag.py:3096} INFO - Sync 1 DAGs
[2026-04-26T23:12:21.159+0000] {logging_mixin.py:188} INFO - [2026-04-26T23:12:21.158+0000] {dag.py:3954} INFO - Setting next_dagrun for example_task_group to 2026-04-25 00:00:00+00:00, run_after=2026-04-26 00:00:00+00:00
[2026-04-26T23:12:21.170+0000] {processor.py:183} INFO - Processing /home/airflow/.local/lib/python3.12/site-packages/airflow/example_dags/example_task_group.py took 0.050 seconds
[2026-04-26T23:12:51.964+0000] {processor.py:161} INFO - Started process (PID=601) to work on /home/airflow/.local/lib/python3.12/site-packages/airflow/example_dags/example_task_group.py
[2026-04-26T23:12:51.964+0000] {processor.py:830} INFO - Processing file /home/airflow/.local/lib/python3.12/site-packages/airflow/example_dags/example_task_group.py for tasks to queue
[2026-04-26T23:12:51.966+0000] {logging_mixin.py:188} INFO - [2026-04-26T23:12:51.965+0000] {dagbag.py:545} INFO - Filling up the DagBag from /home/airflow/.local/lib/python3.12/site-packages/airflow/example_dags/example_task_group.py
[2026-04-26T23:12:51.970+0000] {processor.py:840} INFO - DAG(s) 'example_task_group' retrieved from /home/airflow/.local/lib/python3.12/site-packages/airflow/example_dags/example_task_group.py
[2026-04-26T23:12:51.982+0000] {logging_mixin.py:188} INFO - [2026-04-26T23:12:51.982+0000] {dag.py:3096} INFO - Sync 1 DAGs
[2026-04-26T23:12:51.994+0000] {logging_mixin.py:188} INFO - [2026-04-26T23:12:51.994+0000] {dag.py:3954} INFO - Setting next_dagrun for example_task_group to 2026-04-25 00:00:00+00:00, run_after=2026-04-26 00:00:00+00:00
[2026-04-26T23:12:52.003+0000] {processor.py:183} INFO - Processing /home/airflow/.local/lib/python3.12/site-packages/airflow/example_dags/example_task_group.py took 0.043 seconds
[2026-04-26T23:13:22.087+0000] {processor.py:161} INFO - Started process (PID=659) to work on /home/airflow/.local/lib/python3.12/site-packages/airflow/example_dags/example_task_group.py
[2026-04-26T23:13:22.088+0000] {processor.py:830} INFO - Processing file /home/airflow/.local/lib/python3.12/site-packages/airflow/example_dags/example_task_group.py for tasks to queue
[2026-04-26T23:13:22.089+0000] {logging_mixin.py:188} INFO - [2026-04-26T23:13:22.089+0000] {dagbag.py:545} INFO - Filling up the DagBag from /home/airflow/.local/lib/python3.12/site-packages/airflow/example_dags/example_task_group.py
[2026-04-26T23:13:22.093+0000] {processor.py:840} INFO - DAG(s) 'example_task_group' retrieved from /home/airflow/.local/lib/python3.12/site-packages/airflow/example_dags/example_task_group.py
[2026-04-26T23:13:22.105+0000] {logging_mixin.py:188} INFO - [2026-04-26T23:13:22.105+0000] {dag.py:3096} INFO - Sync 1 DAGs
[2026-04-26T23:13:22.118+0000] {logging_mixin.py:188} INFO - [2026-04-26T23:13:22.118+0000] {dag.py:3954} INFO - Setting next_dagrun for example_task_group to 2026-04-25 00:00:00+00:00, run_after=2026-04-26 00:00:00+00:00
[2026-04-26T23:13:22.129+0000] {processor.py:183} INFO - Processing /home/airflow/.local/lib/python3.12/site-packages/airflow/example_dags/example_task_group.py took 0.046 seconds
[2026-04-26T23:13:52.233+0000] {processor.py:161} INFO - Started process (PID=716) to work on /home/airflow/.local/lib/python3.12/site-packages/airflow/example_dags/example_task_group.py
[2026-04-26T23:13:52.234+0000] {processor.py:830} INFO - Processing file /home/airflow/.local/lib/python3.12/site-packages/airflow/example_dags/example_task_group.py for tasks to queue
[2026-04-26T23:13:52.235+0000] {logging_mixin.py:188} INFO - [2026-04-26T23:13:52.235+0000] {dagbag.py:545} INFO - Filling up the DagBag from /home/airflow/.local/lib/python3.12/site-packages/airflow/example_dags/example_task_group.py
[2026-04-26T23:13:52.239+0000] {processor.py:840} INFO - DAG(s) 'example_task_group' retrieved from /home/airflow/.local/lib/python3.12/site-packages/airflow/example_dags/example_task_group.py
[2026-04-26T23:13:52.250+0000] {logging_mixin.py:188} INFO - [2026-04-26T23:13:52.250+0000] {dag.py:3096} INFO - Sync 1 DAGs
[2026-04-26T23:13:52.263+0000] {logging_mixin.py:188} INFO - [2026-04-26T23:13:52.263+0000] {dag.py:3954} INFO - Setting next_dagrun for example_task_group to 2026-04-25 00:00:00+00:00, run_after=2026-04-26 00:00:00+00:00
[2026-04-26T23:13:52.274+0000] {processor.py:183} INFO - Processing /home/airflow/.local/lib/python3.12/site-packages/airflow/example_dags/example_task_group.py took 0.044 seconds
[2026-04-26T23:14:22.883+0000] {processor.py:161} INFO - Started process (PID=774) to work on /home/airflow/.local/lib/python3.12/site-packages/airflow/example_dags/example_task_group.py
[2026-04-26T23:14:22.884+0000] {processor.py:830} INFO - Processing file /home/airflow/.local/lib/python3.12/site-packages/airflow/example_dags/example_task_group.py for tasks to queue
[2026-04-26T23:14:22.884+0000] {logging_mixin.py:188} INFO - [2026-04-26T23:14:22.884+0000] {dagbag.py:545} INFO - Filling up the DagBag from /home/airflow/.local/lib/python3.12/site-packages/airflow/example_dags/example_task_group.py
[2026-04-26T23:14:22.888+0000] {processor.py:840} INFO - DAG(s) 'example_task_group' retrieved from /home/airflow/.local/lib/python3.12/site-packages/airflow/example_dags/example_task_group.py
[2026-04-26T23:14:22.900+0000] {logging_mixin.py:188} INFO - [2026-04-26T23:14:22.900+0000] {dag.py:3096} INFO - Sync 1 DAGs
[2026-04-26T23:14:22.911+0000] {logging_mixin.py:188} INFO - [2026-04-26T23:14:22.911+0000] {dag.py:3954} INFO - Setting next_dagrun for example_task_group to 2026-04-25 00:00:00+00:00, run_after=2026-04-26 00:00:00+00:00
[2026-04-26T23:14:22.920+0000] {processor.py:183} INFO - Processing /home/airflow/.local/lib/python3.12/site-packages/airflow/example_dags/example_task_group.py took 0.040 seconds
[2026-04-26T23:14:53.696+0000] {processor.py:161} INFO - Started process (PID=832) to work on /home/airflow/.local/lib/python3.12/site-packages/airflow/example_dags/example_task_group.py
[2026-04-26T23:14:53.697+0000] {processor.py:830} INFO - Processing file /home/airflow/.local/lib/python3.12/site-packages/airflow/example_dags/example_task_group.py for tasks to queue
[2026-04-26T23:14:53.698+0000] {logging_mixin.py:188} INFO - [2026-04-26T23:14:53.698+0000] {dagbag.py:545} INFO - Filling up the DagBag from /home/airflow/.local/lib/python3.12/site-packages/airflow/example_dags/example_task_group.py
[2026-04-26T23:14:53.703+0000] {processor.py:840} INFO - DAG(s) 'example_task_group' retrieved from /home/airflow/.local/lib/python3.12/site-packages/airflow/example_dags/example_task_group.py
[2026-04-26T23:14:53.717+0000] {logging_mixin.py:188} INFO - [2026-04-26T23:14:53.717+0000] {dag.py:3096} INFO - Sync 1 DAGs
[2026-04-26T23:14:53.732+0000] {logging_mixin.py:188} INFO - [2026-04-26T23:14:53.731+0000] {dag.py:3954} INFO - Setting next_dagrun for example_task_group to 2026-04-25 00:00:00+00:00, run_after=2026-04-26 00:00:00+00:00
[2026-04-26T23:14:53.744+0000] {processor.py:183} INFO - Processing /home/airflow/.local/lib/python3.12/site-packages/airflow/example_dags/example_task_group.py took 0.052 seconds
[2026-04-26T23:15:23.831+0000] {processor.py:161} INFO - Started process (PID=890) to work on /home/airflow/.local/lib/python3.12/site-packages/airflow/example_dags/example_task_group.py
[2026-04-26T23:15:23.832+0000] {processor.py:830} INFO - Processing file /home/airflow/.local/lib/python3.12/site-packages/airflow/example_dags/example_task_group.py for tasks to queue
[2026-04-26T23:15:23.833+0000] {logging_mixin.py:188} INFO - [2026-04-26T23:15:23.833+0000] {dagbag.py:545} INFO - Filling up the DagBag from /home/airflow/.local/lib/python3.12/site-packages/airflow/example_dags/example_task_group.py
[2026-04-26T23:15:23.837+0000] {processor.py:840} INFO - DAG(s) 'example_task_group' retrieved from /home/airflow/.local/lib/python3.12/site-packages/airflow/example_dags/example_task_group.py
[2026-04-26T23:15:23.850+0000] {logging_mixin.py:188} INFO - [2026-04-26T23:15:23.850+0000] {dag.py:3096} INFO - Sync 1 DAGs
[2026-04-26T23:15:23.863+0000] {logging_mixin.py:188} INFO - [2026-04-26T23:15:23.863+0000] {dag.py:3954} INFO - Setting next_dagrun for example_task_group to 2026-04-25 00:00:00+00:00, run_after=2026-04-26 00:00:00+00:00
[2026-04-26T23:15:23.872+0000] {processor.py:183} INFO - Processing /home/airflow/.local/lib/python3.12/site-packages/airflow/example_dags/example_task_group.py took 0.045 seconds
[2026-04-26T23:15:53.922+0000] {processor.py:161} INFO - Started process (PID=948) to work on /home/airflow/.local/lib/python3.12/site-packages/airflow/example_dags/example_task_group.py
[2026-04-26T23:15:53.922+0000] {processor.py:830} INFO - Processing file /home/airflow/.local/lib/python3.12/site-packages/airflow/example_dags/example_task_group.py for tasks to queue
[2026-04-26T23:15:53.923+0000] {logging_mixin.py:188} INFO - [2026-04-26T23:15:53.923+0000] {dagbag.py:545} INFO - Filling up the DagBag from /home/airflow/.local/lib/python3.12/site-packages/airflow/example_dags/example_task_group.py
[2026-04-26T23:15:53.927+0000] {processor.py:840} INFO - DAG(s) 'example_task_group' retrieved from /home/airflow/.local/lib/python3.12/site-packages/airflow/example_dags/example_task_group.py
[2026-04-26T23:15:53.938+0000] {logging_mixin.py:188} INFO - [2026-04-26T23:15:53.938+0000] {dag.py:3096} INFO - Sync 1 DAGs
[2026-04-26T23:15:53.949+0000] {logging_mixin.py:188} INFO - [2026-04-26T23:15:53.948+0000] {dag.py:3954} INFO - Setting next_dagrun for example_task_group to 2026-04-25 00:00:00+00:00, run_after=2026-04-26 00:00:00+00:00
[2026-04-26T23:15:53.957+0000] {processor.py:183} INFO - Processing /home/airflow/.local/lib/python3.12/site-packages/airflow/example_dags/example_task_group.py took 0.039 seconds
[2026-04-26T23:16:24.154+0000] {processor.py:161} INFO - Started process (PID=1006) to work on /home/airflow/.local/lib/python3.12/site-packages/airflow/example_dags/example_task_group.py
[2026-04-26T23:16:24.154+0000] {processor.py:830} INFO - Processing file /home/airflow/.local/lib/python3.12/site-packages/airflow/example_dags/example_task_group.py for tasks to queue
[2026-04-26T23:16:24.155+0000] {logging_mixin.py:188} INFO - [2026-04-26T23:16:24.155+0000] {dagbag.py:545} INFO - Filling up the DagBag from /home/airflow/.local/lib/python3.12/site-packages/airflow/example_dags/example_task_group.py
[2026-04-26T23:16:24.159+0000] {processor.py:840} INFO - DAG(s) 'example_task_group' retrieved from /home/airflow/.local/lib/python3.12/site-packages/airflow/example_dags/example_task_group.py
[2026-04-26T23:16:24.170+0000] {logging_mixin.py:188} INFO - [2026-04-26T23:16:24.169+0000] {dag.py:3096} INFO - Sync 1 DAGs
[2026-04-26T23:16:24.180+0000] {logging_mixin.py:188} INFO - [2026-04-26T23:16:24.180+0000] {dag.py:3954} INFO - Setting next_dagrun for example_task_group to 2026-04-25 00:00:00+00:00, run_after=2026-04-26 00:00:00+00:00
[2026-04-26T23:16:24.188+0000] {processor.py:183} INFO - Processing /home/airflow/.local/lib/python3.12/site-packages/airflow/example_dags/example_task_group.py took 0.038 seconds
[2026-04-26T23:16:54.352+0000] {processor.py:161} INFO - Started process (PID=1064) to work on /home/airflow/.local/lib/python3.12/site-packages/airflow/example_dags/example_task_group.py
[2026-04-26T23:16:54.353+0000] {processor.py:830} INFO - Processing file /home/airflow/.local/lib/python3.12/site-packages/airflow/example_dags/example_task_group.py for tasks to queue
[2026-04-26T23:16:54.354+0000] {logging_mixin.py:188} INFO - [2026-04-26T23:16:54.354+0000] {dagbag.py:545} INFO - Filling up the DagBag from /home/airflow/.local/lib/python3.12/site-packages/airflow/example_dags/example_task_group.py
[2026-04-26T23:16:54.358+0000] {processor.py:840} INFO - DAG(s) 'example_task_group' retrieved from /home/airflow/.local/lib/python3.12/site-packages/airflow/example_dags/example_task_group.py
[2026-04-26T23:16:54.369+0000] {logging_mixin.py:188} INFO - [2026-04-26T23:16:54.368+0000] {dag.py:3096} INFO - Sync 1 DAGs
[2026-04-26T23:16:54.380+0000] {logging_mixin.py:188} INFO - [2026-04-26T23:16:54.380+0000] {dag.py:3954} INFO - Setting next_dagrun for example_task_group to 2026-04-25 00:00:00+00:00, run_after=2026-04-26 00:00:00+00:00
[2026-04-26T23:16:54.389+0000] {processor.py:183} INFO - Processing /home/airflow/.local/lib/python3.12/site-packages/airflow/example_dags/example_task_group.py took 0.040 seconds
[2026-04-26T23:17:24.771+0000] {processor.py:161} INFO - Started process (PID=1122) to work on /home/airflow/.local/lib/python3.12/site-packages/airflow/example_dags/example_task_group.py
[2026-04-26T23:17:24.772+0000] {processor.py:830} INFO - Processing file /home/airflow/.local/lib/python3.12/site-packages/airflow/example_dags/example_task_group.py for tasks to queue
[2026-04-26T23:17:24.773+0000] {logging_mixin.py:188} INFO - [2026-04-26T23:17:24.773+0000] {dagbag.py:545} INFO - Filling up the DagBag from /home/airflow/.local/lib/python3.12/site-packages/airflow/example_dags/example_task_group.py
[2026-04-26T23:17:24.776+0000] {processor.py:840} INFO - DAG(s) 'example_task_group' retrieved from /home/airflow/.local/lib/python3.12/site-packages/airflow/example_dags/example_task_group.py
[2026-04-26T23:17:24.788+0000] {logging_mixin.py:188} INFO - [2026-04-26T23:17:24.788+0000] {dag.py:3096} INFO - Sync 1 DAGs
[2026-04-26T23:17:24.800+0000] {logging_mixin.py:188} INFO - [2026-04-26T23:17:24.800+0000] {dag.py:3954} INFO - Setting next_dagrun for example_task_group to 2026-04-25 00:00:00+00:00, run_after=2026-04-26 00:00:00+00:00
[2026-04-26T23:17:24.810+0000] {processor.py:183} INFO - Processing /home/airflow/.local/lib/python3.12/site-packages/airflow/example_dags/example_task_group.py took 0.042 seconds
[2026-04-26T23:17:55.088+0000] {processor.py:161} INFO - Started process (PID=1180) to work on /home/airflow/.local/lib/python3.12/site-packages/airflow/example_dags/example_task_group.py
[2026-04-26T23:17:55.088+0000] {processor.py:830} INFO - Processing file /home/airflow/.local/lib/python3.12/site-packages/airflow/example_dags/example_task_group.py for tasks to queue
[2026-04-26T23:17:55.089+0000] {logging_mixin.py:188} INFO - [2026-04-26T23:17:55.089+0000] {dagbag.py:545} INFO - Filling up the DagBag from /home/airflow/.local/lib/python3.12/site-packages/airflow/example_dags/example_task_group.py
[2026-04-26T23:17:55.093+0000] {processor.py:840} INFO - DAG(s) 'example_task_group' retrieved from /home/airflow/.local/lib/python3.12/site-packages/airflow/example_dags/example_task_group.py
[2026-04-26T23:17:55.107+0000] {logging_mixin.py:188} INFO - [2026-04-26T23:17:55.107+0000] {dag.py:3096} INFO - Sync 1 DAGs
[2026-04-26T23:17:55.119+0000] {logging_mixin.py:188} INFO - [2026-04-26T23:17:55.119+0000] {dag.py:3954} INFO - Setting next_dagrun for example_task_group to 2026-04-25 00:00:00+00:00, run_after=2026-04-26 00:00:00+00:00
[2026-04-26T23:17:55.128+0000] {processor.py:183} INFO - Processing /home/airflow/.local/lib/python3.12/site-packages/airflow/example_dags/example_task_group.py took 0.044 seconds
[2026-04-26T23:18:26.135+0000] {processor.py:161} INFO - Started process (PID=1239) to work on /home/airflow/.local/lib/python3.12/site-packages/airflow/example_dags/example_task_group.py
[2026-04-26T23:18:26.135+0000] {processor.py:830} INFO - Processing file /home/airflow/.local/lib/python3.12/site-packages/airflow/example_dags/example_task_group.py for tasks to queue
[2026-04-26T23:18:26.136+0000] {logging_mixin.py:188} INFO - [2026-04-26T23:18:26.136+0000] {dagbag.py:545} INFO - Filling up the DagBag from /home/airflow/.local/lib/python3.12/site-packages/airflow/example_dags/example_task_group.py
[2026-04-26T23:18:26.142+0000] {processor.py:840} INFO - DAG(s) 'example_task_group' retrieved from /home/airflow/.local/lib/python3.12/site-packages/airflow/example_dags/example_task_group.py
[2026-04-26T23:18:26.155+0000] {logging_mixin.py:188} INFO - [2026-04-26T23:18:26.154+0000] {dag.py:3096} INFO - Sync 1 DAGs
[2026-04-26T23:18:26.166+0000] {logging_mixin.py:188} INFO - [2026-04-26T23:18:26.166+0000] {dag.py:3954} INFO - Setting next_dagrun for example_task_group to 2026-04-25 00:00:00+00:00, run_after=2026-04-26 00:00:00+00:00
[2026-04-26T23:18:26.176+0000] {processor.py:183} INFO - Processing /home/airflow/.local/lib/python3.12/site-packages/airflow/example_dags/example_task_group.py took 0.046 seconds
[2026-04-26T23:18:56.548+0000] {processor.py:161} INFO - Started process (PID=1298) to work on /home/airflow/.local/lib/python3.12/site-packages/airflow/example_dags/example_task_group.py
[2026-04-26T23:18:56.548+0000] {processor.py:830} INFO - Processing file /home/airflow/.local/lib/python3.12/site-packages/airflow/example_dags/example_task_group.py for tasks to queue
[2026-04-26T23:18:56.549+0000] {logging_mixin.py:188} INFO - [2026-04-26T23:18:56.549+0000] {dagbag.py:545} INFO - Filling up the DagBag from /home/airflow/.local/lib/python3.12/site-packages/airflow/example_dags/example_task_group.py
[2026-04-26T23:18:56.553+0000] {processor.py:840} INFO - DAG(s) 'example_task_group' retrieved from /home/airflow/.local/lib/python3.12/site-packages/airflow/example_dags/example_task_group.py
[2026-04-26T23:18:56.565+0000] {logging_mixin.py:188} INFO - [2026-04-26T23:18:56.565+0000] {dag.py:3096} INFO - Sync 1 DAGs
[2026-04-26T23:18:56.576+0000] {logging_mixin.py:188} INFO - [2026-04-26T23:18:56.576+0000] {dag.py:3954} INFO - Setting next_dagrun for example_task_group to 2026-04-25 00:00:00+00:00, run_after=2026-04-26 00:00:00+00:00
[2026-04-26T23:18:56.587+0000] {processor.py:183} INFO - Processing /home/airflow/.local/lib/python3.12/site-packages/airflow/example_dags/example_task_group.py took 0.042 seconds
[2026-04-26T23:19:26.805+0000] {processor.py:161} INFO - Started process (PID=1357) to work on /home/airflow/.local/lib/python3.12/site-packages/airflow/example_dags/example_task_group.py
[2026-04-26T23:19:26.805+0000] {processor.py:830} INFO - Processing file /home/airflow/.local/lib/python3.12/site-packages/airflow/example_dags/example_task_group.py for tasks to queue
[2026-04-26T23:19:26.806+0000] {logging_mixin.py:188} INFO - [2026-04-26T23:19:26.806+0000] {dagbag.py:545} INFO - Filling up the DagBag from /home/airflow/.local/lib/python3.12/site-packages/airflow/example_dags/example_task_group.py
[2026-04-26T23:19:26.810+0000] {processor.py:840} INFO - DAG(s) 'example_task_group' retrieved from /home/airflow/.local/lib/python3.12/site-packages/airflow/example_dags/example_task_group.py
[2026-04-26T23:19:26.822+0000] {logging_mixin.py:188} INFO - [2026-04-26T23:19:26.822+0000] {dag.py:3096} INFO - Sync 1 DAGs
[2026-04-26T23:19:26.833+0000] {logging_mixin.py:188} INFO - [2026-04-26T23:19:26.833+0000] {dag.py:3954} INFO - Setting next_dagrun for example_task_group to 2026-04-25 00:00:00+00:00, run_after=2026-04-26 00:00:00+00:00
[2026-04-26T23:19:26.843+0000] {processor.py:183} INFO - Processing /home/airflow/.local/lib/python3.12/site-packages/airflow/example_dags/example_task_group.py took 0.041 seconds
[2026-04-26T23:19:57.116+0000] {processor.py:161} INFO - Started process (PID=1416) to work on /home/airflow/.local/lib/python3.12/site-packages/airflow/example_dags/example_task_group.py
[2026-04-26T23:19:57.117+0000] {processor.py:830} INFO - Processing file /home/airflow/.local/lib/python3.12/site-packages/airflow/example_dags/example_task_group.py for tasks to queue
[2026-04-26T23:19:57.118+0000] {logging_mixin.py:188} INFO - [2026-04-26T23:19:57.118+0000] {dagbag.py:545} INFO - Filling up the DagBag from /home/airflow/.local/lib/python3.12/site-packages/airflow/example_dags/example_task_group.py
[2026-04-26T23:19:57.122+0000] {processor.py:840} INFO - DAG(s) 'example_task_group' retrieved from /home/airflow/.local/lib/python3.12/site-packages/airflow/example_dags/example_task_group.py
[2026-04-26T23:19:57.134+0000] {logging_mixin.py:188} INFO - [2026-04-26T23:19:57.134+0000] {dag.py:3096} INFO - Sync 1 DAGs
[2026-04-26T23:19:57.146+0000] {logging_mixin.py:188} INFO - [2026-04-26T23:19:57.146+0000] {dag.py:3954} INFO - Setting next_dagrun for example_task_group to 2026-04-25 00:00:00+00:00, run_after=2026-04-26 00:00:00+00:00
[2026-04-26T23:19:57.156+0000] {processor.py:183} INFO - Processing /home/airflow/.local/lib/python3.12/site-packages/airflow/example_dags/example_task_group.py took 0.044 seconds
[2026-04-26T23:20:27.369+0000] {processor.py:161} INFO - Started process (PID=1475) to work on /home/airflow/.local/lib/python3.12/site-packages/airflow/example_dags/example_task_group.py
[2026-04-26T23:20:27.370+0000] {processor.py:830} INFO - Processing file /home/airflow/.local/lib/python3.12/site-packages/airflow/example_dags/example_task_group.py for tasks to queue
[2026-04-26T23:20:27.371+0000] {logging_mixin.py:188} INFO - [2026-04-26T23:20:27.371+0000] {dagbag.py:545} INFO - Filling up the DagBag from /home/airflow/.local/lib/python3.12/site-packages/airflow/example_dags/example_task_group.py
[2026-04-26T23:20:27.375+0000] {processor.py:840} INFO - DAG(s) 'example_task_group' retrieved from /home/airflow/.local/lib/python3.12/site-packages/airflow/example_dags/example_task_group.py
[2026-04-26T23:20:27.388+0000] {logging_mixin.py:188} INFO - [2026-04-26T23:20:27.388+0000] {dag.py:3096} INFO - Sync 1 DAGs
[2026-04-26T23:20:27.398+0000] {logging_mixin.py:188} INFO - [2026-04-26T23:20:27.398+0000] {dag.py:3954} INFO - Setting next_dagrun for example_task_group to 2026-04-25 00:00:00+00:00, run_after=2026-04-26 00:00:00+00:00
[2026-04-26T23:20:27.407+0000] {processor.py:183} INFO - Processing /home/airflow/.local/lib/python3.12/site-packages/airflow/example_dags/example_task_group.py took 0.041 seconds
[2026-04-26T23:20:57.622+0000] {processor.py:161} INFO - Started process (PID=1534) to work on /home/airflow/.local/lib/python3.12/site-packages/airflow/example_dags/example_task_group.py
[2026-04-26T23:20:57.622+0000] {processor.py:830} INFO - Processing file /home/airflow/.local/lib/python3.12/site-packages/airflow/example_dags/example_task_group.py for tasks to queue
[2026-04-26T23:20:57.623+0000] {logging_mixin.py:188} INFO - [2026-04-26T23:20:57.623+0000] {dagbag.py:545} INFO - Filling up the DagBag from /home/airflow/.local/lib/python3.12/site-packages/airflow/example_dags/example_task_group.py
[2026-04-26T23:20:57.628+0000] {processor.py:840} INFO - DAG(s) 'example_task_group' retrieved from /home/airflow/.local/lib/python3.12/site-packages/airflow/example_dags/example_task_group.py
[2026-04-26T23:20:57.644+0000] {logging_mixin.py:188} INFO - [2026-04-26T23:20:57.644+0000] {dag.py:3096} INFO - Sync 1 DAGs
[2026-04-26T23:20:57.660+0000] {logging_mixin.py:188} INFO - [2026-04-26T23:20:57.660+0000] {dag.py:3954} INFO - Setting next_dagrun for example_task_group to 2026-04-25 00:00:00+00:00, run_after=2026-04-26 00:00:00+00:00
[2026-04-26T23:20:57.675+0000] {processor.py:183} INFO - Processing /home/airflow/.local/lib/python3.12/site-packages/airflow/example_dags/example_task_group.py took 0.057 seconds
[2026-04-26T23:21:27.865+0000] {processor.py:161} INFO - Started process (PID=1593) to work on /home/airflow/.local/lib/python3.12/site-packages/airflow/example_dags/example_task_group.py
[2026-04-26T23:21:27.865+0000] {processor.py:830} INFO - Processing file /home/airflow/.local/lib/python3.12/site-packages/airflow/example_dags/example_task_group.py for tasks to queue
[2026-04-26T23:21:27.866+0000] {logging_mixin.py:188} INFO - [2026-04-26T23:21:27.866+0000] {dagbag.py:545} INFO - Filling up the DagBag from /home/airflow/.local/lib/python3.12/site-packages/airflow/example_dags/example_task_group.py
[2026-04-26T23:21:27.871+0000] {processor.py:840} INFO - DAG(s) 'example_task_group' retrieved from /home/airflow/.local/lib/python3.12/site-packages/airflow/example_dags/example_task_group.py
[2026-04-26T23:21:27.884+0000] {logging_mixin.py:188} INFO - [2026-04-26T23:21:27.884+0000] {dag.py:3096} INFO - Sync 1 DAGs
[2026-04-26T23:21:27.897+0000] {logging_mixin.py:188} INFO - [2026-04-26T23:21:27.897+0000] {dag.py:3954} INFO - Setting next_dagrun for example_task_group to 2026-04-25 00:00:00+00:00, run_after=2026-04-26 00:00:00+00:00
[2026-04-26T23:21:27.908+0000] {processor.py:183} INFO - Processing /home/airflow/.local/lib/python3.12/site-packages/airflow/example_dags/example_task_group.py took 0.047 seconds
[2026-04-26T23:21:58.950+0000] {processor.py:161} INFO - Started process (PID=1653) to work on /home/airflow/.local/lib/python3.12/site-packages/airflow/example_dags/example_task_group.py
[2026-04-26T23:21:58.950+0000] {processor.py:830} INFO - Processing file /home/airflow/.local/lib/python3.12/site-packages/airflow/example_dags/example_task_group.py for tasks to queue
[2026-04-26T23:21:58.951+0000] {logging_mixin.py:188} INFO - [2026-04-26T23:21:58.951+0000] {dagbag.py:545} INFO - Filling up the DagBag from /home/airflow/.local/lib/python3.12/site-packages/airflow/example_dags/example_task_group.py
[2026-04-26T23:21:58.955+0000] {processor.py:840} INFO - DAG(s) 'example_task_group' retrieved from /home/airflow/.local/lib/python3.12/site-packages/airflow/example_dags/example_task_group.py
[2026-04-26T23:21:58.967+0000] {logging_mixin.py:188} INFO - [2026-04-26T23:21:58.967+0000] {dag.py:3096} INFO - Sync 1 DAGs
[2026-04-26T23:21:58.980+0000] {logging_mixin.py:188} INFO - [2026-04-26T23:21:58.979+0000] {dag.py:3954} INFO - Setting next_dagrun for example_task_group to 2026-04-25 00:00:00+00:00, run_after=2026-04-26 00:00:00+00:00
[2026-04-26T23:21:59.086+0000] {processor.py:183} INFO - Processing /home/airflow/.local/lib/python3.12/site-packages/airflow/example_dags/example_task_group.py took 0.139 seconds
[2026-04-26T23:22:29.249+0000] {processor.py:161} INFO - Started process (PID=1712) to work on /home/airflow/.local/lib/python3.12/site-packages/airflow/example_dags/example_task_group.py
[2026-04-26T23:22:29.250+0000] {processor.py:830} INFO - Processing file /home/airflow/.local/lib/python3.12/site-packages/airflow/example_dags/example_task_group.py for tasks to queue
[2026-04-26T23:22:29.251+0000] {logging_mixin.py:188} INFO - [2026-04-26T23:22:29.251+0000] {dagbag.py:545} INFO - Filling up the DagBag from /home/airflow/.local/lib/python3.12/site-packages/airflow/example_dags/example_task_group.py
[2026-04-26T23:22:29.255+0000] {processor.py:840} INFO - DAG(s) 'example_task_group' retrieved from /home/airflow/.local/lib/python3.12/site-packages/airflow/example_dags/example_task_group.py
[2026-04-26T23:22:29.266+0000] {logging_mixin.py:188} INFO - [2026-04-26T23:22:29.266+0000] {dag.py:3096} INFO - Sync 1 DAGs
[2026-04-26T23:22:29.277+0000] {logging_mixin.py:188} INFO - [2026-04-26T23:22:29.277+0000] {dag.py:3954} INFO - Setting next_dagrun for example_task_group to 2026-04-25 00:00:00+00:00, run_after=2026-04-26 00:00:00+00:00
[2026-04-26T23:22:29.285+0000] {processor.py:183} INFO - Processing /home/airflow/.local/lib/python3.12/site-packages/airflow/example_dags/example_task_group.py took 0.039 seconds
[2026-04-26T23:22:59.505+0000] {processor.py:161} INFO - Started process (PID=1772) to work on /home/airflow/.local/lib/python3.12/site-packages/airflow/example_dags/example_task_group.py
[2026-04-26T23:22:59.505+0000] {processor.py:830} INFO - Processing file /home/airflow/.local/lib/python3.12/site-packages/airflow/example_dags/example_task_group.py for tasks to queue
[2026-04-26T23:22:59.507+0000] {logging_mixin.py:188} INFO - [2026-04-26T23:22:59.507+0000] {dagbag.py:545} INFO - Filling up the DagBag from /home/airflow/.local/lib/python3.12/site-packages/airflow/example_dags/example_task_group.py
[2026-04-26T23:22:59.511+0000] {processor.py:840} INFO - DAG(s) 'example_task_group' retrieved from /home/airflow/.local/lib/python3.12/site-packages/airflow/example_dags/example_task_group.py
[2026-04-26T23:22:59.524+0000] {logging_mixin.py:188} INFO - [2026-04-26T23:22:59.524+0000] {dag.py:3096} INFO - Sync 1 DAGs
[2026-04-26T23:22:59.536+0000] {logging_mixin.py:188} INFO - [2026-04-26T23:22:59.536+0000] {dag.py:3954} INFO - Setting next_dagrun for example_task_group to 2026-04-25 00:00:00+00:00, run_after=2026-04-26 00:00:00+00:00
[2026-04-26T23:22:59.546+0000] {processor.py:183} INFO - Processing /home/airflow/.local/lib/python3.12/site-packages/airflow/example_dags/example_task_group.py took 0.045 seconds
[2026-04-26T23:23:30.275+0000] {processor.py:161} INFO - Started process (PID=1831) to work on /home/airflow/.local/lib/python3.12/site-packages/airflow/example_dags/example_task_group.py
[2026-04-26T23:23:30.275+0000] {processor.py:830} INFO - Processing file /home/airflow/.local/lib/python3.12/site-packages/airflow/example_dags/example_task_group.py for tasks to queue
[2026-04-26T23:23:30.276+0000] {logging_mixin.py:188} INFO - [2026-04-26T23:23:30.276+0000] {dagbag.py:545} INFO - Filling up the DagBag from /home/airflow/.local/lib/python3.12/site-packages/airflow/example_dags/example_task_group.py
[2026-04-26T23:23:30.280+0000] {processor.py:840} INFO - DAG(s) 'example_task_group' retrieved from /home/airflow/.local/lib/python3.12/site-packages/airflow/example_dags/example_task_group.py
[2026-04-26T23:23:30.291+0000] {logging_mixin.py:188} INFO - [2026-04-26T23:23:30.291+0000] {dag.py:3096} INFO - Sync 1 DAGs
[2026-04-26T23:23:30.302+0000] {logging_mixin.py:188} INFO - [2026-04-26T23:23:30.302+0000] {dag.py:3954} INFO - Setting next_dagrun for example_task_group to 2026-04-25 00:00:00+00:00, run_after=2026-04-26 00:00:00+00:00
[2026-04-26T23:23:30.311+0000] {processor.py:183} INFO - Processing /home/airflow/.local/lib/python3.12/site-packages/airflow/example_dags/example_task_group.py took 0.040 seconds
[2026-04-26T23:24:01.769+0000] {processor.py:161} INFO - Started process (PID=1890) to work on /home/airflow/.local/lib/python3.12/site-packages/airflow/example_dags/example_task_group.py
[2026-04-26T23:24:01.769+0000] {processor.py:830} INFO - Processing file /home/airflow/.local/lib/python3.12/site-packages/airflow/example_dags/example_task_group.py for tasks to queue
[2026-04-26T23:24:01.770+0000] {logging_mixin.py:188} INFO - [2026-04-26T23:24:01.770+0000] {dagbag.py:545} INFO - Filling up the DagBag from /home/airflow/.local/lib/python3.12/site-packages/airflow/example_dags/example_task_group.py
[2026-04-26T23:24:01.774+0000] {processor.py:840} INFO - DAG(s) 'example_task_group' retrieved from /home/airflow/.local/lib/python3.12/site-packages/airflow/example_dags/example_task_group.py
[2026-04-26T23:24:01.785+0000] {logging_mixin.py:188} INFO - [2026-04-26T23:24:01.785+0000] {dag.py:3096} INFO - Sync 1 DAGs
[2026-04-26T23:24:01.796+0000] {logging_mixin.py:188} INFO - [2026-04-26T23:24:01.796+0000] {dag.py:3954} INFO - Setting next_dagrun for example_task_group to 2026-04-25 00:00:00+00:00, run_after=2026-04-26 00:00:00+00:00
[2026-04-26T23:24:01.804+0000] {processor.py:183} INFO - Processing /home/airflow/.local/lib/python3.12/site-packages/airflow/example_dags/example_task_group.py took 0.039 seconds
[2026-04-26T23:24:32.978+0000] {processor.py:161} INFO - Started process (PID=1950) to work on /home/airflow/.local/lib/python3.12/site-packages/airflow/example_dags/example_task_group.py
[2026-04-26T23:24:32.978+0000] {processor.py:830} INFO - Processing file /home/airflow/.local/lib/python3.12/site-packages/airflow/example_dags/example_task_group.py for tasks to queue
[2026-04-26T23:24:32.979+0000] {logging_mixin.py:188} INFO - [2026-04-26T23:24:32.979+0000] {dagbag.py:545} INFO - Filling up the DagBag from /home/airflow/.local/lib/python3.12/site-packages/airflow/example_dags/example_task_group.py
[2026-04-26T23:24:32.983+0000] {processor.py:840} INFO - DAG(s) 'example_task_group' retrieved from /home/airflow/.local/lib/python3.12/site-packages/airflow/example_dags/example_task_group.py
[2026-04-26T23:24:32.993+0000] {logging_mixin.py:188} INFO - [2026-04-26T23:24:32.993+0000] {dag.py:3096} INFO - Sync 1 DAGs
[2026-04-26T23:24:33.103+0000] {logging_mixin.py:188} INFO - [2026-04-26T23:24:33.103+0000] {dag.py:3954} INFO - Setting next_dagrun for example_task_group to 2026-04-25 00:00:00+00:00, run_after=2026-04-26 00:00:00+00:00
[2026-04-26T23:24:33.127+0000] {processor.py:183} INFO - Processing /home/airflow/.local/lib/python3.12/site-packages/airflow/example_dags/example_task_group.py took 0.152 seconds
[2026-04-26T23:25:04.000+0000] {processor.py:161} INFO - Started process (PID=2010) to work on /home/airflow/.local/lib/python3.12/site-packages/airflow/example_dags/example_task_group.py
[2026-04-26T23:25:04.000+0000] {processor.py:830} INFO - Processing file /home/airflow/.local/lib/python3.12/site-packages/airflow/example_dags/example_task_group.py for tasks to queue
[2026-04-26T23:25:04.002+0000] {logging_mixin.py:188} INFO - [2026-04-26T23:25:04.002+0000] {dagbag.py:545} INFO - Filling up the DagBag from /home/airflow/.local/lib/python3.12/site-packages/airflow/example_dags/example_task_group.py
[2026-04-26T23:25:04.007+0000] {processor.py:840} INFO - DAG(s) 'example_task_group' retrieved from /home/airflow/.local/lib/python3.12/site-packages/airflow/example_dags/example_task_group.py
[2026-04-26T23:25:04.020+0000] {logging_mixin.py:188} INFO - [2026-04-26T23:25:04.020+0000] {dag.py:3096} INFO - Sync 1 DAGs
[2026-04-26T23:25:04.033+0000] {logging_mixin.py:188} INFO - [2026-04-26T23:25:04.033+0000] {dag.py:3954} INFO - Setting next_dagrun for example_task_group to 2026-04-25 00:00:00+00:00, run_after=2026-04-26 00:00:00+00:00
[2026-04-26T23:25:04.044+0000] {processor.py:183} INFO - Processing /home/airflow/.local/lib/python3.12/site-packages/airflow/example_dags/example_task_group.py took 0.048 seconds
[2026-04-26T23:25:34.753+0000] {processor.py:161} INFO - Started process (PID=2069) to work on /home/airflow/.local/lib/python3.12/site-packages/airflow/example_dags/example_task_group.py
[2026-04-26T23:25:34.757+0000] {processor.py:830} INFO - Processing file /home/airflow/.local/lib/python3.12/site-packages/airflow/example_dags/example_task_group.py for tasks to queue
[2026-04-26T23:25:34.758+0000] {logging_mixin.py:188} INFO - [2026-04-26T23:25:34.758+0000] {dagbag.py:545} INFO - Filling up the DagBag from /home/airflow/.local/lib/python3.12/site-packages/airflow/example_dags/example_task_group.py
[2026-04-26T23:25:34.763+0000] {processor.py:840} INFO - DAG(s) 'example_task_group' retrieved from /home/airflow/.local/lib/python3.12/site-packages/airflow/example_dags/example_task_group.py
[2026-04-26T23:25:34.774+0000] {logging_mixin.py:188} INFO - [2026-04-26T23:25:34.774+0000] {dag.py:3096} INFO - Sync 1 DAGs
[2026-04-26T23:25:34.789+0000] {logging_mixin.py:188} INFO - [2026-04-26T23:25:34.789+0000] {dag.py:3954} INFO - Setting next_dagrun for example_task_group to 2026-04-25 00:00:00+00:00, run_after=2026-04-26 00:00:00+00:00
[2026-04-26T23:25:34.801+0000] {processor.py:183} INFO - Processing /home/airflow/.local/lib/python3.12/site-packages/airflow/example_dags/example_task_group.py took 0.052 seconds
[2026-04-26T23:26:05.500+0000] {processor.py:161} INFO - Started process (PID=2128) to work on /home/airflow/.local/lib/python3.12/site-packages/airflow/example_dags/example_task_group.py
[2026-04-26T23:26:05.500+0000] {processor.py:830} INFO - Processing file /home/airflow/.local/lib/python3.12/site-packages/airflow/example_dags/example_task_group.py for tasks to queue
[2026-04-26T23:26:05.501+0000] {logging_mixin.py:188} INFO - [2026-04-26T23:26:05.501+0000] {dagbag.py:545} INFO - Filling up the DagBag from /home/airflow/.local/lib/python3.12/site-packages/airflow/example_dags/example_task_group.py
[2026-04-26T23:26:05.506+0000] {processor.py:840} INFO - DAG(s) 'example_task_group' retrieved from /home/airflow/.local/lib/python3.12/site-packages/airflow/example_dags/example_task_group.py
[2026-04-26T23:26:05.519+0000] {logging_mixin.py:188} INFO - [2026-04-26T23:26:05.519+0000] {dag.py:3096} INFO - Sync 1 DAGs
[2026-04-26T23:26:05.532+0000] {logging_mixin.py:188} INFO - [2026-04-26T23:26:05.532+0000] {dag.py:3954} INFO - Setting next_dagrun for example_task_group to 2026-04-25 00:00:00+00:00, run_after=2026-04-26 00:00:00+00:00
[2026-04-26T23:26:05.542+0000] {processor.py:183} INFO - Processing /home/airflow/.local/lib/python3.12/site-packages/airflow/example_dags/example_task_group.py took 0.046 seconds
[2026-04-26T23:26:36.248+0000] {processor.py:161} INFO - Started process (PID=2187) to work on /home/airflow/.local/lib/python3.12/site-packages/airflow/example_dags/example_task_group.py
[2026-04-26T23:26:36.256+0000] {processor.py:830} INFO - Processing file /home/airflow/.local/lib/python3.12/site-packages/airflow/example_dags/example_task_group.py for tasks to queue
[2026-04-26T23:26:36.257+0000] {logging_mixin.py:188} INFO - [2026-04-26T23:26:36.257+0000] {dagbag.py:545} INFO - Filling up the DagBag from /home/airflow/.local/lib/python3.12/site-packages/airflow/example_dags/example_task_group.py
[2026-04-26T23:26:36.261+0000] {processor.py:840} INFO - DAG(s) 'example_task_group' retrieved from /home/airflow/.local/lib/python3.12/site-packages/airflow/example_dags/example_task_group.py
[2026-04-26T23:26:36.273+0000] {logging_mixin.py:188} INFO - [2026-04-26T23:26:36.272+0000] {dag.py:3096} INFO - Sync 1 DAGs
[2026-04-26T23:26:36.284+0000] {logging_mixin.py:188} INFO - [2026-04-26T23:26:36.284+0000] {dag.py:3954} INFO - Setting next_dagrun for example_task_group to 2026-04-25 00:00:00+00:00, run_after=2026-04-26 00:00:00+00:00
[2026-04-26T23:26:36.292+0000] {processor.py:183} INFO - Processing /home/airflow/.local/lib/python3.12/site-packages/airflow/example_dags/example_task_group.py took 0.047 seconds
[2026-04-26T23:27:07.067+0000] {processor.py:161} INFO - Started process (PID=2246) to work on /home/airflow/.local/lib/python3.12/site-packages/airflow/example_dags/example_task_group.py
[2026-04-26T23:27:07.068+0000] {processor.py:830} INFO - Processing file /home/airflow/.local/lib/python3.12/site-packages/airflow/example_dags/example_task_group.py for tasks to queue
[2026-04-26T23:27:07.069+0000] {logging_mixin.py:188} INFO - [2026-04-26T23:27:07.068+0000] {dagbag.py:545} INFO - Filling up the DagBag from /home/airflow/.local/lib/python3.12/site-packages/airflow/example_dags/example_task_group.py
[2026-04-26T23:27:07.073+0000] {processor.py:840} INFO - DAG(s) 'example_task_group' retrieved from /home/airflow/.local/lib/python3.12/site-packages/airflow/example_dags/example_task_group.py
[2026-04-26T23:27:07.084+0000] {logging_mixin.py:188} INFO - [2026-04-26T23:27:07.084+0000] {dag.py:3096} INFO - Sync 1 DAGs
[2026-04-26T23:27:07.096+0000] {logging_mixin.py:188} INFO - [2026-04-26T23:27:07.096+0000] {dag.py:3954} INFO - Setting next_dagrun for example_task_group to 2026-04-25 00:00:00+00:00, run_after=2026-04-26 00:00:00+00:00
[2026-04-26T23:27:07.108+0000] {processor.py:183} INFO - Processing /home/airflow/.local/lib/python3.12/site-packages/airflow/example_dags/example_task_group.py took 0.045 seconds
[2026-04-26T23:27:37.784+0000] {processor.py:161} INFO - Started process (PID=2305) to work on /home/airflow/.local/lib/python3.12/site-packages/airflow/example_dags/example_task_group.py
[2026-04-26T23:27:37.793+0000] {processor.py:830} INFO - Processing file /home/airflow/.local/lib/python3.12/site-packages/airflow/example_dags/example_task_group.py for tasks to queue
[2026-04-26T23:27:37.794+0000] {logging_mixin.py:188} INFO - [2026-04-26T23:27:37.794+0000] {dagbag.py:545} INFO - Filling up the DagBag from /home/airflow/.local/lib/python3.12/site-packages/airflow/example_dags/example_task_group.py
[2026-04-26T23:27:37.799+0000] {processor.py:840} INFO - DAG(s) 'example_task_group' retrieved from /home/airflow/.local/lib/python3.12/site-packages/airflow/example_dags/example_task_group.py
[2026-04-26T23:27:37.810+0000] {logging_mixin.py:188} INFO - [2026-04-26T23:27:37.810+0000] {dag.py:3096} INFO - Sync 1 DAGs
[2026-04-26T23:27:37.822+0000] {logging_mixin.py:188} INFO - [2026-04-26T23:27:37.822+0000] {dag.py:3954} INFO - Setting next_dagrun for example_task_group to 2026-04-25 00:00:00+00:00, run_after=2026-04-26 00:00:00+00:00
[2026-04-26T23:27:37.832+0000] {processor.py:183} INFO - Processing /home/airflow/.local/lib/python3.12/site-packages/airflow/example_dags/example_task_group.py took 0.052 seconds
[2026-04-26T23:28:08.522+0000] {processor.py:161} INFO - Started process (PID=2364) to work on /home/airflow/.local/lib/python3.12/site-packages/airflow/example_dags/example_task_group.py
[2026-04-26T23:28:08.523+0000] {processor.py:830} INFO - Processing file /home/airflow/.local/lib/python3.12/site-packages/airflow/example_dags/example_task_group.py for tasks to queue
[2026-04-26T23:28:08.524+0000] {logging_mixin.py:188} INFO - [2026-04-26T23:28:08.524+0000] {dagbag.py:545} INFO - Filling up the DagBag from /home/airflow/.local/lib/python3.12/site-packages/airflow/example_dags/example_task_group.py
[2026-04-26T23:28:08.528+0000] {processor.py:840} INFO - DAG(s) 'example_task_group' retrieved from /home/airflow/.local/lib/python3.12/site-packages/airflow/example_dags/example_task_group.py
[2026-04-26T23:28:08.541+0000] {logging_mixin.py:188} INFO - [2026-04-26T23:28:08.541+0000] {dag.py:3096} INFO - Sync 1 DAGs
[2026-04-26T23:28:08.553+0000] {logging_mixin.py:188} INFO - [2026-04-26T23:28:08.553+0000] {dag.py:3954} INFO - Setting next_dagrun for example_task_group to 2026-04-25 00:00:00+00:00, run_after=2026-04-26 00:00:00+00:00
[2026-04-26T23:28:08.563+0000] {processor.py:183} INFO - Processing /home/airflow/.local/lib/python3.12/site-packages/airflow/example_dags/example_task_group.py took 0.045 seconds
[2026-04-26T23:28:39.269+0000] {processor.py:161} INFO - Started process (PID=2423) to work on /home/airflow/.local/lib/python3.12/site-packages/airflow/example_dags/example_task_group.py
[2026-04-26T23:28:39.278+0000] {processor.py:830} INFO - Processing file /home/airflow/.local/lib/python3.12/site-packages/airflow/example_dags/example_task_group.py for tasks to queue
[2026-04-26T23:28:39.280+0000] {logging_mixin.py:188} INFO - [2026-04-26T23:28:39.279+0000] {dagbag.py:545} INFO - Filling up the DagBag from /home/airflow/.local/lib/python3.12/site-packages/airflow/example_dags/example_task_group.py
[2026-04-26T23:28:39.284+0000] {processor.py:840} INFO - DAG(s) 'example_task_group' retrieved from /home/airflow/.local/lib/python3.12/site-packages/airflow/example_dags/example_task_group.py
[2026-04-26T23:28:39.296+0000] {logging_mixin.py:188} INFO - [2026-04-26T23:28:39.295+0000] {dag.py:3096} INFO - Sync 1 DAGs
[2026-04-26T23:28:39.309+0000] {logging_mixin.py:188} INFO - [2026-04-26T23:28:39.309+0000] {dag.py:3954} INFO - Setting next_dagrun for example_task_group to 2026-04-25 00:00:00+00:00, run_after=2026-04-26 00:00:00+00:00
[2026-04-26T23:28:39.320+0000] {processor.py:183} INFO - Processing /home/airflow/.local/lib/python3.12/site-packages/airflow/example_dags/example_task_group.py took 0.054 seconds
[2026-04-26T23:29:09.530+0000] {processor.py:161} INFO - Started process (PID=2482) to work on /home/airflow/.local/lib/python3.12/site-packages/airflow/example_dags/example_task_group.py
[2026-04-26T23:29:09.530+0000] {processor.py:830} INFO - Processing file /home/airflow/.local/lib/python3.12/site-packages/airflow/example_dags/example_task_group.py for tasks to queue
[2026-04-26T23:29:09.531+0000] {logging_mixin.py:188} INFO - [2026-04-26T23:29:09.531+0000] {dagbag.py:545} INFO - Filling up the DagBag from /home/airflow/.local/lib/python3.12/site-packages/airflow/example_dags/example_task_group.py
[2026-04-26T23:29:09.536+0000] {processor.py:840} INFO - DAG(s) 'example_task_group' retrieved from /home/airflow/.local/lib/python3.12/site-packages/airflow/example_dags/example_task_group.py
[2026-04-26T23:29:09.547+0000] {logging_mixin.py:188} INFO - [2026-04-26T23:29:09.546+0000] {dag.py:3096} INFO - Sync 1 DAGs
[2026-04-26T23:29:09.558+0000] {logging_mixin.py:188} INFO - [2026-04-26T23:29:09.558+0000] {dag.py:3954} INFO - Setting next_dagrun for example_task_group to 2026-04-25 00:00:00+00:00, run_after=2026-04-26 00:00:00+00:00
[2026-04-26T23:29:09.570+0000] {processor.py:183} INFO - Processing /home/airflow/.local/lib/python3.12/site-packages/airflow/example_dags/example_task_group.py took 0.044 seconds
[2026-04-26T23:29:40.323+0000] {processor.py:161} INFO - Started process (PID=2541) to work on /home/airflow/.local/lib/python3.12/site-packages/airflow/example_dags/example_task_group.py
[2026-04-26T23:29:40.334+0000] {processor.py:830} INFO - Processing file /home/airflow/.local/lib/python3.12/site-packages/airflow/example_dags/example_task_group.py for tasks to queue
[2026-04-26T23:29:40.335+0000] {logging_mixin.py:188} INFO - [2026-04-26T23:29:40.335+0000] {dagbag.py:545} INFO - Filling up the DagBag from /home/airflow/.local/lib/python3.12/site-packages/airflow/example_dags/example_task_group.py
[2026-04-26T23:29:40.339+0000] {processor.py:840} INFO - DAG(s) 'example_task_group' retrieved from /home/airflow/.local/lib/python3.12/site-packages/airflow/example_dags/example_task_group.py
[2026-04-26T23:29:40.350+0000] {logging_mixin.py:188} INFO - [2026-04-26T23:29:40.350+0000] {dag.py:3096} INFO - Sync 1 DAGs
[2026-04-26T23:29:40.362+0000] {logging_mixin.py:188} INFO - [2026-04-26T23:29:40.362+0000] {dag.py:3954} INFO - Setting next_dagrun for example_task_group to 2026-04-25 00:00:00+00:00, run_after=2026-04-26 00:00:00+00:00
[2026-04-26T23:29:40.371+0000] {processor.py:183} INFO - Processing /home/airflow/.local/lib/python3.12/site-packages/airflow/example_dags/example_task_group.py took 0.052 seconds
[2026-04-26T23:30:11.134+0000] {processor.py:161} INFO - Started process (PID=2600) to work on /home/airflow/.local/lib/python3.12/site-packages/airflow/example_dags/example_task_group.py
[2026-04-26T23:30:11.134+0000] {processor.py:830} INFO - Processing file /home/airflow/.local/lib/python3.12/site-packages/airflow/example_dags/example_task_group.py for tasks to queue
[2026-04-26T23:30:11.135+0000] {logging_mixin.py:188} INFO - [2026-04-26T23:30:11.135+0000] {dagbag.py:545} INFO - Filling up the DagBag from /home/airflow/.local/lib/python3.12/site-packages/airflow/example_dags/example_task_group.py
[2026-04-26T23:30:11.141+0000] {processor.py:840} INFO - DAG(s) 'example_task_group' retrieved from /home/airflow/.local/lib/python3.12/site-packages/airflow/example_dags/example_task_group.py
[2026-04-26T23:30:11.153+0000] {logging_mixin.py:188} INFO - [2026-04-26T23:30:11.153+0000] {dag.py:3096} INFO - Sync 1 DAGs
[2026-04-26T23:30:11.167+0000] {logging_mixin.py:188} INFO - [2026-04-26T23:30:11.167+0000] {dag.py:3954} INFO - Setting next_dagrun for example_task_group to 2026-04-25 00:00:00+00:00, run_after=2026-04-26 00:00:00+00:00
[2026-04-26T23:30:11.176+0000] {processor.py:183} INFO - Processing /home/airflow/.local/lib/python3.12/site-packages/airflow/example_dags/example_task_group.py took 0.046 seconds
[2026-04-26T23:30:41.821+0000] {processor.py:161} INFO - Started process (PID=2659) to work on /home/airflow/.local/lib/python3.12/site-packages/airflow/example_dags/example_task_group.py
[2026-04-26T23:30:41.834+0000] {processor.py:830} INFO - Processing file /home/airflow/.local/lib/python3.12/site-packages/airflow/example_dags/example_task_group.py for tasks to queue
[2026-04-26T23:30:41.836+0000] {logging_mixin.py:188} INFO - [2026-04-26T23:30:41.836+0000] {dagbag.py:545} INFO - Filling up the DagBag from /home/airflow/.local/lib/python3.12/site-packages/airflow/example_dags/example_task_group.py
[2026-04-26T23:30:41.841+0000] {processor.py:840} INFO - DAG(s) 'example_task_group' retrieved from /home/airflow/.local/lib/python3.12/site-packages/airflow/example_dags/example_task_group.py
[2026-04-26T23:30:41.854+0000] {logging_mixin.py:188} INFO - [2026-04-26T23:30:41.853+0000] {dag.py:3096} INFO - Sync 1 DAGs
[2026-04-26T23:30:41.866+0000] {logging_mixin.py:188} INFO - [2026-04-26T23:30:41.866+0000] {dag.py:3954} INFO - Setting next_dagrun for example_task_group to 2026-04-25 00:00:00+00:00, run_after=2026-04-26 00:00:00+00:00
[2026-04-26T23:30:41.876+0000] {processor.py:183} INFO - Processing /home/airflow/.local/lib/python3.12/site-packages/airflow/example_dags/example_task_group.py took 0.058 seconds
[2026-04-26T23:31:12.619+0000] {processor.py:161} INFO - Started process (PID=2718) to work on /home/airflow/.local/lib/python3.12/site-packages/airflow/example_dags/example_task_group.py
[2026-04-26T23:31:12.620+0000] {processor.py:830} INFO - Processing file /home/airflow/.local/lib/python3.12/site-packages/airflow/example_dags/example_task_group.py for tasks to queue
[2026-04-26T23:31:12.621+0000] {logging_mixin.py:188} INFO - [2026-04-26T23:31:12.621+0000] {dagbag.py:545} INFO - Filling up the DagBag from /home/airflow/.local/lib/python3.12/site-packages/airflow/example_dags/example_task_group.py
[2026-04-26T23:31:12.625+0000] {processor.py:840} INFO - DAG(s) 'example_task_group' retrieved from /home/airflow/.local/lib/python3.12/site-packages/airflow/example_dags/example_task_group.py
[2026-04-26T23:31:12.637+0000] {logging_mixin.py:188} INFO - [2026-04-26T23:31:12.637+0000] {dag.py:3096} INFO - Sync 1 DAGs
[2026-04-26T23:31:12.650+0000] {logging_mixin.py:188} INFO - [2026-04-26T23:31:12.650+0000] {dag.py:3954} INFO - Setting next_dagrun for example_task_group to 2026-04-25 00:00:00+00:00, run_after=2026-04-26 00:00:00+00:00
[2026-04-26T23:31:12.661+0000] {processor.py:183} INFO - Processing /home/airflow/.local/lib/python3.12/site-packages/airflow/example_dags/example_task_group.py took 0.045 seconds
[2026-04-26T23:31:43.318+0000] {processor.py:161} INFO - Started process (PID=2777) to work on /home/airflow/.local/lib/python3.12/site-packages/airflow/example_dags/example_task_group.py
[2026-04-26T23:31:43.331+0000] {processor.py:830} INFO - Processing file /home/airflow/.local/lib/python3.12/site-packages/airflow/example_dags/example_task_group.py for tasks to queue
[2026-04-26T23:31:43.332+0000] {logging_mixin.py:188} INFO - [2026-04-26T23:31:43.332+0000] {dagbag.py:545} INFO - Filling up the DagBag from /home/airflow/.local/lib/python3.12/site-packages/airflow/example_dags/example_task_group.py
[2026-04-26T23:31:43.337+0000] {processor.py:840} INFO - DAG(s) 'example_task_group' retrieved from /home/airflow/.local/lib/python3.12/site-packages/airflow/example_dags/example_task_group.py
[2026-04-26T23:31:43.350+0000] {logging_mixin.py:188} INFO - [2026-04-26T23:31:43.350+0000] {dag.py:3096} INFO - Sync 1 DAGs
[2026-04-26T23:31:43.364+0000] {logging_mixin.py:188} INFO - [2026-04-26T23:31:43.364+0000] {dag.py:3954} INFO - Setting next_dagrun for example_task_group to 2026-04-25 00:00:00+00:00, run_after=2026-04-26 00:00:00+00:00
[2026-04-26T23:31:43.375+0000] {processor.py:183} INFO - Processing /home/airflow/.local/lib/python3.12/site-packages/airflow/example_dags/example_task_group.py took 0.061 seconds
[2026-04-26T23:32:14.191+0000] {processor.py:161} INFO - Started process (PID=2836) to work on /home/airflow/.local/lib/python3.12/site-packages/airflow/example_dags/example_task_group.py
[2026-04-26T23:32:14.191+0000] {processor.py:830} INFO - Processing file /home/airflow/.local/lib/python3.12/site-packages/airflow/example_dags/example_task_group.py for tasks to queue
[2026-04-26T23:32:14.193+0000] {logging_mixin.py:188} INFO - [2026-04-26T23:32:14.193+0000] {dagbag.py:545} INFO - Filling up the DagBag from /home/airflow/.local/lib/python3.12/site-packages/airflow/example_dags/example_task_group.py
[2026-04-26T23:32:14.198+0000] {processor.py:840} INFO - DAG(s) 'example_task_group' retrieved from /home/airflow/.local/lib/python3.12/site-packages/airflow/example_dags/example_task_group.py
[2026-04-26T23:32:14.212+0000] {logging_mixin.py:188} INFO - [2026-04-26T23:32:14.212+0000] {dag.py:3096} INFO - Sync 1 DAGs
[2026-04-26T23:32:14.228+0000] {logging_mixin.py:188} INFO - [2026-04-26T23:32:14.228+0000] {dag.py:3954} INFO - Setting next_dagrun for example_task_group to 2026-04-25 00:00:00+00:00, run_after=2026-04-26 00:00:00+00:00
[2026-04-26T23:32:14.239+0000] {processor.py:183} INFO - Processing /home/airflow/.local/lib/python3.12/site-packages/airflow/example_dags/example_task_group.py took 0.053 seconds
[2026-04-26T23:32:44.394+0000] {processor.py:161} INFO - Started process (PID=2895) to work on /home/airflow/.local/lib/python3.12/site-packages/airflow/example_dags/example_task_group.py
[2026-04-26T23:32:44.409+0000] {processor.py:830} INFO - Processing file /home/airflow/.local/lib/python3.12/site-packages/airflow/example_dags/example_task_group.py for tasks to queue
[2026-04-26T23:32:44.410+0000] {logging_mixin.py:188} INFO - [2026-04-26T23:32:44.410+0000] {dagbag.py:545} INFO - Filling up the DagBag from /home/airflow/.local/lib/python3.12/site-packages/airflow/example_dags/example_task_group.py
[2026-04-26T23:32:44.415+0000] {processor.py:840} INFO - DAG(s) 'example_task_group' retrieved from /home/airflow/.local/lib/python3.12/site-packages/airflow/example_dags/example_task_group.py
[2026-04-26T23:32:44.430+0000] {logging_mixin.py:188} INFO - [2026-04-26T23:32:44.430+0000] {dag.py:3096} INFO - Sync 1 DAGs
[2026-04-26T23:32:44.445+0000] {logging_mixin.py:188} INFO - [2026-04-26T23:32:44.445+0000] {dag.py:3954} INFO - Setting next_dagrun for example_task_group to 2026-04-25 00:00:00+00:00, run_after=2026-04-26 00:00:00+00:00
[2026-04-26T23:32:44.458+0000] {processor.py:183} INFO - Processing /home/airflow/.local/lib/python3.12/site-packages/airflow/example_dags/example_task_group.py took 0.068 seconds
[2026-04-26T23:33:14.618+0000] {processor.py:161} INFO - Started process (PID=2954) to work on /home/airflow/.local/lib/python3.12/site-packages/airflow/example_dags/example_task_group.py
[2026-04-26T23:33:14.619+0000] {processor.py:830} INFO - Processing file /home/airflow/.local/lib/python3.12/site-packages/airflow/example_dags/example_task_group.py for tasks to queue
[2026-04-26T23:33:14.620+0000] {logging_mixin.py:188} INFO - [2026-04-26T23:33:14.620+0000] {dagbag.py:545} INFO - Filling up the DagBag from /home/airflow/.local/lib/python3.12/site-packages/airflow/example_dags/example_task_group.py
[2026-04-26T23:33:14.624+0000] {processor.py:840} INFO - DAG(s) 'example_task_group' retrieved from /home/airflow/.local/lib/python3.12/site-packages/airflow/example_dags/example_task_group.py
[2026-04-26T23:33:14.636+0000] {logging_mixin.py:188} INFO - [2026-04-26T23:33:14.635+0000] {dag.py:3096} INFO - Sync 1 DAGs
[2026-04-26T23:33:14.647+0000] {logging_mixin.py:188} INFO - [2026-04-26T23:33:14.647+0000] {dag.py:3954} INFO - Setting next_dagrun for example_task_group to 2026-04-25 00:00:00+00:00, run_after=2026-04-26 00:00:00+00:00
[2026-04-26T23:33:14.657+0000] {processor.py:183} INFO - Processing /home/airflow/.local/lib/python3.12/site-packages/airflow/example_dags/example_task_group.py took 0.042 seconds
[2026-04-26T23:33:45.496+0000] {processor.py:161} INFO - Started process (PID=3017) to work on /home/airflow/.local/lib/python3.12/site-packages/airflow/example_dags/example_task_group.py
[2026-04-26T23:33:45.515+0000] {processor.py:830} INFO - Processing file /home/airflow/.local/lib/python3.12/site-packages/airflow/example_dags/example_task_group.py for tasks to queue
[2026-04-26T23:33:45.516+0000] {logging_mixin.py:188} INFO - [2026-04-26T23:33:45.516+0000] {dagbag.py:545} INFO - Filling up the DagBag from /home/airflow/.local/lib/python3.12/site-packages/airflow/example_dags/example_task_group.py
[2026-04-26T23:33:45.521+0000] {processor.py:840} INFO - DAG(s) 'example_task_group' retrieved from /home/airflow/.local/lib/python3.12/site-packages/airflow/example_dags/example_task_group.py
[2026-04-26T23:33:45.532+0000] {logging_mixin.py:188} INFO - [2026-04-26T23:33:45.532+0000] {dag.py:3096} INFO - Sync 1 DAGs
[2026-04-26T23:33:45.544+0000] {logging_mixin.py:188} INFO - [2026-04-26T23:33:45.544+0000] {dag.py:3954} INFO - Setting next_dagrun for example_task_group to 2026-04-25 00:00:00+00:00, run_after=2026-04-26 00:00:00+00:00
[2026-04-26T23:33:45.552+0000] {processor.py:183} INFO - Processing /home/airflow/.local/lib/python3.12/site-packages/airflow/example_dags/example_task_group.py took 0.060 seconds
[2026-04-26T23:34:15.636+0000] {processor.py:161} INFO - Started process (PID=3076) to work on /home/airflow/.local/lib/python3.12/site-packages/airflow/example_dags/example_task_group.py
[2026-04-26T23:34:15.637+0000] {processor.py:830} INFO - Processing file /home/airflow/.local/lib/python3.12/site-packages/airflow/example_dags/example_task_group.py for tasks to queue
[2026-04-26T23:34:15.638+0000] {logging_mixin.py:188} INFO - [2026-04-26T23:34:15.637+0000] {dagbag.py:545} INFO - Filling up the DagBag from /home/airflow/.local/lib/python3.12/site-packages/airflow/example_dags/example_task_group.py
[2026-04-26T23:34:15.642+0000] {processor.py:840} INFO - DAG(s) 'example_task_group' retrieved from /home/airflow/.local/lib/python3.12/site-packages/airflow/example_dags/example_task_group.py
[2026-04-26T23:34:15.653+0000] {logging_mixin.py:188} INFO - [2026-04-26T23:34:15.653+0000] {dag.py:3096} INFO - Sync 1 DAGs
[2026-04-26T23:34:15.665+0000] {logging_mixin.py:188} INFO - [2026-04-26T23:34:15.665+0000] {dag.py:3954} INFO - Setting next_dagrun for example_task_group to 2026-04-25 00:00:00+00:00, run_after=2026-04-26 00:00:00+00:00
[2026-04-26T23:34:15.678+0000] {processor.py:183} INFO - Processing /home/airflow/.local/lib/python3.12/site-packages/airflow/example_dags/example_task_group.py took 0.045 seconds
[2026-04-26T23:34:45.872+0000] {processor.py:161} INFO - Started process (PID=3135) to work on /home/airflow/.local/lib/python3.12/site-packages/airflow/example_dags/example_task_group.py
[2026-04-26T23:34:45.881+0000] {processor.py:830} INFO - Processing file /home/airflow/.local/lib/python3.12/site-packages/airflow/example_dags/example_task_group.py for tasks to queue
[2026-04-26T23:34:45.882+0000] {logging_mixin.py:188} INFO - [2026-04-26T23:34:45.882+0000] {dagbag.py:545} INFO - Filling up the DagBag from /home/airflow/.local/lib/python3.12/site-packages/airflow/example_dags/example_task_group.py
[2026-04-26T23:34:45.887+0000] {processor.py:840} INFO - DAG(s) 'example_task_group' retrieved from /home/airflow/.local/lib/python3.12/site-packages/airflow/example_dags/example_task_group.py
[2026-04-26T23:34:45.900+0000] {logging_mixin.py:188} INFO - [2026-04-26T23:34:45.899+0000] {dag.py:3096} INFO - Sync 1 DAGs
[2026-04-26T23:34:45.914+0000] {logging_mixin.py:188} INFO - [2026-04-26T23:34:45.914+0000] {dag.py:3954} INFO - Setting next_dagrun for example_task_group to 2026-04-25 00:00:00+00:00, run_after=2026-04-26 00:00:00+00:00
[2026-04-26T23:34:45.925+0000] {processor.py:183} INFO - Processing /home/airflow/.local/lib/python3.12/site-packages/airflow/example_dags/example_task_group.py took 0.056 seconds
[2026-04-26T23:35:16.489+0000] {processor.py:161} INFO - Started process (PID=3194) to work on /home/airflow/.local/lib/python3.12/site-packages/airflow/example_dags/example_task_group.py
[2026-04-26T23:35:16.489+0000] {processor.py:830} INFO - Processing file /home/airflow/.local/lib/python3.12/site-packages/airflow/example_dags/example_task_group.py for tasks to queue
[2026-04-26T23:35:16.490+0000] {logging_mixin.py:188} INFO - [2026-04-26T23:35:16.490+0000] {dagbag.py:545} INFO - Filling up the DagBag from /home/airflow/.local/lib/python3.12/site-packages/airflow/example_dags/example_task_group.py
[2026-04-26T23:35:16.494+0000] {processor.py:840} INFO - DAG(s) 'example_task_group' retrieved from /home/airflow/.local/lib/python3.12/site-packages/airflow/example_dags/example_task_group.py
[2026-04-26T23:35:16.506+0000] {logging_mixin.py:188} INFO - [2026-04-26T23:35:16.506+0000] {dag.py:3096} INFO - Sync 1 DAGs
[2026-04-26T23:35:16.518+0000] {logging_mixin.py:188} INFO - [2026-04-26T23:35:16.518+0000] {dag.py:3954} INFO - Setting next_dagrun for example_task_group to 2026-04-25 00:00:00+00:00, run_after=2026-04-26 00:00:00+00:00
[2026-04-26T23:35:16.530+0000] {processor.py:183} INFO - Processing /home/airflow/.local/lib/python3.12/site-packages/airflow/example_dags/example_task_group.py took 0.045 seconds
[2026-04-26T23:35:47.189+0000] {processor.py:161} INFO - Started process (PID=3253) to work on /home/airflow/.local/lib/python3.12/site-packages/airflow/example_dags/example_task_group.py
[2026-04-26T23:35:47.201+0000] {processor.py:830} INFO - Processing file /home/airflow/.local/lib/python3.12/site-packages/airflow/example_dags/example_task_group.py for tasks to queue
[2026-04-26T23:35:47.202+0000] {logging_mixin.py:188} INFO - [2026-04-26T23:35:47.202+0000] {dagbag.py:545} INFO - Filling up the DagBag from /home/airflow/.local/lib/python3.12/site-packages/airflow/example_dags/example_task_group.py
[2026-04-26T23:35:47.207+0000] {processor.py:840} INFO - DAG(s) 'example_task_group' retrieved from /home/airflow/.local/lib/python3.12/site-packages/airflow/example_dags/example_task_group.py
[2026-04-26T23:35:47.219+0000] {logging_mixin.py:188} INFO - [2026-04-26T23:35:47.218+0000] {dag.py:3096} INFO - Sync 1 DAGs
[2026-04-26T23:35:47.230+0000] {logging_mixin.py:188} INFO - [2026-04-26T23:35:47.230+0000] {dag.py:3954} INFO - Setting next_dagrun for example_task_group to 2026-04-25 00:00:00+00:00, run_after=2026-04-26 00:00:00+00:00
[2026-04-26T23:35:47.240+0000] {processor.py:183} INFO - Processing /home/airflow/.local/lib/python3.12/site-packages/airflow/example_dags/example_task_group.py took 0.054 seconds
[2026-04-26T23:36:17.991+0000] {processor.py:161} INFO - Started process (PID=3312) to work on /home/airflow/.local/lib/python3.12/site-packages/airflow/example_dags/example_task_group.py
[2026-04-26T23:36:17.992+0000] {processor.py:830} INFO - Processing file /home/airflow/.local/lib/python3.12/site-packages/airflow/example_dags/example_task_group.py for tasks to queue
[2026-04-26T23:36:17.993+0000] {logging_mixin.py:188} INFO - [2026-04-26T23:36:17.993+0000] {dagbag.py:545} INFO - Filling up the DagBag from /home/airflow/.local/lib/python3.12/site-packages/airflow/example_dags/example_task_group.py
[2026-04-26T23:36:17.997+0000] {processor.py:840} INFO - DAG(s) 'example_task_group' retrieved from /home/airflow/.local/lib/python3.12/site-packages/airflow/example_dags/example_task_group.py
[2026-04-26T23:36:18.010+0000] {logging_mixin.py:188} INFO - [2026-04-26T23:36:18.010+0000] {dag.py:3096} INFO - Sync 1 DAGs
[2026-04-26T23:36:18.022+0000] {logging_mixin.py:188} INFO - [2026-04-26T23:36:18.022+0000] {dag.py:3954} INFO - Setting next_dagrun for example_task_group to 2026-04-25 00:00:00+00:00, run_after=2026-04-26 00:00:00+00:00
[2026-04-26T23:36:18.032+0000] {processor.py:183} INFO - Processing /home/airflow/.local/lib/python3.12/site-packages/airflow/example_dags/example_task_group.py took 0.044 seconds
[2026-04-26T23:36:48.603+0000] {processor.py:161} INFO - Started process (PID=3371) to work on /home/airflow/.local/lib/python3.12/site-packages/airflow/example_dags/example_task_group.py
[2026-04-26T23:36:48.605+0000] {processor.py:830} INFO - Processing file /home/airflow/.local/lib/python3.12/site-packages/airflow/example_dags/example_task_group.py for tasks to queue
[2026-04-26T23:36:48.606+0000] {logging_mixin.py:188} INFO - [2026-04-26T23:36:48.606+0000] {dagbag.py:545} INFO - Filling up the DagBag from /home/airflow/.local/lib/python3.12/site-packages/airflow/example_dags/example_task_group.py
[2026-04-26T23:36:48.610+0000] {processor.py:840} INFO - DAG(s) 'example_task_group' retrieved from /home/airflow/.local/lib/python3.12/site-packages/airflow/example_dags/example_task_group.py
[2026-04-26T23:36:48.621+0000] {logging_mixin.py:188} INFO - [2026-04-26T23:36:48.621+0000] {dag.py:3096} INFO - Sync 1 DAGs
[2026-04-26T23:36:48.633+0000] {logging_mixin.py:188} INFO - [2026-04-26T23:36:48.633+0000] {dag.py:3954} INFO - Setting next_dagrun for example_task_group to 2026-04-25 00:00:00+00:00, run_after=2026-04-26 00:00:00+00:00
[2026-04-26T23:36:48.643+0000] {processor.py:183} INFO - Processing /home/airflow/.local/lib/python3.12/site-packages/airflow/example_dags/example_task_group.py took 0.043 seconds
[2026-04-26T23:37:19.379+0000] {processor.py:161} INFO - Started process (PID=3430) to work on /home/airflow/.local/lib/python3.12/site-packages/airflow/example_dags/example_task_group.py
[2026-04-26T23:37:19.379+0000] {processor.py:830} INFO - Processing file /home/airflow/.local/lib/python3.12/site-packages/airflow/example_dags/example_task_group.py for tasks to queue
[2026-04-26T23:37:19.380+0000] {logging_mixin.py:188} INFO - [2026-04-26T23:37:19.380+0000] {dagbag.py:545} INFO - Filling up the DagBag from /home/airflow/.local/lib/python3.12/site-packages/airflow/example_dags/example_task_group.py
[2026-04-26T23:37:19.385+0000] {processor.py:840} INFO - DAG(s) 'example_task_group' retrieved from /home/airflow/.local/lib/python3.12/site-packages/airflow/example_dags/example_task_group.py
[2026-04-26T23:37:19.398+0000] {logging_mixin.py:188} INFO - [2026-04-26T23:37:19.397+0000] {dag.py:3096} INFO - Sync 1 DAGs
[2026-04-26T23:37:19.410+0000] {logging_mixin.py:188} INFO - [2026-04-26T23:37:19.410+0000] {dag.py:3954} INFO - Setting next_dagrun for example_task_group to 2026-04-25 00:00:00+00:00, run_after=2026-04-26 00:00:00+00:00
[2026-04-26T23:37:19.421+0000] {processor.py:183} INFO - Processing /home/airflow/.local/lib/python3.12/site-packages/airflow/example_dags/example_task_group.py took 0.046 seconds
[2026-04-26T23:37:50.156+0000] {processor.py:161} INFO - Started process (PID=3489) to work on /home/airflow/.local/lib/python3.12/site-packages/airflow/example_dags/example_task_group.py
[2026-04-26T23:37:50.157+0000] {processor.py:830} INFO - Processing file /home/airflow/.local/lib/python3.12/site-packages/airflow/example_dags/example_task_group.py for tasks to queue
[2026-04-26T23:37:50.158+0000] {logging_mixin.py:188} INFO - [2026-04-26T23:37:50.158+0000] {dagbag.py:545} INFO - Filling up the DagBag from /home/airflow/.local/lib/python3.12/site-packages/airflow/example_dags/example_task_group.py
[2026-04-26T23:37:50.162+0000] {processor.py:840} INFO - DAG(s) 'example_task_group' retrieved from /home/airflow/.local/lib/python3.12/site-packages/airflow/example_dags/example_task_group.py
[2026-04-26T23:37:50.175+0000] {logging_mixin.py:188} INFO - [2026-04-26T23:37:50.175+0000] {dag.py:3096} INFO - Sync 1 DAGs
[2026-04-26T23:37:50.189+0000] {logging_mixin.py:188} INFO - [2026-04-26T23:37:50.189+0000] {dag.py:3954} INFO - Setting next_dagrun for example_task_group to 2026-04-25 00:00:00+00:00, run_after=2026-04-26 00:00:00+00:00
[2026-04-26T23:37:50.199+0000] {processor.py:183} INFO - Processing /home/airflow/.local/lib/python3.12/site-packages/airflow/example_dags/example_task_group.py took 0.046 seconds
[2026-04-26T23:38:20.813+0000] {processor.py:161} INFO - Started process (PID=3554) to work on /home/airflow/.local/lib/python3.12/site-packages/airflow/example_dags/example_task_group.py
[2026-04-26T23:38:20.814+0000] {processor.py:830} INFO - Processing file /home/airflow/.local/lib/python3.12/site-packages/airflow/example_dags/example_task_group.py for tasks to queue
[2026-04-26T23:38:20.815+0000] {logging_mixin.py:188} INFO - [2026-04-26T23:38:20.815+0000] {dagbag.py:545} INFO - Filling up the DagBag from /home/airflow/.local/lib/python3.12/site-packages/airflow/example_dags/example_task_group.py
[2026-04-26T23:38:20.821+0000] {processor.py:840} INFO - DAG(s) 'example_task_group' retrieved from /home/airflow/.local/lib/python3.12/site-packages/airflow/example_dags/example_task_group.py
[2026-04-26T23:38:20.836+0000] {logging_mixin.py:188} INFO - [2026-04-26T23:38:20.835+0000] {dag.py:3096} INFO - Sync 1 DAGs
[2026-04-26T23:38:20.851+0000] {logging_mixin.py:188} INFO - [2026-04-26T23:38:20.850+0000] {dag.py:3954} INFO - Setting next_dagrun for example_task_group to 2026-04-25 00:00:00+00:00, run_after=2026-04-26 00:00:00+00:00
[2026-04-26T23:38:20.863+0000] {processor.py:183} INFO - Processing /home/airflow/.local/lib/python3.12/site-packages/airflow/example_dags/example_task_group.py took 0.054 seconds
[2026-04-26T23:38:46.943+0000] {processor.py:161} INFO - Started process (PID=97) to work on /home/airflow/.local/lib/python3.12/site-packages/airflow/example_dags/example_task_group.py
[2026-04-26T23:38:46.944+0000] {processor.py:830} INFO - Processing file /home/airflow/.local/lib/python3.12/site-packages/airflow/example_dags/example_task_group.py for tasks to queue
[2026-04-26T23:38:46.945+0000] {logging_mixin.py:188} INFO - [2026-04-26T23:38:46.945+0000] {dagbag.py:545} INFO - Filling up the DagBag from /home/airflow/.local/lib/python3.12/site-packages/airflow/example_dags/example_task_group.py
[2026-04-26T23:38:46.950+0000] {processor.py:840} INFO - DAG(s) 'example_task_group' retrieved from /home/airflow/.local/lib/python3.12/site-packages/airflow/example_dags/example_task_group.py
[2026-04-26T23:38:46.957+0000] {logging_mixin.py:188} INFO - [2026-04-26T23:38:46.957+0000] {dag.py:3096} INFO - Sync 1 DAGs
[2026-04-26T23:38:46.971+0000] {logging_mixin.py:188} INFO - [2026-04-26T23:38:46.971+0000] {dag.py:3954} INFO - Setting next_dagrun for example_task_group to 2026-04-25 00:00:00+00:00, run_after=2026-04-26 00:00:00+00:00
[2026-04-26T23:38:46.980+0000] {processor.py:183} INFO - Processing /home/airflow/.local/lib/python3.12/site-packages/airflow/example_dags/example_task_group.py took 0.040 seconds
[2026-04-26T23:39:18.046+0000] {processor.py:161} INFO - Started process (PID=156) to work on /home/airflow/.local/lib/python3.12/site-packages/airflow/example_dags/example_task_group.py
[2026-04-26T23:39:18.047+0000] {processor.py:830} INFO - Processing file /home/airflow/.local/lib/python3.12/site-packages/airflow/example_dags/example_task_group.py for tasks to queue
[2026-04-26T23:39:18.048+0000] {logging_mixin.py:188} INFO - [2026-04-26T23:39:18.047+0000] {dagbag.py:545} INFO - Filling up the DagBag from /home/airflow/.local/lib/python3.12/site-packages/airflow/example_dags/example_task_group.py
[2026-04-26T23:39:18.051+0000] {processor.py:840} INFO - DAG(s) 'example_task_group' retrieved from /home/airflow/.local/lib/python3.12/site-packages/airflow/example_dags/example_task_group.py
[2026-04-26T23:39:18.104+0000] {logging_mixin.py:188} INFO - [2026-04-26T23:39:18.104+0000] {dag.py:3096} INFO - Sync 1 DAGs
[2026-04-26T23:39:18.114+0000] {logging_mixin.py:188} INFO - [2026-04-26T23:39:18.114+0000] {dag.py:3954} INFO - Setting next_dagrun for example_task_group to 2026-04-25 00:00:00+00:00, run_after=2026-04-26 00:00:00+00:00
[2026-04-26T23:39:18.124+0000] {processor.py:183} INFO - Processing /home/airflow/.local/lib/python3.12/site-packages/airflow/example_dags/example_task_group.py took 0.081 seconds
[2026-04-26T23:39:48.351+0000] {processor.py:161} INFO - Started process (PID=215) to work on /home/airflow/.local/lib/python3.12/site-packages/airflow/example_dags/example_task_group.py
[2026-04-26T23:39:48.352+0000] {processor.py:830} INFO - Processing file /home/airflow/.local/lib/python3.12/site-packages/airflow/example_dags/example_task_group.py for tasks to queue
[2026-04-26T23:39:48.353+0000] {logging_mixin.py:188} INFO - [2026-04-26T23:39:48.353+0000] {dagbag.py:545} INFO - Filling up the DagBag from /home/airflow/.local/lib/python3.12/site-packages/airflow/example_dags/example_task_group.py
[2026-04-26T23:39:48.357+0000] {processor.py:840} INFO - DAG(s) 'example_task_group' retrieved from /home/airflow/.local/lib/python3.12/site-packages/airflow/example_dags/example_task_group.py
[2026-04-26T23:39:48.370+0000] {logging_mixin.py:188} INFO - [2026-04-26T23:39:48.370+0000] {dag.py:3096} INFO - Sync 1 DAGs
[2026-04-26T23:39:48.383+0000] {logging_mixin.py:188} INFO - [2026-04-26T23:39:48.382+0000] {dag.py:3954} INFO - Setting next_dagrun for example_task_group to 2026-04-25 00:00:00+00:00, run_after=2026-04-26 00:00:00+00:00
[2026-04-26T23:39:48.391+0000] {processor.py:183} INFO - Processing /home/airflow/.local/lib/python3.12/site-packages/airflow/example_dags/example_task_group.py took 0.044 seconds
[2026-04-26T23:40:19.232+0000] {processor.py:161} INFO - Started process (PID=274) to work on /home/airflow/.local/lib/python3.12/site-packages/airflow/example_dags/example_task_group.py
[2026-04-26T23:40:19.232+0000] {processor.py:830} INFO - Processing file /home/airflow/.local/lib/python3.12/site-packages/airflow/example_dags/example_task_group.py for tasks to queue
[2026-04-26T23:40:19.233+0000] {logging_mixin.py:188} INFO - [2026-04-26T23:40:19.233+0000] {dagbag.py:545} INFO - Filling up the DagBag from /home/airflow/.local/lib/python3.12/site-packages/airflow/example_dags/example_task_group.py
[2026-04-26T23:40:19.237+0000] {processor.py:840} INFO - DAG(s) 'example_task_group' retrieved from /home/airflow/.local/lib/python3.12/site-packages/airflow/example_dags/example_task_group.py
[2026-04-26T23:40:19.249+0000] {logging_mixin.py:188} INFO - [2026-04-26T23:40:19.249+0000] {dag.py:3096} INFO - Sync 1 DAGs
[2026-04-26T23:40:19.260+0000] {logging_mixin.py:188} INFO - [2026-04-26T23:40:19.260+0000] {dag.py:3954} INFO - Setting next_dagrun for example_task_group to 2026-04-25 00:00:00+00:00, run_after=2026-04-26 00:00:00+00:00
[2026-04-26T23:40:19.269+0000] {processor.py:183} INFO - Processing /home/airflow/.local/lib/python3.12/site-packages/airflow/example_dags/example_task_group.py took 0.041 seconds
[2026-04-26T23:40:50.324+0000] {processor.py:161} INFO - Started process (PID=333) to work on /home/airflow/.local/lib/python3.12/site-packages/airflow/example_dags/example_task_group.py
[2026-04-26T23:40:50.325+0000] {processor.py:830} INFO - Processing file /home/airflow/.local/lib/python3.12/site-packages/airflow/example_dags/example_task_group.py for tasks to queue
[2026-04-26T23:40:50.326+0000] {logging_mixin.py:188} INFO - [2026-04-26T23:40:50.326+0000] {dagbag.py:545} INFO - Filling up the DagBag from /home/airflow/.local/lib/python3.12/site-packages/airflow/example_dags/example_task_group.py
[2026-04-26T23:40:50.330+0000] {processor.py:840} INFO - DAG(s) 'example_task_group' retrieved from /home/airflow/.local/lib/python3.12/site-packages/airflow/example_dags/example_task_group.py
[2026-04-26T23:40:50.342+0000] {logging_mixin.py:188} INFO - [2026-04-26T23:40:50.342+0000] {dag.py:3096} INFO - Sync 1 DAGs
[2026-04-26T23:40:50.353+0000] {logging_mixin.py:188} INFO - [2026-04-26T23:40:50.353+0000] {dag.py:3954} INFO - Setting next_dagrun for example_task_group to 2026-04-25 00:00:00+00:00, run_after=2026-04-26 00:00:00+00:00
[2026-04-26T23:40:50.363+0000] {processor.py:183} INFO - Processing /home/airflow/.local/lib/python3.12/site-packages/airflow/example_dags/example_task_group.py took 0.041 seconds
[2026-04-26T23:41:21.197+0000] {processor.py:161} INFO - Started process (PID=392) to work on /home/airflow/.local/lib/python3.12/site-packages/airflow/example_dags/example_task_group.py
[2026-04-26T23:41:21.198+0000] {processor.py:830} INFO - Processing file /home/airflow/.local/lib/python3.12/site-packages/airflow/example_dags/example_task_group.py for tasks to queue
[2026-04-26T23:41:21.199+0000] {logging_mixin.py:188} INFO - [2026-04-26T23:41:21.198+0000] {dagbag.py:545} INFO - Filling up the DagBag from /home/airflow/.local/lib/python3.12/site-packages/airflow/example_dags/example_task_group.py
[2026-04-26T23:41:21.203+0000] {processor.py:840} INFO - DAG(s) 'example_task_group' retrieved from /home/airflow/.local/lib/python3.12/site-packages/airflow/example_dags/example_task_group.py
[2026-04-26T23:41:21.216+0000] {logging_mixin.py:188} INFO - [2026-04-26T23:41:21.216+0000] {dag.py:3096} INFO - Sync 1 DAGs
[2026-04-26T23:41:21.230+0000] {logging_mixin.py:188} INFO - [2026-04-26T23:41:21.230+0000] {dag.py:3954} INFO - Setting next_dagrun for example_task_group to 2026-04-25 00:00:00+00:00, run_after=2026-04-26 00:00:00+00:00
[2026-04-26T23:41:21.242+0000] {processor.py:183} INFO - Processing /home/airflow/.local/lib/python3.12/site-packages/airflow/example_dags/example_task_group.py took 0.049 seconds
[2026-04-26T23:41:51.414+0000] {processor.py:161} INFO - Started process (PID=451) to work on /home/airflow/.local/lib/python3.12/site-packages/airflow/example_dags/example_task_group.py
[2026-04-26T23:41:51.415+0000] {processor.py:830} INFO - Processing file /home/airflow/.local/lib/python3.12/site-packages/airflow/example_dags/example_task_group.py for tasks to queue
[2026-04-26T23:41:51.415+0000] {logging_mixin.py:188} INFO - [2026-04-26T23:41:51.415+0000] {dagbag.py:545} INFO - Filling up the DagBag from /home/airflow/.local/lib/python3.12/site-packages/airflow/example_dags/example_task_group.py
[2026-04-26T23:41:51.420+0000] {processor.py:840} INFO - DAG(s) 'example_task_group' retrieved from /home/airflow/.local/lib/python3.12/site-packages/airflow/example_dags/example_task_group.py
[2026-04-26T23:41:51.431+0000] {logging_mixin.py:188} INFO - [2026-04-26T23:41:51.431+0000] {dag.py:3096} INFO - Sync 1 DAGs
[2026-04-26T23:41:51.443+0000] {logging_mixin.py:188} INFO - [2026-04-26T23:41:51.443+0000] {dag.py:3954} INFO - Setting next_dagrun for example_task_group to 2026-04-25 00:00:00+00:00, run_after=2026-04-26 00:00:00+00:00
[2026-04-26T23:41:51.452+0000] {processor.py:183} INFO - Processing /home/airflow/.local/lib/python3.12/site-packages/airflow/example_dags/example_task_group.py took 0.042 seconds
[2026-04-26T23:42:21.494+0000] {processor.py:161} INFO - Started process (PID=510) to work on /home/airflow/.local/lib/python3.12/site-packages/airflow/example_dags/example_task_group.py
[2026-04-26T23:42:21.494+0000] {processor.py:830} INFO - Processing file /home/airflow/.local/lib/python3.12/site-packages/airflow/example_dags/example_task_group.py for tasks to queue
[2026-04-26T23:42:21.496+0000] {logging_mixin.py:188} INFO - [2026-04-26T23:42:21.495+0000] {dagbag.py:545} INFO - Filling up the DagBag from /home/airflow/.local/lib/python3.12/site-packages/airflow/example_dags/example_task_group.py
[2026-04-26T23:42:21.500+0000] {processor.py:840} INFO - DAG(s) 'example_task_group' retrieved from /home/airflow/.local/lib/python3.12/site-packages/airflow/example_dags/example_task_group.py
[2026-04-26T23:42:21.512+0000] {logging_mixin.py:188} INFO - [2026-04-26T23:42:21.512+0000] {dag.py:3096} INFO - Sync 1 DAGs
[2026-04-26T23:42:21.525+0000] {logging_mixin.py:188} INFO - [2026-04-26T23:42:21.525+0000] {dag.py:3954} INFO - Setting next_dagrun for example_task_group to 2026-04-25 00:00:00+00:00, run_after=2026-04-26 00:00:00+00:00
[2026-04-26T23:42:21.536+0000] {processor.py:183} INFO - Processing /home/airflow/.local/lib/python3.12/site-packages/airflow/example_dags/example_task_group.py took 0.045 seconds
[2026-04-26T23:43:21.495+0000] {processor.py:161} INFO - Started process (PID=97) to work on /home/airflow/.local/lib/python3.12/site-packages/airflow/example_dags/example_task_group.py
[2026-04-26T23:43:21.495+0000] {processor.py:830} INFO - Processing file /home/airflow/.local/lib/python3.12/site-packages/airflow/example_dags/example_task_group.py for tasks to queue
[2026-04-26T23:43:21.496+0000] {logging_mixin.py:188} INFO - [2026-04-26T23:43:21.496+0000] {dagbag.py:545} INFO - Filling up the DagBag from /home/airflow/.local/lib/python3.12/site-packages/airflow/example_dags/example_task_group.py
[2026-04-26T23:43:21.501+0000] {processor.py:840} INFO - DAG(s) 'example_task_group' retrieved from /home/airflow/.local/lib/python3.12/site-packages/airflow/example_dags/example_task_group.py
[2026-04-26T23:43:21.508+0000] {logging_mixin.py:188} INFO - [2026-04-26T23:43:21.508+0000] {dag.py:3096} INFO - Sync 1 DAGs
[2026-04-26T23:43:21.521+0000] {logging_mixin.py:188} INFO - [2026-04-26T23:43:21.521+0000] {dag.py:3954} INFO - Setting next_dagrun for example_task_group to 2026-04-25 00:00:00+00:00, run_after=2026-04-26 00:00:00+00:00
[2026-04-26T23:43:21.531+0000] {processor.py:183} INFO - Processing /home/airflow/.local/lib/python3.12/site-packages/airflow/example_dags/example_task_group.py took 0.040 seconds
[2026-04-26T23:43:53.111+0000] {processor.py:161} INFO - Started process (PID=156) to work on /home/airflow/.local/lib/python3.12/site-packages/airflow/example_dags/example_task_group.py
[2026-04-26T23:43:53.111+0000] {processor.py:830} INFO - Processing file /home/airflow/.local/lib/python3.12/site-packages/airflow/example_dags/example_task_group.py for tasks to queue
[2026-04-26T23:43:53.112+0000] {logging_mixin.py:188} INFO - [2026-04-26T23:43:53.112+0000] {dagbag.py:545} INFO - Filling up the DagBag from /home/airflow/.local/lib/python3.12/site-packages/airflow/example_dags/example_task_group.py
[2026-04-26T23:43:53.116+0000] {processor.py:840} INFO - DAG(s) 'example_task_group' retrieved from /home/airflow/.local/lib/python3.12/site-packages/airflow/example_dags/example_task_group.py
[2026-04-26T23:43:53.169+0000] {logging_mixin.py:188} INFO - [2026-04-26T23:43:53.169+0000] {dag.py:3096} INFO - Sync 1 DAGs
[2026-04-26T23:43:53.178+0000] {logging_mixin.py:188} INFO - [2026-04-26T23:43:53.178+0000] {dag.py:3954} INFO - Setting next_dagrun for example_task_group to 2026-04-25 00:00:00+00:00, run_after=2026-04-26 00:00:00+00:00
[2026-04-26T23:43:53.214+0000] {processor.py:183} INFO - Processing /home/airflow/.local/lib/python3.12/site-packages/airflow/example_dags/example_task_group.py took 0.107 seconds
[2026-04-26T23:44:23.576+0000] {processor.py:161} INFO - Started process (PID=215) to work on /home/airflow/.local/lib/python3.12/site-packages/airflow/example_dags/example_task_group.py
[2026-04-26T23:44:23.577+0000] {processor.py:830} INFO - Processing file /home/airflow/.local/lib/python3.12/site-packages/airflow/example_dags/example_task_group.py for tasks to queue
[2026-04-26T23:44:23.578+0000] {logging_mixin.py:188} INFO - [2026-04-26T23:44:23.578+0000] {dagbag.py:545} INFO - Filling up the DagBag from /home/airflow/.local/lib/python3.12/site-packages/airflow/example_dags/example_task_group.py
[2026-04-26T23:44:23.582+0000] {processor.py:840} INFO - DAG(s) 'example_task_group' retrieved from /home/airflow/.local/lib/python3.12/site-packages/airflow/example_dags/example_task_group.py
[2026-04-26T23:44:23.595+0000] {logging_mixin.py:188} INFO - [2026-04-26T23:44:23.595+0000] {dag.py:3096} INFO - Sync 1 DAGs
[2026-04-26T23:44:23.608+0000] {logging_mixin.py:188} INFO - [2026-04-26T23:44:23.608+0000] {dag.py:3954} INFO - Setting next_dagrun for example_task_group to 2026-04-25 00:00:00+00:00, run_after=2026-04-26 00:00:00+00:00
[2026-04-26T23:44:23.618+0000] {processor.py:183} INFO - Processing /home/airflow/.local/lib/python3.12/site-packages/airflow/example_dags/example_task_group.py took 0.045 seconds
[2026-04-26T23:44:53.762+0000] {processor.py:161} INFO - Started process (PID=274) to work on /home/airflow/.local/lib/python3.12/site-packages/airflow/example_dags/example_task_group.py
[2026-04-26T23:44:53.762+0000] {processor.py:830} INFO - Processing file /home/airflow/.local/lib/python3.12/site-packages/airflow/example_dags/example_task_group.py for tasks to queue
[2026-04-26T23:44:53.764+0000] {logging_mixin.py:188} INFO - [2026-04-26T23:44:53.763+0000] {dagbag.py:545} INFO - Filling up the DagBag from /home/airflow/.local/lib/python3.12/site-packages/airflow/example_dags/example_task_group.py
[2026-04-26T23:44:53.768+0000] {processor.py:840} INFO - DAG(s) 'example_task_group' retrieved from /home/airflow/.local/lib/python3.12/site-packages/airflow/example_dags/example_task_group.py
[2026-04-26T23:44:53.782+0000] {logging_mixin.py:188} INFO - [2026-04-26T23:44:53.781+0000] {dag.py:3096} INFO - Sync 1 DAGs
[2026-04-26T23:44:53.795+0000] {logging_mixin.py:188} INFO - [2026-04-26T23:44:53.795+0000] {dag.py:3954} INFO - Setting next_dagrun for example_task_group to 2026-04-25 00:00:00+00:00, run_after=2026-04-26 00:00:00+00:00
[2026-04-26T23:44:53.806+0000] {processor.py:183} INFO - Processing /home/airflow/.local/lib/python3.12/site-packages/airflow/example_dags/example_task_group.py took 0.048 seconds
[2026-04-26T23:45:24.593+0000] {processor.py:161} INFO - Started process (PID=333) to work on /home/airflow/.local/lib/python3.12/site-packages/airflow/example_dags/example_task_group.py
[2026-04-26T23:45:24.593+0000] {processor.py:830} INFO - Processing file /home/airflow/.local/lib/python3.12/site-packages/airflow/example_dags/example_task_group.py for tasks to queue
[2026-04-26T23:45:24.594+0000] {logging_mixin.py:188} INFO - [2026-04-26T23:45:24.594+0000] {dagbag.py:545} INFO - Filling up the DagBag from /home/airflow/.local/lib/python3.12/site-packages/airflow/example_dags/example_task_group.py
[2026-04-26T23:45:24.599+0000] {processor.py:840} INFO - DAG(s) 'example_task_group' retrieved from /home/airflow/.local/lib/python3.12/site-packages/airflow/example_dags/example_task_group.py
[2026-04-26T23:45:24.612+0000] {logging_mixin.py:188} INFO - [2026-04-26T23:45:24.612+0000] {dag.py:3096} INFO - Sync 1 DAGs
[2026-04-26T23:45:24.625+0000] {logging_mixin.py:188} INFO - [2026-04-26T23:45:24.625+0000] {dag.py:3954} INFO - Setting next_dagrun for example_task_group to 2026-04-25 00:00:00+00:00, run_after=2026-04-26 00:00:00+00:00
[2026-04-26T23:45:24.636+0000] {processor.py:183} INFO - Processing /home/airflow/.local/lib/python3.12/site-packages/airflow/example_dags/example_task_group.py took 0.048 seconds
[2026-04-26T23:45:55.428+0000] {processor.py:161} INFO - Started process (PID=392) to work on /home/airflow/.local/lib/python3.12/site-packages/airflow/example_dags/example_task_group.py
[2026-04-26T23:45:55.429+0000] {processor.py:830} INFO - Processing file /home/airflow/.local/lib/python3.12/site-packages/airflow/example_dags/example_task_group.py for tasks to queue
[2026-04-26T23:45:55.430+0000] {logging_mixin.py:188} INFO - [2026-04-26T23:45:55.430+0000] {dagbag.py:545} INFO - Filling up the DagBag from /home/airflow/.local/lib/python3.12/site-packages/airflow/example_dags/example_task_group.py
[2026-04-26T23:45:55.434+0000] {processor.py:840} INFO - DAG(s) 'example_task_group' retrieved from /home/airflow/.local/lib/python3.12/site-packages/airflow/example_dags/example_task_group.py
[2026-04-26T23:45:55.447+0000] {logging_mixin.py:188} INFO - [2026-04-26T23:45:55.447+0000] {dag.py:3096} INFO - Sync 1 DAGs
[2026-04-26T23:45:55.459+0000] {logging_mixin.py:188} INFO - [2026-04-26T23:45:55.459+0000] {dag.py:3954} INFO - Setting next_dagrun for example_task_group to 2026-04-25 00:00:00+00:00, run_after=2026-04-26 00:00:00+00:00
[2026-04-26T23:45:55.468+0000] {processor.py:183} INFO - Processing /home/airflow/.local/lib/python3.12/site-packages/airflow/example_dags/example_task_group.py took 0.044 seconds
[2026-04-26T23:46:26.228+0000] {processor.py:161} INFO - Started process (PID=451) to work on /home/airflow/.local/lib/python3.12/site-packages/airflow/example_dags/example_task_group.py
[2026-04-26T23:46:26.229+0000] {processor.py:830} INFO - Processing file /home/airflow/.local/lib/python3.12/site-packages/airflow/example_dags/example_task_group.py for tasks to queue
[2026-04-26T23:46:26.230+0000] {logging_mixin.py:188} INFO - [2026-04-26T23:46:26.230+0000] {dagbag.py:545} INFO - Filling up the DagBag from /home/airflow/.local/lib/python3.12/site-packages/airflow/example_dags/example_task_group.py
[2026-04-26T23:46:26.234+0000] {processor.py:840} INFO - DAG(s) 'example_task_group' retrieved from /home/airflow/.local/lib/python3.12/site-packages/airflow/example_dags/example_task_group.py
[2026-04-26T23:46:26.247+0000] {logging_mixin.py:188} INFO - [2026-04-26T23:46:26.247+0000] {dag.py:3096} INFO - Sync 1 DAGs
[2026-04-26T23:46:26.259+0000] {logging_mixin.py:188} INFO - [2026-04-26T23:46:26.259+0000] {dag.py:3954} INFO - Setting next_dagrun for example_task_group to 2026-04-25 00:00:00+00:00, run_after=2026-04-26 00:00:00+00:00
[2026-04-26T23:46:26.270+0000] {processor.py:183} INFO - Processing /home/airflow/.local/lib/python3.12/site-packages/airflow/example_dags/example_task_group.py took 0.045 seconds
[2026-04-26T23:46:57.042+0000] {processor.py:161} INFO - Started process (PID=510) to work on /home/airflow/.local/lib/python3.12/site-packages/airflow/example_dags/example_task_group.py
[2026-04-26T23:46:57.042+0000] {processor.py:830} INFO - Processing file /home/airflow/.local/lib/python3.12/site-packages/airflow/example_dags/example_task_group.py for tasks to queue
[2026-04-26T23:46:57.043+0000] {logging_mixin.py:188} INFO - [2026-04-26T23:46:57.043+0000] {dagbag.py:545} INFO - Filling up the DagBag from /home/airflow/.local/lib/python3.12/site-packages/airflow/example_dags/example_task_group.py
[2026-04-26T23:46:57.048+0000] {processor.py:840} INFO - DAG(s) 'example_task_group' retrieved from /home/airflow/.local/lib/python3.12/site-packages/airflow/example_dags/example_task_group.py
[2026-04-26T23:46:57.060+0000] {logging_mixin.py:188} INFO - [2026-04-26T23:46:57.060+0000] {dag.py:3096} INFO - Sync 1 DAGs
[2026-04-26T23:46:57.073+0000] {logging_mixin.py:188} INFO - [2026-04-26T23:46:57.072+0000] {dag.py:3954} INFO - Setting next_dagrun for example_task_group to 2026-04-25 00:00:00+00:00, run_after=2026-04-26 00:00:00+00:00
[2026-04-26T23:46:57.082+0000] {processor.py:183} INFO - Processing /home/airflow/.local/lib/python3.12/site-packages/airflow/example_dags/example_task_group.py took 0.044 seconds
[2026-04-26T23:47:27.425+0000] {processor.py:161} INFO - Started process (PID=569) to work on /home/airflow/.local/lib/python3.12/site-packages/airflow/example_dags/example_task_group.py
[2026-04-26T23:47:27.426+0000] {processor.py:830} INFO - Processing file /home/airflow/.local/lib/python3.12/site-packages/airflow/example_dags/example_task_group.py for tasks to queue
[2026-04-26T23:47:27.427+0000] {logging_mixin.py:188} INFO - [2026-04-26T23:47:27.427+0000] {dagbag.py:545} INFO - Filling up the DagBag from /home/airflow/.local/lib/python3.12/site-packages/airflow/example_dags/example_task_group.py
[2026-04-26T23:47:27.432+0000] {processor.py:840} INFO - DAG(s) 'example_task_group' retrieved from /home/airflow/.local/lib/python3.12/site-packages/airflow/example_dags/example_task_group.py
[2026-04-26T23:47:27.446+0000] {logging_mixin.py:188} INFO - [2026-04-26T23:47:27.446+0000] {dag.py:3096} INFO - Sync 1 DAGs
[2026-04-26T23:47:27.462+0000] {logging_mixin.py:188} INFO - [2026-04-26T23:47:27.462+0000] {dag.py:3954} INFO - Setting next_dagrun for example_task_group to 2026-04-25 00:00:00+00:00, run_after=2026-04-26 00:00:00+00:00
[2026-04-26T23:47:27.475+0000] {processor.py:183} INFO - Processing /home/airflow/.local/lib/python3.12/site-packages/airflow/example_dags/example_task_group.py took 0.054 seconds
[2026-04-26T23:47:57.541+0000] {processor.py:161} INFO - Started process (PID=628) to work on /home/airflow/.local/lib/python3.12/site-packages/airflow/example_dags/example_task_group.py
[2026-04-26T23:47:57.541+0000] {processor.py:830} INFO - Processing file /home/airflow/.local/lib/python3.12/site-packages/airflow/example_dags/example_task_group.py for tasks to queue
[2026-04-26T23:47:57.542+0000] {logging_mixin.py:188} INFO - [2026-04-26T23:47:57.542+0000] {dagbag.py:545} INFO - Filling up the DagBag from /home/airflow/.local/lib/python3.12/site-packages/airflow/example_dags/example_task_group.py
[2026-04-26T23:47:57.546+0000] {processor.py:840} INFO - DAG(s) 'example_task_group' retrieved from /home/airflow/.local/lib/python3.12/site-packages/airflow/example_dags/example_task_group.py
[2026-04-26T23:47:57.557+0000] {logging_mixin.py:188} INFO - [2026-04-26T23:47:57.557+0000] {dag.py:3096} INFO - Sync 1 DAGs
[2026-04-26T23:47:57.568+0000] {logging_mixin.py:188} INFO - [2026-04-26T23:47:57.568+0000] {dag.py:3954} INFO - Setting next_dagrun for example_task_group to 2026-04-25 00:00:00+00:00, run_after=2026-04-26 00:00:00+00:00
[2026-04-26T23:47:57.577+0000] {processor.py:183} INFO - Processing /home/airflow/.local/lib/python3.12/site-packages/airflow/example_dags/example_task_group.py took 0.040 seconds
[2026-04-26T23:48:27.629+0000] {processor.py:161} INFO - Started process (PID=687) to work on /home/airflow/.local/lib/python3.12/site-packages/airflow/example_dags/example_task_group.py
[2026-04-26T23:48:27.630+0000] {processor.py:830} INFO - Processing file /home/airflow/.local/lib/python3.12/site-packages/airflow/example_dags/example_task_group.py for tasks to queue
[2026-04-26T23:48:27.631+0000] {logging_mixin.py:188} INFO - [2026-04-26T23:48:27.630+0000] {dagbag.py:545} INFO - Filling up the DagBag from /home/airflow/.local/lib/python3.12/site-packages/airflow/example_dags/example_task_group.py
[2026-04-26T23:48:27.635+0000] {processor.py:840} INFO - DAG(s) 'example_task_group' retrieved from /home/airflow/.local/lib/python3.12/site-packages/airflow/example_dags/example_task_group.py
[2026-04-26T23:48:27.646+0000] {logging_mixin.py:188} INFO - [2026-04-26T23:48:27.646+0000] {dag.py:3096} INFO - Sync 1 DAGs
[2026-04-26T23:48:27.657+0000] {logging_mixin.py:188} INFO - [2026-04-26T23:48:27.657+0000] {dag.py:3954} INFO - Setting next_dagrun for example_task_group to 2026-04-25 00:00:00+00:00, run_after=2026-04-26 00:00:00+00:00
[2026-04-26T23:48:27.666+0000] {processor.py:183} INFO - Processing /home/airflow/.local/lib/python3.12/site-packages/airflow/example_dags/example_task_group.py took 0.040 seconds
[2026-04-26T23:48:58.632+0000] {processor.py:161} INFO - Started process (PID=746) to work on /home/airflow/.local/lib/python3.12/site-packages/airflow/example_dags/example_task_group.py
[2026-04-26T23:48:58.633+0000] {processor.py:830} INFO - Processing file /home/airflow/.local/lib/python3.12/site-packages/airflow/example_dags/example_task_group.py for tasks to queue
[2026-04-26T23:48:58.634+0000] {logging_mixin.py:188} INFO - [2026-04-26T23:48:58.634+0000] {dagbag.py:545} INFO - Filling up the DagBag from /home/airflow/.local/lib/python3.12/site-packages/airflow/example_dags/example_task_group.py
[2026-04-26T23:48:58.639+0000] {processor.py:840} INFO - DAG(s) 'example_task_group' retrieved from /home/airflow/.local/lib/python3.12/site-packages/airflow/example_dags/example_task_group.py
[2026-04-26T23:48:58.651+0000] {logging_mixin.py:188} INFO - [2026-04-26T23:48:58.651+0000] {dag.py:3096} INFO - Sync 1 DAGs
[2026-04-26T23:48:58.664+0000] {logging_mixin.py:188} INFO - [2026-04-26T23:48:58.663+0000] {dag.py:3954} INFO - Setting next_dagrun for example_task_group to 2026-04-25 00:00:00+00:00, run_after=2026-04-26 00:00:00+00:00
[2026-04-26T23:48:58.674+0000] {processor.py:183} INFO - Processing /home/airflow/.local/lib/python3.12/site-packages/airflow/example_dags/example_task_group.py took 0.045 seconds
[2026-04-26T23:49:28.917+0000] {processor.py:161} INFO - Started process (PID=805) to work on /home/airflow/.local/lib/python3.12/site-packages/airflow/example_dags/example_task_group.py
[2026-04-26T23:49:28.918+0000] {processor.py:830} INFO - Processing file /home/airflow/.local/lib/python3.12/site-packages/airflow/example_dags/example_task_group.py for tasks to queue
[2026-04-26T23:49:28.919+0000] {logging_mixin.py:188} INFO - [2026-04-26T23:49:28.919+0000] {dagbag.py:545} INFO - Filling up the DagBag from /home/airflow/.local/lib/python3.12/site-packages/airflow/example_dags/example_task_group.py
[2026-04-26T23:49:28.923+0000] {processor.py:840} INFO - DAG(s) 'example_task_group' retrieved from /home/airflow/.local/lib/python3.12/site-packages/airflow/example_dags/example_task_group.py
[2026-04-26T23:49:28.934+0000] {logging_mixin.py:188} INFO - [2026-04-26T23:49:28.934+0000] {dag.py:3096} INFO - Sync 1 DAGs
[2026-04-26T23:49:28.944+0000] {logging_mixin.py:188} INFO - [2026-04-26T23:49:28.944+0000] {dag.py:3954} INFO - Setting next_dagrun for example_task_group to 2026-04-25 00:00:00+00:00, run_after=2026-04-26 00:00:00+00:00
[2026-04-26T23:49:28.953+0000] {processor.py:183} INFO - Processing /home/airflow/.local/lib/python3.12/site-packages/airflow/example_dags/example_task_group.py took 0.039 seconds
[2026-04-26T23:50:04.415+0000] {processor.py:161} INFO - Started process (PID=97) to work on /home/airflow/.local/lib/python3.12/site-packages/airflow/example_dags/example_task_group.py
[2026-04-26T23:50:04.416+0000] {processor.py:830} INFO - Processing file /home/airflow/.local/lib/python3.12/site-packages/airflow/example_dags/example_task_group.py for tasks to queue
[2026-04-26T23:50:04.417+0000] {logging_mixin.py:188} INFO - [2026-04-26T23:50:04.417+0000] {dagbag.py:545} INFO - Filling up the DagBag from /home/airflow/.local/lib/python3.12/site-packages/airflow/example_dags/example_task_group.py
[2026-04-26T23:50:04.422+0000] {processor.py:840} INFO - DAG(s) 'example_task_group' retrieved from /home/airflow/.local/lib/python3.12/site-packages/airflow/example_dags/example_task_group.py
[2026-04-26T23:50:04.430+0000] {logging_mixin.py:188} INFO - [2026-04-26T23:50:04.429+0000] {dag.py:3096} INFO - Sync 1 DAGs
[2026-04-26T23:50:04.444+0000] {logging_mixin.py:188} INFO - [2026-04-26T23:50:04.444+0000] {dag.py:3954} INFO - Setting next_dagrun for example_task_group to 2026-04-25 00:00:00+00:00, run_after=2026-04-26 00:00:00+00:00
[2026-04-26T23:50:04.457+0000] {processor.py:183} INFO - Processing /home/airflow/.local/lib/python3.12/site-packages/airflow/example_dags/example_task_group.py took 0.046 seconds
[2026-04-26T23:50:36.185+0000] {processor.py:161} INFO - Started process (PID=156) to work on /home/airflow/.local/lib/python3.12/site-packages/airflow/example_dags/example_task_group.py
[2026-04-26T23:50:36.185+0000] {processor.py:830} INFO - Processing file /home/airflow/.local/lib/python3.12/site-packages/airflow/example_dags/example_task_group.py for tasks to queue
[2026-04-26T23:50:36.186+0000] {logging_mixin.py:188} INFO - [2026-04-26T23:50:36.186+0000] {dagbag.py:545} INFO - Filling up the DagBag from /home/airflow/.local/lib/python3.12/site-packages/airflow/example_dags/example_task_group.py
[2026-04-26T23:50:36.191+0000] {processor.py:840} INFO - DAG(s) 'example_task_group' retrieved from /home/airflow/.local/lib/python3.12/site-packages/airflow/example_dags/example_task_group.py
[2026-04-26T23:50:36.258+0000] {logging_mixin.py:188} INFO - [2026-04-26T23:50:36.258+0000] {dag.py:3096} INFO - Sync 1 DAGs
[2026-04-26T23:50:36.270+0000] {logging_mixin.py:188} INFO - [2026-04-26T23:50:36.270+0000] {dag.py:3954} INFO - Setting next_dagrun for example_task_group to 2026-04-25 00:00:00+00:00, run_after=2026-04-26 00:00:00+00:00
[2026-04-26T23:50:36.294+0000] {processor.py:183} INFO - Processing /home/airflow/.local/lib/python3.12/site-packages/airflow/example_dags/example_task_group.py took 0.113 seconds
[2026-04-26T23:51:06.678+0000] {processor.py:161} INFO - Started process (PID=215) to work on /home/airflow/.local/lib/python3.12/site-packages/airflow/example_dags/example_task_group.py
[2026-04-26T23:51:06.679+0000] {processor.py:830} INFO - Processing file /home/airflow/.local/lib/python3.12/site-packages/airflow/example_dags/example_task_group.py for tasks to queue
[2026-04-26T23:51:06.679+0000] {logging_mixin.py:188} INFO - [2026-04-26T23:51:06.679+0000] {dagbag.py:545} INFO - Filling up the DagBag from /home/airflow/.local/lib/python3.12/site-packages/airflow/example_dags/example_task_group.py
[2026-04-26T23:51:06.683+0000] {processor.py:840} INFO - DAG(s) 'example_task_group' retrieved from /home/airflow/.local/lib/python3.12/site-packages/airflow/example_dags/example_task_group.py
[2026-04-26T23:51:06.693+0000] {logging_mixin.py:188} INFO - [2026-04-26T23:51:06.693+0000] {dag.py:3096} INFO - Sync 1 DAGs
[2026-04-26T23:51:06.704+0000] {logging_mixin.py:188} INFO - [2026-04-26T23:51:06.704+0000] {dag.py:3954} INFO - Setting next_dagrun for example_task_group to 2026-04-25 00:00:00+00:00, run_after=2026-04-26 00:00:00+00:00
[2026-04-26T23:51:06.712+0000] {processor.py:183} INFO - Processing /home/airflow/.local/lib/python3.12/site-packages/airflow/example_dags/example_task_group.py took 0.037 seconds
[2026-04-26T23:51:36.925+0000] {processor.py:161} INFO - Started process (PID=274) to work on /home/airflow/.local/lib/python3.12/site-packages/airflow/example_dags/example_task_group.py
[2026-04-26T23:51:36.926+0000] {processor.py:830} INFO - Processing file /home/airflow/.local/lib/python3.12/site-packages/airflow/example_dags/example_task_group.py for tasks to queue
[2026-04-26T23:51:36.928+0000] {logging_mixin.py:188} INFO - [2026-04-26T23:51:36.927+0000] {dagbag.py:545} INFO - Filling up the DagBag from /home/airflow/.local/lib/python3.12/site-packages/airflow/example_dags/example_task_group.py
[2026-04-26T23:51:36.932+0000] {processor.py:840} INFO - DAG(s) 'example_task_group' retrieved from /home/airflow/.local/lib/python3.12/site-packages/airflow/example_dags/example_task_group.py
[2026-04-26T23:51:36.947+0000] {logging_mixin.py:188} INFO - [2026-04-26T23:51:36.947+0000] {dag.py:3096} INFO - Sync 1 DAGs
[2026-04-26T23:51:36.964+0000] {logging_mixin.py:188} INFO - [2026-04-26T23:51:36.964+0000] {dag.py:3954} INFO - Setting next_dagrun for example_task_group to 2026-04-25 00:00:00+00:00, run_after=2026-04-26 00:00:00+00:00
[2026-04-26T23:51:36.976+0000] {processor.py:183} INFO - Processing /home/airflow/.local/lib/python3.12/site-packages/airflow/example_dags/example_task_group.py took 0.056 seconds
[2026-04-26T23:52:07.997+0000] {processor.py:161} INFO - Started process (PID=333) to work on /home/airflow/.local/lib/python3.12/site-packages/airflow/example_dags/example_task_group.py
[2026-04-26T23:52:07.998+0000] {processor.py:830} INFO - Processing file /home/airflow/.local/lib/python3.12/site-packages/airflow/example_dags/example_task_group.py for tasks to queue
[2026-04-26T23:52:07.999+0000] {logging_mixin.py:188} INFO - [2026-04-26T23:52:07.999+0000] {dagbag.py:545} INFO - Filling up the DagBag from /home/airflow/.local/lib/python3.12/site-packages/airflow/example_dags/example_task_group.py
[2026-04-26T23:52:08.003+0000] {processor.py:840} INFO - DAG(s) 'example_task_group' retrieved from /home/airflow/.local/lib/python3.12/site-packages/airflow/example_dags/example_task_group.py
[2026-04-26T23:52:08.014+0000] {logging_mixin.py:188} INFO - [2026-04-26T23:52:08.014+0000] {dag.py:3096} INFO - Sync 1 DAGs
[2026-04-26T23:52:08.025+0000] {logging_mixin.py:188} INFO - [2026-04-26T23:52:08.025+0000] {dag.py:3954} INFO - Setting next_dagrun for example_task_group to 2026-04-25 00:00:00+00:00, run_after=2026-04-26 00:00:00+00:00
[2026-04-26T23:52:08.034+0000] {processor.py:183} INFO - Processing /home/airflow/.local/lib/python3.12/site-packages/airflow/example_dags/example_task_group.py took 0.040 seconds
[2026-04-26T23:52:38.245+0000] {processor.py:161} INFO - Started process (PID=392) to work on /home/airflow/.local/lib/python3.12/site-packages/airflow/example_dags/example_task_group.py
[2026-04-26T23:52:38.246+0000] {processor.py:830} INFO - Processing file /home/airflow/.local/lib/python3.12/site-packages/airflow/example_dags/example_task_group.py for tasks to queue
[2026-04-26T23:52:38.247+0000] {logging_mixin.py:188} INFO - [2026-04-26T23:52:38.247+0000] {dagbag.py:545} INFO - Filling up the DagBag from /home/airflow/.local/lib/python3.12/site-packages/airflow/example_dags/example_task_group.py
[2026-04-26T23:52:38.251+0000] {processor.py:840} INFO - DAG(s) 'example_task_group' retrieved from /home/airflow/.local/lib/python3.12/site-packages/airflow/example_dags/example_task_group.py
[2026-04-26T23:52:38.262+0000] {logging_mixin.py:188} INFO - [2026-04-26T23:52:38.262+0000] {dag.py:3096} INFO - Sync 1 DAGs
[2026-04-26T23:52:38.274+0000] {logging_mixin.py:188} INFO - [2026-04-26T23:52:38.274+0000] {dag.py:3954} INFO - Setting next_dagrun for example_task_group to 2026-04-25 00:00:00+00:00, run_after=2026-04-26 00:00:00+00:00
[2026-04-26T23:52:38.284+0000] {processor.py:183} INFO - Processing /home/airflow/.local/lib/python3.12/site-packages/airflow/example_dags/example_task_group.py took 0.043 seconds
[2026-04-26T23:53:09.215+0000] {processor.py:161} INFO - Started process (PID=451) to work on /home/airflow/.local/lib/python3.12/site-packages/airflow/example_dags/example_task_group.py
[2026-04-26T23:53:09.215+0000] {processor.py:830} INFO - Processing file /home/airflow/.local/lib/python3.12/site-packages/airflow/example_dags/example_task_group.py for tasks to queue
[2026-04-26T23:53:09.216+0000] {logging_mixin.py:188} INFO - [2026-04-26T23:53:09.216+0000] {dagbag.py:545} INFO - Filling up the DagBag from /home/airflow/.local/lib/python3.12/site-packages/airflow/example_dags/example_task_group.py
[2026-04-26T23:53:09.220+0000] {processor.py:840} INFO - DAG(s) 'example_task_group' retrieved from /home/airflow/.local/lib/python3.12/site-packages/airflow/example_dags/example_task_group.py
[2026-04-26T23:53:09.233+0000] {logging_mixin.py:188} INFO - [2026-04-26T23:53:09.233+0000] {dag.py:3096} INFO - Sync 1 DAGs
[2026-04-26T23:53:09.244+0000] {logging_mixin.py:188} INFO - [2026-04-26T23:53:09.244+0000] {dag.py:3954} INFO - Setting next_dagrun for example_task_group to 2026-04-25 00:00:00+00:00, run_after=2026-04-26 00:00:00+00:00
[2026-04-26T23:53:09.253+0000] {processor.py:183} INFO - Processing /home/airflow/.local/lib/python3.12/site-packages/airflow/example_dags/example_task_group.py took 0.041 seconds
[2026-04-26T23:53:39.383+0000] {processor.py:161} INFO - Started process (PID=510) to work on /home/airflow/.local/lib/python3.12/site-packages/airflow/example_dags/example_task_group.py
[2026-04-26T23:53:39.384+0000] {processor.py:830} INFO - Processing file /home/airflow/.local/lib/python3.12/site-packages/airflow/example_dags/example_task_group.py for tasks to queue
[2026-04-26T23:53:39.385+0000] {logging_mixin.py:188} INFO - [2026-04-26T23:53:39.385+0000] {dagbag.py:545} INFO - Filling up the DagBag from /home/airflow/.local/lib/python3.12/site-packages/airflow/example_dags/example_task_group.py
[2026-04-26T23:53:39.389+0000] {processor.py:840} INFO - DAG(s) 'example_task_group' retrieved from /home/airflow/.local/lib/python3.12/site-packages/airflow/example_dags/example_task_group.py
[2026-04-26T23:53:39.401+0000] {logging_mixin.py:188} INFO - [2026-04-26T23:53:39.401+0000] {dag.py:3096} INFO - Sync 1 DAGs
[2026-04-26T23:53:39.414+0000] {logging_mixin.py:188} INFO - [2026-04-26T23:53:39.414+0000] {dag.py:3954} INFO - Setting next_dagrun for example_task_group to 2026-04-25 00:00:00+00:00, run_after=2026-04-26 00:00:00+00:00
[2026-04-26T23:53:39.423+0000] {processor.py:183} INFO - Processing /home/airflow/.local/lib/python3.12/site-packages/airflow/example_dags/example_task_group.py took 0.044 seconds
