[2026-04-26T23:08:15.295+0000] {processor.py:161} INFO - Started process (PID=72) to work on /home/airflow/.local/lib/python3.12/site-packages/airflow/example_dags/tutorial_dag.py
[2026-04-26T23:08:15.296+0000] {processor.py:830} INFO - Processing file /home/airflow/.local/lib/python3.12/site-packages/airflow/example_dags/tutorial_dag.py for tasks to queue
[2026-04-26T23:08:15.297+0000] {logging_mixin.py:188} INFO - [2026-04-26T23:08:15.297+0000] {dagbag.py:545} INFO - Filling up the DagBag from /home/airflow/.local/lib/python3.12/site-packages/airflow/example_dags/tutorial_dag.py
[2026-04-26T23:08:15.301+0000] {processor.py:840} INFO - DAG(s) 'tutorial_dag' retrieved from /home/airflow/.local/lib/python3.12/site-packages/airflow/example_dags/tutorial_dag.py
[2026-04-26T23:08:15.309+0000] {logging_mixin.py:188} INFO - [2026-04-26T23:08:15.309+0000] {dag.py:3096} INFO - Sync 1 DAGs
[2026-04-26T23:08:15.318+0000] {logging_mixin.py:188} INFO - [2026-04-26T23:08:15.318+0000] {dag.py:3954} INFO - Setting next_dagrun for tutorial_dag to None, run_after=None
[2026-04-26T23:08:15.331+0000] {processor.py:183} INFO - Processing /home/airflow/.local/lib/python3.12/site-packages/airflow/example_dags/tutorial_dag.py took 0.040 seconds
[2026-04-26T23:08:46.298+0000] {processor.py:161} INFO - Started process (PID=130) to work on /home/airflow/.local/lib/python3.12/site-packages/airflow/example_dags/tutorial_dag.py
[2026-04-26T23:08:46.298+0000] {processor.py:830} INFO - Processing file /home/airflow/.local/lib/python3.12/site-packages/airflow/example_dags/tutorial_dag.py for tasks to queue
[2026-04-26T23:08:46.300+0000] {logging_mixin.py:188} INFO - [2026-04-26T23:08:46.299+0000] {dagbag.py:545} INFO - Filling up the DagBag from /home/airflow/.local/lib/python3.12/site-packages/airflow/example_dags/tutorial_dag.py
[2026-04-26T23:08:46.303+0000] {processor.py:840} INFO - DAG(s) 'tutorial_dag' retrieved from /home/airflow/.local/lib/python3.12/site-packages/airflow/example_dags/tutorial_dag.py
[2026-04-26T23:08:46.372+0000] {logging_mixin.py:188} INFO - [2026-04-26T23:08:46.372+0000] {dag.py:3096} INFO - Sync 1 DAGs
[2026-04-26T23:08:46.378+0000] {logging_mixin.py:188} INFO - [2026-04-26T23:08:46.378+0000] {dag.py:3954} INFO - Setting next_dagrun for tutorial_dag to None, run_after=None
[2026-04-26T23:08:46.389+0000] {processor.py:183} INFO - Processing /home/airflow/.local/lib/python3.12/site-packages/airflow/example_dags/tutorial_dag.py took 0.094 seconds
[2026-04-26T23:09:16.847+0000] {processor.py:161} INFO - Started process (PID=188) to work on /home/airflow/.local/lib/python3.12/site-packages/airflow/example_dags/tutorial_dag.py
[2026-04-26T23:09:16.848+0000] {processor.py:830} INFO - Processing file /home/airflow/.local/lib/python3.12/site-packages/airflow/example_dags/tutorial_dag.py for tasks to queue
[2026-04-26T23:09:16.849+0000] {logging_mixin.py:188} INFO - [2026-04-26T23:09:16.849+0000] {dagbag.py:545} INFO - Filling up the DagBag from /home/airflow/.local/lib/python3.12/site-packages/airflow/example_dags/tutorial_dag.py
[2026-04-26T23:09:16.852+0000] {processor.py:840} INFO - DAG(s) 'tutorial_dag' retrieved from /home/airflow/.local/lib/python3.12/site-packages/airflow/example_dags/tutorial_dag.py
[2026-04-26T23:09:16.863+0000] {logging_mixin.py:188} INFO - [2026-04-26T23:09:16.862+0000] {dag.py:3096} INFO - Sync 1 DAGs
[2026-04-26T23:09:16.869+0000] {logging_mixin.py:188} INFO - [2026-04-26T23:09:16.869+0000] {dag.py:3954} INFO - Setting next_dagrun for tutorial_dag to None, run_after=None
[2026-04-26T23:09:16.877+0000] {processor.py:183} INFO - Processing /home/airflow/.local/lib/python3.12/site-packages/airflow/example_dags/tutorial_dag.py took 0.033 seconds
[2026-04-26T23:09:47.704+0000] {processor.py:161} INFO - Started process (PID=246) to work on /home/airflow/.local/lib/python3.12/site-packages/airflow/example_dags/tutorial_dag.py
[2026-04-26T23:09:47.704+0000] {processor.py:830} INFO - Processing file /home/airflow/.local/lib/python3.12/site-packages/airflow/example_dags/tutorial_dag.py for tasks to queue
[2026-04-26T23:09:47.705+0000] {logging_mixin.py:188} INFO - [2026-04-26T23:09:47.705+0000] {dagbag.py:545} INFO - Filling up the DagBag from /home/airflow/.local/lib/python3.12/site-packages/airflow/example_dags/tutorial_dag.py
[2026-04-26T23:09:47.708+0000] {processor.py:840} INFO - DAG(s) 'tutorial_dag' retrieved from /home/airflow/.local/lib/python3.12/site-packages/airflow/example_dags/tutorial_dag.py
[2026-04-26T23:09:47.720+0000] {logging_mixin.py:188} INFO - [2026-04-26T23:09:47.720+0000] {dag.py:3096} INFO - Sync 1 DAGs
[2026-04-26T23:09:47.727+0000] {logging_mixin.py:188} INFO - [2026-04-26T23:09:47.727+0000] {dag.py:3954} INFO - Setting next_dagrun for tutorial_dag to None, run_after=None
[2026-04-26T23:09:47.737+0000] {processor.py:183} INFO - Processing /home/airflow/.local/lib/python3.12/site-packages/airflow/example_dags/tutorial_dag.py took 0.037 seconds
[2026-04-26T23:10:18.616+0000] {processor.py:161} INFO - Started process (PID=310) to work on /home/airflow/.local/lib/python3.12/site-packages/airflow/example_dags/tutorial_dag.py
[2026-04-26T23:10:18.617+0000] {processor.py:830} INFO - Processing file /home/airflow/.local/lib/python3.12/site-packages/airflow/example_dags/tutorial_dag.py for tasks to queue
[2026-04-26T23:10:18.618+0000] {logging_mixin.py:188} INFO - [2026-04-26T23:10:18.617+0000] {dagbag.py:545} INFO - Filling up the DagBag from /home/airflow/.local/lib/python3.12/site-packages/airflow/example_dags/tutorial_dag.py
[2026-04-26T23:10:18.621+0000] {processor.py:840} INFO - DAG(s) 'tutorial_dag' retrieved from /home/airflow/.local/lib/python3.12/site-packages/airflow/example_dags/tutorial_dag.py
[2026-04-26T23:10:18.631+0000] {logging_mixin.py:188} INFO - [2026-04-26T23:10:18.631+0000] {dag.py:3096} INFO - Sync 1 DAGs
[2026-04-26T23:10:18.638+0000] {logging_mixin.py:188} INFO - [2026-04-26T23:10:18.638+0000] {dag.py:3954} INFO - Setting next_dagrun for tutorial_dag to None, run_after=None
[2026-04-26T23:10:18.646+0000] {processor.py:183} INFO - Processing /home/airflow/.local/lib/python3.12/site-packages/airflow/example_dags/tutorial_dag.py took 0.034 seconds
[2026-04-26T23:10:48.763+0000] {processor.py:161} INFO - Started process (PID=368) to work on /home/airflow/.local/lib/python3.12/site-packages/airflow/example_dags/tutorial_dag.py
[2026-04-26T23:10:48.764+0000] {processor.py:830} INFO - Processing file /home/airflow/.local/lib/python3.12/site-packages/airflow/example_dags/tutorial_dag.py for tasks to queue
[2026-04-26T23:10:48.765+0000] {logging_mixin.py:188} INFO - [2026-04-26T23:10:48.764+0000] {dagbag.py:545} INFO - Filling up the DagBag from /home/airflow/.local/lib/python3.12/site-packages/airflow/example_dags/tutorial_dag.py
[2026-04-26T23:10:48.768+0000] {processor.py:840} INFO - DAG(s) 'tutorial_dag' retrieved from /home/airflow/.local/lib/python3.12/site-packages/airflow/example_dags/tutorial_dag.py
[2026-04-26T23:10:48.778+0000] {logging_mixin.py:188} INFO - [2026-04-26T23:10:48.778+0000] {dag.py:3096} INFO - Sync 1 DAGs
[2026-04-26T23:10:48.785+0000] {logging_mixin.py:188} INFO - [2026-04-26T23:10:48.785+0000] {dag.py:3954} INFO - Setting next_dagrun for tutorial_dag to None, run_after=None
[2026-04-26T23:10:48.793+0000] {processor.py:183} INFO - Processing /home/airflow/.local/lib/python3.12/site-packages/airflow/example_dags/tutorial_dag.py took 0.033 seconds
[2026-04-26T23:11:19.504+0000] {processor.py:161} INFO - Started process (PID=426) to work on /home/airflow/.local/lib/python3.12/site-packages/airflow/example_dags/tutorial_dag.py
[2026-04-26T23:11:19.505+0000] {processor.py:830} INFO - Processing file /home/airflow/.local/lib/python3.12/site-packages/airflow/example_dags/tutorial_dag.py for tasks to queue
[2026-04-26T23:11:19.506+0000] {logging_mixin.py:188} INFO - [2026-04-26T23:11:19.506+0000] {dagbag.py:545} INFO - Filling up the DagBag from /home/airflow/.local/lib/python3.12/site-packages/airflow/example_dags/tutorial_dag.py
[2026-04-26T23:11:19.510+0000] {processor.py:840} INFO - DAG(s) 'tutorial_dag' retrieved from /home/airflow/.local/lib/python3.12/site-packages/airflow/example_dags/tutorial_dag.py
[2026-04-26T23:11:19.524+0000] {logging_mixin.py:188} INFO - [2026-04-26T23:11:19.523+0000] {dag.py:3096} INFO - Sync 1 DAGs
[2026-04-26T23:11:19.532+0000] {logging_mixin.py:188} INFO - [2026-04-26T23:11:19.532+0000] {dag.py:3954} INFO - Setting next_dagrun for tutorial_dag to None, run_after=None
[2026-04-26T23:11:19.543+0000] {processor.py:183} INFO - Processing /home/airflow/.local/lib/python3.12/site-packages/airflow/example_dags/tutorial_dag.py took 0.043 seconds
[2026-04-26T23:11:50.254+0000] {processor.py:161} INFO - Started process (PID=484) to work on /home/airflow/.local/lib/python3.12/site-packages/airflow/example_dags/tutorial_dag.py
[2026-04-26T23:11:50.255+0000] {processor.py:830} INFO - Processing file /home/airflow/.local/lib/python3.12/site-packages/airflow/example_dags/tutorial_dag.py for tasks to queue
[2026-04-26T23:11:50.256+0000] {logging_mixin.py:188} INFO - [2026-04-26T23:11:50.256+0000] {dagbag.py:545} INFO - Filling up the DagBag from /home/airflow/.local/lib/python3.12/site-packages/airflow/example_dags/tutorial_dag.py
[2026-04-26T23:11:50.259+0000] {processor.py:840} INFO - DAG(s) 'tutorial_dag' retrieved from /home/airflow/.local/lib/python3.12/site-packages/airflow/example_dags/tutorial_dag.py
[2026-04-26T23:11:50.272+0000] {logging_mixin.py:188} INFO - [2026-04-26T23:11:50.271+0000] {dag.py:3096} INFO - Sync 1 DAGs
[2026-04-26T23:11:50.279+0000] {logging_mixin.py:188} INFO - [2026-04-26T23:11:50.279+0000] {dag.py:3954} INFO - Setting next_dagrun for tutorial_dag to None, run_after=None
[2026-04-26T23:11:50.290+0000] {processor.py:183} INFO - Processing /home/airflow/.local/lib/python3.12/site-packages/airflow/example_dags/tutorial_dag.py took 0.040 seconds
[2026-04-26T23:12:21.081+0000] {processor.py:161} INFO - Started process (PID=542) to work on /home/airflow/.local/lib/python3.12/site-packages/airflow/example_dags/tutorial_dag.py
[2026-04-26T23:12:21.082+0000] {processor.py:830} INFO - Processing file /home/airflow/.local/lib/python3.12/site-packages/airflow/example_dags/tutorial_dag.py for tasks to queue
[2026-04-26T23:12:21.084+0000] {logging_mixin.py:188} INFO - [2026-04-26T23:12:21.083+0000] {dagbag.py:545} INFO - Filling up the DagBag from /home/airflow/.local/lib/python3.12/site-packages/airflow/example_dags/tutorial_dag.py
[2026-04-26T23:12:21.087+0000] {processor.py:840} INFO - DAG(s) 'tutorial_dag' retrieved from /home/airflow/.local/lib/python3.12/site-packages/airflow/example_dags/tutorial_dag.py
[2026-04-26T23:12:21.102+0000] {logging_mixin.py:188} INFO - [2026-04-26T23:12:21.101+0000] {dag.py:3096} INFO - Sync 1 DAGs
[2026-04-26T23:12:21.111+0000] {logging_mixin.py:188} INFO - [2026-04-26T23:12:21.111+0000] {dag.py:3954} INFO - Setting next_dagrun for tutorial_dag to None, run_after=None
[2026-04-26T23:12:21.122+0000] {processor.py:183} INFO - Processing /home/airflow/.local/lib/python3.12/site-packages/airflow/example_dags/tutorial_dag.py took 0.044 seconds
[2026-04-26T23:12:51.912+0000] {processor.py:161} INFO - Started process (PID=600) to work on /home/airflow/.local/lib/python3.12/site-packages/airflow/example_dags/tutorial_dag.py
[2026-04-26T23:12:51.912+0000] {processor.py:830} INFO - Processing file /home/airflow/.local/lib/python3.12/site-packages/airflow/example_dags/tutorial_dag.py for tasks to queue
[2026-04-26T23:12:51.913+0000] {logging_mixin.py:188} INFO - [2026-04-26T23:12:51.913+0000] {dagbag.py:545} INFO - Filling up the DagBag from /home/airflow/.local/lib/python3.12/site-packages/airflow/example_dags/tutorial_dag.py
[2026-04-26T23:12:51.916+0000] {processor.py:840} INFO - DAG(s) 'tutorial_dag' retrieved from /home/airflow/.local/lib/python3.12/site-packages/airflow/example_dags/tutorial_dag.py
[2026-04-26T23:12:51.927+0000] {logging_mixin.py:188} INFO - [2026-04-26T23:12:51.927+0000] {dag.py:3096} INFO - Sync 1 DAGs
[2026-04-26T23:12:51.934+0000] {logging_mixin.py:188} INFO - [2026-04-26T23:12:51.934+0000] {dag.py:3954} INFO - Setting next_dagrun for tutorial_dag to None, run_after=None
[2026-04-26T23:12:51.946+0000] {processor.py:183} INFO - Processing /home/airflow/.local/lib/python3.12/site-packages/airflow/example_dags/tutorial_dag.py took 0.038 seconds
[2026-04-26T23:13:22.024+0000] {processor.py:161} INFO - Started process (PID=658) to work on /home/airflow/.local/lib/python3.12/site-packages/airflow/example_dags/tutorial_dag.py
[2026-04-26T23:13:22.025+0000] {processor.py:830} INFO - Processing file /home/airflow/.local/lib/python3.12/site-packages/airflow/example_dags/tutorial_dag.py for tasks to queue
[2026-04-26T23:13:22.026+0000] {logging_mixin.py:188} INFO - [2026-04-26T23:13:22.026+0000] {dagbag.py:545} INFO - Filling up the DagBag from /home/airflow/.local/lib/python3.12/site-packages/airflow/example_dags/tutorial_dag.py
[2026-04-26T23:13:22.029+0000] {processor.py:840} INFO - DAG(s) 'tutorial_dag' retrieved from /home/airflow/.local/lib/python3.12/site-packages/airflow/example_dags/tutorial_dag.py
[2026-04-26T23:13:22.045+0000] {logging_mixin.py:188} INFO - [2026-04-26T23:13:22.045+0000] {dag.py:3096} INFO - Sync 1 DAGs
[2026-04-26T23:13:22.055+0000] {logging_mixin.py:188} INFO - [2026-04-26T23:13:22.054+0000] {dag.py:3954} INFO - Setting next_dagrun for tutorial_dag to None, run_after=None
[2026-04-26T23:13:22.065+0000] {processor.py:183} INFO - Processing /home/airflow/.local/lib/python3.12/site-packages/airflow/example_dags/tutorial_dag.py took 0.044 seconds
[2026-04-26T23:13:52.221+0000] {processor.py:161} INFO - Started process (PID=715) to work on /home/airflow/.local/lib/python3.12/site-packages/airflow/example_dags/tutorial_dag.py
[2026-04-26T23:13:52.221+0000] {processor.py:830} INFO - Processing file /home/airflow/.local/lib/python3.12/site-packages/airflow/example_dags/tutorial_dag.py for tasks to queue
[2026-04-26T23:13:52.222+0000] {logging_mixin.py:188} INFO - [2026-04-26T23:13:52.222+0000] {dagbag.py:545} INFO - Filling up the DagBag from /home/airflow/.local/lib/python3.12/site-packages/airflow/example_dags/tutorial_dag.py
[2026-04-26T23:13:52.225+0000] {processor.py:840} INFO - DAG(s) 'tutorial_dag' retrieved from /home/airflow/.local/lib/python3.12/site-packages/airflow/example_dags/tutorial_dag.py
[2026-04-26T23:13:52.236+0000] {logging_mixin.py:188} INFO - [2026-04-26T23:13:52.236+0000] {dag.py:3096} INFO - Sync 1 DAGs
[2026-04-26T23:13:52.243+0000] {logging_mixin.py:188} INFO - [2026-04-26T23:13:52.243+0000] {dag.py:3954} INFO - Setting next_dagrun for tutorial_dag to None, run_after=None
[2026-04-26T23:13:52.251+0000] {processor.py:183} INFO - Processing /home/airflow/.local/lib/python3.12/site-packages/airflow/example_dags/tutorial_dag.py took 0.035 seconds
[2026-04-26T23:14:22.839+0000] {processor.py:161} INFO - Started process (PID=773) to work on /home/airflow/.local/lib/python3.12/site-packages/airflow/example_dags/tutorial_dag.py
[2026-04-26T23:14:22.840+0000] {processor.py:830} INFO - Processing file /home/airflow/.local/lib/python3.12/site-packages/airflow/example_dags/tutorial_dag.py for tasks to queue
[2026-04-26T23:14:22.841+0000] {logging_mixin.py:188} INFO - [2026-04-26T23:14:22.841+0000] {dagbag.py:545} INFO - Filling up the DagBag from /home/airflow/.local/lib/python3.12/site-packages/airflow/example_dags/tutorial_dag.py
[2026-04-26T23:14:22.844+0000] {processor.py:840} INFO - DAG(s) 'tutorial_dag' retrieved from /home/airflow/.local/lib/python3.12/site-packages/airflow/example_dags/tutorial_dag.py
[2026-04-26T23:14:22.854+0000] {logging_mixin.py:188} INFO - [2026-04-26T23:14:22.854+0000] {dag.py:3096} INFO - Sync 1 DAGs
[2026-04-26T23:14:22.861+0000] {logging_mixin.py:188} INFO - [2026-04-26T23:14:22.860+0000] {dag.py:3954} INFO - Setting next_dagrun for tutorial_dag to None, run_after=None
[2026-04-26T23:14:22.868+0000] {processor.py:183} INFO - Processing /home/airflow/.local/lib/python3.12/site-packages/airflow/example_dags/tutorial_dag.py took 0.033 seconds
[2026-04-26T23:14:53.679+0000] {processor.py:161} INFO - Started process (PID=831) to work on /home/airflow/.local/lib/python3.12/site-packages/airflow/example_dags/tutorial_dag.py
[2026-04-26T23:14:53.680+0000] {processor.py:830} INFO - Processing file /home/airflow/.local/lib/python3.12/site-packages/airflow/example_dags/tutorial_dag.py for tasks to queue
[2026-04-26T23:14:53.681+0000] {logging_mixin.py:188} INFO - [2026-04-26T23:14:53.681+0000] {dagbag.py:545} INFO - Filling up the DagBag from /home/airflow/.local/lib/python3.12/site-packages/airflow/example_dags/tutorial_dag.py
[2026-04-26T23:14:53.684+0000] {processor.py:840} INFO - DAG(s) 'tutorial_dag' retrieved from /home/airflow/.local/lib/python3.12/site-packages/airflow/example_dags/tutorial_dag.py
[2026-04-26T23:14:53.697+0000] {logging_mixin.py:188} INFO - [2026-04-26T23:14:53.696+0000] {dag.py:3096} INFO - Sync 1 DAGs
[2026-04-26T23:14:53.704+0000] {logging_mixin.py:188} INFO - [2026-04-26T23:14:53.704+0000] {dag.py:3954} INFO - Setting next_dagrun for tutorial_dag to None, run_after=None
[2026-04-26T23:14:53.715+0000] {processor.py:183} INFO - Processing /home/airflow/.local/lib/python3.12/site-packages/airflow/example_dags/tutorial_dag.py took 0.040 seconds
[2026-04-26T23:15:23.826+0000] {processor.py:161} INFO - Started process (PID=889) to work on /home/airflow/.local/lib/python3.12/site-packages/airflow/example_dags/tutorial_dag.py
[2026-04-26T23:15:23.826+0000] {processor.py:830} INFO - Processing file /home/airflow/.local/lib/python3.12/site-packages/airflow/example_dags/tutorial_dag.py for tasks to queue
[2026-04-26T23:15:23.827+0000] {logging_mixin.py:188} INFO - [2026-04-26T23:15:23.827+0000] {dagbag.py:545} INFO - Filling up the DagBag from /home/airflow/.local/lib/python3.12/site-packages/airflow/example_dags/tutorial_dag.py
[2026-04-26T23:15:23.831+0000] {processor.py:840} INFO - DAG(s) 'tutorial_dag' retrieved from /home/airflow/.local/lib/python3.12/site-packages/airflow/example_dags/tutorial_dag.py
[2026-04-26T23:15:23.844+0000] {logging_mixin.py:188} INFO - [2026-04-26T23:15:23.843+0000] {dag.py:3096} INFO - Sync 1 DAGs
[2026-04-26T23:15:23.851+0000] {logging_mixin.py:188} INFO - [2026-04-26T23:15:23.850+0000] {dag.py:3954} INFO - Setting next_dagrun for tutorial_dag to None, run_after=None
[2026-04-26T23:15:23.860+0000] {processor.py:183} INFO - Processing /home/airflow/.local/lib/python3.12/site-packages/airflow/example_dags/tutorial_dag.py took 0.038 seconds
[2026-04-26T23:15:53.890+0000] {processor.py:161} INFO - Started process (PID=947) to work on /home/airflow/.local/lib/python3.12/site-packages/airflow/example_dags/tutorial_dag.py
[2026-04-26T23:15:53.890+0000] {processor.py:830} INFO - Processing file /home/airflow/.local/lib/python3.12/site-packages/airflow/example_dags/tutorial_dag.py for tasks to queue
[2026-04-26T23:15:53.891+0000] {logging_mixin.py:188} INFO - [2026-04-26T23:15:53.891+0000] {dagbag.py:545} INFO - Filling up the DagBag from /home/airflow/.local/lib/python3.12/site-packages/airflow/example_dags/tutorial_dag.py
[2026-04-26T23:15:53.894+0000] {processor.py:840} INFO - DAG(s) 'tutorial_dag' retrieved from /home/airflow/.local/lib/python3.12/site-packages/airflow/example_dags/tutorial_dag.py
[2026-04-26T23:15:53.906+0000] {logging_mixin.py:188} INFO - [2026-04-26T23:15:53.906+0000] {dag.py:3096} INFO - Sync 1 DAGs
[2026-04-26T23:15:53.913+0000] {logging_mixin.py:188} INFO - [2026-04-26T23:15:53.912+0000] {dag.py:3954} INFO - Setting next_dagrun for tutorial_dag to None, run_after=None
[2026-04-26T23:15:53.922+0000] {processor.py:183} INFO - Processing /home/airflow/.local/lib/python3.12/site-packages/airflow/example_dags/tutorial_dag.py took 0.036 seconds
[2026-04-26T23:16:24.109+0000] {processor.py:161} INFO - Started process (PID=1005) to work on /home/airflow/.local/lib/python3.12/site-packages/airflow/example_dags/tutorial_dag.py
[2026-04-26T23:16:24.109+0000] {processor.py:830} INFO - Processing file /home/airflow/.local/lib/python3.12/site-packages/airflow/example_dags/tutorial_dag.py for tasks to queue
[2026-04-26T23:16:24.110+0000] {logging_mixin.py:188} INFO - [2026-04-26T23:16:24.110+0000] {dagbag.py:545} INFO - Filling up the DagBag from /home/airflow/.local/lib/python3.12/site-packages/airflow/example_dags/tutorial_dag.py
[2026-04-26T23:16:24.113+0000] {processor.py:840} INFO - DAG(s) 'tutorial_dag' retrieved from /home/airflow/.local/lib/python3.12/site-packages/airflow/example_dags/tutorial_dag.py
[2026-04-26T23:16:24.124+0000] {logging_mixin.py:188} INFO - [2026-04-26T23:16:24.124+0000] {dag.py:3096} INFO - Sync 1 DAGs
[2026-04-26T23:16:24.130+0000] {logging_mixin.py:188} INFO - [2026-04-26T23:16:24.130+0000] {dag.py:3954} INFO - Setting next_dagrun for tutorial_dag to None, run_after=None
[2026-04-26T23:16:24.139+0000] {processor.py:183} INFO - Processing /home/airflow/.local/lib/python3.12/site-packages/airflow/example_dags/tutorial_dag.py took 0.034 seconds
[2026-04-26T23:16:54.343+0000] {processor.py:161} INFO - Started process (PID=1063) to work on /home/airflow/.local/lib/python3.12/site-packages/airflow/example_dags/tutorial_dag.py
[2026-04-26T23:16:54.343+0000] {processor.py:830} INFO - Processing file /home/airflow/.local/lib/python3.12/site-packages/airflow/example_dags/tutorial_dag.py for tasks to queue
[2026-04-26T23:16:54.344+0000] {logging_mixin.py:188} INFO - [2026-04-26T23:16:54.344+0000] {dagbag.py:545} INFO - Filling up the DagBag from /home/airflow/.local/lib/python3.12/site-packages/airflow/example_dags/tutorial_dag.py
[2026-04-26T23:16:54.347+0000] {processor.py:840} INFO - DAG(s) 'tutorial_dag' retrieved from /home/airflow/.local/lib/python3.12/site-packages/airflow/example_dags/tutorial_dag.py
[2026-04-26T23:16:54.358+0000] {logging_mixin.py:188} INFO - [2026-04-26T23:16:54.358+0000] {dag.py:3096} INFO - Sync 1 DAGs
[2026-04-26T23:16:54.365+0000] {logging_mixin.py:188} INFO - [2026-04-26T23:16:54.365+0000] {dag.py:3954} INFO - Setting next_dagrun for tutorial_dag to None, run_after=None
[2026-04-26T23:16:54.373+0000] {processor.py:183} INFO - Processing /home/airflow/.local/lib/python3.12/site-packages/airflow/example_dags/tutorial_dag.py took 0.033 seconds
[2026-04-26T23:17:24.728+0000] {processor.py:161} INFO - Started process (PID=1121) to work on /home/airflow/.local/lib/python3.12/site-packages/airflow/example_dags/tutorial_dag.py
[2026-04-26T23:17:24.729+0000] {processor.py:830} INFO - Processing file /home/airflow/.local/lib/python3.12/site-packages/airflow/example_dags/tutorial_dag.py for tasks to queue
[2026-04-26T23:17:24.730+0000] {logging_mixin.py:188} INFO - [2026-04-26T23:17:24.730+0000] {dagbag.py:545} INFO - Filling up the DagBag from /home/airflow/.local/lib/python3.12/site-packages/airflow/example_dags/tutorial_dag.py
[2026-04-26T23:17:24.733+0000] {processor.py:840} INFO - DAG(s) 'tutorial_dag' retrieved from /home/airflow/.local/lib/python3.12/site-packages/airflow/example_dags/tutorial_dag.py
[2026-04-26T23:17:24.744+0000] {logging_mixin.py:188} INFO - [2026-04-26T23:17:24.744+0000] {dag.py:3096} INFO - Sync 1 DAGs
[2026-04-26T23:17:24.752+0000] {logging_mixin.py:188} INFO - [2026-04-26T23:17:24.752+0000] {dag.py:3954} INFO - Setting next_dagrun for tutorial_dag to None, run_after=None
[2026-04-26T23:17:24.761+0000] {processor.py:183} INFO - Processing /home/airflow/.local/lib/python3.12/site-packages/airflow/example_dags/tutorial_dag.py took 0.036 seconds
[2026-04-26T23:17:55.043+0000] {processor.py:161} INFO - Started process (PID=1179) to work on /home/airflow/.local/lib/python3.12/site-packages/airflow/example_dags/tutorial_dag.py
[2026-04-26T23:17:55.043+0000] {processor.py:830} INFO - Processing file /home/airflow/.local/lib/python3.12/site-packages/airflow/example_dags/tutorial_dag.py for tasks to queue
[2026-04-26T23:17:55.044+0000] {logging_mixin.py:188} INFO - [2026-04-26T23:17:55.044+0000] {dagbag.py:545} INFO - Filling up the DagBag from /home/airflow/.local/lib/python3.12/site-packages/airflow/example_dags/tutorial_dag.py
[2026-04-26T23:17:55.048+0000] {processor.py:840} INFO - DAG(s) 'tutorial_dag' retrieved from /home/airflow/.local/lib/python3.12/site-packages/airflow/example_dags/tutorial_dag.py
[2026-04-26T23:17:55.059+0000] {logging_mixin.py:188} INFO - [2026-04-26T23:17:55.059+0000] {dag.py:3096} INFO - Sync 1 DAGs
[2026-04-26T23:17:55.066+0000] {logging_mixin.py:188} INFO - [2026-04-26T23:17:55.066+0000] {dag.py:3954} INFO - Setting next_dagrun for tutorial_dag to None, run_after=None
[2026-04-26T23:17:55.077+0000] {processor.py:183} INFO - Processing /home/airflow/.local/lib/python3.12/site-packages/airflow/example_dags/tutorial_dag.py took 0.038 seconds
[2026-04-26T23:18:26.124+0000] {processor.py:161} INFO - Started process (PID=1238) to work on /home/airflow/.local/lib/python3.12/site-packages/airflow/example_dags/tutorial_dag.py
[2026-04-26T23:18:26.125+0000] {processor.py:830} INFO - Processing file /home/airflow/.local/lib/python3.12/site-packages/airflow/example_dags/tutorial_dag.py for tasks to queue
[2026-04-26T23:18:26.126+0000] {logging_mixin.py:188} INFO - [2026-04-26T23:18:26.126+0000] {dagbag.py:545} INFO - Filling up the DagBag from /home/airflow/.local/lib/python3.12/site-packages/airflow/example_dags/tutorial_dag.py
[2026-04-26T23:18:26.129+0000] {processor.py:840} INFO - DAG(s) 'tutorial_dag' retrieved from /home/airflow/.local/lib/python3.12/site-packages/airflow/example_dags/tutorial_dag.py
[2026-04-26T23:18:26.141+0000] {logging_mixin.py:188} INFO - [2026-04-26T23:18:26.141+0000] {dag.py:3096} INFO - Sync 1 DAGs
[2026-04-26T23:18:26.149+0000] {logging_mixin.py:188} INFO - [2026-04-26T23:18:26.149+0000] {dag.py:3954} INFO - Setting next_dagrun for tutorial_dag to None, run_after=None
[2026-04-26T23:18:26.159+0000] {processor.py:183} INFO - Processing /home/airflow/.local/lib/python3.12/site-packages/airflow/example_dags/tutorial_dag.py took 0.039 seconds
[2026-04-26T23:18:56.544+0000] {processor.py:161} INFO - Started process (PID=1297) to work on /home/airflow/.local/lib/python3.12/site-packages/airflow/example_dags/tutorial_dag.py
[2026-04-26T23:18:56.544+0000] {processor.py:830} INFO - Processing file /home/airflow/.local/lib/python3.12/site-packages/airflow/example_dags/tutorial_dag.py for tasks to queue
[2026-04-26T23:18:56.545+0000] {logging_mixin.py:188} INFO - [2026-04-26T23:18:56.545+0000] {dagbag.py:545} INFO - Filling up the DagBag from /home/airflow/.local/lib/python3.12/site-packages/airflow/example_dags/tutorial_dag.py
[2026-04-26T23:18:56.548+0000] {processor.py:840} INFO - DAG(s) 'tutorial_dag' retrieved from /home/airflow/.local/lib/python3.12/site-packages/airflow/example_dags/tutorial_dag.py
[2026-04-26T23:18:56.559+0000] {logging_mixin.py:188} INFO - [2026-04-26T23:18:56.559+0000] {dag.py:3096} INFO - Sync 1 DAGs
[2026-04-26T23:18:56.565+0000] {logging_mixin.py:188} INFO - [2026-04-26T23:18:56.565+0000] {dag.py:3954} INFO - Setting next_dagrun for tutorial_dag to None, run_after=None
[2026-04-26T23:18:56.574+0000] {processor.py:183} INFO - Processing /home/airflow/.local/lib/python3.12/site-packages/airflow/example_dags/tutorial_dag.py took 0.033 seconds
[2026-04-26T23:19:26.758+0000] {processor.py:161} INFO - Started process (PID=1356) to work on /home/airflow/.local/lib/python3.12/site-packages/airflow/example_dags/tutorial_dag.py
[2026-04-26T23:19:26.759+0000] {processor.py:830} INFO - Processing file /home/airflow/.local/lib/python3.12/site-packages/airflow/example_dags/tutorial_dag.py for tasks to queue
[2026-04-26T23:19:26.760+0000] {logging_mixin.py:188} INFO - [2026-04-26T23:19:26.760+0000] {dagbag.py:545} INFO - Filling up the DagBag from /home/airflow/.local/lib/python3.12/site-packages/airflow/example_dags/tutorial_dag.py
[2026-04-26T23:19:26.763+0000] {processor.py:840} INFO - DAG(s) 'tutorial_dag' retrieved from /home/airflow/.local/lib/python3.12/site-packages/airflow/example_dags/tutorial_dag.py
[2026-04-26T23:19:26.774+0000] {logging_mixin.py:188} INFO - [2026-04-26T23:19:26.774+0000] {dag.py:3096} INFO - Sync 1 DAGs
[2026-04-26T23:19:26.781+0000] {logging_mixin.py:188} INFO - [2026-04-26T23:19:26.781+0000] {dag.py:3954} INFO - Setting next_dagrun for tutorial_dag to None, run_after=None
[2026-04-26T23:19:26.789+0000] {processor.py:183} INFO - Processing /home/airflow/.local/lib/python3.12/site-packages/airflow/example_dags/tutorial_dag.py took 0.033 seconds
[2026-04-26T23:19:57.100+0000] {processor.py:161} INFO - Started process (PID=1415) to work on /home/airflow/.local/lib/python3.12/site-packages/airflow/example_dags/tutorial_dag.py
[2026-04-26T23:19:57.101+0000] {processor.py:830} INFO - Processing file /home/airflow/.local/lib/python3.12/site-packages/airflow/example_dags/tutorial_dag.py for tasks to queue
[2026-04-26T23:19:57.102+0000] {logging_mixin.py:188} INFO - [2026-04-26T23:19:57.102+0000] {dagbag.py:545} INFO - Filling up the DagBag from /home/airflow/.local/lib/python3.12/site-packages/airflow/example_dags/tutorial_dag.py
[2026-04-26T23:19:57.105+0000] {processor.py:840} INFO - DAG(s) 'tutorial_dag' retrieved from /home/airflow/.local/lib/python3.12/site-packages/airflow/example_dags/tutorial_dag.py
[2026-04-26T23:19:57.116+0000] {logging_mixin.py:188} INFO - [2026-04-26T23:19:57.116+0000] {dag.py:3096} INFO - Sync 1 DAGs
[2026-04-26T23:19:57.124+0000] {logging_mixin.py:188} INFO - [2026-04-26T23:19:57.124+0000] {dag.py:3954} INFO - Setting next_dagrun for tutorial_dag to None, run_after=None
[2026-04-26T23:19:57.135+0000] {processor.py:183} INFO - Processing /home/airflow/.local/lib/python3.12/site-packages/airflow/example_dags/tutorial_dag.py took 0.038 seconds
[2026-04-26T23:20:27.350+0000] {processor.py:161} INFO - Started process (PID=1474) to work on /home/airflow/.local/lib/python3.12/site-packages/airflow/example_dags/tutorial_dag.py
[2026-04-26T23:20:27.351+0000] {processor.py:830} INFO - Processing file /home/airflow/.local/lib/python3.12/site-packages/airflow/example_dags/tutorial_dag.py for tasks to queue
[2026-04-26T23:20:27.352+0000] {logging_mixin.py:188} INFO - [2026-04-26T23:20:27.351+0000] {dagbag.py:545} INFO - Filling up the DagBag from /home/airflow/.local/lib/python3.12/site-packages/airflow/example_dags/tutorial_dag.py
[2026-04-26T23:20:27.354+0000] {processor.py:840} INFO - DAG(s) 'tutorial_dag' retrieved from /home/airflow/.local/lib/python3.12/site-packages/airflow/example_dags/tutorial_dag.py
[2026-04-26T23:20:27.365+0000] {logging_mixin.py:188} INFO - [2026-04-26T23:20:27.365+0000] {dag.py:3096} INFO - Sync 1 DAGs
[2026-04-26T23:20:27.372+0000] {logging_mixin.py:188} INFO - [2026-04-26T23:20:27.371+0000] {dag.py:3954} INFO - Setting next_dagrun for tutorial_dag to None, run_after=None
[2026-04-26T23:20:27.381+0000] {processor.py:183} INFO - Processing /home/airflow/.local/lib/python3.12/site-packages/airflow/example_dags/tutorial_dag.py took 0.034 seconds
[2026-04-26T23:20:57.593+0000] {processor.py:161} INFO - Started process (PID=1533) to work on /home/airflow/.local/lib/python3.12/site-packages/airflow/example_dags/tutorial_dag.py
[2026-04-26T23:20:57.594+0000] {processor.py:830} INFO - Processing file /home/airflow/.local/lib/python3.12/site-packages/airflow/example_dags/tutorial_dag.py for tasks to queue
[2026-04-26T23:20:57.595+0000] {logging_mixin.py:188} INFO - [2026-04-26T23:20:57.595+0000] {dagbag.py:545} INFO - Filling up the DagBag from /home/airflow/.local/lib/python3.12/site-packages/airflow/example_dags/tutorial_dag.py
[2026-04-26T23:20:57.600+0000] {processor.py:840} INFO - DAG(s) 'tutorial_dag' retrieved from /home/airflow/.local/lib/python3.12/site-packages/airflow/example_dags/tutorial_dag.py
[2026-04-26T23:20:57.616+0000] {logging_mixin.py:188} INFO - [2026-04-26T23:20:57.615+0000] {dag.py:3096} INFO - Sync 1 DAGs
[2026-04-26T23:20:57.626+0000] {logging_mixin.py:188} INFO - [2026-04-26T23:20:57.626+0000] {dag.py:3954} INFO - Setting next_dagrun for tutorial_dag to None, run_after=None
[2026-04-26T23:20:57.639+0000] {processor.py:183} INFO - Processing /home/airflow/.local/lib/python3.12/site-packages/airflow/example_dags/tutorial_dag.py took 0.051 seconds
[2026-04-26T23:21:27.824+0000] {processor.py:161} INFO - Started process (PID=1592) to work on /home/airflow/.local/lib/python3.12/site-packages/airflow/example_dags/tutorial_dag.py
[2026-04-26T23:21:27.826+0000] {processor.py:830} INFO - Processing file /home/airflow/.local/lib/python3.12/site-packages/airflow/example_dags/tutorial_dag.py for tasks to queue
[2026-04-26T23:21:27.827+0000] {logging_mixin.py:188} INFO - [2026-04-26T23:21:27.827+0000] {dagbag.py:545} INFO - Filling up the DagBag from /home/airflow/.local/lib/python3.12/site-packages/airflow/example_dags/tutorial_dag.py
[2026-04-26T23:21:27.830+0000] {processor.py:840} INFO - DAG(s) 'tutorial_dag' retrieved from /home/airflow/.local/lib/python3.12/site-packages/airflow/example_dags/tutorial_dag.py
[2026-04-26T23:21:27.843+0000] {logging_mixin.py:188} INFO - [2026-04-26T23:21:27.843+0000] {dag.py:3096} INFO - Sync 1 DAGs
[2026-04-26T23:21:27.850+0000] {logging_mixin.py:188} INFO - [2026-04-26T23:21:27.850+0000] {dag.py:3954} INFO - Setting next_dagrun for tutorial_dag to None, run_after=None
[2026-04-26T23:21:27.859+0000] {processor.py:183} INFO - Processing /home/airflow/.local/lib/python3.12/site-packages/airflow/example_dags/tutorial_dag.py took 0.039 seconds
[2026-04-26T23:21:58.901+0000] {processor.py:161} INFO - Started process (PID=1652) to work on /home/airflow/.local/lib/python3.12/site-packages/airflow/example_dags/tutorial_dag.py
[2026-04-26T23:21:58.902+0000] {processor.py:830} INFO - Processing file /home/airflow/.local/lib/python3.12/site-packages/airflow/example_dags/tutorial_dag.py for tasks to queue
[2026-04-26T23:21:58.903+0000] {logging_mixin.py:188} INFO - [2026-04-26T23:21:58.902+0000] {dagbag.py:545} INFO - Filling up the DagBag from /home/airflow/.local/lib/python3.12/site-packages/airflow/example_dags/tutorial_dag.py
[2026-04-26T23:21:58.905+0000] {processor.py:840} INFO - DAG(s) 'tutorial_dag' retrieved from /home/airflow/.local/lib/python3.12/site-packages/airflow/example_dags/tutorial_dag.py
[2026-04-26T23:21:58.917+0000] {logging_mixin.py:188} INFO - [2026-04-26T23:21:58.917+0000] {dag.py:3096} INFO - Sync 1 DAGs
[2026-04-26T23:21:58.924+0000] {logging_mixin.py:188} INFO - [2026-04-26T23:21:58.923+0000] {dag.py:3954} INFO - Setting next_dagrun for tutorial_dag to None, run_after=None
[2026-04-26T23:21:58.933+0000] {processor.py:183} INFO - Processing /home/airflow/.local/lib/python3.12/site-packages/airflow/example_dags/tutorial_dag.py took 0.035 seconds
[2026-04-26T23:22:29.200+0000] {processor.py:161} INFO - Started process (PID=1711) to work on /home/airflow/.local/lib/python3.12/site-packages/airflow/example_dags/tutorial_dag.py
[2026-04-26T23:22:29.201+0000] {processor.py:830} INFO - Processing file /home/airflow/.local/lib/python3.12/site-packages/airflow/example_dags/tutorial_dag.py for tasks to queue
[2026-04-26T23:22:29.202+0000] {logging_mixin.py:188} INFO - [2026-04-26T23:22:29.202+0000] {dagbag.py:545} INFO - Filling up the DagBag from /home/airflow/.local/lib/python3.12/site-packages/airflow/example_dags/tutorial_dag.py
[2026-04-26T23:22:29.205+0000] {processor.py:840} INFO - DAG(s) 'tutorial_dag' retrieved from /home/airflow/.local/lib/python3.12/site-packages/airflow/example_dags/tutorial_dag.py
[2026-04-26T23:22:29.216+0000] {logging_mixin.py:188} INFO - [2026-04-26T23:22:29.216+0000] {dag.py:3096} INFO - Sync 1 DAGs
[2026-04-26T23:22:29.223+0000] {logging_mixin.py:188} INFO - [2026-04-26T23:22:29.223+0000] {dag.py:3954} INFO - Setting next_dagrun for tutorial_dag to None, run_after=None
[2026-04-26T23:22:29.232+0000] {processor.py:183} INFO - Processing /home/airflow/.local/lib/python3.12/site-packages/airflow/example_dags/tutorial_dag.py took 0.035 seconds
[2026-04-26T23:22:59.450+0000] {processor.py:161} INFO - Started process (PID=1771) to work on /home/airflow/.local/lib/python3.12/site-packages/airflow/example_dags/tutorial_dag.py
[2026-04-26T23:22:59.451+0000] {processor.py:830} INFO - Processing file /home/airflow/.local/lib/python3.12/site-packages/airflow/example_dags/tutorial_dag.py for tasks to queue
[2026-04-26T23:22:59.452+0000] {logging_mixin.py:188} INFO - [2026-04-26T23:22:59.452+0000] {dagbag.py:545} INFO - Filling up the DagBag from /home/airflow/.local/lib/python3.12/site-packages/airflow/example_dags/tutorial_dag.py
[2026-04-26T23:22:59.455+0000] {processor.py:840} INFO - DAG(s) 'tutorial_dag' retrieved from /home/airflow/.local/lib/python3.12/site-packages/airflow/example_dags/tutorial_dag.py
[2026-04-26T23:22:59.468+0000] {logging_mixin.py:188} INFO - [2026-04-26T23:22:59.468+0000] {dag.py:3096} INFO - Sync 1 DAGs
[2026-04-26T23:22:59.476+0000] {logging_mixin.py:188} INFO - [2026-04-26T23:22:59.476+0000] {dag.py:3954} INFO - Setting next_dagrun for tutorial_dag to None, run_after=None
[2026-04-26T23:22:59.486+0000] {processor.py:183} INFO - Processing /home/airflow/.local/lib/python3.12/site-packages/airflow/example_dags/tutorial_dag.py took 0.040 seconds
[2026-04-26T23:23:30.270+0000] {processor.py:161} INFO - Started process (PID=1830) to work on /home/airflow/.local/lib/python3.12/site-packages/airflow/example_dags/tutorial_dag.py
[2026-04-26T23:23:30.271+0000] {processor.py:830} INFO - Processing file /home/airflow/.local/lib/python3.12/site-packages/airflow/example_dags/tutorial_dag.py for tasks to queue
[2026-04-26T23:23:30.272+0000] {logging_mixin.py:188} INFO - [2026-04-26T23:23:30.271+0000] {dagbag.py:545} INFO - Filling up the DagBag from /home/airflow/.local/lib/python3.12/site-packages/airflow/example_dags/tutorial_dag.py
[2026-04-26T23:23:30.274+0000] {processor.py:840} INFO - DAG(s) 'tutorial_dag' retrieved from /home/airflow/.local/lib/python3.12/site-packages/airflow/example_dags/tutorial_dag.py
[2026-04-26T23:23:30.285+0000] {logging_mixin.py:188} INFO - [2026-04-26T23:23:30.285+0000] {dag.py:3096} INFO - Sync 1 DAGs
[2026-04-26T23:23:30.292+0000] {logging_mixin.py:188} INFO - [2026-04-26T23:23:30.292+0000] {dag.py:3954} INFO - Setting next_dagrun for tutorial_dag to None, run_after=None
[2026-04-26T23:23:30.300+0000] {processor.py:183} INFO - Processing /home/airflow/.local/lib/python3.12/site-packages/airflow/example_dags/tutorial_dag.py took 0.033 seconds
[2026-04-26T23:24:01.727+0000] {processor.py:161} INFO - Started process (PID=1889) to work on /home/airflow/.local/lib/python3.12/site-packages/airflow/example_dags/tutorial_dag.py
[2026-04-26T23:24:01.727+0000] {processor.py:830} INFO - Processing file /home/airflow/.local/lib/python3.12/site-packages/airflow/example_dags/tutorial_dag.py for tasks to queue
[2026-04-26T23:24:01.728+0000] {logging_mixin.py:188} INFO - [2026-04-26T23:24:01.728+0000] {dagbag.py:545} INFO - Filling up the DagBag from /home/airflow/.local/lib/python3.12/site-packages/airflow/example_dags/tutorial_dag.py
[2026-04-26T23:24:01.731+0000] {processor.py:840} INFO - DAG(s) 'tutorial_dag' retrieved from /home/airflow/.local/lib/python3.12/site-packages/airflow/example_dags/tutorial_dag.py
[2026-04-26T23:24:01.742+0000] {logging_mixin.py:188} INFO - [2026-04-26T23:24:01.741+0000] {dag.py:3096} INFO - Sync 1 DAGs
[2026-04-26T23:24:01.748+0000] {logging_mixin.py:188} INFO - [2026-04-26T23:24:01.748+0000] {dag.py:3954} INFO - Setting next_dagrun for tutorial_dag to None, run_after=None
[2026-04-26T23:24:01.757+0000] {processor.py:183} INFO - Processing /home/airflow/.local/lib/python3.12/site-packages/airflow/example_dags/tutorial_dag.py took 0.034 seconds
[2026-04-26T23:24:32.974+0000] {processor.py:161} INFO - Started process (PID=1949) to work on /home/airflow/.local/lib/python3.12/site-packages/airflow/example_dags/tutorial_dag.py
[2026-04-26T23:24:32.974+0000] {processor.py:830} INFO - Processing file /home/airflow/.local/lib/python3.12/site-packages/airflow/example_dags/tutorial_dag.py for tasks to queue
[2026-04-26T23:24:32.975+0000] {logging_mixin.py:188} INFO - [2026-04-26T23:24:32.975+0000] {dagbag.py:545} INFO - Filling up the DagBag from /home/airflow/.local/lib/python3.12/site-packages/airflow/example_dags/tutorial_dag.py
[2026-04-26T23:24:32.978+0000] {processor.py:840} INFO - DAG(s) 'tutorial_dag' retrieved from /home/airflow/.local/lib/python3.12/site-packages/airflow/example_dags/tutorial_dag.py
[2026-04-26T23:24:32.989+0000] {logging_mixin.py:188} INFO - [2026-04-26T23:24:32.989+0000] {dag.py:3096} INFO - Sync 1 DAGs
[2026-04-26T23:24:33.098+0000] {logging_mixin.py:188} INFO - [2026-04-26T23:24:33.098+0000] {dag.py:3954} INFO - Setting next_dagrun for tutorial_dag to None, run_after=None
[2026-04-26T23:24:33.114+0000] {processor.py:183} INFO - Processing /home/airflow/.local/lib/python3.12/site-packages/airflow/example_dags/tutorial_dag.py took 0.144 seconds
[2026-04-26T23:25:03.995+0000] {processor.py:161} INFO - Started process (PID=2009) to work on /home/airflow/.local/lib/python3.12/site-packages/airflow/example_dags/tutorial_dag.py
[2026-04-26T23:25:03.995+0000] {processor.py:830} INFO - Processing file /home/airflow/.local/lib/python3.12/site-packages/airflow/example_dags/tutorial_dag.py for tasks to queue
[2026-04-26T23:25:03.996+0000] {logging_mixin.py:188} INFO - [2026-04-26T23:25:03.996+0000] {dagbag.py:545} INFO - Filling up the DagBag from /home/airflow/.local/lib/python3.12/site-packages/airflow/example_dags/tutorial_dag.py
[2026-04-26T23:25:04.000+0000] {processor.py:840} INFO - DAG(s) 'tutorial_dag' retrieved from /home/airflow/.local/lib/python3.12/site-packages/airflow/example_dags/tutorial_dag.py
[2026-04-26T23:25:04.012+0000] {logging_mixin.py:188} INFO - [2026-04-26T23:25:04.012+0000] {dag.py:3096} INFO - Sync 1 DAGs
[2026-04-26T23:25:04.020+0000] {logging_mixin.py:188} INFO - [2026-04-26T23:25:04.020+0000] {dag.py:3954} INFO - Setting next_dagrun for tutorial_dag to None, run_after=None
[2026-04-26T23:25:04.031+0000] {processor.py:183} INFO - Processing /home/airflow/.local/lib/python3.12/site-packages/airflow/example_dags/tutorial_dag.py took 0.040 seconds
[2026-04-26T23:25:34.747+0000] {processor.py:161} INFO - Started process (PID=2068) to work on /home/airflow/.local/lib/python3.12/site-packages/airflow/example_dags/tutorial_dag.py
[2026-04-26T23:25:34.757+0000] {processor.py:830} INFO - Processing file /home/airflow/.local/lib/python3.12/site-packages/airflow/example_dags/tutorial_dag.py for tasks to queue
[2026-04-26T23:25:34.758+0000] {logging_mixin.py:188} INFO - [2026-04-26T23:25:34.758+0000] {dagbag.py:545} INFO - Filling up the DagBag from /home/airflow/.local/lib/python3.12/site-packages/airflow/example_dags/tutorial_dag.py
[2026-04-26T23:25:34.762+0000] {processor.py:840} INFO - DAG(s) 'tutorial_dag' retrieved from /home/airflow/.local/lib/python3.12/site-packages/airflow/example_dags/tutorial_dag.py
[2026-04-26T23:25:34.774+0000] {logging_mixin.py:188} INFO - [2026-04-26T23:25:34.773+0000] {dag.py:3096} INFO - Sync 1 DAGs
[2026-04-26T23:25:34.781+0000] {logging_mixin.py:188} INFO - [2026-04-26T23:25:34.781+0000] {dag.py:3954} INFO - Setting next_dagrun for tutorial_dag to None, run_after=None
[2026-04-26T23:25:34.793+0000] {processor.py:183} INFO - Processing /home/airflow/.local/lib/python3.12/site-packages/airflow/example_dags/tutorial_dag.py took 0.049 seconds
[2026-04-26T23:26:05.493+0000] {processor.py:161} INFO - Started process (PID=2127) to work on /home/airflow/.local/lib/python3.12/site-packages/airflow/example_dags/tutorial_dag.py
[2026-04-26T23:26:05.494+0000] {processor.py:830} INFO - Processing file /home/airflow/.local/lib/python3.12/site-packages/airflow/example_dags/tutorial_dag.py for tasks to queue
[2026-04-26T23:26:05.495+0000] {logging_mixin.py:188} INFO - [2026-04-26T23:26:05.495+0000] {dagbag.py:545} INFO - Filling up the DagBag from /home/airflow/.local/lib/python3.12/site-packages/airflow/example_dags/tutorial_dag.py
[2026-04-26T23:26:05.498+0000] {processor.py:840} INFO - DAG(s) 'tutorial_dag' retrieved from /home/airflow/.local/lib/python3.12/site-packages/airflow/example_dags/tutorial_dag.py
[2026-04-26T23:26:05.511+0000] {logging_mixin.py:188} INFO - [2026-04-26T23:26:05.511+0000] {dag.py:3096} INFO - Sync 1 DAGs
[2026-04-26T23:26:05.519+0000] {logging_mixin.py:188} INFO - [2026-04-26T23:26:05.519+0000] {dag.py:3954} INFO - Setting next_dagrun for tutorial_dag to None, run_after=None
[2026-04-26T23:26:05.529+0000] {processor.py:183} INFO - Processing /home/airflow/.local/lib/python3.12/site-packages/airflow/example_dags/tutorial_dag.py took 0.040 seconds
[2026-04-26T23:26:36.243+0000] {processor.py:161} INFO - Started process (PID=2186) to work on /home/airflow/.local/lib/python3.12/site-packages/airflow/example_dags/tutorial_dag.py
[2026-04-26T23:26:36.256+0000] {processor.py:830} INFO - Processing file /home/airflow/.local/lib/python3.12/site-packages/airflow/example_dags/tutorial_dag.py for tasks to queue
[2026-04-26T23:26:36.257+0000] {logging_mixin.py:188} INFO - [2026-04-26T23:26:36.257+0000] {dagbag.py:545} INFO - Filling up the DagBag from /home/airflow/.local/lib/python3.12/site-packages/airflow/example_dags/tutorial_dag.py
[2026-04-26T23:26:36.261+0000] {processor.py:840} INFO - DAG(s) 'tutorial_dag' retrieved from /home/airflow/.local/lib/python3.12/site-packages/airflow/example_dags/tutorial_dag.py
[2026-04-26T23:26:36.272+0000] {logging_mixin.py:188} INFO - [2026-04-26T23:26:36.272+0000] {dag.py:3096} INFO - Sync 1 DAGs
[2026-04-26T23:26:36.280+0000] {logging_mixin.py:188} INFO - [2026-04-26T23:26:36.279+0000] {dag.py:3954} INFO - Setting next_dagrun for tutorial_dag to None, run_after=None
[2026-04-26T23:26:36.289+0000] {processor.py:183} INFO - Processing /home/airflow/.local/lib/python3.12/site-packages/airflow/example_dags/tutorial_dag.py took 0.050 seconds
[2026-04-26T23:27:07.061+0000] {processor.py:161} INFO - Started process (PID=2245) to work on /home/airflow/.local/lib/python3.12/site-packages/airflow/example_dags/tutorial_dag.py
[2026-04-26T23:27:07.062+0000] {processor.py:830} INFO - Processing file /home/airflow/.local/lib/python3.12/site-packages/airflow/example_dags/tutorial_dag.py for tasks to queue
[2026-04-26T23:27:07.063+0000] {logging_mixin.py:188} INFO - [2026-04-26T23:27:07.063+0000] {dagbag.py:545} INFO - Filling up the DagBag from /home/airflow/.local/lib/python3.12/site-packages/airflow/example_dags/tutorial_dag.py
[2026-04-26T23:27:07.066+0000] {processor.py:840} INFO - DAG(s) 'tutorial_dag' retrieved from /home/airflow/.local/lib/python3.12/site-packages/airflow/example_dags/tutorial_dag.py
[2026-04-26T23:27:07.078+0000] {logging_mixin.py:188} INFO - [2026-04-26T23:27:07.078+0000] {dag.py:3096} INFO - Sync 1 DAGs
[2026-04-26T23:27:07.086+0000] {logging_mixin.py:188} INFO - [2026-04-26T23:27:07.086+0000] {dag.py:3954} INFO - Setting next_dagrun for tutorial_dag to None, run_after=None
[2026-04-26T23:27:07.096+0000] {processor.py:183} INFO - Processing /home/airflow/.local/lib/python3.12/site-packages/airflow/example_dags/tutorial_dag.py took 0.038 seconds
[2026-04-26T23:27:37.779+0000] {processor.py:161} INFO - Started process (PID=2304) to work on /home/airflow/.local/lib/python3.12/site-packages/airflow/example_dags/tutorial_dag.py
[2026-04-26T23:27:37.793+0000] {processor.py:830} INFO - Processing file /home/airflow/.local/lib/python3.12/site-packages/airflow/example_dags/tutorial_dag.py for tasks to queue
[2026-04-26T23:27:37.794+0000] {logging_mixin.py:188} INFO - [2026-04-26T23:27:37.794+0000] {dagbag.py:545} INFO - Filling up the DagBag from /home/airflow/.local/lib/python3.12/site-packages/airflow/example_dags/tutorial_dag.py
[2026-04-26T23:27:37.797+0000] {processor.py:840} INFO - DAG(s) 'tutorial_dag' retrieved from /home/airflow/.local/lib/python3.12/site-packages/airflow/example_dags/tutorial_dag.py
[2026-04-26T23:27:37.810+0000] {logging_mixin.py:188} INFO - [2026-04-26T23:27:37.810+0000] {dag.py:3096} INFO - Sync 1 DAGs
[2026-04-26T23:27:37.818+0000] {logging_mixin.py:188} INFO - [2026-04-26T23:27:37.817+0000] {dag.py:3954} INFO - Setting next_dagrun for tutorial_dag to None, run_after=None
[2026-04-26T23:27:37.827+0000] {processor.py:183} INFO - Processing /home/airflow/.local/lib/python3.12/site-packages/airflow/example_dags/tutorial_dag.py took 0.052 seconds
[2026-04-26T23:28:08.516+0000] {processor.py:161} INFO - Started process (PID=2363) to work on /home/airflow/.local/lib/python3.12/site-packages/airflow/example_dags/tutorial_dag.py
[2026-04-26T23:28:08.517+0000] {processor.py:830} INFO - Processing file /home/airflow/.local/lib/python3.12/site-packages/airflow/example_dags/tutorial_dag.py for tasks to queue
[2026-04-26T23:28:08.518+0000] {logging_mixin.py:188} INFO - [2026-04-26T23:28:08.518+0000] {dagbag.py:545} INFO - Filling up the DagBag from /home/airflow/.local/lib/python3.12/site-packages/airflow/example_dags/tutorial_dag.py
[2026-04-26T23:28:08.521+0000] {processor.py:840} INFO - DAG(s) 'tutorial_dag' retrieved from /home/airflow/.local/lib/python3.12/site-packages/airflow/example_dags/tutorial_dag.py
[2026-04-26T23:28:08.534+0000] {logging_mixin.py:188} INFO - [2026-04-26T23:28:08.534+0000] {dag.py:3096} INFO - Sync 1 DAGs
[2026-04-26T23:28:08.542+0000] {logging_mixin.py:188} INFO - [2026-04-26T23:28:08.542+0000] {dag.py:3954} INFO - Setting next_dagrun for tutorial_dag to None, run_after=None
[2026-04-26T23:28:08.553+0000] {processor.py:183} INFO - Processing /home/airflow/.local/lib/python3.12/site-packages/airflow/example_dags/tutorial_dag.py took 0.041 seconds
[2026-04-26T23:28:39.263+0000] {processor.py:161} INFO - Started process (PID=2422) to work on /home/airflow/.local/lib/python3.12/site-packages/airflow/example_dags/tutorial_dag.py
[2026-04-26T23:28:39.278+0000] {processor.py:830} INFO - Processing file /home/airflow/.local/lib/python3.12/site-packages/airflow/example_dags/tutorial_dag.py for tasks to queue
[2026-04-26T23:28:39.280+0000] {logging_mixin.py:188} INFO - [2026-04-26T23:28:39.279+0000] {dagbag.py:545} INFO - Filling up the DagBag from /home/airflow/.local/lib/python3.12/site-packages/airflow/example_dags/tutorial_dag.py
[2026-04-26T23:28:39.283+0000] {processor.py:840} INFO - DAG(s) 'tutorial_dag' retrieved from /home/airflow/.local/lib/python3.12/site-packages/airflow/example_dags/tutorial_dag.py
[2026-04-26T23:28:39.295+0000] {logging_mixin.py:188} INFO - [2026-04-26T23:28:39.295+0000] {dag.py:3096} INFO - Sync 1 DAGs
[2026-04-26T23:28:39.302+0000] {logging_mixin.py:188} INFO - [2026-04-26T23:28:39.302+0000] {dag.py:3954} INFO - Setting next_dagrun for tutorial_dag to None, run_after=None
[2026-04-26T23:28:39.314+0000] {processor.py:183} INFO - Processing /home/airflow/.local/lib/python3.12/site-packages/airflow/example_dags/tutorial_dag.py took 0.055 seconds
[2026-04-26T23:29:09.525+0000] {processor.py:161} INFO - Started process (PID=2481) to work on /home/airflow/.local/lib/python3.12/site-packages/airflow/example_dags/tutorial_dag.py
[2026-04-26T23:29:09.525+0000] {processor.py:830} INFO - Processing file /home/airflow/.local/lib/python3.12/site-packages/airflow/example_dags/tutorial_dag.py for tasks to queue
[2026-04-26T23:29:09.526+0000] {logging_mixin.py:188} INFO - [2026-04-26T23:29:09.526+0000] {dagbag.py:545} INFO - Filling up the DagBag from /home/airflow/.local/lib/python3.12/site-packages/airflow/example_dags/tutorial_dag.py
[2026-04-26T23:29:09.529+0000] {processor.py:840} INFO - DAG(s) 'tutorial_dag' retrieved from /home/airflow/.local/lib/python3.12/site-packages/airflow/example_dags/tutorial_dag.py
[2026-04-26T23:29:09.541+0000] {logging_mixin.py:188} INFO - [2026-04-26T23:29:09.541+0000] {dag.py:3096} INFO - Sync 1 DAGs
[2026-04-26T23:29:09.549+0000] {logging_mixin.py:188} INFO - [2026-04-26T23:29:09.549+0000] {dag.py:3954} INFO - Setting next_dagrun for tutorial_dag to None, run_after=None
[2026-04-26T23:29:09.558+0000] {processor.py:183} INFO - Processing /home/airflow/.local/lib/python3.12/site-packages/airflow/example_dags/tutorial_dag.py took 0.037 seconds
[2026-04-26T23:29:40.318+0000] {processor.py:161} INFO - Started process (PID=2540) to work on /home/airflow/.local/lib/python3.12/site-packages/airflow/example_dags/tutorial_dag.py
[2026-04-26T23:29:40.334+0000] {processor.py:830} INFO - Processing file /home/airflow/.local/lib/python3.12/site-packages/airflow/example_dags/tutorial_dag.py for tasks to queue
[2026-04-26T23:29:40.335+0000] {logging_mixin.py:188} INFO - [2026-04-26T23:29:40.335+0000] {dagbag.py:545} INFO - Filling up the DagBag from /home/airflow/.local/lib/python3.12/site-packages/airflow/example_dags/tutorial_dag.py
[2026-04-26T23:29:40.338+0000] {processor.py:840} INFO - DAG(s) 'tutorial_dag' retrieved from /home/airflow/.local/lib/python3.12/site-packages/airflow/example_dags/tutorial_dag.py
[2026-04-26T23:29:40.350+0000] {logging_mixin.py:188} INFO - [2026-04-26T23:29:40.350+0000] {dag.py:3096} INFO - Sync 1 DAGs
[2026-04-26T23:29:40.357+0000] {logging_mixin.py:188} INFO - [2026-04-26T23:29:40.357+0000] {dag.py:3954} INFO - Setting next_dagrun for tutorial_dag to None, run_after=None
[2026-04-26T23:29:40.367+0000] {processor.py:183} INFO - Processing /home/airflow/.local/lib/python3.12/site-packages/airflow/example_dags/tutorial_dag.py took 0.054 seconds
[2026-04-26T23:30:11.128+0000] {processor.py:161} INFO - Started process (PID=2599) to work on /home/airflow/.local/lib/python3.12/site-packages/airflow/example_dags/tutorial_dag.py
[2026-04-26T23:30:11.128+0000] {processor.py:830} INFO - Processing file /home/airflow/.local/lib/python3.12/site-packages/airflow/example_dags/tutorial_dag.py for tasks to queue
[2026-04-26T23:30:11.129+0000] {logging_mixin.py:188} INFO - [2026-04-26T23:30:11.129+0000] {dagbag.py:545} INFO - Filling up the DagBag from /home/airflow/.local/lib/python3.12/site-packages/airflow/example_dags/tutorial_dag.py
[2026-04-26T23:30:11.132+0000] {processor.py:840} INFO - DAG(s) 'tutorial_dag' retrieved from /home/airflow/.local/lib/python3.12/site-packages/airflow/example_dags/tutorial_dag.py
[2026-04-26T23:30:11.145+0000] {logging_mixin.py:188} INFO - [2026-04-26T23:30:11.145+0000] {dag.py:3096} INFO - Sync 1 DAGs
[2026-04-26T23:30:11.152+0000] {logging_mixin.py:188} INFO - [2026-04-26T23:30:11.152+0000] {dag.py:3954} INFO - Setting next_dagrun for tutorial_dag to None, run_after=None
[2026-04-26T23:30:11.165+0000] {processor.py:183} INFO - Processing /home/airflow/.local/lib/python3.12/site-packages/airflow/example_dags/tutorial_dag.py took 0.040 seconds
[2026-04-26T23:30:41.816+0000] {processor.py:161} INFO - Started process (PID=2658) to work on /home/airflow/.local/lib/python3.12/site-packages/airflow/example_dags/tutorial_dag.py
[2026-04-26T23:30:41.834+0000] {processor.py:830} INFO - Processing file /home/airflow/.local/lib/python3.12/site-packages/airflow/example_dags/tutorial_dag.py for tasks to queue
[2026-04-26T23:30:41.836+0000] {logging_mixin.py:188} INFO - [2026-04-26T23:30:41.836+0000] {dagbag.py:545} INFO - Filling up the DagBag from /home/airflow/.local/lib/python3.12/site-packages/airflow/example_dags/tutorial_dag.py
[2026-04-26T23:30:41.839+0000] {processor.py:840} INFO - DAG(s) 'tutorial_dag' retrieved from /home/airflow/.local/lib/python3.12/site-packages/airflow/example_dags/tutorial_dag.py
[2026-04-26T23:30:41.854+0000] {logging_mixin.py:188} INFO - [2026-04-26T23:30:41.854+0000] {dag.py:3096} INFO - Sync 1 DAGs
[2026-04-26T23:30:41.860+0000] {logging_mixin.py:188} INFO - [2026-04-26T23:30:41.860+0000] {dag.py:3954} INFO - Setting next_dagrun for tutorial_dag to None, run_after=None
[2026-04-26T23:30:41.869+0000] {processor.py:183} INFO - Processing /home/airflow/.local/lib/python3.12/site-packages/airflow/example_dags/tutorial_dag.py took 0.057 seconds
[2026-04-26T23:31:12.614+0000] {processor.py:161} INFO - Started process (PID=2717) to work on /home/airflow/.local/lib/python3.12/site-packages/airflow/example_dags/tutorial_dag.py
[2026-04-26T23:31:12.614+0000] {processor.py:830} INFO - Processing file /home/airflow/.local/lib/python3.12/site-packages/airflow/example_dags/tutorial_dag.py for tasks to queue
[2026-04-26T23:31:12.615+0000] {logging_mixin.py:188} INFO - [2026-04-26T23:31:12.615+0000] {dagbag.py:545} INFO - Filling up the DagBag from /home/airflow/.local/lib/python3.12/site-packages/airflow/example_dags/tutorial_dag.py
[2026-04-26T23:31:12.618+0000] {processor.py:840} INFO - DAG(s) 'tutorial_dag' retrieved from /home/airflow/.local/lib/python3.12/site-packages/airflow/example_dags/tutorial_dag.py
[2026-04-26T23:31:12.630+0000] {logging_mixin.py:188} INFO - [2026-04-26T23:31:12.630+0000] {dag.py:3096} INFO - Sync 1 DAGs
[2026-04-26T23:31:12.637+0000] {logging_mixin.py:188} INFO - [2026-04-26T23:31:12.637+0000] {dag.py:3954} INFO - Setting next_dagrun for tutorial_dag to None, run_after=None
[2026-04-26T23:31:12.646+0000] {processor.py:183} INFO - Processing /home/airflow/.local/lib/python3.12/site-packages/airflow/example_dags/tutorial_dag.py took 0.036 seconds
[2026-04-26T23:31:43.312+0000] {processor.py:161} INFO - Started process (PID=2776) to work on /home/airflow/.local/lib/python3.12/site-packages/airflow/example_dags/tutorial_dag.py
[2026-04-26T23:31:43.331+0000] {processor.py:830} INFO - Processing file /home/airflow/.local/lib/python3.12/site-packages/airflow/example_dags/tutorial_dag.py for tasks to queue
[2026-04-26T23:31:43.332+0000] {logging_mixin.py:188} INFO - [2026-04-26T23:31:43.332+0000] {dagbag.py:545} INFO - Filling up the DagBag from /home/airflow/.local/lib/python3.12/site-packages/airflow/example_dags/tutorial_dag.py
[2026-04-26T23:31:43.335+0000] {processor.py:840} INFO - DAG(s) 'tutorial_dag' retrieved from /home/airflow/.local/lib/python3.12/site-packages/airflow/example_dags/tutorial_dag.py
[2026-04-26T23:31:43.349+0000] {logging_mixin.py:188} INFO - [2026-04-26T23:31:43.349+0000] {dag.py:3096} INFO - Sync 1 DAGs
[2026-04-26T23:31:43.357+0000] {logging_mixin.py:188} INFO - [2026-04-26T23:31:43.357+0000] {dag.py:3954} INFO - Setting next_dagrun for tutorial_dag to None, run_after=None
[2026-04-26T23:31:43.369+0000] {processor.py:183} INFO - Processing /home/airflow/.local/lib/python3.12/site-packages/airflow/example_dags/tutorial_dag.py took 0.061 seconds
[2026-04-26T23:32:14.185+0000] {processor.py:161} INFO - Started process (PID=2835) to work on /home/airflow/.local/lib/python3.12/site-packages/airflow/example_dags/tutorial_dag.py
[2026-04-26T23:32:14.186+0000] {processor.py:830} INFO - Processing file /home/airflow/.local/lib/python3.12/site-packages/airflow/example_dags/tutorial_dag.py for tasks to queue
[2026-04-26T23:32:14.187+0000] {logging_mixin.py:188} INFO - [2026-04-26T23:32:14.187+0000] {dagbag.py:545} INFO - Filling up the DagBag from /home/airflow/.local/lib/python3.12/site-packages/airflow/example_dags/tutorial_dag.py
[2026-04-26T23:32:14.191+0000] {processor.py:840} INFO - DAG(s) 'tutorial_dag' retrieved from /home/airflow/.local/lib/python3.12/site-packages/airflow/example_dags/tutorial_dag.py
[2026-04-26T23:32:14.206+0000] {logging_mixin.py:188} INFO - [2026-04-26T23:32:14.205+0000] {dag.py:3096} INFO - Sync 1 DAGs
[2026-04-26T23:32:14.214+0000] {logging_mixin.py:188} INFO - [2026-04-26T23:32:14.214+0000] {dag.py:3954} INFO - Setting next_dagrun for tutorial_dag to None, run_after=None
[2026-04-26T23:32:14.227+0000] {processor.py:183} INFO - Processing /home/airflow/.local/lib/python3.12/site-packages/airflow/example_dags/tutorial_dag.py took 0.046 seconds
[2026-04-26T23:32:44.389+0000] {processor.py:161} INFO - Started process (PID=2894) to work on /home/airflow/.local/lib/python3.12/site-packages/airflow/example_dags/tutorial_dag.py
[2026-04-26T23:32:44.409+0000] {processor.py:830} INFO - Processing file /home/airflow/.local/lib/python3.12/site-packages/airflow/example_dags/tutorial_dag.py for tasks to queue
[2026-04-26T23:32:44.410+0000] {logging_mixin.py:188} INFO - [2026-04-26T23:32:44.410+0000] {dagbag.py:545} INFO - Filling up the DagBag from /home/airflow/.local/lib/python3.12/site-packages/airflow/example_dags/tutorial_dag.py
[2026-04-26T23:32:44.414+0000] {processor.py:840} INFO - DAG(s) 'tutorial_dag' retrieved from /home/airflow/.local/lib/python3.12/site-packages/airflow/example_dags/tutorial_dag.py
[2026-04-26T23:32:44.428+0000] {logging_mixin.py:188} INFO - [2026-04-26T23:32:44.428+0000] {dag.py:3096} INFO - Sync 1 DAGs
[2026-04-26T23:32:44.438+0000] {logging_mixin.py:188} INFO - [2026-04-26T23:32:44.438+0000] {dag.py:3954} INFO - Setting next_dagrun for tutorial_dag to None, run_after=None
[2026-04-26T23:32:44.450+0000] {processor.py:183} INFO - Processing /home/airflow/.local/lib/python3.12/site-packages/airflow/example_dags/tutorial_dag.py took 0.066 seconds
[2026-04-26T23:33:14.613+0000] {processor.py:161} INFO - Started process (PID=2953) to work on /home/airflow/.local/lib/python3.12/site-packages/airflow/example_dags/tutorial_dag.py
[2026-04-26T23:33:14.614+0000] {processor.py:830} INFO - Processing file /home/airflow/.local/lib/python3.12/site-packages/airflow/example_dags/tutorial_dag.py for tasks to queue
[2026-04-26T23:33:14.615+0000] {logging_mixin.py:188} INFO - [2026-04-26T23:33:14.614+0000] {dagbag.py:545} INFO - Filling up the DagBag from /home/airflow/.local/lib/python3.12/site-packages/airflow/example_dags/tutorial_dag.py
[2026-04-26T23:33:14.618+0000] {processor.py:840} INFO - DAG(s) 'tutorial_dag' retrieved from /home/airflow/.local/lib/python3.12/site-packages/airflow/example_dags/tutorial_dag.py
[2026-04-26T23:33:14.630+0000] {logging_mixin.py:188} INFO - [2026-04-26T23:33:14.630+0000] {dag.py:3096} INFO - Sync 1 DAGs
[2026-04-26T23:33:14.637+0000] {logging_mixin.py:188} INFO - [2026-04-26T23:33:14.637+0000] {dag.py:3954} INFO - Setting next_dagrun for tutorial_dag to None, run_after=None
[2026-04-26T23:33:14.646+0000] {processor.py:183} INFO - Processing /home/airflow/.local/lib/python3.12/site-packages/airflow/example_dags/tutorial_dag.py took 0.036 seconds
[2026-04-26T23:33:45.491+0000] {processor.py:161} INFO - Started process (PID=3016) to work on /home/airflow/.local/lib/python3.12/site-packages/airflow/example_dags/tutorial_dag.py
[2026-04-26T23:33:45.515+0000] {processor.py:830} INFO - Processing file /home/airflow/.local/lib/python3.12/site-packages/airflow/example_dags/tutorial_dag.py for tasks to queue
[2026-04-26T23:33:45.516+0000] {logging_mixin.py:188} INFO - [2026-04-26T23:33:45.516+0000] {dagbag.py:545} INFO - Filling up the DagBag from /home/airflow/.local/lib/python3.12/site-packages/airflow/example_dags/tutorial_dag.py
[2026-04-26T23:33:45.519+0000] {processor.py:840} INFO - DAG(s) 'tutorial_dag' retrieved from /home/airflow/.local/lib/python3.12/site-packages/airflow/example_dags/tutorial_dag.py
[2026-04-26T23:33:45.531+0000] {logging_mixin.py:188} INFO - [2026-04-26T23:33:45.531+0000] {dag.py:3096} INFO - Sync 1 DAGs
[2026-04-26T23:33:45.539+0000] {logging_mixin.py:188} INFO - [2026-04-26T23:33:45.538+0000] {dag.py:3954} INFO - Setting next_dagrun for tutorial_dag to None, run_after=None
[2026-04-26T23:33:45.549+0000] {processor.py:183} INFO - Processing /home/airflow/.local/lib/python3.12/site-packages/airflow/example_dags/tutorial_dag.py took 0.062 seconds
[2026-04-26T23:34:15.631+0000] {processor.py:161} INFO - Started process (PID=3075) to work on /home/airflow/.local/lib/python3.12/site-packages/airflow/example_dags/tutorial_dag.py
[2026-04-26T23:34:15.632+0000] {processor.py:830} INFO - Processing file /home/airflow/.local/lib/python3.12/site-packages/airflow/example_dags/tutorial_dag.py for tasks to queue
[2026-04-26T23:34:15.633+0000] {logging_mixin.py:188} INFO - [2026-04-26T23:34:15.633+0000] {dagbag.py:545} INFO - Filling up the DagBag from /home/airflow/.local/lib/python3.12/site-packages/airflow/example_dags/tutorial_dag.py
[2026-04-26T23:34:15.636+0000] {processor.py:840} INFO - DAG(s) 'tutorial_dag' retrieved from /home/airflow/.local/lib/python3.12/site-packages/airflow/example_dags/tutorial_dag.py
[2026-04-26T23:34:15.648+0000] {logging_mixin.py:188} INFO - [2026-04-26T23:34:15.648+0000] {dag.py:3096} INFO - Sync 1 DAGs
[2026-04-26T23:34:15.655+0000] {logging_mixin.py:188} INFO - [2026-04-26T23:34:15.655+0000] {dag.py:3954} INFO - Setting next_dagrun for tutorial_dag to None, run_after=None
[2026-04-26T23:34:15.665+0000] {processor.py:183} INFO - Processing /home/airflow/.local/lib/python3.12/site-packages/airflow/example_dags/tutorial_dag.py took 0.038 seconds
[2026-04-26T23:34:45.866+0000] {processor.py:161} INFO - Started process (PID=3134) to work on /home/airflow/.local/lib/python3.12/site-packages/airflow/example_dags/tutorial_dag.py
[2026-04-26T23:34:45.870+0000] {processor.py:830} INFO - Processing file /home/airflow/.local/lib/python3.12/site-packages/airflow/example_dags/tutorial_dag.py for tasks to queue
[2026-04-26T23:34:45.871+0000] {logging_mixin.py:188} INFO - [2026-04-26T23:34:45.871+0000] {dagbag.py:545} INFO - Filling up the DagBag from /home/airflow/.local/lib/python3.12/site-packages/airflow/example_dags/tutorial_dag.py
[2026-04-26T23:34:45.874+0000] {processor.py:840} INFO - DAG(s) 'tutorial_dag' retrieved from /home/airflow/.local/lib/python3.12/site-packages/airflow/example_dags/tutorial_dag.py
[2026-04-26T23:34:45.887+0000] {logging_mixin.py:188} INFO - [2026-04-26T23:34:45.887+0000] {dag.py:3096} INFO - Sync 1 DAGs
[2026-04-26T23:34:45.894+0000] {logging_mixin.py:188} INFO - [2026-04-26T23:34:45.894+0000] {dag.py:3954} INFO - Setting next_dagrun for tutorial_dag to None, run_after=None
[2026-04-26T23:34:45.906+0000] {processor.py:183} INFO - Processing /home/airflow/.local/lib/python3.12/site-packages/airflow/example_dags/tutorial_dag.py took 0.043 seconds
[2026-04-26T23:35:16.483+0000] {processor.py:161} INFO - Started process (PID=3193) to work on /home/airflow/.local/lib/python3.12/site-packages/airflow/example_dags/tutorial_dag.py
[2026-04-26T23:35:16.484+0000] {processor.py:830} INFO - Processing file /home/airflow/.local/lib/python3.12/site-packages/airflow/example_dags/tutorial_dag.py for tasks to queue
[2026-04-26T23:35:16.485+0000] {logging_mixin.py:188} INFO - [2026-04-26T23:35:16.485+0000] {dagbag.py:545} INFO - Filling up the DagBag from /home/airflow/.local/lib/python3.12/site-packages/airflow/example_dags/tutorial_dag.py
[2026-04-26T23:35:16.488+0000] {processor.py:840} INFO - DAG(s) 'tutorial_dag' retrieved from /home/airflow/.local/lib/python3.12/site-packages/airflow/example_dags/tutorial_dag.py
[2026-04-26T23:35:16.500+0000] {logging_mixin.py:188} INFO - [2026-04-26T23:35:16.500+0000] {dag.py:3096} INFO - Sync 1 DAGs
[2026-04-26T23:35:16.508+0000] {logging_mixin.py:188} INFO - [2026-04-26T23:35:16.508+0000] {dag.py:3954} INFO - Setting next_dagrun for tutorial_dag to None, run_after=None
[2026-04-26T23:35:16.517+0000] {processor.py:183} INFO - Processing /home/airflow/.local/lib/python3.12/site-packages/airflow/example_dags/tutorial_dag.py took 0.038 seconds
[2026-04-26T23:35:47.184+0000] {processor.py:161} INFO - Started process (PID=3252) to work on /home/airflow/.local/lib/python3.12/site-packages/airflow/example_dags/tutorial_dag.py
[2026-04-26T23:35:47.189+0000] {processor.py:830} INFO - Processing file /home/airflow/.local/lib/python3.12/site-packages/airflow/example_dags/tutorial_dag.py for tasks to queue
[2026-04-26T23:35:47.190+0000] {logging_mixin.py:188} INFO - [2026-04-26T23:35:47.190+0000] {dagbag.py:545} INFO - Filling up the DagBag from /home/airflow/.local/lib/python3.12/site-packages/airflow/example_dags/tutorial_dag.py
[2026-04-26T23:35:47.194+0000] {processor.py:840} INFO - DAG(s) 'tutorial_dag' retrieved from /home/airflow/.local/lib/python3.12/site-packages/airflow/example_dags/tutorial_dag.py
[2026-04-26T23:35:47.205+0000] {logging_mixin.py:188} INFO - [2026-04-26T23:35:47.205+0000] {dag.py:3096} INFO - Sync 1 DAGs
[2026-04-26T23:35:47.212+0000] {logging_mixin.py:188} INFO - [2026-04-26T23:35:47.212+0000] {dag.py:3954} INFO - Setting next_dagrun for tutorial_dag to None, run_after=None
[2026-04-26T23:35:47.222+0000] {processor.py:183} INFO - Processing /home/airflow/.local/lib/python3.12/site-packages/airflow/example_dags/tutorial_dag.py took 0.042 seconds
[2026-04-26T23:36:17.985+0000] {processor.py:161} INFO - Started process (PID=3311) to work on /home/airflow/.local/lib/python3.12/site-packages/airflow/example_dags/tutorial_dag.py
[2026-04-26T23:36:17.985+0000] {processor.py:830} INFO - Processing file /home/airflow/.local/lib/python3.12/site-packages/airflow/example_dags/tutorial_dag.py for tasks to queue
[2026-04-26T23:36:17.986+0000] {logging_mixin.py:188} INFO - [2026-04-26T23:36:17.986+0000] {dagbag.py:545} INFO - Filling up the DagBag from /home/airflow/.local/lib/python3.12/site-packages/airflow/example_dags/tutorial_dag.py
[2026-04-26T23:36:17.990+0000] {processor.py:840} INFO - DAG(s) 'tutorial_dag' retrieved from /home/airflow/.local/lib/python3.12/site-packages/airflow/example_dags/tutorial_dag.py
[2026-04-26T23:36:18.002+0000] {logging_mixin.py:188} INFO - [2026-04-26T23:36:18.002+0000] {dag.py:3096} INFO - Sync 1 DAGs
[2026-04-26T23:36:18.009+0000] {logging_mixin.py:188} INFO - [2026-04-26T23:36:18.009+0000] {dag.py:3954} INFO - Setting next_dagrun for tutorial_dag to None, run_after=None
[2026-04-26T23:36:18.018+0000] {processor.py:183} INFO - Processing /home/airflow/.local/lib/python3.12/site-packages/airflow/example_dags/tutorial_dag.py took 0.037 seconds
[2026-04-26T23:36:48.598+0000] {processor.py:161} INFO - Started process (PID=3370) to work on /home/airflow/.local/lib/python3.12/site-packages/airflow/example_dags/tutorial_dag.py
[2026-04-26T23:36:48.605+0000] {processor.py:830} INFO - Processing file /home/airflow/.local/lib/python3.12/site-packages/airflow/example_dags/tutorial_dag.py for tasks to queue
[2026-04-26T23:36:48.606+0000] {logging_mixin.py:188} INFO - [2026-04-26T23:36:48.606+0000] {dagbag.py:545} INFO - Filling up the DagBag from /home/airflow/.local/lib/python3.12/site-packages/airflow/example_dags/tutorial_dag.py
[2026-04-26T23:36:48.609+0000] {processor.py:840} INFO - DAG(s) 'tutorial_dag' retrieved from /home/airflow/.local/lib/python3.12/site-packages/airflow/example_dags/tutorial_dag.py
[2026-04-26T23:36:48.621+0000] {logging_mixin.py:188} INFO - [2026-04-26T23:36:48.621+0000] {dag.py:3096} INFO - Sync 1 DAGs
[2026-04-26T23:36:48.628+0000] {logging_mixin.py:188} INFO - [2026-04-26T23:36:48.628+0000] {dag.py:3954} INFO - Setting next_dagrun for tutorial_dag to None, run_after=None
[2026-04-26T23:36:48.638+0000] {processor.py:183} INFO - Processing /home/airflow/.local/lib/python3.12/site-packages/airflow/example_dags/tutorial_dag.py took 0.044 seconds
[2026-04-26T23:37:19.373+0000] {processor.py:161} INFO - Started process (PID=3429) to work on /home/airflow/.local/lib/python3.12/site-packages/airflow/example_dags/tutorial_dag.py
[2026-04-26T23:37:19.373+0000] {processor.py:830} INFO - Processing file /home/airflow/.local/lib/python3.12/site-packages/airflow/example_dags/tutorial_dag.py for tasks to queue
[2026-04-26T23:37:19.374+0000] {logging_mixin.py:188} INFO - [2026-04-26T23:37:19.374+0000] {dagbag.py:545} INFO - Filling up the DagBag from /home/airflow/.local/lib/python3.12/site-packages/airflow/example_dags/tutorial_dag.py
[2026-04-26T23:37:19.378+0000] {processor.py:840} INFO - DAG(s) 'tutorial_dag' retrieved from /home/airflow/.local/lib/python3.12/site-packages/airflow/example_dags/tutorial_dag.py
[2026-04-26T23:37:19.391+0000] {logging_mixin.py:188} INFO - [2026-04-26T23:37:19.391+0000] {dag.py:3096} INFO - Sync 1 DAGs
[2026-04-26T23:37:19.399+0000] {logging_mixin.py:188} INFO - [2026-04-26T23:37:19.399+0000] {dag.py:3954} INFO - Setting next_dagrun for tutorial_dag to None, run_after=None
[2026-04-26T23:37:19.409+0000] {processor.py:183} INFO - Processing /home/airflow/.local/lib/python3.12/site-packages/airflow/example_dags/tutorial_dag.py took 0.040 seconds
[2026-04-26T23:37:50.150+0000] {processor.py:161} INFO - Started process (PID=3488) to work on /home/airflow/.local/lib/python3.12/site-packages/airflow/example_dags/tutorial_dag.py
[2026-04-26T23:37:50.151+0000] {processor.py:830} INFO - Processing file /home/airflow/.local/lib/python3.12/site-packages/airflow/example_dags/tutorial_dag.py for tasks to queue
[2026-04-26T23:37:50.152+0000] {logging_mixin.py:188} INFO - [2026-04-26T23:37:50.152+0000] {dagbag.py:545} INFO - Filling up the DagBag from /home/airflow/.local/lib/python3.12/site-packages/airflow/example_dags/tutorial_dag.py
[2026-04-26T23:37:50.155+0000] {processor.py:840} INFO - DAG(s) 'tutorial_dag' retrieved from /home/airflow/.local/lib/python3.12/site-packages/airflow/example_dags/tutorial_dag.py
[2026-04-26T23:37:50.168+0000] {logging_mixin.py:188} INFO - [2026-04-26T23:37:50.167+0000] {dag.py:3096} INFO - Sync 1 DAGs
[2026-04-26T23:37:50.175+0000] {logging_mixin.py:188} INFO - [2026-04-26T23:37:50.175+0000] {dag.py:3954} INFO - Setting next_dagrun for tutorial_dag to None, run_after=None
[2026-04-26T23:37:50.187+0000] {processor.py:183} INFO - Processing /home/airflow/.local/lib/python3.12/site-packages/airflow/example_dags/tutorial_dag.py took 0.040 seconds
[2026-04-26T23:38:20.807+0000] {processor.py:161} INFO - Started process (PID=3553) to work on /home/airflow/.local/lib/python3.12/site-packages/airflow/example_dags/tutorial_dag.py
[2026-04-26T23:38:20.808+0000] {processor.py:830} INFO - Processing file /home/airflow/.local/lib/python3.12/site-packages/airflow/example_dags/tutorial_dag.py for tasks to queue
[2026-04-26T23:38:20.809+0000] {logging_mixin.py:188} INFO - [2026-04-26T23:38:20.809+0000] {dagbag.py:545} INFO - Filling up the DagBag from /home/airflow/.local/lib/python3.12/site-packages/airflow/example_dags/tutorial_dag.py
[2026-04-26T23:38:20.813+0000] {processor.py:840} INFO - DAG(s) 'tutorial_dag' retrieved from /home/airflow/.local/lib/python3.12/site-packages/airflow/example_dags/tutorial_dag.py
[2026-04-26T23:38:20.828+0000] {logging_mixin.py:188} INFO - [2026-04-26T23:38:20.828+0000] {dag.py:3096} INFO - Sync 1 DAGs
[2026-04-26T23:38:20.837+0000] {logging_mixin.py:188} INFO - [2026-04-26T23:38:20.837+0000] {dag.py:3954} INFO - Setting next_dagrun for tutorial_dag to None, run_after=None
[2026-04-26T23:38:20.848+0000] {processor.py:183} INFO - Processing /home/airflow/.local/lib/python3.12/site-packages/airflow/example_dags/tutorial_dag.py took 0.045 seconds
[2026-04-26T23:38:46.892+0000] {processor.py:161} INFO - Started process (PID=90) to work on /home/airflow/.local/lib/python3.12/site-packages/airflow/example_dags/tutorial_dag.py
[2026-04-26T23:38:46.893+0000] {processor.py:830} INFO - Processing file /home/airflow/.local/lib/python3.12/site-packages/airflow/example_dags/tutorial_dag.py for tasks to queue
[2026-04-26T23:38:46.894+0000] {logging_mixin.py:188} INFO - [2026-04-26T23:38:46.894+0000] {dagbag.py:545} INFO - Filling up the DagBag from /home/airflow/.local/lib/python3.12/site-packages/airflow/example_dags/tutorial_dag.py
[2026-04-26T23:38:46.898+0000] {processor.py:840} INFO - DAG(s) 'tutorial_dag' retrieved from /home/airflow/.local/lib/python3.12/site-packages/airflow/example_dags/tutorial_dag.py
[2026-04-26T23:38:46.904+0000] {logging_mixin.py:188} INFO - [2026-04-26T23:38:46.904+0000] {dag.py:3096} INFO - Sync 1 DAGs
[2026-04-26T23:38:46.912+0000] {logging_mixin.py:188} INFO - [2026-04-26T23:38:46.912+0000] {dag.py:3954} INFO - Setting next_dagrun for tutorial_dag to None, run_after=None
[2026-04-26T23:38:46.924+0000] {processor.py:183} INFO - Processing /home/airflow/.local/lib/python3.12/site-packages/airflow/example_dags/tutorial_dag.py took 0.036 seconds
[2026-04-26T23:39:18.026+0000] {processor.py:161} INFO - Started process (PID=155) to work on /home/airflow/.local/lib/python3.12/site-packages/airflow/example_dags/tutorial_dag.py
[2026-04-26T23:39:18.026+0000] {processor.py:830} INFO - Processing file /home/airflow/.local/lib/python3.12/site-packages/airflow/example_dags/tutorial_dag.py for tasks to queue
[2026-04-26T23:39:18.027+0000] {logging_mixin.py:188} INFO - [2026-04-26T23:39:18.027+0000] {dagbag.py:545} INFO - Filling up the DagBag from /home/airflow/.local/lib/python3.12/site-packages/airflow/example_dags/tutorial_dag.py
[2026-04-26T23:39:18.030+0000] {processor.py:840} INFO - DAG(s) 'tutorial_dag' retrieved from /home/airflow/.local/lib/python3.12/site-packages/airflow/example_dags/tutorial_dag.py
[2026-04-26T23:39:18.084+0000] {logging_mixin.py:188} INFO - [2026-04-26T23:39:18.084+0000] {dag.py:3096} INFO - Sync 1 DAGs
[2026-04-26T23:39:18.089+0000] {logging_mixin.py:188} INFO - [2026-04-26T23:39:18.089+0000] {dag.py:3954} INFO - Setting next_dagrun for tutorial_dag to None, run_after=None
[2026-04-26T23:39:18.098+0000] {processor.py:183} INFO - Processing /home/airflow/.local/lib/python3.12/site-packages/airflow/example_dags/tutorial_dag.py took 0.075 seconds
[2026-04-26T23:39:48.297+0000] {processor.py:161} INFO - Started process (PID=214) to work on /home/airflow/.local/lib/python3.12/site-packages/airflow/example_dags/tutorial_dag.py
[2026-04-26T23:39:48.298+0000] {processor.py:830} INFO - Processing file /home/airflow/.local/lib/python3.12/site-packages/airflow/example_dags/tutorial_dag.py for tasks to queue
[2026-04-26T23:39:48.299+0000] {logging_mixin.py:188} INFO - [2026-04-26T23:39:48.299+0000] {dagbag.py:545} INFO - Filling up the DagBag from /home/airflow/.local/lib/python3.12/site-packages/airflow/example_dags/tutorial_dag.py
[2026-04-26T23:39:48.302+0000] {processor.py:840} INFO - DAG(s) 'tutorial_dag' retrieved from /home/airflow/.local/lib/python3.12/site-packages/airflow/example_dags/tutorial_dag.py
[2026-04-26T23:39:48.316+0000] {logging_mixin.py:188} INFO - [2026-04-26T23:39:48.315+0000] {dag.py:3096} INFO - Sync 1 DAGs
[2026-04-26T23:39:48.322+0000] {logging_mixin.py:188} INFO - [2026-04-26T23:39:48.322+0000] {dag.py:3954} INFO - Setting next_dagrun for tutorial_dag to None, run_after=None
[2026-04-26T23:39:48.331+0000] {processor.py:183} INFO - Processing /home/airflow/.local/lib/python3.12/site-packages/airflow/example_dags/tutorial_dag.py took 0.038 seconds
[2026-04-26T23:40:19.182+0000] {processor.py:161} INFO - Started process (PID=273) to work on /home/airflow/.local/lib/python3.12/site-packages/airflow/example_dags/tutorial_dag.py
[2026-04-26T23:40:19.183+0000] {processor.py:830} INFO - Processing file /home/airflow/.local/lib/python3.12/site-packages/airflow/example_dags/tutorial_dag.py for tasks to queue
[2026-04-26T23:40:19.184+0000] {logging_mixin.py:188} INFO - [2026-04-26T23:40:19.184+0000] {dagbag.py:545} INFO - Filling up the DagBag from /home/airflow/.local/lib/python3.12/site-packages/airflow/example_dags/tutorial_dag.py
[2026-04-26T23:40:19.187+0000] {processor.py:840} INFO - DAG(s) 'tutorial_dag' retrieved from /home/airflow/.local/lib/python3.12/site-packages/airflow/example_dags/tutorial_dag.py
[2026-04-26T23:40:19.197+0000] {logging_mixin.py:188} INFO - [2026-04-26T23:40:19.197+0000] {dag.py:3096} INFO - Sync 1 DAGs
[2026-04-26T23:40:19.204+0000] {logging_mixin.py:188} INFO - [2026-04-26T23:40:19.204+0000] {dag.py:3954} INFO - Setting next_dagrun for tutorial_dag to None, run_after=None
[2026-04-26T23:40:19.213+0000] {processor.py:183} INFO - Processing /home/airflow/.local/lib/python3.12/site-packages/airflow/example_dags/tutorial_dag.py took 0.034 seconds
[2026-04-26T23:40:50.146+0000] {processor.py:161} INFO - Started process (PID=331) to work on /home/airflow/.local/lib/python3.12/site-packages/airflow/example_dags/tutorial_dag.py
[2026-04-26T23:40:50.146+0000] {processor.py:830} INFO - Processing file /home/airflow/.local/lib/python3.12/site-packages/airflow/example_dags/tutorial_dag.py for tasks to queue
[2026-04-26T23:40:50.147+0000] {logging_mixin.py:188} INFO - [2026-04-26T23:40:50.147+0000] {dagbag.py:545} INFO - Filling up the DagBag from /home/airflow/.local/lib/python3.12/site-packages/airflow/example_dags/tutorial_dag.py
[2026-04-26T23:40:50.150+0000] {processor.py:840} INFO - DAG(s) 'tutorial_dag' retrieved from /home/airflow/.local/lib/python3.12/site-packages/airflow/example_dags/tutorial_dag.py
[2026-04-26T23:40:50.160+0000] {logging_mixin.py:188} INFO - [2026-04-26T23:40:50.160+0000] {dag.py:3096} INFO - Sync 1 DAGs
[2026-04-26T23:40:50.166+0000] {logging_mixin.py:188} INFO - [2026-04-26T23:40:50.166+0000] {dag.py:3954} INFO - Setting next_dagrun for tutorial_dag to None, run_after=None
[2026-04-26T23:40:50.175+0000] {processor.py:183} INFO - Processing /home/airflow/.local/lib/python3.12/site-packages/airflow/example_dags/tutorial_dag.py took 0.032 seconds
[2026-04-26T23:41:21.137+0000] {processor.py:161} INFO - Started process (PID=391) to work on /home/airflow/.local/lib/python3.12/site-packages/airflow/example_dags/tutorial_dag.py
[2026-04-26T23:41:21.138+0000] {processor.py:830} INFO - Processing file /home/airflow/.local/lib/python3.12/site-packages/airflow/example_dags/tutorial_dag.py for tasks to queue
[2026-04-26T23:41:21.139+0000] {logging_mixin.py:188} INFO - [2026-04-26T23:41:21.139+0000] {dagbag.py:545} INFO - Filling up the DagBag from /home/airflow/.local/lib/python3.12/site-packages/airflow/example_dags/tutorial_dag.py
[2026-04-26T23:41:21.142+0000] {processor.py:840} INFO - DAG(s) 'tutorial_dag' retrieved from /home/airflow/.local/lib/python3.12/site-packages/airflow/example_dags/tutorial_dag.py
[2026-04-26T23:41:21.156+0000] {logging_mixin.py:188} INFO - [2026-04-26T23:41:21.156+0000] {dag.py:3096} INFO - Sync 1 DAGs
[2026-04-26T23:41:21.164+0000] {logging_mixin.py:188} INFO - [2026-04-26T23:41:21.164+0000] {dag.py:3954} INFO - Setting next_dagrun for tutorial_dag to None, run_after=None
[2026-04-26T23:41:21.174+0000] {processor.py:183} INFO - Processing /home/airflow/.local/lib/python3.12/site-packages/airflow/example_dags/tutorial_dag.py took 0.041 seconds
[2026-04-26T23:41:51.360+0000] {processor.py:161} INFO - Started process (PID=450) to work on /home/airflow/.local/lib/python3.12/site-packages/airflow/example_dags/tutorial_dag.py
[2026-04-26T23:41:51.361+0000] {processor.py:830} INFO - Processing file /home/airflow/.local/lib/python3.12/site-packages/airflow/example_dags/tutorial_dag.py for tasks to queue
[2026-04-26T23:41:51.362+0000] {logging_mixin.py:188} INFO - [2026-04-26T23:41:51.362+0000] {dagbag.py:545} INFO - Filling up the DagBag from /home/airflow/.local/lib/python3.12/site-packages/airflow/example_dags/tutorial_dag.py
[2026-04-26T23:41:51.365+0000] {processor.py:840} INFO - DAG(s) 'tutorial_dag' retrieved from /home/airflow/.local/lib/python3.12/site-packages/airflow/example_dags/tutorial_dag.py
[2026-04-26T23:41:51.376+0000] {logging_mixin.py:188} INFO - [2026-04-26T23:41:51.376+0000] {dag.py:3096} INFO - Sync 1 DAGs
[2026-04-26T23:41:51.383+0000] {logging_mixin.py:188} INFO - [2026-04-26T23:41:51.383+0000] {dag.py:3954} INFO - Setting next_dagrun for tutorial_dag to None, run_after=None
[2026-04-26T23:41:51.393+0000] {processor.py:183} INFO - Processing /home/airflow/.local/lib/python3.12/site-packages/airflow/example_dags/tutorial_dag.py took 0.036 seconds
[2026-04-26T23:42:21.435+0000] {processor.py:161} INFO - Started process (PID=509) to work on /home/airflow/.local/lib/python3.12/site-packages/airflow/example_dags/tutorial_dag.py
[2026-04-26T23:42:21.435+0000] {processor.py:830} INFO - Processing file /home/airflow/.local/lib/python3.12/site-packages/airflow/example_dags/tutorial_dag.py for tasks to queue
[2026-04-26T23:42:21.436+0000] {logging_mixin.py:188} INFO - [2026-04-26T23:42:21.436+0000] {dagbag.py:545} INFO - Filling up the DagBag from /home/airflow/.local/lib/python3.12/site-packages/airflow/example_dags/tutorial_dag.py
[2026-04-26T23:42:21.440+0000] {processor.py:840} INFO - DAG(s) 'tutorial_dag' retrieved from /home/airflow/.local/lib/python3.12/site-packages/airflow/example_dags/tutorial_dag.py
[2026-04-26T23:42:21.452+0000] {logging_mixin.py:188} INFO - [2026-04-26T23:42:21.452+0000] {dag.py:3096} INFO - Sync 1 DAGs
[2026-04-26T23:42:21.460+0000] {logging_mixin.py:188} INFO - [2026-04-26T23:42:21.460+0000] {dag.py:3954} INFO - Setting next_dagrun for tutorial_dag to None, run_after=None
[2026-04-26T23:42:21.471+0000] {processor.py:183} INFO - Processing /home/airflow/.local/lib/python3.12/site-packages/airflow/example_dags/tutorial_dag.py took 0.040 seconds
[2026-04-26T23:43:21.441+0000] {processor.py:161} INFO - Started process (PID=96) to work on /home/airflow/.local/lib/python3.12/site-packages/airflow/example_dags/tutorial_dag.py
[2026-04-26T23:43:21.442+0000] {processor.py:830} INFO - Processing file /home/airflow/.local/lib/python3.12/site-packages/airflow/example_dags/tutorial_dag.py for tasks to queue
[2026-04-26T23:43:21.443+0000] {logging_mixin.py:188} INFO - [2026-04-26T23:43:21.443+0000] {dagbag.py:545} INFO - Filling up the DagBag from /home/airflow/.local/lib/python3.12/site-packages/airflow/example_dags/tutorial_dag.py
[2026-04-26T23:43:21.447+0000] {processor.py:840} INFO - DAG(s) 'tutorial_dag' retrieved from /home/airflow/.local/lib/python3.12/site-packages/airflow/example_dags/tutorial_dag.py
[2026-04-26T23:43:21.454+0000] {logging_mixin.py:188} INFO - [2026-04-26T23:43:21.454+0000] {dag.py:3096} INFO - Sync 1 DAGs
[2026-04-26T23:43:21.464+0000] {logging_mixin.py:188} INFO - [2026-04-26T23:43:21.463+0000] {dag.py:3954} INFO - Setting next_dagrun for tutorial_dag to None, run_after=None
[2026-04-26T23:43:21.475+0000] {processor.py:183} INFO - Processing /home/airflow/.local/lib/python3.12/site-packages/airflow/example_dags/tutorial_dag.py took 0.037 seconds
[2026-04-26T23:43:52.996+0000] {processor.py:161} INFO - Started process (PID=155) to work on /home/airflow/.local/lib/python3.12/site-packages/airflow/example_dags/tutorial_dag.py
[2026-04-26T23:43:52.996+0000] {processor.py:830} INFO - Processing file /home/airflow/.local/lib/python3.12/site-packages/airflow/example_dags/tutorial_dag.py for tasks to queue
[2026-04-26T23:43:52.997+0000] {logging_mixin.py:188} INFO - [2026-04-26T23:43:52.997+0000] {dagbag.py:545} INFO - Filling up the DagBag from /home/airflow/.local/lib/python3.12/site-packages/airflow/example_dags/tutorial_dag.py
[2026-04-26T23:43:53.000+0000] {processor.py:840} INFO - DAG(s) 'tutorial_dag' retrieved from /home/airflow/.local/lib/python3.12/site-packages/airflow/example_dags/tutorial_dag.py
[2026-04-26T23:43:53.053+0000] {logging_mixin.py:188} INFO - [2026-04-26T23:43:53.053+0000] {dag.py:3096} INFO - Sync 1 DAGs
[2026-04-26T23:43:53.059+0000] {logging_mixin.py:188} INFO - [2026-04-26T23:43:53.058+0000] {dag.py:3954} INFO - Setting next_dagrun for tutorial_dag to None, run_after=None
[2026-04-26T23:43:53.105+0000] {processor.py:183} INFO - Processing /home/airflow/.local/lib/python3.12/site-packages/airflow/example_dags/tutorial_dag.py took 0.113 seconds
[2026-04-26T23:44:23.565+0000] {processor.py:161} INFO - Started process (PID=214) to work on /home/airflow/.local/lib/python3.12/site-packages/airflow/example_dags/tutorial_dag.py
[2026-04-26T23:44:23.565+0000] {processor.py:830} INFO - Processing file /home/airflow/.local/lib/python3.12/site-packages/airflow/example_dags/tutorial_dag.py for tasks to queue
[2026-04-26T23:44:23.566+0000] {logging_mixin.py:188} INFO - [2026-04-26T23:44:23.566+0000] {dagbag.py:545} INFO - Filling up the DagBag from /home/airflow/.local/lib/python3.12/site-packages/airflow/example_dags/tutorial_dag.py
[2026-04-26T23:44:23.569+0000] {processor.py:840} INFO - DAG(s) 'tutorial_dag' retrieved from /home/airflow/.local/lib/python3.12/site-packages/airflow/example_dags/tutorial_dag.py
[2026-04-26T23:44:23.582+0000] {logging_mixin.py:188} INFO - [2026-04-26T23:44:23.582+0000] {dag.py:3096} INFO - Sync 1 DAGs
[2026-04-26T23:44:23.590+0000] {logging_mixin.py:188} INFO - [2026-04-26T23:44:23.590+0000] {dag.py:3954} INFO - Setting next_dagrun for tutorial_dag to None, run_after=None
[2026-04-26T23:44:23.600+0000] {processor.py:183} INFO - Processing /home/airflow/.local/lib/python3.12/site-packages/airflow/example_dags/tutorial_dag.py took 0.039 seconds
[2026-04-26T23:44:53.721+0000] {processor.py:161} INFO - Started process (PID=273) to work on /home/airflow/.local/lib/python3.12/site-packages/airflow/example_dags/tutorial_dag.py
[2026-04-26T23:44:53.721+0000] {processor.py:830} INFO - Processing file /home/airflow/.local/lib/python3.12/site-packages/airflow/example_dags/tutorial_dag.py for tasks to queue
[2026-04-26T23:44:53.723+0000] {logging_mixin.py:188} INFO - [2026-04-26T23:44:53.722+0000] {dagbag.py:545} INFO - Filling up the DagBag from /home/airflow/.local/lib/python3.12/site-packages/airflow/example_dags/tutorial_dag.py
[2026-04-26T23:44:53.726+0000] {processor.py:840} INFO - DAG(s) 'tutorial_dag' retrieved from /home/airflow/.local/lib/python3.12/site-packages/airflow/example_dags/tutorial_dag.py
[2026-04-26T23:44:53.738+0000] {logging_mixin.py:188} INFO - [2026-04-26T23:44:53.738+0000] {dag.py:3096} INFO - Sync 1 DAGs
[2026-04-26T23:44:53.745+0000] {logging_mixin.py:188} INFO - [2026-04-26T23:44:53.745+0000] {dag.py:3954} INFO - Setting next_dagrun for tutorial_dag to None, run_after=None
[2026-04-26T23:44:53.755+0000] {processor.py:183} INFO - Processing /home/airflow/.local/lib/python3.12/site-packages/airflow/example_dags/tutorial_dag.py took 0.039 seconds
[2026-04-26T23:45:24.583+0000] {processor.py:161} INFO - Started process (PID=332) to work on /home/airflow/.local/lib/python3.12/site-packages/airflow/example_dags/tutorial_dag.py
[2026-04-26T23:45:24.584+0000] {processor.py:830} INFO - Processing file /home/airflow/.local/lib/python3.12/site-packages/airflow/example_dags/tutorial_dag.py for tasks to queue
[2026-04-26T23:45:24.585+0000] {logging_mixin.py:188} INFO - [2026-04-26T23:45:24.585+0000] {dagbag.py:545} INFO - Filling up the DagBag from /home/airflow/.local/lib/python3.12/site-packages/airflow/example_dags/tutorial_dag.py
[2026-04-26T23:45:24.589+0000] {processor.py:840} INFO - DAG(s) 'tutorial_dag' retrieved from /home/airflow/.local/lib/python3.12/site-packages/airflow/example_dags/tutorial_dag.py
[2026-04-26T23:45:24.601+0000] {logging_mixin.py:188} INFO - [2026-04-26T23:45:24.601+0000] {dag.py:3096} INFO - Sync 1 DAGs
[2026-04-26T23:45:24.610+0000] {logging_mixin.py:188} INFO - [2026-04-26T23:45:24.610+0000] {dag.py:3954} INFO - Setting next_dagrun for tutorial_dag to None, run_after=None
[2026-04-26T23:45:24.620+0000] {processor.py:183} INFO - Processing /home/airflow/.local/lib/python3.12/site-packages/airflow/example_dags/tutorial_dag.py took 0.041 seconds
[2026-04-26T23:45:55.377+0000] {processor.py:161} INFO - Started process (PID=391) to work on /home/airflow/.local/lib/python3.12/site-packages/airflow/example_dags/tutorial_dag.py
[2026-04-26T23:45:55.378+0000] {processor.py:830} INFO - Processing file /home/airflow/.local/lib/python3.12/site-packages/airflow/example_dags/tutorial_dag.py for tasks to queue
[2026-04-26T23:45:55.379+0000] {logging_mixin.py:188} INFO - [2026-04-26T23:45:55.379+0000] {dagbag.py:545} INFO - Filling up the DagBag from /home/airflow/.local/lib/python3.12/site-packages/airflow/example_dags/tutorial_dag.py
[2026-04-26T23:45:55.382+0000] {processor.py:840} INFO - DAG(s) 'tutorial_dag' retrieved from /home/airflow/.local/lib/python3.12/site-packages/airflow/example_dags/tutorial_dag.py
[2026-04-26T23:45:55.393+0000] {logging_mixin.py:188} INFO - [2026-04-26T23:45:55.393+0000] {dag.py:3096} INFO - Sync 1 DAGs
[2026-04-26T23:45:55.400+0000] {logging_mixin.py:188} INFO - [2026-04-26T23:45:55.400+0000] {dag.py:3954} INFO - Setting next_dagrun for tutorial_dag to None, run_after=None
[2026-04-26T23:45:55.409+0000] {processor.py:183} INFO - Processing /home/airflow/.local/lib/python3.12/site-packages/airflow/example_dags/tutorial_dag.py took 0.035 seconds
[2026-04-26T23:46:26.191+0000] {processor.py:161} INFO - Started process (PID=450) to work on /home/airflow/.local/lib/python3.12/site-packages/airflow/example_dags/tutorial_dag.py
[2026-04-26T23:46:26.192+0000] {processor.py:830} INFO - Processing file /home/airflow/.local/lib/python3.12/site-packages/airflow/example_dags/tutorial_dag.py for tasks to queue
[2026-04-26T23:46:26.193+0000] {logging_mixin.py:188} INFO - [2026-04-26T23:46:26.192+0000] {dagbag.py:545} INFO - Filling up the DagBag from /home/airflow/.local/lib/python3.12/site-packages/airflow/example_dags/tutorial_dag.py
[2026-04-26T23:46:26.196+0000] {processor.py:840} INFO - DAG(s) 'tutorial_dag' retrieved from /home/airflow/.local/lib/python3.12/site-packages/airflow/example_dags/tutorial_dag.py
[2026-04-26T23:46:26.208+0000] {logging_mixin.py:188} INFO - [2026-04-26T23:46:26.208+0000] {dag.py:3096} INFO - Sync 1 DAGs
[2026-04-26T23:46:26.215+0000] {logging_mixin.py:188} INFO - [2026-04-26T23:46:26.215+0000] {dag.py:3954} INFO - Setting next_dagrun for tutorial_dag to None, run_after=None
[2026-04-26T23:46:26.224+0000] {processor.py:183} INFO - Processing /home/airflow/.local/lib/python3.12/site-packages/airflow/example_dags/tutorial_dag.py took 0.037 seconds
[2026-04-26T23:46:57.001+0000] {processor.py:161} INFO - Started process (PID=509) to work on /home/airflow/.local/lib/python3.12/site-packages/airflow/example_dags/tutorial_dag.py
[2026-04-26T23:46:57.002+0000] {processor.py:830} INFO - Processing file /home/airflow/.local/lib/python3.12/site-packages/airflow/example_dags/tutorial_dag.py for tasks to queue
[2026-04-26T23:46:57.003+0000] {logging_mixin.py:188} INFO - [2026-04-26T23:46:57.003+0000] {dagbag.py:545} INFO - Filling up the DagBag from /home/airflow/.local/lib/python3.12/site-packages/airflow/example_dags/tutorial_dag.py
[2026-04-26T23:46:57.006+0000] {processor.py:840} INFO - DAG(s) 'tutorial_dag' retrieved from /home/airflow/.local/lib/python3.12/site-packages/airflow/example_dags/tutorial_dag.py
[2026-04-26T23:46:57.018+0000] {logging_mixin.py:188} INFO - [2026-04-26T23:46:57.018+0000] {dag.py:3096} INFO - Sync 1 DAGs
[2026-04-26T23:46:57.026+0000] {logging_mixin.py:188} INFO - [2026-04-26T23:46:57.026+0000] {dag.py:3954} INFO - Setting next_dagrun for tutorial_dag to None, run_after=None
[2026-04-26T23:46:57.035+0000] {processor.py:183} INFO - Processing /home/airflow/.local/lib/python3.12/site-packages/airflow/example_dags/tutorial_dag.py took 0.039 seconds
[2026-04-26T23:47:27.363+0000] {processor.py:161} INFO - Started process (PID=568) to work on /home/airflow/.local/lib/python3.12/site-packages/airflow/example_dags/tutorial_dag.py
[2026-04-26T23:47:27.363+0000] {processor.py:830} INFO - Processing file /home/airflow/.local/lib/python3.12/site-packages/airflow/example_dags/tutorial_dag.py for tasks to queue
[2026-04-26T23:47:27.364+0000] {logging_mixin.py:188} INFO - [2026-04-26T23:47:27.364+0000] {dagbag.py:545} INFO - Filling up the DagBag from /home/airflow/.local/lib/python3.12/site-packages/airflow/example_dags/tutorial_dag.py
[2026-04-26T23:47:27.367+0000] {processor.py:840} INFO - DAG(s) 'tutorial_dag' retrieved from /home/airflow/.local/lib/python3.12/site-packages/airflow/example_dags/tutorial_dag.py
[2026-04-26T23:47:27.379+0000] {logging_mixin.py:188} INFO - [2026-04-26T23:47:27.379+0000] {dag.py:3096} INFO - Sync 1 DAGs
[2026-04-26T23:47:27.387+0000] {logging_mixin.py:188} INFO - [2026-04-26T23:47:27.387+0000] {dag.py:3954} INFO - Setting next_dagrun for tutorial_dag to None, run_after=None
[2026-04-26T23:47:27.400+0000] {processor.py:183} INFO - Processing /home/airflow/.local/lib/python3.12/site-packages/airflow/example_dags/tutorial_dag.py took 0.041 seconds
[2026-04-26T23:47:57.506+0000] {processor.py:161} INFO - Started process (PID=627) to work on /home/airflow/.local/lib/python3.12/site-packages/airflow/example_dags/tutorial_dag.py
[2026-04-26T23:47:57.506+0000] {processor.py:830} INFO - Processing file /home/airflow/.local/lib/python3.12/site-packages/airflow/example_dags/tutorial_dag.py for tasks to queue
[2026-04-26T23:47:57.507+0000] {logging_mixin.py:188} INFO - [2026-04-26T23:47:57.507+0000] {dagbag.py:545} INFO - Filling up the DagBag from /home/airflow/.local/lib/python3.12/site-packages/airflow/example_dags/tutorial_dag.py
[2026-04-26T23:47:57.510+0000] {processor.py:840} INFO - DAG(s) 'tutorial_dag' retrieved from /home/airflow/.local/lib/python3.12/site-packages/airflow/example_dags/tutorial_dag.py
[2026-04-26T23:47:57.521+0000] {logging_mixin.py:188} INFO - [2026-04-26T23:47:57.521+0000] {dag.py:3096} INFO - Sync 1 DAGs
[2026-04-26T23:47:57.527+0000] {logging_mixin.py:188} INFO - [2026-04-26T23:47:57.527+0000] {dag.py:3954} INFO - Setting next_dagrun for tutorial_dag to None, run_after=None
[2026-04-26T23:47:57.535+0000] {processor.py:183} INFO - Processing /home/airflow/.local/lib/python3.12/site-packages/airflow/example_dags/tutorial_dag.py took 0.032 seconds
[2026-04-26T23:48:27.578+0000] {processor.py:161} INFO - Started process (PID=686) to work on /home/airflow/.local/lib/python3.12/site-packages/airflow/example_dags/tutorial_dag.py
[2026-04-26T23:48:27.579+0000] {processor.py:830} INFO - Processing file /home/airflow/.local/lib/python3.12/site-packages/airflow/example_dags/tutorial_dag.py for tasks to queue
[2026-04-26T23:48:27.580+0000] {logging_mixin.py:188} INFO - [2026-04-26T23:48:27.580+0000] {dagbag.py:545} INFO - Filling up the DagBag from /home/airflow/.local/lib/python3.12/site-packages/airflow/example_dags/tutorial_dag.py
[2026-04-26T23:48:27.583+0000] {processor.py:840} INFO - DAG(s) 'tutorial_dag' retrieved from /home/airflow/.local/lib/python3.12/site-packages/airflow/example_dags/tutorial_dag.py
[2026-04-26T23:48:27.595+0000] {logging_mixin.py:188} INFO - [2026-04-26T23:48:27.595+0000] {dag.py:3096} INFO - Sync 1 DAGs
[2026-04-26T23:48:27.601+0000] {logging_mixin.py:188} INFO - [2026-04-26T23:48:27.601+0000] {dag.py:3954} INFO - Setting next_dagrun for tutorial_dag to None, run_after=None
[2026-04-26T23:48:27.610+0000] {processor.py:183} INFO - Processing /home/airflow/.local/lib/python3.12/site-packages/airflow/example_dags/tutorial_dag.py took 0.036 seconds
[2026-04-26T23:48:58.577+0000] {processor.py:161} INFO - Started process (PID=745) to work on /home/airflow/.local/lib/python3.12/site-packages/airflow/example_dags/tutorial_dag.py
[2026-04-26T23:48:58.578+0000] {processor.py:830} INFO - Processing file /home/airflow/.local/lib/python3.12/site-packages/airflow/example_dags/tutorial_dag.py for tasks to queue
[2026-04-26T23:48:58.579+0000] {logging_mixin.py:188} INFO - [2026-04-26T23:48:58.579+0000] {dagbag.py:545} INFO - Filling up the DagBag from /home/airflow/.local/lib/python3.12/site-packages/airflow/example_dags/tutorial_dag.py
[2026-04-26T23:48:58.582+0000] {processor.py:840} INFO - DAG(s) 'tutorial_dag' retrieved from /home/airflow/.local/lib/python3.12/site-packages/airflow/example_dags/tutorial_dag.py
[2026-04-26T23:48:58.595+0000] {logging_mixin.py:188} INFO - [2026-04-26T23:48:58.595+0000] {dag.py:3096} INFO - Sync 1 DAGs
[2026-04-26T23:48:58.603+0000] {logging_mixin.py:188} INFO - [2026-04-26T23:48:58.602+0000] {dag.py:3954} INFO - Setting next_dagrun for tutorial_dag to None, run_after=None
[2026-04-26T23:48:58.612+0000] {processor.py:183} INFO - Processing /home/airflow/.local/lib/python3.12/site-packages/airflow/example_dags/tutorial_dag.py took 0.040 seconds
[2026-04-26T23:49:28.869+0000] {processor.py:161} INFO - Started process (PID=804) to work on /home/airflow/.local/lib/python3.12/site-packages/airflow/example_dags/tutorial_dag.py
[2026-04-26T23:49:28.869+0000] {processor.py:830} INFO - Processing file /home/airflow/.local/lib/python3.12/site-packages/airflow/example_dags/tutorial_dag.py for tasks to queue
[2026-04-26T23:49:28.871+0000] {logging_mixin.py:188} INFO - [2026-04-26T23:49:28.871+0000] {dagbag.py:545} INFO - Filling up the DagBag from /home/airflow/.local/lib/python3.12/site-packages/airflow/example_dags/tutorial_dag.py
[2026-04-26T23:49:28.873+0000] {processor.py:840} INFO - DAG(s) 'tutorial_dag' retrieved from /home/airflow/.local/lib/python3.12/site-packages/airflow/example_dags/tutorial_dag.py
[2026-04-26T23:49:28.884+0000] {logging_mixin.py:188} INFO - [2026-04-26T23:49:28.884+0000] {dag.py:3096} INFO - Sync 1 DAGs
[2026-04-26T23:49:28.891+0000] {logging_mixin.py:188} INFO - [2026-04-26T23:49:28.891+0000] {dag.py:3954} INFO - Setting next_dagrun for tutorial_dag to None, run_after=None
[2026-04-26T23:49:28.899+0000] {processor.py:183} INFO - Processing /home/airflow/.local/lib/python3.12/site-packages/airflow/example_dags/tutorial_dag.py took 0.034 seconds
[2026-04-26T23:50:04.362+0000] {processor.py:161} INFO - Started process (PID=96) to work on /home/airflow/.local/lib/python3.12/site-packages/airflow/example_dags/tutorial_dag.py
[2026-04-26T23:50:04.363+0000] {processor.py:830} INFO - Processing file /home/airflow/.local/lib/python3.12/site-packages/airflow/example_dags/tutorial_dag.py for tasks to queue
[2026-04-26T23:50:04.364+0000] {logging_mixin.py:188} INFO - [2026-04-26T23:50:04.363+0000] {dagbag.py:545} INFO - Filling up the DagBag from /home/airflow/.local/lib/python3.12/site-packages/airflow/example_dags/tutorial_dag.py
[2026-04-26T23:50:04.367+0000] {processor.py:840} INFO - DAG(s) 'tutorial_dag' retrieved from /home/airflow/.local/lib/python3.12/site-packages/airflow/example_dags/tutorial_dag.py
[2026-04-26T23:50:04.374+0000] {logging_mixin.py:188} INFO - [2026-04-26T23:50:04.374+0000] {dag.py:3096} INFO - Sync 1 DAGs
[2026-04-26T23:50:04.382+0000] {logging_mixin.py:188} INFO - [2026-04-26T23:50:04.382+0000] {dag.py:3954} INFO - Setting next_dagrun for tutorial_dag to None, run_after=None
[2026-04-26T23:50:04.395+0000] {processor.py:183} INFO - Processing /home/airflow/.local/lib/python3.12/site-packages/airflow/example_dags/tutorial_dag.py took 0.036 seconds
[2026-04-26T23:50:36.063+0000] {processor.py:161} INFO - Started process (PID=155) to work on /home/airflow/.local/lib/python3.12/site-packages/airflow/example_dags/tutorial_dag.py
[2026-04-26T23:50:36.063+0000] {processor.py:830} INFO - Processing file /home/airflow/.local/lib/python3.12/site-packages/airflow/example_dags/tutorial_dag.py for tasks to queue
[2026-04-26T23:50:36.064+0000] {logging_mixin.py:188} INFO - [2026-04-26T23:50:36.064+0000] {dagbag.py:545} INFO - Filling up the DagBag from /home/airflow/.local/lib/python3.12/site-packages/airflow/example_dags/tutorial_dag.py
[2026-04-26T23:50:36.068+0000] {processor.py:840} INFO - DAG(s) 'tutorial_dag' retrieved from /home/airflow/.local/lib/python3.12/site-packages/airflow/example_dags/tutorial_dag.py
[2026-04-26T23:50:36.132+0000] {logging_mixin.py:188} INFO - [2026-04-26T23:50:36.132+0000] {dag.py:3096} INFO - Sync 1 DAGs
[2026-04-26T23:50:36.138+0000] {logging_mixin.py:188} INFO - [2026-04-26T23:50:36.138+0000] {dag.py:3954} INFO - Setting next_dagrun for tutorial_dag to None, run_after=None
[2026-04-26T23:50:36.162+0000] {processor.py:183} INFO - Processing /home/airflow/.local/lib/python3.12/site-packages/airflow/example_dags/tutorial_dag.py took 0.103 seconds
[2026-04-26T23:51:06.630+0000] {processor.py:161} INFO - Started process (PID=214) to work on /home/airflow/.local/lib/python3.12/site-packages/airflow/example_dags/tutorial_dag.py
[2026-04-26T23:51:06.631+0000] {processor.py:830} INFO - Processing file /home/airflow/.local/lib/python3.12/site-packages/airflow/example_dags/tutorial_dag.py for tasks to queue
[2026-04-26T23:51:06.632+0000] {logging_mixin.py:188} INFO - [2026-04-26T23:51:06.631+0000] {dagbag.py:545} INFO - Filling up the DagBag from /home/airflow/.local/lib/python3.12/site-packages/airflow/example_dags/tutorial_dag.py
[2026-04-26T23:51:06.634+0000] {processor.py:840} INFO - DAG(s) 'tutorial_dag' retrieved from /home/airflow/.local/lib/python3.12/site-packages/airflow/example_dags/tutorial_dag.py
[2026-04-26T23:51:06.645+0000] {logging_mixin.py:188} INFO - [2026-04-26T23:51:06.645+0000] {dag.py:3096} INFO - Sync 1 DAGs
[2026-04-26T23:51:06.651+0000] {logging_mixin.py:188} INFO - [2026-04-26T23:51:06.651+0000] {dag.py:3954} INFO - Setting next_dagrun for tutorial_dag to None, run_after=None
[2026-04-26T23:51:06.661+0000] {processor.py:183} INFO - Processing /home/airflow/.local/lib/python3.12/site-packages/airflow/example_dags/tutorial_dag.py took 0.034 seconds
[2026-04-26T23:51:36.855+0000] {processor.py:161} INFO - Started process (PID=273) to work on /home/airflow/.local/lib/python3.12/site-packages/airflow/example_dags/tutorial_dag.py
[2026-04-26T23:51:36.856+0000] {processor.py:830} INFO - Processing file /home/airflow/.local/lib/python3.12/site-packages/airflow/example_dags/tutorial_dag.py for tasks to queue
[2026-04-26T23:51:36.857+0000] {logging_mixin.py:188} INFO - [2026-04-26T23:51:36.857+0000] {dagbag.py:545} INFO - Filling up the DagBag from /home/airflow/.local/lib/python3.12/site-packages/airflow/example_dags/tutorial_dag.py
[2026-04-26T23:51:36.862+0000] {processor.py:840} INFO - DAG(s) 'tutorial_dag' retrieved from /home/airflow/.local/lib/python3.12/site-packages/airflow/example_dags/tutorial_dag.py
[2026-04-26T23:51:36.876+0000] {logging_mixin.py:188} INFO - [2026-04-26T23:51:36.876+0000] {dag.py:3096} INFO - Sync 1 DAGs
[2026-04-26T23:51:36.886+0000] {logging_mixin.py:188} INFO - [2026-04-26T23:51:36.886+0000] {dag.py:3954} INFO - Setting next_dagrun for tutorial_dag to None, run_after=None
[2026-04-26T23:51:36.900+0000] {processor.py:183} INFO - Processing /home/airflow/.local/lib/python3.12/site-packages/airflow/example_dags/tutorial_dag.py took 0.048 seconds
[2026-04-26T23:52:07.949+0000] {processor.py:161} INFO - Started process (PID=332) to work on /home/airflow/.local/lib/python3.12/site-packages/airflow/example_dags/tutorial_dag.py
[2026-04-26T23:52:07.949+0000] {processor.py:830} INFO - Processing file /home/airflow/.local/lib/python3.12/site-packages/airflow/example_dags/tutorial_dag.py for tasks to queue
[2026-04-26T23:52:07.950+0000] {logging_mixin.py:188} INFO - [2026-04-26T23:52:07.950+0000] {dagbag.py:545} INFO - Filling up the DagBag from /home/airflow/.local/lib/python3.12/site-packages/airflow/example_dags/tutorial_dag.py
[2026-04-26T23:52:07.953+0000] {processor.py:840} INFO - DAG(s) 'tutorial_dag' retrieved from /home/airflow/.local/lib/python3.12/site-packages/airflow/example_dags/tutorial_dag.py
[2026-04-26T23:52:07.964+0000] {logging_mixin.py:188} INFO - [2026-04-26T23:52:07.964+0000] {dag.py:3096} INFO - Sync 1 DAGs
[2026-04-26T23:52:07.970+0000] {logging_mixin.py:188} INFO - [2026-04-26T23:52:07.970+0000] {dag.py:3954} INFO - Setting next_dagrun for tutorial_dag to None, run_after=None
[2026-04-26T23:52:07.980+0000] {processor.py:183} INFO - Processing /home/airflow/.local/lib/python3.12/site-packages/airflow/example_dags/tutorial_dag.py took 0.035 seconds
[2026-04-26T23:52:38.195+0000] {processor.py:161} INFO - Started process (PID=391) to work on /home/airflow/.local/lib/python3.12/site-packages/airflow/example_dags/tutorial_dag.py
[2026-04-26T23:52:38.195+0000] {processor.py:830} INFO - Processing file /home/airflow/.local/lib/python3.12/site-packages/airflow/example_dags/tutorial_dag.py for tasks to queue
[2026-04-26T23:52:38.196+0000] {logging_mixin.py:188} INFO - [2026-04-26T23:52:38.196+0000] {dagbag.py:545} INFO - Filling up the DagBag from /home/airflow/.local/lib/python3.12/site-packages/airflow/example_dags/tutorial_dag.py
[2026-04-26T23:52:38.199+0000] {processor.py:840} INFO - DAG(s) 'tutorial_dag' retrieved from /home/airflow/.local/lib/python3.12/site-packages/airflow/example_dags/tutorial_dag.py
[2026-04-26T23:52:38.210+0000] {logging_mixin.py:188} INFO - [2026-04-26T23:52:38.210+0000] {dag.py:3096} INFO - Sync 1 DAGs
[2026-04-26T23:52:38.217+0000] {logging_mixin.py:188} INFO - [2026-04-26T23:52:38.217+0000] {dag.py:3954} INFO - Setting next_dagrun for tutorial_dag to None, run_after=None
[2026-04-26T23:52:38.226+0000] {processor.py:183} INFO - Processing /home/airflow/.local/lib/python3.12/site-packages/airflow/example_dags/tutorial_dag.py took 0.035 seconds
[2026-04-26T23:53:09.162+0000] {processor.py:161} INFO - Started process (PID=450) to work on /home/airflow/.local/lib/python3.12/site-packages/airflow/example_dags/tutorial_dag.py
[2026-04-26T23:53:09.162+0000] {processor.py:830} INFO - Processing file /home/airflow/.local/lib/python3.12/site-packages/airflow/example_dags/tutorial_dag.py for tasks to queue
[2026-04-26T23:53:09.163+0000] {logging_mixin.py:188} INFO - [2026-04-26T23:53:09.163+0000] {dagbag.py:545} INFO - Filling up the DagBag from /home/airflow/.local/lib/python3.12/site-packages/airflow/example_dags/tutorial_dag.py
[2026-04-26T23:53:09.166+0000] {processor.py:840} INFO - DAG(s) 'tutorial_dag' retrieved from /home/airflow/.local/lib/python3.12/site-packages/airflow/example_dags/tutorial_dag.py
[2026-04-26T23:53:09.177+0000] {logging_mixin.py:188} INFO - [2026-04-26T23:53:09.177+0000] {dag.py:3096} INFO - Sync 1 DAGs
[2026-04-26T23:53:09.184+0000] {logging_mixin.py:188} INFO - [2026-04-26T23:53:09.184+0000] {dag.py:3954} INFO - Setting next_dagrun for tutorial_dag to None, run_after=None
[2026-04-26T23:53:09.194+0000] {processor.py:183} INFO - Processing /home/airflow/.local/lib/python3.12/site-packages/airflow/example_dags/tutorial_dag.py took 0.036 seconds
[2026-04-26T23:53:39.319+0000] {processor.py:161} INFO - Started process (PID=508) to work on /home/airflow/.local/lib/python3.12/site-packages/airflow/example_dags/tutorial_dag.py
[2026-04-26T23:53:39.320+0000] {processor.py:830} INFO - Processing file /home/airflow/.local/lib/python3.12/site-packages/airflow/example_dags/tutorial_dag.py for tasks to queue
[2026-04-26T23:53:39.322+0000] {logging_mixin.py:188} INFO - [2026-04-26T23:53:39.322+0000] {dagbag.py:545} INFO - Filling up the DagBag from /home/airflow/.local/lib/python3.12/site-packages/airflow/example_dags/tutorial_dag.py
[2026-04-26T23:53:39.326+0000] {processor.py:840} INFO - DAG(s) 'tutorial_dag' retrieved from /home/airflow/.local/lib/python3.12/site-packages/airflow/example_dags/tutorial_dag.py
[2026-04-26T23:53:39.340+0000] {logging_mixin.py:188} INFO - [2026-04-26T23:53:39.340+0000] {dag.py:3096} INFO - Sync 1 DAGs
[2026-04-26T23:53:39.348+0000] {logging_mixin.py:188} INFO - [2026-04-26T23:53:39.348+0000] {dag.py:3954} INFO - Setting next_dagrun for tutorial_dag to None, run_after=None
[2026-04-26T23:53:39.359+0000] {processor.py:183} INFO - Processing /home/airflow/.local/lib/python3.12/site-packages/airflow/example_dags/tutorial_dag.py took 0.045 seconds
