[2026-04-26T23:08:15.664+0000] {processor.py:161} INFO - Started process (PID=80) to work on /home/airflow/.local/lib/python3.12/site-packages/airflow/example_dags/tutorial.py
[2026-04-26T23:08:15.665+0000] {processor.py:830} INFO - Processing file /home/airflow/.local/lib/python3.12/site-packages/airflow/example_dags/tutorial.py for tasks to queue
[2026-04-26T23:08:15.666+0000] {logging_mixin.py:188} INFO - [2026-04-26T23:08:15.666+0000] {dagbag.py:545} INFO - Filling up the DagBag from /home/airflow/.local/lib/python3.12/site-packages/airflow/example_dags/tutorial.py
[2026-04-26T23:08:15.670+0000] {processor.py:840} INFO - DAG(s) 'tutorial' retrieved from /home/airflow/.local/lib/python3.12/site-packages/airflow/example_dags/tutorial.py
[2026-04-26T23:08:15.677+0000] {logging_mixin.py:188} INFO - [2026-04-26T23:08:15.677+0000] {dag.py:3096} INFO - Sync 1 DAGs
[2026-04-26T23:08:15.691+0000] {logging_mixin.py:188} INFO - [2026-04-26T23:08:15.691+0000] {dag.py:3954} INFO - Setting next_dagrun for tutorial to 2026-04-25 00:00:00+00:00, run_after=2026-04-26 00:00:00+00:00
[2026-04-26T23:08:15.701+0000] {processor.py:183} INFO - Processing /home/airflow/.local/lib/python3.12/site-packages/airflow/example_dags/tutorial.py took 0.041 seconds
[2026-04-26T23:08:46.802+0000] {processor.py:161} INFO - Started process (PID=138) to work on /home/airflow/.local/lib/python3.12/site-packages/airflow/example_dags/tutorial.py
[2026-04-26T23:08:46.803+0000] {processor.py:830} INFO - Processing file /home/airflow/.local/lib/python3.12/site-packages/airflow/example_dags/tutorial.py for tasks to queue
[2026-04-26T23:08:46.804+0000] {logging_mixin.py:188} INFO - [2026-04-26T23:08:46.804+0000] {dagbag.py:545} INFO - Filling up the DagBag from /home/airflow/.local/lib/python3.12/site-packages/airflow/example_dags/tutorial.py
[2026-04-26T23:08:46.809+0000] {processor.py:840} INFO - DAG(s) 'tutorial' retrieved from /home/airflow/.local/lib/python3.12/site-packages/airflow/example_dags/tutorial.py
[2026-04-26T23:08:46.883+0000] {logging_mixin.py:188} INFO - [2026-04-26T23:08:46.883+0000] {dag.py:3096} INFO - Sync 1 DAGs
[2026-04-26T23:08:46.895+0000] {logging_mixin.py:188} INFO - [2026-04-26T23:08:46.894+0000] {dag.py:3954} INFO - Setting next_dagrun for tutorial to 2026-04-25 00:00:00+00:00, run_after=2026-04-26 00:00:00+00:00
[2026-04-26T23:08:46.922+0000] {processor.py:183} INFO - Processing /home/airflow/.local/lib/python3.12/site-packages/airflow/example_dags/tutorial.py took 0.124 seconds
[2026-04-26T23:09:17.157+0000] {processor.py:161} INFO - Started process (PID=196) to work on /home/airflow/.local/lib/python3.12/site-packages/airflow/example_dags/tutorial.py
[2026-04-26T23:09:17.158+0000] {processor.py:830} INFO - Processing file /home/airflow/.local/lib/python3.12/site-packages/airflow/example_dags/tutorial.py for tasks to queue
[2026-04-26T23:09:17.159+0000] {logging_mixin.py:188} INFO - [2026-04-26T23:09:17.159+0000] {dagbag.py:545} INFO - Filling up the DagBag from /home/airflow/.local/lib/python3.12/site-packages/airflow/example_dags/tutorial.py
[2026-04-26T23:09:17.162+0000] {processor.py:840} INFO - DAG(s) 'tutorial' retrieved from /home/airflow/.local/lib/python3.12/site-packages/airflow/example_dags/tutorial.py
[2026-04-26T23:09:17.173+0000] {logging_mixin.py:188} INFO - [2026-04-26T23:09:17.173+0000] {dag.py:3096} INFO - Sync 1 DAGs
[2026-04-26T23:09:17.184+0000] {logging_mixin.py:188} INFO - [2026-04-26T23:09:17.184+0000] {dag.py:3954} INFO - Setting next_dagrun for tutorial to 2026-04-25 00:00:00+00:00, run_after=2026-04-26 00:00:00+00:00
[2026-04-26T23:09:17.192+0000] {processor.py:183} INFO - Processing /home/airflow/.local/lib/python3.12/site-packages/airflow/example_dags/tutorial.py took 0.039 seconds
[2026-04-26T23:09:47.954+0000] {processor.py:161} INFO - Started process (PID=254) to work on /home/airflow/.local/lib/python3.12/site-packages/airflow/example_dags/tutorial.py
[2026-04-26T23:09:47.954+0000] {processor.py:830} INFO - Processing file /home/airflow/.local/lib/python3.12/site-packages/airflow/example_dags/tutorial.py for tasks to queue
[2026-04-26T23:09:47.955+0000] {logging_mixin.py:188} INFO - [2026-04-26T23:09:47.955+0000] {dagbag.py:545} INFO - Filling up the DagBag from /home/airflow/.local/lib/python3.12/site-packages/airflow/example_dags/tutorial.py
[2026-04-26T23:09:47.959+0000] {processor.py:840} INFO - DAG(s) 'tutorial' retrieved from /home/airflow/.local/lib/python3.12/site-packages/airflow/example_dags/tutorial.py
[2026-04-26T23:09:47.972+0000] {logging_mixin.py:188} INFO - [2026-04-26T23:09:47.972+0000] {dag.py:3096} INFO - Sync 1 DAGs
[2026-04-26T23:09:47.987+0000] {logging_mixin.py:188} INFO - [2026-04-26T23:09:47.987+0000] {dag.py:3954} INFO - Setting next_dagrun for tutorial to 2026-04-25 00:00:00+00:00, run_after=2026-04-26 00:00:00+00:00
[2026-04-26T23:09:48.001+0000] {processor.py:183} INFO - Processing /home/airflow/.local/lib/python3.12/site-packages/airflow/example_dags/tutorial.py took 0.051 seconds
[2026-04-26T23:10:18.866+0000] {processor.py:161} INFO - Started process (PID=318) to work on /home/airflow/.local/lib/python3.12/site-packages/airflow/example_dags/tutorial.py
[2026-04-26T23:10:18.866+0000] {processor.py:830} INFO - Processing file /home/airflow/.local/lib/python3.12/site-packages/airflow/example_dags/tutorial.py for tasks to queue
[2026-04-26T23:10:18.867+0000] {logging_mixin.py:188} INFO - [2026-04-26T23:10:18.867+0000] {dagbag.py:545} INFO - Filling up the DagBag from /home/airflow/.local/lib/python3.12/site-packages/airflow/example_dags/tutorial.py
[2026-04-26T23:10:18.871+0000] {processor.py:840} INFO - DAG(s) 'tutorial' retrieved from /home/airflow/.local/lib/python3.12/site-packages/airflow/example_dags/tutorial.py
[2026-04-26T23:10:18.882+0000] {logging_mixin.py:188} INFO - [2026-04-26T23:10:18.882+0000] {dag.py:3096} INFO - Sync 1 DAGs
[2026-04-26T23:10:18.893+0000] {logging_mixin.py:188} INFO - [2026-04-26T23:10:18.893+0000] {dag.py:3954} INFO - Setting next_dagrun for tutorial to 2026-04-25 00:00:00+00:00, run_after=2026-04-26 00:00:00+00:00
[2026-04-26T23:10:18.902+0000] {processor.py:183} INFO - Processing /home/airflow/.local/lib/python3.12/site-packages/airflow/example_dags/tutorial.py took 0.039 seconds
[2026-04-26T23:10:48.974+0000] {processor.py:161} INFO - Started process (PID=376) to work on /home/airflow/.local/lib/python3.12/site-packages/airflow/example_dags/tutorial.py
[2026-04-26T23:10:48.975+0000] {processor.py:830} INFO - Processing file /home/airflow/.local/lib/python3.12/site-packages/airflow/example_dags/tutorial.py for tasks to queue
[2026-04-26T23:10:48.976+0000] {logging_mixin.py:188} INFO - [2026-04-26T23:10:48.975+0000] {dagbag.py:545} INFO - Filling up the DagBag from /home/airflow/.local/lib/python3.12/site-packages/airflow/example_dags/tutorial.py
[2026-04-26T23:10:48.979+0000] {processor.py:840} INFO - DAG(s) 'tutorial' retrieved from /home/airflow/.local/lib/python3.12/site-packages/airflow/example_dags/tutorial.py
[2026-04-26T23:10:48.989+0000] {logging_mixin.py:188} INFO - [2026-04-26T23:10:48.989+0000] {dag.py:3096} INFO - Sync 1 DAGs
[2026-04-26T23:10:49.000+0000] {logging_mixin.py:188} INFO - [2026-04-26T23:10:49.000+0000] {dag.py:3954} INFO - Setting next_dagrun for tutorial to 2026-04-25 00:00:00+00:00, run_after=2026-04-26 00:00:00+00:00
[2026-04-26T23:10:49.009+0000] {processor.py:183} INFO - Processing /home/airflow/.local/lib/python3.12/site-packages/airflow/example_dags/tutorial.py took 0.039 seconds
[2026-04-26T23:11:19.746+0000] {processor.py:161} INFO - Started process (PID=434) to work on /home/airflow/.local/lib/python3.12/site-packages/airflow/example_dags/tutorial.py
[2026-04-26T23:11:19.746+0000] {processor.py:830} INFO - Processing file /home/airflow/.local/lib/python3.12/site-packages/airflow/example_dags/tutorial.py for tasks to queue
[2026-04-26T23:11:19.747+0000] {logging_mixin.py:188} INFO - [2026-04-26T23:11:19.747+0000] {dagbag.py:545} INFO - Filling up the DagBag from /home/airflow/.local/lib/python3.12/site-packages/airflow/example_dags/tutorial.py
[2026-04-26T23:11:19.751+0000] {processor.py:840} INFO - DAG(s) 'tutorial' retrieved from /home/airflow/.local/lib/python3.12/site-packages/airflow/example_dags/tutorial.py
[2026-04-26T23:11:19.762+0000] {logging_mixin.py:188} INFO - [2026-04-26T23:11:19.762+0000] {dag.py:3096} INFO - Sync 1 DAGs
[2026-04-26T23:11:19.774+0000] {logging_mixin.py:188} INFO - [2026-04-26T23:11:19.774+0000] {dag.py:3954} INFO - Setting next_dagrun for tutorial to 2026-04-25 00:00:00+00:00, run_after=2026-04-26 00:00:00+00:00
[2026-04-26T23:11:19.783+0000] {processor.py:183} INFO - Processing /home/airflow/.local/lib/python3.12/site-packages/airflow/example_dags/tutorial.py took 0.042 seconds
[2026-04-26T23:11:50.545+0000] {processor.py:161} INFO - Started process (PID=492) to work on /home/airflow/.local/lib/python3.12/site-packages/airflow/example_dags/tutorial.py
[2026-04-26T23:11:50.545+0000] {processor.py:830} INFO - Processing file /home/airflow/.local/lib/python3.12/site-packages/airflow/example_dags/tutorial.py for tasks to queue
[2026-04-26T23:11:50.546+0000] {logging_mixin.py:188} INFO - [2026-04-26T23:11:50.546+0000] {dagbag.py:545} INFO - Filling up the DagBag from /home/airflow/.local/lib/python3.12/site-packages/airflow/example_dags/tutorial.py
[2026-04-26T23:11:50.550+0000] {processor.py:840} INFO - DAG(s) 'tutorial' retrieved from /home/airflow/.local/lib/python3.12/site-packages/airflow/example_dags/tutorial.py
[2026-04-26T23:11:50.562+0000] {logging_mixin.py:188} INFO - [2026-04-26T23:11:50.562+0000] {dag.py:3096} INFO - Sync 1 DAGs
[2026-04-26T23:11:50.574+0000] {logging_mixin.py:188} INFO - [2026-04-26T23:11:50.574+0000] {dag.py:3954} INFO - Setting next_dagrun for tutorial to 2026-04-25 00:00:00+00:00, run_after=2026-04-26 00:00:00+00:00
[2026-04-26T23:11:50.585+0000] {processor.py:183} INFO - Processing /home/airflow/.local/lib/python3.12/site-packages/airflow/example_dags/tutorial.py took 0.044 seconds
[2026-04-26T23:12:21.352+0000] {processor.py:161} INFO - Started process (PID=550) to work on /home/airflow/.local/lib/python3.12/site-packages/airflow/example_dags/tutorial.py
[2026-04-26T23:12:21.353+0000] {processor.py:830} INFO - Processing file /home/airflow/.local/lib/python3.12/site-packages/airflow/example_dags/tutorial.py for tasks to queue
[2026-04-26T23:12:21.354+0000] {logging_mixin.py:188} INFO - [2026-04-26T23:12:21.354+0000] {dagbag.py:545} INFO - Filling up the DagBag from /home/airflow/.local/lib/python3.12/site-packages/airflow/example_dags/tutorial.py
[2026-04-26T23:12:21.357+0000] {processor.py:840} INFO - DAG(s) 'tutorial' retrieved from /home/airflow/.local/lib/python3.12/site-packages/airflow/example_dags/tutorial.py
[2026-04-26T23:12:21.369+0000] {logging_mixin.py:188} INFO - [2026-04-26T23:12:21.368+0000] {dag.py:3096} INFO - Sync 1 DAGs
[2026-04-26T23:12:21.381+0000] {logging_mixin.py:188} INFO - [2026-04-26T23:12:21.380+0000] {dag.py:3954} INFO - Setting next_dagrun for tutorial to 2026-04-25 00:00:00+00:00, run_after=2026-04-26 00:00:00+00:00
[2026-04-26T23:12:21.390+0000] {processor.py:183} INFO - Processing /home/airflow/.local/lib/python3.12/site-packages/airflow/example_dags/tutorial.py took 0.041 seconds
[2026-04-26T23:12:52.256+0000] {processor.py:161} INFO - Started process (PID=608) to work on /home/airflow/.local/lib/python3.12/site-packages/airflow/example_dags/tutorial.py
[2026-04-26T23:12:52.257+0000] {processor.py:830} INFO - Processing file /home/airflow/.local/lib/python3.12/site-packages/airflow/example_dags/tutorial.py for tasks to queue
[2026-04-26T23:12:52.258+0000] {logging_mixin.py:188} INFO - [2026-04-26T23:12:52.258+0000] {dagbag.py:545} INFO - Filling up the DagBag from /home/airflow/.local/lib/python3.12/site-packages/airflow/example_dags/tutorial.py
[2026-04-26T23:12:52.262+0000] {processor.py:840} INFO - DAG(s) 'tutorial' retrieved from /home/airflow/.local/lib/python3.12/site-packages/airflow/example_dags/tutorial.py
[2026-04-26T23:12:52.275+0000] {logging_mixin.py:188} INFO - [2026-04-26T23:12:52.274+0000] {dag.py:3096} INFO - Sync 1 DAGs
[2026-04-26T23:12:52.289+0000] {logging_mixin.py:188} INFO - [2026-04-26T23:12:52.288+0000] {dag.py:3954} INFO - Setting next_dagrun for tutorial to 2026-04-25 00:00:00+00:00, run_after=2026-04-26 00:00:00+00:00
[2026-04-26T23:12:52.298+0000] {processor.py:183} INFO - Processing /home/airflow/.local/lib/python3.12/site-packages/airflow/example_dags/tutorial.py took 0.047 seconds
[2026-04-26T23:13:22.364+0000] {processor.py:161} INFO - Started process (PID=666) to work on /home/airflow/.local/lib/python3.12/site-packages/airflow/example_dags/tutorial.py
[2026-04-26T23:13:22.365+0000] {processor.py:830} INFO - Processing file /home/airflow/.local/lib/python3.12/site-packages/airflow/example_dags/tutorial.py for tasks to queue
[2026-04-26T23:13:22.367+0000] {logging_mixin.py:188} INFO - [2026-04-26T23:13:22.366+0000] {dagbag.py:545} INFO - Filling up the DagBag from /home/airflow/.local/lib/python3.12/site-packages/airflow/example_dags/tutorial.py
[2026-04-26T23:13:22.373+0000] {processor.py:840} INFO - DAG(s) 'tutorial' retrieved from /home/airflow/.local/lib/python3.12/site-packages/airflow/example_dags/tutorial.py
[2026-04-26T23:13:22.394+0000] {logging_mixin.py:188} INFO - [2026-04-26T23:13:22.394+0000] {dag.py:3096} INFO - Sync 1 DAGs
[2026-04-26T23:13:22.417+0000] {logging_mixin.py:188} INFO - [2026-04-26T23:13:22.417+0000] {dag.py:3954} INFO - Setting next_dagrun for tutorial to 2026-04-25 00:00:00+00:00, run_after=2026-04-26 00:00:00+00:00
[2026-04-26T23:13:22.437+0000] {processor.py:183} INFO - Processing /home/airflow/.local/lib/python3.12/site-packages/airflow/example_dags/tutorial.py took 0.079 seconds
[2026-04-26T23:13:52.530+0000] {processor.py:161} INFO - Started process (PID=724) to work on /home/airflow/.local/lib/python3.12/site-packages/airflow/example_dags/tutorial.py
[2026-04-26T23:13:52.530+0000] {processor.py:830} INFO - Processing file /home/airflow/.local/lib/python3.12/site-packages/airflow/example_dags/tutorial.py for tasks to queue
[2026-04-26T23:13:52.531+0000] {logging_mixin.py:188} INFO - [2026-04-26T23:13:52.531+0000] {dagbag.py:545} INFO - Filling up the DagBag from /home/airflow/.local/lib/python3.12/site-packages/airflow/example_dags/tutorial.py
[2026-04-26T23:13:52.535+0000] {processor.py:840} INFO - DAG(s) 'tutorial' retrieved from /home/airflow/.local/lib/python3.12/site-packages/airflow/example_dags/tutorial.py
[2026-04-26T23:13:52.546+0000] {logging_mixin.py:188} INFO - [2026-04-26T23:13:52.546+0000] {dag.py:3096} INFO - Sync 1 DAGs
[2026-04-26T23:13:52.558+0000] {logging_mixin.py:188} INFO - [2026-04-26T23:13:52.558+0000] {dag.py:3954} INFO - Setting next_dagrun for tutorial to 2026-04-25 00:00:00+00:00, run_after=2026-04-26 00:00:00+00:00
[2026-04-26T23:13:52.567+0000] {processor.py:183} INFO - Processing /home/airflow/.local/lib/python3.12/site-packages/airflow/example_dags/tutorial.py took 0.041 seconds
[2026-04-26T23:14:23.159+0000] {processor.py:161} INFO - Started process (PID=782) to work on /home/airflow/.local/lib/python3.12/site-packages/airflow/example_dags/tutorial.py
[2026-04-26T23:14:23.160+0000] {processor.py:830} INFO - Processing file /home/airflow/.local/lib/python3.12/site-packages/airflow/example_dags/tutorial.py for tasks to queue
[2026-04-26T23:14:23.161+0000] {logging_mixin.py:188} INFO - [2026-04-26T23:14:23.161+0000] {dagbag.py:545} INFO - Filling up the DagBag from /home/airflow/.local/lib/python3.12/site-packages/airflow/example_dags/tutorial.py
[2026-04-26T23:14:23.164+0000] {processor.py:840} INFO - DAG(s) 'tutorial' retrieved from /home/airflow/.local/lib/python3.12/site-packages/airflow/example_dags/tutorial.py
[2026-04-26T23:14:23.174+0000] {logging_mixin.py:188} INFO - [2026-04-26T23:14:23.174+0000] {dag.py:3096} INFO - Sync 1 DAGs
[2026-04-26T23:14:23.185+0000] {logging_mixin.py:188} INFO - [2026-04-26T23:14:23.185+0000] {dag.py:3954} INFO - Setting next_dagrun for tutorial to 2026-04-25 00:00:00+00:00, run_after=2026-04-26 00:00:00+00:00
[2026-04-26T23:14:23.193+0000] {processor.py:183} INFO - Processing /home/airflow/.local/lib/python3.12/site-packages/airflow/example_dags/tutorial.py took 0.038 seconds
[2026-04-26T23:14:53.978+0000] {processor.py:161} INFO - Started process (PID=840) to work on /home/airflow/.local/lib/python3.12/site-packages/airflow/example_dags/tutorial.py
[2026-04-26T23:14:53.978+0000] {processor.py:830} INFO - Processing file /home/airflow/.local/lib/python3.12/site-packages/airflow/example_dags/tutorial.py for tasks to queue
[2026-04-26T23:14:53.979+0000] {logging_mixin.py:188} INFO - [2026-04-26T23:14:53.979+0000] {dagbag.py:545} INFO - Filling up the DagBag from /home/airflow/.local/lib/python3.12/site-packages/airflow/example_dags/tutorial.py
[2026-04-26T23:14:53.982+0000] {processor.py:840} INFO - DAG(s) 'tutorial' retrieved from /home/airflow/.local/lib/python3.12/site-packages/airflow/example_dags/tutorial.py
[2026-04-26T23:14:53.994+0000] {logging_mixin.py:188} INFO - [2026-04-26T23:14:53.994+0000] {dag.py:3096} INFO - Sync 1 DAGs
[2026-04-26T23:14:54.005+0000] {logging_mixin.py:188} INFO - [2026-04-26T23:14:54.005+0000] {dag.py:3954} INFO - Setting next_dagrun for tutorial to 2026-04-25 00:00:00+00:00, run_after=2026-04-26 00:00:00+00:00
[2026-04-26T23:14:54.015+0000] {processor.py:183} INFO - Processing /home/airflow/.local/lib/python3.12/site-packages/airflow/example_dags/tutorial.py took 0.041 seconds
[2026-04-26T23:15:24.221+0000] {processor.py:161} INFO - Started process (PID=898) to work on /home/airflow/.local/lib/python3.12/site-packages/airflow/example_dags/tutorial.py
[2026-04-26T23:15:24.222+0000] {processor.py:830} INFO - Processing file /home/airflow/.local/lib/python3.12/site-packages/airflow/example_dags/tutorial.py for tasks to queue
[2026-04-26T23:15:24.223+0000] {logging_mixin.py:188} INFO - [2026-04-26T23:15:24.223+0000] {dagbag.py:545} INFO - Filling up the DagBag from /home/airflow/.local/lib/python3.12/site-packages/airflow/example_dags/tutorial.py
[2026-04-26T23:15:24.227+0000] {processor.py:840} INFO - DAG(s) 'tutorial' retrieved from /home/airflow/.local/lib/python3.12/site-packages/airflow/example_dags/tutorial.py
[2026-04-26T23:15:24.239+0000] {logging_mixin.py:188} INFO - [2026-04-26T23:15:24.239+0000] {dag.py:3096} INFO - Sync 1 DAGs
[2026-04-26T23:15:24.251+0000] {logging_mixin.py:188} INFO - [2026-04-26T23:15:24.251+0000] {dag.py:3954} INFO - Setting next_dagrun for tutorial to 2026-04-25 00:00:00+00:00, run_after=2026-04-26 00:00:00+00:00
[2026-04-26T23:15:24.260+0000] {processor.py:183} INFO - Processing /home/airflow/.local/lib/python3.12/site-packages/airflow/example_dags/tutorial.py took 0.043 seconds
[2026-04-26T23:15:55.312+0000] {processor.py:161} INFO - Started process (PID=956) to work on /home/airflow/.local/lib/python3.12/site-packages/airflow/example_dags/tutorial.py
[2026-04-26T23:15:55.312+0000] {processor.py:830} INFO - Processing file /home/airflow/.local/lib/python3.12/site-packages/airflow/example_dags/tutorial.py for tasks to queue
[2026-04-26T23:15:55.314+0000] {logging_mixin.py:188} INFO - [2026-04-26T23:15:55.313+0000] {dagbag.py:545} INFO - Filling up the DagBag from /home/airflow/.local/lib/python3.12/site-packages/airflow/example_dags/tutorial.py
[2026-04-26T23:15:55.318+0000] {processor.py:840} INFO - DAG(s) 'tutorial' retrieved from /home/airflow/.local/lib/python3.12/site-packages/airflow/example_dags/tutorial.py
[2026-04-26T23:15:55.333+0000] {logging_mixin.py:188} INFO - [2026-04-26T23:15:55.333+0000] {dag.py:3096} INFO - Sync 1 DAGs
[2026-04-26T23:15:55.346+0000] {logging_mixin.py:188} INFO - [2026-04-26T23:15:55.346+0000] {dag.py:3954} INFO - Setting next_dagrun for tutorial to 2026-04-25 00:00:00+00:00, run_after=2026-04-26 00:00:00+00:00
[2026-04-26T23:15:55.356+0000] {processor.py:183} INFO - Processing /home/airflow/.local/lib/python3.12/site-packages/airflow/example_dags/tutorial.py took 0.048 seconds
[2026-04-26T23:16:25.486+0000] {processor.py:161} INFO - Started process (PID=1014) to work on /home/airflow/.local/lib/python3.12/site-packages/airflow/example_dags/tutorial.py
[2026-04-26T23:16:25.486+0000] {processor.py:830} INFO - Processing file /home/airflow/.local/lib/python3.12/site-packages/airflow/example_dags/tutorial.py for tasks to queue
[2026-04-26T23:16:25.488+0000] {logging_mixin.py:188} INFO - [2026-04-26T23:16:25.488+0000] {dagbag.py:545} INFO - Filling up the DagBag from /home/airflow/.local/lib/python3.12/site-packages/airflow/example_dags/tutorial.py
[2026-04-26T23:16:25.492+0000] {processor.py:840} INFO - DAG(s) 'tutorial' retrieved from /home/airflow/.local/lib/python3.12/site-packages/airflow/example_dags/tutorial.py
[2026-04-26T23:16:25.506+0000] {logging_mixin.py:188} INFO - [2026-04-26T23:16:25.506+0000] {dag.py:3096} INFO - Sync 1 DAGs
[2026-04-26T23:16:25.521+0000] {logging_mixin.py:188} INFO - [2026-04-26T23:16:25.521+0000] {dag.py:3954} INFO - Setting next_dagrun for tutorial to 2026-04-25 00:00:00+00:00, run_after=2026-04-26 00:00:00+00:00
[2026-04-26T23:16:25.533+0000] {processor.py:183} INFO - Processing /home/airflow/.local/lib/python3.12/site-packages/airflow/example_dags/tutorial.py took 0.052 seconds
[2026-04-26T23:16:55.594+0000] {processor.py:161} INFO - Started process (PID=1071) to work on /home/airflow/.local/lib/python3.12/site-packages/airflow/example_dags/tutorial.py
[2026-04-26T23:16:55.594+0000] {processor.py:830} INFO - Processing file /home/airflow/.local/lib/python3.12/site-packages/airflow/example_dags/tutorial.py for tasks to queue
[2026-04-26T23:16:55.595+0000] {logging_mixin.py:188} INFO - [2026-04-26T23:16:55.595+0000] {dagbag.py:545} INFO - Filling up the DagBag from /home/airflow/.local/lib/python3.12/site-packages/airflow/example_dags/tutorial.py
[2026-04-26T23:16:55.600+0000] {processor.py:840} INFO - DAG(s) 'tutorial' retrieved from /home/airflow/.local/lib/python3.12/site-packages/airflow/example_dags/tutorial.py
[2026-04-26T23:16:55.613+0000] {logging_mixin.py:188} INFO - [2026-04-26T23:16:55.613+0000] {dag.py:3096} INFO - Sync 1 DAGs
[2026-04-26T23:16:55.628+0000] {logging_mixin.py:188} INFO - [2026-04-26T23:16:55.628+0000] {dag.py:3954} INFO - Setting next_dagrun for tutorial to 2026-04-25 00:00:00+00:00, run_after=2026-04-26 00:00:00+00:00
[2026-04-26T23:16:55.639+0000] {processor.py:183} INFO - Processing /home/airflow/.local/lib/python3.12/site-packages/airflow/example_dags/tutorial.py took 0.050 seconds
[2026-04-26T23:17:26.002+0000] {processor.py:161} INFO - Started process (PID=1129) to work on /home/airflow/.local/lib/python3.12/site-packages/airflow/example_dags/tutorial.py
[2026-04-26T23:17:26.002+0000] {processor.py:830} INFO - Processing file /home/airflow/.local/lib/python3.12/site-packages/airflow/example_dags/tutorial.py for tasks to queue
[2026-04-26T23:17:26.003+0000] {logging_mixin.py:188} INFO - [2026-04-26T23:17:26.003+0000] {dagbag.py:545} INFO - Filling up the DagBag from /home/airflow/.local/lib/python3.12/site-packages/airflow/example_dags/tutorial.py
[2026-04-26T23:17:26.006+0000] {processor.py:840} INFO - DAG(s) 'tutorial' retrieved from /home/airflow/.local/lib/python3.12/site-packages/airflow/example_dags/tutorial.py
[2026-04-26T23:17:26.017+0000] {logging_mixin.py:188} INFO - [2026-04-26T23:17:26.017+0000] {dag.py:3096} INFO - Sync 1 DAGs
[2026-04-26T23:17:26.029+0000] {logging_mixin.py:188} INFO - [2026-04-26T23:17:26.029+0000] {dag.py:3954} INFO - Setting next_dagrun for tutorial to 2026-04-25 00:00:00+00:00, run_after=2026-04-26 00:00:00+00:00
[2026-04-26T23:17:26.040+0000] {processor.py:183} INFO - Processing /home/airflow/.local/lib/python3.12/site-packages/airflow/example_dags/tutorial.py took 0.042 seconds
[2026-04-26T23:17:56.310+0000] {processor.py:161} INFO - Started process (PID=1187) to work on /home/airflow/.local/lib/python3.12/site-packages/airflow/example_dags/tutorial.py
[2026-04-26T23:17:56.311+0000] {processor.py:830} INFO - Processing file /home/airflow/.local/lib/python3.12/site-packages/airflow/example_dags/tutorial.py for tasks to queue
[2026-04-26T23:17:56.312+0000] {logging_mixin.py:188} INFO - [2026-04-26T23:17:56.312+0000] {dagbag.py:545} INFO - Filling up the DagBag from /home/airflow/.local/lib/python3.12/site-packages/airflow/example_dags/tutorial.py
[2026-04-26T23:17:56.317+0000] {processor.py:840} INFO - DAG(s) 'tutorial' retrieved from /home/airflow/.local/lib/python3.12/site-packages/airflow/example_dags/tutorial.py
[2026-04-26T23:17:56.330+0000] {logging_mixin.py:188} INFO - [2026-04-26T23:17:56.330+0000] {dag.py:3096} INFO - Sync 1 DAGs
[2026-04-26T23:17:56.347+0000] {logging_mixin.py:188} INFO - [2026-04-26T23:17:56.347+0000] {dag.py:3954} INFO - Setting next_dagrun for tutorial to 2026-04-25 00:00:00+00:00, run_after=2026-04-26 00:00:00+00:00
[2026-04-26T23:17:56.359+0000] {processor.py:183} INFO - Processing /home/airflow/.local/lib/python3.12/site-packages/airflow/example_dags/tutorial.py took 0.054 seconds
[2026-04-26T23:18:26.421+0000] {processor.py:161} INFO - Started process (PID=1246) to work on /home/airflow/.local/lib/python3.12/site-packages/airflow/example_dags/tutorial.py
[2026-04-26T23:18:26.422+0000] {processor.py:830} INFO - Processing file /home/airflow/.local/lib/python3.12/site-packages/airflow/example_dags/tutorial.py for tasks to queue
[2026-04-26T23:18:26.423+0000] {logging_mixin.py:188} INFO - [2026-04-26T23:18:26.422+0000] {dagbag.py:545} INFO - Filling up the DagBag from /home/airflow/.local/lib/python3.12/site-packages/airflow/example_dags/tutorial.py
[2026-04-26T23:18:26.426+0000] {processor.py:840} INFO - DAG(s) 'tutorial' retrieved from /home/airflow/.local/lib/python3.12/site-packages/airflow/example_dags/tutorial.py
[2026-04-26T23:18:26.439+0000] {logging_mixin.py:188} INFO - [2026-04-26T23:18:26.439+0000] {dag.py:3096} INFO - Sync 1 DAGs
[2026-04-26T23:18:26.450+0000] {logging_mixin.py:188} INFO - [2026-04-26T23:18:26.450+0000] {dag.py:3954} INFO - Setting next_dagrun for tutorial to 2026-04-25 00:00:00+00:00, run_after=2026-04-26 00:00:00+00:00
[2026-04-26T23:18:26.459+0000] {processor.py:183} INFO - Processing /home/airflow/.local/lib/python3.12/site-packages/airflow/example_dags/tutorial.py took 0.042 seconds
[2026-04-26T23:18:56.769+0000] {processor.py:161} INFO - Started process (PID=1305) to work on /home/airflow/.local/lib/python3.12/site-packages/airflow/example_dags/tutorial.py
[2026-04-26T23:18:56.770+0000] {processor.py:830} INFO - Processing file /home/airflow/.local/lib/python3.12/site-packages/airflow/example_dags/tutorial.py for tasks to queue
[2026-04-26T23:18:56.771+0000] {logging_mixin.py:188} INFO - [2026-04-26T23:18:56.771+0000] {dagbag.py:545} INFO - Filling up the DagBag from /home/airflow/.local/lib/python3.12/site-packages/airflow/example_dags/tutorial.py
[2026-04-26T23:18:56.774+0000] {processor.py:840} INFO - DAG(s) 'tutorial' retrieved from /home/airflow/.local/lib/python3.12/site-packages/airflow/example_dags/tutorial.py
[2026-04-26T23:18:56.784+0000] {logging_mixin.py:188} INFO - [2026-04-26T23:18:56.784+0000] {dag.py:3096} INFO - Sync 1 DAGs
[2026-04-26T23:18:56.796+0000] {logging_mixin.py:188} INFO - [2026-04-26T23:18:56.796+0000] {dag.py:3954} INFO - Setting next_dagrun for tutorial to 2026-04-25 00:00:00+00:00, run_after=2026-04-26 00:00:00+00:00
[2026-04-26T23:18:56.804+0000] {processor.py:183} INFO - Processing /home/airflow/.local/lib/python3.12/site-packages/airflow/example_dags/tutorial.py took 0.038 seconds
[2026-04-26T23:19:27.025+0000] {processor.py:161} INFO - Started process (PID=1364) to work on /home/airflow/.local/lib/python3.12/site-packages/airflow/example_dags/tutorial.py
[2026-04-26T23:19:27.025+0000] {processor.py:830} INFO - Processing file /home/airflow/.local/lib/python3.12/site-packages/airflow/example_dags/tutorial.py for tasks to queue
[2026-04-26T23:19:27.026+0000] {logging_mixin.py:188} INFO - [2026-04-26T23:19:27.026+0000] {dagbag.py:545} INFO - Filling up the DagBag from /home/airflow/.local/lib/python3.12/site-packages/airflow/example_dags/tutorial.py
[2026-04-26T23:19:27.029+0000] {processor.py:840} INFO - DAG(s) 'tutorial' retrieved from /home/airflow/.local/lib/python3.12/site-packages/airflow/example_dags/tutorial.py
[2026-04-26T23:19:27.039+0000] {logging_mixin.py:188} INFO - [2026-04-26T23:19:27.039+0000] {dag.py:3096} INFO - Sync 1 DAGs
[2026-04-26T23:19:27.050+0000] {logging_mixin.py:188} INFO - [2026-04-26T23:19:27.050+0000] {dag.py:3954} INFO - Setting next_dagrun for tutorial to 2026-04-25 00:00:00+00:00, run_after=2026-04-26 00:00:00+00:00
[2026-04-26T23:19:27.059+0000] {processor.py:183} INFO - Processing /home/airflow/.local/lib/python3.12/site-packages/airflow/example_dags/tutorial.py took 0.037 seconds
[2026-04-26T23:19:57.346+0000] {processor.py:161} INFO - Started process (PID=1423) to work on /home/airflow/.local/lib/python3.12/site-packages/airflow/example_dags/tutorial.py
[2026-04-26T23:19:57.346+0000] {processor.py:830} INFO - Processing file /home/airflow/.local/lib/python3.12/site-packages/airflow/example_dags/tutorial.py for tasks to queue
[2026-04-26T23:19:57.347+0000] {logging_mixin.py:188} INFO - [2026-04-26T23:19:57.347+0000] {dagbag.py:545} INFO - Filling up the DagBag from /home/airflow/.local/lib/python3.12/site-packages/airflow/example_dags/tutorial.py
[2026-04-26T23:19:57.351+0000] {processor.py:840} INFO - DAG(s) 'tutorial' retrieved from /home/airflow/.local/lib/python3.12/site-packages/airflow/example_dags/tutorial.py
[2026-04-26T23:19:57.363+0000] {logging_mixin.py:188} INFO - [2026-04-26T23:19:57.363+0000] {dag.py:3096} INFO - Sync 1 DAGs
[2026-04-26T23:19:57.375+0000] {logging_mixin.py:188} INFO - [2026-04-26T23:19:57.375+0000] {dag.py:3954} INFO - Setting next_dagrun for tutorial to 2026-04-25 00:00:00+00:00, run_after=2026-04-26 00:00:00+00:00
[2026-04-26T23:19:57.385+0000] {processor.py:183} INFO - Processing /home/airflow/.local/lib/python3.12/site-packages/airflow/example_dags/tutorial.py took 0.042 seconds
[2026-04-26T23:20:27.621+0000] {processor.py:161} INFO - Started process (PID=1482) to work on /home/airflow/.local/lib/python3.12/site-packages/airflow/example_dags/tutorial.py
[2026-04-26T23:20:27.621+0000] {processor.py:830} INFO - Processing file /home/airflow/.local/lib/python3.12/site-packages/airflow/example_dags/tutorial.py for tasks to queue
[2026-04-26T23:20:27.622+0000] {logging_mixin.py:188} INFO - [2026-04-26T23:20:27.622+0000] {dagbag.py:545} INFO - Filling up the DagBag from /home/airflow/.local/lib/python3.12/site-packages/airflow/example_dags/tutorial.py
[2026-04-26T23:20:27.626+0000] {processor.py:840} INFO - DAG(s) 'tutorial' retrieved from /home/airflow/.local/lib/python3.12/site-packages/airflow/example_dags/tutorial.py
[2026-04-26T23:20:27.637+0000] {logging_mixin.py:188} INFO - [2026-04-26T23:20:27.637+0000] {dag.py:3096} INFO - Sync 1 DAGs
[2026-04-26T23:20:27.648+0000] {logging_mixin.py:188} INFO - [2026-04-26T23:20:27.648+0000] {dag.py:3954} INFO - Setting next_dagrun for tutorial to 2026-04-25 00:00:00+00:00, run_after=2026-04-26 00:00:00+00:00
[2026-04-26T23:20:27.658+0000] {processor.py:183} INFO - Processing /home/airflow/.local/lib/python3.12/site-packages/airflow/example_dags/tutorial.py took 0.040 seconds
[2026-04-26T23:20:57.910+0000] {processor.py:161} INFO - Started process (PID=1541) to work on /home/airflow/.local/lib/python3.12/site-packages/airflow/example_dags/tutorial.py
[2026-04-26T23:20:57.911+0000] {processor.py:830} INFO - Processing file /home/airflow/.local/lib/python3.12/site-packages/airflow/example_dags/tutorial.py for tasks to queue
[2026-04-26T23:20:57.912+0000] {logging_mixin.py:188} INFO - [2026-04-26T23:20:57.912+0000] {dagbag.py:545} INFO - Filling up the DagBag from /home/airflow/.local/lib/python3.12/site-packages/airflow/example_dags/tutorial.py
[2026-04-26T23:20:57.916+0000] {processor.py:840} INFO - DAG(s) 'tutorial' retrieved from /home/airflow/.local/lib/python3.12/site-packages/airflow/example_dags/tutorial.py
[2026-04-26T23:20:57.931+0000] {logging_mixin.py:188} INFO - [2026-04-26T23:20:57.931+0000] {dag.py:3096} INFO - Sync 1 DAGs
[2026-04-26T23:20:57.946+0000] {logging_mixin.py:188} INFO - [2026-04-26T23:20:57.946+0000] {dag.py:3954} INFO - Setting next_dagrun for tutorial to 2026-04-25 00:00:00+00:00, run_after=2026-04-26 00:00:00+00:00
[2026-04-26T23:20:57.960+0000] {processor.py:183} INFO - Processing /home/airflow/.local/lib/python3.12/site-packages/airflow/example_dags/tutorial.py took 0.053 seconds
[2026-04-26T23:21:28.069+0000] {processor.py:161} INFO - Started process (PID=1600) to work on /home/airflow/.local/lib/python3.12/site-packages/airflow/example_dags/tutorial.py
[2026-04-26T23:21:28.069+0000] {processor.py:830} INFO - Processing file /home/airflow/.local/lib/python3.12/site-packages/airflow/example_dags/tutorial.py for tasks to queue
[2026-04-26T23:21:28.070+0000] {logging_mixin.py:188} INFO - [2026-04-26T23:21:28.070+0000] {dagbag.py:545} INFO - Filling up the DagBag from /home/airflow/.local/lib/python3.12/site-packages/airflow/example_dags/tutorial.py
[2026-04-26T23:21:28.074+0000] {processor.py:840} INFO - DAG(s) 'tutorial' retrieved from /home/airflow/.local/lib/python3.12/site-packages/airflow/example_dags/tutorial.py
[2026-04-26T23:21:28.086+0000] {logging_mixin.py:188} INFO - [2026-04-26T23:21:28.086+0000] {dag.py:3096} INFO - Sync 1 DAGs
[2026-04-26T23:21:28.097+0000] {logging_mixin.py:188} INFO - [2026-04-26T23:21:28.097+0000] {dag.py:3954} INFO - Setting next_dagrun for tutorial to 2026-04-25 00:00:00+00:00, run_after=2026-04-26 00:00:00+00:00
[2026-04-26T23:21:28.106+0000] {processor.py:183} INFO - Processing /home/airflow/.local/lib/python3.12/site-packages/airflow/example_dags/tutorial.py took 0.041 seconds
[2026-04-26T23:21:59.185+0000] {processor.py:161} INFO - Started process (PID=1660) to work on /home/airflow/.local/lib/python3.12/site-packages/airflow/example_dags/tutorial.py
[2026-04-26T23:21:59.186+0000] {processor.py:830} INFO - Processing file /home/airflow/.local/lib/python3.12/site-packages/airflow/example_dags/tutorial.py for tasks to queue
[2026-04-26T23:21:59.187+0000] {logging_mixin.py:188} INFO - [2026-04-26T23:21:59.187+0000] {dagbag.py:545} INFO - Filling up the DagBag from /home/airflow/.local/lib/python3.12/site-packages/airflow/example_dags/tutorial.py
[2026-04-26T23:21:59.190+0000] {processor.py:840} INFO - DAG(s) 'tutorial' retrieved from /home/airflow/.local/lib/python3.12/site-packages/airflow/example_dags/tutorial.py
[2026-04-26T23:21:59.201+0000] {logging_mixin.py:188} INFO - [2026-04-26T23:21:59.201+0000] {dag.py:3096} INFO - Sync 1 DAGs
[2026-04-26T23:21:59.212+0000] {logging_mixin.py:188} INFO - [2026-04-26T23:21:59.211+0000] {dag.py:3954} INFO - Setting next_dagrun for tutorial to 2026-04-25 00:00:00+00:00, run_after=2026-04-26 00:00:00+00:00
[2026-04-26T23:21:59.220+0000] {processor.py:183} INFO - Processing /home/airflow/.local/lib/python3.12/site-packages/airflow/example_dags/tutorial.py took 0.038 seconds
[2026-04-26T23:22:29.528+0000] {processor.py:161} INFO - Started process (PID=1719) to work on /home/airflow/.local/lib/python3.12/site-packages/airflow/example_dags/tutorial.py
[2026-04-26T23:22:29.529+0000] {processor.py:830} INFO - Processing file /home/airflow/.local/lib/python3.12/site-packages/airflow/example_dags/tutorial.py for tasks to queue
[2026-04-26T23:22:29.530+0000] {logging_mixin.py:188} INFO - [2026-04-26T23:22:29.530+0000] {dagbag.py:545} INFO - Filling up the DagBag from /home/airflow/.local/lib/python3.12/site-packages/airflow/example_dags/tutorial.py
[2026-04-26T23:22:29.533+0000] {processor.py:840} INFO - DAG(s) 'tutorial' retrieved from /home/airflow/.local/lib/python3.12/site-packages/airflow/example_dags/tutorial.py
[2026-04-26T23:22:29.544+0000] {logging_mixin.py:188} INFO - [2026-04-26T23:22:29.544+0000] {dag.py:3096} INFO - Sync 1 DAGs
[2026-04-26T23:22:29.555+0000] {logging_mixin.py:188} INFO - [2026-04-26T23:22:29.555+0000] {dag.py:3954} INFO - Setting next_dagrun for tutorial to 2026-04-25 00:00:00+00:00, run_after=2026-04-26 00:00:00+00:00
[2026-04-26T23:22:29.565+0000] {processor.py:183} INFO - Processing /home/airflow/.local/lib/python3.12/site-packages/airflow/example_dags/tutorial.py took 0.040 seconds
[2026-04-26T23:22:59.803+0000] {processor.py:161} INFO - Started process (PID=1779) to work on /home/airflow/.local/lib/python3.12/site-packages/airflow/example_dags/tutorial.py
[2026-04-26T23:22:59.803+0000] {processor.py:830} INFO - Processing file /home/airflow/.local/lib/python3.12/site-packages/airflow/example_dags/tutorial.py for tasks to queue
[2026-04-26T23:22:59.804+0000] {logging_mixin.py:188} INFO - [2026-04-26T23:22:59.804+0000] {dagbag.py:545} INFO - Filling up the DagBag from /home/airflow/.local/lib/python3.12/site-packages/airflow/example_dags/tutorial.py
[2026-04-26T23:22:59.808+0000] {processor.py:840} INFO - DAG(s) 'tutorial' retrieved from /home/airflow/.local/lib/python3.12/site-packages/airflow/example_dags/tutorial.py
[2026-04-26T23:22:59.820+0000] {logging_mixin.py:188} INFO - [2026-04-26T23:22:59.819+0000] {dag.py:3096} INFO - Sync 1 DAGs
[2026-04-26T23:22:59.832+0000] {logging_mixin.py:188} INFO - [2026-04-26T23:22:59.832+0000] {dag.py:3954} INFO - Setting next_dagrun for tutorial to 2026-04-25 00:00:00+00:00, run_after=2026-04-26 00:00:00+00:00
[2026-04-26T23:22:59.842+0000] {processor.py:183} INFO - Processing /home/airflow/.local/lib/python3.12/site-packages/airflow/example_dags/tutorial.py took 0.043 seconds
[2026-04-26T23:23:30.554+0000] {processor.py:161} INFO - Started process (PID=1838) to work on /home/airflow/.local/lib/python3.12/site-packages/airflow/example_dags/tutorial.py
[2026-04-26T23:23:30.554+0000] {processor.py:830} INFO - Processing file /home/airflow/.local/lib/python3.12/site-packages/airflow/example_dags/tutorial.py for tasks to queue
[2026-04-26T23:23:30.555+0000] {logging_mixin.py:188} INFO - [2026-04-26T23:23:30.555+0000] {dagbag.py:545} INFO - Filling up the DagBag from /home/airflow/.local/lib/python3.12/site-packages/airflow/example_dags/tutorial.py
[2026-04-26T23:23:30.558+0000] {processor.py:840} INFO - DAG(s) 'tutorial' retrieved from /home/airflow/.local/lib/python3.12/site-packages/airflow/example_dags/tutorial.py
[2026-04-26T23:23:30.569+0000] {logging_mixin.py:188} INFO - [2026-04-26T23:23:30.569+0000] {dag.py:3096} INFO - Sync 1 DAGs
[2026-04-26T23:23:30.581+0000] {logging_mixin.py:188} INFO - [2026-04-26T23:23:30.580+0000] {dag.py:3954} INFO - Setting next_dagrun for tutorial to 2026-04-25 00:00:00+00:00, run_after=2026-04-26 00:00:00+00:00
[2026-04-26T23:23:30.591+0000] {processor.py:183} INFO - Processing /home/airflow/.local/lib/python3.12/site-packages/airflow/example_dags/tutorial.py took 0.041 seconds
[2026-04-26T23:24:02.051+0000] {processor.py:161} INFO - Started process (PID=1897) to work on /home/airflow/.local/lib/python3.12/site-packages/airflow/example_dags/tutorial.py
[2026-04-26T23:24:02.051+0000] {processor.py:830} INFO - Processing file /home/airflow/.local/lib/python3.12/site-packages/airflow/example_dags/tutorial.py for tasks to queue
[2026-04-26T23:24:02.053+0000] {logging_mixin.py:188} INFO - [2026-04-26T23:24:02.052+0000] {dagbag.py:545} INFO - Filling up the DagBag from /home/airflow/.local/lib/python3.12/site-packages/airflow/example_dags/tutorial.py
[2026-04-26T23:24:02.056+0000] {processor.py:840} INFO - DAG(s) 'tutorial' retrieved from /home/airflow/.local/lib/python3.12/site-packages/airflow/example_dags/tutorial.py
[2026-04-26T23:24:02.068+0000] {logging_mixin.py:188} INFO - [2026-04-26T23:24:02.067+0000] {dag.py:3096} INFO - Sync 1 DAGs
[2026-04-26T23:24:02.081+0000] {logging_mixin.py:188} INFO - [2026-04-26T23:24:02.081+0000] {dag.py:3954} INFO - Setting next_dagrun for tutorial to 2026-04-25 00:00:00+00:00, run_after=2026-04-26 00:00:00+00:00
[2026-04-26T23:24:02.090+0000] {processor.py:183} INFO - Processing /home/airflow/.local/lib/python3.12/site-packages/airflow/example_dags/tutorial.py took 0.043 seconds
[2026-04-26T23:24:33.607+0000] {processor.py:161} INFO - Started process (PID=1957) to work on /home/airflow/.local/lib/python3.12/site-packages/airflow/example_dags/tutorial.py
[2026-04-26T23:24:33.608+0000] {processor.py:830} INFO - Processing file /home/airflow/.local/lib/python3.12/site-packages/airflow/example_dags/tutorial.py for tasks to queue
[2026-04-26T23:24:33.608+0000] {logging_mixin.py:188} INFO - [2026-04-26T23:24:33.608+0000] {dagbag.py:545} INFO - Filling up the DagBag from /home/airflow/.local/lib/python3.12/site-packages/airflow/example_dags/tutorial.py
[2026-04-26T23:24:33.611+0000] {processor.py:840} INFO - DAG(s) 'tutorial' retrieved from /home/airflow/.local/lib/python3.12/site-packages/airflow/example_dags/tutorial.py
[2026-04-26T23:24:33.721+0000] {logging_mixin.py:188} INFO - [2026-04-26T23:24:33.721+0000] {dag.py:3096} INFO - Sync 1 DAGs
[2026-04-26T23:24:33.732+0000] {logging_mixin.py:188} INFO - [2026-04-26T23:24:33.732+0000] {dag.py:3954} INFO - Setting next_dagrun for tutorial to 2026-04-25 00:00:00+00:00, run_after=2026-04-26 00:00:00+00:00
[2026-04-26T23:24:33.753+0000] {processor.py:183} INFO - Processing /home/airflow/.local/lib/python3.12/site-packages/airflow/example_dags/tutorial.py took 0.150 seconds
[2026-04-26T23:25:04.256+0000] {processor.py:161} INFO - Started process (PID=2017) to work on /home/airflow/.local/lib/python3.12/site-packages/airflow/example_dags/tutorial.py
[2026-04-26T23:25:04.256+0000] {processor.py:830} INFO - Processing file /home/airflow/.local/lib/python3.12/site-packages/airflow/example_dags/tutorial.py for tasks to queue
[2026-04-26T23:25:04.258+0000] {logging_mixin.py:188} INFO - [2026-04-26T23:25:04.257+0000] {dagbag.py:545} INFO - Filling up the DagBag from /home/airflow/.local/lib/python3.12/site-packages/airflow/example_dags/tutorial.py
[2026-04-26T23:25:04.261+0000] {processor.py:840} INFO - DAG(s) 'tutorial' retrieved from /home/airflow/.local/lib/python3.12/site-packages/airflow/example_dags/tutorial.py
[2026-04-26T23:25:04.273+0000] {logging_mixin.py:188} INFO - [2026-04-26T23:25:04.273+0000] {dag.py:3096} INFO - Sync 1 DAGs
[2026-04-26T23:25:04.286+0000] {logging_mixin.py:188} INFO - [2026-04-26T23:25:04.286+0000] {dag.py:3954} INFO - Setting next_dagrun for tutorial to 2026-04-25 00:00:00+00:00, run_after=2026-04-26 00:00:00+00:00
[2026-04-26T23:25:04.297+0000] {processor.py:183} INFO - Processing /home/airflow/.local/lib/python3.12/site-packages/airflow/example_dags/tutorial.py took 0.046 seconds
[2026-04-26T23:25:35.056+0000] {processor.py:161} INFO - Started process (PID=2076) to work on /home/airflow/.local/lib/python3.12/site-packages/airflow/example_dags/tutorial.py
[2026-04-26T23:25:35.056+0000] {processor.py:830} INFO - Processing file /home/airflow/.local/lib/python3.12/site-packages/airflow/example_dags/tutorial.py for tasks to queue
[2026-04-26T23:25:35.057+0000] {logging_mixin.py:188} INFO - [2026-04-26T23:25:35.057+0000] {dagbag.py:545} INFO - Filling up the DagBag from /home/airflow/.local/lib/python3.12/site-packages/airflow/example_dags/tutorial.py
[2026-04-26T23:25:35.061+0000] {processor.py:840} INFO - DAG(s) 'tutorial' retrieved from /home/airflow/.local/lib/python3.12/site-packages/airflow/example_dags/tutorial.py
[2026-04-26T23:25:35.073+0000] {logging_mixin.py:188} INFO - [2026-04-26T23:25:35.073+0000] {dag.py:3096} INFO - Sync 1 DAGs
[2026-04-26T23:25:35.084+0000] {logging_mixin.py:188} INFO - [2026-04-26T23:25:35.084+0000] {dag.py:3954} INFO - Setting next_dagrun for tutorial to 2026-04-25 00:00:00+00:00, run_after=2026-04-26 00:00:00+00:00
[2026-04-26T23:25:35.094+0000] {processor.py:183} INFO - Processing /home/airflow/.local/lib/python3.12/site-packages/airflow/example_dags/tutorial.py took 0.043 seconds
[2026-04-26T23:26:05.799+0000] {processor.py:161} INFO - Started process (PID=2135) to work on /home/airflow/.local/lib/python3.12/site-packages/airflow/example_dags/tutorial.py
[2026-04-26T23:26:05.799+0000] {processor.py:830} INFO - Processing file /home/airflow/.local/lib/python3.12/site-packages/airflow/example_dags/tutorial.py for tasks to queue
[2026-04-26T23:26:05.801+0000] {logging_mixin.py:188} INFO - [2026-04-26T23:26:05.800+0000] {dagbag.py:545} INFO - Filling up the DagBag from /home/airflow/.local/lib/python3.12/site-packages/airflow/example_dags/tutorial.py
[2026-04-26T23:26:05.804+0000] {processor.py:840} INFO - DAG(s) 'tutorial' retrieved from /home/airflow/.local/lib/python3.12/site-packages/airflow/example_dags/tutorial.py
[2026-04-26T23:26:05.817+0000] {logging_mixin.py:188} INFO - [2026-04-26T23:26:05.817+0000] {dag.py:3096} INFO - Sync 1 DAGs
[2026-04-26T23:26:05.830+0000] {logging_mixin.py:188} INFO - [2026-04-26T23:26:05.830+0000] {dag.py:3954} INFO - Setting next_dagrun for tutorial to 2026-04-25 00:00:00+00:00, run_after=2026-04-26 00:00:00+00:00
[2026-04-26T23:26:05.840+0000] {processor.py:183} INFO - Processing /home/airflow/.local/lib/python3.12/site-packages/airflow/example_dags/tutorial.py took 0.046 seconds
[2026-04-26T23:26:36.556+0000] {processor.py:161} INFO - Started process (PID=2194) to work on /home/airflow/.local/lib/python3.12/site-packages/airflow/example_dags/tutorial.py
[2026-04-26T23:26:36.557+0000] {processor.py:830} INFO - Processing file /home/airflow/.local/lib/python3.12/site-packages/airflow/example_dags/tutorial.py for tasks to queue
[2026-04-26T23:26:36.558+0000] {logging_mixin.py:188} INFO - [2026-04-26T23:26:36.558+0000] {dagbag.py:545} INFO - Filling up the DagBag from /home/airflow/.local/lib/python3.12/site-packages/airflow/example_dags/tutorial.py
[2026-04-26T23:26:36.562+0000] {processor.py:840} INFO - DAG(s) 'tutorial' retrieved from /home/airflow/.local/lib/python3.12/site-packages/airflow/example_dags/tutorial.py
[2026-04-26T23:26:36.575+0000] {logging_mixin.py:188} INFO - [2026-04-26T23:26:36.575+0000] {dag.py:3096} INFO - Sync 1 DAGs
[2026-04-26T23:26:36.586+0000] {logging_mixin.py:188} INFO - [2026-04-26T23:26:36.586+0000] {dag.py:3954} INFO - Setting next_dagrun for tutorial to 2026-04-25 00:00:00+00:00, run_after=2026-04-26 00:00:00+00:00
[2026-04-26T23:26:36.598+0000] {processor.py:183} INFO - Processing /home/airflow/.local/lib/python3.12/site-packages/airflow/example_dags/tutorial.py took 0.045 seconds
[2026-04-26T23:27:07.368+0000] {processor.py:161} INFO - Started process (PID=2253) to work on /home/airflow/.local/lib/python3.12/site-packages/airflow/example_dags/tutorial.py
[2026-04-26T23:27:07.368+0000] {processor.py:830} INFO - Processing file /home/airflow/.local/lib/python3.12/site-packages/airflow/example_dags/tutorial.py for tasks to queue
[2026-04-26T23:27:07.369+0000] {logging_mixin.py:188} INFO - [2026-04-26T23:27:07.369+0000] {dagbag.py:545} INFO - Filling up the DagBag from /home/airflow/.local/lib/python3.12/site-packages/airflow/example_dags/tutorial.py
[2026-04-26T23:27:07.374+0000] {processor.py:840} INFO - DAG(s) 'tutorial' retrieved from /home/airflow/.local/lib/python3.12/site-packages/airflow/example_dags/tutorial.py
[2026-04-26T23:27:07.385+0000] {logging_mixin.py:188} INFO - [2026-04-26T23:27:07.385+0000] {dag.py:3096} INFO - Sync 1 DAGs
[2026-04-26T23:27:07.398+0000] {logging_mixin.py:188} INFO - [2026-04-26T23:27:07.398+0000] {dag.py:3954} INFO - Setting next_dagrun for tutorial to 2026-04-25 00:00:00+00:00, run_after=2026-04-26 00:00:00+00:00
[2026-04-26T23:27:07.407+0000] {processor.py:183} INFO - Processing /home/airflow/.local/lib/python3.12/site-packages/airflow/example_dags/tutorial.py took 0.043 seconds
[2026-04-26T23:27:38.092+0000] {processor.py:161} INFO - Started process (PID=2312) to work on /home/airflow/.local/lib/python3.12/site-packages/airflow/example_dags/tutorial.py
[2026-04-26T23:27:38.092+0000] {processor.py:830} INFO - Processing file /home/airflow/.local/lib/python3.12/site-packages/airflow/example_dags/tutorial.py for tasks to queue
[2026-04-26T23:27:38.093+0000] {logging_mixin.py:188} INFO - [2026-04-26T23:27:38.093+0000] {dagbag.py:545} INFO - Filling up the DagBag from /home/airflow/.local/lib/python3.12/site-packages/airflow/example_dags/tutorial.py
[2026-04-26T23:27:38.097+0000] {processor.py:840} INFO - DAG(s) 'tutorial' retrieved from /home/airflow/.local/lib/python3.12/site-packages/airflow/example_dags/tutorial.py
[2026-04-26T23:27:38.108+0000] {logging_mixin.py:188} INFO - [2026-04-26T23:27:38.108+0000] {dag.py:3096} INFO - Sync 1 DAGs
[2026-04-26T23:27:38.119+0000] {logging_mixin.py:188} INFO - [2026-04-26T23:27:38.119+0000] {dag.py:3954} INFO - Setting next_dagrun for tutorial to 2026-04-25 00:00:00+00:00, run_after=2026-04-26 00:00:00+00:00
[2026-04-26T23:27:38.129+0000] {processor.py:183} INFO - Processing /home/airflow/.local/lib/python3.12/site-packages/airflow/example_dags/tutorial.py took 0.041 seconds
[2026-04-26T23:28:08.785+0000] {processor.py:161} INFO - Started process (PID=2371) to work on /home/airflow/.local/lib/python3.12/site-packages/airflow/example_dags/tutorial.py
[2026-04-26T23:28:08.785+0000] {processor.py:830} INFO - Processing file /home/airflow/.local/lib/python3.12/site-packages/airflow/example_dags/tutorial.py for tasks to queue
[2026-04-26T23:28:08.786+0000] {logging_mixin.py:188} INFO - [2026-04-26T23:28:08.786+0000] {dagbag.py:545} INFO - Filling up the DagBag from /home/airflow/.local/lib/python3.12/site-packages/airflow/example_dags/tutorial.py
[2026-04-26T23:28:08.790+0000] {processor.py:840} INFO - DAG(s) 'tutorial' retrieved from /home/airflow/.local/lib/python3.12/site-packages/airflow/example_dags/tutorial.py
[2026-04-26T23:28:08.801+0000] {logging_mixin.py:188} INFO - [2026-04-26T23:28:08.801+0000] {dag.py:3096} INFO - Sync 1 DAGs
[2026-04-26T23:28:08.813+0000] {logging_mixin.py:188} INFO - [2026-04-26T23:28:08.813+0000] {dag.py:3954} INFO - Setting next_dagrun for tutorial to 2026-04-25 00:00:00+00:00, run_after=2026-04-26 00:00:00+00:00
[2026-04-26T23:28:08.823+0000] {processor.py:183} INFO - Processing /home/airflow/.local/lib/python3.12/site-packages/airflow/example_dags/tutorial.py took 0.043 seconds
[2026-04-26T23:28:39.592+0000] {processor.py:161} INFO - Started process (PID=2430) to work on /home/airflow/.local/lib/python3.12/site-packages/airflow/example_dags/tutorial.py
[2026-04-26T23:28:39.593+0000] {processor.py:830} INFO - Processing file /home/airflow/.local/lib/python3.12/site-packages/airflow/example_dags/tutorial.py for tasks to queue
[2026-04-26T23:28:39.594+0000] {logging_mixin.py:188} INFO - [2026-04-26T23:28:39.593+0000] {dagbag.py:545} INFO - Filling up the DagBag from /home/airflow/.local/lib/python3.12/site-packages/airflow/example_dags/tutorial.py
[2026-04-26T23:28:39.598+0000] {processor.py:840} INFO - DAG(s) 'tutorial' retrieved from /home/airflow/.local/lib/python3.12/site-packages/airflow/example_dags/tutorial.py
[2026-04-26T23:28:39.613+0000] {logging_mixin.py:188} INFO - [2026-04-26T23:28:39.613+0000] {dag.py:3096} INFO - Sync 1 DAGs
[2026-04-26T23:28:39.632+0000] {logging_mixin.py:188} INFO - [2026-04-26T23:28:39.632+0000] {dag.py:3954} INFO - Setting next_dagrun for tutorial to 2026-04-25 00:00:00+00:00, run_after=2026-04-26 00:00:00+00:00
[2026-04-26T23:28:39.649+0000] {processor.py:183} INFO - Processing /home/airflow/.local/lib/python3.12/site-packages/airflow/example_dags/tutorial.py took 0.061 seconds
[2026-04-26T23:29:09.824+0000] {processor.py:161} INFO - Started process (PID=2489) to work on /home/airflow/.local/lib/python3.12/site-packages/airflow/example_dags/tutorial.py
[2026-04-26T23:29:09.825+0000] {processor.py:830} INFO - Processing file /home/airflow/.local/lib/python3.12/site-packages/airflow/example_dags/tutorial.py for tasks to queue
[2026-04-26T23:29:09.826+0000] {logging_mixin.py:188} INFO - [2026-04-26T23:29:09.825+0000] {dagbag.py:545} INFO - Filling up the DagBag from /home/airflow/.local/lib/python3.12/site-packages/airflow/example_dags/tutorial.py
[2026-04-26T23:29:09.829+0000] {processor.py:840} INFO - DAG(s) 'tutorial' retrieved from /home/airflow/.local/lib/python3.12/site-packages/airflow/example_dags/tutorial.py
[2026-04-26T23:29:09.841+0000] {logging_mixin.py:188} INFO - [2026-04-26T23:29:09.841+0000] {dag.py:3096} INFO - Sync 1 DAGs
[2026-04-26T23:29:09.853+0000] {logging_mixin.py:188} INFO - [2026-04-26T23:29:09.853+0000] {dag.py:3954} INFO - Setting next_dagrun for tutorial to 2026-04-25 00:00:00+00:00, run_after=2026-04-26 00:00:00+00:00
[2026-04-26T23:29:09.862+0000] {processor.py:183} INFO - Processing /home/airflow/.local/lib/python3.12/site-packages/airflow/example_dags/tutorial.py took 0.041 seconds
[2026-04-26T23:29:40.582+0000] {processor.py:161} INFO - Started process (PID=2548) to work on /home/airflow/.local/lib/python3.12/site-packages/airflow/example_dags/tutorial.py
[2026-04-26T23:29:40.582+0000] {processor.py:830} INFO - Processing file /home/airflow/.local/lib/python3.12/site-packages/airflow/example_dags/tutorial.py for tasks to queue
[2026-04-26T23:29:40.583+0000] {logging_mixin.py:188} INFO - [2026-04-26T23:29:40.583+0000] {dagbag.py:545} INFO - Filling up the DagBag from /home/airflow/.local/lib/python3.12/site-packages/airflow/example_dags/tutorial.py
[2026-04-26T23:29:40.587+0000] {processor.py:840} INFO - DAG(s) 'tutorial' retrieved from /home/airflow/.local/lib/python3.12/site-packages/airflow/example_dags/tutorial.py
[2026-04-26T23:29:40.600+0000] {logging_mixin.py:188} INFO - [2026-04-26T23:29:40.599+0000] {dag.py:3096} INFO - Sync 1 DAGs
[2026-04-26T23:29:40.612+0000] {logging_mixin.py:188} INFO - [2026-04-26T23:29:40.612+0000] {dag.py:3954} INFO - Setting next_dagrun for tutorial to 2026-04-25 00:00:00+00:00, run_after=2026-04-26 00:00:00+00:00
[2026-04-26T23:29:40.623+0000] {processor.py:183} INFO - Processing /home/airflow/.local/lib/python3.12/site-packages/airflow/example_dags/tutorial.py took 0.045 seconds
[2026-04-26T23:30:11.429+0000] {processor.py:161} INFO - Started process (PID=2607) to work on /home/airflow/.local/lib/python3.12/site-packages/airflow/example_dags/tutorial.py
[2026-04-26T23:30:11.429+0000] {processor.py:830} INFO - Processing file /home/airflow/.local/lib/python3.12/site-packages/airflow/example_dags/tutorial.py for tasks to queue
[2026-04-26T23:30:11.430+0000] {logging_mixin.py:188} INFO - [2026-04-26T23:30:11.430+0000] {dagbag.py:545} INFO - Filling up the DagBag from /home/airflow/.local/lib/python3.12/site-packages/airflow/example_dags/tutorial.py
[2026-04-26T23:30:11.434+0000] {processor.py:840} INFO - DAG(s) 'tutorial' retrieved from /home/airflow/.local/lib/python3.12/site-packages/airflow/example_dags/tutorial.py
[2026-04-26T23:30:11.447+0000] {logging_mixin.py:188} INFO - [2026-04-26T23:30:11.447+0000] {dag.py:3096} INFO - Sync 1 DAGs
[2026-04-26T23:30:11.459+0000] {logging_mixin.py:188} INFO - [2026-04-26T23:30:11.459+0000] {dag.py:3954} INFO - Setting next_dagrun for tutorial to 2026-04-25 00:00:00+00:00, run_after=2026-04-26 00:00:00+00:00
[2026-04-26T23:30:11.468+0000] {processor.py:183} INFO - Processing /home/airflow/.local/lib/python3.12/site-packages/airflow/example_dags/tutorial.py took 0.043 seconds
[2026-04-26T23:30:42.131+0000] {processor.py:161} INFO - Started process (PID=2666) to work on /home/airflow/.local/lib/python3.12/site-packages/airflow/example_dags/tutorial.py
[2026-04-26T23:30:42.131+0000] {processor.py:830} INFO - Processing file /home/airflow/.local/lib/python3.12/site-packages/airflow/example_dags/tutorial.py for tasks to queue
[2026-04-26T23:30:42.132+0000] {logging_mixin.py:188} INFO - [2026-04-26T23:30:42.132+0000] {dagbag.py:545} INFO - Filling up the DagBag from /home/airflow/.local/lib/python3.12/site-packages/airflow/example_dags/tutorial.py
[2026-04-26T23:30:42.136+0000] {processor.py:840} INFO - DAG(s) 'tutorial' retrieved from /home/airflow/.local/lib/python3.12/site-packages/airflow/example_dags/tutorial.py
[2026-04-26T23:30:42.148+0000] {logging_mixin.py:188} INFO - [2026-04-26T23:30:42.148+0000] {dag.py:3096} INFO - Sync 1 DAGs
[2026-04-26T23:30:42.161+0000] {logging_mixin.py:188} INFO - [2026-04-26T23:30:42.161+0000] {dag.py:3954} INFO - Setting next_dagrun for tutorial to 2026-04-25 00:00:00+00:00, run_after=2026-04-26 00:00:00+00:00
[2026-04-26T23:30:42.171+0000] {processor.py:183} INFO - Processing /home/airflow/.local/lib/python3.12/site-packages/airflow/example_dags/tutorial.py took 0.044 seconds
[2026-04-26T23:31:12.851+0000] {processor.py:161} INFO - Started process (PID=2725) to work on /home/airflow/.local/lib/python3.12/site-packages/airflow/example_dags/tutorial.py
[2026-04-26T23:31:12.851+0000] {processor.py:830} INFO - Processing file /home/airflow/.local/lib/python3.12/site-packages/airflow/example_dags/tutorial.py for tasks to queue
[2026-04-26T23:31:12.852+0000] {logging_mixin.py:188} INFO - [2026-04-26T23:31:12.852+0000] {dagbag.py:545} INFO - Filling up the DagBag from /home/airflow/.local/lib/python3.12/site-packages/airflow/example_dags/tutorial.py
[2026-04-26T23:31:12.856+0000] {processor.py:840} INFO - DAG(s) 'tutorial' retrieved from /home/airflow/.local/lib/python3.12/site-packages/airflow/example_dags/tutorial.py
[2026-04-26T23:31:12.866+0000] {logging_mixin.py:188} INFO - [2026-04-26T23:31:12.866+0000] {dag.py:3096} INFO - Sync 1 DAGs
[2026-04-26T23:31:12.878+0000] {logging_mixin.py:188} INFO - [2026-04-26T23:31:12.878+0000] {dag.py:3954} INFO - Setting next_dagrun for tutorial to 2026-04-25 00:00:00+00:00, run_after=2026-04-26 00:00:00+00:00
[2026-04-26T23:31:12.888+0000] {processor.py:183} INFO - Processing /home/airflow/.local/lib/python3.12/site-packages/airflow/example_dags/tutorial.py took 0.041 seconds
[2026-04-26T23:31:43.642+0000] {processor.py:161} INFO - Started process (PID=2784) to work on /home/airflow/.local/lib/python3.12/site-packages/airflow/example_dags/tutorial.py
[2026-04-26T23:31:43.642+0000] {processor.py:830} INFO - Processing file /home/airflow/.local/lib/python3.12/site-packages/airflow/example_dags/tutorial.py for tasks to queue
[2026-04-26T23:31:43.643+0000] {logging_mixin.py:188} INFO - [2026-04-26T23:31:43.643+0000] {dagbag.py:545} INFO - Filling up the DagBag from /home/airflow/.local/lib/python3.12/site-packages/airflow/example_dags/tutorial.py
[2026-04-26T23:31:43.648+0000] {processor.py:840} INFO - DAG(s) 'tutorial' retrieved from /home/airflow/.local/lib/python3.12/site-packages/airflow/example_dags/tutorial.py
[2026-04-26T23:31:43.660+0000] {logging_mixin.py:188} INFO - [2026-04-26T23:31:43.660+0000] {dag.py:3096} INFO - Sync 1 DAGs
[2026-04-26T23:31:43.673+0000] {logging_mixin.py:188} INFO - [2026-04-26T23:31:43.673+0000] {dag.py:3954} INFO - Setting next_dagrun for tutorial to 2026-04-25 00:00:00+00:00, run_after=2026-04-26 00:00:00+00:00
[2026-04-26T23:31:43.682+0000] {processor.py:183} INFO - Processing /home/airflow/.local/lib/python3.12/site-packages/airflow/example_dags/tutorial.py took 0.043 seconds
[2026-04-26T23:32:14.506+0000] {processor.py:161} INFO - Started process (PID=2843) to work on /home/airflow/.local/lib/python3.12/site-packages/airflow/example_dags/tutorial.py
[2026-04-26T23:32:14.506+0000] {processor.py:830} INFO - Processing file /home/airflow/.local/lib/python3.12/site-packages/airflow/example_dags/tutorial.py for tasks to queue
[2026-04-26T23:32:14.508+0000] {logging_mixin.py:188} INFO - [2026-04-26T23:32:14.507+0000] {dagbag.py:545} INFO - Filling up the DagBag from /home/airflow/.local/lib/python3.12/site-packages/airflow/example_dags/tutorial.py
[2026-04-26T23:32:14.512+0000] {processor.py:840} INFO - DAG(s) 'tutorial' retrieved from /home/airflow/.local/lib/python3.12/site-packages/airflow/example_dags/tutorial.py
[2026-04-26T23:32:14.526+0000] {logging_mixin.py:188} INFO - [2026-04-26T23:32:14.526+0000] {dag.py:3096} INFO - Sync 1 DAGs
[2026-04-26T23:32:14.543+0000] {logging_mixin.py:188} INFO - [2026-04-26T23:32:14.542+0000] {dag.py:3954} INFO - Setting next_dagrun for tutorial to 2026-04-25 00:00:00+00:00, run_after=2026-04-26 00:00:00+00:00
[2026-04-26T23:32:14.555+0000] {processor.py:183} INFO - Processing /home/airflow/.local/lib/python3.12/site-packages/airflow/example_dags/tutorial.py took 0.054 seconds
[2026-04-26T23:32:44.791+0000] {processor.py:161} INFO - Started process (PID=2902) to work on /home/airflow/.local/lib/python3.12/site-packages/airflow/example_dags/tutorial.py
[2026-04-26T23:32:44.792+0000] {processor.py:830} INFO - Processing file /home/airflow/.local/lib/python3.12/site-packages/airflow/example_dags/tutorial.py for tasks to queue
[2026-04-26T23:32:44.793+0000] {logging_mixin.py:188} INFO - [2026-04-26T23:32:44.793+0000] {dagbag.py:545} INFO - Filling up the DagBag from /home/airflow/.local/lib/python3.12/site-packages/airflow/example_dags/tutorial.py
[2026-04-26T23:32:44.798+0000] {processor.py:840} INFO - DAG(s) 'tutorial' retrieved from /home/airflow/.local/lib/python3.12/site-packages/airflow/example_dags/tutorial.py
[2026-04-26T23:32:44.811+0000] {logging_mixin.py:188} INFO - [2026-04-26T23:32:44.811+0000] {dag.py:3096} INFO - Sync 1 DAGs
[2026-04-26T23:32:44.827+0000] {logging_mixin.py:188} INFO - [2026-04-26T23:32:44.826+0000] {dag.py:3954} INFO - Setting next_dagrun for tutorial to 2026-04-25 00:00:00+00:00, run_after=2026-04-26 00:00:00+00:00
[2026-04-26T23:32:44.839+0000] {processor.py:183} INFO - Processing /home/airflow/.local/lib/python3.12/site-packages/airflow/example_dags/tutorial.py took 0.052 seconds
[2026-04-26T23:33:15.807+0000] {processor.py:161} INFO - Started process (PID=2961) to work on /home/airflow/.local/lib/python3.12/site-packages/airflow/example_dags/tutorial.py
[2026-04-26T23:33:15.821+0000] {processor.py:830} INFO - Processing file /home/airflow/.local/lib/python3.12/site-packages/airflow/example_dags/tutorial.py for tasks to queue
[2026-04-26T23:33:15.822+0000] {logging_mixin.py:188} INFO - [2026-04-26T23:33:15.822+0000] {dagbag.py:545} INFO - Filling up the DagBag from /home/airflow/.local/lib/python3.12/site-packages/airflow/example_dags/tutorial.py
[2026-04-26T23:33:15.827+0000] {processor.py:840} INFO - DAG(s) 'tutorial' retrieved from /home/airflow/.local/lib/python3.12/site-packages/airflow/example_dags/tutorial.py
[2026-04-26T23:33:15.841+0000] {logging_mixin.py:188} INFO - [2026-04-26T23:33:15.841+0000] {dag.py:3096} INFO - Sync 1 DAGs
[2026-04-26T23:33:15.855+0000] {logging_mixin.py:188} INFO - [2026-04-26T23:33:15.855+0000] {dag.py:3954} INFO - Setting next_dagrun for tutorial to 2026-04-25 00:00:00+00:00, run_after=2026-04-26 00:00:00+00:00
[2026-04-26T23:33:15.865+0000] {processor.py:183} INFO - Processing /home/airflow/.local/lib/python3.12/site-packages/airflow/example_dags/tutorial.py took 0.062 seconds
[2026-04-26T23:33:46.830+0000] {processor.py:161} INFO - Started process (PID=3025) to work on /home/airflow/.local/lib/python3.12/site-packages/airflow/example_dags/tutorial.py
[2026-04-26T23:33:46.830+0000] {processor.py:830} INFO - Processing file /home/airflow/.local/lib/python3.12/site-packages/airflow/example_dags/tutorial.py for tasks to queue
[2026-04-26T23:33:46.831+0000] {logging_mixin.py:188} INFO - [2026-04-26T23:33:46.831+0000] {dagbag.py:545} INFO - Filling up the DagBag from /home/airflow/.local/lib/python3.12/site-packages/airflow/example_dags/tutorial.py
[2026-04-26T23:33:46.835+0000] {processor.py:840} INFO - DAG(s) 'tutorial' retrieved from /home/airflow/.local/lib/python3.12/site-packages/airflow/example_dags/tutorial.py
[2026-04-26T23:33:46.848+0000] {logging_mixin.py:188} INFO - [2026-04-26T23:33:46.848+0000] {dag.py:3096} INFO - Sync 1 DAGs
[2026-04-26T23:33:46.860+0000] {logging_mixin.py:188} INFO - [2026-04-26T23:33:46.860+0000] {dag.py:3954} INFO - Setting next_dagrun for tutorial to 2026-04-25 00:00:00+00:00, run_after=2026-04-26 00:00:00+00:00
[2026-04-26T23:33:46.870+0000] {processor.py:183} INFO - Processing /home/airflow/.local/lib/python3.12/site-packages/airflow/example_dags/tutorial.py took 0.044 seconds
[2026-04-26T23:34:16.936+0000] {processor.py:161} INFO - Started process (PID=3083) to work on /home/airflow/.local/lib/python3.12/site-packages/airflow/example_dags/tutorial.py
[2026-04-26T23:34:16.936+0000] {processor.py:830} INFO - Processing file /home/airflow/.local/lib/python3.12/site-packages/airflow/example_dags/tutorial.py for tasks to queue
[2026-04-26T23:34:16.937+0000] {logging_mixin.py:188} INFO - [2026-04-26T23:34:16.937+0000] {dagbag.py:545} INFO - Filling up the DagBag from /home/airflow/.local/lib/python3.12/site-packages/airflow/example_dags/tutorial.py
[2026-04-26T23:34:16.941+0000] {processor.py:840} INFO - DAG(s) 'tutorial' retrieved from /home/airflow/.local/lib/python3.12/site-packages/airflow/example_dags/tutorial.py
[2026-04-26T23:34:16.952+0000] {logging_mixin.py:188} INFO - [2026-04-26T23:34:16.951+0000] {dag.py:3096} INFO - Sync 1 DAGs
[2026-04-26T23:34:16.963+0000] {logging_mixin.py:188} INFO - [2026-04-26T23:34:16.963+0000] {dag.py:3954} INFO - Setting next_dagrun for tutorial to 2026-04-25 00:00:00+00:00, run_after=2026-04-26 00:00:00+00:00
[2026-04-26T23:34:16.972+0000] {processor.py:183} INFO - Processing /home/airflow/.local/lib/python3.12/site-packages/airflow/example_dags/tutorial.py took 0.041 seconds
[2026-04-26T23:34:47.087+0000] {processor.py:161} INFO - Started process (PID=3142) to work on /home/airflow/.local/lib/python3.12/site-packages/airflow/example_dags/tutorial.py
[2026-04-26T23:34:47.088+0000] {processor.py:830} INFO - Processing file /home/airflow/.local/lib/python3.12/site-packages/airflow/example_dags/tutorial.py for tasks to queue
[2026-04-26T23:34:47.089+0000] {logging_mixin.py:188} INFO - [2026-04-26T23:34:47.089+0000] {dagbag.py:545} INFO - Filling up the DagBag from /home/airflow/.local/lib/python3.12/site-packages/airflow/example_dags/tutorial.py
[2026-04-26T23:34:47.093+0000] {processor.py:840} INFO - DAG(s) 'tutorial' retrieved from /home/airflow/.local/lib/python3.12/site-packages/airflow/example_dags/tutorial.py
[2026-04-26T23:34:47.105+0000] {logging_mixin.py:188} INFO - [2026-04-26T23:34:47.105+0000] {dag.py:3096} INFO - Sync 1 DAGs
[2026-04-26T23:34:47.118+0000] {logging_mixin.py:188} INFO - [2026-04-26T23:34:47.118+0000] {dag.py:3954} INFO - Setting next_dagrun for tutorial to 2026-04-25 00:00:00+00:00, run_after=2026-04-26 00:00:00+00:00
[2026-04-26T23:34:47.134+0000] {processor.py:183} INFO - Processing /home/airflow/.local/lib/python3.12/site-packages/airflow/example_dags/tutorial.py took 0.051 seconds
[2026-04-26T23:35:17.765+0000] {processor.py:161} INFO - Started process (PID=3202) to work on /home/airflow/.local/lib/python3.12/site-packages/airflow/example_dags/tutorial.py
[2026-04-26T23:35:17.765+0000] {processor.py:830} INFO - Processing file /home/airflow/.local/lib/python3.12/site-packages/airflow/example_dags/tutorial.py for tasks to queue
[2026-04-26T23:35:17.766+0000] {logging_mixin.py:188} INFO - [2026-04-26T23:35:17.766+0000] {dagbag.py:545} INFO - Filling up the DagBag from /home/airflow/.local/lib/python3.12/site-packages/airflow/example_dags/tutorial.py
[2026-04-26T23:35:17.770+0000] {processor.py:840} INFO - DAG(s) 'tutorial' retrieved from /home/airflow/.local/lib/python3.12/site-packages/airflow/example_dags/tutorial.py
[2026-04-26T23:35:17.783+0000] {logging_mixin.py:188} INFO - [2026-04-26T23:35:17.782+0000] {dag.py:3096} INFO - Sync 1 DAGs
[2026-04-26T23:35:17.796+0000] {logging_mixin.py:188} INFO - [2026-04-26T23:35:17.796+0000] {dag.py:3954} INFO - Setting next_dagrun for tutorial to 2026-04-25 00:00:00+00:00, run_after=2026-04-26 00:00:00+00:00
[2026-04-26T23:35:17.807+0000] {processor.py:183} INFO - Processing /home/airflow/.local/lib/python3.12/site-packages/airflow/example_dags/tutorial.py took 0.046 seconds
[2026-04-26T23:35:48.525+0000] {processor.py:161} INFO - Started process (PID=3261) to work on /home/airflow/.local/lib/python3.12/site-packages/airflow/example_dags/tutorial.py
[2026-04-26T23:35:48.525+0000] {processor.py:830} INFO - Processing file /home/airflow/.local/lib/python3.12/site-packages/airflow/example_dags/tutorial.py for tasks to queue
[2026-04-26T23:35:48.526+0000] {logging_mixin.py:188} INFO - [2026-04-26T23:35:48.526+0000] {dagbag.py:545} INFO - Filling up the DagBag from /home/airflow/.local/lib/python3.12/site-packages/airflow/example_dags/tutorial.py
[2026-04-26T23:35:48.530+0000] {processor.py:840} INFO - DAG(s) 'tutorial' retrieved from /home/airflow/.local/lib/python3.12/site-packages/airflow/example_dags/tutorial.py
[2026-04-26T23:35:48.542+0000] {logging_mixin.py:188} INFO - [2026-04-26T23:35:48.542+0000] {dag.py:3096} INFO - Sync 1 DAGs
[2026-04-26T23:35:48.554+0000] {logging_mixin.py:188} INFO - [2026-04-26T23:35:48.554+0000] {dag.py:3954} INFO - Setting next_dagrun for tutorial to 2026-04-25 00:00:00+00:00, run_after=2026-04-26 00:00:00+00:00
[2026-04-26T23:35:48.564+0000] {processor.py:183} INFO - Processing /home/airflow/.local/lib/python3.12/site-packages/airflow/example_dags/tutorial.py took 0.043 seconds
[2026-04-26T23:36:19.274+0000] {processor.py:161} INFO - Started process (PID=3320) to work on /home/airflow/.local/lib/python3.12/site-packages/airflow/example_dags/tutorial.py
[2026-04-26T23:36:19.274+0000] {processor.py:830} INFO - Processing file /home/airflow/.local/lib/python3.12/site-packages/airflow/example_dags/tutorial.py for tasks to queue
[2026-04-26T23:36:19.275+0000] {logging_mixin.py:188} INFO - [2026-04-26T23:36:19.275+0000] {dagbag.py:545} INFO - Filling up the DagBag from /home/airflow/.local/lib/python3.12/site-packages/airflow/example_dags/tutorial.py
[2026-04-26T23:36:19.279+0000] {processor.py:840} INFO - DAG(s) 'tutorial' retrieved from /home/airflow/.local/lib/python3.12/site-packages/airflow/example_dags/tutorial.py
[2026-04-26T23:36:19.291+0000] {logging_mixin.py:188} INFO - [2026-04-26T23:36:19.291+0000] {dag.py:3096} INFO - Sync 1 DAGs
[2026-04-26T23:36:19.303+0000] {logging_mixin.py:188} INFO - [2026-04-26T23:36:19.303+0000] {dag.py:3954} INFO - Setting next_dagrun for tutorial to 2026-04-25 00:00:00+00:00, run_after=2026-04-26 00:00:00+00:00
[2026-04-26T23:36:19.312+0000] {processor.py:183} INFO - Processing /home/airflow/.local/lib/python3.12/site-packages/airflow/example_dags/tutorial.py took 0.042 seconds
[2026-04-26T23:36:49.908+0000] {processor.py:161} INFO - Started process (PID=3379) to work on /home/airflow/.local/lib/python3.12/site-packages/airflow/example_dags/tutorial.py
[2026-04-26T23:36:49.908+0000] {processor.py:830} INFO - Processing file /home/airflow/.local/lib/python3.12/site-packages/airflow/example_dags/tutorial.py for tasks to queue
[2026-04-26T23:36:49.909+0000] {logging_mixin.py:188} INFO - [2026-04-26T23:36:49.909+0000] {dagbag.py:545} INFO - Filling up the DagBag from /home/airflow/.local/lib/python3.12/site-packages/airflow/example_dags/tutorial.py
[2026-04-26T23:36:49.913+0000] {processor.py:840} INFO - DAG(s) 'tutorial' retrieved from /home/airflow/.local/lib/python3.12/site-packages/airflow/example_dags/tutorial.py
[2026-04-26T23:36:49.923+0000] {logging_mixin.py:188} INFO - [2026-04-26T23:36:49.923+0000] {dag.py:3096} INFO - Sync 1 DAGs
[2026-04-26T23:36:49.936+0000] {logging_mixin.py:188} INFO - [2026-04-26T23:36:49.936+0000] {dag.py:3954} INFO - Setting next_dagrun for tutorial to 2026-04-25 00:00:00+00:00, run_after=2026-04-26 00:00:00+00:00
[2026-04-26T23:36:49.946+0000] {processor.py:183} INFO - Processing /home/airflow/.local/lib/python3.12/site-packages/airflow/example_dags/tutorial.py took 0.042 seconds
[2026-04-26T23:37:20.663+0000] {processor.py:161} INFO - Started process (PID=3444) to work on /home/airflow/.local/lib/python3.12/site-packages/airflow/example_dags/tutorial.py
[2026-04-26T23:37:20.664+0000] {processor.py:830} INFO - Processing file /home/airflow/.local/lib/python3.12/site-packages/airflow/example_dags/tutorial.py for tasks to queue
[2026-04-26T23:37:20.665+0000] {logging_mixin.py:188} INFO - [2026-04-26T23:37:20.665+0000] {dagbag.py:545} INFO - Filling up the DagBag from /home/airflow/.local/lib/python3.12/site-packages/airflow/example_dags/tutorial.py
[2026-04-26T23:37:20.670+0000] {processor.py:840} INFO - DAG(s) 'tutorial' retrieved from /home/airflow/.local/lib/python3.12/site-packages/airflow/example_dags/tutorial.py
[2026-04-26T23:37:20.688+0000] {logging_mixin.py:188} INFO - [2026-04-26T23:37:20.687+0000] {dag.py:3096} INFO - Sync 1 DAGs
[2026-04-26T23:37:20.709+0000] {logging_mixin.py:188} INFO - [2026-04-26T23:37:20.708+0000] {dag.py:3954} INFO - Setting next_dagrun for tutorial to 2026-04-25 00:00:00+00:00, run_after=2026-04-26 00:00:00+00:00
[2026-04-26T23:37:20.723+0000] {processor.py:183} INFO - Processing /home/airflow/.local/lib/python3.12/site-packages/airflow/example_dags/tutorial.py took 0.064 seconds
[2026-04-26T23:37:51.416+0000] {processor.py:161} INFO - Started process (PID=3503) to work on /home/airflow/.local/lib/python3.12/site-packages/airflow/example_dags/tutorial.py
[2026-04-26T23:37:51.416+0000] {processor.py:830} INFO - Processing file /home/airflow/.local/lib/python3.12/site-packages/airflow/example_dags/tutorial.py for tasks to queue
[2026-04-26T23:37:51.417+0000] {logging_mixin.py:188} INFO - [2026-04-26T23:37:51.417+0000] {dagbag.py:545} INFO - Filling up the DagBag from /home/airflow/.local/lib/python3.12/site-packages/airflow/example_dags/tutorial.py
[2026-04-26T23:37:51.421+0000] {processor.py:840} INFO - DAG(s) 'tutorial' retrieved from /home/airflow/.local/lib/python3.12/site-packages/airflow/example_dags/tutorial.py
[2026-04-26T23:37:51.431+0000] {logging_mixin.py:188} INFO - [2026-04-26T23:37:51.431+0000] {dag.py:3096} INFO - Sync 1 DAGs
[2026-04-26T23:37:51.443+0000] {logging_mixin.py:188} INFO - [2026-04-26T23:37:51.443+0000] {dag.py:3954} INFO - Setting next_dagrun for tutorial to 2026-04-25 00:00:00+00:00, run_after=2026-04-26 00:00:00+00:00
[2026-04-26T23:37:51.452+0000] {processor.py:183} INFO - Processing /home/airflow/.local/lib/python3.12/site-packages/airflow/example_dags/tutorial.py took 0.040 seconds
[2026-04-26T23:38:22.123+0000] {processor.py:161} INFO - Started process (PID=3562) to work on /home/airflow/.local/lib/python3.12/site-packages/airflow/example_dags/tutorial.py
[2026-04-26T23:38:22.124+0000] {processor.py:830} INFO - Processing file /home/airflow/.local/lib/python3.12/site-packages/airflow/example_dags/tutorial.py for tasks to queue
[2026-04-26T23:38:22.125+0000] {logging_mixin.py:188} INFO - [2026-04-26T23:38:22.125+0000] {dagbag.py:545} INFO - Filling up the DagBag from /home/airflow/.local/lib/python3.12/site-packages/airflow/example_dags/tutorial.py
[2026-04-26T23:38:22.129+0000] {processor.py:840} INFO - DAG(s) 'tutorial' retrieved from /home/airflow/.local/lib/python3.12/site-packages/airflow/example_dags/tutorial.py
[2026-04-26T23:38:22.144+0000] {logging_mixin.py:188} INFO - [2026-04-26T23:38:22.144+0000] {dag.py:3096} INFO - Sync 1 DAGs
[2026-04-26T23:38:22.159+0000] {logging_mixin.py:188} INFO - [2026-04-26T23:38:22.159+0000] {dag.py:3954} INFO - Setting next_dagrun for tutorial to 2026-04-25 00:00:00+00:00, run_after=2026-04-26 00:00:00+00:00
[2026-04-26T23:38:22.171+0000] {processor.py:183} INFO - Processing /home/airflow/.local/lib/python3.12/site-packages/airflow/example_dags/tutorial.py took 0.052 seconds
[2026-04-26T23:38:47.160+0000] {processor.py:161} INFO - Started process (PID=104) to work on /home/airflow/.local/lib/python3.12/site-packages/airflow/example_dags/tutorial.py
[2026-04-26T23:38:47.161+0000] {processor.py:830} INFO - Processing file /home/airflow/.local/lib/python3.12/site-packages/airflow/example_dags/tutorial.py for tasks to queue
[2026-04-26T23:38:47.162+0000] {logging_mixin.py:188} INFO - [2026-04-26T23:38:47.162+0000] {dagbag.py:545} INFO - Filling up the DagBag from /home/airflow/.local/lib/python3.12/site-packages/airflow/example_dags/tutorial.py
[2026-04-26T23:38:47.165+0000] {processor.py:840} INFO - DAG(s) 'tutorial' retrieved from /home/airflow/.local/lib/python3.12/site-packages/airflow/example_dags/tutorial.py
[2026-04-26T23:38:47.171+0000] {logging_mixin.py:188} INFO - [2026-04-26T23:38:47.171+0000] {dag.py:3096} INFO - Sync 1 DAGs
[2026-04-26T23:38:47.184+0000] {logging_mixin.py:188} INFO - [2026-04-26T23:38:47.184+0000] {dag.py:3954} INFO - Setting next_dagrun for tutorial to 2026-04-25 00:00:00+00:00, run_after=2026-04-26 00:00:00+00:00
[2026-04-26T23:38:47.195+0000] {processor.py:183} INFO - Processing /home/airflow/.local/lib/python3.12/site-packages/airflow/example_dags/tutorial.py took 0.037 seconds
[2026-04-26T23:39:18.460+0000] {processor.py:161} INFO - Started process (PID=163) to work on /home/airflow/.local/lib/python3.12/site-packages/airflow/example_dags/tutorial.py
[2026-04-26T23:39:18.460+0000] {processor.py:830} INFO - Processing file /home/airflow/.local/lib/python3.12/site-packages/airflow/example_dags/tutorial.py for tasks to queue
[2026-04-26T23:39:18.461+0000] {logging_mixin.py:188} INFO - [2026-04-26T23:39:18.461+0000] {dagbag.py:545} INFO - Filling up the DagBag from /home/airflow/.local/lib/python3.12/site-packages/airflow/example_dags/tutorial.py
[2026-04-26T23:39:18.465+0000] {processor.py:840} INFO - DAG(s) 'tutorial' retrieved from /home/airflow/.local/lib/python3.12/site-packages/airflow/example_dags/tutorial.py
[2026-04-26T23:39:18.517+0000] {logging_mixin.py:188} INFO - [2026-04-26T23:39:18.517+0000] {dag.py:3096} INFO - Sync 1 DAGs
[2026-04-26T23:39:18.528+0000] {logging_mixin.py:188} INFO - [2026-04-26T23:39:18.527+0000] {dag.py:3954} INFO - Setting next_dagrun for tutorial to 2026-04-25 00:00:00+00:00, run_after=2026-04-26 00:00:00+00:00
[2026-04-26T23:39:18.541+0000] {processor.py:183} INFO - Processing /home/airflow/.local/lib/python3.12/site-packages/airflow/example_dags/tutorial.py took 0.085 seconds
[2026-04-26T23:39:48.592+0000] {processor.py:161} INFO - Started process (PID=222) to work on /home/airflow/.local/lib/python3.12/site-packages/airflow/example_dags/tutorial.py
[2026-04-26T23:39:48.593+0000] {processor.py:830} INFO - Processing file /home/airflow/.local/lib/python3.12/site-packages/airflow/example_dags/tutorial.py for tasks to queue
[2026-04-26T23:39:48.594+0000] {logging_mixin.py:188} INFO - [2026-04-26T23:39:48.593+0000] {dagbag.py:545} INFO - Filling up the DagBag from /home/airflow/.local/lib/python3.12/site-packages/airflow/example_dags/tutorial.py
[2026-04-26T23:39:48.597+0000] {processor.py:840} INFO - DAG(s) 'tutorial' retrieved from /home/airflow/.local/lib/python3.12/site-packages/airflow/example_dags/tutorial.py
[2026-04-26T23:39:48.608+0000] {logging_mixin.py:188} INFO - [2026-04-26T23:39:48.608+0000] {dag.py:3096} INFO - Sync 1 DAGs
[2026-04-26T23:39:48.620+0000] {logging_mixin.py:188} INFO - [2026-04-26T23:39:48.620+0000] {dag.py:3954} INFO - Setting next_dagrun for tutorial to 2026-04-25 00:00:00+00:00, run_after=2026-04-26 00:00:00+00:00
[2026-04-26T23:39:48.632+0000] {processor.py:183} INFO - Processing /home/airflow/.local/lib/python3.12/site-packages/airflow/example_dags/tutorial.py took 0.043 seconds
[2026-04-26T23:40:19.440+0000] {processor.py:161} INFO - Started process (PID=281) to work on /home/airflow/.local/lib/python3.12/site-packages/airflow/example_dags/tutorial.py
[2026-04-26T23:40:19.441+0000] {processor.py:830} INFO - Processing file /home/airflow/.local/lib/python3.12/site-packages/airflow/example_dags/tutorial.py for tasks to queue
[2026-04-26T23:40:19.442+0000] {logging_mixin.py:188} INFO - [2026-04-26T23:40:19.442+0000] {dagbag.py:545} INFO - Filling up the DagBag from /home/airflow/.local/lib/python3.12/site-packages/airflow/example_dags/tutorial.py
[2026-04-26T23:40:19.445+0000] {processor.py:840} INFO - DAG(s) 'tutorial' retrieved from /home/airflow/.local/lib/python3.12/site-packages/airflow/example_dags/tutorial.py
[2026-04-26T23:40:19.456+0000] {logging_mixin.py:188} INFO - [2026-04-26T23:40:19.456+0000] {dag.py:3096} INFO - Sync 1 DAGs
[2026-04-26T23:40:19.468+0000] {logging_mixin.py:188} INFO - [2026-04-26T23:40:19.468+0000] {dag.py:3954} INFO - Setting next_dagrun for tutorial to 2026-04-25 00:00:00+00:00, run_after=2026-04-26 00:00:00+00:00
[2026-04-26T23:40:19.476+0000] {processor.py:183} INFO - Processing /home/airflow/.local/lib/python3.12/site-packages/airflow/example_dags/tutorial.py took 0.039 seconds
[2026-04-26T23:40:50.503+0000] {processor.py:161} INFO - Started process (PID=340) to work on /home/airflow/.local/lib/python3.12/site-packages/airflow/example_dags/tutorial.py
[2026-04-26T23:40:50.503+0000] {processor.py:830} INFO - Processing file /home/airflow/.local/lib/python3.12/site-packages/airflow/example_dags/tutorial.py for tasks to queue
[2026-04-26T23:40:50.504+0000] {logging_mixin.py:188} INFO - [2026-04-26T23:40:50.504+0000] {dagbag.py:545} INFO - Filling up the DagBag from /home/airflow/.local/lib/python3.12/site-packages/airflow/example_dags/tutorial.py
[2026-04-26T23:40:50.508+0000] {processor.py:840} INFO - DAG(s) 'tutorial' retrieved from /home/airflow/.local/lib/python3.12/site-packages/airflow/example_dags/tutorial.py
[2026-04-26T23:40:50.518+0000] {logging_mixin.py:188} INFO - [2026-04-26T23:40:50.518+0000] {dag.py:3096} INFO - Sync 1 DAGs
[2026-04-26T23:40:50.529+0000] {logging_mixin.py:188} INFO - [2026-04-26T23:40:50.529+0000] {dag.py:3954} INFO - Setting next_dagrun for tutorial to 2026-04-25 00:00:00+00:00, run_after=2026-04-26 00:00:00+00:00
[2026-04-26T23:40:50.539+0000] {processor.py:183} INFO - Processing /home/airflow/.local/lib/python3.12/site-packages/airflow/example_dags/tutorial.py took 0.040 seconds
[2026-04-26T23:41:21.417+0000] {processor.py:161} INFO - Started process (PID=399) to work on /home/airflow/.local/lib/python3.12/site-packages/airflow/example_dags/tutorial.py
[2026-04-26T23:41:21.417+0000] {processor.py:830} INFO - Processing file /home/airflow/.local/lib/python3.12/site-packages/airflow/example_dags/tutorial.py for tasks to queue
[2026-04-26T23:41:21.418+0000] {logging_mixin.py:188} INFO - [2026-04-26T23:41:21.418+0000] {dagbag.py:545} INFO - Filling up the DagBag from /home/airflow/.local/lib/python3.12/site-packages/airflow/example_dags/tutorial.py
[2026-04-26T23:41:21.422+0000] {processor.py:840} INFO - DAG(s) 'tutorial' retrieved from /home/airflow/.local/lib/python3.12/site-packages/airflow/example_dags/tutorial.py
[2026-04-26T23:41:21.434+0000] {logging_mixin.py:188} INFO - [2026-04-26T23:41:21.434+0000] {dag.py:3096} INFO - Sync 1 DAGs
[2026-04-26T23:41:21.447+0000] {logging_mixin.py:188} INFO - [2026-04-26T23:41:21.446+0000] {dag.py:3954} INFO - Setting next_dagrun for tutorial to 2026-04-25 00:00:00+00:00, run_after=2026-04-26 00:00:00+00:00
[2026-04-26T23:41:21.458+0000] {processor.py:183} INFO - Processing /home/airflow/.local/lib/python3.12/site-packages/airflow/example_dags/tutorial.py took 0.045 seconds
[2026-04-26T23:41:51.610+0000] {processor.py:161} INFO - Started process (PID=458) to work on /home/airflow/.local/lib/python3.12/site-packages/airflow/example_dags/tutorial.py
[2026-04-26T23:41:51.611+0000] {processor.py:830} INFO - Processing file /home/airflow/.local/lib/python3.12/site-packages/airflow/example_dags/tutorial.py for tasks to queue
[2026-04-26T23:41:51.612+0000] {logging_mixin.py:188} INFO - [2026-04-26T23:41:51.611+0000] {dagbag.py:545} INFO - Filling up the DagBag from /home/airflow/.local/lib/python3.12/site-packages/airflow/example_dags/tutorial.py
[2026-04-26T23:41:51.615+0000] {processor.py:840} INFO - DAG(s) 'tutorial' retrieved from /home/airflow/.local/lib/python3.12/site-packages/airflow/example_dags/tutorial.py
[2026-04-26T23:41:51.627+0000] {logging_mixin.py:188} INFO - [2026-04-26T23:41:51.626+0000] {dag.py:3096} INFO - Sync 1 DAGs
[2026-04-26T23:41:51.639+0000] {logging_mixin.py:188} INFO - [2026-04-26T23:41:51.639+0000] {dag.py:3954} INFO - Setting next_dagrun for tutorial to 2026-04-25 00:00:00+00:00, run_after=2026-04-26 00:00:00+00:00
[2026-04-26T23:41:51.647+0000] {processor.py:183} INFO - Processing /home/airflow/.local/lib/python3.12/site-packages/airflow/example_dags/tutorial.py took 0.041 seconds
[2026-04-26T23:42:21.759+0000] {processor.py:161} INFO - Started process (PID=517) to work on /home/airflow/.local/lib/python3.12/site-packages/airflow/example_dags/tutorial.py
[2026-04-26T23:42:21.759+0000] {processor.py:830} INFO - Processing file /home/airflow/.local/lib/python3.12/site-packages/airflow/example_dags/tutorial.py for tasks to queue
[2026-04-26T23:42:21.760+0000] {logging_mixin.py:188} INFO - [2026-04-26T23:42:21.760+0000] {dagbag.py:545} INFO - Filling up the DagBag from /home/airflow/.local/lib/python3.12/site-packages/airflow/example_dags/tutorial.py
[2026-04-26T23:42:21.764+0000] {processor.py:840} INFO - DAG(s) 'tutorial' retrieved from /home/airflow/.local/lib/python3.12/site-packages/airflow/example_dags/tutorial.py
[2026-04-26T23:42:21.776+0000] {logging_mixin.py:188} INFO - [2026-04-26T23:42:21.776+0000] {dag.py:3096} INFO - Sync 1 DAGs
[2026-04-26T23:42:21.789+0000] {logging_mixin.py:188} INFO - [2026-04-26T23:42:21.789+0000] {dag.py:3954} INFO - Setting next_dagrun for tutorial to 2026-04-25 00:00:00+00:00, run_after=2026-04-26 00:00:00+00:00
[2026-04-26T23:42:21.800+0000] {processor.py:183} INFO - Processing /home/airflow/.local/lib/python3.12/site-packages/airflow/example_dags/tutorial.py took 0.045 seconds
[2026-04-26T23:43:21.716+0000] {processor.py:161} INFO - Started process (PID=104) to work on /home/airflow/.local/lib/python3.12/site-packages/airflow/example_dags/tutorial.py
[2026-04-26T23:43:21.716+0000] {processor.py:830} INFO - Processing file /home/airflow/.local/lib/python3.12/site-packages/airflow/example_dags/tutorial.py for tasks to queue
[2026-04-26T23:43:21.717+0000] {logging_mixin.py:188} INFO - [2026-04-26T23:43:21.717+0000] {dagbag.py:545} INFO - Filling up the DagBag from /home/airflow/.local/lib/python3.12/site-packages/airflow/example_dags/tutorial.py
[2026-04-26T23:43:21.721+0000] {processor.py:840} INFO - DAG(s) 'tutorial' retrieved from /home/airflow/.local/lib/python3.12/site-packages/airflow/example_dags/tutorial.py
[2026-04-26T23:43:21.727+0000] {logging_mixin.py:188} INFO - [2026-04-26T23:43:21.727+0000] {dag.py:3096} INFO - Sync 1 DAGs
[2026-04-26T23:43:21.740+0000] {logging_mixin.py:188} INFO - [2026-04-26T23:43:21.740+0000] {dag.py:3954} INFO - Setting next_dagrun for tutorial to 2026-04-25 00:00:00+00:00, run_after=2026-04-26 00:00:00+00:00
[2026-04-26T23:43:21.750+0000] {processor.py:183} INFO - Processing /home/airflow/.local/lib/python3.12/site-packages/airflow/example_dags/tutorial.py took 0.038 seconds
[2026-04-26T23:43:53.493+0000] {processor.py:161} INFO - Started process (PID=163) to work on /home/airflow/.local/lib/python3.12/site-packages/airflow/example_dags/tutorial.py
[2026-04-26T23:43:53.493+0000] {processor.py:830} INFO - Processing file /home/airflow/.local/lib/python3.12/site-packages/airflow/example_dags/tutorial.py for tasks to queue
[2026-04-26T23:43:53.494+0000] {logging_mixin.py:188} INFO - [2026-04-26T23:43:53.494+0000] {dagbag.py:545} INFO - Filling up the DagBag from /home/airflow/.local/lib/python3.12/site-packages/airflow/example_dags/tutorial.py
[2026-04-26T23:43:53.498+0000] {processor.py:840} INFO - DAG(s) 'tutorial' retrieved from /home/airflow/.local/lib/python3.12/site-packages/airflow/example_dags/tutorial.py
[2026-04-26T23:43:53.553+0000] {logging_mixin.py:188} INFO - [2026-04-26T23:43:53.552+0000] {dag.py:3096} INFO - Sync 1 DAGs
[2026-04-26T23:43:53.562+0000] {logging_mixin.py:188} INFO - [2026-04-26T23:43:53.562+0000] {dag.py:3954} INFO - Setting next_dagrun for tutorial to 2026-04-25 00:00:00+00:00, run_after=2026-04-26 00:00:00+00:00
[2026-04-26T23:43:53.572+0000] {processor.py:183} INFO - Processing /home/airflow/.local/lib/python3.12/site-packages/airflow/example_dags/tutorial.py took 0.083 seconds
[2026-04-26T23:44:23.868+0000] {processor.py:161} INFO - Started process (PID=222) to work on /home/airflow/.local/lib/python3.12/site-packages/airflow/example_dags/tutorial.py
[2026-04-26T23:44:23.869+0000] {processor.py:830} INFO - Processing file /home/airflow/.local/lib/python3.12/site-packages/airflow/example_dags/tutorial.py for tasks to queue
[2026-04-26T23:44:23.870+0000] {logging_mixin.py:188} INFO - [2026-04-26T23:44:23.869+0000] {dagbag.py:545} INFO - Filling up the DagBag from /home/airflow/.local/lib/python3.12/site-packages/airflow/example_dags/tutorial.py
[2026-04-26T23:44:23.873+0000] {processor.py:840} INFO - DAG(s) 'tutorial' retrieved from /home/airflow/.local/lib/python3.12/site-packages/airflow/example_dags/tutorial.py
[2026-04-26T23:44:23.885+0000] {logging_mixin.py:188} INFO - [2026-04-26T23:44:23.885+0000] {dag.py:3096} INFO - Sync 1 DAGs
[2026-04-26T23:44:23.898+0000] {logging_mixin.py:188} INFO - [2026-04-26T23:44:23.898+0000] {dag.py:3954} INFO - Setting next_dagrun for tutorial to 2026-04-25 00:00:00+00:00, run_after=2026-04-26 00:00:00+00:00
[2026-04-26T23:44:23.908+0000] {processor.py:183} INFO - Processing /home/airflow/.local/lib/python3.12/site-packages/airflow/example_dags/tutorial.py took 0.044 seconds
[2026-04-26T23:44:53.981+0000] {processor.py:161} INFO - Started process (PID=281) to work on /home/airflow/.local/lib/python3.12/site-packages/airflow/example_dags/tutorial.py
[2026-04-26T23:44:53.982+0000] {processor.py:830} INFO - Processing file /home/airflow/.local/lib/python3.12/site-packages/airflow/example_dags/tutorial.py for tasks to queue
[2026-04-26T23:44:53.983+0000] {logging_mixin.py:188} INFO - [2026-04-26T23:44:53.983+0000] {dagbag.py:545} INFO - Filling up the DagBag from /home/airflow/.local/lib/python3.12/site-packages/airflow/example_dags/tutorial.py
[2026-04-26T23:44:53.987+0000] {processor.py:840} INFO - DAG(s) 'tutorial' retrieved from /home/airflow/.local/lib/python3.12/site-packages/airflow/example_dags/tutorial.py
[2026-04-26T23:44:53.999+0000] {logging_mixin.py:188} INFO - [2026-04-26T23:44:53.999+0000] {dag.py:3096} INFO - Sync 1 DAGs
[2026-04-26T23:44:54.012+0000] {logging_mixin.py:188} INFO - [2026-04-26T23:44:54.012+0000] {dag.py:3954} INFO - Setting next_dagrun for tutorial to 2026-04-25 00:00:00+00:00, run_after=2026-04-26 00:00:00+00:00
[2026-04-26T23:44:54.021+0000] {processor.py:183} INFO - Processing /home/airflow/.local/lib/python3.12/site-packages/airflow/example_dags/tutorial.py took 0.044 seconds
[2026-04-26T23:45:24.845+0000] {processor.py:161} INFO - Started process (PID=340) to work on /home/airflow/.local/lib/python3.12/site-packages/airflow/example_dags/tutorial.py
[2026-04-26T23:45:24.845+0000] {processor.py:830} INFO - Processing file /home/airflow/.local/lib/python3.12/site-packages/airflow/example_dags/tutorial.py for tasks to queue
[2026-04-26T23:45:24.846+0000] {logging_mixin.py:188} INFO - [2026-04-26T23:45:24.846+0000] {dagbag.py:545} INFO - Filling up the DagBag from /home/airflow/.local/lib/python3.12/site-packages/airflow/example_dags/tutorial.py
[2026-04-26T23:45:24.850+0000] {processor.py:840} INFO - DAG(s) 'tutorial' retrieved from /home/airflow/.local/lib/python3.12/site-packages/airflow/example_dags/tutorial.py
[2026-04-26T23:45:24.861+0000] {logging_mixin.py:188} INFO - [2026-04-26T23:45:24.861+0000] {dag.py:3096} INFO - Sync 1 DAGs
[2026-04-26T23:45:24.873+0000] {logging_mixin.py:188} INFO - [2026-04-26T23:45:24.873+0000] {dag.py:3954} INFO - Setting next_dagrun for tutorial to 2026-04-25 00:00:00+00:00, run_after=2026-04-26 00:00:00+00:00
[2026-04-26T23:45:24.884+0000] {processor.py:183} INFO - Processing /home/airflow/.local/lib/python3.12/site-packages/airflow/example_dags/tutorial.py took 0.043 seconds
[2026-04-26T23:45:55.626+0000] {processor.py:161} INFO - Started process (PID=399) to work on /home/airflow/.local/lib/python3.12/site-packages/airflow/example_dags/tutorial.py
[2026-04-26T23:45:55.627+0000] {processor.py:830} INFO - Processing file /home/airflow/.local/lib/python3.12/site-packages/airflow/example_dags/tutorial.py for tasks to queue
[2026-04-26T23:45:55.628+0000] {logging_mixin.py:188} INFO - [2026-04-26T23:45:55.627+0000] {dagbag.py:545} INFO - Filling up the DagBag from /home/airflow/.local/lib/python3.12/site-packages/airflow/example_dags/tutorial.py
[2026-04-26T23:45:55.631+0000] {processor.py:840} INFO - DAG(s) 'tutorial' retrieved from /home/airflow/.local/lib/python3.12/site-packages/airflow/example_dags/tutorial.py
[2026-04-26T23:45:55.643+0000] {logging_mixin.py:188} INFO - [2026-04-26T23:45:55.642+0000] {dag.py:3096} INFO - Sync 1 DAGs
[2026-04-26T23:45:55.655+0000] {logging_mixin.py:188} INFO - [2026-04-26T23:45:55.655+0000] {dag.py:3954} INFO - Setting next_dagrun for tutorial to 2026-04-25 00:00:00+00:00, run_after=2026-04-26 00:00:00+00:00
[2026-04-26T23:45:55.665+0000] {processor.py:183} INFO - Processing /home/airflow/.local/lib/python3.12/site-packages/airflow/example_dags/tutorial.py took 0.042 seconds
[2026-04-26T23:46:26.444+0000] {processor.py:161} INFO - Started process (PID=458) to work on /home/airflow/.local/lib/python3.12/site-packages/airflow/example_dags/tutorial.py
[2026-04-26T23:46:26.445+0000] {processor.py:830} INFO - Processing file /home/airflow/.local/lib/python3.12/site-packages/airflow/example_dags/tutorial.py for tasks to queue
[2026-04-26T23:46:26.446+0000] {logging_mixin.py:188} INFO - [2026-04-26T23:46:26.446+0000] {dagbag.py:545} INFO - Filling up the DagBag from /home/airflow/.local/lib/python3.12/site-packages/airflow/example_dags/tutorial.py
[2026-04-26T23:46:26.450+0000] {processor.py:840} INFO - DAG(s) 'tutorial' retrieved from /home/airflow/.local/lib/python3.12/site-packages/airflow/example_dags/tutorial.py
[2026-04-26T23:46:26.462+0000] {logging_mixin.py:188} INFO - [2026-04-26T23:46:26.461+0000] {dag.py:3096} INFO - Sync 1 DAGs
[2026-04-26T23:46:26.475+0000] {logging_mixin.py:188} INFO - [2026-04-26T23:46:26.475+0000] {dag.py:3954} INFO - Setting next_dagrun for tutorial to 2026-04-25 00:00:00+00:00, run_after=2026-04-26 00:00:00+00:00
[2026-04-26T23:46:26.485+0000] {processor.py:183} INFO - Processing /home/airflow/.local/lib/python3.12/site-packages/airflow/example_dags/tutorial.py took 0.045 seconds
[2026-04-26T23:46:57.269+0000] {processor.py:161} INFO - Started process (PID=517) to work on /home/airflow/.local/lib/python3.12/site-packages/airflow/example_dags/tutorial.py
[2026-04-26T23:46:57.270+0000] {processor.py:830} INFO - Processing file /home/airflow/.local/lib/python3.12/site-packages/airflow/example_dags/tutorial.py for tasks to queue
[2026-04-26T23:46:57.271+0000] {logging_mixin.py:188} INFO - [2026-04-26T23:46:57.271+0000] {dagbag.py:545} INFO - Filling up the DagBag from /home/airflow/.local/lib/python3.12/site-packages/airflow/example_dags/tutorial.py
[2026-04-26T23:46:57.275+0000] {processor.py:840} INFO - DAG(s) 'tutorial' retrieved from /home/airflow/.local/lib/python3.12/site-packages/airflow/example_dags/tutorial.py
[2026-04-26T23:46:57.287+0000] {logging_mixin.py:188} INFO - [2026-04-26T23:46:57.287+0000] {dag.py:3096} INFO - Sync 1 DAGs
[2026-04-26T23:46:57.301+0000] {logging_mixin.py:188} INFO - [2026-04-26T23:46:57.301+0000] {dag.py:3954} INFO - Setting next_dagrun for tutorial to 2026-04-25 00:00:00+00:00, run_after=2026-04-26 00:00:00+00:00
[2026-04-26T23:46:57.311+0000] {processor.py:183} INFO - Processing /home/airflow/.local/lib/python3.12/site-packages/airflow/example_dags/tutorial.py took 0.045 seconds
[2026-04-26T23:47:27.651+0000] {processor.py:161} INFO - Started process (PID=576) to work on /home/airflow/.local/lib/python3.12/site-packages/airflow/example_dags/tutorial.py
[2026-04-26T23:47:27.651+0000] {processor.py:830} INFO - Processing file /home/airflow/.local/lib/python3.12/site-packages/airflow/example_dags/tutorial.py for tasks to queue
[2026-04-26T23:47:27.653+0000] {logging_mixin.py:188} INFO - [2026-04-26T23:47:27.652+0000] {dagbag.py:545} INFO - Filling up the DagBag from /home/airflow/.local/lib/python3.12/site-packages/airflow/example_dags/tutorial.py
[2026-04-26T23:47:27.657+0000] {processor.py:840} INFO - DAG(s) 'tutorial' retrieved from /home/airflow/.local/lib/python3.12/site-packages/airflow/example_dags/tutorial.py
[2026-04-26T23:47:27.669+0000] {logging_mixin.py:188} INFO - [2026-04-26T23:47:27.669+0000] {dag.py:3096} INFO - Sync 1 DAGs
[2026-04-26T23:47:27.682+0000] {logging_mixin.py:188} INFO - [2026-04-26T23:47:27.682+0000] {dag.py:3954} INFO - Setting next_dagrun for tutorial to 2026-04-25 00:00:00+00:00, run_after=2026-04-26 00:00:00+00:00
[2026-04-26T23:47:27.691+0000] {processor.py:183} INFO - Processing /home/airflow/.local/lib/python3.12/site-packages/airflow/example_dags/tutorial.py took 0.044 seconds
[2026-04-26T23:47:57.717+0000] {processor.py:161} INFO - Started process (PID=635) to work on /home/airflow/.local/lib/python3.12/site-packages/airflow/example_dags/tutorial.py
[2026-04-26T23:47:57.717+0000] {processor.py:830} INFO - Processing file /home/airflow/.local/lib/python3.12/site-packages/airflow/example_dags/tutorial.py for tasks to queue
[2026-04-26T23:47:57.718+0000] {logging_mixin.py:188} INFO - [2026-04-26T23:47:57.718+0000] {dagbag.py:545} INFO - Filling up the DagBag from /home/airflow/.local/lib/python3.12/site-packages/airflow/example_dags/tutorial.py
[2026-04-26T23:47:57.721+0000] {processor.py:840} INFO - DAG(s) 'tutorial' retrieved from /home/airflow/.local/lib/python3.12/site-packages/airflow/example_dags/tutorial.py
[2026-04-26T23:47:57.731+0000] {logging_mixin.py:188} INFO - [2026-04-26T23:47:57.731+0000] {dag.py:3096} INFO - Sync 1 DAGs
[2026-04-26T23:47:57.742+0000] {logging_mixin.py:188} INFO - [2026-04-26T23:47:57.742+0000] {dag.py:3954} INFO - Setting next_dagrun for tutorial to 2026-04-25 00:00:00+00:00, run_after=2026-04-26 00:00:00+00:00
[2026-04-26T23:47:57.750+0000] {processor.py:183} INFO - Processing /home/airflow/.local/lib/python3.12/site-packages/airflow/example_dags/tutorial.py took 0.037 seconds
[2026-04-26T23:48:27.861+0000] {processor.py:161} INFO - Started process (PID=694) to work on /home/airflow/.local/lib/python3.12/site-packages/airflow/example_dags/tutorial.py
[2026-04-26T23:48:27.861+0000] {processor.py:830} INFO - Processing file /home/airflow/.local/lib/python3.12/site-packages/airflow/example_dags/tutorial.py for tasks to queue
[2026-04-26T23:48:27.862+0000] {logging_mixin.py:188} INFO - [2026-04-26T23:48:27.862+0000] {dagbag.py:545} INFO - Filling up the DagBag from /home/airflow/.local/lib/python3.12/site-packages/airflow/example_dags/tutorial.py
[2026-04-26T23:48:27.865+0000] {processor.py:840} INFO - DAG(s) 'tutorial' retrieved from /home/airflow/.local/lib/python3.12/site-packages/airflow/example_dags/tutorial.py
[2026-04-26T23:48:27.875+0000] {logging_mixin.py:188} INFO - [2026-04-26T23:48:27.875+0000] {dag.py:3096} INFO - Sync 1 DAGs
[2026-04-26T23:48:27.886+0000] {logging_mixin.py:188} INFO - [2026-04-26T23:48:27.886+0000] {dag.py:3954} INFO - Setting next_dagrun for tutorial to 2026-04-25 00:00:00+00:00, run_after=2026-04-26 00:00:00+00:00
[2026-04-26T23:48:27.895+0000] {processor.py:183} INFO - Processing /home/airflow/.local/lib/python3.12/site-packages/airflow/example_dags/tutorial.py took 0.037 seconds
[2026-04-26T23:48:58.835+0000] {processor.py:161} INFO - Started process (PID=753) to work on /home/airflow/.local/lib/python3.12/site-packages/airflow/example_dags/tutorial.py
[2026-04-26T23:48:58.835+0000] {processor.py:830} INFO - Processing file /home/airflow/.local/lib/python3.12/site-packages/airflow/example_dags/tutorial.py for tasks to queue
[2026-04-26T23:48:58.836+0000] {logging_mixin.py:188} INFO - [2026-04-26T23:48:58.836+0000] {dagbag.py:545} INFO - Filling up the DagBag from /home/airflow/.local/lib/python3.12/site-packages/airflow/example_dags/tutorial.py
[2026-04-26T23:48:58.840+0000] {processor.py:840} INFO - DAG(s) 'tutorial' retrieved from /home/airflow/.local/lib/python3.12/site-packages/airflow/example_dags/tutorial.py
[2026-04-26T23:48:58.851+0000] {logging_mixin.py:188} INFO - [2026-04-26T23:48:58.851+0000] {dag.py:3096} INFO - Sync 1 DAGs
[2026-04-26T23:48:58.864+0000] {logging_mixin.py:188} INFO - [2026-04-26T23:48:58.863+0000] {dag.py:3954} INFO - Setting next_dagrun for tutorial to 2026-04-25 00:00:00+00:00, run_after=2026-04-26 00:00:00+00:00
[2026-04-26T23:48:58.872+0000] {processor.py:183} INFO - Processing /home/airflow/.local/lib/python3.12/site-packages/airflow/example_dags/tutorial.py took 0.042 seconds
[2026-04-26T23:49:29.121+0000] {processor.py:161} INFO - Started process (PID=812) to work on /home/airflow/.local/lib/python3.12/site-packages/airflow/example_dags/tutorial.py
[2026-04-26T23:49:29.121+0000] {processor.py:830} INFO - Processing file /home/airflow/.local/lib/python3.12/site-packages/airflow/example_dags/tutorial.py for tasks to queue
[2026-04-26T23:49:29.122+0000] {logging_mixin.py:188} INFO - [2026-04-26T23:49:29.122+0000] {dagbag.py:545} INFO - Filling up the DagBag from /home/airflow/.local/lib/python3.12/site-packages/airflow/example_dags/tutorial.py
[2026-04-26T23:49:29.125+0000] {processor.py:840} INFO - DAG(s) 'tutorial' retrieved from /home/airflow/.local/lib/python3.12/site-packages/airflow/example_dags/tutorial.py
[2026-04-26T23:49:29.136+0000] {logging_mixin.py:188} INFO - [2026-04-26T23:49:29.136+0000] {dag.py:3096} INFO - Sync 1 DAGs
[2026-04-26T23:49:29.147+0000] {logging_mixin.py:188} INFO - [2026-04-26T23:49:29.147+0000] {dag.py:3954} INFO - Setting next_dagrun for tutorial to 2026-04-25 00:00:00+00:00, run_after=2026-04-26 00:00:00+00:00
[2026-04-26T23:49:29.156+0000] {processor.py:183} INFO - Processing /home/airflow/.local/lib/python3.12/site-packages/airflow/example_dags/tutorial.py took 0.039 seconds
[2026-04-26T23:50:04.653+0000] {processor.py:161} INFO - Started process (PID=104) to work on /home/airflow/.local/lib/python3.12/site-packages/airflow/example_dags/tutorial.py
[2026-04-26T23:50:04.653+0000] {processor.py:830} INFO - Processing file /home/airflow/.local/lib/python3.12/site-packages/airflow/example_dags/tutorial.py for tasks to queue
[2026-04-26T23:50:04.654+0000] {logging_mixin.py:188} INFO - [2026-04-26T23:50:04.654+0000] {dagbag.py:545} INFO - Filling up the DagBag from /home/airflow/.local/lib/python3.12/site-packages/airflow/example_dags/tutorial.py
[2026-04-26T23:50:04.658+0000] {processor.py:840} INFO - DAG(s) 'tutorial' retrieved from /home/airflow/.local/lib/python3.12/site-packages/airflow/example_dags/tutorial.py
[2026-04-26T23:50:04.665+0000] {logging_mixin.py:188} INFO - [2026-04-26T23:50:04.665+0000] {dag.py:3096} INFO - Sync 1 DAGs
[2026-04-26T23:50:04.678+0000] {logging_mixin.py:188} INFO - [2026-04-26T23:50:04.678+0000] {dag.py:3954} INFO - Setting next_dagrun for tutorial to 2026-04-25 00:00:00+00:00, run_after=2026-04-26 00:00:00+00:00
[2026-04-26T23:50:04.688+0000] {processor.py:183} INFO - Processing /home/airflow/.local/lib/python3.12/site-packages/airflow/example_dags/tutorial.py took 0.039 seconds
[2026-04-26T23:50:36.583+0000] {processor.py:161} INFO - Started process (PID=163) to work on /home/airflow/.local/lib/python3.12/site-packages/airflow/example_dags/tutorial.py
[2026-04-26T23:50:36.584+0000] {processor.py:830} INFO - Processing file /home/airflow/.local/lib/python3.12/site-packages/airflow/example_dags/tutorial.py for tasks to queue
[2026-04-26T23:50:36.585+0000] {logging_mixin.py:188} INFO - [2026-04-26T23:50:36.585+0000] {dagbag.py:545} INFO - Filling up the DagBag from /home/airflow/.local/lib/python3.12/site-packages/airflow/example_dags/tutorial.py
[2026-04-26T23:50:36.590+0000] {processor.py:840} INFO - DAG(s) 'tutorial' retrieved from /home/airflow/.local/lib/python3.12/site-packages/airflow/example_dags/tutorial.py
[2026-04-26T23:50:36.653+0000] {logging_mixin.py:188} INFO - [2026-04-26T23:50:36.653+0000] {dag.py:3096} INFO - Sync 1 DAGs
[2026-04-26T23:50:36.666+0000] {logging_mixin.py:188} INFO - [2026-04-26T23:50:36.666+0000] {dag.py:3954} INFO - Setting next_dagrun for tutorial to 2026-04-25 00:00:00+00:00, run_after=2026-04-26 00:00:00+00:00
[2026-04-26T23:50:36.695+0000] {processor.py:183} INFO - Processing /home/airflow/.local/lib/python3.12/site-packages/airflow/example_dags/tutorial.py took 0.116 seconds
[2026-04-26T23:51:06.898+0000] {processor.py:161} INFO - Started process (PID=222) to work on /home/airflow/.local/lib/python3.12/site-packages/airflow/example_dags/tutorial.py
[2026-04-26T23:51:06.899+0000] {processor.py:830} INFO - Processing file /home/airflow/.local/lib/python3.12/site-packages/airflow/example_dags/tutorial.py for tasks to queue
[2026-04-26T23:51:06.899+0000] {logging_mixin.py:188} INFO - [2026-04-26T23:51:06.899+0000] {dagbag.py:545} INFO - Filling up the DagBag from /home/airflow/.local/lib/python3.12/site-packages/airflow/example_dags/tutorial.py
[2026-04-26T23:51:06.903+0000] {processor.py:840} INFO - DAG(s) 'tutorial' retrieved from /home/airflow/.local/lib/python3.12/site-packages/airflow/example_dags/tutorial.py
[2026-04-26T23:51:06.913+0000] {logging_mixin.py:188} INFO - [2026-04-26T23:51:06.912+0000] {dag.py:3096} INFO - Sync 1 DAGs
[2026-04-26T23:51:06.923+0000] {logging_mixin.py:188} INFO - [2026-04-26T23:51:06.923+0000] {dag.py:3954} INFO - Setting next_dagrun for tutorial to 2026-04-25 00:00:00+00:00, run_after=2026-04-26 00:00:00+00:00
[2026-04-26T23:51:06.933+0000] {processor.py:183} INFO - Processing /home/airflow/.local/lib/python3.12/site-packages/airflow/example_dags/tutorial.py took 0.038 seconds
[2026-04-26T23:51:37.240+0000] {processor.py:161} INFO - Started process (PID=281) to work on /home/airflow/.local/lib/python3.12/site-packages/airflow/example_dags/tutorial.py
[2026-04-26T23:51:37.241+0000] {processor.py:830} INFO - Processing file /home/airflow/.local/lib/python3.12/site-packages/airflow/example_dags/tutorial.py for tasks to queue
[2026-04-26T23:51:37.242+0000] {logging_mixin.py:188} INFO - [2026-04-26T23:51:37.242+0000] {dagbag.py:545} INFO - Filling up the DagBag from /home/airflow/.local/lib/python3.12/site-packages/airflow/example_dags/tutorial.py
[2026-04-26T23:51:37.247+0000] {processor.py:840} INFO - DAG(s) 'tutorial' retrieved from /home/airflow/.local/lib/python3.12/site-packages/airflow/example_dags/tutorial.py
[2026-04-26T23:51:37.261+0000] {logging_mixin.py:188} INFO - [2026-04-26T23:51:37.261+0000] {dag.py:3096} INFO - Sync 1 DAGs
[2026-04-26T23:51:37.277+0000] {logging_mixin.py:188} INFO - [2026-04-26T23:51:37.276+0000] {dag.py:3954} INFO - Setting next_dagrun for tutorial to 2026-04-25 00:00:00+00:00, run_after=2026-04-26 00:00:00+00:00
[2026-04-26T23:51:37.289+0000] {processor.py:183} INFO - Processing /home/airflow/.local/lib/python3.12/site-packages/airflow/example_dags/tutorial.py took 0.053 seconds
[2026-04-26T23:52:08.272+0000] {processor.py:161} INFO - Started process (PID=340) to work on /home/airflow/.local/lib/python3.12/site-packages/airflow/example_dags/tutorial.py
[2026-04-26T23:52:08.272+0000] {processor.py:830} INFO - Processing file /home/airflow/.local/lib/python3.12/site-packages/airflow/example_dags/tutorial.py for tasks to queue
[2026-04-26T23:52:08.273+0000] {logging_mixin.py:188} INFO - [2026-04-26T23:52:08.273+0000] {dagbag.py:545} INFO - Filling up the DagBag from /home/airflow/.local/lib/python3.12/site-packages/airflow/example_dags/tutorial.py
[2026-04-26T23:52:08.276+0000] {processor.py:840} INFO - DAG(s) 'tutorial' retrieved from /home/airflow/.local/lib/python3.12/site-packages/airflow/example_dags/tutorial.py
[2026-04-26T23:52:08.288+0000] {logging_mixin.py:188} INFO - [2026-04-26T23:52:08.287+0000] {dag.py:3096} INFO - Sync 1 DAGs
[2026-04-26T23:52:08.299+0000] {logging_mixin.py:188} INFO - [2026-04-26T23:52:08.299+0000] {dag.py:3954} INFO - Setting next_dagrun for tutorial to 2026-04-25 00:00:00+00:00, run_after=2026-04-26 00:00:00+00:00
[2026-04-26T23:52:08.308+0000] {processor.py:183} INFO - Processing /home/airflow/.local/lib/python3.12/site-packages/airflow/example_dags/tutorial.py took 0.039 seconds
[2026-04-26T23:52:38.436+0000] {processor.py:161} INFO - Started process (PID=399) to work on /home/airflow/.local/lib/python3.12/site-packages/airflow/example_dags/tutorial.py
[2026-04-26T23:52:38.437+0000] {processor.py:830} INFO - Processing file /home/airflow/.local/lib/python3.12/site-packages/airflow/example_dags/tutorial.py for tasks to queue
[2026-04-26T23:52:38.438+0000] {logging_mixin.py:188} INFO - [2026-04-26T23:52:38.437+0000] {dagbag.py:545} INFO - Filling up the DagBag from /home/airflow/.local/lib/python3.12/site-packages/airflow/example_dags/tutorial.py
[2026-04-26T23:52:38.442+0000] {processor.py:840} INFO - DAG(s) 'tutorial' retrieved from /home/airflow/.local/lib/python3.12/site-packages/airflow/example_dags/tutorial.py
[2026-04-26T23:52:38.452+0000] {logging_mixin.py:188} INFO - [2026-04-26T23:52:38.451+0000] {dag.py:3096} INFO - Sync 1 DAGs
[2026-04-26T23:52:38.462+0000] {logging_mixin.py:188} INFO - [2026-04-26T23:52:38.462+0000] {dag.py:3954} INFO - Setting next_dagrun for tutorial to 2026-04-25 00:00:00+00:00, run_after=2026-04-26 00:00:00+00:00
[2026-04-26T23:52:38.471+0000] {processor.py:183} INFO - Processing /home/airflow/.local/lib/python3.12/site-packages/airflow/example_dags/tutorial.py took 0.038 seconds
[2026-04-26T23:53:09.434+0000] {processor.py:161} INFO - Started process (PID=458) to work on /home/airflow/.local/lib/python3.12/site-packages/airflow/example_dags/tutorial.py
[2026-04-26T23:53:09.435+0000] {processor.py:830} INFO - Processing file /home/airflow/.local/lib/python3.12/site-packages/airflow/example_dags/tutorial.py for tasks to queue
[2026-04-26T23:53:09.436+0000] {logging_mixin.py:188} INFO - [2026-04-26T23:53:09.436+0000] {dagbag.py:545} INFO - Filling up the DagBag from /home/airflow/.local/lib/python3.12/site-packages/airflow/example_dags/tutorial.py
[2026-04-26T23:53:09.440+0000] {processor.py:840} INFO - DAG(s) 'tutorial' retrieved from /home/airflow/.local/lib/python3.12/site-packages/airflow/example_dags/tutorial.py
[2026-04-26T23:53:09.452+0000] {logging_mixin.py:188} INFO - [2026-04-26T23:53:09.452+0000] {dag.py:3096} INFO - Sync 1 DAGs
[2026-04-26T23:53:09.464+0000] {logging_mixin.py:188} INFO - [2026-04-26T23:53:09.464+0000] {dag.py:3954} INFO - Setting next_dagrun for tutorial to 2026-04-25 00:00:00+00:00, run_after=2026-04-26 00:00:00+00:00
[2026-04-26T23:53:09.474+0000] {processor.py:183} INFO - Processing /home/airflow/.local/lib/python3.12/site-packages/airflow/example_dags/tutorial.py took 0.043 seconds
[2026-04-26T23:53:39.636+0000] {processor.py:161} INFO - Started process (PID=517) to work on /home/airflow/.local/lib/python3.12/site-packages/airflow/example_dags/tutorial.py
[2026-04-26T23:53:39.636+0000] {processor.py:830} INFO - Processing file /home/airflow/.local/lib/python3.12/site-packages/airflow/example_dags/tutorial.py for tasks to queue
[2026-04-26T23:53:39.637+0000] {logging_mixin.py:188} INFO - [2026-04-26T23:53:39.637+0000] {dagbag.py:545} INFO - Filling up the DagBag from /home/airflow/.local/lib/python3.12/site-packages/airflow/example_dags/tutorial.py
[2026-04-26T23:53:39.640+0000] {processor.py:840} INFO - DAG(s) 'tutorial' retrieved from /home/airflow/.local/lib/python3.12/site-packages/airflow/example_dags/tutorial.py
[2026-04-26T23:53:39.650+0000] {logging_mixin.py:188} INFO - [2026-04-26T23:53:39.650+0000] {dag.py:3096} INFO - Sync 1 DAGs
[2026-04-26T23:53:39.661+0000] {logging_mixin.py:188} INFO - [2026-04-26T23:53:39.660+0000] {dag.py:3954} INFO - Setting next_dagrun for tutorial to 2026-04-25 00:00:00+00:00, run_after=2026-04-26 00:00:00+00:00
[2026-04-26T23:53:39.671+0000] {processor.py:183} INFO - Processing /home/airflow/.local/lib/python3.12/site-packages/airflow/example_dags/tutorial.py took 0.039 seconds
