[2026-04-26T23:08:16.142+0000] {processor.py:161} INFO - Started process (PID=92) to work on /home/airflow/.local/lib/python3.12/site-packages/airflow/example_dags/tutorial_taskflow_api_virtualenv.py
[2026-04-26T23:08:16.143+0000] {processor.py:830} INFO - Processing file /home/airflow/.local/lib/python3.12/site-packages/airflow/example_dags/tutorial_taskflow_api_virtualenv.py for tasks to queue
[2026-04-26T23:08:16.144+0000] {logging_mixin.py:188} INFO - [2026-04-26T23:08:16.144+0000] {dagbag.py:545} INFO - Filling up the DagBag from /home/airflow/.local/lib/python3.12/site-packages/airflow/example_dags/tutorial_taskflow_api_virtualenv.py
[2026-04-26T23:08:16.150+0000] {processor.py:840} INFO - DAG(s) 'tutorial_taskflow_api_virtualenv' retrieved from /home/airflow/.local/lib/python3.12/site-packages/airflow/example_dags/tutorial_taskflow_api_virtualenv.py
[2026-04-26T23:08:16.157+0000] {logging_mixin.py:188} INFO - [2026-04-26T23:08:16.157+0000] {dag.py:3096} INFO - Sync 1 DAGs
[2026-04-26T23:08:16.165+0000] {logging_mixin.py:188} INFO - [2026-04-26T23:08:16.165+0000] {dag.py:3954} INFO - Setting next_dagrun for tutorial_taskflow_api_virtualenv to None, run_after=None
[2026-04-26T23:08:16.175+0000] {processor.py:183} INFO - Processing /home/airflow/.local/lib/python3.12/site-packages/airflow/example_dags/tutorial_taskflow_api_virtualenv.py took 0.036 seconds
[2026-04-26T23:08:47.574+0000] {processor.py:161} INFO - Started process (PID=150) to work on /home/airflow/.local/lib/python3.12/site-packages/airflow/example_dags/tutorial_taskflow_api_virtualenv.py
[2026-04-26T23:08:47.575+0000] {processor.py:830} INFO - Processing file /home/airflow/.local/lib/python3.12/site-packages/airflow/example_dags/tutorial_taskflow_api_virtualenv.py for tasks to queue
[2026-04-26T23:08:47.576+0000] {logging_mixin.py:188} INFO - [2026-04-26T23:08:47.576+0000] {dagbag.py:545} INFO - Filling up the DagBag from /home/airflow/.local/lib/python3.12/site-packages/airflow/example_dags/tutorial_taskflow_api_virtualenv.py
[2026-04-26T23:08:47.582+0000] {processor.py:840} INFO - DAG(s) 'tutorial_taskflow_api_virtualenv' retrieved from /home/airflow/.local/lib/python3.12/site-packages/airflow/example_dags/tutorial_taskflow_api_virtualenv.py
[2026-04-26T23:08:47.645+0000] {logging_mixin.py:188} INFO - [2026-04-26T23:08:47.645+0000] {dag.py:3096} INFO - Sync 1 DAGs
[2026-04-26T23:08:47.651+0000] {logging_mixin.py:188} INFO - [2026-04-26T23:08:47.651+0000] {dag.py:3954} INFO - Setting next_dagrun for tutorial_taskflow_api_virtualenv to None, run_after=None
[2026-04-26T23:08:47.685+0000] {processor.py:183} INFO - Processing /home/airflow/.local/lib/python3.12/site-packages/airflow/example_dags/tutorial_taskflow_api_virtualenv.py took 0.115 seconds
[2026-04-26T23:09:18.540+0000] {processor.py:161} INFO - Started process (PID=214) to work on /home/airflow/.local/lib/python3.12/site-packages/airflow/example_dags/tutorial_taskflow_api_virtualenv.py
[2026-04-26T23:09:18.541+0000] {processor.py:830} INFO - Processing file /home/airflow/.local/lib/python3.12/site-packages/airflow/example_dags/tutorial_taskflow_api_virtualenv.py for tasks to queue
[2026-04-26T23:09:18.541+0000] {logging_mixin.py:188} INFO - [2026-04-26T23:09:18.541+0000] {dagbag.py:545} INFO - Filling up the DagBag from /home/airflow/.local/lib/python3.12/site-packages/airflow/example_dags/tutorial_taskflow_api_virtualenv.py
[2026-04-26T23:09:18.547+0000] {processor.py:840} INFO - DAG(s) 'tutorial_taskflow_api_virtualenv' retrieved from /home/airflow/.local/lib/python3.12/site-packages/airflow/example_dags/tutorial_taskflow_api_virtualenv.py
[2026-04-26T23:09:18.559+0000] {logging_mixin.py:188} INFO - [2026-04-26T23:09:18.559+0000] {dag.py:3096} INFO - Sync 1 DAGs
[2026-04-26T23:09:18.565+0000] {logging_mixin.py:188} INFO - [2026-04-26T23:09:18.565+0000] {dag.py:3954} INFO - Setting next_dagrun for tutorial_taskflow_api_virtualenv to None, run_after=None
[2026-04-26T23:09:18.575+0000] {processor.py:183} INFO - Processing /home/airflow/.local/lib/python3.12/site-packages/airflow/example_dags/tutorial_taskflow_api_virtualenv.py took 0.038 seconds
[2026-04-26T23:09:49.358+0000] {processor.py:161} INFO - Started process (PID=272) to work on /home/airflow/.local/lib/python3.12/site-packages/airflow/example_dags/tutorial_taskflow_api_virtualenv.py
[2026-04-26T23:09:49.359+0000] {processor.py:830} INFO - Processing file /home/airflow/.local/lib/python3.12/site-packages/airflow/example_dags/tutorial_taskflow_api_virtualenv.py for tasks to queue
[2026-04-26T23:09:49.360+0000] {logging_mixin.py:188} INFO - [2026-04-26T23:09:49.359+0000] {dagbag.py:545} INFO - Filling up the DagBag from /home/airflow/.local/lib/python3.12/site-packages/airflow/example_dags/tutorial_taskflow_api_virtualenv.py
[2026-04-26T23:09:49.366+0000] {processor.py:840} INFO - DAG(s) 'tutorial_taskflow_api_virtualenv' retrieved from /home/airflow/.local/lib/python3.12/site-packages/airflow/example_dags/tutorial_taskflow_api_virtualenv.py
[2026-04-26T23:09:49.378+0000] {logging_mixin.py:188} INFO - [2026-04-26T23:09:49.378+0000] {dag.py:3096} INFO - Sync 1 DAGs
[2026-04-26T23:09:49.385+0000] {logging_mixin.py:188} INFO - [2026-04-26T23:09:49.385+0000] {dag.py:3954} INFO - Setting next_dagrun for tutorial_taskflow_api_virtualenv to None, run_after=None
[2026-04-26T23:09:49.395+0000] {processor.py:183} INFO - Processing /home/airflow/.local/lib/python3.12/site-packages/airflow/example_dags/tutorial_taskflow_api_virtualenv.py took 0.040 seconds
[2026-04-26T23:10:20.245+0000] {processor.py:161} INFO - Started process (PID=330) to work on /home/airflow/.local/lib/python3.12/site-packages/airflow/example_dags/tutorial_taskflow_api_virtualenv.py
[2026-04-26T23:10:20.245+0000] {processor.py:830} INFO - Processing file /home/airflow/.local/lib/python3.12/site-packages/airflow/example_dags/tutorial_taskflow_api_virtualenv.py for tasks to queue
[2026-04-26T23:10:20.247+0000] {logging_mixin.py:188} INFO - [2026-04-26T23:10:20.246+0000] {dagbag.py:545} INFO - Filling up the DagBag from /home/airflow/.local/lib/python3.12/site-packages/airflow/example_dags/tutorial_taskflow_api_virtualenv.py
[2026-04-26T23:10:20.254+0000] {processor.py:840} INFO - DAG(s) 'tutorial_taskflow_api_virtualenv' retrieved from /home/airflow/.local/lib/python3.12/site-packages/airflow/example_dags/tutorial_taskflow_api_virtualenv.py
[2026-04-26T23:10:20.268+0000] {logging_mixin.py:188} INFO - [2026-04-26T23:10:20.268+0000] {dag.py:3096} INFO - Sync 1 DAGs
[2026-04-26T23:10:20.276+0000] {logging_mixin.py:188} INFO - [2026-04-26T23:10:20.276+0000] {dag.py:3954} INFO - Setting next_dagrun for tutorial_taskflow_api_virtualenv to None, run_after=None
[2026-04-26T23:10:20.288+0000] {processor.py:183} INFO - Processing /home/airflow/.local/lib/python3.12/site-packages/airflow/example_dags/tutorial_taskflow_api_virtualenv.py took 0.047 seconds
[2026-04-26T23:10:50.338+0000] {processor.py:161} INFO - Started process (PID=388) to work on /home/airflow/.local/lib/python3.12/site-packages/airflow/example_dags/tutorial_taskflow_api_virtualenv.py
[2026-04-26T23:10:50.339+0000] {processor.py:830} INFO - Processing file /home/airflow/.local/lib/python3.12/site-packages/airflow/example_dags/tutorial_taskflow_api_virtualenv.py for tasks to queue
[2026-04-26T23:10:50.340+0000] {logging_mixin.py:188} INFO - [2026-04-26T23:10:50.340+0000] {dagbag.py:545} INFO - Filling up the DagBag from /home/airflow/.local/lib/python3.12/site-packages/airflow/example_dags/tutorial_taskflow_api_virtualenv.py
[2026-04-26T23:10:50.349+0000] {processor.py:840} INFO - DAG(s) 'tutorial_taskflow_api_virtualenv' retrieved from /home/airflow/.local/lib/python3.12/site-packages/airflow/example_dags/tutorial_taskflow_api_virtualenv.py
[2026-04-26T23:10:50.363+0000] {logging_mixin.py:188} INFO - [2026-04-26T23:10:50.362+0000] {dag.py:3096} INFO - Sync 1 DAGs
[2026-04-26T23:10:50.371+0000] {logging_mixin.py:188} INFO - [2026-04-26T23:10:50.371+0000] {dag.py:3954} INFO - Setting next_dagrun for tutorial_taskflow_api_virtualenv to None, run_after=None
[2026-04-26T23:10:50.383+0000] {processor.py:183} INFO - Processing /home/airflow/.local/lib/python3.12/site-packages/airflow/example_dags/tutorial_taskflow_api_virtualenv.py took 0.049 seconds
[2026-04-26T23:11:21.101+0000] {processor.py:161} INFO - Started process (PID=446) to work on /home/airflow/.local/lib/python3.12/site-packages/airflow/example_dags/tutorial_taskflow_api_virtualenv.py
[2026-04-26T23:11:21.102+0000] {processor.py:830} INFO - Processing file /home/airflow/.local/lib/python3.12/site-packages/airflow/example_dags/tutorial_taskflow_api_virtualenv.py for tasks to queue
[2026-04-26T23:11:21.103+0000] {logging_mixin.py:188} INFO - [2026-04-26T23:11:21.103+0000] {dagbag.py:545} INFO - Filling up the DagBag from /home/airflow/.local/lib/python3.12/site-packages/airflow/example_dags/tutorial_taskflow_api_virtualenv.py
[2026-04-26T23:11:21.109+0000] {processor.py:840} INFO - DAG(s) 'tutorial_taskflow_api_virtualenv' retrieved from /home/airflow/.local/lib/python3.12/site-packages/airflow/example_dags/tutorial_taskflow_api_virtualenv.py
[2026-04-26T23:11:21.120+0000] {logging_mixin.py:188} INFO - [2026-04-26T23:11:21.120+0000] {dag.py:3096} INFO - Sync 1 DAGs
[2026-04-26T23:11:21.127+0000] {logging_mixin.py:188} INFO - [2026-04-26T23:11:21.127+0000] {dag.py:3954} INFO - Setting next_dagrun for tutorial_taskflow_api_virtualenv to None, run_after=None
[2026-04-26T23:11:21.137+0000] {processor.py:183} INFO - Processing /home/airflow/.local/lib/python3.12/site-packages/airflow/example_dags/tutorial_taskflow_api_virtualenv.py took 0.039 seconds
[2026-04-26T23:11:51.933+0000] {processor.py:161} INFO - Started process (PID=504) to work on /home/airflow/.local/lib/python3.12/site-packages/airflow/example_dags/tutorial_taskflow_api_virtualenv.py
[2026-04-26T23:11:51.933+0000] {processor.py:830} INFO - Processing file /home/airflow/.local/lib/python3.12/site-packages/airflow/example_dags/tutorial_taskflow_api_virtualenv.py for tasks to queue
[2026-04-26T23:11:51.934+0000] {logging_mixin.py:188} INFO - [2026-04-26T23:11:51.934+0000] {dagbag.py:545} INFO - Filling up the DagBag from /home/airflow/.local/lib/python3.12/site-packages/airflow/example_dags/tutorial_taskflow_api_virtualenv.py
[2026-04-26T23:11:51.941+0000] {processor.py:840} INFO - DAG(s) 'tutorial_taskflow_api_virtualenv' retrieved from /home/airflow/.local/lib/python3.12/site-packages/airflow/example_dags/tutorial_taskflow_api_virtualenv.py
[2026-04-26T23:11:51.952+0000] {logging_mixin.py:188} INFO - [2026-04-26T23:11:51.952+0000] {dag.py:3096} INFO - Sync 1 DAGs
[2026-04-26T23:11:51.961+0000] {logging_mixin.py:188} INFO - [2026-04-26T23:11:51.960+0000] {dag.py:3954} INFO - Setting next_dagrun for tutorial_taskflow_api_virtualenv to None, run_after=None
[2026-04-26T23:11:51.971+0000] {processor.py:183} INFO - Processing /home/airflow/.local/lib/python3.12/site-packages/airflow/example_dags/tutorial_taskflow_api_virtualenv.py took 0.042 seconds
[2026-04-26T23:12:22.707+0000] {processor.py:161} INFO - Started process (PID=562) to work on /home/airflow/.local/lib/python3.12/site-packages/airflow/example_dags/tutorial_taskflow_api_virtualenv.py
[2026-04-26T23:12:22.707+0000] {processor.py:830} INFO - Processing file /home/airflow/.local/lib/python3.12/site-packages/airflow/example_dags/tutorial_taskflow_api_virtualenv.py for tasks to queue
[2026-04-26T23:12:22.708+0000] {logging_mixin.py:188} INFO - [2026-04-26T23:12:22.708+0000] {dagbag.py:545} INFO - Filling up the DagBag from /home/airflow/.local/lib/python3.12/site-packages/airflow/example_dags/tutorial_taskflow_api_virtualenv.py
[2026-04-26T23:12:22.714+0000] {processor.py:840} INFO - DAG(s) 'tutorial_taskflow_api_virtualenv' retrieved from /home/airflow/.local/lib/python3.12/site-packages/airflow/example_dags/tutorial_taskflow_api_virtualenv.py
[2026-04-26T23:12:22.725+0000] {logging_mixin.py:188} INFO - [2026-04-26T23:12:22.724+0000] {dag.py:3096} INFO - Sync 1 DAGs
[2026-04-26T23:12:22.731+0000] {logging_mixin.py:188} INFO - [2026-04-26T23:12:22.731+0000] {dag.py:3954} INFO - Setting next_dagrun for tutorial_taskflow_api_virtualenv to None, run_after=None
[2026-04-26T23:12:22.739+0000] {processor.py:183} INFO - Processing /home/airflow/.local/lib/python3.12/site-packages/airflow/example_dags/tutorial_taskflow_api_virtualenv.py took 0.035 seconds
[2026-04-26T23:12:53.664+0000] {processor.py:161} INFO - Started process (PID=620) to work on /home/airflow/.local/lib/python3.12/site-packages/airflow/example_dags/tutorial_taskflow_api_virtualenv.py
[2026-04-26T23:12:53.664+0000] {processor.py:830} INFO - Processing file /home/airflow/.local/lib/python3.12/site-packages/airflow/example_dags/tutorial_taskflow_api_virtualenv.py for tasks to queue
[2026-04-26T23:12:53.665+0000] {logging_mixin.py:188} INFO - [2026-04-26T23:12:53.665+0000] {dagbag.py:545} INFO - Filling up the DagBag from /home/airflow/.local/lib/python3.12/site-packages/airflow/example_dags/tutorial_taskflow_api_virtualenv.py
[2026-04-26T23:12:53.672+0000] {processor.py:840} INFO - DAG(s) 'tutorial_taskflow_api_virtualenv' retrieved from /home/airflow/.local/lib/python3.12/site-packages/airflow/example_dags/tutorial_taskflow_api_virtualenv.py
[2026-04-26T23:12:53.685+0000] {logging_mixin.py:188} INFO - [2026-04-26T23:12:53.685+0000] {dag.py:3096} INFO - Sync 1 DAGs
[2026-04-26T23:12:53.695+0000] {logging_mixin.py:188} INFO - [2026-04-26T23:12:53.695+0000] {dag.py:3954} INFO - Setting next_dagrun for tutorial_taskflow_api_virtualenv to None, run_after=None
[2026-04-26T23:12:53.706+0000] {processor.py:183} INFO - Processing /home/airflow/.local/lib/python3.12/site-packages/airflow/example_dags/tutorial_taskflow_api_virtualenv.py took 0.046 seconds
[2026-04-26T23:13:23.841+0000] {processor.py:161} INFO - Started process (PID=678) to work on /home/airflow/.local/lib/python3.12/site-packages/airflow/example_dags/tutorial_taskflow_api_virtualenv.py
[2026-04-26T23:13:23.841+0000] {processor.py:830} INFO - Processing file /home/airflow/.local/lib/python3.12/site-packages/airflow/example_dags/tutorial_taskflow_api_virtualenv.py for tasks to queue
[2026-04-26T23:13:23.843+0000] {logging_mixin.py:188} INFO - [2026-04-26T23:13:23.843+0000] {dagbag.py:545} INFO - Filling up the DagBag from /home/airflow/.local/lib/python3.12/site-packages/airflow/example_dags/tutorial_taskflow_api_virtualenv.py
[2026-04-26T23:13:23.850+0000] {processor.py:840} INFO - DAG(s) 'tutorial_taskflow_api_virtualenv' retrieved from /home/airflow/.local/lib/python3.12/site-packages/airflow/example_dags/tutorial_taskflow_api_virtualenv.py
[2026-04-26T23:13:23.863+0000] {logging_mixin.py:188} INFO - [2026-04-26T23:13:23.863+0000] {dag.py:3096} INFO - Sync 1 DAGs
[2026-04-26T23:13:23.872+0000] {logging_mixin.py:188} INFO - [2026-04-26T23:13:23.871+0000] {dag.py:3954} INFO - Setting next_dagrun for tutorial_taskflow_api_virtualenv to None, run_after=None
[2026-04-26T23:13:23.882+0000] {processor.py:183} INFO - Processing /home/airflow/.local/lib/python3.12/site-packages/airflow/example_dags/tutorial_taskflow_api_virtualenv.py took 0.046 seconds
[2026-04-26T23:13:54.856+0000] {processor.py:161} INFO - Started process (PID=736) to work on /home/airflow/.local/lib/python3.12/site-packages/airflow/example_dags/tutorial_taskflow_api_virtualenv.py
[2026-04-26T23:13:54.856+0000] {processor.py:830} INFO - Processing file /home/airflow/.local/lib/python3.12/site-packages/airflow/example_dags/tutorial_taskflow_api_virtualenv.py for tasks to queue
[2026-04-26T23:13:54.858+0000] {logging_mixin.py:188} INFO - [2026-04-26T23:13:54.857+0000] {dagbag.py:545} INFO - Filling up the DagBag from /home/airflow/.local/lib/python3.12/site-packages/airflow/example_dags/tutorial_taskflow_api_virtualenv.py
[2026-04-26T23:13:54.866+0000] {processor.py:840} INFO - DAG(s) 'tutorial_taskflow_api_virtualenv' retrieved from /home/airflow/.local/lib/python3.12/site-packages/airflow/example_dags/tutorial_taskflow_api_virtualenv.py
[2026-04-26T23:13:54.882+0000] {logging_mixin.py:188} INFO - [2026-04-26T23:13:54.882+0000] {dag.py:3096} INFO - Sync 1 DAGs
[2026-04-26T23:13:54.892+0000] {logging_mixin.py:188} INFO - [2026-04-26T23:13:54.892+0000] {dag.py:3954} INFO - Setting next_dagrun for tutorial_taskflow_api_virtualenv to None, run_after=None
[2026-04-26T23:13:54.905+0000] {processor.py:183} INFO - Processing /home/airflow/.local/lib/python3.12/site-packages/airflow/example_dags/tutorial_taskflow_api_virtualenv.py took 0.054 seconds
[2026-04-26T23:14:25.547+0000] {processor.py:161} INFO - Started process (PID=794) to work on /home/airflow/.local/lib/python3.12/site-packages/airflow/example_dags/tutorial_taskflow_api_virtualenv.py
[2026-04-26T23:14:25.568+0000] {processor.py:830} INFO - Processing file /home/airflow/.local/lib/python3.12/site-packages/airflow/example_dags/tutorial_taskflow_api_virtualenv.py for tasks to queue
[2026-04-26T23:14:25.569+0000] {logging_mixin.py:188} INFO - [2026-04-26T23:14:25.569+0000] {dagbag.py:545} INFO - Filling up the DagBag from /home/airflow/.local/lib/python3.12/site-packages/airflow/example_dags/tutorial_taskflow_api_virtualenv.py
[2026-04-26T23:14:25.577+0000] {processor.py:840} INFO - DAG(s) 'tutorial_taskflow_api_virtualenv' retrieved from /home/airflow/.local/lib/python3.12/site-packages/airflow/example_dags/tutorial_taskflow_api_virtualenv.py
[2026-04-26T23:14:25.589+0000] {logging_mixin.py:188} INFO - [2026-04-26T23:14:25.589+0000] {dag.py:3096} INFO - Sync 1 DAGs
[2026-04-26T23:14:25.598+0000] {logging_mixin.py:188} INFO - [2026-04-26T23:14:25.598+0000] {dag.py:3954} INFO - Setting next_dagrun for tutorial_taskflow_api_virtualenv to None, run_after=None
[2026-04-26T23:14:25.609+0000] {processor.py:183} INFO - Processing /home/airflow/.local/lib/python3.12/site-packages/airflow/example_dags/tutorial_taskflow_api_virtualenv.py took 0.066 seconds
[2026-04-26T23:14:56.314+0000] {processor.py:161} INFO - Started process (PID=852) to work on /home/airflow/.local/lib/python3.12/site-packages/airflow/example_dags/tutorial_taskflow_api_virtualenv.py
[2026-04-26T23:14:56.318+0000] {processor.py:830} INFO - Processing file /home/airflow/.local/lib/python3.12/site-packages/airflow/example_dags/tutorial_taskflow_api_virtualenv.py for tasks to queue
[2026-04-26T23:14:56.319+0000] {logging_mixin.py:188} INFO - [2026-04-26T23:14:56.319+0000] {dagbag.py:545} INFO - Filling up the DagBag from /home/airflow/.local/lib/python3.12/site-packages/airflow/example_dags/tutorial_taskflow_api_virtualenv.py
[2026-04-26T23:14:56.327+0000] {processor.py:840} INFO - DAG(s) 'tutorial_taskflow_api_virtualenv' retrieved from /home/airflow/.local/lib/python3.12/site-packages/airflow/example_dags/tutorial_taskflow_api_virtualenv.py
[2026-04-26T23:14:56.340+0000] {logging_mixin.py:188} INFO - [2026-04-26T23:14:56.340+0000] {dag.py:3096} INFO - Sync 1 DAGs
[2026-04-26T23:14:56.349+0000] {logging_mixin.py:188} INFO - [2026-04-26T23:14:56.349+0000] {dag.py:3954} INFO - Setting next_dagrun for tutorial_taskflow_api_virtualenv to None, run_after=None
[2026-04-26T23:14:56.360+0000] {processor.py:183} INFO - Processing /home/airflow/.local/lib/python3.12/site-packages/airflow/example_dags/tutorial_taskflow_api_virtualenv.py took 0.051 seconds
[2026-04-26T23:15:26.588+0000] {processor.py:161} INFO - Started process (PID=910) to work on /home/airflow/.local/lib/python3.12/site-packages/airflow/example_dags/tutorial_taskflow_api_virtualenv.py
[2026-04-26T23:15:26.588+0000] {processor.py:830} INFO - Processing file /home/airflow/.local/lib/python3.12/site-packages/airflow/example_dags/tutorial_taskflow_api_virtualenv.py for tasks to queue
[2026-04-26T23:15:26.589+0000] {logging_mixin.py:188} INFO - [2026-04-26T23:15:26.589+0000] {dagbag.py:545} INFO - Filling up the DagBag from /home/airflow/.local/lib/python3.12/site-packages/airflow/example_dags/tutorial_taskflow_api_virtualenv.py
[2026-04-26T23:15:26.596+0000] {processor.py:840} INFO - DAG(s) 'tutorial_taskflow_api_virtualenv' retrieved from /home/airflow/.local/lib/python3.12/site-packages/airflow/example_dags/tutorial_taskflow_api_virtualenv.py
[2026-04-26T23:15:26.606+0000] {logging_mixin.py:188} INFO - [2026-04-26T23:15:26.606+0000] {dag.py:3096} INFO - Sync 1 DAGs
[2026-04-26T23:15:26.613+0000] {logging_mixin.py:188} INFO - [2026-04-26T23:15:26.613+0000] {dag.py:3954} INFO - Setting next_dagrun for tutorial_taskflow_api_virtualenv to None, run_after=None
[2026-04-26T23:15:26.623+0000] {processor.py:183} INFO - Processing /home/airflow/.local/lib/python3.12/site-packages/airflow/example_dags/tutorial_taskflow_api_virtualenv.py took 0.039 seconds
[2026-04-26T23:15:56.700+0000] {processor.py:161} INFO - Started process (PID=968) to work on /home/airflow/.local/lib/python3.12/site-packages/airflow/example_dags/tutorial_taskflow_api_virtualenv.py
[2026-04-26T23:15:56.712+0000] {processor.py:830} INFO - Processing file /home/airflow/.local/lib/python3.12/site-packages/airflow/example_dags/tutorial_taskflow_api_virtualenv.py for tasks to queue
[2026-04-26T23:15:56.713+0000] {logging_mixin.py:188} INFO - [2026-04-26T23:15:56.713+0000] {dagbag.py:545} INFO - Filling up the DagBag from /home/airflow/.local/lib/python3.12/site-packages/airflow/example_dags/tutorial_taskflow_api_virtualenv.py
[2026-04-26T23:15:56.720+0000] {processor.py:840} INFO - DAG(s) 'tutorial_taskflow_api_virtualenv' retrieved from /home/airflow/.local/lib/python3.12/site-packages/airflow/example_dags/tutorial_taskflow_api_virtualenv.py
[2026-04-26T23:15:56.731+0000] {logging_mixin.py:188} INFO - [2026-04-26T23:15:56.731+0000] {dag.py:3096} INFO - Sync 1 DAGs
[2026-04-26T23:15:56.738+0000] {logging_mixin.py:188} INFO - [2026-04-26T23:15:56.738+0000] {dag.py:3954} INFO - Setting next_dagrun for tutorial_taskflow_api_virtualenv to None, run_after=None
[2026-04-26T23:15:56.748+0000] {processor.py:183} INFO - Processing /home/airflow/.local/lib/python3.12/site-packages/airflow/example_dags/tutorial_taskflow_api_virtualenv.py took 0.052 seconds
[2026-04-26T23:16:26.902+0000] {processor.py:161} INFO - Started process (PID=1026) to work on /home/airflow/.local/lib/python3.12/site-packages/airflow/example_dags/tutorial_taskflow_api_virtualenv.py
[2026-04-26T23:16:26.902+0000] {processor.py:830} INFO - Processing file /home/airflow/.local/lib/python3.12/site-packages/airflow/example_dags/tutorial_taskflow_api_virtualenv.py for tasks to queue
[2026-04-26T23:16:26.903+0000] {logging_mixin.py:188} INFO - [2026-04-26T23:16:26.903+0000] {dagbag.py:545} INFO - Filling up the DagBag from /home/airflow/.local/lib/python3.12/site-packages/airflow/example_dags/tutorial_taskflow_api_virtualenv.py
[2026-04-26T23:16:26.910+0000] {processor.py:840} INFO - DAG(s) 'tutorial_taskflow_api_virtualenv' retrieved from /home/airflow/.local/lib/python3.12/site-packages/airflow/example_dags/tutorial_taskflow_api_virtualenv.py
[2026-04-26T23:16:26.921+0000] {logging_mixin.py:188} INFO - [2026-04-26T23:16:26.921+0000] {dag.py:3096} INFO - Sync 1 DAGs
[2026-04-26T23:16:26.929+0000] {logging_mixin.py:188} INFO - [2026-04-26T23:16:26.928+0000] {dag.py:3954} INFO - Setting next_dagrun for tutorial_taskflow_api_virtualenv to None, run_after=None
[2026-04-26T23:16:26.940+0000] {processor.py:183} INFO - Processing /home/airflow/.local/lib/python3.12/site-packages/airflow/example_dags/tutorial_taskflow_api_virtualenv.py took 0.042 seconds
[2026-04-26T23:16:57.156+0000] {processor.py:161} INFO - Started process (PID=1084) to work on /home/airflow/.local/lib/python3.12/site-packages/airflow/example_dags/tutorial_taskflow_api_virtualenv.py
[2026-04-26T23:16:57.171+0000] {processor.py:830} INFO - Processing file /home/airflow/.local/lib/python3.12/site-packages/airflow/example_dags/tutorial_taskflow_api_virtualenv.py for tasks to queue
[2026-04-26T23:16:57.172+0000] {logging_mixin.py:188} INFO - [2026-04-26T23:16:57.172+0000] {dagbag.py:545} INFO - Filling up the DagBag from /home/airflow/.local/lib/python3.12/site-packages/airflow/example_dags/tutorial_taskflow_api_virtualenv.py
[2026-04-26T23:16:57.181+0000] {processor.py:840} INFO - DAG(s) 'tutorial_taskflow_api_virtualenv' retrieved from /home/airflow/.local/lib/python3.12/site-packages/airflow/example_dags/tutorial_taskflow_api_virtualenv.py
[2026-04-26T23:16:57.195+0000] {logging_mixin.py:188} INFO - [2026-04-26T23:16:57.194+0000] {dag.py:3096} INFO - Sync 1 DAGs
[2026-04-26T23:16:57.205+0000] {logging_mixin.py:188} INFO - [2026-04-26T23:16:57.204+0000] {dag.py:3954} INFO - Setting next_dagrun for tutorial_taskflow_api_virtualenv to None, run_after=None
[2026-04-26T23:16:57.218+0000] {processor.py:183} INFO - Processing /home/airflow/.local/lib/python3.12/site-packages/airflow/example_dags/tutorial_taskflow_api_virtualenv.py took 0.067 seconds
[2026-04-26T23:17:27.508+0000] {processor.py:161} INFO - Started process (PID=1142) to work on /home/airflow/.local/lib/python3.12/site-packages/airflow/example_dags/tutorial_taskflow_api_virtualenv.py
[2026-04-26T23:17:27.509+0000] {processor.py:830} INFO - Processing file /home/airflow/.local/lib/python3.12/site-packages/airflow/example_dags/tutorial_taskflow_api_virtualenv.py for tasks to queue
[2026-04-26T23:17:27.510+0000] {logging_mixin.py:188} INFO - [2026-04-26T23:17:27.509+0000] {dagbag.py:545} INFO - Filling up the DagBag from /home/airflow/.local/lib/python3.12/site-packages/airflow/example_dags/tutorial_taskflow_api_virtualenv.py
[2026-04-26T23:17:27.516+0000] {processor.py:840} INFO - DAG(s) 'tutorial_taskflow_api_virtualenv' retrieved from /home/airflow/.local/lib/python3.12/site-packages/airflow/example_dags/tutorial_taskflow_api_virtualenv.py
[2026-04-26T23:17:27.529+0000] {logging_mixin.py:188} INFO - [2026-04-26T23:17:27.529+0000] {dag.py:3096} INFO - Sync 1 DAGs
[2026-04-26T23:17:27.536+0000] {logging_mixin.py:188} INFO - [2026-04-26T23:17:27.536+0000] {dag.py:3954} INFO - Setting next_dagrun for tutorial_taskflow_api_virtualenv to None, run_after=None
[2026-04-26T23:17:27.547+0000] {processor.py:183} INFO - Processing /home/airflow/.local/lib/python3.12/site-packages/airflow/example_dags/tutorial_taskflow_api_virtualenv.py took 0.043 seconds
[2026-04-26T23:17:57.802+0000] {processor.py:161} INFO - Started process (PID=1200) to work on /home/airflow/.local/lib/python3.12/site-packages/airflow/example_dags/tutorial_taskflow_api_virtualenv.py
[2026-04-26T23:17:57.819+0000] {processor.py:830} INFO - Processing file /home/airflow/.local/lib/python3.12/site-packages/airflow/example_dags/tutorial_taskflow_api_virtualenv.py for tasks to queue
[2026-04-26T23:17:57.820+0000] {logging_mixin.py:188} INFO - [2026-04-26T23:17:57.820+0000] {dagbag.py:545} INFO - Filling up the DagBag from /home/airflow/.local/lib/python3.12/site-packages/airflow/example_dags/tutorial_taskflow_api_virtualenv.py
[2026-04-26T23:17:57.829+0000] {processor.py:840} INFO - DAG(s) 'tutorial_taskflow_api_virtualenv' retrieved from /home/airflow/.local/lib/python3.12/site-packages/airflow/example_dags/tutorial_taskflow_api_virtualenv.py
[2026-04-26T23:17:57.844+0000] {logging_mixin.py:188} INFO - [2026-04-26T23:17:57.844+0000] {dag.py:3096} INFO - Sync 1 DAGs
[2026-04-26T23:17:57.853+0000] {logging_mixin.py:188} INFO - [2026-04-26T23:17:57.853+0000] {dag.py:3954} INFO - Setting next_dagrun for tutorial_taskflow_api_virtualenv to None, run_after=None
[2026-04-26T23:17:57.866+0000] {processor.py:183} INFO - Processing /home/airflow/.local/lib/python3.12/site-packages/airflow/example_dags/tutorial_taskflow_api_virtualenv.py took 0.069 seconds
[2026-04-26T23:18:27.971+0000] {processor.py:161} INFO - Started process (PID=1259) to work on /home/airflow/.local/lib/python3.12/site-packages/airflow/example_dags/tutorial_taskflow_api_virtualenv.py
[2026-04-26T23:18:27.972+0000] {processor.py:830} INFO - Processing file /home/airflow/.local/lib/python3.12/site-packages/airflow/example_dags/tutorial_taskflow_api_virtualenv.py for tasks to queue
[2026-04-26T23:18:27.973+0000] {logging_mixin.py:188} INFO - [2026-04-26T23:18:27.973+0000] {dagbag.py:545} INFO - Filling up the DagBag from /home/airflow/.local/lib/python3.12/site-packages/airflow/example_dags/tutorial_taskflow_api_virtualenv.py
[2026-04-26T23:18:27.980+0000] {processor.py:840} INFO - DAG(s) 'tutorial_taskflow_api_virtualenv' retrieved from /home/airflow/.local/lib/python3.12/site-packages/airflow/example_dags/tutorial_taskflow_api_virtualenv.py
[2026-04-26T23:18:27.994+0000] {logging_mixin.py:188} INFO - [2026-04-26T23:18:27.993+0000] {dag.py:3096} INFO - Sync 1 DAGs
[2026-04-26T23:18:28.002+0000] {logging_mixin.py:188} INFO - [2026-04-26T23:18:28.001+0000] {dag.py:3954} INFO - Setting next_dagrun for tutorial_taskflow_api_virtualenv to None, run_after=None
[2026-04-26T23:18:28.121+0000] {processor.py:183} INFO - Processing /home/airflow/.local/lib/python3.12/site-packages/airflow/example_dags/tutorial_taskflow_api_virtualenv.py took 0.154 seconds
[2026-04-26T23:18:58.351+0000] {processor.py:161} INFO - Started process (PID=1318) to work on /home/airflow/.local/lib/python3.12/site-packages/airflow/example_dags/tutorial_taskflow_api_virtualenv.py
[2026-04-26T23:18:58.369+0000] {processor.py:830} INFO - Processing file /home/airflow/.local/lib/python3.12/site-packages/airflow/example_dags/tutorial_taskflow_api_virtualenv.py for tasks to queue
[2026-04-26T23:18:58.371+0000] {logging_mixin.py:188} INFO - [2026-04-26T23:18:58.370+0000] {dagbag.py:545} INFO - Filling up the DagBag from /home/airflow/.local/lib/python3.12/site-packages/airflow/example_dags/tutorial_taskflow_api_virtualenv.py
[2026-04-26T23:18:58.379+0000] {processor.py:840} INFO - DAG(s) 'tutorial_taskflow_api_virtualenv' retrieved from /home/airflow/.local/lib/python3.12/site-packages/airflow/example_dags/tutorial_taskflow_api_virtualenv.py
[2026-04-26T23:18:58.392+0000] {logging_mixin.py:188} INFO - [2026-04-26T23:18:58.392+0000] {dag.py:3096} INFO - Sync 1 DAGs
[2026-04-26T23:18:58.402+0000] {logging_mixin.py:188} INFO - [2026-04-26T23:18:58.402+0000] {dag.py:3954} INFO - Setting next_dagrun for tutorial_taskflow_api_virtualenv to None, run_after=None
[2026-04-26T23:18:58.415+0000] {processor.py:183} INFO - Processing /home/airflow/.local/lib/python3.12/site-packages/airflow/example_dags/tutorial_taskflow_api_virtualenv.py took 0.068 seconds
[2026-04-26T23:19:28.612+0000] {processor.py:161} INFO - Started process (PID=1377) to work on /home/airflow/.local/lib/python3.12/site-packages/airflow/example_dags/tutorial_taskflow_api_virtualenv.py
[2026-04-26T23:19:28.612+0000] {processor.py:830} INFO - Processing file /home/airflow/.local/lib/python3.12/site-packages/airflow/example_dags/tutorial_taskflow_api_virtualenv.py for tasks to queue
[2026-04-26T23:19:28.614+0000] {logging_mixin.py:188} INFO - [2026-04-26T23:19:28.613+0000] {dagbag.py:545} INFO - Filling up the DagBag from /home/airflow/.local/lib/python3.12/site-packages/airflow/example_dags/tutorial_taskflow_api_virtualenv.py
[2026-04-26T23:19:28.623+0000] {processor.py:840} INFO - DAG(s) 'tutorial_taskflow_api_virtualenv' retrieved from /home/airflow/.local/lib/python3.12/site-packages/airflow/example_dags/tutorial_taskflow_api_virtualenv.py
[2026-04-26T23:19:28.639+0000] {logging_mixin.py:188} INFO - [2026-04-26T23:19:28.638+0000] {dag.py:3096} INFO - Sync 1 DAGs
[2026-04-26T23:19:28.649+0000] {logging_mixin.py:188} INFO - [2026-04-26T23:19:28.649+0000] {dag.py:3954} INFO - Setting next_dagrun for tutorial_taskflow_api_virtualenv to None, run_after=None
[2026-04-26T23:19:28.663+0000] {processor.py:183} INFO - Processing /home/airflow/.local/lib/python3.12/site-packages/airflow/example_dags/tutorial_taskflow_api_virtualenv.py took 0.057 seconds
[2026-04-26T23:19:58.985+0000] {processor.py:161} INFO - Started process (PID=1436) to work on /home/airflow/.local/lib/python3.12/site-packages/airflow/example_dags/tutorial_taskflow_api_virtualenv.py
[2026-04-26T23:19:59.004+0000] {processor.py:830} INFO - Processing file /home/airflow/.local/lib/python3.12/site-packages/airflow/example_dags/tutorial_taskflow_api_virtualenv.py for tasks to queue
[2026-04-26T23:19:59.005+0000] {logging_mixin.py:188} INFO - [2026-04-26T23:19:59.005+0000] {dagbag.py:545} INFO - Filling up the DagBag from /home/airflow/.local/lib/python3.12/site-packages/airflow/example_dags/tutorial_taskflow_api_virtualenv.py
[2026-04-26T23:19:59.013+0000] {processor.py:840} INFO - DAG(s) 'tutorial_taskflow_api_virtualenv' retrieved from /home/airflow/.local/lib/python3.12/site-packages/airflow/example_dags/tutorial_taskflow_api_virtualenv.py
[2026-04-26T23:19:59.026+0000] {logging_mixin.py:188} INFO - [2026-04-26T23:19:59.026+0000] {dag.py:3096} INFO - Sync 1 DAGs
[2026-04-26T23:19:59.035+0000] {logging_mixin.py:188} INFO - [2026-04-26T23:19:59.035+0000] {dag.py:3954} INFO - Setting next_dagrun for tutorial_taskflow_api_virtualenv to None, run_after=None
[2026-04-26T23:19:59.048+0000] {processor.py:183} INFO - Processing /home/airflow/.local/lib/python3.12/site-packages/airflow/example_dags/tutorial_taskflow_api_virtualenv.py took 0.067 seconds
[2026-04-26T23:20:29.085+0000] {processor.py:161} INFO - Started process (PID=1496) to work on /home/airflow/.local/lib/python3.12/site-packages/airflow/example_dags/tutorial_taskflow_api_virtualenv.py
[2026-04-26T23:20:29.086+0000] {processor.py:830} INFO - Processing file /home/airflow/.local/lib/python3.12/site-packages/airflow/example_dags/tutorial_taskflow_api_virtualenv.py for tasks to queue
[2026-04-26T23:20:29.087+0000] {logging_mixin.py:188} INFO - [2026-04-26T23:20:29.087+0000] {dagbag.py:545} INFO - Filling up the DagBag from /home/airflow/.local/lib/python3.12/site-packages/airflow/example_dags/tutorial_taskflow_api_virtualenv.py
[2026-04-26T23:20:29.094+0000] {processor.py:840} INFO - DAG(s) 'tutorial_taskflow_api_virtualenv' retrieved from /home/airflow/.local/lib/python3.12/site-packages/airflow/example_dags/tutorial_taskflow_api_virtualenv.py
[2026-04-26T23:20:29.108+0000] {logging_mixin.py:188} INFO - [2026-04-26T23:20:29.108+0000] {dag.py:3096} INFO - Sync 1 DAGs
[2026-04-26T23:20:29.116+0000] {logging_mixin.py:188} INFO - [2026-04-26T23:20:29.115+0000] {dag.py:3954} INFO - Setting next_dagrun for tutorial_taskflow_api_virtualenv to None, run_after=None
[2026-04-26T23:20:29.125+0000] {processor.py:183} INFO - Processing /home/airflow/.local/lib/python3.12/site-packages/airflow/example_dags/tutorial_taskflow_api_virtualenv.py took 0.044 seconds
[2026-04-26T23:20:59.403+0000] {processor.py:161} INFO - Started process (PID=1554) to work on /home/airflow/.local/lib/python3.12/site-packages/airflow/example_dags/tutorial_taskflow_api_virtualenv.py
[2026-04-26T23:20:59.404+0000] {processor.py:830} INFO - Processing file /home/airflow/.local/lib/python3.12/site-packages/airflow/example_dags/tutorial_taskflow_api_virtualenv.py for tasks to queue
[2026-04-26T23:20:59.405+0000] {logging_mixin.py:188} INFO - [2026-04-26T23:20:59.405+0000] {dagbag.py:545} INFO - Filling up the DagBag from /home/airflow/.local/lib/python3.12/site-packages/airflow/example_dags/tutorial_taskflow_api_virtualenv.py
[2026-04-26T23:20:59.412+0000] {processor.py:840} INFO - DAG(s) 'tutorial_taskflow_api_virtualenv' retrieved from /home/airflow/.local/lib/python3.12/site-packages/airflow/example_dags/tutorial_taskflow_api_virtualenv.py
[2026-04-26T23:20:59.425+0000] {logging_mixin.py:188} INFO - [2026-04-26T23:20:59.425+0000] {dag.py:3096} INFO - Sync 1 DAGs
[2026-04-26T23:20:59.432+0000] {logging_mixin.py:188} INFO - [2026-04-26T23:20:59.432+0000] {dag.py:3954} INFO - Setting next_dagrun for tutorial_taskflow_api_virtualenv to None, run_after=None
[2026-04-26T23:20:59.443+0000] {processor.py:183} INFO - Processing /home/airflow/.local/lib/python3.12/site-packages/airflow/example_dags/tutorial_taskflow_api_virtualenv.py took 0.043 seconds
[2026-04-26T23:21:29.481+0000] {processor.py:161} INFO - Started process (PID=1612) to work on /home/airflow/.local/lib/python3.12/site-packages/airflow/example_dags/tutorial_taskflow_api_virtualenv.py
[2026-04-26T23:21:29.481+0000] {processor.py:830} INFO - Processing file /home/airflow/.local/lib/python3.12/site-packages/airflow/example_dags/tutorial_taskflow_api_virtualenv.py for tasks to queue
[2026-04-26T23:21:29.482+0000] {logging_mixin.py:188} INFO - [2026-04-26T23:21:29.482+0000] {dagbag.py:545} INFO - Filling up the DagBag from /home/airflow/.local/lib/python3.12/site-packages/airflow/example_dags/tutorial_taskflow_api_virtualenv.py
[2026-04-26T23:21:29.490+0000] {processor.py:840} INFO - DAG(s) 'tutorial_taskflow_api_virtualenv' retrieved from /home/airflow/.local/lib/python3.12/site-packages/airflow/example_dags/tutorial_taskflow_api_virtualenv.py
[2026-04-26T23:21:29.506+0000] {logging_mixin.py:188} INFO - [2026-04-26T23:21:29.505+0000] {dag.py:3096} INFO - Sync 1 DAGs
[2026-04-26T23:21:29.513+0000] {logging_mixin.py:188} INFO - [2026-04-26T23:21:29.513+0000] {dag.py:3954} INFO - Setting next_dagrun for tutorial_taskflow_api_virtualenv to None, run_after=None
[2026-04-26T23:21:29.523+0000] {processor.py:183} INFO - Processing /home/airflow/.local/lib/python3.12/site-packages/airflow/example_dags/tutorial_taskflow_api_virtualenv.py took 0.046 seconds
[2026-04-26T23:21:59.546+0000] {processor.py:161} INFO - Started process (PID=1672) to work on /home/airflow/.local/lib/python3.12/site-packages/airflow/example_dags/tutorial_taskflow_api_virtualenv.py
[2026-04-26T23:21:59.547+0000] {processor.py:830} INFO - Processing file /home/airflow/.local/lib/python3.12/site-packages/airflow/example_dags/tutorial_taskflow_api_virtualenv.py for tasks to queue
[2026-04-26T23:21:59.548+0000] {logging_mixin.py:188} INFO - [2026-04-26T23:21:59.548+0000] {dagbag.py:545} INFO - Filling up the DagBag from /home/airflow/.local/lib/python3.12/site-packages/airflow/example_dags/tutorial_taskflow_api_virtualenv.py
[2026-04-26T23:21:59.553+0000] {processor.py:840} INFO - DAG(s) 'tutorial_taskflow_api_virtualenv' retrieved from /home/airflow/.local/lib/python3.12/site-packages/airflow/example_dags/tutorial_taskflow_api_virtualenv.py
[2026-04-26T23:21:59.564+0000] {logging_mixin.py:188} INFO - [2026-04-26T23:21:59.563+0000] {dag.py:3096} INFO - Sync 1 DAGs
[2026-04-26T23:21:59.570+0000] {logging_mixin.py:188} INFO - [2026-04-26T23:21:59.570+0000] {dag.py:3954} INFO - Setting next_dagrun for tutorial_taskflow_api_virtualenv to None, run_after=None
[2026-04-26T23:21:59.579+0000] {processor.py:183} INFO - Processing /home/airflow/.local/lib/python3.12/site-packages/airflow/example_dags/tutorial_taskflow_api_virtualenv.py took 0.036 seconds
[2026-04-26T23:22:29.973+0000] {processor.py:161} INFO - Started process (PID=1731) to work on /home/airflow/.local/lib/python3.12/site-packages/airflow/example_dags/tutorial_taskflow_api_virtualenv.py
[2026-04-26T23:22:29.974+0000] {processor.py:830} INFO - Processing file /home/airflow/.local/lib/python3.12/site-packages/airflow/example_dags/tutorial_taskflow_api_virtualenv.py for tasks to queue
[2026-04-26T23:22:29.975+0000] {logging_mixin.py:188} INFO - [2026-04-26T23:22:29.975+0000] {dagbag.py:545} INFO - Filling up the DagBag from /home/airflow/.local/lib/python3.12/site-packages/airflow/example_dags/tutorial_taskflow_api_virtualenv.py
[2026-04-26T23:22:29.981+0000] {processor.py:840} INFO - DAG(s) 'tutorial_taskflow_api_virtualenv' retrieved from /home/airflow/.local/lib/python3.12/site-packages/airflow/example_dags/tutorial_taskflow_api_virtualenv.py
[2026-04-26T23:22:29.992+0000] {logging_mixin.py:188} INFO - [2026-04-26T23:22:29.992+0000] {dag.py:3096} INFO - Sync 1 DAGs
[2026-04-26T23:22:29.999+0000] {logging_mixin.py:188} INFO - [2026-04-26T23:22:29.999+0000] {dag.py:3954} INFO - Setting next_dagrun for tutorial_taskflow_api_virtualenv to None, run_after=None
[2026-04-26T23:22:30.008+0000] {processor.py:183} INFO - Processing /home/airflow/.local/lib/python3.12/site-packages/airflow/example_dags/tutorial_taskflow_api_virtualenv.py took 0.039 seconds
[2026-04-26T23:23:00.175+0000] {processor.py:161} INFO - Started process (PID=1791) to work on /home/airflow/.local/lib/python3.12/site-packages/airflow/example_dags/tutorial_taskflow_api_virtualenv.py
[2026-04-26T23:23:00.175+0000] {processor.py:830} INFO - Processing file /home/airflow/.local/lib/python3.12/site-packages/airflow/example_dags/tutorial_taskflow_api_virtualenv.py for tasks to queue
[2026-04-26T23:23:00.176+0000] {logging_mixin.py:188} INFO - [2026-04-26T23:23:00.176+0000] {dagbag.py:545} INFO - Filling up the DagBag from /home/airflow/.local/lib/python3.12/site-packages/airflow/example_dags/tutorial_taskflow_api_virtualenv.py
[2026-04-26T23:23:00.182+0000] {processor.py:840} INFO - DAG(s) 'tutorial_taskflow_api_virtualenv' retrieved from /home/airflow/.local/lib/python3.12/site-packages/airflow/example_dags/tutorial_taskflow_api_virtualenv.py
[2026-04-26T23:23:00.193+0000] {logging_mixin.py:188} INFO - [2026-04-26T23:23:00.193+0000] {dag.py:3096} INFO - Sync 1 DAGs
[2026-04-26T23:23:00.199+0000] {logging_mixin.py:188} INFO - [2026-04-26T23:23:00.199+0000] {dag.py:3954} INFO - Setting next_dagrun for tutorial_taskflow_api_virtualenv to None, run_after=None
[2026-04-26T23:23:00.207+0000] {processor.py:183} INFO - Processing /home/airflow/.local/lib/python3.12/site-packages/airflow/example_dags/tutorial_taskflow_api_virtualenv.py took 0.036 seconds
[2026-04-26T23:23:30.933+0000] {processor.py:161} INFO - Started process (PID=1850) to work on /home/airflow/.local/lib/python3.12/site-packages/airflow/example_dags/tutorial_taskflow_api_virtualenv.py
[2026-04-26T23:23:30.934+0000] {processor.py:830} INFO - Processing file /home/airflow/.local/lib/python3.12/site-packages/airflow/example_dags/tutorial_taskflow_api_virtualenv.py for tasks to queue
[2026-04-26T23:23:30.935+0000] {logging_mixin.py:188} INFO - [2026-04-26T23:23:30.935+0000] {dagbag.py:545} INFO - Filling up the DagBag from /home/airflow/.local/lib/python3.12/site-packages/airflow/example_dags/tutorial_taskflow_api_virtualenv.py
[2026-04-26T23:23:30.940+0000] {processor.py:840} INFO - DAG(s) 'tutorial_taskflow_api_virtualenv' retrieved from /home/airflow/.local/lib/python3.12/site-packages/airflow/example_dags/tutorial_taskflow_api_virtualenv.py
[2026-04-26T23:23:30.951+0000] {logging_mixin.py:188} INFO - [2026-04-26T23:23:30.950+0000] {dag.py:3096} INFO - Sync 1 DAGs
[2026-04-26T23:23:30.957+0000] {logging_mixin.py:188} INFO - [2026-04-26T23:23:30.957+0000] {dag.py:3954} INFO - Setting next_dagrun for tutorial_taskflow_api_virtualenv to None, run_after=None
[2026-04-26T23:23:30.965+0000] {processor.py:183} INFO - Processing /home/airflow/.local/lib/python3.12/site-packages/airflow/example_dags/tutorial_taskflow_api_virtualenv.py took 0.034 seconds
[2026-04-26T23:24:02.454+0000] {processor.py:161} INFO - Started process (PID=1909) to work on /home/airflow/.local/lib/python3.12/site-packages/airflow/example_dags/tutorial_taskflow_api_virtualenv.py
[2026-04-26T23:24:02.454+0000] {processor.py:830} INFO - Processing file /home/airflow/.local/lib/python3.12/site-packages/airflow/example_dags/tutorial_taskflow_api_virtualenv.py for tasks to queue
[2026-04-26T23:24:02.455+0000] {logging_mixin.py:188} INFO - [2026-04-26T23:24:02.455+0000] {dagbag.py:545} INFO - Filling up the DagBag from /home/airflow/.local/lib/python3.12/site-packages/airflow/example_dags/tutorial_taskflow_api_virtualenv.py
[2026-04-26T23:24:02.461+0000] {processor.py:840} INFO - DAG(s) 'tutorial_taskflow_api_virtualenv' retrieved from /home/airflow/.local/lib/python3.12/site-packages/airflow/example_dags/tutorial_taskflow_api_virtualenv.py
[2026-04-26T23:24:02.472+0000] {logging_mixin.py:188} INFO - [2026-04-26T23:24:02.472+0000] {dag.py:3096} INFO - Sync 1 DAGs
[2026-04-26T23:24:02.479+0000] {logging_mixin.py:188} INFO - [2026-04-26T23:24:02.479+0000] {dag.py:3954} INFO - Setting next_dagrun for tutorial_taskflow_api_virtualenv to None, run_after=None
[2026-04-26T23:24:02.487+0000] {processor.py:183} INFO - Processing /home/airflow/.local/lib/python3.12/site-packages/airflow/example_dags/tutorial_taskflow_api_virtualenv.py took 0.037 seconds
[2026-04-26T23:24:34.585+0000] {processor.py:161} INFO - Started process (PID=1969) to work on /home/airflow/.local/lib/python3.12/site-packages/airflow/example_dags/tutorial_taskflow_api_virtualenv.py
[2026-04-26T23:24:34.585+0000] {processor.py:830} INFO - Processing file /home/airflow/.local/lib/python3.12/site-packages/airflow/example_dags/tutorial_taskflow_api_virtualenv.py for tasks to queue
[2026-04-26T23:24:34.586+0000] {logging_mixin.py:188} INFO - [2026-04-26T23:24:34.586+0000] {dagbag.py:545} INFO - Filling up the DagBag from /home/airflow/.local/lib/python3.12/site-packages/airflow/example_dags/tutorial_taskflow_api_virtualenv.py
[2026-04-26T23:24:34.592+0000] {processor.py:840} INFO - DAG(s) 'tutorial_taskflow_api_virtualenv' retrieved from /home/airflow/.local/lib/python3.12/site-packages/airflow/example_dags/tutorial_taskflow_api_virtualenv.py
[2026-04-26T23:24:34.702+0000] {logging_mixin.py:188} INFO - [2026-04-26T23:24:34.702+0000] {dag.py:3096} INFO - Sync 1 DAGs
[2026-04-26T23:24:34.708+0000] {logging_mixin.py:188} INFO - [2026-04-26T23:24:34.708+0000] {dag.py:3954} INFO - Setting next_dagrun for tutorial_taskflow_api_virtualenv to None, run_after=None
[2026-04-26T23:24:34.720+0000] {processor.py:183} INFO - Processing /home/airflow/.local/lib/python3.12/site-packages/airflow/example_dags/tutorial_taskflow_api_virtualenv.py took 0.139 seconds
[2026-04-26T23:25:05.727+0000] {processor.py:161} INFO - Started process (PID=2030) to work on /home/airflow/.local/lib/python3.12/site-packages/airflow/example_dags/tutorial_taskflow_api_virtualenv.py
[2026-04-26T23:25:05.728+0000] {processor.py:830} INFO - Processing file /home/airflow/.local/lib/python3.12/site-packages/airflow/example_dags/tutorial_taskflow_api_virtualenv.py for tasks to queue
[2026-04-26T23:25:05.729+0000] {logging_mixin.py:188} INFO - [2026-04-26T23:25:05.729+0000] {dagbag.py:545} INFO - Filling up the DagBag from /home/airflow/.local/lib/python3.12/site-packages/airflow/example_dags/tutorial_taskflow_api_virtualenv.py
[2026-04-26T23:25:05.735+0000] {processor.py:840} INFO - DAG(s) 'tutorial_taskflow_api_virtualenv' retrieved from /home/airflow/.local/lib/python3.12/site-packages/airflow/example_dags/tutorial_taskflow_api_virtualenv.py
[2026-04-26T23:25:05.745+0000] {logging_mixin.py:188} INFO - [2026-04-26T23:25:05.745+0000] {dag.py:3096} INFO - Sync 1 DAGs
[2026-04-26T23:25:05.752+0000] {logging_mixin.py:188} INFO - [2026-04-26T23:25:05.752+0000] {dag.py:3954} INFO - Setting next_dagrun for tutorial_taskflow_api_virtualenv to None, run_after=None
[2026-04-26T23:25:05.761+0000] {processor.py:183} INFO - Processing /home/airflow/.local/lib/python3.12/site-packages/airflow/example_dags/tutorial_taskflow_api_virtualenv.py took 0.037 seconds
[2026-04-26T23:25:36.429+0000] {processor.py:161} INFO - Started process (PID=2089) to work on /home/airflow/.local/lib/python3.12/site-packages/airflow/example_dags/tutorial_taskflow_api_virtualenv.py
[2026-04-26T23:25:36.430+0000] {processor.py:830} INFO - Processing file /home/airflow/.local/lib/python3.12/site-packages/airflow/example_dags/tutorial_taskflow_api_virtualenv.py for tasks to queue
[2026-04-26T23:25:36.431+0000] {logging_mixin.py:188} INFO - [2026-04-26T23:25:36.431+0000] {dagbag.py:545} INFO - Filling up the DagBag from /home/airflow/.local/lib/python3.12/site-packages/airflow/example_dags/tutorial_taskflow_api_virtualenv.py
[2026-04-26T23:25:36.437+0000] {processor.py:840} INFO - DAG(s) 'tutorial_taskflow_api_virtualenv' retrieved from /home/airflow/.local/lib/python3.12/site-packages/airflow/example_dags/tutorial_taskflow_api_virtualenv.py
[2026-04-26T23:25:36.448+0000] {logging_mixin.py:188} INFO - [2026-04-26T23:25:36.448+0000] {dag.py:3096} INFO - Sync 1 DAGs
[2026-04-26T23:25:36.455+0000] {logging_mixin.py:188} INFO - [2026-04-26T23:25:36.455+0000] {dag.py:3954} INFO - Setting next_dagrun for tutorial_taskflow_api_virtualenv to None, run_after=None
[2026-04-26T23:25:36.466+0000] {processor.py:183} INFO - Processing /home/airflow/.local/lib/python3.12/site-packages/airflow/example_dags/tutorial_taskflow_api_virtualenv.py took 0.040 seconds
[2026-04-26T23:26:07.209+0000] {processor.py:161} INFO - Started process (PID=2148) to work on /home/airflow/.local/lib/python3.12/site-packages/airflow/example_dags/tutorial_taskflow_api_virtualenv.py
[2026-04-26T23:26:07.210+0000] {processor.py:830} INFO - Processing file /home/airflow/.local/lib/python3.12/site-packages/airflow/example_dags/tutorial_taskflow_api_virtualenv.py for tasks to queue
[2026-04-26T23:26:07.211+0000] {logging_mixin.py:188} INFO - [2026-04-26T23:26:07.211+0000] {dagbag.py:545} INFO - Filling up the DagBag from /home/airflow/.local/lib/python3.12/site-packages/airflow/example_dags/tutorial_taskflow_api_virtualenv.py
[2026-04-26T23:26:07.219+0000] {processor.py:840} INFO - DAG(s) 'tutorial_taskflow_api_virtualenv' retrieved from /home/airflow/.local/lib/python3.12/site-packages/airflow/example_dags/tutorial_taskflow_api_virtualenv.py
[2026-04-26T23:26:07.233+0000] {logging_mixin.py:188} INFO - [2026-04-26T23:26:07.233+0000] {dag.py:3096} INFO - Sync 1 DAGs
[2026-04-26T23:26:07.241+0000] {logging_mixin.py:188} INFO - [2026-04-26T23:26:07.241+0000] {dag.py:3954} INFO - Setting next_dagrun for tutorial_taskflow_api_virtualenv to None, run_after=None
[2026-04-26T23:26:07.252+0000] {processor.py:183} INFO - Processing /home/airflow/.local/lib/python3.12/site-packages/airflow/example_dags/tutorial_taskflow_api_virtualenv.py took 0.048 seconds
[2026-04-26T23:26:37.987+0000] {processor.py:161} INFO - Started process (PID=2207) to work on /home/airflow/.local/lib/python3.12/site-packages/airflow/example_dags/tutorial_taskflow_api_virtualenv.py
[2026-04-26T23:26:37.988+0000] {processor.py:830} INFO - Processing file /home/airflow/.local/lib/python3.12/site-packages/airflow/example_dags/tutorial_taskflow_api_virtualenv.py for tasks to queue
[2026-04-26T23:26:37.989+0000] {logging_mixin.py:188} INFO - [2026-04-26T23:26:37.989+0000] {dagbag.py:545} INFO - Filling up the DagBag from /home/airflow/.local/lib/python3.12/site-packages/airflow/example_dags/tutorial_taskflow_api_virtualenv.py
[2026-04-26T23:26:37.995+0000] {processor.py:840} INFO - DAG(s) 'tutorial_taskflow_api_virtualenv' retrieved from /home/airflow/.local/lib/python3.12/site-packages/airflow/example_dags/tutorial_taskflow_api_virtualenv.py
[2026-04-26T23:26:38.005+0000] {logging_mixin.py:188} INFO - [2026-04-26T23:26:38.005+0000] {dag.py:3096} INFO - Sync 1 DAGs
[2026-04-26T23:26:38.012+0000] {logging_mixin.py:188} INFO - [2026-04-26T23:26:38.012+0000] {dag.py:3954} INFO - Setting next_dagrun for tutorial_taskflow_api_virtualenv to None, run_after=None
[2026-04-26T23:26:38.021+0000] {processor.py:183} INFO - Processing /home/airflow/.local/lib/python3.12/site-packages/airflow/example_dags/tutorial_taskflow_api_virtualenv.py took 0.038 seconds
[2026-04-26T23:27:08.753+0000] {processor.py:161} INFO - Started process (PID=2266) to work on /home/airflow/.local/lib/python3.12/site-packages/airflow/example_dags/tutorial_taskflow_api_virtualenv.py
[2026-04-26T23:27:08.753+0000] {processor.py:830} INFO - Processing file /home/airflow/.local/lib/python3.12/site-packages/airflow/example_dags/tutorial_taskflow_api_virtualenv.py for tasks to queue
[2026-04-26T23:27:08.755+0000] {logging_mixin.py:188} INFO - [2026-04-26T23:27:08.754+0000] {dagbag.py:545} INFO - Filling up the DagBag from /home/airflow/.local/lib/python3.12/site-packages/airflow/example_dags/tutorial_taskflow_api_virtualenv.py
[2026-04-26T23:27:08.761+0000] {processor.py:840} INFO - DAG(s) 'tutorial_taskflow_api_virtualenv' retrieved from /home/airflow/.local/lib/python3.12/site-packages/airflow/example_dags/tutorial_taskflow_api_virtualenv.py
[2026-04-26T23:27:08.773+0000] {logging_mixin.py:188} INFO - [2026-04-26T23:27:08.773+0000] {dag.py:3096} INFO - Sync 1 DAGs
[2026-04-26T23:27:08.781+0000] {logging_mixin.py:188} INFO - [2026-04-26T23:27:08.781+0000] {dag.py:3954} INFO - Setting next_dagrun for tutorial_taskflow_api_virtualenv to None, run_after=None
[2026-04-26T23:27:08.790+0000] {processor.py:183} INFO - Processing /home/airflow/.local/lib/python3.12/site-packages/airflow/example_dags/tutorial_taskflow_api_virtualenv.py took 0.042 seconds
[2026-04-26T23:27:39.482+0000] {processor.py:161} INFO - Started process (PID=2325) to work on /home/airflow/.local/lib/python3.12/site-packages/airflow/example_dags/tutorial_taskflow_api_virtualenv.py
[2026-04-26T23:27:39.482+0000] {processor.py:830} INFO - Processing file /home/airflow/.local/lib/python3.12/site-packages/airflow/example_dags/tutorial_taskflow_api_virtualenv.py for tasks to queue
[2026-04-26T23:27:39.483+0000] {logging_mixin.py:188} INFO - [2026-04-26T23:27:39.483+0000] {dagbag.py:545} INFO - Filling up the DagBag from /home/airflow/.local/lib/python3.12/site-packages/airflow/example_dags/tutorial_taskflow_api_virtualenv.py
[2026-04-26T23:27:39.490+0000] {processor.py:840} INFO - DAG(s) 'tutorial_taskflow_api_virtualenv' retrieved from /home/airflow/.local/lib/python3.12/site-packages/airflow/example_dags/tutorial_taskflow_api_virtualenv.py
[2026-04-26T23:27:39.502+0000] {logging_mixin.py:188} INFO - [2026-04-26T23:27:39.502+0000] {dag.py:3096} INFO - Sync 1 DAGs
[2026-04-26T23:27:39.509+0000] {logging_mixin.py:188} INFO - [2026-04-26T23:27:39.509+0000] {dag.py:3954} INFO - Setting next_dagrun for tutorial_taskflow_api_virtualenv to None, run_after=None
[2026-04-26T23:27:39.520+0000] {processor.py:183} INFO - Processing /home/airflow/.local/lib/python3.12/site-packages/airflow/example_dags/tutorial_taskflow_api_virtualenv.py took 0.042 seconds
[2026-04-26T23:28:10.227+0000] {processor.py:161} INFO - Started process (PID=2384) to work on /home/airflow/.local/lib/python3.12/site-packages/airflow/example_dags/tutorial_taskflow_api_virtualenv.py
[2026-04-26T23:28:10.227+0000] {processor.py:830} INFO - Processing file /home/airflow/.local/lib/python3.12/site-packages/airflow/example_dags/tutorial_taskflow_api_virtualenv.py for tasks to queue
[2026-04-26T23:28:10.228+0000] {logging_mixin.py:188} INFO - [2026-04-26T23:28:10.228+0000] {dagbag.py:545} INFO - Filling up the DagBag from /home/airflow/.local/lib/python3.12/site-packages/airflow/example_dags/tutorial_taskflow_api_virtualenv.py
[2026-04-26T23:28:10.234+0000] {processor.py:840} INFO - DAG(s) 'tutorial_taskflow_api_virtualenv' retrieved from /home/airflow/.local/lib/python3.12/site-packages/airflow/example_dags/tutorial_taskflow_api_virtualenv.py
[2026-04-26T23:28:10.245+0000] {logging_mixin.py:188} INFO - [2026-04-26T23:28:10.245+0000] {dag.py:3096} INFO - Sync 1 DAGs
[2026-04-26T23:28:10.252+0000] {logging_mixin.py:188} INFO - [2026-04-26T23:28:10.252+0000] {dag.py:3954} INFO - Setting next_dagrun for tutorial_taskflow_api_virtualenv to None, run_after=None
[2026-04-26T23:28:10.262+0000] {processor.py:183} INFO - Processing /home/airflow/.local/lib/python3.12/site-packages/airflow/example_dags/tutorial_taskflow_api_virtualenv.py took 0.039 seconds
[2026-04-26T23:28:41.215+0000] {processor.py:161} INFO - Started process (PID=2443) to work on /home/airflow/.local/lib/python3.12/site-packages/airflow/example_dags/tutorial_taskflow_api_virtualenv.py
[2026-04-26T23:28:41.216+0000] {processor.py:830} INFO - Processing file /home/airflow/.local/lib/python3.12/site-packages/airflow/example_dags/tutorial_taskflow_api_virtualenv.py for tasks to queue
[2026-04-26T23:28:41.217+0000] {logging_mixin.py:188} INFO - [2026-04-26T23:28:41.217+0000] {dagbag.py:545} INFO - Filling up the DagBag from /home/airflow/.local/lib/python3.12/site-packages/airflow/example_dags/tutorial_taskflow_api_virtualenv.py
[2026-04-26T23:28:41.225+0000] {processor.py:840} INFO - DAG(s) 'tutorial_taskflow_api_virtualenv' retrieved from /home/airflow/.local/lib/python3.12/site-packages/airflow/example_dags/tutorial_taskflow_api_virtualenv.py
[2026-04-26T23:28:41.240+0000] {logging_mixin.py:188} INFO - [2026-04-26T23:28:41.239+0000] {dag.py:3096} INFO - Sync 1 DAGs
[2026-04-26T23:28:41.248+0000] {logging_mixin.py:188} INFO - [2026-04-26T23:28:41.248+0000] {dag.py:3954} INFO - Setting next_dagrun for tutorial_taskflow_api_virtualenv to None, run_after=None
[2026-04-26T23:28:41.264+0000] {processor.py:183} INFO - Processing /home/airflow/.local/lib/python3.12/site-packages/airflow/example_dags/tutorial_taskflow_api_virtualenv.py took 0.054 seconds
[2026-04-26T23:29:11.293+0000] {processor.py:161} INFO - Started process (PID=2501) to work on /home/airflow/.local/lib/python3.12/site-packages/airflow/example_dags/tutorial_taskflow_api_virtualenv.py
[2026-04-26T23:29:11.293+0000] {processor.py:830} INFO - Processing file /home/airflow/.local/lib/python3.12/site-packages/airflow/example_dags/tutorial_taskflow_api_virtualenv.py for tasks to queue
[2026-04-26T23:29:11.295+0000] {logging_mixin.py:188} INFO - [2026-04-26T23:29:11.294+0000] {dagbag.py:545} INFO - Filling up the DagBag from /home/airflow/.local/lib/python3.12/site-packages/airflow/example_dags/tutorial_taskflow_api_virtualenv.py
[2026-04-26T23:29:11.301+0000] {processor.py:840} INFO - DAG(s) 'tutorial_taskflow_api_virtualenv' retrieved from /home/airflow/.local/lib/python3.12/site-packages/airflow/example_dags/tutorial_taskflow_api_virtualenv.py
[2026-04-26T23:29:11.313+0000] {logging_mixin.py:188} INFO - [2026-04-26T23:29:11.313+0000] {dag.py:3096} INFO - Sync 1 DAGs
[2026-04-26T23:29:11.320+0000] {logging_mixin.py:188} INFO - [2026-04-26T23:29:11.320+0000] {dag.py:3954} INFO - Setting next_dagrun for tutorial_taskflow_api_virtualenv to None, run_after=None
[2026-04-26T23:29:11.329+0000] {processor.py:183} INFO - Processing /home/airflow/.local/lib/python3.12/site-packages/airflow/example_dags/tutorial_taskflow_api_virtualenv.py took 0.039 seconds
[2026-04-26T23:29:42.028+0000] {processor.py:161} INFO - Started process (PID=2561) to work on /home/airflow/.local/lib/python3.12/site-packages/airflow/example_dags/tutorial_taskflow_api_virtualenv.py
[2026-04-26T23:29:42.029+0000] {processor.py:830} INFO - Processing file /home/airflow/.local/lib/python3.12/site-packages/airflow/example_dags/tutorial_taskflow_api_virtualenv.py for tasks to queue
[2026-04-26T23:29:42.030+0000] {logging_mixin.py:188} INFO - [2026-04-26T23:29:42.030+0000] {dagbag.py:545} INFO - Filling up the DagBag from /home/airflow/.local/lib/python3.12/site-packages/airflow/example_dags/tutorial_taskflow_api_virtualenv.py
[2026-04-26T23:29:42.036+0000] {processor.py:840} INFO - DAG(s) 'tutorial_taskflow_api_virtualenv' retrieved from /home/airflow/.local/lib/python3.12/site-packages/airflow/example_dags/tutorial_taskflow_api_virtualenv.py
[2026-04-26T23:29:42.049+0000] {logging_mixin.py:188} INFO - [2026-04-26T23:29:42.049+0000] {dag.py:3096} INFO - Sync 1 DAGs
[2026-04-26T23:29:42.056+0000] {logging_mixin.py:188} INFO - [2026-04-26T23:29:42.056+0000] {dag.py:3954} INFO - Setting next_dagrun for tutorial_taskflow_api_virtualenv to None, run_after=None
[2026-04-26T23:29:42.065+0000] {processor.py:183} INFO - Processing /home/airflow/.local/lib/python3.12/site-packages/airflow/example_dags/tutorial_taskflow_api_virtualenv.py took 0.041 seconds
[2026-04-26T23:30:12.809+0000] {processor.py:161} INFO - Started process (PID=2620) to work on /home/airflow/.local/lib/python3.12/site-packages/airflow/example_dags/tutorial_taskflow_api_virtualenv.py
[2026-04-26T23:30:12.809+0000] {processor.py:830} INFO - Processing file /home/airflow/.local/lib/python3.12/site-packages/airflow/example_dags/tutorial_taskflow_api_virtualenv.py for tasks to queue
[2026-04-26T23:30:12.810+0000] {logging_mixin.py:188} INFO - [2026-04-26T23:30:12.810+0000] {dagbag.py:545} INFO - Filling up the DagBag from /home/airflow/.local/lib/python3.12/site-packages/airflow/example_dags/tutorial_taskflow_api_virtualenv.py
[2026-04-26T23:30:12.816+0000] {processor.py:840} INFO - DAG(s) 'tutorial_taskflow_api_virtualenv' retrieved from /home/airflow/.local/lib/python3.12/site-packages/airflow/example_dags/tutorial_taskflow_api_virtualenv.py
[2026-04-26T23:30:12.827+0000] {logging_mixin.py:188} INFO - [2026-04-26T23:30:12.827+0000] {dag.py:3096} INFO - Sync 1 DAGs
[2026-04-26T23:30:12.834+0000] {logging_mixin.py:188} INFO - [2026-04-26T23:30:12.834+0000] {dag.py:3954} INFO - Setting next_dagrun for tutorial_taskflow_api_virtualenv to None, run_after=None
[2026-04-26T23:30:12.844+0000] {processor.py:183} INFO - Processing /home/airflow/.local/lib/python3.12/site-packages/airflow/example_dags/tutorial_taskflow_api_virtualenv.py took 0.038 seconds
[2026-04-26T23:30:43.573+0000] {processor.py:161} INFO - Started process (PID=2679) to work on /home/airflow/.local/lib/python3.12/site-packages/airflow/example_dags/tutorial_taskflow_api_virtualenv.py
[2026-04-26T23:30:43.573+0000] {processor.py:830} INFO - Processing file /home/airflow/.local/lib/python3.12/site-packages/airflow/example_dags/tutorial_taskflow_api_virtualenv.py for tasks to queue
[2026-04-26T23:30:43.574+0000] {logging_mixin.py:188} INFO - [2026-04-26T23:30:43.574+0000] {dagbag.py:545} INFO - Filling up the DagBag from /home/airflow/.local/lib/python3.12/site-packages/airflow/example_dags/tutorial_taskflow_api_virtualenv.py
[2026-04-26T23:30:43.580+0000] {processor.py:840} INFO - DAG(s) 'tutorial_taskflow_api_virtualenv' retrieved from /home/airflow/.local/lib/python3.12/site-packages/airflow/example_dags/tutorial_taskflow_api_virtualenv.py
[2026-04-26T23:30:43.592+0000] {logging_mixin.py:188} INFO - [2026-04-26T23:30:43.591+0000] {dag.py:3096} INFO - Sync 1 DAGs
[2026-04-26T23:30:43.599+0000] {logging_mixin.py:188} INFO - [2026-04-26T23:30:43.598+0000] {dag.py:3954} INFO - Setting next_dagrun for tutorial_taskflow_api_virtualenv to None, run_after=None
[2026-04-26T23:30:43.608+0000] {processor.py:183} INFO - Processing /home/airflow/.local/lib/python3.12/site-packages/airflow/example_dags/tutorial_taskflow_api_virtualenv.py took 0.039 seconds
[2026-04-26T23:31:14.291+0000] {processor.py:161} INFO - Started process (PID=2738) to work on /home/airflow/.local/lib/python3.12/site-packages/airflow/example_dags/tutorial_taskflow_api_virtualenv.py
[2026-04-26T23:31:14.293+0000] {processor.py:830} INFO - Processing file /home/airflow/.local/lib/python3.12/site-packages/airflow/example_dags/tutorial_taskflow_api_virtualenv.py for tasks to queue
[2026-04-26T23:31:14.294+0000] {logging_mixin.py:188} INFO - [2026-04-26T23:31:14.294+0000] {dagbag.py:545} INFO - Filling up the DagBag from /home/airflow/.local/lib/python3.12/site-packages/airflow/example_dags/tutorial_taskflow_api_virtualenv.py
[2026-04-26T23:31:14.300+0000] {processor.py:840} INFO - DAG(s) 'tutorial_taskflow_api_virtualenv' retrieved from /home/airflow/.local/lib/python3.12/site-packages/airflow/example_dags/tutorial_taskflow_api_virtualenv.py
[2026-04-26T23:31:14.310+0000] {logging_mixin.py:188} INFO - [2026-04-26T23:31:14.310+0000] {dag.py:3096} INFO - Sync 1 DAGs
[2026-04-26T23:31:14.318+0000] {logging_mixin.py:188} INFO - [2026-04-26T23:31:14.317+0000] {dag.py:3954} INFO - Setting next_dagrun for tutorial_taskflow_api_virtualenv to None, run_after=None
[2026-04-26T23:31:14.327+0000] {processor.py:183} INFO - Processing /home/airflow/.local/lib/python3.12/site-packages/airflow/example_dags/tutorial_taskflow_api_virtualenv.py took 0.039 seconds
[2026-04-26T23:31:45.030+0000] {processor.py:161} INFO - Started process (PID=2797) to work on /home/airflow/.local/lib/python3.12/site-packages/airflow/example_dags/tutorial_taskflow_api_virtualenv.py
[2026-04-26T23:31:45.031+0000] {processor.py:830} INFO - Processing file /home/airflow/.local/lib/python3.12/site-packages/airflow/example_dags/tutorial_taskflow_api_virtualenv.py for tasks to queue
[2026-04-26T23:31:45.032+0000] {logging_mixin.py:188} INFO - [2026-04-26T23:31:45.032+0000] {dagbag.py:545} INFO - Filling up the DagBag from /home/airflow/.local/lib/python3.12/site-packages/airflow/example_dags/tutorial_taskflow_api_virtualenv.py
[2026-04-26T23:31:45.039+0000] {processor.py:840} INFO - DAG(s) 'tutorial_taskflow_api_virtualenv' retrieved from /home/airflow/.local/lib/python3.12/site-packages/airflow/example_dags/tutorial_taskflow_api_virtualenv.py
[2026-04-26T23:31:45.051+0000] {logging_mixin.py:188} INFO - [2026-04-26T23:31:45.051+0000] {dag.py:3096} INFO - Sync 1 DAGs
[2026-04-26T23:31:45.059+0000] {logging_mixin.py:188} INFO - [2026-04-26T23:31:45.059+0000] {dag.py:3954} INFO - Setting next_dagrun for tutorial_taskflow_api_virtualenv to None, run_after=None
[2026-04-26T23:31:45.069+0000] {processor.py:183} INFO - Processing /home/airflow/.local/lib/python3.12/site-packages/airflow/example_dags/tutorial_taskflow_api_virtualenv.py took 0.044 seconds
[2026-04-26T23:32:15.965+0000] {processor.py:161} INFO - Started process (PID=2856) to work on /home/airflow/.local/lib/python3.12/site-packages/airflow/example_dags/tutorial_taskflow_api_virtualenv.py
[2026-04-26T23:32:15.966+0000] {processor.py:830} INFO - Processing file /home/airflow/.local/lib/python3.12/site-packages/airflow/example_dags/tutorial_taskflow_api_virtualenv.py for tasks to queue
[2026-04-26T23:32:15.967+0000] {logging_mixin.py:188} INFO - [2026-04-26T23:32:15.967+0000] {dagbag.py:545} INFO - Filling up the DagBag from /home/airflow/.local/lib/python3.12/site-packages/airflow/example_dags/tutorial_taskflow_api_virtualenv.py
[2026-04-26T23:32:15.975+0000] {processor.py:840} INFO - DAG(s) 'tutorial_taskflow_api_virtualenv' retrieved from /home/airflow/.local/lib/python3.12/site-packages/airflow/example_dags/tutorial_taskflow_api_virtualenv.py
[2026-04-26T23:32:15.990+0000] {logging_mixin.py:188} INFO - [2026-04-26T23:32:15.990+0000] {dag.py:3096} INFO - Sync 1 DAGs
[2026-04-26T23:32:15.999+0000] {logging_mixin.py:188} INFO - [2026-04-26T23:32:15.999+0000] {dag.py:3954} INFO - Setting next_dagrun for tutorial_taskflow_api_virtualenv to None, run_after=None
[2026-04-26T23:32:16.011+0000] {processor.py:183} INFO - Processing /home/airflow/.local/lib/python3.12/site-packages/airflow/example_dags/tutorial_taskflow_api_virtualenv.py took 0.051 seconds
[2026-04-26T23:32:46.244+0000] {processor.py:161} INFO - Started process (PID=2915) to work on /home/airflow/.local/lib/python3.12/site-packages/airflow/example_dags/tutorial_taskflow_api_virtualenv.py
[2026-04-26T23:32:46.244+0000] {processor.py:830} INFO - Processing file /home/airflow/.local/lib/python3.12/site-packages/airflow/example_dags/tutorial_taskflow_api_virtualenv.py for tasks to queue
[2026-04-26T23:32:46.246+0000] {logging_mixin.py:188} INFO - [2026-04-26T23:32:46.245+0000] {dagbag.py:545} INFO - Filling up the DagBag from /home/airflow/.local/lib/python3.12/site-packages/airflow/example_dags/tutorial_taskflow_api_virtualenv.py
[2026-04-26T23:32:46.253+0000] {processor.py:840} INFO - DAG(s) 'tutorial_taskflow_api_virtualenv' retrieved from /home/airflow/.local/lib/python3.12/site-packages/airflow/example_dags/tutorial_taskflow_api_virtualenv.py
[2026-04-26T23:32:46.266+0000] {logging_mixin.py:188} INFO - [2026-04-26T23:32:46.266+0000] {dag.py:3096} INFO - Sync 1 DAGs
[2026-04-26T23:32:46.275+0000] {logging_mixin.py:188} INFO - [2026-04-26T23:32:46.275+0000] {dag.py:3954} INFO - Setting next_dagrun for tutorial_taskflow_api_virtualenv to None, run_after=None
[2026-04-26T23:32:46.287+0000] {processor.py:183} INFO - Processing /home/airflow/.local/lib/python3.12/site-packages/airflow/example_dags/tutorial_taskflow_api_virtualenv.py took 0.048 seconds
[2026-04-26T23:33:16.327+0000] {processor.py:161} INFO - Started process (PID=2973) to work on /home/airflow/.local/lib/python3.12/site-packages/airflow/example_dags/tutorial_taskflow_api_virtualenv.py
[2026-04-26T23:33:16.327+0000] {processor.py:830} INFO - Processing file /home/airflow/.local/lib/python3.12/site-packages/airflow/example_dags/tutorial_taskflow_api_virtualenv.py for tasks to queue
[2026-04-26T23:33:16.328+0000] {logging_mixin.py:188} INFO - [2026-04-26T23:33:16.328+0000] {dagbag.py:545} INFO - Filling up the DagBag from /home/airflow/.local/lib/python3.12/site-packages/airflow/example_dags/tutorial_taskflow_api_virtualenv.py
[2026-04-26T23:33:16.335+0000] {processor.py:840} INFO - DAG(s) 'tutorial_taskflow_api_virtualenv' retrieved from /home/airflow/.local/lib/python3.12/site-packages/airflow/example_dags/tutorial_taskflow_api_virtualenv.py
[2026-04-26T23:33:16.347+0000] {logging_mixin.py:188} INFO - [2026-04-26T23:33:16.347+0000] {dag.py:3096} INFO - Sync 1 DAGs
[2026-04-26T23:33:16.355+0000] {logging_mixin.py:188} INFO - [2026-04-26T23:33:16.355+0000] {dag.py:3954} INFO - Setting next_dagrun for tutorial_taskflow_api_virtualenv to None, run_after=None
[2026-04-26T23:33:16.367+0000] {processor.py:183} INFO - Processing /home/airflow/.local/lib/python3.12/site-packages/airflow/example_dags/tutorial_taskflow_api_virtualenv.py took 0.043 seconds
[2026-04-26T23:33:47.312+0000] {processor.py:161} INFO - Started process (PID=3037) to work on /home/airflow/.local/lib/python3.12/site-packages/airflow/example_dags/tutorial_taskflow_api_virtualenv.py
[2026-04-26T23:33:47.313+0000] {processor.py:830} INFO - Processing file /home/airflow/.local/lib/python3.12/site-packages/airflow/example_dags/tutorial_taskflow_api_virtualenv.py for tasks to queue
[2026-04-26T23:33:47.314+0000] {logging_mixin.py:188} INFO - [2026-04-26T23:33:47.314+0000] {dagbag.py:545} INFO - Filling up the DagBag from /home/airflow/.local/lib/python3.12/site-packages/airflow/example_dags/tutorial_taskflow_api_virtualenv.py
[2026-04-26T23:33:47.320+0000] {processor.py:840} INFO - DAG(s) 'tutorial_taskflow_api_virtualenv' retrieved from /home/airflow/.local/lib/python3.12/site-packages/airflow/example_dags/tutorial_taskflow_api_virtualenv.py
[2026-04-26T23:33:47.332+0000] {logging_mixin.py:188} INFO - [2026-04-26T23:33:47.331+0000] {dag.py:3096} INFO - Sync 1 DAGs
[2026-04-26T23:33:47.338+0000] {logging_mixin.py:188} INFO - [2026-04-26T23:33:47.338+0000] {dag.py:3954} INFO - Setting next_dagrun for tutorial_taskflow_api_virtualenv to None, run_after=None
[2026-04-26T23:33:47.348+0000] {processor.py:183} INFO - Processing /home/airflow/.local/lib/python3.12/site-packages/airflow/example_dags/tutorial_taskflow_api_virtualenv.py took 0.040 seconds
[2026-04-26T23:34:17.480+0000] {processor.py:161} INFO - Started process (PID=3096) to work on /home/airflow/.local/lib/python3.12/site-packages/airflow/example_dags/tutorial_taskflow_api_virtualenv.py
[2026-04-26T23:34:17.481+0000] {processor.py:830} INFO - Processing file /home/airflow/.local/lib/python3.12/site-packages/airflow/example_dags/tutorial_taskflow_api_virtualenv.py for tasks to queue
[2026-04-26T23:34:17.482+0000] {logging_mixin.py:188} INFO - [2026-04-26T23:34:17.481+0000] {dagbag.py:545} INFO - Filling up the DagBag from /home/airflow/.local/lib/python3.12/site-packages/airflow/example_dags/tutorial_taskflow_api_virtualenv.py
[2026-04-26T23:34:17.488+0000] {processor.py:840} INFO - DAG(s) 'tutorial_taskflow_api_virtualenv' retrieved from /home/airflow/.local/lib/python3.12/site-packages/airflow/example_dags/tutorial_taskflow_api_virtualenv.py
[2026-04-26T23:34:17.499+0000] {logging_mixin.py:188} INFO - [2026-04-26T23:34:17.499+0000] {dag.py:3096} INFO - Sync 1 DAGs
[2026-04-26T23:34:17.506+0000] {logging_mixin.py:188} INFO - [2026-04-26T23:34:17.506+0000] {dag.py:3954} INFO - Setting next_dagrun for tutorial_taskflow_api_virtualenv to None, run_after=None
[2026-04-26T23:34:17.515+0000] {processor.py:183} INFO - Processing /home/airflow/.local/lib/python3.12/site-packages/airflow/example_dags/tutorial_taskflow_api_virtualenv.py took 0.038 seconds
[2026-04-26T23:34:47.560+0000] {processor.py:161} INFO - Started process (PID=3155) to work on /home/airflow/.local/lib/python3.12/site-packages/airflow/example_dags/tutorial_taskflow_api_virtualenv.py
[2026-04-26T23:34:47.561+0000] {processor.py:830} INFO - Processing file /home/airflow/.local/lib/python3.12/site-packages/airflow/example_dags/tutorial_taskflow_api_virtualenv.py for tasks to queue
[2026-04-26T23:34:47.562+0000] {logging_mixin.py:188} INFO - [2026-04-26T23:34:47.561+0000] {dagbag.py:545} INFO - Filling up the DagBag from /home/airflow/.local/lib/python3.12/site-packages/airflow/example_dags/tutorial_taskflow_api_virtualenv.py
[2026-04-26T23:34:47.568+0000] {processor.py:840} INFO - DAG(s) 'tutorial_taskflow_api_virtualenv' retrieved from /home/airflow/.local/lib/python3.12/site-packages/airflow/example_dags/tutorial_taskflow_api_virtualenv.py
[2026-04-26T23:34:47.580+0000] {logging_mixin.py:188} INFO - [2026-04-26T23:34:47.580+0000] {dag.py:3096} INFO - Sync 1 DAGs
[2026-04-26T23:34:47.587+0000] {logging_mixin.py:188} INFO - [2026-04-26T23:34:47.587+0000] {dag.py:3954} INFO - Setting next_dagrun for tutorial_taskflow_api_virtualenv to None, run_after=None
[2026-04-26T23:34:47.597+0000] {processor.py:183} INFO - Processing /home/airflow/.local/lib/python3.12/site-packages/airflow/example_dags/tutorial_taskflow_api_virtualenv.py took 0.041 seconds
[2026-04-26T23:35:18.201+0000] {processor.py:161} INFO - Started process (PID=3214) to work on /home/airflow/.local/lib/python3.12/site-packages/airflow/example_dags/tutorial_taskflow_api_virtualenv.py
[2026-04-26T23:35:18.202+0000] {processor.py:830} INFO - Processing file /home/airflow/.local/lib/python3.12/site-packages/airflow/example_dags/tutorial_taskflow_api_virtualenv.py for tasks to queue
[2026-04-26T23:35:18.203+0000] {logging_mixin.py:188} INFO - [2026-04-26T23:35:18.203+0000] {dagbag.py:545} INFO - Filling up the DagBag from /home/airflow/.local/lib/python3.12/site-packages/airflow/example_dags/tutorial_taskflow_api_virtualenv.py
[2026-04-26T23:35:18.210+0000] {processor.py:840} INFO - DAG(s) 'tutorial_taskflow_api_virtualenv' retrieved from /home/airflow/.local/lib/python3.12/site-packages/airflow/example_dags/tutorial_taskflow_api_virtualenv.py
[2026-04-26T23:35:18.221+0000] {logging_mixin.py:188} INFO - [2026-04-26T23:35:18.221+0000] {dag.py:3096} INFO - Sync 1 DAGs
[2026-04-26T23:35:18.228+0000] {logging_mixin.py:188} INFO - [2026-04-26T23:35:18.228+0000] {dag.py:3954} INFO - Setting next_dagrun for tutorial_taskflow_api_virtualenv to None, run_after=None
[2026-04-26T23:35:18.238+0000] {processor.py:183} INFO - Processing /home/airflow/.local/lib/python3.12/site-packages/airflow/example_dags/tutorial_taskflow_api_virtualenv.py took 0.040 seconds
[2026-04-26T23:35:49.005+0000] {processor.py:161} INFO - Started process (PID=3273) to work on /home/airflow/.local/lib/python3.12/site-packages/airflow/example_dags/tutorial_taskflow_api_virtualenv.py
[2026-04-26T23:35:49.006+0000] {processor.py:830} INFO - Processing file /home/airflow/.local/lib/python3.12/site-packages/airflow/example_dags/tutorial_taskflow_api_virtualenv.py for tasks to queue
[2026-04-26T23:35:49.007+0000] {logging_mixin.py:188} INFO - [2026-04-26T23:35:49.006+0000] {dagbag.py:545} INFO - Filling up the DagBag from /home/airflow/.local/lib/python3.12/site-packages/airflow/example_dags/tutorial_taskflow_api_virtualenv.py
[2026-04-26T23:35:49.013+0000] {processor.py:840} INFO - DAG(s) 'tutorial_taskflow_api_virtualenv' retrieved from /home/airflow/.local/lib/python3.12/site-packages/airflow/example_dags/tutorial_taskflow_api_virtualenv.py
[2026-04-26T23:35:49.025+0000] {logging_mixin.py:188} INFO - [2026-04-26T23:35:49.025+0000] {dag.py:3096} INFO - Sync 1 DAGs
[2026-04-26T23:35:49.033+0000] {logging_mixin.py:188} INFO - [2026-04-26T23:35:49.033+0000] {dag.py:3954} INFO - Setting next_dagrun for tutorial_taskflow_api_virtualenv to None, run_after=None
[2026-04-26T23:35:49.044+0000] {processor.py:183} INFO - Processing /home/airflow/.local/lib/python3.12/site-packages/airflow/example_dags/tutorial_taskflow_api_virtualenv.py took 0.043 seconds
[2026-04-26T23:36:19.648+0000] {processor.py:161} INFO - Started process (PID=3332) to work on /home/airflow/.local/lib/python3.12/site-packages/airflow/example_dags/tutorial_taskflow_api_virtualenv.py
[2026-04-26T23:36:19.648+0000] {processor.py:830} INFO - Processing file /home/airflow/.local/lib/python3.12/site-packages/airflow/example_dags/tutorial_taskflow_api_virtualenv.py for tasks to queue
[2026-04-26T23:36:19.649+0000] {logging_mixin.py:188} INFO - [2026-04-26T23:36:19.649+0000] {dagbag.py:545} INFO - Filling up the DagBag from /home/airflow/.local/lib/python3.12/site-packages/airflow/example_dags/tutorial_taskflow_api_virtualenv.py
[2026-04-26T23:36:19.655+0000] {processor.py:840} INFO - DAG(s) 'tutorial_taskflow_api_virtualenv' retrieved from /home/airflow/.local/lib/python3.12/site-packages/airflow/example_dags/tutorial_taskflow_api_virtualenv.py
[2026-04-26T23:36:19.668+0000] {logging_mixin.py:188} INFO - [2026-04-26T23:36:19.668+0000] {dag.py:3096} INFO - Sync 1 DAGs
[2026-04-26T23:36:19.675+0000] {logging_mixin.py:188} INFO - [2026-04-26T23:36:19.675+0000] {dag.py:3954} INFO - Setting next_dagrun for tutorial_taskflow_api_virtualenv to None, run_after=None
[2026-04-26T23:36:19.686+0000] {processor.py:183} INFO - Processing /home/airflow/.local/lib/python3.12/site-packages/airflow/example_dags/tutorial_taskflow_api_virtualenv.py took 0.041 seconds
[2026-04-26T23:36:50.379+0000] {processor.py:161} INFO - Started process (PID=3391) to work on /home/airflow/.local/lib/python3.12/site-packages/airflow/example_dags/tutorial_taskflow_api_virtualenv.py
[2026-04-26T23:36:50.379+0000] {processor.py:830} INFO - Processing file /home/airflow/.local/lib/python3.12/site-packages/airflow/example_dags/tutorial_taskflow_api_virtualenv.py for tasks to queue
[2026-04-26T23:36:50.380+0000] {logging_mixin.py:188} INFO - [2026-04-26T23:36:50.380+0000] {dagbag.py:545} INFO - Filling up the DagBag from /home/airflow/.local/lib/python3.12/site-packages/airflow/example_dags/tutorial_taskflow_api_virtualenv.py
[2026-04-26T23:36:50.386+0000] {processor.py:840} INFO - DAG(s) 'tutorial_taskflow_api_virtualenv' retrieved from /home/airflow/.local/lib/python3.12/site-packages/airflow/example_dags/tutorial_taskflow_api_virtualenv.py
[2026-04-26T23:36:50.397+0000] {logging_mixin.py:188} INFO - [2026-04-26T23:36:50.397+0000] {dag.py:3096} INFO - Sync 1 DAGs
[2026-04-26T23:36:50.404+0000] {logging_mixin.py:188} INFO - [2026-04-26T23:36:50.404+0000] {dag.py:3954} INFO - Setting next_dagrun for tutorial_taskflow_api_virtualenv to None, run_after=None
[2026-04-26T23:36:50.414+0000] {processor.py:183} INFO - Processing /home/airflow/.local/lib/python3.12/site-packages/airflow/example_dags/tutorial_taskflow_api_virtualenv.py took 0.039 seconds
[2026-04-26T23:37:21.123+0000] {processor.py:161} INFO - Started process (PID=3456) to work on /home/airflow/.local/lib/python3.12/site-packages/airflow/example_dags/tutorial_taskflow_api_virtualenv.py
[2026-04-26T23:37:21.124+0000] {processor.py:830} INFO - Processing file /home/airflow/.local/lib/python3.12/site-packages/airflow/example_dags/tutorial_taskflow_api_virtualenv.py for tasks to queue
[2026-04-26T23:37:21.125+0000] {logging_mixin.py:188} INFO - [2026-04-26T23:37:21.125+0000] {dagbag.py:545} INFO - Filling up the DagBag from /home/airflow/.local/lib/python3.12/site-packages/airflow/example_dags/tutorial_taskflow_api_virtualenv.py
[2026-04-26T23:37:21.132+0000] {processor.py:840} INFO - DAG(s) 'tutorial_taskflow_api_virtualenv' retrieved from /home/airflow/.local/lib/python3.12/site-packages/airflow/example_dags/tutorial_taskflow_api_virtualenv.py
[2026-04-26T23:37:21.145+0000] {logging_mixin.py:188} INFO - [2026-04-26T23:37:21.145+0000] {dag.py:3096} INFO - Sync 1 DAGs
[2026-04-26T23:37:21.153+0000] {logging_mixin.py:188} INFO - [2026-04-26T23:37:21.153+0000] {dag.py:3954} INFO - Setting next_dagrun for tutorial_taskflow_api_virtualenv to None, run_after=None
[2026-04-26T23:37:21.164+0000] {processor.py:183} INFO - Processing /home/airflow/.local/lib/python3.12/site-packages/airflow/example_dags/tutorial_taskflow_api_virtualenv.py took 0.045 seconds
[2026-04-26T23:37:51.878+0000] {processor.py:161} INFO - Started process (PID=3515) to work on /home/airflow/.local/lib/python3.12/site-packages/airflow/example_dags/tutorial_taskflow_api_virtualenv.py
[2026-04-26T23:37:51.879+0000] {processor.py:830} INFO - Processing file /home/airflow/.local/lib/python3.12/site-packages/airflow/example_dags/tutorial_taskflow_api_virtualenv.py for tasks to queue
[2026-04-26T23:37:51.880+0000] {logging_mixin.py:188} INFO - [2026-04-26T23:37:51.880+0000] {dagbag.py:545} INFO - Filling up the DagBag from /home/airflow/.local/lib/python3.12/site-packages/airflow/example_dags/tutorial_taskflow_api_virtualenv.py
[2026-04-26T23:37:51.886+0000] {processor.py:840} INFO - DAG(s) 'tutorial_taskflow_api_virtualenv' retrieved from /home/airflow/.local/lib/python3.12/site-packages/airflow/example_dags/tutorial_taskflow_api_virtualenv.py
[2026-04-26T23:37:51.899+0000] {logging_mixin.py:188} INFO - [2026-04-26T23:37:51.898+0000] {dag.py:3096} INFO - Sync 1 DAGs
[2026-04-26T23:37:51.906+0000] {logging_mixin.py:188} INFO - [2026-04-26T23:37:51.906+0000] {dag.py:3954} INFO - Setting next_dagrun for tutorial_taskflow_api_virtualenv to None, run_after=None
[2026-04-26T23:37:51.917+0000] {processor.py:183} INFO - Processing /home/airflow/.local/lib/python3.12/site-packages/airflow/example_dags/tutorial_taskflow_api_virtualenv.py took 0.042 seconds
[2026-04-26T23:38:22.650+0000] {processor.py:161} INFO - Started process (PID=3574) to work on /home/airflow/.local/lib/python3.12/site-packages/airflow/example_dags/tutorial_taskflow_api_virtualenv.py
[2026-04-26T23:38:22.651+0000] {processor.py:830} INFO - Processing file /home/airflow/.local/lib/python3.12/site-packages/airflow/example_dags/tutorial_taskflow_api_virtualenv.py for tasks to queue
[2026-04-26T23:38:22.652+0000] {logging_mixin.py:188} INFO - [2026-04-26T23:38:22.652+0000] {dagbag.py:545} INFO - Filling up the DagBag from /home/airflow/.local/lib/python3.12/site-packages/airflow/example_dags/tutorial_taskflow_api_virtualenv.py
[2026-04-26T23:38:22.658+0000] {processor.py:840} INFO - DAG(s) 'tutorial_taskflow_api_virtualenv' retrieved from /home/airflow/.local/lib/python3.12/site-packages/airflow/example_dags/tutorial_taskflow_api_virtualenv.py
[2026-04-26T23:38:22.669+0000] {logging_mixin.py:188} INFO - [2026-04-26T23:38:22.669+0000] {dag.py:3096} INFO - Sync 1 DAGs
[2026-04-26T23:38:22.676+0000] {logging_mixin.py:188} INFO - [2026-04-26T23:38:22.676+0000] {dag.py:3954} INFO - Setting next_dagrun for tutorial_taskflow_api_virtualenv to None, run_after=None
[2026-04-26T23:38:22.686+0000] {processor.py:183} INFO - Processing /home/airflow/.local/lib/python3.12/site-packages/airflow/example_dags/tutorial_taskflow_api_virtualenv.py took 0.039 seconds
[2026-04-26T23:38:47.629+0000] {processor.py:161} INFO - Started process (PID=116) to work on /home/airflow/.local/lib/python3.12/site-packages/airflow/example_dags/tutorial_taskflow_api_virtualenv.py
[2026-04-26T23:38:47.629+0000] {processor.py:830} INFO - Processing file /home/airflow/.local/lib/python3.12/site-packages/airflow/example_dags/tutorial_taskflow_api_virtualenv.py for tasks to queue
[2026-04-26T23:38:47.630+0000] {logging_mixin.py:188} INFO - [2026-04-26T23:38:47.630+0000] {dagbag.py:545} INFO - Filling up the DagBag from /home/airflow/.local/lib/python3.12/site-packages/airflow/example_dags/tutorial_taskflow_api_virtualenv.py
[2026-04-26T23:38:47.638+0000] {processor.py:840} INFO - DAG(s) 'tutorial_taskflow_api_virtualenv' retrieved from /home/airflow/.local/lib/python3.12/site-packages/airflow/example_dags/tutorial_taskflow_api_virtualenv.py
[2026-04-26T23:38:47.648+0000] {logging_mixin.py:188} INFO - [2026-04-26T23:38:47.646+0000] {dag.py:3096} INFO - Sync 1 DAGs
[2026-04-26T23:38:47.657+0000] {logging_mixin.py:188} INFO - [2026-04-26T23:38:47.656+0000] {dag.py:3954} INFO - Setting next_dagrun for tutorial_taskflow_api_virtualenv to None, run_after=None
[2026-04-26T23:38:47.670+0000] {processor.py:183} INFO - Processing /home/airflow/.local/lib/python3.12/site-packages/airflow/example_dags/tutorial_taskflow_api_virtualenv.py took 0.045 seconds
[2026-04-26T23:39:19.139+0000] {processor.py:161} INFO - Started process (PID=175) to work on /home/airflow/.local/lib/python3.12/site-packages/airflow/example_dags/tutorial_taskflow_api_virtualenv.py
[2026-04-26T23:39:19.140+0000] {processor.py:830} INFO - Processing file /home/airflow/.local/lib/python3.12/site-packages/airflow/example_dags/tutorial_taskflow_api_virtualenv.py for tasks to queue
[2026-04-26T23:39:19.141+0000] {logging_mixin.py:188} INFO - [2026-04-26T23:39:19.141+0000] {dagbag.py:545} INFO - Filling up the DagBag from /home/airflow/.local/lib/python3.12/site-packages/airflow/example_dags/tutorial_taskflow_api_virtualenv.py
[2026-04-26T23:39:19.146+0000] {processor.py:840} INFO - DAG(s) 'tutorial_taskflow_api_virtualenv' retrieved from /home/airflow/.local/lib/python3.12/site-packages/airflow/example_dags/tutorial_taskflow_api_virtualenv.py
[2026-04-26T23:39:19.200+0000] {logging_mixin.py:188} INFO - [2026-04-26T23:39:19.200+0000] {dag.py:3096} INFO - Sync 1 DAGs
[2026-04-26T23:39:19.206+0000] {logging_mixin.py:188} INFO - [2026-04-26T23:39:19.206+0000] {dag.py:3954} INFO - Setting next_dagrun for tutorial_taskflow_api_virtualenv to None, run_after=None
[2026-04-26T23:39:19.236+0000] {processor.py:183} INFO - Processing /home/airflow/.local/lib/python3.12/site-packages/airflow/example_dags/tutorial_taskflow_api_virtualenv.py took 0.100 seconds
[2026-04-26T23:39:49.972+0000] {processor.py:161} INFO - Started process (PID=234) to work on /home/airflow/.local/lib/python3.12/site-packages/airflow/example_dags/tutorial_taskflow_api_virtualenv.py
[2026-04-26T23:39:49.972+0000] {processor.py:830} INFO - Processing file /home/airflow/.local/lib/python3.12/site-packages/airflow/example_dags/tutorial_taskflow_api_virtualenv.py for tasks to queue
[2026-04-26T23:39:49.973+0000] {logging_mixin.py:188} INFO - [2026-04-26T23:39:49.973+0000] {dagbag.py:545} INFO - Filling up the DagBag from /home/airflow/.local/lib/python3.12/site-packages/airflow/example_dags/tutorial_taskflow_api_virtualenv.py
[2026-04-26T23:39:49.978+0000] {processor.py:840} INFO - DAG(s) 'tutorial_taskflow_api_virtualenv' retrieved from /home/airflow/.local/lib/python3.12/site-packages/airflow/example_dags/tutorial_taskflow_api_virtualenv.py
[2026-04-26T23:39:49.989+0000] {logging_mixin.py:188} INFO - [2026-04-26T23:39:49.989+0000] {dag.py:3096} INFO - Sync 1 DAGs
[2026-04-26T23:39:49.995+0000] {logging_mixin.py:188} INFO - [2026-04-26T23:39:49.995+0000] {dag.py:3954} INFO - Setting next_dagrun for tutorial_taskflow_api_virtualenv to None, run_after=None
[2026-04-26T23:39:50.003+0000] {processor.py:183} INFO - Processing /home/airflow/.local/lib/python3.12/site-packages/airflow/example_dags/tutorial_taskflow_api_virtualenv.py took 0.035 seconds
[2026-04-26T23:40:20.761+0000] {processor.py:161} INFO - Started process (PID=293) to work on /home/airflow/.local/lib/python3.12/site-packages/airflow/example_dags/tutorial_taskflow_api_virtualenv.py
[2026-04-26T23:40:20.762+0000] {processor.py:830} INFO - Processing file /home/airflow/.local/lib/python3.12/site-packages/airflow/example_dags/tutorial_taskflow_api_virtualenv.py for tasks to queue
[2026-04-26T23:40:20.762+0000] {logging_mixin.py:188} INFO - [2026-04-26T23:40:20.762+0000] {dagbag.py:545} INFO - Filling up the DagBag from /home/airflow/.local/lib/python3.12/site-packages/airflow/example_dags/tutorial_taskflow_api_virtualenv.py
[2026-04-26T23:40:20.768+0000] {processor.py:840} INFO - DAG(s) 'tutorial_taskflow_api_virtualenv' retrieved from /home/airflow/.local/lib/python3.12/site-packages/airflow/example_dags/tutorial_taskflow_api_virtualenv.py
[2026-04-26T23:40:20.778+0000] {logging_mixin.py:188} INFO - [2026-04-26T23:40:20.778+0000] {dag.py:3096} INFO - Sync 1 DAGs
[2026-04-26T23:40:20.784+0000] {logging_mixin.py:188} INFO - [2026-04-26T23:40:20.784+0000] {dag.py:3954} INFO - Setting next_dagrun for tutorial_taskflow_api_virtualenv to None, run_after=None
[2026-04-26T23:40:20.792+0000] {processor.py:183} INFO - Processing /home/airflow/.local/lib/python3.12/site-packages/airflow/example_dags/tutorial_taskflow_api_virtualenv.py took 0.035 seconds
[2026-04-26T23:40:50.941+0000] {processor.py:161} INFO - Started process (PID=352) to work on /home/airflow/.local/lib/python3.12/site-packages/airflow/example_dags/tutorial_taskflow_api_virtualenv.py
[2026-04-26T23:40:50.942+0000] {processor.py:830} INFO - Processing file /home/airflow/.local/lib/python3.12/site-packages/airflow/example_dags/tutorial_taskflow_api_virtualenv.py for tasks to queue
[2026-04-26T23:40:50.943+0000] {logging_mixin.py:188} INFO - [2026-04-26T23:40:50.942+0000] {dagbag.py:545} INFO - Filling up the DagBag from /home/airflow/.local/lib/python3.12/site-packages/airflow/example_dags/tutorial_taskflow_api_virtualenv.py
[2026-04-26T23:40:50.949+0000] {processor.py:840} INFO - DAG(s) 'tutorial_taskflow_api_virtualenv' retrieved from /home/airflow/.local/lib/python3.12/site-packages/airflow/example_dags/tutorial_taskflow_api_virtualenv.py
[2026-04-26T23:40:50.959+0000] {logging_mixin.py:188} INFO - [2026-04-26T23:40:50.959+0000] {dag.py:3096} INFO - Sync 1 DAGs
[2026-04-26T23:40:50.965+0000] {logging_mixin.py:188} INFO - [2026-04-26T23:40:50.965+0000] {dag.py:3954} INFO - Setting next_dagrun for tutorial_taskflow_api_virtualenv to None, run_after=None
[2026-04-26T23:40:50.973+0000] {processor.py:183} INFO - Processing /home/airflow/.local/lib/python3.12/site-packages/airflow/example_dags/tutorial_taskflow_api_virtualenv.py took 0.035 seconds
[2026-04-26T23:41:21.801+0000] {processor.py:161} INFO - Started process (PID=411) to work on /home/airflow/.local/lib/python3.12/site-packages/airflow/example_dags/tutorial_taskflow_api_virtualenv.py
[2026-04-26T23:41:21.801+0000] {processor.py:830} INFO - Processing file /home/airflow/.local/lib/python3.12/site-packages/airflow/example_dags/tutorial_taskflow_api_virtualenv.py for tasks to queue
[2026-04-26T23:41:21.802+0000] {logging_mixin.py:188} INFO - [2026-04-26T23:41:21.802+0000] {dagbag.py:545} INFO - Filling up the DagBag from /home/airflow/.local/lib/python3.12/site-packages/airflow/example_dags/tutorial_taskflow_api_virtualenv.py
[2026-04-26T23:41:21.810+0000] {processor.py:840} INFO - DAG(s) 'tutorial_taskflow_api_virtualenv' retrieved from /home/airflow/.local/lib/python3.12/site-packages/airflow/example_dags/tutorial_taskflow_api_virtualenv.py
[2026-04-26T23:41:21.825+0000] {logging_mixin.py:188} INFO - [2026-04-26T23:41:21.825+0000] {dag.py:3096} INFO - Sync 1 DAGs
[2026-04-26T23:41:21.834+0000] {logging_mixin.py:188} INFO - [2026-04-26T23:41:21.833+0000] {dag.py:3954} INFO - Setting next_dagrun for tutorial_taskflow_api_virtualenv to None, run_after=None
[2026-04-26T23:41:21.845+0000] {processor.py:183} INFO - Processing /home/airflow/.local/lib/python3.12/site-packages/airflow/example_dags/tutorial_taskflow_api_virtualenv.py took 0.049 seconds
[2026-04-26T23:41:51.976+0000] {processor.py:161} INFO - Started process (PID=470) to work on /home/airflow/.local/lib/python3.12/site-packages/airflow/example_dags/tutorial_taskflow_api_virtualenv.py
[2026-04-26T23:41:51.977+0000] {processor.py:830} INFO - Processing file /home/airflow/.local/lib/python3.12/site-packages/airflow/example_dags/tutorial_taskflow_api_virtualenv.py for tasks to queue
[2026-04-26T23:41:51.978+0000] {logging_mixin.py:188} INFO - [2026-04-26T23:41:51.978+0000] {dagbag.py:545} INFO - Filling up the DagBag from /home/airflow/.local/lib/python3.12/site-packages/airflow/example_dags/tutorial_taskflow_api_virtualenv.py
[2026-04-26T23:41:51.984+0000] {processor.py:840} INFO - DAG(s) 'tutorial_taskflow_api_virtualenv' retrieved from /home/airflow/.local/lib/python3.12/site-packages/airflow/example_dags/tutorial_taskflow_api_virtualenv.py
[2026-04-26T23:41:51.995+0000] {logging_mixin.py:188} INFO - [2026-04-26T23:41:51.995+0000] {dag.py:3096} INFO - Sync 1 DAGs
[2026-04-26T23:41:52.003+0000] {logging_mixin.py:188} INFO - [2026-04-26T23:41:52.003+0000] {dag.py:3954} INFO - Setting next_dagrun for tutorial_taskflow_api_virtualenv to None, run_after=None
[2026-04-26T23:41:52.012+0000] {processor.py:183} INFO - Processing /home/airflow/.local/lib/python3.12/site-packages/airflow/example_dags/tutorial_taskflow_api_virtualenv.py took 0.039 seconds
[2026-04-26T23:42:22.145+0000] {processor.py:161} INFO - Started process (PID=529) to work on /home/airflow/.local/lib/python3.12/site-packages/airflow/example_dags/tutorial_taskflow_api_virtualenv.py
[2026-04-26T23:42:22.146+0000] {processor.py:830} INFO - Processing file /home/airflow/.local/lib/python3.12/site-packages/airflow/example_dags/tutorial_taskflow_api_virtualenv.py for tasks to queue
[2026-04-26T23:42:22.147+0000] {logging_mixin.py:188} INFO - [2026-04-26T23:42:22.147+0000] {dagbag.py:545} INFO - Filling up the DagBag from /home/airflow/.local/lib/python3.12/site-packages/airflow/example_dags/tutorial_taskflow_api_virtualenv.py
[2026-04-26T23:42:22.154+0000] {processor.py:840} INFO - DAG(s) 'tutorial_taskflow_api_virtualenv' retrieved from /home/airflow/.local/lib/python3.12/site-packages/airflow/example_dags/tutorial_taskflow_api_virtualenv.py
[2026-04-26T23:42:22.166+0000] {logging_mixin.py:188} INFO - [2026-04-26T23:42:22.166+0000] {dag.py:3096} INFO - Sync 1 DAGs
[2026-04-26T23:42:22.173+0000] {logging_mixin.py:188} INFO - [2026-04-26T23:42:22.173+0000] {dag.py:3954} INFO - Setting next_dagrun for tutorial_taskflow_api_virtualenv to None, run_after=None
[2026-04-26T23:42:22.182+0000] {processor.py:183} INFO - Processing /home/airflow/.local/lib/python3.12/site-packages/airflow/example_dags/tutorial_taskflow_api_virtualenv.py took 0.041 seconds
[2026-04-26T23:43:22.235+0000] {processor.py:161} INFO - Started process (PID=116) to work on /home/airflow/.local/lib/python3.12/site-packages/airflow/example_dags/tutorial_taskflow_api_virtualenv.py
[2026-04-26T23:43:22.236+0000] {processor.py:830} INFO - Processing file /home/airflow/.local/lib/python3.12/site-packages/airflow/example_dags/tutorial_taskflow_api_virtualenv.py for tasks to queue
[2026-04-26T23:43:22.237+0000] {logging_mixin.py:188} INFO - [2026-04-26T23:43:22.237+0000] {dagbag.py:545} INFO - Filling up the DagBag from /home/airflow/.local/lib/python3.12/site-packages/airflow/example_dags/tutorial_taskflow_api_virtualenv.py
[2026-04-26T23:43:22.244+0000] {processor.py:840} INFO - DAG(s) 'tutorial_taskflow_api_virtualenv' retrieved from /home/airflow/.local/lib/python3.12/site-packages/airflow/example_dags/tutorial_taskflow_api_virtualenv.py
[2026-04-26T23:43:22.251+0000] {logging_mixin.py:188} INFO - [2026-04-26T23:43:22.251+0000] {dag.py:3096} INFO - Sync 1 DAGs
[2026-04-26T23:43:22.260+0000] {logging_mixin.py:188} INFO - [2026-04-26T23:43:22.260+0000] {dag.py:3954} INFO - Setting next_dagrun for tutorial_taskflow_api_virtualenv to None, run_after=None
[2026-04-26T23:43:22.269+0000] {processor.py:183} INFO - Processing /home/airflow/.local/lib/python3.12/site-packages/airflow/example_dags/tutorial_taskflow_api_virtualenv.py took 0.038 seconds
[2026-04-26T23:43:54.303+0000] {processor.py:161} INFO - Started process (PID=175) to work on /home/airflow/.local/lib/python3.12/site-packages/airflow/example_dags/tutorial_taskflow_api_virtualenv.py
[2026-04-26T23:43:54.303+0000] {processor.py:830} INFO - Processing file /home/airflow/.local/lib/python3.12/site-packages/airflow/example_dags/tutorial_taskflow_api_virtualenv.py for tasks to queue
[2026-04-26T23:43:54.304+0000] {logging_mixin.py:188} INFO - [2026-04-26T23:43:54.304+0000] {dagbag.py:545} INFO - Filling up the DagBag from /home/airflow/.local/lib/python3.12/site-packages/airflow/example_dags/tutorial_taskflow_api_virtualenv.py
[2026-04-26T23:43:54.310+0000] {processor.py:840} INFO - DAG(s) 'tutorial_taskflow_api_virtualenv' retrieved from /home/airflow/.local/lib/python3.12/site-packages/airflow/example_dags/tutorial_taskflow_api_virtualenv.py
[2026-04-26T23:43:54.365+0000] {logging_mixin.py:188} INFO - [2026-04-26T23:43:54.365+0000] {dag.py:3096} INFO - Sync 1 DAGs
[2026-04-26T23:43:54.371+0000] {logging_mixin.py:188} INFO - [2026-04-26T23:43:54.371+0000] {dag.py:3954} INFO - Setting next_dagrun for tutorial_taskflow_api_virtualenv to None, run_after=None
[2026-04-26T23:43:54.407+0000] {processor.py:183} INFO - Processing /home/airflow/.local/lib/python3.12/site-packages/airflow/example_dags/tutorial_taskflow_api_virtualenv.py took 0.108 seconds
[2026-04-26T23:44:25.246+0000] {processor.py:161} INFO - Started process (PID=234) to work on /home/airflow/.local/lib/python3.12/site-packages/airflow/example_dags/tutorial_taskflow_api_virtualenv.py
[2026-04-26T23:44:25.247+0000] {processor.py:830} INFO - Processing file /home/airflow/.local/lib/python3.12/site-packages/airflow/example_dags/tutorial_taskflow_api_virtualenv.py for tasks to queue
[2026-04-26T23:44:25.248+0000] {logging_mixin.py:188} INFO - [2026-04-26T23:44:25.248+0000] {dagbag.py:545} INFO - Filling up the DagBag from /home/airflow/.local/lib/python3.12/site-packages/airflow/example_dags/tutorial_taskflow_api_virtualenv.py
[2026-04-26T23:44:25.254+0000] {processor.py:840} INFO - DAG(s) 'tutorial_taskflow_api_virtualenv' retrieved from /home/airflow/.local/lib/python3.12/site-packages/airflow/example_dags/tutorial_taskflow_api_virtualenv.py
[2026-04-26T23:44:25.266+0000] {logging_mixin.py:188} INFO - [2026-04-26T23:44:25.265+0000] {dag.py:3096} INFO - Sync 1 DAGs
[2026-04-26T23:44:25.273+0000] {logging_mixin.py:188} INFO - [2026-04-26T23:44:25.272+0000] {dag.py:3954} INFO - Setting next_dagrun for tutorial_taskflow_api_virtualenv to None, run_after=None
[2026-04-26T23:44:25.283+0000] {processor.py:183} INFO - Processing /home/airflow/.local/lib/python3.12/site-packages/airflow/example_dags/tutorial_taskflow_api_virtualenv.py took 0.040 seconds
[2026-04-26T23:44:55.380+0000] {processor.py:161} INFO - Started process (PID=293) to work on /home/airflow/.local/lib/python3.12/site-packages/airflow/example_dags/tutorial_taskflow_api_virtualenv.py
[2026-04-26T23:44:55.381+0000] {processor.py:830} INFO - Processing file /home/airflow/.local/lib/python3.12/site-packages/airflow/example_dags/tutorial_taskflow_api_virtualenv.py for tasks to queue
[2026-04-26T23:44:55.382+0000] {logging_mixin.py:188} INFO - [2026-04-26T23:44:55.382+0000] {dagbag.py:545} INFO - Filling up the DagBag from /home/airflow/.local/lib/python3.12/site-packages/airflow/example_dags/tutorial_taskflow_api_virtualenv.py
[2026-04-26T23:44:55.388+0000] {processor.py:840} INFO - DAG(s) 'tutorial_taskflow_api_virtualenv' retrieved from /home/airflow/.local/lib/python3.12/site-packages/airflow/example_dags/tutorial_taskflow_api_virtualenv.py
[2026-04-26T23:44:55.400+0000] {logging_mixin.py:188} INFO - [2026-04-26T23:44:55.400+0000] {dag.py:3096} INFO - Sync 1 DAGs
[2026-04-26T23:44:55.407+0000] {logging_mixin.py:188} INFO - [2026-04-26T23:44:55.406+0000] {dag.py:3954} INFO - Setting next_dagrun for tutorial_taskflow_api_virtualenv to None, run_after=None
[2026-04-26T23:44:55.416+0000] {processor.py:183} INFO - Processing /home/airflow/.local/lib/python3.12/site-packages/airflow/example_dags/tutorial_taskflow_api_virtualenv.py took 0.039 seconds
[2026-04-26T23:45:26.272+0000] {processor.py:161} INFO - Started process (PID=352) to work on /home/airflow/.local/lib/python3.12/site-packages/airflow/example_dags/tutorial_taskflow_api_virtualenv.py
[2026-04-26T23:45:26.272+0000] {processor.py:830} INFO - Processing file /home/airflow/.local/lib/python3.12/site-packages/airflow/example_dags/tutorial_taskflow_api_virtualenv.py for tasks to queue
[2026-04-26T23:45:26.273+0000] {logging_mixin.py:188} INFO - [2026-04-26T23:45:26.273+0000] {dagbag.py:545} INFO - Filling up the DagBag from /home/airflow/.local/lib/python3.12/site-packages/airflow/example_dags/tutorial_taskflow_api_virtualenv.py
[2026-04-26T23:45:26.279+0000] {processor.py:840} INFO - DAG(s) 'tutorial_taskflow_api_virtualenv' retrieved from /home/airflow/.local/lib/python3.12/site-packages/airflow/example_dags/tutorial_taskflow_api_virtualenv.py
[2026-04-26T23:45:26.291+0000] {logging_mixin.py:188} INFO - [2026-04-26T23:45:26.291+0000] {dag.py:3096} INFO - Sync 1 DAGs
[2026-04-26T23:45:26.299+0000] {logging_mixin.py:188} INFO - [2026-04-26T23:45:26.299+0000] {dag.py:3954} INFO - Setting next_dagrun for tutorial_taskflow_api_virtualenv to None, run_after=None
[2026-04-26T23:45:26.310+0000] {processor.py:183} INFO - Processing /home/airflow/.local/lib/python3.12/site-packages/airflow/example_dags/tutorial_taskflow_api_virtualenv.py took 0.042 seconds
[2026-04-26T23:45:57.030+0000] {processor.py:161} INFO - Started process (PID=411) to work on /home/airflow/.local/lib/python3.12/site-packages/airflow/example_dags/tutorial_taskflow_api_virtualenv.py
[2026-04-26T23:45:57.030+0000] {processor.py:830} INFO - Processing file /home/airflow/.local/lib/python3.12/site-packages/airflow/example_dags/tutorial_taskflow_api_virtualenv.py for tasks to queue
[2026-04-26T23:45:57.032+0000] {logging_mixin.py:188} INFO - [2026-04-26T23:45:57.031+0000] {dagbag.py:545} INFO - Filling up the DagBag from /home/airflow/.local/lib/python3.12/site-packages/airflow/example_dags/tutorial_taskflow_api_virtualenv.py
[2026-04-26T23:45:57.038+0000] {processor.py:840} INFO - DAG(s) 'tutorial_taskflow_api_virtualenv' retrieved from /home/airflow/.local/lib/python3.12/site-packages/airflow/example_dags/tutorial_taskflow_api_virtualenv.py
[2026-04-26T23:45:57.051+0000] {logging_mixin.py:188} INFO - [2026-04-26T23:45:57.051+0000] {dag.py:3096} INFO - Sync 1 DAGs
[2026-04-26T23:45:57.059+0000] {logging_mixin.py:188} INFO - [2026-04-26T23:45:57.059+0000] {dag.py:3954} INFO - Setting next_dagrun for tutorial_taskflow_api_virtualenv to None, run_after=None
[2026-04-26T23:45:57.069+0000] {processor.py:183} INFO - Processing /home/airflow/.local/lib/python3.12/site-packages/airflow/example_dags/tutorial_taskflow_api_virtualenv.py took 0.043 seconds
[2026-04-26T23:46:27.836+0000] {processor.py:161} INFO - Started process (PID=470) to work on /home/airflow/.local/lib/python3.12/site-packages/airflow/example_dags/tutorial_taskflow_api_virtualenv.py
[2026-04-26T23:46:27.836+0000] {processor.py:830} INFO - Processing file /home/airflow/.local/lib/python3.12/site-packages/airflow/example_dags/tutorial_taskflow_api_virtualenv.py for tasks to queue
[2026-04-26T23:46:27.837+0000] {logging_mixin.py:188} INFO - [2026-04-26T23:46:27.837+0000] {dagbag.py:545} INFO - Filling up the DagBag from /home/airflow/.local/lib/python3.12/site-packages/airflow/example_dags/tutorial_taskflow_api_virtualenv.py
[2026-04-26T23:46:27.845+0000] {processor.py:840} INFO - DAG(s) 'tutorial_taskflow_api_virtualenv' retrieved from /home/airflow/.local/lib/python3.12/site-packages/airflow/example_dags/tutorial_taskflow_api_virtualenv.py
[2026-04-26T23:46:27.857+0000] {logging_mixin.py:188} INFO - [2026-04-26T23:46:27.857+0000] {dag.py:3096} INFO - Sync 1 DAGs
[2026-04-26T23:46:27.865+0000] {logging_mixin.py:188} INFO - [2026-04-26T23:46:27.865+0000] {dag.py:3954} INFO - Setting next_dagrun for tutorial_taskflow_api_virtualenv to None, run_after=None
[2026-04-26T23:46:27.875+0000] {processor.py:183} INFO - Processing /home/airflow/.local/lib/python3.12/site-packages/airflow/example_dags/tutorial_taskflow_api_virtualenv.py took 0.044 seconds
[2026-04-26T23:46:58.687+0000] {processor.py:161} INFO - Started process (PID=529) to work on /home/airflow/.local/lib/python3.12/site-packages/airflow/example_dags/tutorial_taskflow_api_virtualenv.py
[2026-04-26T23:46:58.688+0000] {processor.py:830} INFO - Processing file /home/airflow/.local/lib/python3.12/site-packages/airflow/example_dags/tutorial_taskflow_api_virtualenv.py for tasks to queue
[2026-04-26T23:46:58.689+0000] {logging_mixin.py:188} INFO - [2026-04-26T23:46:58.689+0000] {dagbag.py:545} INFO - Filling up the DagBag from /home/airflow/.local/lib/python3.12/site-packages/airflow/example_dags/tutorial_taskflow_api_virtualenv.py
[2026-04-26T23:46:58.696+0000] {processor.py:840} INFO - DAG(s) 'tutorial_taskflow_api_virtualenv' retrieved from /home/airflow/.local/lib/python3.12/site-packages/airflow/example_dags/tutorial_taskflow_api_virtualenv.py
[2026-04-26T23:46:58.708+0000] {logging_mixin.py:188} INFO - [2026-04-26T23:46:58.708+0000] {dag.py:3096} INFO - Sync 1 DAGs
[2026-04-26T23:46:58.715+0000] {logging_mixin.py:188} INFO - [2026-04-26T23:46:58.714+0000] {dag.py:3954} INFO - Setting next_dagrun for tutorial_taskflow_api_virtualenv to None, run_after=None
[2026-04-26T23:46:58.725+0000] {processor.py:183} INFO - Processing /home/airflow/.local/lib/python3.12/site-packages/airflow/example_dags/tutorial_taskflow_api_virtualenv.py took 0.041 seconds
[2026-04-26T23:47:29.030+0000] {processor.py:161} INFO - Started process (PID=588) to work on /home/airflow/.local/lib/python3.12/site-packages/airflow/example_dags/tutorial_taskflow_api_virtualenv.py
[2026-04-26T23:47:29.031+0000] {processor.py:830} INFO - Processing file /home/airflow/.local/lib/python3.12/site-packages/airflow/example_dags/tutorial_taskflow_api_virtualenv.py for tasks to queue
[2026-04-26T23:47:29.032+0000] {logging_mixin.py:188} INFO - [2026-04-26T23:47:29.031+0000] {dagbag.py:545} INFO - Filling up the DagBag from /home/airflow/.local/lib/python3.12/site-packages/airflow/example_dags/tutorial_taskflow_api_virtualenv.py
[2026-04-26T23:47:29.038+0000] {processor.py:840} INFO - DAG(s) 'tutorial_taskflow_api_virtualenv' retrieved from /home/airflow/.local/lib/python3.12/site-packages/airflow/example_dags/tutorial_taskflow_api_virtualenv.py
[2026-04-26T23:47:29.049+0000] {logging_mixin.py:188} INFO - [2026-04-26T23:47:29.049+0000] {dag.py:3096} INFO - Sync 1 DAGs
[2026-04-26T23:47:29.056+0000] {logging_mixin.py:188} INFO - [2026-04-26T23:47:29.056+0000] {dag.py:3954} INFO - Setting next_dagrun for tutorial_taskflow_api_virtualenv to None, run_after=None
[2026-04-26T23:47:29.066+0000] {processor.py:183} INFO - Processing /home/airflow/.local/lib/python3.12/site-packages/airflow/example_dags/tutorial_taskflow_api_virtualenv.py took 0.039 seconds
[2026-04-26T23:47:59.261+0000] {processor.py:161} INFO - Started process (PID=647) to work on /home/airflow/.local/lib/python3.12/site-packages/airflow/example_dags/tutorial_taskflow_api_virtualenv.py
[2026-04-26T23:47:59.261+0000] {processor.py:830} INFO - Processing file /home/airflow/.local/lib/python3.12/site-packages/airflow/example_dags/tutorial_taskflow_api_virtualenv.py for tasks to queue
[2026-04-26T23:47:59.263+0000] {logging_mixin.py:188} INFO - [2026-04-26T23:47:59.263+0000] {dagbag.py:545} INFO - Filling up the DagBag from /home/airflow/.local/lib/python3.12/site-packages/airflow/example_dags/tutorial_taskflow_api_virtualenv.py
[2026-04-26T23:47:59.271+0000] {processor.py:840} INFO - DAG(s) 'tutorial_taskflow_api_virtualenv' retrieved from /home/airflow/.local/lib/python3.12/site-packages/airflow/example_dags/tutorial_taskflow_api_virtualenv.py
[2026-04-26T23:47:59.286+0000] {logging_mixin.py:188} INFO - [2026-04-26T23:47:59.285+0000] {dag.py:3096} INFO - Sync 1 DAGs
[2026-04-26T23:47:59.294+0000] {logging_mixin.py:188} INFO - [2026-04-26T23:47:59.294+0000] {dag.py:3954} INFO - Setting next_dagrun for tutorial_taskflow_api_virtualenv to None, run_after=None
[2026-04-26T23:47:59.306+0000] {processor.py:183} INFO - Processing /home/airflow/.local/lib/python3.12/site-packages/airflow/example_dags/tutorial_taskflow_api_virtualenv.py took 0.050 seconds
[2026-04-26T23:48:29.358+0000] {processor.py:161} INFO - Started process (PID=706) to work on /home/airflow/.local/lib/python3.12/site-packages/airflow/example_dags/tutorial_taskflow_api_virtualenv.py
[2026-04-26T23:48:29.359+0000] {processor.py:830} INFO - Processing file /home/airflow/.local/lib/python3.12/site-packages/airflow/example_dags/tutorial_taskflow_api_virtualenv.py for tasks to queue
[2026-04-26T23:48:29.360+0000] {logging_mixin.py:188} INFO - [2026-04-26T23:48:29.360+0000] {dagbag.py:545} INFO - Filling up the DagBag from /home/airflow/.local/lib/python3.12/site-packages/airflow/example_dags/tutorial_taskflow_api_virtualenv.py
[2026-04-26T23:48:29.368+0000] {processor.py:840} INFO - DAG(s) 'tutorial_taskflow_api_virtualenv' retrieved from /home/airflow/.local/lib/python3.12/site-packages/airflow/example_dags/tutorial_taskflow_api_virtualenv.py
[2026-04-26T23:48:29.382+0000] {logging_mixin.py:188} INFO - [2026-04-26T23:48:29.382+0000] {dag.py:3096} INFO - Sync 1 DAGs
[2026-04-26T23:48:29.391+0000] {logging_mixin.py:188} INFO - [2026-04-26T23:48:29.391+0000] {dag.py:3954} INFO - Setting next_dagrun for tutorial_taskflow_api_virtualenv to None, run_after=None
[2026-04-26T23:48:29.402+0000] {processor.py:183} INFO - Processing /home/airflow/.local/lib/python3.12/site-packages/airflow/example_dags/tutorial_taskflow_api_virtualenv.py took 0.048 seconds
[2026-04-26T23:49:00.223+0000] {processor.py:161} INFO - Started process (PID=765) to work on /home/airflow/.local/lib/python3.12/site-packages/airflow/example_dags/tutorial_taskflow_api_virtualenv.py
[2026-04-26T23:49:00.224+0000] {processor.py:830} INFO - Processing file /home/airflow/.local/lib/python3.12/site-packages/airflow/example_dags/tutorial_taskflow_api_virtualenv.py for tasks to queue
[2026-04-26T23:49:00.225+0000] {logging_mixin.py:188} INFO - [2026-04-26T23:49:00.225+0000] {dagbag.py:545} INFO - Filling up the DagBag from /home/airflow/.local/lib/python3.12/site-packages/airflow/example_dags/tutorial_taskflow_api_virtualenv.py
[2026-04-26T23:49:00.231+0000] {processor.py:840} INFO - DAG(s) 'tutorial_taskflow_api_virtualenv' retrieved from /home/airflow/.local/lib/python3.12/site-packages/airflow/example_dags/tutorial_taskflow_api_virtualenv.py
[2026-04-26T23:49:00.243+0000] {logging_mixin.py:188} INFO - [2026-04-26T23:49:00.243+0000] {dag.py:3096} INFO - Sync 1 DAGs
[2026-04-26T23:49:00.250+0000] {logging_mixin.py:188} INFO - [2026-04-26T23:49:00.250+0000] {dag.py:3954} INFO - Setting next_dagrun for tutorial_taskflow_api_virtualenv to None, run_after=None
[2026-04-26T23:49:00.260+0000] {processor.py:183} INFO - Processing /home/airflow/.local/lib/python3.12/site-packages/airflow/example_dags/tutorial_taskflow_api_virtualenv.py took 0.041 seconds
[2026-04-26T23:49:30.595+0000] {processor.py:161} INFO - Started process (PID=825) to work on /home/airflow/.local/lib/python3.12/site-packages/airflow/example_dags/tutorial_taskflow_api_virtualenv.py
[2026-04-26T23:49:30.596+0000] {processor.py:830} INFO - Processing file /home/airflow/.local/lib/python3.12/site-packages/airflow/example_dags/tutorial_taskflow_api_virtualenv.py for tasks to queue
[2026-04-26T23:49:30.597+0000] {logging_mixin.py:188} INFO - [2026-04-26T23:49:30.597+0000] {dagbag.py:545} INFO - Filling up the DagBag from /home/airflow/.local/lib/python3.12/site-packages/airflow/example_dags/tutorial_taskflow_api_virtualenv.py
[2026-04-26T23:49:30.603+0000] {processor.py:840} INFO - DAG(s) 'tutorial_taskflow_api_virtualenv' retrieved from /home/airflow/.local/lib/python3.12/site-packages/airflow/example_dags/tutorial_taskflow_api_virtualenv.py
[2026-04-26T23:49:30.616+0000] {logging_mixin.py:188} INFO - [2026-04-26T23:49:30.616+0000] {dag.py:3096} INFO - Sync 1 DAGs
[2026-04-26T23:49:30.624+0000] {logging_mixin.py:188} INFO - [2026-04-26T23:49:30.624+0000] {dag.py:3954} INFO - Setting next_dagrun for tutorial_taskflow_api_virtualenv to None, run_after=None
[2026-04-26T23:49:30.633+0000] {processor.py:183} INFO - Processing /home/airflow/.local/lib/python3.12/site-packages/airflow/example_dags/tutorial_taskflow_api_virtualenv.py took 0.043 seconds
[2026-04-26T23:50:05.192+0000] {processor.py:161} INFO - Started process (PID=116) to work on /home/airflow/.local/lib/python3.12/site-packages/airflow/example_dags/tutorial_taskflow_api_virtualenv.py
[2026-04-26T23:50:05.193+0000] {processor.py:830} INFO - Processing file /home/airflow/.local/lib/python3.12/site-packages/airflow/example_dags/tutorial_taskflow_api_virtualenv.py for tasks to queue
[2026-04-26T23:50:05.194+0000] {logging_mixin.py:188} INFO - [2026-04-26T23:50:05.194+0000] {dagbag.py:545} INFO - Filling up the DagBag from /home/airflow/.local/lib/python3.12/site-packages/airflow/example_dags/tutorial_taskflow_api_virtualenv.py
[2026-04-26T23:50:05.201+0000] {processor.py:840} INFO - DAG(s) 'tutorial_taskflow_api_virtualenv' retrieved from /home/airflow/.local/lib/python3.12/site-packages/airflow/example_dags/tutorial_taskflow_api_virtualenv.py
[2026-04-26T23:50:05.208+0000] {logging_mixin.py:188} INFO - [2026-04-26T23:50:05.208+0000] {dag.py:3096} INFO - Sync 1 DAGs
[2026-04-26T23:50:05.217+0000] {logging_mixin.py:188} INFO - [2026-04-26T23:50:05.216+0000] {dag.py:3954} INFO - Setting next_dagrun for tutorial_taskflow_api_virtualenv to None, run_after=None
[2026-04-26T23:50:05.226+0000] {processor.py:183} INFO - Processing /home/airflow/.local/lib/python3.12/site-packages/airflow/example_dags/tutorial_taskflow_api_virtualenv.py took 0.037 seconds
[2026-04-26T23:50:37.380+0000] {processor.py:161} INFO - Started process (PID=175) to work on /home/airflow/.local/lib/python3.12/site-packages/airflow/example_dags/tutorial_taskflow_api_virtualenv.py
[2026-04-26T23:50:37.380+0000] {processor.py:830} INFO - Processing file /home/airflow/.local/lib/python3.12/site-packages/airflow/example_dags/tutorial_taskflow_api_virtualenv.py for tasks to queue
[2026-04-26T23:50:37.381+0000] {logging_mixin.py:188} INFO - [2026-04-26T23:50:37.381+0000] {dagbag.py:545} INFO - Filling up the DagBag from /home/airflow/.local/lib/python3.12/site-packages/airflow/example_dags/tutorial_taskflow_api_virtualenv.py
[2026-04-26T23:50:37.388+0000] {processor.py:840} INFO - DAG(s) 'tutorial_taskflow_api_virtualenv' retrieved from /home/airflow/.local/lib/python3.12/site-packages/airflow/example_dags/tutorial_taskflow_api_virtualenv.py
[2026-04-26T23:50:37.450+0000] {logging_mixin.py:188} INFO - [2026-04-26T23:50:37.450+0000] {dag.py:3096} INFO - Sync 1 DAGs
[2026-04-26T23:50:37.457+0000] {logging_mixin.py:188} INFO - [2026-04-26T23:50:37.457+0000] {dag.py:3954} INFO - Setting next_dagrun for tutorial_taskflow_api_virtualenv to None, run_after=None
[2026-04-26T23:50:37.481+0000] {processor.py:183} INFO - Processing /home/airflow/.local/lib/python3.12/site-packages/airflow/example_dags/tutorial_taskflow_api_virtualenv.py took 0.105 seconds
[2026-04-26T23:51:08.325+0000] {processor.py:161} INFO - Started process (PID=234) to work on /home/airflow/.local/lib/python3.12/site-packages/airflow/example_dags/tutorial_taskflow_api_virtualenv.py
[2026-04-26T23:51:08.326+0000] {processor.py:830} INFO - Processing file /home/airflow/.local/lib/python3.12/site-packages/airflow/example_dags/tutorial_taskflow_api_virtualenv.py for tasks to queue
[2026-04-26T23:51:08.327+0000] {logging_mixin.py:188} INFO - [2026-04-26T23:51:08.327+0000] {dagbag.py:545} INFO - Filling up the DagBag from /home/airflow/.local/lib/python3.12/site-packages/airflow/example_dags/tutorial_taskflow_api_virtualenv.py
[2026-04-26T23:51:08.333+0000] {processor.py:840} INFO - DAG(s) 'tutorial_taskflow_api_virtualenv' retrieved from /home/airflow/.local/lib/python3.12/site-packages/airflow/example_dags/tutorial_taskflow_api_virtualenv.py
[2026-04-26T23:51:08.343+0000] {logging_mixin.py:188} INFO - [2026-04-26T23:51:08.343+0000] {dag.py:3096} INFO - Sync 1 DAGs
[2026-04-26T23:51:08.350+0000] {logging_mixin.py:188} INFO - [2026-04-26T23:51:08.350+0000] {dag.py:3954} INFO - Setting next_dagrun for tutorial_taskflow_api_virtualenv to None, run_after=None
[2026-04-26T23:51:08.359+0000] {processor.py:183} INFO - Processing /home/airflow/.local/lib/python3.12/site-packages/airflow/example_dags/tutorial_taskflow_api_virtualenv.py took 0.038 seconds
[2026-04-26T23:51:38.665+0000] {processor.py:161} INFO - Started process (PID=293) to work on /home/airflow/.local/lib/python3.12/site-packages/airflow/example_dags/tutorial_taskflow_api_virtualenv.py
[2026-04-26T23:51:38.666+0000] {processor.py:830} INFO - Processing file /home/airflow/.local/lib/python3.12/site-packages/airflow/example_dags/tutorial_taskflow_api_virtualenv.py for tasks to queue
[2026-04-26T23:51:38.667+0000] {logging_mixin.py:188} INFO - [2026-04-26T23:51:38.667+0000] {dagbag.py:545} INFO - Filling up the DagBag from /home/airflow/.local/lib/python3.12/site-packages/airflow/example_dags/tutorial_taskflow_api_virtualenv.py
[2026-04-26T23:51:38.673+0000] {processor.py:840} INFO - DAG(s) 'tutorial_taskflow_api_virtualenv' retrieved from /home/airflow/.local/lib/python3.12/site-packages/airflow/example_dags/tutorial_taskflow_api_virtualenv.py
[2026-04-26T23:51:38.684+0000] {logging_mixin.py:188} INFO - [2026-04-26T23:51:38.684+0000] {dag.py:3096} INFO - Sync 1 DAGs
[2026-04-26T23:51:38.691+0000] {logging_mixin.py:188} INFO - [2026-04-26T23:51:38.691+0000] {dag.py:3954} INFO - Setting next_dagrun for tutorial_taskflow_api_virtualenv to None, run_after=None
[2026-04-26T23:51:38.701+0000] {processor.py:183} INFO - Processing /home/airflow/.local/lib/python3.12/site-packages/airflow/example_dags/tutorial_taskflow_api_virtualenv.py took 0.040 seconds
[2026-04-26T23:52:09.662+0000] {processor.py:161} INFO - Started process (PID=352) to work on /home/airflow/.local/lib/python3.12/site-packages/airflow/example_dags/tutorial_taskflow_api_virtualenv.py
[2026-04-26T23:52:09.663+0000] {processor.py:830} INFO - Processing file /home/airflow/.local/lib/python3.12/site-packages/airflow/example_dags/tutorial_taskflow_api_virtualenv.py for tasks to queue
[2026-04-26T23:52:09.664+0000] {logging_mixin.py:188} INFO - [2026-04-26T23:52:09.664+0000] {dagbag.py:545} INFO - Filling up the DagBag from /home/airflow/.local/lib/python3.12/site-packages/airflow/example_dags/tutorial_taskflow_api_virtualenv.py
[2026-04-26T23:52:09.669+0000] {processor.py:840} INFO - DAG(s) 'tutorial_taskflow_api_virtualenv' retrieved from /home/airflow/.local/lib/python3.12/site-packages/airflow/example_dags/tutorial_taskflow_api_virtualenv.py
[2026-04-26T23:52:09.679+0000] {logging_mixin.py:188} INFO - [2026-04-26T23:52:09.679+0000] {dag.py:3096} INFO - Sync 1 DAGs
[2026-04-26T23:52:09.685+0000] {logging_mixin.py:188} INFO - [2026-04-26T23:52:09.685+0000] {dag.py:3954} INFO - Setting next_dagrun for tutorial_taskflow_api_virtualenv to None, run_after=None
[2026-04-26T23:52:09.693+0000] {processor.py:183} INFO - Processing /home/airflow/.local/lib/python3.12/site-packages/airflow/example_dags/tutorial_taskflow_api_virtualenv.py took 0.034 seconds
[2026-04-26T23:52:39.790+0000] {processor.py:161} INFO - Started process (PID=411) to work on /home/airflow/.local/lib/python3.12/site-packages/airflow/example_dags/tutorial_taskflow_api_virtualenv.py
[2026-04-26T23:52:39.791+0000] {processor.py:830} INFO - Processing file /home/airflow/.local/lib/python3.12/site-packages/airflow/example_dags/tutorial_taskflow_api_virtualenv.py for tasks to queue
[2026-04-26T23:52:39.792+0000] {logging_mixin.py:188} INFO - [2026-04-26T23:52:39.791+0000] {dagbag.py:545} INFO - Filling up the DagBag from /home/airflow/.local/lib/python3.12/site-packages/airflow/example_dags/tutorial_taskflow_api_virtualenv.py
[2026-04-26T23:52:39.797+0000] {processor.py:840} INFO - DAG(s) 'tutorial_taskflow_api_virtualenv' retrieved from /home/airflow/.local/lib/python3.12/site-packages/airflow/example_dags/tutorial_taskflow_api_virtualenv.py
[2026-04-26T23:52:39.808+0000] {logging_mixin.py:188} INFO - [2026-04-26T23:52:39.807+0000] {dag.py:3096} INFO - Sync 1 DAGs
[2026-04-26T23:52:39.814+0000] {logging_mixin.py:188} INFO - [2026-04-26T23:52:39.813+0000] {dag.py:3954} INFO - Setting next_dagrun for tutorial_taskflow_api_virtualenv to None, run_after=None
[2026-04-26T23:52:39.823+0000] {processor.py:183} INFO - Processing /home/airflow/.local/lib/python3.12/site-packages/airflow/example_dags/tutorial_taskflow_api_virtualenv.py took 0.035 seconds
[2026-04-26T23:53:10.825+0000] {processor.py:161} INFO - Started process (PID=470) to work on /home/airflow/.local/lib/python3.12/site-packages/airflow/example_dags/tutorial_taskflow_api_virtualenv.py
[2026-04-26T23:53:10.826+0000] {processor.py:830} INFO - Processing file /home/airflow/.local/lib/python3.12/site-packages/airflow/example_dags/tutorial_taskflow_api_virtualenv.py for tasks to queue
[2026-04-26T23:53:10.827+0000] {logging_mixin.py:188} INFO - [2026-04-26T23:53:10.826+0000] {dagbag.py:545} INFO - Filling up the DagBag from /home/airflow/.local/lib/python3.12/site-packages/airflow/example_dags/tutorial_taskflow_api_virtualenv.py
[2026-04-26T23:53:10.833+0000] {processor.py:840} INFO - DAG(s) 'tutorial_taskflow_api_virtualenv' retrieved from /home/airflow/.local/lib/python3.12/site-packages/airflow/example_dags/tutorial_taskflow_api_virtualenv.py
[2026-04-26T23:53:10.844+0000] {logging_mixin.py:188} INFO - [2026-04-26T23:53:10.843+0000] {dag.py:3096} INFO - Sync 1 DAGs
[2026-04-26T23:53:10.851+0000] {logging_mixin.py:188} INFO - [2026-04-26T23:53:10.850+0000] {dag.py:3954} INFO - Setting next_dagrun for tutorial_taskflow_api_virtualenv to None, run_after=None
[2026-04-26T23:53:10.861+0000] {processor.py:183} INFO - Processing /home/airflow/.local/lib/python3.12/site-packages/airflow/example_dags/tutorial_taskflow_api_virtualenv.py took 0.039 seconds
[2026-04-26T23:53:41.067+0000] {processor.py:161} INFO - Started process (PID=529) to work on /home/airflow/.local/lib/python3.12/site-packages/airflow/example_dags/tutorial_taskflow_api_virtualenv.py
[2026-04-26T23:53:41.067+0000] {processor.py:830} INFO - Processing file /home/airflow/.local/lib/python3.12/site-packages/airflow/example_dags/tutorial_taskflow_api_virtualenv.py for tasks to queue
[2026-04-26T23:53:41.068+0000] {logging_mixin.py:188} INFO - [2026-04-26T23:53:41.068+0000] {dagbag.py:545} INFO - Filling up the DagBag from /home/airflow/.local/lib/python3.12/site-packages/airflow/example_dags/tutorial_taskflow_api_virtualenv.py
[2026-04-26T23:53:41.074+0000] {processor.py:840} INFO - DAG(s) 'tutorial_taskflow_api_virtualenv' retrieved from /home/airflow/.local/lib/python3.12/site-packages/airflow/example_dags/tutorial_taskflow_api_virtualenv.py
[2026-04-26T23:53:41.084+0000] {logging_mixin.py:188} INFO - [2026-04-26T23:53:41.084+0000] {dag.py:3096} INFO - Sync 1 DAGs
[2026-04-26T23:53:41.091+0000] {logging_mixin.py:188} INFO - [2026-04-26T23:53:41.090+0000] {dag.py:3954} INFO - Setting next_dagrun for tutorial_taskflow_api_virtualenv to None, run_after=None
[2026-04-26T23:53:41.101+0000] {processor.py:183} INFO - Processing /home/airflow/.local/lib/python3.12/site-packages/airflow/example_dags/tutorial_taskflow_api_virtualenv.py took 0.037 seconds
