[2026-04-26T23:08:16.091+0000] {processor.py:161} INFO - Started process (PID=91) to work on /home/airflow/.local/lib/python3.12/site-packages/airflow/example_dags/tutorial_objectstorage.py
[2026-04-26T23:08:16.092+0000] {processor.py:830} INFO - Processing file /home/airflow/.local/lib/python3.12/site-packages/airflow/example_dags/tutorial_objectstorage.py for tasks to queue
[2026-04-26T23:08:16.093+0000] {logging_mixin.py:188} INFO - [2026-04-26T23:08:16.092+0000] {dagbag.py:545} INFO - Filling up the DagBag from /home/airflow/.local/lib/python3.12/site-packages/airflow/example_dags/tutorial_objectstorage.py
[2026-04-26T23:08:16.098+0000] {processor.py:840} INFO - DAG(s) 'tutorial_objectstorage' retrieved from /home/airflow/.local/lib/python3.12/site-packages/airflow/example_dags/tutorial_objectstorage.py
[2026-04-26T23:08:16.105+0000] {logging_mixin.py:188} INFO - [2026-04-26T23:08:16.104+0000] {dag.py:3096} INFO - Sync 1 DAGs
[2026-04-26T23:08:16.114+0000] {logging_mixin.py:188} INFO - [2026-04-26T23:08:16.114+0000] {dag.py:3954} INFO - Setting next_dagrun for tutorial_objectstorage to None, run_after=None
[2026-04-26T23:08:16.125+0000] {processor.py:183} INFO - Processing /home/airflow/.local/lib/python3.12/site-packages/airflow/example_dags/tutorial_objectstorage.py took 0.037 seconds
[2026-04-26T23:08:47.478+0000] {processor.py:161} INFO - Started process (PID=149) to work on /home/airflow/.local/lib/python3.12/site-packages/airflow/example_dags/tutorial_objectstorage.py
[2026-04-26T23:08:47.478+0000] {processor.py:830} INFO - Processing file /home/airflow/.local/lib/python3.12/site-packages/airflow/example_dags/tutorial_objectstorage.py for tasks to queue
[2026-04-26T23:08:47.479+0000] {logging_mixin.py:188} INFO - [2026-04-26T23:08:47.479+0000] {dagbag.py:545} INFO - Filling up the DagBag from /home/airflow/.local/lib/python3.12/site-packages/airflow/example_dags/tutorial_objectstorage.py
[2026-04-26T23:08:47.484+0000] {processor.py:840} INFO - DAG(s) 'tutorial_objectstorage' retrieved from /home/airflow/.local/lib/python3.12/site-packages/airflow/example_dags/tutorial_objectstorage.py
[2026-04-26T23:08:47.546+0000] {logging_mixin.py:188} INFO - [2026-04-26T23:08:47.546+0000] {dag.py:3096} INFO - Sync 1 DAGs
[2026-04-26T23:08:47.551+0000] {logging_mixin.py:188} INFO - [2026-04-26T23:08:47.551+0000] {dag.py:3954} INFO - Setting next_dagrun for tutorial_objectstorage to None, run_after=None
[2026-04-26T23:08:47.562+0000] {processor.py:183} INFO - Processing /home/airflow/.local/lib/python3.12/site-packages/airflow/example_dags/tutorial_objectstorage.py took 0.088 seconds
[2026-04-26T23:09:18.496+0000] {processor.py:161} INFO - Started process (PID=213) to work on /home/airflow/.local/lib/python3.12/site-packages/airflow/example_dags/tutorial_objectstorage.py
[2026-04-26T23:09:18.496+0000] {processor.py:830} INFO - Processing file /home/airflow/.local/lib/python3.12/site-packages/airflow/example_dags/tutorial_objectstorage.py for tasks to queue
[2026-04-26T23:09:18.497+0000] {logging_mixin.py:188} INFO - [2026-04-26T23:09:18.497+0000] {dagbag.py:545} INFO - Filling up the DagBag from /home/airflow/.local/lib/python3.12/site-packages/airflow/example_dags/tutorial_objectstorage.py
[2026-04-26T23:09:18.501+0000] {processor.py:840} INFO - DAG(s) 'tutorial_objectstorage' retrieved from /home/airflow/.local/lib/python3.12/site-packages/airflow/example_dags/tutorial_objectstorage.py
[2026-04-26T23:09:18.510+0000] {logging_mixin.py:188} INFO - [2026-04-26T23:09:18.510+0000] {dag.py:3096} INFO - Sync 1 DAGs
[2026-04-26T23:09:18.516+0000] {logging_mixin.py:188} INFO - [2026-04-26T23:09:18.516+0000] {dag.py:3954} INFO - Setting next_dagrun for tutorial_objectstorage to None, run_after=None
[2026-04-26T23:09:18.525+0000] {processor.py:183} INFO - Processing /home/airflow/.local/lib/python3.12/site-packages/airflow/example_dags/tutorial_objectstorage.py took 0.032 seconds
[2026-04-26T23:09:49.316+0000] {processor.py:161} INFO - Started process (PID=271) to work on /home/airflow/.local/lib/python3.12/site-packages/airflow/example_dags/tutorial_objectstorage.py
[2026-04-26T23:09:49.317+0000] {processor.py:830} INFO - Processing file /home/airflow/.local/lib/python3.12/site-packages/airflow/example_dags/tutorial_objectstorage.py for tasks to queue
[2026-04-26T23:09:49.318+0000] {logging_mixin.py:188} INFO - [2026-04-26T23:09:49.318+0000] {dagbag.py:545} INFO - Filling up the DagBag from /home/airflow/.local/lib/python3.12/site-packages/airflow/example_dags/tutorial_objectstorage.py
[2026-04-26T23:09:49.322+0000] {processor.py:840} INFO - DAG(s) 'tutorial_objectstorage' retrieved from /home/airflow/.local/lib/python3.12/site-packages/airflow/example_dags/tutorial_objectstorage.py
[2026-04-26T23:09:49.333+0000] {logging_mixin.py:188} INFO - [2026-04-26T23:09:49.333+0000] {dag.py:3096} INFO - Sync 1 DAGs
[2026-04-26T23:09:49.341+0000] {logging_mixin.py:188} INFO - [2026-04-26T23:09:49.341+0000] {dag.py:3954} INFO - Setting next_dagrun for tutorial_objectstorage to None, run_after=None
[2026-04-26T23:09:49.349+0000] {processor.py:183} INFO - Processing /home/airflow/.local/lib/python3.12/site-packages/airflow/example_dags/tutorial_objectstorage.py took 0.036 seconds
[2026-04-26T23:10:20.239+0000] {processor.py:161} INFO - Started process (PID=329) to work on /home/airflow/.local/lib/python3.12/site-packages/airflow/example_dags/tutorial_objectstorage.py
[2026-04-26T23:10:20.239+0000] {processor.py:830} INFO - Processing file /home/airflow/.local/lib/python3.12/site-packages/airflow/example_dags/tutorial_objectstorage.py for tasks to queue
[2026-04-26T23:10:20.241+0000] {logging_mixin.py:188} INFO - [2026-04-26T23:10:20.241+0000] {dagbag.py:545} INFO - Filling up the DagBag from /home/airflow/.local/lib/python3.12/site-packages/airflow/example_dags/tutorial_objectstorage.py
[2026-04-26T23:10:20.246+0000] {processor.py:840} INFO - DAG(s) 'tutorial_objectstorage' retrieved from /home/airflow/.local/lib/python3.12/site-packages/airflow/example_dags/tutorial_objectstorage.py
[2026-04-26T23:10:20.260+0000] {logging_mixin.py:188} INFO - [2026-04-26T23:10:20.260+0000] {dag.py:3096} INFO - Sync 1 DAGs
[2026-04-26T23:10:20.269+0000] {logging_mixin.py:188} INFO - [2026-04-26T23:10:20.269+0000] {dag.py:3954} INFO - Setting next_dagrun for tutorial_objectstorage to None, run_after=None
[2026-04-26T23:10:20.281+0000] {processor.py:183} INFO - Processing /home/airflow/.local/lib/python3.12/site-packages/airflow/example_dags/tutorial_objectstorage.py took 0.047 seconds
[2026-04-26T23:10:50.333+0000] {processor.py:161} INFO - Started process (PID=387) to work on /home/airflow/.local/lib/python3.12/site-packages/airflow/example_dags/tutorial_objectstorage.py
[2026-04-26T23:10:50.333+0000] {processor.py:830} INFO - Processing file /home/airflow/.local/lib/python3.12/site-packages/airflow/example_dags/tutorial_objectstorage.py for tasks to queue
[2026-04-26T23:10:50.334+0000] {logging_mixin.py:188} INFO - [2026-04-26T23:10:50.334+0000] {dagbag.py:545} INFO - Filling up the DagBag from /home/airflow/.local/lib/python3.12/site-packages/airflow/example_dags/tutorial_objectstorage.py
[2026-04-26T23:10:50.340+0000] {processor.py:840} INFO - DAG(s) 'tutorial_objectstorage' retrieved from /home/airflow/.local/lib/python3.12/site-packages/airflow/example_dags/tutorial_objectstorage.py
[2026-04-26T23:10:50.355+0000] {logging_mixin.py:188} INFO - [2026-04-26T23:10:50.355+0000] {dag.py:3096} INFO - Sync 1 DAGs
[2026-04-26T23:10:50.364+0000] {logging_mixin.py:188} INFO - [2026-04-26T23:10:50.364+0000] {dag.py:3954} INFO - Setting next_dagrun for tutorial_objectstorage to None, run_after=None
[2026-04-26T23:10:50.377+0000] {processor.py:183} INFO - Processing /home/airflow/.local/lib/python3.12/site-packages/airflow/example_dags/tutorial_objectstorage.py took 0.049 seconds
[2026-04-26T23:11:21.097+0000] {processor.py:161} INFO - Started process (PID=445) to work on /home/airflow/.local/lib/python3.12/site-packages/airflow/example_dags/tutorial_objectstorage.py
[2026-04-26T23:11:21.097+0000] {processor.py:830} INFO - Processing file /home/airflow/.local/lib/python3.12/site-packages/airflow/example_dags/tutorial_objectstorage.py for tasks to queue
[2026-04-26T23:11:21.098+0000] {logging_mixin.py:188} INFO - [2026-04-26T23:11:21.098+0000] {dagbag.py:545} INFO - Filling up the DagBag from /home/airflow/.local/lib/python3.12/site-packages/airflow/example_dags/tutorial_objectstorage.py
[2026-04-26T23:11:21.102+0000] {processor.py:840} INFO - DAG(s) 'tutorial_objectstorage' retrieved from /home/airflow/.local/lib/python3.12/site-packages/airflow/example_dags/tutorial_objectstorage.py
[2026-04-26T23:11:21.114+0000] {logging_mixin.py:188} INFO - [2026-04-26T23:11:21.114+0000] {dag.py:3096} INFO - Sync 1 DAGs
[2026-04-26T23:11:21.121+0000] {logging_mixin.py:188} INFO - [2026-04-26T23:11:21.121+0000] {dag.py:3954} INFO - Setting next_dagrun for tutorial_objectstorage to None, run_after=None
[2026-04-26T23:11:21.131+0000] {processor.py:183} INFO - Processing /home/airflow/.local/lib/python3.12/site-packages/airflow/example_dags/tutorial_objectstorage.py took 0.037 seconds
[2026-04-26T23:11:51.886+0000] {processor.py:161} INFO - Started process (PID=503) to work on /home/airflow/.local/lib/python3.12/site-packages/airflow/example_dags/tutorial_objectstorage.py
[2026-04-26T23:11:51.887+0000] {processor.py:830} INFO - Processing file /home/airflow/.local/lib/python3.12/site-packages/airflow/example_dags/tutorial_objectstorage.py for tasks to queue
[2026-04-26T23:11:51.888+0000] {logging_mixin.py:188} INFO - [2026-04-26T23:11:51.888+0000] {dagbag.py:545} INFO - Filling up the DagBag from /home/airflow/.local/lib/python3.12/site-packages/airflow/example_dags/tutorial_objectstorage.py
[2026-04-26T23:11:51.892+0000] {processor.py:840} INFO - DAG(s) 'tutorial_objectstorage' retrieved from /home/airflow/.local/lib/python3.12/site-packages/airflow/example_dags/tutorial_objectstorage.py
[2026-04-26T23:11:51.904+0000] {logging_mixin.py:188} INFO - [2026-04-26T23:11:51.904+0000] {dag.py:3096} INFO - Sync 1 DAGs
[2026-04-26T23:11:51.911+0000] {logging_mixin.py:188} INFO - [2026-04-26T23:11:51.911+0000] {dag.py:3954} INFO - Setting next_dagrun for tutorial_objectstorage to None, run_after=None
[2026-04-26T23:11:51.922+0000] {processor.py:183} INFO - Processing /home/airflow/.local/lib/python3.12/site-packages/airflow/example_dags/tutorial_objectstorage.py took 0.041 seconds
[2026-04-26T23:12:22.659+0000] {processor.py:161} INFO - Started process (PID=561) to work on /home/airflow/.local/lib/python3.12/site-packages/airflow/example_dags/tutorial_objectstorage.py
[2026-04-26T23:12:22.660+0000] {processor.py:830} INFO - Processing file /home/airflow/.local/lib/python3.12/site-packages/airflow/example_dags/tutorial_objectstorage.py for tasks to queue
[2026-04-26T23:12:22.661+0000] {logging_mixin.py:188} INFO - [2026-04-26T23:12:22.660+0000] {dagbag.py:545} INFO - Filling up the DagBag from /home/airflow/.local/lib/python3.12/site-packages/airflow/example_dags/tutorial_objectstorage.py
[2026-04-26T23:12:22.665+0000] {processor.py:840} INFO - DAG(s) 'tutorial_objectstorage' retrieved from /home/airflow/.local/lib/python3.12/site-packages/airflow/example_dags/tutorial_objectstorage.py
[2026-04-26T23:12:22.675+0000] {logging_mixin.py:188} INFO - [2026-04-26T23:12:22.675+0000] {dag.py:3096} INFO - Sync 1 DAGs
[2026-04-26T23:12:22.682+0000] {logging_mixin.py:188} INFO - [2026-04-26T23:12:22.682+0000] {dag.py:3954} INFO - Setting next_dagrun for tutorial_objectstorage to None, run_after=None
[2026-04-26T23:12:22.692+0000] {processor.py:183} INFO - Processing /home/airflow/.local/lib/python3.12/site-packages/airflow/example_dags/tutorial_objectstorage.py took 0.036 seconds
[2026-04-26T23:12:53.611+0000] {processor.py:161} INFO - Started process (PID=619) to work on /home/airflow/.local/lib/python3.12/site-packages/airflow/example_dags/tutorial_objectstorage.py
[2026-04-26T23:12:53.612+0000] {processor.py:830} INFO - Processing file /home/airflow/.local/lib/python3.12/site-packages/airflow/example_dags/tutorial_objectstorage.py for tasks to queue
[2026-04-26T23:12:53.613+0000] {logging_mixin.py:188} INFO - [2026-04-26T23:12:53.613+0000] {dagbag.py:545} INFO - Filling up the DagBag from /home/airflow/.local/lib/python3.12/site-packages/airflow/example_dags/tutorial_objectstorage.py
[2026-04-26T23:12:53.617+0000] {processor.py:840} INFO - DAG(s) 'tutorial_objectstorage' retrieved from /home/airflow/.local/lib/python3.12/site-packages/airflow/example_dags/tutorial_objectstorage.py
[2026-04-26T23:12:53.631+0000] {logging_mixin.py:188} INFO - [2026-04-26T23:12:53.630+0000] {dag.py:3096} INFO - Sync 1 DAGs
[2026-04-26T23:12:53.638+0000] {logging_mixin.py:188} INFO - [2026-04-26T23:12:53.637+0000] {dag.py:3954} INFO - Setting next_dagrun for tutorial_objectstorage to None, run_after=None
[2026-04-26T23:12:53.649+0000] {processor.py:183} INFO - Processing /home/airflow/.local/lib/python3.12/site-packages/airflow/example_dags/tutorial_objectstorage.py took 0.041 seconds
[2026-04-26T23:13:23.778+0000] {processor.py:161} INFO - Started process (PID=677) to work on /home/airflow/.local/lib/python3.12/site-packages/airflow/example_dags/tutorial_objectstorage.py
[2026-04-26T23:13:23.779+0000] {processor.py:830} INFO - Processing file /home/airflow/.local/lib/python3.12/site-packages/airflow/example_dags/tutorial_objectstorage.py for tasks to queue
[2026-04-26T23:13:23.780+0000] {logging_mixin.py:188} INFO - [2026-04-26T23:13:23.780+0000] {dagbag.py:545} INFO - Filling up the DagBag from /home/airflow/.local/lib/python3.12/site-packages/airflow/example_dags/tutorial_objectstorage.py
[2026-04-26T23:13:23.786+0000] {processor.py:840} INFO - DAG(s) 'tutorial_objectstorage' retrieved from /home/airflow/.local/lib/python3.12/site-packages/airflow/example_dags/tutorial_objectstorage.py
[2026-04-26T23:13:23.800+0000] {logging_mixin.py:188} INFO - [2026-04-26T23:13:23.799+0000] {dag.py:3096} INFO - Sync 1 DAGs
[2026-04-26T23:13:23.809+0000] {logging_mixin.py:188} INFO - [2026-04-26T23:13:23.809+0000] {dag.py:3954} INFO - Setting next_dagrun for tutorial_objectstorage to None, run_after=None
[2026-04-26T23:13:23.819+0000] {processor.py:183} INFO - Processing /home/airflow/.local/lib/python3.12/site-packages/airflow/example_dags/tutorial_objectstorage.py took 0.045 seconds
[2026-04-26T23:13:53.844+0000] {processor.py:161} INFO - Started process (PID=735) to work on /home/airflow/.local/lib/python3.12/site-packages/airflow/example_dags/tutorial_objectstorage.py
[2026-04-26T23:13:53.845+0000] {processor.py:830} INFO - Processing file /home/airflow/.local/lib/python3.12/site-packages/airflow/example_dags/tutorial_objectstorage.py for tasks to queue
[2026-04-26T23:13:53.846+0000] {logging_mixin.py:188} INFO - [2026-04-26T23:13:53.846+0000] {dagbag.py:545} INFO - Filling up the DagBag from /home/airflow/.local/lib/python3.12/site-packages/airflow/example_dags/tutorial_objectstorage.py
[2026-04-26T23:13:53.851+0000] {processor.py:840} INFO - DAG(s) 'tutorial_objectstorage' retrieved from /home/airflow/.local/lib/python3.12/site-packages/airflow/example_dags/tutorial_objectstorage.py
[2026-04-26T23:13:53.862+0000] {logging_mixin.py:188} INFO - [2026-04-26T23:13:53.862+0000] {dag.py:3096} INFO - Sync 1 DAGs
[2026-04-26T23:13:53.868+0000] {logging_mixin.py:188} INFO - [2026-04-26T23:13:53.868+0000] {dag.py:3954} INFO - Setting next_dagrun for tutorial_objectstorage to None, run_after=None
[2026-04-26T23:13:53.878+0000] {processor.py:183} INFO - Processing /home/airflow/.local/lib/python3.12/site-packages/airflow/example_dags/tutorial_objectstorage.py took 0.037 seconds
[2026-04-26T23:14:24.540+0000] {processor.py:161} INFO - Started process (PID=793) to work on /home/airflow/.local/lib/python3.12/site-packages/airflow/example_dags/tutorial_objectstorage.py
[2026-04-26T23:14:24.540+0000] {processor.py:830} INFO - Processing file /home/airflow/.local/lib/python3.12/site-packages/airflow/example_dags/tutorial_objectstorage.py for tasks to queue
[2026-04-26T23:14:24.542+0000] {logging_mixin.py:188} INFO - [2026-04-26T23:14:24.541+0000] {dagbag.py:545} INFO - Filling up the DagBag from /home/airflow/.local/lib/python3.12/site-packages/airflow/example_dags/tutorial_objectstorage.py
[2026-04-26T23:14:24.547+0000] {processor.py:840} INFO - DAG(s) 'tutorial_objectstorage' retrieved from /home/airflow/.local/lib/python3.12/site-packages/airflow/example_dags/tutorial_objectstorage.py
[2026-04-26T23:14:24.559+0000] {logging_mixin.py:188} INFO - [2026-04-26T23:14:24.559+0000] {dag.py:3096} INFO - Sync 1 DAGs
[2026-04-26T23:14:24.567+0000] {logging_mixin.py:188} INFO - [2026-04-26T23:14:24.567+0000] {dag.py:3954} INFO - Setting next_dagrun for tutorial_objectstorage to None, run_after=None
[2026-04-26T23:14:24.577+0000] {processor.py:183} INFO - Processing /home/airflow/.local/lib/python3.12/site-packages/airflow/example_dags/tutorial_objectstorage.py took 0.042 seconds
[2026-04-26T23:14:55.270+0000] {processor.py:161} INFO - Started process (PID=851) to work on /home/airflow/.local/lib/python3.12/site-packages/airflow/example_dags/tutorial_objectstorage.py
[2026-04-26T23:14:55.270+0000] {processor.py:830} INFO - Processing file /home/airflow/.local/lib/python3.12/site-packages/airflow/example_dags/tutorial_objectstorage.py for tasks to queue
[2026-04-26T23:14:55.271+0000] {logging_mixin.py:188} INFO - [2026-04-26T23:14:55.271+0000] {dagbag.py:545} INFO - Filling up the DagBag from /home/airflow/.local/lib/python3.12/site-packages/airflow/example_dags/tutorial_objectstorage.py
[2026-04-26T23:14:55.275+0000] {processor.py:840} INFO - DAG(s) 'tutorial_objectstorage' retrieved from /home/airflow/.local/lib/python3.12/site-packages/airflow/example_dags/tutorial_objectstorage.py
[2026-04-26T23:14:55.286+0000] {logging_mixin.py:188} INFO - [2026-04-26T23:14:55.286+0000] {dag.py:3096} INFO - Sync 1 DAGs
[2026-04-26T23:14:55.293+0000] {logging_mixin.py:188} INFO - [2026-04-26T23:14:55.292+0000] {dag.py:3954} INFO - Setting next_dagrun for tutorial_objectstorage to None, run_after=None
[2026-04-26T23:14:55.301+0000] {processor.py:183} INFO - Processing /home/airflow/.local/lib/python3.12/site-packages/airflow/example_dags/tutorial_objectstorage.py took 0.034 seconds
[2026-04-26T23:15:25.579+0000] {processor.py:161} INFO - Started process (PID=909) to work on /home/airflow/.local/lib/python3.12/site-packages/airflow/example_dags/tutorial_objectstorage.py
[2026-04-26T23:15:25.580+0000] {processor.py:830} INFO - Processing file /home/airflow/.local/lib/python3.12/site-packages/airflow/example_dags/tutorial_objectstorage.py for tasks to queue
[2026-04-26T23:15:25.581+0000] {logging_mixin.py:188} INFO - [2026-04-26T23:15:25.581+0000] {dagbag.py:545} INFO - Filling up the DagBag from /home/airflow/.local/lib/python3.12/site-packages/airflow/example_dags/tutorial_objectstorage.py
[2026-04-26T23:15:25.585+0000] {processor.py:840} INFO - DAG(s) 'tutorial_objectstorage' retrieved from /home/airflow/.local/lib/python3.12/site-packages/airflow/example_dags/tutorial_objectstorage.py
[2026-04-26T23:15:25.597+0000] {logging_mixin.py:188} INFO - [2026-04-26T23:15:25.596+0000] {dag.py:3096} INFO - Sync 1 DAGs
[2026-04-26T23:15:25.604+0000] {logging_mixin.py:188} INFO - [2026-04-26T23:15:25.604+0000] {dag.py:3954} INFO - Setting next_dagrun for tutorial_objectstorage to None, run_after=None
[2026-04-26T23:15:25.614+0000] {processor.py:183} INFO - Processing /home/airflow/.local/lib/python3.12/site-packages/airflow/example_dags/tutorial_objectstorage.py took 0.038 seconds
[2026-04-26T23:15:55.691+0000] {processor.py:161} INFO - Started process (PID=967) to work on /home/airflow/.local/lib/python3.12/site-packages/airflow/example_dags/tutorial_objectstorage.py
[2026-04-26T23:15:55.692+0000] {processor.py:830} INFO - Processing file /home/airflow/.local/lib/python3.12/site-packages/airflow/example_dags/tutorial_objectstorage.py for tasks to queue
[2026-04-26T23:15:55.693+0000] {logging_mixin.py:188} INFO - [2026-04-26T23:15:55.692+0000] {dagbag.py:545} INFO - Filling up the DagBag from /home/airflow/.local/lib/python3.12/site-packages/airflow/example_dags/tutorial_objectstorage.py
[2026-04-26T23:15:55.697+0000] {processor.py:840} INFO - DAG(s) 'tutorial_objectstorage' retrieved from /home/airflow/.local/lib/python3.12/site-packages/airflow/example_dags/tutorial_objectstorage.py
[2026-04-26T23:15:55.707+0000] {logging_mixin.py:188} INFO - [2026-04-26T23:15:55.707+0000] {dag.py:3096} INFO - Sync 1 DAGs
[2026-04-26T23:15:55.714+0000] {logging_mixin.py:188} INFO - [2026-04-26T23:15:55.714+0000] {dag.py:3954} INFO - Setting next_dagrun for tutorial_objectstorage to None, run_after=None
[2026-04-26T23:15:55.722+0000] {processor.py:183} INFO - Processing /home/airflow/.local/lib/python3.12/site-packages/airflow/example_dags/tutorial_objectstorage.py took 0.034 seconds
[2026-04-26T23:16:25.863+0000] {processor.py:161} INFO - Started process (PID=1025) to work on /home/airflow/.local/lib/python3.12/site-packages/airflow/example_dags/tutorial_objectstorage.py
[2026-04-26T23:16:25.864+0000] {processor.py:830} INFO - Processing file /home/airflow/.local/lib/python3.12/site-packages/airflow/example_dags/tutorial_objectstorage.py for tasks to queue
[2026-04-26T23:16:25.865+0000] {logging_mixin.py:188} INFO - [2026-04-26T23:16:25.865+0000] {dagbag.py:545} INFO - Filling up the DagBag from /home/airflow/.local/lib/python3.12/site-packages/airflow/example_dags/tutorial_objectstorage.py
[2026-04-26T23:16:25.869+0000] {processor.py:840} INFO - DAG(s) 'tutorial_objectstorage' retrieved from /home/airflow/.local/lib/python3.12/site-packages/airflow/example_dags/tutorial_objectstorage.py
[2026-04-26T23:16:25.879+0000] {logging_mixin.py:188} INFO - [2026-04-26T23:16:25.879+0000] {dag.py:3096} INFO - Sync 1 DAGs
[2026-04-26T23:16:25.886+0000] {logging_mixin.py:188} INFO - [2026-04-26T23:16:25.886+0000] {dag.py:3954} INFO - Setting next_dagrun for tutorial_objectstorage to None, run_after=None
[2026-04-26T23:16:25.895+0000] {processor.py:183} INFO - Processing /home/airflow/.local/lib/python3.12/site-packages/airflow/example_dags/tutorial_objectstorage.py took 0.035 seconds
[2026-04-26T23:16:56.104+0000] {processor.py:161} INFO - Started process (PID=1083) to work on /home/airflow/.local/lib/python3.12/site-packages/airflow/example_dags/tutorial_objectstorage.py
[2026-04-26T23:16:56.105+0000] {processor.py:830} INFO - Processing file /home/airflow/.local/lib/python3.12/site-packages/airflow/example_dags/tutorial_objectstorage.py for tasks to queue
[2026-04-26T23:16:56.106+0000] {logging_mixin.py:188} INFO - [2026-04-26T23:16:56.106+0000] {dagbag.py:545} INFO - Filling up the DagBag from /home/airflow/.local/lib/python3.12/site-packages/airflow/example_dags/tutorial_objectstorage.py
[2026-04-26T23:16:56.110+0000] {processor.py:840} INFO - DAG(s) 'tutorial_objectstorage' retrieved from /home/airflow/.local/lib/python3.12/site-packages/airflow/example_dags/tutorial_objectstorage.py
[2026-04-26T23:16:56.120+0000] {logging_mixin.py:188} INFO - [2026-04-26T23:16:56.120+0000] {dag.py:3096} INFO - Sync 1 DAGs
[2026-04-26T23:16:56.126+0000] {logging_mixin.py:188} INFO - [2026-04-26T23:16:56.126+0000] {dag.py:3954} INFO - Setting next_dagrun for tutorial_objectstorage to None, run_after=None
[2026-04-26T23:16:56.136+0000] {processor.py:183} INFO - Processing /home/airflow/.local/lib/python3.12/site-packages/airflow/example_dags/tutorial_objectstorage.py took 0.035 seconds
[2026-04-26T23:17:26.474+0000] {processor.py:161} INFO - Started process (PID=1141) to work on /home/airflow/.local/lib/python3.12/site-packages/airflow/example_dags/tutorial_objectstorage.py
[2026-04-26T23:17:26.474+0000] {processor.py:830} INFO - Processing file /home/airflow/.local/lib/python3.12/site-packages/airflow/example_dags/tutorial_objectstorage.py for tasks to queue
[2026-04-26T23:17:26.475+0000] {logging_mixin.py:188} INFO - [2026-04-26T23:17:26.475+0000] {dagbag.py:545} INFO - Filling up the DagBag from /home/airflow/.local/lib/python3.12/site-packages/airflow/example_dags/tutorial_objectstorage.py
[2026-04-26T23:17:26.479+0000] {processor.py:840} INFO - DAG(s) 'tutorial_objectstorage' retrieved from /home/airflow/.local/lib/python3.12/site-packages/airflow/example_dags/tutorial_objectstorage.py
[2026-04-26T23:17:26.490+0000] {logging_mixin.py:188} INFO - [2026-04-26T23:17:26.490+0000] {dag.py:3096} INFO - Sync 1 DAGs
[2026-04-26T23:17:26.496+0000] {logging_mixin.py:188} INFO - [2026-04-26T23:17:26.496+0000] {dag.py:3954} INFO - Setting next_dagrun for tutorial_objectstorage to None, run_after=None
[2026-04-26T23:17:26.504+0000] {processor.py:183} INFO - Processing /home/airflow/.local/lib/python3.12/site-packages/airflow/example_dags/tutorial_objectstorage.py took 0.034 seconds
[2026-04-26T23:17:56.782+0000] {processor.py:161} INFO - Started process (PID=1199) to work on /home/airflow/.local/lib/python3.12/site-packages/airflow/example_dags/tutorial_objectstorage.py
[2026-04-26T23:17:56.782+0000] {processor.py:830} INFO - Processing file /home/airflow/.local/lib/python3.12/site-packages/airflow/example_dags/tutorial_objectstorage.py for tasks to queue
[2026-04-26T23:17:56.783+0000] {logging_mixin.py:188} INFO - [2026-04-26T23:17:56.783+0000] {dagbag.py:545} INFO - Filling up the DagBag from /home/airflow/.local/lib/python3.12/site-packages/airflow/example_dags/tutorial_objectstorage.py
[2026-04-26T23:17:56.788+0000] {processor.py:840} INFO - DAG(s) 'tutorial_objectstorage' retrieved from /home/airflow/.local/lib/python3.12/site-packages/airflow/example_dags/tutorial_objectstorage.py
[2026-04-26T23:17:56.797+0000] {logging_mixin.py:188} INFO - [2026-04-26T23:17:56.797+0000] {dag.py:3096} INFO - Sync 1 DAGs
[2026-04-26T23:17:56.805+0000] {logging_mixin.py:188} INFO - [2026-04-26T23:17:56.804+0000] {dag.py:3954} INFO - Setting next_dagrun for tutorial_objectstorage to None, run_after=None
[2026-04-26T23:17:56.813+0000] {processor.py:183} INFO - Processing /home/airflow/.local/lib/python3.12/site-packages/airflow/example_dags/tutorial_objectstorage.py took 0.035 seconds
[2026-04-26T23:18:26.944+0000] {processor.py:161} INFO - Started process (PID=1258) to work on /home/airflow/.local/lib/python3.12/site-packages/airflow/example_dags/tutorial_objectstorage.py
[2026-04-26T23:18:26.945+0000] {processor.py:830} INFO - Processing file /home/airflow/.local/lib/python3.12/site-packages/airflow/example_dags/tutorial_objectstorage.py for tasks to queue
[2026-04-26T23:18:26.946+0000] {logging_mixin.py:188} INFO - [2026-04-26T23:18:26.946+0000] {dagbag.py:545} INFO - Filling up the DagBag from /home/airflow/.local/lib/python3.12/site-packages/airflow/example_dags/tutorial_objectstorage.py
[2026-04-26T23:18:26.950+0000] {processor.py:840} INFO - DAG(s) 'tutorial_objectstorage' retrieved from /home/airflow/.local/lib/python3.12/site-packages/airflow/example_dags/tutorial_objectstorage.py
[2026-04-26T23:18:26.960+0000] {logging_mixin.py:188} INFO - [2026-04-26T23:18:26.960+0000] {dag.py:3096} INFO - Sync 1 DAGs
[2026-04-26T23:18:26.967+0000] {logging_mixin.py:188} INFO - [2026-04-26T23:18:26.967+0000] {dag.py:3954} INFO - Setting next_dagrun for tutorial_objectstorage to None, run_after=None
[2026-04-26T23:18:26.975+0000] {processor.py:183} INFO - Processing /home/airflow/.local/lib/python3.12/site-packages/airflow/example_dags/tutorial_objectstorage.py took 0.035 seconds
[2026-04-26T23:18:57.340+0000] {processor.py:161} INFO - Started process (PID=1317) to work on /home/airflow/.local/lib/python3.12/site-packages/airflow/example_dags/tutorial_objectstorage.py
[2026-04-26T23:18:57.341+0000] {processor.py:830} INFO - Processing file /home/airflow/.local/lib/python3.12/site-packages/airflow/example_dags/tutorial_objectstorage.py for tasks to queue
[2026-04-26T23:18:57.342+0000] {logging_mixin.py:188} INFO - [2026-04-26T23:18:57.341+0000] {dagbag.py:545} INFO - Filling up the DagBag from /home/airflow/.local/lib/python3.12/site-packages/airflow/example_dags/tutorial_objectstorage.py
[2026-04-26T23:18:57.346+0000] {processor.py:840} INFO - DAG(s) 'tutorial_objectstorage' retrieved from /home/airflow/.local/lib/python3.12/site-packages/airflow/example_dags/tutorial_objectstorage.py
[2026-04-26T23:18:57.356+0000] {logging_mixin.py:188} INFO - [2026-04-26T23:18:57.356+0000] {dag.py:3096} INFO - Sync 1 DAGs
[2026-04-26T23:18:57.363+0000] {logging_mixin.py:188} INFO - [2026-04-26T23:18:57.363+0000] {dag.py:3954} INFO - Setting next_dagrun for tutorial_objectstorage to None, run_after=None
[2026-04-26T23:18:57.373+0000] {processor.py:183} INFO - Processing /home/airflow/.local/lib/python3.12/site-packages/airflow/example_dags/tutorial_objectstorage.py took 0.036 seconds
[2026-04-26T23:19:27.600+0000] {processor.py:161} INFO - Started process (PID=1376) to work on /home/airflow/.local/lib/python3.12/site-packages/airflow/example_dags/tutorial_objectstorage.py
[2026-04-26T23:19:27.600+0000] {processor.py:830} INFO - Processing file /home/airflow/.local/lib/python3.12/site-packages/airflow/example_dags/tutorial_objectstorage.py for tasks to queue
[2026-04-26T23:19:27.601+0000] {logging_mixin.py:188} INFO - [2026-04-26T23:19:27.601+0000] {dagbag.py:545} INFO - Filling up the DagBag from /home/airflow/.local/lib/python3.12/site-packages/airflow/example_dags/tutorial_objectstorage.py
[2026-04-26T23:19:27.606+0000] {processor.py:840} INFO - DAG(s) 'tutorial_objectstorage' retrieved from /home/airflow/.local/lib/python3.12/site-packages/airflow/example_dags/tutorial_objectstorage.py
[2026-04-26T23:19:27.616+0000] {logging_mixin.py:188} INFO - [2026-04-26T23:19:27.616+0000] {dag.py:3096} INFO - Sync 1 DAGs
[2026-04-26T23:19:27.623+0000] {logging_mixin.py:188} INFO - [2026-04-26T23:19:27.623+0000] {dag.py:3954} INFO - Setting next_dagrun for tutorial_objectstorage to None, run_after=None
[2026-04-26T23:19:27.634+0000] {processor.py:183} INFO - Processing /home/airflow/.local/lib/python3.12/site-packages/airflow/example_dags/tutorial_objectstorage.py took 0.038 seconds
[2026-04-26T23:19:57.975+0000] {processor.py:161} INFO - Started process (PID=1435) to work on /home/airflow/.local/lib/python3.12/site-packages/airflow/example_dags/tutorial_objectstorage.py
[2026-04-26T23:19:57.975+0000] {processor.py:830} INFO - Processing file /home/airflow/.local/lib/python3.12/site-packages/airflow/example_dags/tutorial_objectstorage.py for tasks to queue
[2026-04-26T23:19:57.976+0000] {logging_mixin.py:188} INFO - [2026-04-26T23:19:57.976+0000] {dagbag.py:545} INFO - Filling up the DagBag from /home/airflow/.local/lib/python3.12/site-packages/airflow/example_dags/tutorial_objectstorage.py
[2026-04-26T23:19:57.980+0000] {processor.py:840} INFO - DAG(s) 'tutorial_objectstorage' retrieved from /home/airflow/.local/lib/python3.12/site-packages/airflow/example_dags/tutorial_objectstorage.py
[2026-04-26T23:19:57.990+0000] {logging_mixin.py:188} INFO - [2026-04-26T23:19:57.990+0000] {dag.py:3096} INFO - Sync 1 DAGs
[2026-04-26T23:19:57.996+0000] {logging_mixin.py:188} INFO - [2026-04-26T23:19:57.996+0000] {dag.py:3954} INFO - Setting next_dagrun for tutorial_objectstorage to None, run_after=None
[2026-04-26T23:19:58.005+0000] {processor.py:183} INFO - Processing /home/airflow/.local/lib/python3.12/site-packages/airflow/example_dags/tutorial_objectstorage.py took 0.034 seconds
[2026-04-26T23:20:28.988+0000] {processor.py:161} INFO - Started process (PID=1494) to work on /home/airflow/.local/lib/python3.12/site-packages/airflow/example_dags/tutorial_objectstorage.py
[2026-04-26T23:20:28.988+0000] {processor.py:830} INFO - Processing file /home/airflow/.local/lib/python3.12/site-packages/airflow/example_dags/tutorial_objectstorage.py for tasks to queue
[2026-04-26T23:20:28.990+0000] {logging_mixin.py:188} INFO - [2026-04-26T23:20:28.990+0000] {dagbag.py:545} INFO - Filling up the DagBag from /home/airflow/.local/lib/python3.12/site-packages/airflow/example_dags/tutorial_objectstorage.py
[2026-04-26T23:20:28.996+0000] {processor.py:840} INFO - DAG(s) 'tutorial_objectstorage' retrieved from /home/airflow/.local/lib/python3.12/site-packages/airflow/example_dags/tutorial_objectstorage.py
[2026-04-26T23:20:29.009+0000] {logging_mixin.py:188} INFO - [2026-04-26T23:20:29.009+0000] {dag.py:3096} INFO - Sync 1 DAGs
[2026-04-26T23:20:29.018+0000] {logging_mixin.py:188} INFO - [2026-04-26T23:20:29.018+0000] {dag.py:3954} INFO - Setting next_dagrun for tutorial_objectstorage to None, run_after=None
[2026-04-26T23:20:29.031+0000] {processor.py:183} INFO - Processing /home/airflow/.local/lib/python3.12/site-packages/airflow/example_dags/tutorial_objectstorage.py took 0.048 seconds
[2026-04-26T23:20:59.351+0000] {processor.py:161} INFO - Started process (PID=1553) to work on /home/airflow/.local/lib/python3.12/site-packages/airflow/example_dags/tutorial_objectstorage.py
[2026-04-26T23:20:59.351+0000] {processor.py:830} INFO - Processing file /home/airflow/.local/lib/python3.12/site-packages/airflow/example_dags/tutorial_objectstorage.py for tasks to queue
[2026-04-26T23:20:59.352+0000] {logging_mixin.py:188} INFO - [2026-04-26T23:20:59.352+0000] {dagbag.py:545} INFO - Filling up the DagBag from /home/airflow/.local/lib/python3.12/site-packages/airflow/example_dags/tutorial_objectstorage.py
[2026-04-26T23:20:59.357+0000] {processor.py:840} INFO - DAG(s) 'tutorial_objectstorage' retrieved from /home/airflow/.local/lib/python3.12/site-packages/airflow/example_dags/tutorial_objectstorage.py
[2026-04-26T23:20:59.368+0000] {logging_mixin.py:188} INFO - [2026-04-26T23:20:59.368+0000] {dag.py:3096} INFO - Sync 1 DAGs
[2026-04-26T23:20:59.375+0000] {logging_mixin.py:188} INFO - [2026-04-26T23:20:59.375+0000] {dag.py:3954} INFO - Setting next_dagrun for tutorial_objectstorage to None, run_after=None
[2026-04-26T23:20:59.384+0000] {processor.py:183} INFO - Processing /home/airflow/.local/lib/python3.12/site-packages/airflow/example_dags/tutorial_objectstorage.py took 0.037 seconds
[2026-04-26T23:21:29.427+0000] {processor.py:161} INFO - Started process (PID=1611) to work on /home/airflow/.local/lib/python3.12/site-packages/airflow/example_dags/tutorial_objectstorage.py
[2026-04-26T23:21:29.427+0000] {processor.py:830} INFO - Processing file /home/airflow/.local/lib/python3.12/site-packages/airflow/example_dags/tutorial_objectstorage.py for tasks to queue
[2026-04-26T23:21:29.428+0000] {logging_mixin.py:188} INFO - [2026-04-26T23:21:29.428+0000] {dagbag.py:545} INFO - Filling up the DagBag from /home/airflow/.local/lib/python3.12/site-packages/airflow/example_dags/tutorial_objectstorage.py
[2026-04-26T23:21:29.432+0000] {processor.py:840} INFO - DAG(s) 'tutorial_objectstorage' retrieved from /home/airflow/.local/lib/python3.12/site-packages/airflow/example_dags/tutorial_objectstorage.py
[2026-04-26T23:21:29.444+0000] {logging_mixin.py:188} INFO - [2026-04-26T23:21:29.444+0000] {dag.py:3096} INFO - Sync 1 DAGs
[2026-04-26T23:21:29.451+0000] {logging_mixin.py:188} INFO - [2026-04-26T23:21:29.451+0000] {dag.py:3954} INFO - Setting next_dagrun for tutorial_objectstorage to None, run_after=None
[2026-04-26T23:21:29.462+0000] {processor.py:183} INFO - Processing /home/airflow/.local/lib/python3.12/site-packages/airflow/example_dags/tutorial_objectstorage.py took 0.038 seconds
[2026-04-26T23:21:59.502+0000] {processor.py:161} INFO - Started process (PID=1671) to work on /home/airflow/.local/lib/python3.12/site-packages/airflow/example_dags/tutorial_objectstorage.py
[2026-04-26T23:21:59.502+0000] {processor.py:830} INFO - Processing file /home/airflow/.local/lib/python3.12/site-packages/airflow/example_dags/tutorial_objectstorage.py for tasks to queue
[2026-04-26T23:21:59.503+0000] {logging_mixin.py:188} INFO - [2026-04-26T23:21:59.503+0000] {dagbag.py:545} INFO - Filling up the DagBag from /home/airflow/.local/lib/python3.12/site-packages/airflow/example_dags/tutorial_objectstorage.py
[2026-04-26T23:21:59.507+0000] {processor.py:840} INFO - DAG(s) 'tutorial_objectstorage' retrieved from /home/airflow/.local/lib/python3.12/site-packages/airflow/example_dags/tutorial_objectstorage.py
[2026-04-26T23:21:59.517+0000] {logging_mixin.py:188} INFO - [2026-04-26T23:21:59.517+0000] {dag.py:3096} INFO - Sync 1 DAGs
[2026-04-26T23:21:59.523+0000] {logging_mixin.py:188} INFO - [2026-04-26T23:21:59.523+0000] {dag.py:3954} INFO - Setting next_dagrun for tutorial_objectstorage to None, run_after=None
[2026-04-26T23:21:59.531+0000] {processor.py:183} INFO - Processing /home/airflow/.local/lib/python3.12/site-packages/airflow/example_dags/tutorial_objectstorage.py took 0.032 seconds
[2026-04-26T23:22:29.920+0000] {processor.py:161} INFO - Started process (PID=1730) to work on /home/airflow/.local/lib/python3.12/site-packages/airflow/example_dags/tutorial_objectstorage.py
[2026-04-26T23:22:29.921+0000] {processor.py:830} INFO - Processing file /home/airflow/.local/lib/python3.12/site-packages/airflow/example_dags/tutorial_objectstorage.py for tasks to queue
[2026-04-26T23:22:29.922+0000] {logging_mixin.py:188} INFO - [2026-04-26T23:22:29.921+0000] {dagbag.py:545} INFO - Filling up the DagBag from /home/airflow/.local/lib/python3.12/site-packages/airflow/example_dags/tutorial_objectstorage.py
[2026-04-26T23:22:29.926+0000] {processor.py:840} INFO - DAG(s) 'tutorial_objectstorage' retrieved from /home/airflow/.local/lib/python3.12/site-packages/airflow/example_dags/tutorial_objectstorage.py
[2026-04-26T23:22:29.937+0000] {logging_mixin.py:188} INFO - [2026-04-26T23:22:29.937+0000] {dag.py:3096} INFO - Sync 1 DAGs
[2026-04-26T23:22:29.944+0000] {logging_mixin.py:188} INFO - [2026-04-26T23:22:29.944+0000] {dag.py:3954} INFO - Setting next_dagrun for tutorial_objectstorage to None, run_after=None
[2026-04-26T23:22:29.954+0000] {processor.py:183} INFO - Processing /home/airflow/.local/lib/python3.12/site-packages/airflow/example_dags/tutorial_objectstorage.py took 0.038 seconds
[2026-04-26T23:23:00.128+0000] {processor.py:161} INFO - Started process (PID=1790) to work on /home/airflow/.local/lib/python3.12/site-packages/airflow/example_dags/tutorial_objectstorage.py
[2026-04-26T23:23:00.129+0000] {processor.py:830} INFO - Processing file /home/airflow/.local/lib/python3.12/site-packages/airflow/example_dags/tutorial_objectstorage.py for tasks to queue
[2026-04-26T23:23:00.130+0000] {logging_mixin.py:188} INFO - [2026-04-26T23:23:00.129+0000] {dagbag.py:545} INFO - Filling up the DagBag from /home/airflow/.local/lib/python3.12/site-packages/airflow/example_dags/tutorial_objectstorage.py
[2026-04-26T23:23:00.134+0000] {processor.py:840} INFO - DAG(s) 'tutorial_objectstorage' retrieved from /home/airflow/.local/lib/python3.12/site-packages/airflow/example_dags/tutorial_objectstorage.py
[2026-04-26T23:23:00.143+0000] {logging_mixin.py:188} INFO - [2026-04-26T23:23:00.143+0000] {dag.py:3096} INFO - Sync 1 DAGs
[2026-04-26T23:23:00.149+0000] {logging_mixin.py:188} INFO - [2026-04-26T23:23:00.149+0000] {dag.py:3954} INFO - Setting next_dagrun for tutorial_objectstorage to None, run_after=None
[2026-04-26T23:23:00.157+0000] {processor.py:183} INFO - Processing /home/airflow/.local/lib/python3.12/site-packages/airflow/example_dags/tutorial_objectstorage.py took 0.032 seconds
[2026-04-26T23:23:30.929+0000] {processor.py:161} INFO - Started process (PID=1849) to work on /home/airflow/.local/lib/python3.12/site-packages/airflow/example_dags/tutorial_objectstorage.py
[2026-04-26T23:23:30.930+0000] {processor.py:830} INFO - Processing file /home/airflow/.local/lib/python3.12/site-packages/airflow/example_dags/tutorial_objectstorage.py for tasks to queue
[2026-04-26T23:23:30.931+0000] {logging_mixin.py:188} INFO - [2026-04-26T23:23:30.931+0000] {dagbag.py:545} INFO - Filling up the DagBag from /home/airflow/.local/lib/python3.12/site-packages/airflow/example_dags/tutorial_objectstorage.py
[2026-04-26T23:23:30.935+0000] {processor.py:840} INFO - DAG(s) 'tutorial_objectstorage' retrieved from /home/airflow/.local/lib/python3.12/site-packages/airflow/example_dags/tutorial_objectstorage.py
[2026-04-26T23:23:30.946+0000] {logging_mixin.py:188} INFO - [2026-04-26T23:23:30.946+0000] {dag.py:3096} INFO - Sync 1 DAGs
[2026-04-26T23:23:30.953+0000] {logging_mixin.py:188} INFO - [2026-04-26T23:23:30.952+0000] {dag.py:3954} INFO - Setting next_dagrun for tutorial_objectstorage to None, run_after=None
[2026-04-26T23:23:30.962+0000] {processor.py:183} INFO - Processing /home/airflow/.local/lib/python3.12/site-packages/airflow/example_dags/tutorial_objectstorage.py took 0.036 seconds
[2026-04-26T23:24:02.449+0000] {processor.py:161} INFO - Started process (PID=1908) to work on /home/airflow/.local/lib/python3.12/site-packages/airflow/example_dags/tutorial_objectstorage.py
[2026-04-26T23:24:02.450+0000] {processor.py:830} INFO - Processing file /home/airflow/.local/lib/python3.12/site-packages/airflow/example_dags/tutorial_objectstorage.py for tasks to queue
[2026-04-26T23:24:02.451+0000] {logging_mixin.py:188} INFO - [2026-04-26T23:24:02.451+0000] {dagbag.py:545} INFO - Filling up the DagBag from /home/airflow/.local/lib/python3.12/site-packages/airflow/example_dags/tutorial_objectstorage.py
[2026-04-26T23:24:02.455+0000] {processor.py:840} INFO - DAG(s) 'tutorial_objectstorage' retrieved from /home/airflow/.local/lib/python3.12/site-packages/airflow/example_dags/tutorial_objectstorage.py
[2026-04-26T23:24:02.466+0000] {logging_mixin.py:188} INFO - [2026-04-26T23:24:02.466+0000] {dag.py:3096} INFO - Sync 1 DAGs
[2026-04-26T23:24:02.473+0000] {logging_mixin.py:188} INFO - [2026-04-26T23:24:02.472+0000] {dag.py:3954} INFO - Setting next_dagrun for tutorial_objectstorage to None, run_after=None
[2026-04-26T23:24:02.482+0000] {processor.py:183} INFO - Processing /home/airflow/.local/lib/python3.12/site-packages/airflow/example_dags/tutorial_objectstorage.py took 0.036 seconds
[2026-04-26T23:24:34.574+0000] {processor.py:161} INFO - Started process (PID=1968) to work on /home/airflow/.local/lib/python3.12/site-packages/airflow/example_dags/tutorial_objectstorage.py
[2026-04-26T23:24:34.575+0000] {processor.py:830} INFO - Processing file /home/airflow/.local/lib/python3.12/site-packages/airflow/example_dags/tutorial_objectstorage.py for tasks to queue
[2026-04-26T23:24:34.576+0000] {logging_mixin.py:188} INFO - [2026-04-26T23:24:34.576+0000] {dagbag.py:545} INFO - Filling up the DagBag from /home/airflow/.local/lib/python3.12/site-packages/airflow/example_dags/tutorial_objectstorage.py
[2026-04-26T23:24:34.580+0000] {processor.py:840} INFO - DAG(s) 'tutorial_objectstorage' retrieved from /home/airflow/.local/lib/python3.12/site-packages/airflow/example_dags/tutorial_objectstorage.py
[2026-04-26T23:24:34.685+0000] {logging_mixin.py:188} INFO - [2026-04-26T23:24:34.685+0000] {dag.py:3096} INFO - Sync 1 DAGs
[2026-04-26T23:24:34.691+0000] {logging_mixin.py:188} INFO - [2026-04-26T23:24:34.691+0000] {dag.py:3954} INFO - Setting next_dagrun for tutorial_objectstorage to None, run_after=None
[2026-04-26T23:24:34.707+0000] {processor.py:183} INFO - Processing /home/airflow/.local/lib/python3.12/site-packages/airflow/example_dags/tutorial_objectstorage.py took 0.136 seconds
[2026-04-26T23:25:05.675+0000] {processor.py:161} INFO - Started process (PID=2029) to work on /home/airflow/.local/lib/python3.12/site-packages/airflow/example_dags/tutorial_objectstorage.py
[2026-04-26T23:25:05.679+0000] {processor.py:830} INFO - Processing file /home/airflow/.local/lib/python3.12/site-packages/airflow/example_dags/tutorial_objectstorage.py for tasks to queue
[2026-04-26T23:25:05.680+0000] {logging_mixin.py:188} INFO - [2026-04-26T23:25:05.680+0000] {dagbag.py:545} INFO - Filling up the DagBag from /home/airflow/.local/lib/python3.12/site-packages/airflow/example_dags/tutorial_objectstorage.py
[2026-04-26T23:25:05.684+0000] {processor.py:840} INFO - DAG(s) 'tutorial_objectstorage' retrieved from /home/airflow/.local/lib/python3.12/site-packages/airflow/example_dags/tutorial_objectstorage.py
[2026-04-26T23:25:05.695+0000] {logging_mixin.py:188} INFO - [2026-04-26T23:25:05.695+0000] {dag.py:3096} INFO - Sync 1 DAGs
[2026-04-26T23:25:05.702+0000] {logging_mixin.py:188} INFO - [2026-04-26T23:25:05.702+0000] {dag.py:3954} INFO - Setting next_dagrun for tutorial_objectstorage to None, run_after=None
[2026-04-26T23:25:05.710+0000] {processor.py:183} INFO - Processing /home/airflow/.local/lib/python3.12/site-packages/airflow/example_dags/tutorial_objectstorage.py took 0.039 seconds
[2026-04-26T23:25:36.374+0000] {processor.py:161} INFO - Started process (PID=2088) to work on /home/airflow/.local/lib/python3.12/site-packages/airflow/example_dags/tutorial_objectstorage.py
[2026-04-26T23:25:36.378+0000] {processor.py:830} INFO - Processing file /home/airflow/.local/lib/python3.12/site-packages/airflow/example_dags/tutorial_objectstorage.py for tasks to queue
[2026-04-26T23:25:36.379+0000] {logging_mixin.py:188} INFO - [2026-04-26T23:25:36.379+0000] {dagbag.py:545} INFO - Filling up the DagBag from /home/airflow/.local/lib/python3.12/site-packages/airflow/example_dags/tutorial_objectstorage.py
[2026-04-26T23:25:36.384+0000] {processor.py:840} INFO - DAG(s) 'tutorial_objectstorage' retrieved from /home/airflow/.local/lib/python3.12/site-packages/airflow/example_dags/tutorial_objectstorage.py
[2026-04-26T23:25:36.395+0000] {logging_mixin.py:188} INFO - [2026-04-26T23:25:36.395+0000] {dag.py:3096} INFO - Sync 1 DAGs
[2026-04-26T23:25:36.402+0000] {logging_mixin.py:188} INFO - [2026-04-26T23:25:36.401+0000] {dag.py:3954} INFO - Setting next_dagrun for tutorial_objectstorage to None, run_after=None
[2026-04-26T23:25:36.412+0000] {processor.py:183} INFO - Processing /home/airflow/.local/lib/python3.12/site-packages/airflow/example_dags/tutorial_objectstorage.py took 0.042 seconds
[2026-04-26T23:26:07.139+0000] {processor.py:161} INFO - Started process (PID=2147) to work on /home/airflow/.local/lib/python3.12/site-packages/airflow/example_dags/tutorial_objectstorage.py
[2026-04-26T23:26:07.143+0000] {processor.py:830} INFO - Processing file /home/airflow/.local/lib/python3.12/site-packages/airflow/example_dags/tutorial_objectstorage.py for tasks to queue
[2026-04-26T23:26:07.144+0000] {logging_mixin.py:188} INFO - [2026-04-26T23:26:07.144+0000] {dagbag.py:545} INFO - Filling up the DagBag from /home/airflow/.local/lib/python3.12/site-packages/airflow/example_dags/tutorial_objectstorage.py
[2026-04-26T23:26:07.150+0000] {processor.py:840} INFO - DAG(s) 'tutorial_objectstorage' retrieved from /home/airflow/.local/lib/python3.12/site-packages/airflow/example_dags/tutorial_objectstorage.py
[2026-04-26T23:26:07.163+0000] {logging_mixin.py:188} INFO - [2026-04-26T23:26:07.163+0000] {dag.py:3096} INFO - Sync 1 DAGs
[2026-04-26T23:26:07.172+0000] {logging_mixin.py:188} INFO - [2026-04-26T23:26:07.171+0000] {dag.py:3954} INFO - Setting next_dagrun for tutorial_objectstorage to None, run_after=None
[2026-04-26T23:26:07.185+0000] {processor.py:183} INFO - Processing /home/airflow/.local/lib/python3.12/site-packages/airflow/example_dags/tutorial_objectstorage.py took 0.050 seconds
[2026-04-26T23:26:37.934+0000] {processor.py:161} INFO - Started process (PID=2206) to work on /home/airflow/.local/lib/python3.12/site-packages/airflow/example_dags/tutorial_objectstorage.py
[2026-04-26T23:26:37.935+0000] {processor.py:830} INFO - Processing file /home/airflow/.local/lib/python3.12/site-packages/airflow/example_dags/tutorial_objectstorage.py for tasks to queue
[2026-04-26T23:26:37.936+0000] {logging_mixin.py:188} INFO - [2026-04-26T23:26:37.935+0000] {dagbag.py:545} INFO - Filling up the DagBag from /home/airflow/.local/lib/python3.12/site-packages/airflow/example_dags/tutorial_objectstorage.py
[2026-04-26T23:26:37.940+0000] {processor.py:840} INFO - DAG(s) 'tutorial_objectstorage' retrieved from /home/airflow/.local/lib/python3.12/site-packages/airflow/example_dags/tutorial_objectstorage.py
[2026-04-26T23:26:37.951+0000] {logging_mixin.py:188} INFO - [2026-04-26T23:26:37.951+0000] {dag.py:3096} INFO - Sync 1 DAGs
[2026-04-26T23:26:37.958+0000] {logging_mixin.py:188} INFO - [2026-04-26T23:26:37.958+0000] {dag.py:3954} INFO - Setting next_dagrun for tutorial_objectstorage to None, run_after=None
[2026-04-26T23:26:37.969+0000] {processor.py:183} INFO - Processing /home/airflow/.local/lib/python3.12/site-packages/airflow/example_dags/tutorial_objectstorage.py took 0.039 seconds
[2026-04-26T23:27:08.689+0000] {processor.py:161} INFO - Started process (PID=2265) to work on /home/airflow/.local/lib/python3.12/site-packages/airflow/example_dags/tutorial_objectstorage.py
[2026-04-26T23:27:08.698+0000] {processor.py:830} INFO - Processing file /home/airflow/.local/lib/python3.12/site-packages/airflow/example_dags/tutorial_objectstorage.py for tasks to queue
[2026-04-26T23:27:08.699+0000] {logging_mixin.py:188} INFO - [2026-04-26T23:27:08.699+0000] {dagbag.py:545} INFO - Filling up the DagBag from /home/airflow/.local/lib/python3.12/site-packages/airflow/example_dags/tutorial_objectstorage.py
[2026-04-26T23:27:08.703+0000] {processor.py:840} INFO - DAG(s) 'tutorial_objectstorage' retrieved from /home/airflow/.local/lib/python3.12/site-packages/airflow/example_dags/tutorial_objectstorage.py
[2026-04-26T23:27:08.715+0000] {logging_mixin.py:188} INFO - [2026-04-26T23:27:08.715+0000] {dag.py:3096} INFO - Sync 1 DAGs
[2026-04-26T23:27:08.723+0000] {logging_mixin.py:188} INFO - [2026-04-26T23:27:08.723+0000] {dag.py:3954} INFO - Setting next_dagrun for tutorial_objectstorage to None, run_after=None
[2026-04-26T23:27:08.734+0000] {processor.py:183} INFO - Processing /home/airflow/.local/lib/python3.12/site-packages/airflow/example_dags/tutorial_objectstorage.py took 0.048 seconds
[2026-04-26T23:27:39.407+0000] {processor.py:161} INFO - Started process (PID=2324) to work on /home/airflow/.local/lib/python3.12/site-packages/airflow/example_dags/tutorial_objectstorage.py
[2026-04-26T23:27:39.416+0000] {processor.py:830} INFO - Processing file /home/airflow/.local/lib/python3.12/site-packages/airflow/example_dags/tutorial_objectstorage.py for tasks to queue
[2026-04-26T23:27:39.430+0000] {logging_mixin.py:188} INFO - [2026-04-26T23:27:39.429+0000] {dagbag.py:545} INFO - Filling up the DagBag from /home/airflow/.local/lib/python3.12/site-packages/airflow/example_dags/tutorial_objectstorage.py
[2026-04-26T23:27:39.435+0000] {processor.py:840} INFO - DAG(s) 'tutorial_objectstorage' retrieved from /home/airflow/.local/lib/python3.12/site-packages/airflow/example_dags/tutorial_objectstorage.py
[2026-04-26T23:27:39.446+0000] {logging_mixin.py:188} INFO - [2026-04-26T23:27:39.446+0000] {dag.py:3096} INFO - Sync 1 DAGs
[2026-04-26T23:27:39.453+0000] {logging_mixin.py:188} INFO - [2026-04-26T23:27:39.453+0000] {dag.py:3954} INFO - Setting next_dagrun for tutorial_objectstorage to None, run_after=None
[2026-04-26T23:27:39.462+0000] {processor.py:183} INFO - Processing /home/airflow/.local/lib/python3.12/site-packages/airflow/example_dags/tutorial_objectstorage.py took 0.059 seconds
[2026-04-26T23:28:10.164+0000] {processor.py:161} INFO - Started process (PID=2383) to work on /home/airflow/.local/lib/python3.12/site-packages/airflow/example_dags/tutorial_objectstorage.py
[2026-04-26T23:28:10.173+0000] {processor.py:830} INFO - Processing file /home/airflow/.local/lib/python3.12/site-packages/airflow/example_dags/tutorial_objectstorage.py for tasks to queue
[2026-04-26T23:28:10.174+0000] {logging_mixin.py:188} INFO - [2026-04-26T23:28:10.173+0000] {dagbag.py:545} INFO - Filling up the DagBag from /home/airflow/.local/lib/python3.12/site-packages/airflow/example_dags/tutorial_objectstorage.py
[2026-04-26T23:28:10.178+0000] {processor.py:840} INFO - DAG(s) 'tutorial_objectstorage' retrieved from /home/airflow/.local/lib/python3.12/site-packages/airflow/example_dags/tutorial_objectstorage.py
[2026-04-26T23:28:10.190+0000] {logging_mixin.py:188} INFO - [2026-04-26T23:28:10.190+0000] {dag.py:3096} INFO - Sync 1 DAGs
[2026-04-26T23:28:10.198+0000] {logging_mixin.py:188} INFO - [2026-04-26T23:28:10.197+0000] {dag.py:3954} INFO - Setting next_dagrun for tutorial_objectstorage to None, run_after=None
[2026-04-26T23:28:10.208+0000] {processor.py:183} INFO - Processing /home/airflow/.local/lib/python3.12/site-packages/airflow/example_dags/tutorial_objectstorage.py took 0.048 seconds
[2026-04-26T23:28:41.143+0000] {processor.py:161} INFO - Started process (PID=2442) to work on /home/airflow/.local/lib/python3.12/site-packages/airflow/example_dags/tutorial_objectstorage.py
[2026-04-26T23:28:41.152+0000] {processor.py:830} INFO - Processing file /home/airflow/.local/lib/python3.12/site-packages/airflow/example_dags/tutorial_objectstorage.py for tasks to queue
[2026-04-26T23:28:41.153+0000] {logging_mixin.py:188} INFO - [2026-04-26T23:28:41.153+0000] {dagbag.py:545} INFO - Filling up the DagBag from /home/airflow/.local/lib/python3.12/site-packages/airflow/example_dags/tutorial_objectstorage.py
[2026-04-26T23:28:41.158+0000] {processor.py:840} INFO - DAG(s) 'tutorial_objectstorage' retrieved from /home/airflow/.local/lib/python3.12/site-packages/airflow/example_dags/tutorial_objectstorage.py
[2026-04-26T23:28:41.173+0000] {logging_mixin.py:188} INFO - [2026-04-26T23:28:41.173+0000] {dag.py:3096} INFO - Sync 1 DAGs
[2026-04-26T23:28:41.181+0000] {logging_mixin.py:188} INFO - [2026-04-26T23:28:41.181+0000] {dag.py:3954} INFO - Setting next_dagrun for tutorial_objectstorage to None, run_after=None
[2026-04-26T23:28:41.193+0000] {processor.py:183} INFO - Processing /home/airflow/.local/lib/python3.12/site-packages/airflow/example_dags/tutorial_objectstorage.py took 0.053 seconds
[2026-04-26T23:29:11.237+0000] {processor.py:161} INFO - Started process (PID=2500) to work on /home/airflow/.local/lib/python3.12/site-packages/airflow/example_dags/tutorial_objectstorage.py
[2026-04-26T23:29:11.237+0000] {processor.py:830} INFO - Processing file /home/airflow/.local/lib/python3.12/site-packages/airflow/example_dags/tutorial_objectstorage.py for tasks to queue
[2026-04-26T23:29:11.238+0000] {logging_mixin.py:188} INFO - [2026-04-26T23:29:11.238+0000] {dagbag.py:545} INFO - Filling up the DagBag from /home/airflow/.local/lib/python3.12/site-packages/airflow/example_dags/tutorial_objectstorage.py
[2026-04-26T23:29:11.243+0000] {processor.py:840} INFO - DAG(s) 'tutorial_objectstorage' retrieved from /home/airflow/.local/lib/python3.12/site-packages/airflow/example_dags/tutorial_objectstorage.py
[2026-04-26T23:29:11.255+0000] {logging_mixin.py:188} INFO - [2026-04-26T23:29:11.254+0000] {dag.py:3096} INFO - Sync 1 DAGs
[2026-04-26T23:29:11.262+0000] {logging_mixin.py:188} INFO - [2026-04-26T23:29:11.262+0000] {dag.py:3954} INFO - Setting next_dagrun for tutorial_objectstorage to None, run_after=None
[2026-04-26T23:29:11.272+0000] {processor.py:183} INFO - Processing /home/airflow/.local/lib/python3.12/site-packages/airflow/example_dags/tutorial_objectstorage.py took 0.039 seconds
[2026-04-26T23:29:41.964+0000] {processor.py:161} INFO - Started process (PID=2560) to work on /home/airflow/.local/lib/python3.12/site-packages/airflow/example_dags/tutorial_objectstorage.py
[2026-04-26T23:29:41.974+0000] {processor.py:830} INFO - Processing file /home/airflow/.local/lib/python3.12/site-packages/airflow/example_dags/tutorial_objectstorage.py for tasks to queue
[2026-04-26T23:29:41.975+0000] {logging_mixin.py:188} INFO - [2026-04-26T23:29:41.974+0000] {dagbag.py:545} INFO - Filling up the DagBag from /home/airflow/.local/lib/python3.12/site-packages/airflow/example_dags/tutorial_objectstorage.py
[2026-04-26T23:29:41.980+0000] {processor.py:840} INFO - DAG(s) 'tutorial_objectstorage' retrieved from /home/airflow/.local/lib/python3.12/site-packages/airflow/example_dags/tutorial_objectstorage.py
[2026-04-26T23:29:41.992+0000] {logging_mixin.py:188} INFO - [2026-04-26T23:29:41.992+0000] {dag.py:3096} INFO - Sync 1 DAGs
[2026-04-26T23:29:41.999+0000] {logging_mixin.py:188} INFO - [2026-04-26T23:29:41.999+0000] {dag.py:3954} INFO - Setting next_dagrun for tutorial_objectstorage to None, run_after=None
[2026-04-26T23:29:42.010+0000] {processor.py:183} INFO - Processing /home/airflow/.local/lib/python3.12/site-packages/airflow/example_dags/tutorial_objectstorage.py took 0.049 seconds
[2026-04-26T23:30:12.747+0000] {processor.py:161} INFO - Started process (PID=2619) to work on /home/airflow/.local/lib/python3.12/site-packages/airflow/example_dags/tutorial_objectstorage.py
[2026-04-26T23:30:12.757+0000] {processor.py:830} INFO - Processing file /home/airflow/.local/lib/python3.12/site-packages/airflow/example_dags/tutorial_objectstorage.py for tasks to queue
[2026-04-26T23:30:12.758+0000] {logging_mixin.py:188} INFO - [2026-04-26T23:30:12.758+0000] {dagbag.py:545} INFO - Filling up the DagBag from /home/airflow/.local/lib/python3.12/site-packages/airflow/example_dags/tutorial_objectstorage.py
[2026-04-26T23:30:12.763+0000] {processor.py:840} INFO - DAG(s) 'tutorial_objectstorage' retrieved from /home/airflow/.local/lib/python3.12/site-packages/airflow/example_dags/tutorial_objectstorage.py
[2026-04-26T23:30:12.774+0000] {logging_mixin.py:188} INFO - [2026-04-26T23:30:12.774+0000] {dag.py:3096} INFO - Sync 1 DAGs
[2026-04-26T23:30:12.781+0000] {logging_mixin.py:188} INFO - [2026-04-26T23:30:12.780+0000] {dag.py:3954} INFO - Setting next_dagrun for tutorial_objectstorage to None, run_after=None
[2026-04-26T23:30:12.790+0000] {processor.py:183} INFO - Processing /home/airflow/.local/lib/python3.12/site-packages/airflow/example_dags/tutorial_objectstorage.py took 0.046 seconds
[2026-04-26T23:30:43.505+0000] {processor.py:161} INFO - Started process (PID=2678) to work on /home/airflow/.local/lib/python3.12/site-packages/airflow/example_dags/tutorial_objectstorage.py
[2026-04-26T23:30:43.518+0000] {processor.py:830} INFO - Processing file /home/airflow/.local/lib/python3.12/site-packages/airflow/example_dags/tutorial_objectstorage.py for tasks to queue
[2026-04-26T23:30:43.519+0000] {logging_mixin.py:188} INFO - [2026-04-26T23:30:43.519+0000] {dagbag.py:545} INFO - Filling up the DagBag from /home/airflow/.local/lib/python3.12/site-packages/airflow/example_dags/tutorial_objectstorage.py
[2026-04-26T23:30:43.524+0000] {processor.py:840} INFO - DAG(s) 'tutorial_objectstorage' retrieved from /home/airflow/.local/lib/python3.12/site-packages/airflow/example_dags/tutorial_objectstorage.py
[2026-04-26T23:30:43.536+0000] {logging_mixin.py:188} INFO - [2026-04-26T23:30:43.535+0000] {dag.py:3096} INFO - Sync 1 DAGs
[2026-04-26T23:30:43.543+0000] {logging_mixin.py:188} INFO - [2026-04-26T23:30:43.543+0000] {dag.py:3954} INFO - Setting next_dagrun for tutorial_objectstorage to None, run_after=None
[2026-04-26T23:30:43.554+0000] {processor.py:183} INFO - Processing /home/airflow/.local/lib/python3.12/site-packages/airflow/example_dags/tutorial_objectstorage.py took 0.052 seconds
[2026-04-26T23:31:14.226+0000] {processor.py:161} INFO - Started process (PID=2737) to work on /home/airflow/.local/lib/python3.12/site-packages/airflow/example_dags/tutorial_objectstorage.py
[2026-04-26T23:31:14.239+0000] {processor.py:830} INFO - Processing file /home/airflow/.local/lib/python3.12/site-packages/airflow/example_dags/tutorial_objectstorage.py for tasks to queue
[2026-04-26T23:31:14.240+0000] {logging_mixin.py:188} INFO - [2026-04-26T23:31:14.240+0000] {dagbag.py:545} INFO - Filling up the DagBag from /home/airflow/.local/lib/python3.12/site-packages/airflow/example_dags/tutorial_objectstorage.py
[2026-04-26T23:31:14.245+0000] {processor.py:840} INFO - DAG(s) 'tutorial_objectstorage' retrieved from /home/airflow/.local/lib/python3.12/site-packages/airflow/example_dags/tutorial_objectstorage.py
[2026-04-26T23:31:14.256+0000] {logging_mixin.py:188} INFO - [2026-04-26T23:31:14.256+0000] {dag.py:3096} INFO - Sync 1 DAGs
[2026-04-26T23:31:14.264+0000] {logging_mixin.py:188} INFO - [2026-04-26T23:31:14.264+0000] {dag.py:3954} INFO - Setting next_dagrun for tutorial_objectstorage to None, run_after=None
[2026-04-26T23:31:14.273+0000] {processor.py:183} INFO - Processing /home/airflow/.local/lib/python3.12/site-packages/airflow/example_dags/tutorial_objectstorage.py took 0.051 seconds
[2026-04-26T23:31:44.963+0000] {processor.py:161} INFO - Started process (PID=2796) to work on /home/airflow/.local/lib/python3.12/site-packages/airflow/example_dags/tutorial_objectstorage.py
[2026-04-26T23:31:44.975+0000] {processor.py:830} INFO - Processing file /home/airflow/.local/lib/python3.12/site-packages/airflow/example_dags/tutorial_objectstorage.py for tasks to queue
[2026-04-26T23:31:44.976+0000] {logging_mixin.py:188} INFO - [2026-04-26T23:31:44.976+0000] {dagbag.py:545} INFO - Filling up the DagBag from /home/airflow/.local/lib/python3.12/site-packages/airflow/example_dags/tutorial_objectstorage.py
[2026-04-26T23:31:44.981+0000] {processor.py:840} INFO - DAG(s) 'tutorial_objectstorage' retrieved from /home/airflow/.local/lib/python3.12/site-packages/airflow/example_dags/tutorial_objectstorage.py
[2026-04-26T23:31:44.992+0000] {logging_mixin.py:188} INFO - [2026-04-26T23:31:44.992+0000] {dag.py:3096} INFO - Sync 1 DAGs
[2026-04-26T23:31:44.999+0000] {logging_mixin.py:188} INFO - [2026-04-26T23:31:44.999+0000] {dag.py:3954} INFO - Setting next_dagrun for tutorial_objectstorage to None, run_after=None
[2026-04-26T23:31:45.010+0000] {processor.py:183} INFO - Processing /home/airflow/.local/lib/python3.12/site-packages/airflow/example_dags/tutorial_objectstorage.py took 0.051 seconds
[2026-04-26T23:32:15.886+0000] {processor.py:161} INFO - Started process (PID=2855) to work on /home/airflow/.local/lib/python3.12/site-packages/airflow/example_dags/tutorial_objectstorage.py
[2026-04-26T23:32:15.900+0000] {processor.py:830} INFO - Processing file /home/airflow/.local/lib/python3.12/site-packages/airflow/example_dags/tutorial_objectstorage.py for tasks to queue
[2026-04-26T23:32:15.901+0000] {logging_mixin.py:188} INFO - [2026-04-26T23:32:15.901+0000] {dagbag.py:545} INFO - Filling up the DagBag from /home/airflow/.local/lib/python3.12/site-packages/airflow/example_dags/tutorial_objectstorage.py
[2026-04-26T23:32:15.907+0000] {processor.py:840} INFO - DAG(s) 'tutorial_objectstorage' retrieved from /home/airflow/.local/lib/python3.12/site-packages/airflow/example_dags/tutorial_objectstorage.py
[2026-04-26T23:32:15.921+0000] {logging_mixin.py:188} INFO - [2026-04-26T23:32:15.921+0000] {dag.py:3096} INFO - Sync 1 DAGs
[2026-04-26T23:32:15.930+0000] {logging_mixin.py:188} INFO - [2026-04-26T23:32:15.930+0000] {dag.py:3954} INFO - Setting next_dagrun for tutorial_objectstorage to None, run_after=None
[2026-04-26T23:32:15.943+0000] {processor.py:183} INFO - Processing /home/airflow/.local/lib/python3.12/site-packages/airflow/example_dags/tutorial_objectstorage.py took 0.061 seconds
[2026-04-26T23:32:46.180+0000] {processor.py:161} INFO - Started process (PID=2914) to work on /home/airflow/.local/lib/python3.12/site-packages/airflow/example_dags/tutorial_objectstorage.py
[2026-04-26T23:32:46.181+0000] {processor.py:830} INFO - Processing file /home/airflow/.local/lib/python3.12/site-packages/airflow/example_dags/tutorial_objectstorage.py for tasks to queue
[2026-04-26T23:32:46.182+0000] {logging_mixin.py:188} INFO - [2026-04-26T23:32:46.182+0000] {dagbag.py:545} INFO - Filling up the DagBag from /home/airflow/.local/lib/python3.12/site-packages/airflow/example_dags/tutorial_objectstorage.py
[2026-04-26T23:32:46.188+0000] {processor.py:840} INFO - DAG(s) 'tutorial_objectstorage' retrieved from /home/airflow/.local/lib/python3.12/site-packages/airflow/example_dags/tutorial_objectstorage.py
[2026-04-26T23:32:46.201+0000] {logging_mixin.py:188} INFO - [2026-04-26T23:32:46.201+0000] {dag.py:3096} INFO - Sync 1 DAGs
[2026-04-26T23:32:46.210+0000] {logging_mixin.py:188} INFO - [2026-04-26T23:32:46.210+0000] {dag.py:3954} INFO - Setting next_dagrun for tutorial_objectstorage to None, run_after=None
[2026-04-26T23:32:46.223+0000] {processor.py:183} INFO - Processing /home/airflow/.local/lib/python3.12/site-packages/airflow/example_dags/tutorial_objectstorage.py took 0.047 seconds
[2026-04-26T23:33:16.272+0000] {processor.py:161} INFO - Started process (PID=2972) to work on /home/airflow/.local/lib/python3.12/site-packages/airflow/example_dags/tutorial_objectstorage.py
[2026-04-26T23:33:16.272+0000] {processor.py:830} INFO - Processing file /home/airflow/.local/lib/python3.12/site-packages/airflow/example_dags/tutorial_objectstorage.py for tasks to queue
[2026-04-26T23:33:16.273+0000] {logging_mixin.py:188} INFO - [2026-04-26T23:33:16.273+0000] {dagbag.py:545} INFO - Filling up the DagBag from /home/airflow/.local/lib/python3.12/site-packages/airflow/example_dags/tutorial_objectstorage.py
[2026-04-26T23:33:16.278+0000] {processor.py:840} INFO - DAG(s) 'tutorial_objectstorage' retrieved from /home/airflow/.local/lib/python3.12/site-packages/airflow/example_dags/tutorial_objectstorage.py
[2026-04-26T23:33:16.290+0000] {logging_mixin.py:188} INFO - [2026-04-26T23:33:16.290+0000] {dag.py:3096} INFO - Sync 1 DAGs
[2026-04-26T23:33:16.297+0000] {logging_mixin.py:188} INFO - [2026-04-26T23:33:16.297+0000] {dag.py:3954} INFO - Setting next_dagrun for tutorial_objectstorage to None, run_after=None
[2026-04-26T23:33:16.306+0000] {processor.py:183} INFO - Processing /home/airflow/.local/lib/python3.12/site-packages/airflow/example_dags/tutorial_objectstorage.py took 0.039 seconds
[2026-04-26T23:33:47.307+0000] {processor.py:161} INFO - Started process (PID=3036) to work on /home/airflow/.local/lib/python3.12/site-packages/airflow/example_dags/tutorial_objectstorage.py
[2026-04-26T23:33:47.308+0000] {processor.py:830} INFO - Processing file /home/airflow/.local/lib/python3.12/site-packages/airflow/example_dags/tutorial_objectstorage.py for tasks to queue
[2026-04-26T23:33:47.309+0000] {logging_mixin.py:188} INFO - [2026-04-26T23:33:47.309+0000] {dagbag.py:545} INFO - Filling up the DagBag from /home/airflow/.local/lib/python3.12/site-packages/airflow/example_dags/tutorial_objectstorage.py
[2026-04-26T23:33:47.313+0000] {processor.py:840} INFO - DAG(s) 'tutorial_objectstorage' retrieved from /home/airflow/.local/lib/python3.12/site-packages/airflow/example_dags/tutorial_objectstorage.py
[2026-04-26T23:33:47.325+0000] {logging_mixin.py:188} INFO - [2026-04-26T23:33:47.325+0000] {dag.py:3096} INFO - Sync 1 DAGs
[2026-04-26T23:33:47.333+0000] {logging_mixin.py:188} INFO - [2026-04-26T23:33:47.333+0000] {dag.py:3954} INFO - Setting next_dagrun for tutorial_objectstorage to None, run_after=None
[2026-04-26T23:33:47.342+0000] {processor.py:183} INFO - Processing /home/airflow/.local/lib/python3.12/site-packages/airflow/example_dags/tutorial_objectstorage.py took 0.039 seconds
[2026-04-26T23:34:17.475+0000] {processor.py:161} INFO - Started process (PID=3095) to work on /home/airflow/.local/lib/python3.12/site-packages/airflow/example_dags/tutorial_objectstorage.py
[2026-04-26T23:34:17.476+0000] {processor.py:830} INFO - Processing file /home/airflow/.local/lib/python3.12/site-packages/airflow/example_dags/tutorial_objectstorage.py for tasks to queue
[2026-04-26T23:34:17.477+0000] {logging_mixin.py:188} INFO - [2026-04-26T23:34:17.476+0000] {dagbag.py:545} INFO - Filling up the DagBag from /home/airflow/.local/lib/python3.12/site-packages/airflow/example_dags/tutorial_objectstorage.py
[2026-04-26T23:34:17.481+0000] {processor.py:840} INFO - DAG(s) 'tutorial_objectstorage' retrieved from /home/airflow/.local/lib/python3.12/site-packages/airflow/example_dags/tutorial_objectstorage.py
[2026-04-26T23:34:17.493+0000] {logging_mixin.py:188} INFO - [2026-04-26T23:34:17.493+0000] {dag.py:3096} INFO - Sync 1 DAGs
[2026-04-26T23:34:17.500+0000] {logging_mixin.py:188} INFO - [2026-04-26T23:34:17.500+0000] {dag.py:3954} INFO - Setting next_dagrun for tutorial_objectstorage to None, run_after=None
[2026-04-26T23:34:17.512+0000] {processor.py:183} INFO - Processing /home/airflow/.local/lib/python3.12/site-packages/airflow/example_dags/tutorial_objectstorage.py took 0.040 seconds
[2026-04-26T23:34:47.541+0000] {processor.py:161} INFO - Started process (PID=3154) to work on /home/airflow/.local/lib/python3.12/site-packages/airflow/example_dags/tutorial_objectstorage.py
[2026-04-26T23:34:47.542+0000] {processor.py:830} INFO - Processing file /home/airflow/.local/lib/python3.12/site-packages/airflow/example_dags/tutorial_objectstorage.py for tasks to queue
[2026-04-26T23:34:47.543+0000] {logging_mixin.py:188} INFO - [2026-04-26T23:34:47.543+0000] {dagbag.py:545} INFO - Filling up the DagBag from /home/airflow/.local/lib/python3.12/site-packages/airflow/example_dags/tutorial_objectstorage.py
[2026-04-26T23:34:47.548+0000] {processor.py:840} INFO - DAG(s) 'tutorial_objectstorage' retrieved from /home/airflow/.local/lib/python3.12/site-packages/airflow/example_dags/tutorial_objectstorage.py
[2026-04-26T23:34:47.559+0000] {logging_mixin.py:188} INFO - [2026-04-26T23:34:47.559+0000] {dag.py:3096} INFO - Sync 1 DAGs
[2026-04-26T23:34:47.566+0000] {logging_mixin.py:188} INFO - [2026-04-26T23:34:47.566+0000] {dag.py:3954} INFO - Setting next_dagrun for tutorial_objectstorage to None, run_after=None
[2026-04-26T23:34:47.577+0000] {processor.py:183} INFO - Processing /home/airflow/.local/lib/python3.12/site-packages/airflow/example_dags/tutorial_objectstorage.py took 0.040 seconds
[2026-04-26T23:35:18.159+0000] {processor.py:161} INFO - Started process (PID=3213) to work on /home/airflow/.local/lib/python3.12/site-packages/airflow/example_dags/tutorial_objectstorage.py
[2026-04-26T23:35:18.160+0000] {processor.py:830} INFO - Processing file /home/airflow/.local/lib/python3.12/site-packages/airflow/example_dags/tutorial_objectstorage.py for tasks to queue
[2026-04-26T23:35:18.161+0000] {logging_mixin.py:188} INFO - [2026-04-26T23:35:18.161+0000] {dagbag.py:545} INFO - Filling up the DagBag from /home/airflow/.local/lib/python3.12/site-packages/airflow/example_dags/tutorial_objectstorage.py
[2026-04-26T23:35:18.167+0000] {processor.py:840} INFO - DAG(s) 'tutorial_objectstorage' retrieved from /home/airflow/.local/lib/python3.12/site-packages/airflow/example_dags/tutorial_objectstorage.py
[2026-04-26T23:35:18.179+0000] {logging_mixin.py:188} INFO - [2026-04-26T23:35:18.179+0000] {dag.py:3096} INFO - Sync 1 DAGs
[2026-04-26T23:35:18.187+0000] {logging_mixin.py:188} INFO - [2026-04-26T23:35:18.187+0000] {dag.py:3954} INFO - Setting next_dagrun for tutorial_objectstorage to None, run_after=None
[2026-04-26T23:35:18.198+0000] {processor.py:183} INFO - Processing /home/airflow/.local/lib/python3.12/site-packages/airflow/example_dags/tutorial_objectstorage.py took 0.043 seconds
[2026-04-26T23:35:48.949+0000] {processor.py:161} INFO - Started process (PID=3272) to work on /home/airflow/.local/lib/python3.12/site-packages/airflow/example_dags/tutorial_objectstorage.py
[2026-04-26T23:35:48.950+0000] {processor.py:830} INFO - Processing file /home/airflow/.local/lib/python3.12/site-packages/airflow/example_dags/tutorial_objectstorage.py for tasks to queue
[2026-04-26T23:35:48.951+0000] {logging_mixin.py:188} INFO - [2026-04-26T23:35:48.951+0000] {dagbag.py:545} INFO - Filling up the DagBag from /home/airflow/.local/lib/python3.12/site-packages/airflow/example_dags/tutorial_objectstorage.py
[2026-04-26T23:35:48.956+0000] {processor.py:840} INFO - DAG(s) 'tutorial_objectstorage' retrieved from /home/airflow/.local/lib/python3.12/site-packages/airflow/example_dags/tutorial_objectstorage.py
[2026-04-26T23:35:48.967+0000] {logging_mixin.py:188} INFO - [2026-04-26T23:35:48.967+0000] {dag.py:3096} INFO - Sync 1 DAGs
[2026-04-26T23:35:48.975+0000] {logging_mixin.py:188} INFO - [2026-04-26T23:35:48.975+0000] {dag.py:3954} INFO - Setting next_dagrun for tutorial_objectstorage to None, run_after=None
[2026-04-26T23:35:48.986+0000] {processor.py:183} INFO - Processing /home/airflow/.local/lib/python3.12/site-packages/airflow/example_dags/tutorial_objectstorage.py took 0.041 seconds
[2026-04-26T23:36:19.632+0000] {processor.py:161} INFO - Started process (PID=3331) to work on /home/airflow/.local/lib/python3.12/site-packages/airflow/example_dags/tutorial_objectstorage.py
[2026-04-26T23:36:19.632+0000] {processor.py:830} INFO - Processing file /home/airflow/.local/lib/python3.12/site-packages/airflow/example_dags/tutorial_objectstorage.py for tasks to queue
[2026-04-26T23:36:19.633+0000] {logging_mixin.py:188} INFO - [2026-04-26T23:36:19.633+0000] {dagbag.py:545} INFO - Filling up the DagBag from /home/airflow/.local/lib/python3.12/site-packages/airflow/example_dags/tutorial_objectstorage.py
[2026-04-26T23:36:19.638+0000] {processor.py:840} INFO - DAG(s) 'tutorial_objectstorage' retrieved from /home/airflow/.local/lib/python3.12/site-packages/airflow/example_dags/tutorial_objectstorage.py
[2026-04-26T23:36:19.648+0000] {logging_mixin.py:188} INFO - [2026-04-26T23:36:19.648+0000] {dag.py:3096} INFO - Sync 1 DAGs
[2026-04-26T23:36:19.655+0000] {logging_mixin.py:188} INFO - [2026-04-26T23:36:19.655+0000] {dag.py:3954} INFO - Setting next_dagrun for tutorial_objectstorage to None, run_after=None
[2026-04-26T23:36:19.665+0000] {processor.py:183} INFO - Processing /home/airflow/.local/lib/python3.12/site-packages/airflow/example_dags/tutorial_objectstorage.py took 0.036 seconds
[2026-04-26T23:36:50.373+0000] {processor.py:161} INFO - Started process (PID=3390) to work on /home/airflow/.local/lib/python3.12/site-packages/airflow/example_dags/tutorial_objectstorage.py
[2026-04-26T23:36:50.374+0000] {processor.py:830} INFO - Processing file /home/airflow/.local/lib/python3.12/site-packages/airflow/example_dags/tutorial_objectstorage.py for tasks to queue
[2026-04-26T23:36:50.375+0000] {logging_mixin.py:188} INFO - [2026-04-26T23:36:50.375+0000] {dagbag.py:545} INFO - Filling up the DagBag from /home/airflow/.local/lib/python3.12/site-packages/airflow/example_dags/tutorial_objectstorage.py
[2026-04-26T23:36:50.379+0000] {processor.py:840} INFO - DAG(s) 'tutorial_objectstorage' retrieved from /home/airflow/.local/lib/python3.12/site-packages/airflow/example_dags/tutorial_objectstorage.py
[2026-04-26T23:36:50.391+0000] {logging_mixin.py:188} INFO - [2026-04-26T23:36:50.391+0000] {dag.py:3096} INFO - Sync 1 DAGs
[2026-04-26T23:36:50.398+0000] {logging_mixin.py:188} INFO - [2026-04-26T23:36:50.398+0000] {dag.py:3954} INFO - Setting next_dagrun for tutorial_objectstorage to None, run_after=None
[2026-04-26T23:36:50.409+0000] {processor.py:183} INFO - Processing /home/airflow/.local/lib/python3.12/site-packages/airflow/example_dags/tutorial_objectstorage.py took 0.039 seconds
[2026-04-26T23:37:21.087+0000] {processor.py:161} INFO - Started process (PID=3455) to work on /home/airflow/.local/lib/python3.12/site-packages/airflow/example_dags/tutorial_objectstorage.py
[2026-04-26T23:37:21.088+0000] {processor.py:830} INFO - Processing file /home/airflow/.local/lib/python3.12/site-packages/airflow/example_dags/tutorial_objectstorage.py for tasks to queue
[2026-04-26T23:37:21.089+0000] {logging_mixin.py:188} INFO - [2026-04-26T23:37:21.089+0000] {dagbag.py:545} INFO - Filling up the DagBag from /home/airflow/.local/lib/python3.12/site-packages/airflow/example_dags/tutorial_objectstorage.py
[2026-04-26T23:37:21.094+0000] {processor.py:840} INFO - DAG(s) 'tutorial_objectstorage' retrieved from /home/airflow/.local/lib/python3.12/site-packages/airflow/example_dags/tutorial_objectstorage.py
[2026-04-26T23:37:21.106+0000] {logging_mixin.py:188} INFO - [2026-04-26T23:37:21.105+0000] {dag.py:3096} INFO - Sync 1 DAGs
[2026-04-26T23:37:21.115+0000] {logging_mixin.py:188} INFO - [2026-04-26T23:37:21.115+0000] {dag.py:3954} INFO - Setting next_dagrun for tutorial_objectstorage to None, run_after=None
[2026-04-26T23:37:21.126+0000] {processor.py:183} INFO - Processing /home/airflow/.local/lib/python3.12/site-packages/airflow/example_dags/tutorial_objectstorage.py took 0.043 seconds
[2026-04-26T23:37:51.873+0000] {processor.py:161} INFO - Started process (PID=3514) to work on /home/airflow/.local/lib/python3.12/site-packages/airflow/example_dags/tutorial_objectstorage.py
[2026-04-26T23:37:51.873+0000] {processor.py:830} INFO - Processing file /home/airflow/.local/lib/python3.12/site-packages/airflow/example_dags/tutorial_objectstorage.py for tasks to queue
[2026-04-26T23:37:51.874+0000] {logging_mixin.py:188} INFO - [2026-04-26T23:37:51.874+0000] {dagbag.py:545} INFO - Filling up the DagBag from /home/airflow/.local/lib/python3.12/site-packages/airflow/example_dags/tutorial_objectstorage.py
[2026-04-26T23:37:51.879+0000] {processor.py:840} INFO - DAG(s) 'tutorial_objectstorage' retrieved from /home/airflow/.local/lib/python3.12/site-packages/airflow/example_dags/tutorial_objectstorage.py
[2026-04-26T23:37:51.891+0000] {logging_mixin.py:188} INFO - [2026-04-26T23:37:51.890+0000] {dag.py:3096} INFO - Sync 1 DAGs
[2026-04-26T23:37:51.899+0000] {logging_mixin.py:188} INFO - [2026-04-26T23:37:51.899+0000] {dag.py:3954} INFO - Setting next_dagrun for tutorial_objectstorage to None, run_after=None
[2026-04-26T23:37:51.910+0000] {processor.py:183} INFO - Processing /home/airflow/.local/lib/python3.12/site-packages/airflow/example_dags/tutorial_objectstorage.py took 0.041 seconds
[2026-04-26T23:38:22.586+0000] {processor.py:161} INFO - Started process (PID=3573) to work on /home/airflow/.local/lib/python3.12/site-packages/airflow/example_dags/tutorial_objectstorage.py
[2026-04-26T23:38:22.587+0000] {processor.py:830} INFO - Processing file /home/airflow/.local/lib/python3.12/site-packages/airflow/example_dags/tutorial_objectstorage.py for tasks to queue
[2026-04-26T23:38:22.588+0000] {logging_mixin.py:188} INFO - [2026-04-26T23:38:22.588+0000] {dagbag.py:545} INFO - Filling up the DagBag from /home/airflow/.local/lib/python3.12/site-packages/airflow/example_dags/tutorial_objectstorage.py
[2026-04-26T23:38:22.593+0000] {processor.py:840} INFO - DAG(s) 'tutorial_objectstorage' retrieved from /home/airflow/.local/lib/python3.12/site-packages/airflow/example_dags/tutorial_objectstorage.py
[2026-04-26T23:38:22.605+0000] {logging_mixin.py:188} INFO - [2026-04-26T23:38:22.605+0000] {dag.py:3096} INFO - Sync 1 DAGs
[2026-04-26T23:38:22.614+0000] {logging_mixin.py:188} INFO - [2026-04-26T23:38:22.614+0000] {dag.py:3954} INFO - Setting next_dagrun for tutorial_objectstorage to None, run_after=None
[2026-04-26T23:38:22.627+0000] {processor.py:183} INFO - Processing /home/airflow/.local/lib/python3.12/site-packages/airflow/example_dags/tutorial_objectstorage.py took 0.046 seconds
[2026-04-26T23:38:47.574+0000] {processor.py:161} INFO - Started process (PID=115) to work on /home/airflow/.local/lib/python3.12/site-packages/airflow/example_dags/tutorial_objectstorage.py
[2026-04-26T23:38:47.574+0000] {processor.py:830} INFO - Processing file /home/airflow/.local/lib/python3.12/site-packages/airflow/example_dags/tutorial_objectstorage.py for tasks to queue
[2026-04-26T23:38:47.575+0000] {logging_mixin.py:188} INFO - [2026-04-26T23:38:47.575+0000] {dagbag.py:545} INFO - Filling up the DagBag from /home/airflow/.local/lib/python3.12/site-packages/airflow/example_dags/tutorial_objectstorage.py
[2026-04-26T23:38:47.580+0000] {processor.py:840} INFO - DAG(s) 'tutorial_objectstorage' retrieved from /home/airflow/.local/lib/python3.12/site-packages/airflow/example_dags/tutorial_objectstorage.py
[2026-04-26T23:38:47.587+0000] {logging_mixin.py:188} INFO - [2026-04-26T23:38:47.587+0000] {dag.py:3096} INFO - Sync 1 DAGs
[2026-04-26T23:38:47.596+0000] {logging_mixin.py:188} INFO - [2026-04-26T23:38:47.596+0000] {dag.py:3954} INFO - Setting next_dagrun for tutorial_objectstorage to None, run_after=None
[2026-04-26T23:38:47.607+0000] {processor.py:183} INFO - Processing /home/airflow/.local/lib/python3.12/site-packages/airflow/example_dags/tutorial_objectstorage.py took 0.037 seconds
[2026-04-26T23:39:19.037+0000] {processor.py:161} INFO - Started process (PID=174) to work on /home/airflow/.local/lib/python3.12/site-packages/airflow/example_dags/tutorial_objectstorage.py
[2026-04-26T23:39:19.037+0000] {processor.py:830} INFO - Processing file /home/airflow/.local/lib/python3.12/site-packages/airflow/example_dags/tutorial_objectstorage.py for tasks to queue
[2026-04-26T23:39:19.038+0000] {logging_mixin.py:188} INFO - [2026-04-26T23:39:19.038+0000] {dagbag.py:545} INFO - Filling up the DagBag from /home/airflow/.local/lib/python3.12/site-packages/airflow/example_dags/tutorial_objectstorage.py
[2026-04-26T23:39:19.042+0000] {processor.py:840} INFO - DAG(s) 'tutorial_objectstorage' retrieved from /home/airflow/.local/lib/python3.12/site-packages/airflow/example_dags/tutorial_objectstorage.py
[2026-04-26T23:39:19.093+0000] {logging_mixin.py:188} INFO - [2026-04-26T23:39:19.092+0000] {dag.py:3096} INFO - Sync 1 DAGs
[2026-04-26T23:39:19.098+0000] {logging_mixin.py:188} INFO - [2026-04-26T23:39:19.098+0000] {dag.py:3954} INFO - Setting next_dagrun for tutorial_objectstorage to None, run_after=None
[2026-04-26T23:39:19.134+0000] {processor.py:183} INFO - Processing /home/airflow/.local/lib/python3.12/site-packages/airflow/example_dags/tutorial_objectstorage.py took 0.100 seconds
[2026-04-26T23:39:49.930+0000] {processor.py:161} INFO - Started process (PID=233) to work on /home/airflow/.local/lib/python3.12/site-packages/airflow/example_dags/tutorial_objectstorage.py
[2026-04-26T23:39:49.930+0000] {processor.py:830} INFO - Processing file /home/airflow/.local/lib/python3.12/site-packages/airflow/example_dags/tutorial_objectstorage.py for tasks to queue
[2026-04-26T23:39:49.931+0000] {logging_mixin.py:188} INFO - [2026-04-26T23:39:49.931+0000] {dagbag.py:545} INFO - Filling up the DagBag from /home/airflow/.local/lib/python3.12/site-packages/airflow/example_dags/tutorial_objectstorage.py
[2026-04-26T23:39:49.935+0000] {processor.py:840} INFO - DAG(s) 'tutorial_objectstorage' retrieved from /home/airflow/.local/lib/python3.12/site-packages/airflow/example_dags/tutorial_objectstorage.py
[2026-04-26T23:39:49.946+0000] {logging_mixin.py:188} INFO - [2026-04-26T23:39:49.946+0000] {dag.py:3096} INFO - Sync 1 DAGs
[2026-04-26T23:39:49.953+0000] {logging_mixin.py:188} INFO - [2026-04-26T23:39:49.952+0000] {dag.py:3954} INFO - Setting next_dagrun for tutorial_objectstorage to None, run_after=None
[2026-04-26T23:39:49.962+0000] {processor.py:183} INFO - Processing /home/airflow/.local/lib/python3.12/site-packages/airflow/example_dags/tutorial_objectstorage.py took 0.035 seconds
[2026-04-26T23:40:20.757+0000] {processor.py:161} INFO - Started process (PID=292) to work on /home/airflow/.local/lib/python3.12/site-packages/airflow/example_dags/tutorial_objectstorage.py
[2026-04-26T23:40:20.758+0000] {processor.py:830} INFO - Processing file /home/airflow/.local/lib/python3.12/site-packages/airflow/example_dags/tutorial_objectstorage.py for tasks to queue
[2026-04-26T23:40:20.759+0000] {logging_mixin.py:188} INFO - [2026-04-26T23:40:20.758+0000] {dagbag.py:545} INFO - Filling up the DagBag from /home/airflow/.local/lib/python3.12/site-packages/airflow/example_dags/tutorial_objectstorage.py
[2026-04-26T23:40:20.763+0000] {processor.py:840} INFO - DAG(s) 'tutorial_objectstorage' retrieved from /home/airflow/.local/lib/python3.12/site-packages/airflow/example_dags/tutorial_objectstorage.py
[2026-04-26T23:40:20.774+0000] {logging_mixin.py:188} INFO - [2026-04-26T23:40:20.774+0000] {dag.py:3096} INFO - Sync 1 DAGs
[2026-04-26T23:40:20.781+0000] {logging_mixin.py:188} INFO - [2026-04-26T23:40:20.781+0000] {dag.py:3954} INFO - Setting next_dagrun for tutorial_objectstorage to None, run_after=None
[2026-04-26T23:40:20.789+0000] {processor.py:183} INFO - Processing /home/airflow/.local/lib/python3.12/site-packages/airflow/example_dags/tutorial_objectstorage.py took 0.036 seconds
[2026-04-26T23:40:50.937+0000] {processor.py:161} INFO - Started process (PID=351) to work on /home/airflow/.local/lib/python3.12/site-packages/airflow/example_dags/tutorial_objectstorage.py
[2026-04-26T23:40:50.937+0000] {processor.py:830} INFO - Processing file /home/airflow/.local/lib/python3.12/site-packages/airflow/example_dags/tutorial_objectstorage.py for tasks to queue
[2026-04-26T23:40:50.938+0000] {logging_mixin.py:188} INFO - [2026-04-26T23:40:50.938+0000] {dagbag.py:545} INFO - Filling up the DagBag from /home/airflow/.local/lib/python3.12/site-packages/airflow/example_dags/tutorial_objectstorage.py
[2026-04-26T23:40:50.942+0000] {processor.py:840} INFO - DAG(s) 'tutorial_objectstorage' retrieved from /home/airflow/.local/lib/python3.12/site-packages/airflow/example_dags/tutorial_objectstorage.py
[2026-04-26T23:40:50.953+0000] {logging_mixin.py:188} INFO - [2026-04-26T23:40:50.953+0000] {dag.py:3096} INFO - Sync 1 DAGs
[2026-04-26T23:40:50.959+0000] {logging_mixin.py:188} INFO - [2026-04-26T23:40:50.959+0000] {dag.py:3954} INFO - Setting next_dagrun for tutorial_objectstorage to None, run_after=None
[2026-04-26T23:40:50.968+0000] {processor.py:183} INFO - Processing /home/airflow/.local/lib/python3.12/site-packages/airflow/example_dags/tutorial_objectstorage.py took 0.035 seconds
[2026-04-26T23:41:21.776+0000] {processor.py:161} INFO - Started process (PID=410) to work on /home/airflow/.local/lib/python3.12/site-packages/airflow/example_dags/tutorial_objectstorage.py
[2026-04-26T23:41:21.777+0000] {processor.py:830} INFO - Processing file /home/airflow/.local/lib/python3.12/site-packages/airflow/example_dags/tutorial_objectstorage.py for tasks to queue
[2026-04-26T23:41:21.778+0000] {logging_mixin.py:188} INFO - [2026-04-26T23:41:21.778+0000] {dagbag.py:545} INFO - Filling up the DagBag from /home/airflow/.local/lib/python3.12/site-packages/airflow/example_dags/tutorial_objectstorage.py
[2026-04-26T23:41:21.783+0000] {processor.py:840} INFO - DAG(s) 'tutorial_objectstorage' retrieved from /home/airflow/.local/lib/python3.12/site-packages/airflow/example_dags/tutorial_objectstorage.py
[2026-04-26T23:41:21.795+0000] {logging_mixin.py:188} INFO - [2026-04-26T23:41:21.795+0000] {dag.py:3096} INFO - Sync 1 DAGs
[2026-04-26T23:41:21.804+0000] {logging_mixin.py:188} INFO - [2026-04-26T23:41:21.803+0000] {dag.py:3954} INFO - Setting next_dagrun for tutorial_objectstorage to None, run_after=None
[2026-04-26T23:41:21.816+0000] {processor.py:183} INFO - Processing /home/airflow/.local/lib/python3.12/site-packages/airflow/example_dags/tutorial_objectstorage.py took 0.044 seconds
[2026-04-26T23:41:51.947+0000] {processor.py:161} INFO - Started process (PID=469) to work on /home/airflow/.local/lib/python3.12/site-packages/airflow/example_dags/tutorial_objectstorage.py
[2026-04-26T23:41:51.948+0000] {processor.py:830} INFO - Processing file /home/airflow/.local/lib/python3.12/site-packages/airflow/example_dags/tutorial_objectstorage.py for tasks to queue
[2026-04-26T23:41:51.949+0000] {logging_mixin.py:188} INFO - [2026-04-26T23:41:51.949+0000] {dagbag.py:545} INFO - Filling up the DagBag from /home/airflow/.local/lib/python3.12/site-packages/airflow/example_dags/tutorial_objectstorage.py
[2026-04-26T23:41:51.954+0000] {processor.py:840} INFO - DAG(s) 'tutorial_objectstorage' retrieved from /home/airflow/.local/lib/python3.12/site-packages/airflow/example_dags/tutorial_objectstorage.py
[2026-04-26T23:41:51.964+0000] {logging_mixin.py:188} INFO - [2026-04-26T23:41:51.964+0000] {dag.py:3096} INFO - Sync 1 DAGs
[2026-04-26T23:41:51.971+0000] {logging_mixin.py:188} INFO - [2026-04-26T23:41:51.971+0000] {dag.py:3954} INFO - Setting next_dagrun for tutorial_objectstorage to None, run_after=None
[2026-04-26T23:41:51.981+0000] {processor.py:183} INFO - Processing /home/airflow/.local/lib/python3.12/site-packages/airflow/example_dags/tutorial_objectstorage.py took 0.037 seconds
[2026-04-26T23:42:22.101+0000] {processor.py:161} INFO - Started process (PID=528) to work on /home/airflow/.local/lib/python3.12/site-packages/airflow/example_dags/tutorial_objectstorage.py
[2026-04-26T23:42:22.101+0000] {processor.py:830} INFO - Processing file /home/airflow/.local/lib/python3.12/site-packages/airflow/example_dags/tutorial_objectstorage.py for tasks to queue
[2026-04-26T23:42:22.103+0000] {logging_mixin.py:188} INFO - [2026-04-26T23:42:22.102+0000] {dagbag.py:545} INFO - Filling up the DagBag from /home/airflow/.local/lib/python3.12/site-packages/airflow/example_dags/tutorial_objectstorage.py
[2026-04-26T23:42:22.107+0000] {processor.py:840} INFO - DAG(s) 'tutorial_objectstorage' retrieved from /home/airflow/.local/lib/python3.12/site-packages/airflow/example_dags/tutorial_objectstorage.py
[2026-04-26T23:42:22.119+0000] {logging_mixin.py:188} INFO - [2026-04-26T23:42:22.119+0000] {dag.py:3096} INFO - Sync 1 DAGs
[2026-04-26T23:42:22.126+0000] {logging_mixin.py:188} INFO - [2026-04-26T23:42:22.126+0000] {dag.py:3954} INFO - Setting next_dagrun for tutorial_objectstorage to None, run_after=None
[2026-04-26T23:42:22.138+0000] {processor.py:183} INFO - Processing /home/airflow/.local/lib/python3.12/site-packages/airflow/example_dags/tutorial_objectstorage.py took 0.041 seconds
[2026-04-26T23:43:22.229+0000] {processor.py:161} INFO - Started process (PID=115) to work on /home/airflow/.local/lib/python3.12/site-packages/airflow/example_dags/tutorial_objectstorage.py
[2026-04-26T23:43:22.230+0000] {processor.py:830} INFO - Processing file /home/airflow/.local/lib/python3.12/site-packages/airflow/example_dags/tutorial_objectstorage.py for tasks to queue
[2026-04-26T23:43:22.231+0000] {logging_mixin.py:188} INFO - [2026-04-26T23:43:22.231+0000] {dagbag.py:545} INFO - Filling up the DagBag from /home/airflow/.local/lib/python3.12/site-packages/airflow/example_dags/tutorial_objectstorage.py
[2026-04-26T23:43:22.235+0000] {processor.py:840} INFO - DAG(s) 'tutorial_objectstorage' retrieved from /home/airflow/.local/lib/python3.12/site-packages/airflow/example_dags/tutorial_objectstorage.py
[2026-04-26T23:43:22.243+0000] {logging_mixin.py:188} INFO - [2026-04-26T23:43:22.242+0000] {dag.py:3096} INFO - Sync 1 DAGs
[2026-04-26T23:43:22.252+0000] {logging_mixin.py:188} INFO - [2026-04-26T23:43:22.252+0000] {dag.py:3954} INFO - Setting next_dagrun for tutorial_objectstorage to None, run_after=None
[2026-04-26T23:43:22.263+0000] {processor.py:183} INFO - Processing /home/airflow/.local/lib/python3.12/site-packages/airflow/example_dags/tutorial_objectstorage.py took 0.037 seconds
[2026-04-26T23:43:54.299+0000] {processor.py:161} INFO - Started process (PID=174) to work on /home/airflow/.local/lib/python3.12/site-packages/airflow/example_dags/tutorial_objectstorage.py
[2026-04-26T23:43:54.299+0000] {processor.py:830} INFO - Processing file /home/airflow/.local/lib/python3.12/site-packages/airflow/example_dags/tutorial_objectstorage.py for tasks to queue
[2026-04-26T23:43:54.301+0000] {logging_mixin.py:188} INFO - [2026-04-26T23:43:54.300+0000] {dagbag.py:545} INFO - Filling up the DagBag from /home/airflow/.local/lib/python3.12/site-packages/airflow/example_dags/tutorial_objectstorage.py
[2026-04-26T23:43:54.305+0000] {processor.py:840} INFO - DAG(s) 'tutorial_objectstorage' retrieved from /home/airflow/.local/lib/python3.12/site-packages/airflow/example_dags/tutorial_objectstorage.py
[2026-04-26T23:43:54.365+0000] {logging_mixin.py:188} INFO - [2026-04-26T23:43:54.365+0000] {dag.py:3096} INFO - Sync 1 DAGs
[2026-04-26T23:43:54.371+0000] {logging_mixin.py:188} INFO - [2026-04-26T23:43:54.370+0000] {dag.py:3954} INFO - Setting next_dagrun for tutorial_objectstorage to None, run_after=None
[2026-04-26T23:43:54.420+0000] {processor.py:183} INFO - Processing /home/airflow/.local/lib/python3.12/site-packages/airflow/example_dags/tutorial_objectstorage.py took 0.125 seconds
[2026-04-26T23:44:25.240+0000] {processor.py:161} INFO - Started process (PID=233) to work on /home/airflow/.local/lib/python3.12/site-packages/airflow/example_dags/tutorial_objectstorage.py
[2026-04-26T23:44:25.240+0000] {processor.py:830} INFO - Processing file /home/airflow/.local/lib/python3.12/site-packages/airflow/example_dags/tutorial_objectstorage.py for tasks to queue
[2026-04-26T23:44:25.241+0000] {logging_mixin.py:188} INFO - [2026-04-26T23:44:25.241+0000] {dagbag.py:545} INFO - Filling up the DagBag from /home/airflow/.local/lib/python3.12/site-packages/airflow/example_dags/tutorial_objectstorage.py
[2026-04-26T23:44:25.246+0000] {processor.py:840} INFO - DAG(s) 'tutorial_objectstorage' retrieved from /home/airflow/.local/lib/python3.12/site-packages/airflow/example_dags/tutorial_objectstorage.py
[2026-04-26T23:44:25.258+0000] {logging_mixin.py:188} INFO - [2026-04-26T23:44:25.258+0000] {dag.py:3096} INFO - Sync 1 DAGs
[2026-04-26T23:44:25.265+0000] {logging_mixin.py:188} INFO - [2026-04-26T23:44:25.265+0000] {dag.py:3954} INFO - Setting next_dagrun for tutorial_objectstorage to None, run_after=None
[2026-04-26T23:44:25.274+0000] {processor.py:183} INFO - Processing /home/airflow/.local/lib/python3.12/site-packages/airflow/example_dags/tutorial_objectstorage.py took 0.037 seconds
[2026-04-26T23:44:55.326+0000] {processor.py:161} INFO - Started process (PID=292) to work on /home/airflow/.local/lib/python3.12/site-packages/airflow/example_dags/tutorial_objectstorage.py
[2026-04-26T23:44:55.327+0000] {processor.py:830} INFO - Processing file /home/airflow/.local/lib/python3.12/site-packages/airflow/example_dags/tutorial_objectstorage.py for tasks to queue
[2026-04-26T23:44:55.328+0000] {logging_mixin.py:188} INFO - [2026-04-26T23:44:55.328+0000] {dagbag.py:545} INFO - Filling up the DagBag from /home/airflow/.local/lib/python3.12/site-packages/airflow/example_dags/tutorial_objectstorage.py
[2026-04-26T23:44:55.332+0000] {processor.py:840} INFO - DAG(s) 'tutorial_objectstorage' retrieved from /home/airflow/.local/lib/python3.12/site-packages/airflow/example_dags/tutorial_objectstorage.py
[2026-04-26T23:44:55.344+0000] {logging_mixin.py:188} INFO - [2026-04-26T23:44:55.344+0000] {dag.py:3096} INFO - Sync 1 DAGs
[2026-04-26T23:44:55.352+0000] {logging_mixin.py:188} INFO - [2026-04-26T23:44:55.352+0000] {dag.py:3954} INFO - Setting next_dagrun for tutorial_objectstorage to None, run_after=None
[2026-04-26T23:44:55.362+0000] {processor.py:183} INFO - Processing /home/airflow/.local/lib/python3.12/site-packages/airflow/example_dags/tutorial_objectstorage.py took 0.039 seconds
[2026-04-26T23:45:26.225+0000] {processor.py:161} INFO - Started process (PID=351) to work on /home/airflow/.local/lib/python3.12/site-packages/airflow/example_dags/tutorial_objectstorage.py
[2026-04-26T23:45:26.226+0000] {processor.py:830} INFO - Processing file /home/airflow/.local/lib/python3.12/site-packages/airflow/example_dags/tutorial_objectstorage.py for tasks to queue
[2026-04-26T23:45:26.227+0000] {logging_mixin.py:188} INFO - [2026-04-26T23:45:26.226+0000] {dagbag.py:545} INFO - Filling up the DagBag from /home/airflow/.local/lib/python3.12/site-packages/airflow/example_dags/tutorial_objectstorage.py
[2026-04-26T23:45:26.231+0000] {processor.py:840} INFO - DAG(s) 'tutorial_objectstorage' retrieved from /home/airflow/.local/lib/python3.12/site-packages/airflow/example_dags/tutorial_objectstorage.py
[2026-04-26T23:45:26.242+0000] {logging_mixin.py:188} INFO - [2026-04-26T23:45:26.242+0000] {dag.py:3096} INFO - Sync 1 DAGs
[2026-04-26T23:45:26.249+0000] {logging_mixin.py:188} INFO - [2026-04-26T23:45:26.248+0000] {dag.py:3954} INFO - Setting next_dagrun for tutorial_objectstorage to None, run_after=None
[2026-04-26T23:45:26.259+0000] {processor.py:183} INFO - Processing /home/airflow/.local/lib/python3.12/site-packages/airflow/example_dags/tutorial_objectstorage.py took 0.037 seconds
[2026-04-26T23:45:57.021+0000] {processor.py:161} INFO - Started process (PID=410) to work on /home/airflow/.local/lib/python3.12/site-packages/airflow/example_dags/tutorial_objectstorage.py
[2026-04-26T23:45:57.021+0000] {processor.py:830} INFO - Processing file /home/airflow/.local/lib/python3.12/site-packages/airflow/example_dags/tutorial_objectstorage.py for tasks to queue
[2026-04-26T23:45:57.022+0000] {logging_mixin.py:188} INFO - [2026-04-26T23:45:57.022+0000] {dagbag.py:545} INFO - Filling up the DagBag from /home/airflow/.local/lib/python3.12/site-packages/airflow/example_dags/tutorial_objectstorage.py
[2026-04-26T23:45:57.027+0000] {processor.py:840} INFO - DAG(s) 'tutorial_objectstorage' retrieved from /home/airflow/.local/lib/python3.12/site-packages/airflow/example_dags/tutorial_objectstorage.py
[2026-04-26T23:45:57.038+0000] {logging_mixin.py:188} INFO - [2026-04-26T23:45:57.038+0000] {dag.py:3096} INFO - Sync 1 DAGs
[2026-04-26T23:45:57.046+0000] {logging_mixin.py:188} INFO - [2026-04-26T23:45:57.046+0000] {dag.py:3954} INFO - Setting next_dagrun for tutorial_objectstorage to None, run_after=None
[2026-04-26T23:45:57.057+0000] {processor.py:183} INFO - Processing /home/airflow/.local/lib/python3.12/site-packages/airflow/example_dags/tutorial_objectstorage.py took 0.040 seconds
[2026-04-26T23:46:27.784+0000] {processor.py:161} INFO - Started process (PID=469) to work on /home/airflow/.local/lib/python3.12/site-packages/airflow/example_dags/tutorial_objectstorage.py
[2026-04-26T23:46:27.784+0000] {processor.py:830} INFO - Processing file /home/airflow/.local/lib/python3.12/site-packages/airflow/example_dags/tutorial_objectstorage.py for tasks to queue
[2026-04-26T23:46:27.785+0000] {logging_mixin.py:188} INFO - [2026-04-26T23:46:27.785+0000] {dagbag.py:545} INFO - Filling up the DagBag from /home/airflow/.local/lib/python3.12/site-packages/airflow/example_dags/tutorial_objectstorage.py
[2026-04-26T23:46:27.790+0000] {processor.py:840} INFO - DAG(s) 'tutorial_objectstorage' retrieved from /home/airflow/.local/lib/python3.12/site-packages/airflow/example_dags/tutorial_objectstorage.py
[2026-04-26T23:46:27.802+0000] {logging_mixin.py:188} INFO - [2026-04-26T23:46:27.802+0000] {dag.py:3096} INFO - Sync 1 DAGs
[2026-04-26T23:46:27.809+0000] {logging_mixin.py:188} INFO - [2026-04-26T23:46:27.809+0000] {dag.py:3954} INFO - Setting next_dagrun for tutorial_objectstorage to None, run_after=None
[2026-04-26T23:46:27.821+0000] {processor.py:183} INFO - Processing /home/airflow/.local/lib/python3.12/site-packages/airflow/example_dags/tutorial_objectstorage.py took 0.042 seconds
[2026-04-26T23:46:58.674+0000] {processor.py:161} INFO - Started process (PID=528) to work on /home/airflow/.local/lib/python3.12/site-packages/airflow/example_dags/tutorial_objectstorage.py
[2026-04-26T23:46:58.675+0000] {processor.py:830} INFO - Processing file /home/airflow/.local/lib/python3.12/site-packages/airflow/example_dags/tutorial_objectstorage.py for tasks to queue
[2026-04-26T23:46:58.676+0000] {logging_mixin.py:188} INFO - [2026-04-26T23:46:58.676+0000] {dagbag.py:545} INFO - Filling up the DagBag from /home/airflow/.local/lib/python3.12/site-packages/airflow/example_dags/tutorial_objectstorage.py
[2026-04-26T23:46:58.680+0000] {processor.py:840} INFO - DAG(s) 'tutorial_objectstorage' retrieved from /home/airflow/.local/lib/python3.12/site-packages/airflow/example_dags/tutorial_objectstorage.py
[2026-04-26T23:46:58.692+0000] {logging_mixin.py:188} INFO - [2026-04-26T23:46:58.692+0000] {dag.py:3096} INFO - Sync 1 DAGs
[2026-04-26T23:46:58.700+0000] {logging_mixin.py:188} INFO - [2026-04-26T23:46:58.700+0000] {dag.py:3954} INFO - Setting next_dagrun for tutorial_objectstorage to None, run_after=None
[2026-04-26T23:46:58.709+0000] {processor.py:183} INFO - Processing /home/airflow/.local/lib/python3.12/site-packages/airflow/example_dags/tutorial_objectstorage.py took 0.039 seconds
[2026-04-26T23:47:28.977+0000] {processor.py:161} INFO - Started process (PID=587) to work on /home/airflow/.local/lib/python3.12/site-packages/airflow/example_dags/tutorial_objectstorage.py
[2026-04-26T23:47:28.978+0000] {processor.py:830} INFO - Processing file /home/airflow/.local/lib/python3.12/site-packages/airflow/example_dags/tutorial_objectstorage.py for tasks to queue
[2026-04-26T23:47:28.979+0000] {logging_mixin.py:188} INFO - [2026-04-26T23:47:28.979+0000] {dagbag.py:545} INFO - Filling up the DagBag from /home/airflow/.local/lib/python3.12/site-packages/airflow/example_dags/tutorial_objectstorage.py
[2026-04-26T23:47:28.984+0000] {processor.py:840} INFO - DAG(s) 'tutorial_objectstorage' retrieved from /home/airflow/.local/lib/python3.12/site-packages/airflow/example_dags/tutorial_objectstorage.py
[2026-04-26T23:47:28.996+0000] {logging_mixin.py:188} INFO - [2026-04-26T23:47:28.995+0000] {dag.py:3096} INFO - Sync 1 DAGs
[2026-04-26T23:47:29.004+0000] {logging_mixin.py:188} INFO - [2026-04-26T23:47:29.003+0000] {dag.py:3954} INFO - Setting next_dagrun for tutorial_objectstorage to None, run_after=None
[2026-04-26T23:47:29.015+0000] {processor.py:183} INFO - Processing /home/airflow/.local/lib/python3.12/site-packages/airflow/example_dags/tutorial_objectstorage.py took 0.041 seconds
[2026-04-26T23:47:59.190+0000] {processor.py:161} INFO - Started process (PID=646) to work on /home/airflow/.local/lib/python3.12/site-packages/airflow/example_dags/tutorial_objectstorage.py
[2026-04-26T23:47:59.190+0000] {processor.py:830} INFO - Processing file /home/airflow/.local/lib/python3.12/site-packages/airflow/example_dags/tutorial_objectstorage.py for tasks to queue
[2026-04-26T23:47:59.192+0000] {logging_mixin.py:188} INFO - [2026-04-26T23:47:59.192+0000] {dagbag.py:545} INFO - Filling up the DagBag from /home/airflow/.local/lib/python3.12/site-packages/airflow/example_dags/tutorial_objectstorage.py
[2026-04-26T23:47:59.198+0000] {processor.py:840} INFO - DAG(s) 'tutorial_objectstorage' retrieved from /home/airflow/.local/lib/python3.12/site-packages/airflow/example_dags/tutorial_objectstorage.py
[2026-04-26T23:47:59.213+0000] {logging_mixin.py:188} INFO - [2026-04-26T23:47:59.213+0000] {dag.py:3096} INFO - Sync 1 DAGs
[2026-04-26T23:47:59.223+0000] {logging_mixin.py:188} INFO - [2026-04-26T23:47:59.223+0000] {dag.py:3954} INFO - Setting next_dagrun for tutorial_objectstorage to None, run_after=None
[2026-04-26T23:47:59.236+0000] {processor.py:183} INFO - Processing /home/airflow/.local/lib/python3.12/site-packages/airflow/example_dags/tutorial_objectstorage.py took 0.051 seconds
[2026-04-26T23:48:29.293+0000] {processor.py:161} INFO - Started process (PID=705) to work on /home/airflow/.local/lib/python3.12/site-packages/airflow/example_dags/tutorial_objectstorage.py
[2026-04-26T23:48:29.294+0000] {processor.py:830} INFO - Processing file /home/airflow/.local/lib/python3.12/site-packages/airflow/example_dags/tutorial_objectstorage.py for tasks to queue
[2026-04-26T23:48:29.295+0000] {logging_mixin.py:188} INFO - [2026-04-26T23:48:29.295+0000] {dagbag.py:545} INFO - Filling up the DagBag from /home/airflow/.local/lib/python3.12/site-packages/airflow/example_dags/tutorial_objectstorage.py
[2026-04-26T23:48:29.301+0000] {processor.py:840} INFO - DAG(s) 'tutorial_objectstorage' retrieved from /home/airflow/.local/lib/python3.12/site-packages/airflow/example_dags/tutorial_objectstorage.py
[2026-04-26T23:48:29.314+0000] {logging_mixin.py:188} INFO - [2026-04-26T23:48:29.314+0000] {dag.py:3096} INFO - Sync 1 DAGs
[2026-04-26T23:48:29.323+0000] {logging_mixin.py:188} INFO - [2026-04-26T23:48:29.322+0000] {dag.py:3954} INFO - Setting next_dagrun for tutorial_objectstorage to None, run_after=None
[2026-04-26T23:48:29.335+0000] {processor.py:183} INFO - Processing /home/airflow/.local/lib/python3.12/site-packages/airflow/example_dags/tutorial_objectstorage.py took 0.046 seconds
[2026-04-26T23:49:00.168+0000] {processor.py:161} INFO - Started process (PID=764) to work on /home/airflow/.local/lib/python3.12/site-packages/airflow/example_dags/tutorial_objectstorage.py
[2026-04-26T23:49:00.169+0000] {processor.py:830} INFO - Processing file /home/airflow/.local/lib/python3.12/site-packages/airflow/example_dags/tutorial_objectstorage.py for tasks to queue
[2026-04-26T23:49:00.170+0000] {logging_mixin.py:188} INFO - [2026-04-26T23:49:00.170+0000] {dagbag.py:545} INFO - Filling up the DagBag from /home/airflow/.local/lib/python3.12/site-packages/airflow/example_dags/tutorial_objectstorage.py
[2026-04-26T23:49:00.175+0000] {processor.py:840} INFO - DAG(s) 'tutorial_objectstorage' retrieved from /home/airflow/.local/lib/python3.12/site-packages/airflow/example_dags/tutorial_objectstorage.py
[2026-04-26T23:49:00.186+0000] {logging_mixin.py:188} INFO - [2026-04-26T23:49:00.186+0000] {dag.py:3096} INFO - Sync 1 DAGs
[2026-04-26T23:49:00.193+0000] {logging_mixin.py:188} INFO - [2026-04-26T23:49:00.193+0000] {dag.py:3954} INFO - Setting next_dagrun for tutorial_objectstorage to None, run_after=None
[2026-04-26T23:49:00.203+0000] {processor.py:183} INFO - Processing /home/airflow/.local/lib/python3.12/site-packages/airflow/example_dags/tutorial_objectstorage.py took 0.039 seconds
[2026-04-26T23:49:30.583+0000] {processor.py:161} INFO - Started process (PID=824) to work on /home/airflow/.local/lib/python3.12/site-packages/airflow/example_dags/tutorial_objectstorage.py
[2026-04-26T23:49:30.584+0000] {processor.py:830} INFO - Processing file /home/airflow/.local/lib/python3.12/site-packages/airflow/example_dags/tutorial_objectstorage.py for tasks to queue
[2026-04-26T23:49:30.585+0000] {logging_mixin.py:188} INFO - [2026-04-26T23:49:30.585+0000] {dagbag.py:545} INFO - Filling up the DagBag from /home/airflow/.local/lib/python3.12/site-packages/airflow/example_dags/tutorial_objectstorage.py
[2026-04-26T23:49:30.589+0000] {processor.py:840} INFO - DAG(s) 'tutorial_objectstorage' retrieved from /home/airflow/.local/lib/python3.12/site-packages/airflow/example_dags/tutorial_objectstorage.py
[2026-04-26T23:49:30.601+0000] {logging_mixin.py:188} INFO - [2026-04-26T23:49:30.600+0000] {dag.py:3096} INFO - Sync 1 DAGs
[2026-04-26T23:49:30.609+0000] {logging_mixin.py:188} INFO - [2026-04-26T23:49:30.609+0000] {dag.py:3954} INFO - Setting next_dagrun for tutorial_objectstorage to None, run_after=None
[2026-04-26T23:49:30.620+0000] {processor.py:183} INFO - Processing /home/airflow/.local/lib/python3.12/site-packages/airflow/example_dags/tutorial_objectstorage.py took 0.040 seconds
[2026-04-26T23:50:05.187+0000] {processor.py:161} INFO - Started process (PID=115) to work on /home/airflow/.local/lib/python3.12/site-packages/airflow/example_dags/tutorial_objectstorage.py
[2026-04-26T23:50:05.188+0000] {processor.py:830} INFO - Processing file /home/airflow/.local/lib/python3.12/site-packages/airflow/example_dags/tutorial_objectstorage.py for tasks to queue
[2026-04-26T23:50:05.189+0000] {logging_mixin.py:188} INFO - [2026-04-26T23:50:05.189+0000] {dagbag.py:545} INFO - Filling up the DagBag from /home/airflow/.local/lib/python3.12/site-packages/airflow/example_dags/tutorial_objectstorage.py
[2026-04-26T23:50:05.194+0000] {processor.py:840} INFO - DAG(s) 'tutorial_objectstorage' retrieved from /home/airflow/.local/lib/python3.12/site-packages/airflow/example_dags/tutorial_objectstorage.py
[2026-04-26T23:50:05.201+0000] {logging_mixin.py:188} INFO - [2026-04-26T23:50:05.201+0000] {dag.py:3096} INFO - Sync 1 DAGs
[2026-04-26T23:50:05.209+0000] {logging_mixin.py:188} INFO - [2026-04-26T23:50:05.209+0000] {dag.py:3954} INFO - Setting next_dagrun for tutorial_objectstorage to None, run_after=None
[2026-04-26T23:50:05.219+0000] {processor.py:183} INFO - Processing /home/airflow/.local/lib/python3.12/site-packages/airflow/example_dags/tutorial_objectstorage.py took 0.035 seconds
[2026-04-26T23:50:37.368+0000] {processor.py:161} INFO - Started process (PID=174) to work on /home/airflow/.local/lib/python3.12/site-packages/airflow/example_dags/tutorial_objectstorage.py
[2026-04-26T23:50:37.369+0000] {processor.py:830} INFO - Processing file /home/airflow/.local/lib/python3.12/site-packages/airflow/example_dags/tutorial_objectstorage.py for tasks to queue
[2026-04-26T23:50:37.370+0000] {logging_mixin.py:188} INFO - [2026-04-26T23:50:37.370+0000] {dagbag.py:545} INFO - Filling up the DagBag from /home/airflow/.local/lib/python3.12/site-packages/airflow/example_dags/tutorial_objectstorage.py
[2026-04-26T23:50:37.374+0000] {processor.py:840} INFO - DAG(s) 'tutorial_objectstorage' retrieved from /home/airflow/.local/lib/python3.12/site-packages/airflow/example_dags/tutorial_objectstorage.py
[2026-04-26T23:50:37.437+0000] {logging_mixin.py:188} INFO - [2026-04-26T23:50:37.437+0000] {dag.py:3096} INFO - Sync 1 DAGs
[2026-04-26T23:50:37.445+0000] {logging_mixin.py:188} INFO - [2026-04-26T23:50:37.444+0000] {dag.py:3954} INFO - Setting next_dagrun for tutorial_objectstorage to None, run_after=None
[2026-04-26T23:50:37.467+0000] {processor.py:183} INFO - Processing /home/airflow/.local/lib/python3.12/site-packages/airflow/example_dags/tutorial_objectstorage.py took 0.103 seconds
[2026-04-26T23:51:08.320+0000] {processor.py:161} INFO - Started process (PID=233) to work on /home/airflow/.local/lib/python3.12/site-packages/airflow/example_dags/tutorial_objectstorage.py
[2026-04-26T23:51:08.321+0000] {processor.py:830} INFO - Processing file /home/airflow/.local/lib/python3.12/site-packages/airflow/example_dags/tutorial_objectstorage.py for tasks to queue
[2026-04-26T23:51:08.322+0000] {logging_mixin.py:188} INFO - [2026-04-26T23:51:08.322+0000] {dagbag.py:545} INFO - Filling up the DagBag from /home/airflow/.local/lib/python3.12/site-packages/airflow/example_dags/tutorial_objectstorage.py
[2026-04-26T23:51:08.326+0000] {processor.py:840} INFO - DAG(s) 'tutorial_objectstorage' retrieved from /home/airflow/.local/lib/python3.12/site-packages/airflow/example_dags/tutorial_objectstorage.py
[2026-04-26T23:51:08.337+0000] {logging_mixin.py:188} INFO - [2026-04-26T23:51:08.337+0000] {dag.py:3096} INFO - Sync 1 DAGs
[2026-04-26T23:51:08.344+0000] {logging_mixin.py:188} INFO - [2026-04-26T23:51:08.344+0000] {dag.py:3954} INFO - Setting next_dagrun for tutorial_objectstorage to None, run_after=None
[2026-04-26T23:51:08.353+0000] {processor.py:183} INFO - Processing /home/airflow/.local/lib/python3.12/site-packages/airflow/example_dags/tutorial_objectstorage.py took 0.036 seconds
[2026-04-26T23:51:38.611+0000] {processor.py:161} INFO - Started process (PID=292) to work on /home/airflow/.local/lib/python3.12/site-packages/airflow/example_dags/tutorial_objectstorage.py
[2026-04-26T23:51:38.611+0000] {processor.py:830} INFO - Processing file /home/airflow/.local/lib/python3.12/site-packages/airflow/example_dags/tutorial_objectstorage.py for tasks to queue
[2026-04-26T23:51:38.612+0000] {logging_mixin.py:188} INFO - [2026-04-26T23:51:38.612+0000] {dagbag.py:545} INFO - Filling up the DagBag from /home/airflow/.local/lib/python3.12/site-packages/airflow/example_dags/tutorial_objectstorage.py
[2026-04-26T23:51:38.617+0000] {processor.py:840} INFO - DAG(s) 'tutorial_objectstorage' retrieved from /home/airflow/.local/lib/python3.12/site-packages/airflow/example_dags/tutorial_objectstorage.py
[2026-04-26T23:51:38.628+0000] {logging_mixin.py:188} INFO - [2026-04-26T23:51:38.628+0000] {dag.py:3096} INFO - Sync 1 DAGs
[2026-04-26T23:51:38.635+0000] {logging_mixin.py:188} INFO - [2026-04-26T23:51:38.635+0000] {dag.py:3954} INFO - Setting next_dagrun for tutorial_objectstorage to None, run_after=None
[2026-04-26T23:51:38.646+0000] {processor.py:183} INFO - Processing /home/airflow/.local/lib/python3.12/site-packages/airflow/example_dags/tutorial_objectstorage.py took 0.038 seconds
[2026-04-26T23:52:09.659+0000] {processor.py:161} INFO - Started process (PID=351) to work on /home/airflow/.local/lib/python3.12/site-packages/airflow/example_dags/tutorial_objectstorage.py
[2026-04-26T23:52:09.659+0000] {processor.py:830} INFO - Processing file /home/airflow/.local/lib/python3.12/site-packages/airflow/example_dags/tutorial_objectstorage.py for tasks to queue
[2026-04-26T23:52:09.660+0000] {logging_mixin.py:188} INFO - [2026-04-26T23:52:09.660+0000] {dagbag.py:545} INFO - Filling up the DagBag from /home/airflow/.local/lib/python3.12/site-packages/airflow/example_dags/tutorial_objectstorage.py
[2026-04-26T23:52:09.664+0000] {processor.py:840} INFO - DAG(s) 'tutorial_objectstorage' retrieved from /home/airflow/.local/lib/python3.12/site-packages/airflow/example_dags/tutorial_objectstorage.py
[2026-04-26T23:52:09.675+0000] {logging_mixin.py:188} INFO - [2026-04-26T23:52:09.675+0000] {dag.py:3096} INFO - Sync 1 DAGs
[2026-04-26T23:52:09.681+0000] {logging_mixin.py:188} INFO - [2026-04-26T23:52:09.681+0000] {dag.py:3954} INFO - Setting next_dagrun for tutorial_objectstorage to None, run_after=None
[2026-04-26T23:52:09.690+0000] {processor.py:183} INFO - Processing /home/airflow/.local/lib/python3.12/site-packages/airflow/example_dags/tutorial_objectstorage.py took 0.035 seconds
[2026-04-26T23:52:39.786+0000] {processor.py:161} INFO - Started process (PID=410) to work on /home/airflow/.local/lib/python3.12/site-packages/airflow/example_dags/tutorial_objectstorage.py
[2026-04-26T23:52:39.786+0000] {processor.py:830} INFO - Processing file /home/airflow/.local/lib/python3.12/site-packages/airflow/example_dags/tutorial_objectstorage.py for tasks to queue
[2026-04-26T23:52:39.788+0000] {logging_mixin.py:188} INFO - [2026-04-26T23:52:39.787+0000] {dagbag.py:545} INFO - Filling up the DagBag from /home/airflow/.local/lib/python3.12/site-packages/airflow/example_dags/tutorial_objectstorage.py
[2026-04-26T23:52:39.792+0000] {processor.py:840} INFO - DAG(s) 'tutorial_objectstorage' retrieved from /home/airflow/.local/lib/python3.12/site-packages/airflow/example_dags/tutorial_objectstorage.py
[2026-04-26T23:52:39.802+0000] {logging_mixin.py:188} INFO - [2026-04-26T23:52:39.802+0000] {dag.py:3096} INFO - Sync 1 DAGs
[2026-04-26T23:52:39.809+0000] {logging_mixin.py:188} INFO - [2026-04-26T23:52:39.809+0000] {dag.py:3954} INFO - Setting next_dagrun for tutorial_objectstorage to None, run_after=None
[2026-04-26T23:52:39.818+0000] {processor.py:183} INFO - Processing /home/airflow/.local/lib/python3.12/site-packages/airflow/example_dags/tutorial_objectstorage.py took 0.035 seconds
[2026-04-26T23:53:10.773+0000] {processor.py:161} INFO - Started process (PID=469) to work on /home/airflow/.local/lib/python3.12/site-packages/airflow/example_dags/tutorial_objectstorage.py
[2026-04-26T23:53:10.774+0000] {processor.py:830} INFO - Processing file /home/airflow/.local/lib/python3.12/site-packages/airflow/example_dags/tutorial_objectstorage.py for tasks to queue
[2026-04-26T23:53:10.775+0000] {logging_mixin.py:188} INFO - [2026-04-26T23:53:10.775+0000] {dagbag.py:545} INFO - Filling up the DagBag from /home/airflow/.local/lib/python3.12/site-packages/airflow/example_dags/tutorial_objectstorage.py
[2026-04-26T23:53:10.779+0000] {processor.py:840} INFO - DAG(s) 'tutorial_objectstorage' retrieved from /home/airflow/.local/lib/python3.12/site-packages/airflow/example_dags/tutorial_objectstorage.py
[2026-04-26T23:53:10.790+0000] {logging_mixin.py:188} INFO - [2026-04-26T23:53:10.790+0000] {dag.py:3096} INFO - Sync 1 DAGs
[2026-04-26T23:53:10.797+0000] {logging_mixin.py:188} INFO - [2026-04-26T23:53:10.797+0000] {dag.py:3954} INFO - Setting next_dagrun for tutorial_objectstorage to None, run_after=None
[2026-04-26T23:53:10.807+0000] {processor.py:183} INFO - Processing /home/airflow/.local/lib/python3.12/site-packages/airflow/example_dags/tutorial_objectstorage.py took 0.037 seconds
[2026-04-26T23:53:41.063+0000] {processor.py:161} INFO - Started process (PID=528) to work on /home/airflow/.local/lib/python3.12/site-packages/airflow/example_dags/tutorial_objectstorage.py
[2026-04-26T23:53:41.063+0000] {processor.py:830} INFO - Processing file /home/airflow/.local/lib/python3.12/site-packages/airflow/example_dags/tutorial_objectstorage.py for tasks to queue
[2026-04-26T23:53:41.064+0000] {logging_mixin.py:188} INFO - [2026-04-26T23:53:41.064+0000] {dagbag.py:545} INFO - Filling up the DagBag from /home/airflow/.local/lib/python3.12/site-packages/airflow/example_dags/tutorial_objectstorage.py
[2026-04-26T23:53:41.068+0000] {processor.py:840} INFO - DAG(s) 'tutorial_objectstorage' retrieved from /home/airflow/.local/lib/python3.12/site-packages/airflow/example_dags/tutorial_objectstorage.py
[2026-04-26T23:53:41.079+0000] {logging_mixin.py:188} INFO - [2026-04-26T23:53:41.079+0000] {dag.py:3096} INFO - Sync 1 DAGs
[2026-04-26T23:53:41.086+0000] {logging_mixin.py:188} INFO - [2026-04-26T23:53:41.086+0000] {dag.py:3954} INFO - Setting next_dagrun for tutorial_objectstorage to None, run_after=None
[2026-04-26T23:53:41.095+0000] {processor.py:183} INFO - Processing /home/airflow/.local/lib/python3.12/site-packages/airflow/example_dags/tutorial_objectstorage.py took 0.036 seconds
