[2026-04-26T23:08:15.734+0000] {processor.py:161} INFO - Started process (PID=83) to work on /home/airflow/.local/lib/python3.12/site-packages/airflow/example_dags/tutorial_taskflow_api.py
[2026-04-26T23:08:15.734+0000] {processor.py:830} INFO - Processing file /home/airflow/.local/lib/python3.12/site-packages/airflow/example_dags/tutorial_taskflow_api.py for tasks to queue
[2026-04-26T23:08:15.735+0000] {logging_mixin.py:188} INFO - [2026-04-26T23:08:15.735+0000] {dagbag.py:545} INFO - Filling up the DagBag from /home/airflow/.local/lib/python3.12/site-packages/airflow/example_dags/tutorial_taskflow_api.py
[2026-04-26T23:08:15.740+0000] {processor.py:840} INFO - DAG(s) 'tutorial_taskflow_api' retrieved from /home/airflow/.local/lib/python3.12/site-packages/airflow/example_dags/tutorial_taskflow_api.py
[2026-04-26T23:08:15.746+0000] {logging_mixin.py:188} INFO - [2026-04-26T23:08:15.746+0000] {dag.py:3096} INFO - Sync 1 DAGs
[2026-04-26T23:08:15.753+0000] {logging_mixin.py:188} INFO - [2026-04-26T23:08:15.753+0000] {dag.py:3954} INFO - Setting next_dagrun for tutorial_taskflow_api to None, run_after=None
[2026-04-26T23:08:15.763+0000] {processor.py:183} INFO - Processing /home/airflow/.local/lib/python3.12/site-packages/airflow/example_dags/tutorial_taskflow_api.py took 0.033 seconds
[2026-04-26T23:08:46.976+0000] {processor.py:161} INFO - Started process (PID=141) to work on /home/airflow/.local/lib/python3.12/site-packages/airflow/example_dags/tutorial_taskflow_api.py
[2026-04-26T23:08:46.977+0000] {processor.py:830} INFO - Processing file /home/airflow/.local/lib/python3.12/site-packages/airflow/example_dags/tutorial_taskflow_api.py for tasks to queue
[2026-04-26T23:08:46.978+0000] {logging_mixin.py:188} INFO - [2026-04-26T23:08:46.977+0000] {dagbag.py:545} INFO - Filling up the DagBag from /home/airflow/.local/lib/python3.12/site-packages/airflow/example_dags/tutorial_taskflow_api.py
[2026-04-26T23:08:46.982+0000] {processor.py:840} INFO - DAG(s) 'tutorial_taskflow_api' retrieved from /home/airflow/.local/lib/python3.12/site-packages/airflow/example_dags/tutorial_taskflow_api.py
[2026-04-26T23:08:47.052+0000] {logging_mixin.py:188} INFO - [2026-04-26T23:08:47.052+0000] {dag.py:3096} INFO - Sync 1 DAGs
[2026-04-26T23:08:47.059+0000] {logging_mixin.py:188} INFO - [2026-04-26T23:08:47.059+0000] {dag.py:3954} INFO - Setting next_dagrun for tutorial_taskflow_api to None, run_after=None
[2026-04-26T23:08:47.071+0000] {processor.py:183} INFO - Processing /home/airflow/.local/lib/python3.12/site-packages/airflow/example_dags/tutorial_taskflow_api.py took 0.099 seconds
[2026-04-26T23:09:17.226+0000] {processor.py:161} INFO - Started process (PID=199) to work on /home/airflow/.local/lib/python3.12/site-packages/airflow/example_dags/tutorial_taskflow_api.py
[2026-04-26T23:09:17.226+0000] {processor.py:830} INFO - Processing file /home/airflow/.local/lib/python3.12/site-packages/airflow/example_dags/tutorial_taskflow_api.py for tasks to queue
[2026-04-26T23:09:17.227+0000] {logging_mixin.py:188} INFO - [2026-04-26T23:09:17.227+0000] {dagbag.py:545} INFO - Filling up the DagBag from /home/airflow/.local/lib/python3.12/site-packages/airflow/example_dags/tutorial_taskflow_api.py
[2026-04-26T23:09:17.231+0000] {processor.py:840} INFO - DAG(s) 'tutorial_taskflow_api' retrieved from /home/airflow/.local/lib/python3.12/site-packages/airflow/example_dags/tutorial_taskflow_api.py
[2026-04-26T23:09:17.241+0000] {logging_mixin.py:188} INFO - [2026-04-26T23:09:17.241+0000] {dag.py:3096} INFO - Sync 1 DAGs
[2026-04-26T23:09:17.248+0000] {logging_mixin.py:188} INFO - [2026-04-26T23:09:17.248+0000] {dag.py:3954} INFO - Setting next_dagrun for tutorial_taskflow_api to None, run_after=None
[2026-04-26T23:09:17.256+0000] {processor.py:183} INFO - Processing /home/airflow/.local/lib/python3.12/site-packages/airflow/example_dags/tutorial_taskflow_api.py took 0.033 seconds
[2026-04-26T23:09:48.084+0000] {processor.py:161} INFO - Started process (PID=263) to work on /home/airflow/.local/lib/python3.12/site-packages/airflow/example_dags/tutorial_taskflow_api.py
[2026-04-26T23:09:48.084+0000] {processor.py:830} INFO - Processing file /home/airflow/.local/lib/python3.12/site-packages/airflow/example_dags/tutorial_taskflow_api.py for tasks to queue
[2026-04-26T23:09:48.085+0000] {logging_mixin.py:188} INFO - [2026-04-26T23:09:48.085+0000] {dagbag.py:545} INFO - Filling up the DagBag from /home/airflow/.local/lib/python3.12/site-packages/airflow/example_dags/tutorial_taskflow_api.py
[2026-04-26T23:09:48.090+0000] {processor.py:840} INFO - DAG(s) 'tutorial_taskflow_api' retrieved from /home/airflow/.local/lib/python3.12/site-packages/airflow/example_dags/tutorial_taskflow_api.py
[2026-04-26T23:09:48.104+0000] {logging_mixin.py:188} INFO - [2026-04-26T23:09:48.103+0000] {dag.py:3096} INFO - Sync 1 DAGs
[2026-04-26T23:09:48.112+0000] {logging_mixin.py:188} INFO - [2026-04-26T23:09:48.112+0000] {dag.py:3954} INFO - Setting next_dagrun for tutorial_taskflow_api to None, run_after=None
[2026-04-26T23:09:48.124+0000] {processor.py:183} INFO - Processing /home/airflow/.local/lib/python3.12/site-packages/airflow/example_dags/tutorial_taskflow_api.py took 0.044 seconds
[2026-04-26T23:10:18.975+0000] {processor.py:161} INFO - Started process (PID=321) to work on /home/airflow/.local/lib/python3.12/site-packages/airflow/example_dags/tutorial_taskflow_api.py
[2026-04-26T23:10:18.975+0000] {processor.py:830} INFO - Processing file /home/airflow/.local/lib/python3.12/site-packages/airflow/example_dags/tutorial_taskflow_api.py for tasks to queue
[2026-04-26T23:10:18.976+0000] {logging_mixin.py:188} INFO - [2026-04-26T23:10:18.976+0000] {dagbag.py:545} INFO - Filling up the DagBag from /home/airflow/.local/lib/python3.12/site-packages/airflow/example_dags/tutorial_taskflow_api.py
[2026-04-26T23:10:18.979+0000] {processor.py:840} INFO - DAG(s) 'tutorial_taskflow_api' retrieved from /home/airflow/.local/lib/python3.12/site-packages/airflow/example_dags/tutorial_taskflow_api.py
[2026-04-26T23:10:18.990+0000] {logging_mixin.py:188} INFO - [2026-04-26T23:10:18.990+0000] {dag.py:3096} INFO - Sync 1 DAGs
[2026-04-26T23:10:18.996+0000] {logging_mixin.py:188} INFO - [2026-04-26T23:10:18.996+0000] {dag.py:3954} INFO - Setting next_dagrun for tutorial_taskflow_api to None, run_after=None
[2026-04-26T23:10:19.004+0000] {processor.py:183} INFO - Processing /home/airflow/.local/lib/python3.12/site-packages/airflow/example_dags/tutorial_taskflow_api.py took 0.033 seconds
[2026-04-26T23:10:49.063+0000] {processor.py:161} INFO - Started process (PID=379) to work on /home/airflow/.local/lib/python3.12/site-packages/airflow/example_dags/tutorial_taskflow_api.py
[2026-04-26T23:10:49.063+0000] {processor.py:830} INFO - Processing file /home/airflow/.local/lib/python3.12/site-packages/airflow/example_dags/tutorial_taskflow_api.py for tasks to queue
[2026-04-26T23:10:49.064+0000] {logging_mixin.py:188} INFO - [2026-04-26T23:10:49.064+0000] {dagbag.py:545} INFO - Filling up the DagBag from /home/airflow/.local/lib/python3.12/site-packages/airflow/example_dags/tutorial_taskflow_api.py
[2026-04-26T23:10:49.067+0000] {processor.py:840} INFO - DAG(s) 'tutorial_taskflow_api' retrieved from /home/airflow/.local/lib/python3.12/site-packages/airflow/example_dags/tutorial_taskflow_api.py
[2026-04-26T23:10:49.078+0000] {logging_mixin.py:188} INFO - [2026-04-26T23:10:49.078+0000] {dag.py:3096} INFO - Sync 1 DAGs
[2026-04-26T23:10:49.085+0000] {logging_mixin.py:188} INFO - [2026-04-26T23:10:49.085+0000] {dag.py:3954} INFO - Setting next_dagrun for tutorial_taskflow_api to None, run_after=None
[2026-04-26T23:10:49.093+0000] {processor.py:183} INFO - Processing /home/airflow/.local/lib/python3.12/site-packages/airflow/example_dags/tutorial_taskflow_api.py took 0.034 seconds
[2026-04-26T23:11:19.851+0000] {processor.py:161} INFO - Started process (PID=437) to work on /home/airflow/.local/lib/python3.12/site-packages/airflow/example_dags/tutorial_taskflow_api.py
[2026-04-26T23:11:19.851+0000] {processor.py:830} INFO - Processing file /home/airflow/.local/lib/python3.12/site-packages/airflow/example_dags/tutorial_taskflow_api.py for tasks to queue
[2026-04-26T23:11:19.853+0000] {logging_mixin.py:188} INFO - [2026-04-26T23:11:19.852+0000] {dagbag.py:545} INFO - Filling up the DagBag from /home/airflow/.local/lib/python3.12/site-packages/airflow/example_dags/tutorial_taskflow_api.py
[2026-04-26T23:11:19.857+0000] {processor.py:840} INFO - DAG(s) 'tutorial_taskflow_api' retrieved from /home/airflow/.local/lib/python3.12/site-packages/airflow/example_dags/tutorial_taskflow_api.py
[2026-04-26T23:11:19.868+0000] {logging_mixin.py:188} INFO - [2026-04-26T23:11:19.868+0000] {dag.py:3096} INFO - Sync 1 DAGs
[2026-04-26T23:11:19.875+0000] {logging_mixin.py:188} INFO - [2026-04-26T23:11:19.875+0000] {dag.py:3954} INFO - Setting next_dagrun for tutorial_taskflow_api to None, run_after=None
[2026-04-26T23:11:19.885+0000] {processor.py:183} INFO - Processing /home/airflow/.local/lib/python3.12/site-packages/airflow/example_dags/tutorial_taskflow_api.py took 0.038 seconds
[2026-04-26T23:11:50.629+0000] {processor.py:161} INFO - Started process (PID=495) to work on /home/airflow/.local/lib/python3.12/site-packages/airflow/example_dags/tutorial_taskflow_api.py
[2026-04-26T23:11:50.629+0000] {processor.py:830} INFO - Processing file /home/airflow/.local/lib/python3.12/site-packages/airflow/example_dags/tutorial_taskflow_api.py for tasks to queue
[2026-04-26T23:11:50.631+0000] {logging_mixin.py:188} INFO - [2026-04-26T23:11:50.630+0000] {dagbag.py:545} INFO - Filling up the DagBag from /home/airflow/.local/lib/python3.12/site-packages/airflow/example_dags/tutorial_taskflow_api.py
[2026-04-26T23:11:50.634+0000] {processor.py:840} INFO - DAG(s) 'tutorial_taskflow_api' retrieved from /home/airflow/.local/lib/python3.12/site-packages/airflow/example_dags/tutorial_taskflow_api.py
[2026-04-26T23:11:50.646+0000] {logging_mixin.py:188} INFO - [2026-04-26T23:11:50.646+0000] {dag.py:3096} INFO - Sync 1 DAGs
[2026-04-26T23:11:50.653+0000] {logging_mixin.py:188} INFO - [2026-04-26T23:11:50.653+0000] {dag.py:3954} INFO - Setting next_dagrun for tutorial_taskflow_api to None, run_after=None
[2026-04-26T23:11:50.663+0000] {processor.py:183} INFO - Processing /home/airflow/.local/lib/python3.12/site-packages/airflow/example_dags/tutorial_taskflow_api.py took 0.038 seconds
[2026-04-26T23:12:21.446+0000] {processor.py:161} INFO - Started process (PID=553) to work on /home/airflow/.local/lib/python3.12/site-packages/airflow/example_dags/tutorial_taskflow_api.py
[2026-04-26T23:12:21.446+0000] {processor.py:830} INFO - Processing file /home/airflow/.local/lib/python3.12/site-packages/airflow/example_dags/tutorial_taskflow_api.py for tasks to queue
[2026-04-26T23:12:21.447+0000] {logging_mixin.py:188} INFO - [2026-04-26T23:12:21.447+0000] {dagbag.py:545} INFO - Filling up the DagBag from /home/airflow/.local/lib/python3.12/site-packages/airflow/example_dags/tutorial_taskflow_api.py
[2026-04-26T23:12:21.451+0000] {processor.py:840} INFO - DAG(s) 'tutorial_taskflow_api' retrieved from /home/airflow/.local/lib/python3.12/site-packages/airflow/example_dags/tutorial_taskflow_api.py
[2026-04-26T23:12:21.462+0000] {logging_mixin.py:188} INFO - [2026-04-26T23:12:21.462+0000] {dag.py:3096} INFO - Sync 1 DAGs
[2026-04-26T23:12:21.469+0000] {logging_mixin.py:188} INFO - [2026-04-26T23:12:21.469+0000] {dag.py:3954} INFO - Setting next_dagrun for tutorial_taskflow_api to None, run_after=None
[2026-04-26T23:12:21.480+0000] {processor.py:183} INFO - Processing /home/airflow/.local/lib/python3.12/site-packages/airflow/example_dags/tutorial_taskflow_api.py took 0.038 seconds
[2026-04-26T23:12:52.343+0000] {processor.py:161} INFO - Started process (PID=611) to work on /home/airflow/.local/lib/python3.12/site-packages/airflow/example_dags/tutorial_taskflow_api.py
[2026-04-26T23:12:52.343+0000] {processor.py:830} INFO - Processing file /home/airflow/.local/lib/python3.12/site-packages/airflow/example_dags/tutorial_taskflow_api.py for tasks to queue
[2026-04-26T23:12:52.344+0000] {logging_mixin.py:188} INFO - [2026-04-26T23:12:52.344+0000] {dagbag.py:545} INFO - Filling up the DagBag from /home/airflow/.local/lib/python3.12/site-packages/airflow/example_dags/tutorial_taskflow_api.py
[2026-04-26T23:12:52.348+0000] {processor.py:840} INFO - DAG(s) 'tutorial_taskflow_api' retrieved from /home/airflow/.local/lib/python3.12/site-packages/airflow/example_dags/tutorial_taskflow_api.py
[2026-04-26T23:12:52.363+0000] {logging_mixin.py:188} INFO - [2026-04-26T23:12:52.362+0000] {dag.py:3096} INFO - Sync 1 DAGs
[2026-04-26T23:12:52.371+0000] {logging_mixin.py:188} INFO - [2026-04-26T23:12:52.370+0000] {dag.py:3954} INFO - Setting next_dagrun for tutorial_taskflow_api to None, run_after=None
[2026-04-26T23:12:52.382+0000] {processor.py:183} INFO - Processing /home/airflow/.local/lib/python3.12/site-packages/airflow/example_dags/tutorial_taskflow_api.py took 0.044 seconds
[2026-04-26T23:13:22.506+0000] {processor.py:161} INFO - Started process (PID=669) to work on /home/airflow/.local/lib/python3.12/site-packages/airflow/example_dags/tutorial_taskflow_api.py
[2026-04-26T23:13:22.507+0000] {processor.py:830} INFO - Processing file /home/airflow/.local/lib/python3.12/site-packages/airflow/example_dags/tutorial_taskflow_api.py for tasks to queue
[2026-04-26T23:13:22.509+0000] {logging_mixin.py:188} INFO - [2026-04-26T23:13:22.509+0000] {dagbag.py:545} INFO - Filling up the DagBag from /home/airflow/.local/lib/python3.12/site-packages/airflow/example_dags/tutorial_taskflow_api.py
[2026-04-26T23:13:22.516+0000] {processor.py:840} INFO - DAG(s) 'tutorial_taskflow_api' retrieved from /home/airflow/.local/lib/python3.12/site-packages/airflow/example_dags/tutorial_taskflow_api.py
[2026-04-26T23:13:22.535+0000] {logging_mixin.py:188} INFO - [2026-04-26T23:13:22.535+0000] {dag.py:3096} INFO - Sync 1 DAGs
[2026-04-26T23:13:22.548+0000] {logging_mixin.py:188} INFO - [2026-04-26T23:13:22.548+0000] {dag.py:3954} INFO - Setting next_dagrun for tutorial_taskflow_api to None, run_after=None
[2026-04-26T23:13:22.562+0000] {processor.py:183} INFO - Processing /home/airflow/.local/lib/python3.12/site-packages/airflow/example_dags/tutorial_taskflow_api.py took 0.062 seconds
[2026-04-26T23:13:52.606+0000] {processor.py:161} INFO - Started process (PID=727) to work on /home/airflow/.local/lib/python3.12/site-packages/airflow/example_dags/tutorial_taskflow_api.py
[2026-04-26T23:13:52.606+0000] {processor.py:830} INFO - Processing file /home/airflow/.local/lib/python3.12/site-packages/airflow/example_dags/tutorial_taskflow_api.py for tasks to queue
[2026-04-26T23:13:52.607+0000] {logging_mixin.py:188} INFO - [2026-04-26T23:13:52.607+0000] {dagbag.py:545} INFO - Filling up the DagBag from /home/airflow/.local/lib/python3.12/site-packages/airflow/example_dags/tutorial_taskflow_api.py
[2026-04-26T23:13:52.611+0000] {processor.py:840} INFO - DAG(s) 'tutorial_taskflow_api' retrieved from /home/airflow/.local/lib/python3.12/site-packages/airflow/example_dags/tutorial_taskflow_api.py
[2026-04-26T23:13:52.622+0000] {logging_mixin.py:188} INFO - [2026-04-26T23:13:52.622+0000] {dag.py:3096} INFO - Sync 1 DAGs
[2026-04-26T23:13:52.629+0000] {logging_mixin.py:188} INFO - [2026-04-26T23:13:52.629+0000] {dag.py:3954} INFO - Setting next_dagrun for tutorial_taskflow_api to None, run_after=None
[2026-04-26T23:13:52.638+0000] {processor.py:183} INFO - Processing /home/airflow/.local/lib/python3.12/site-packages/airflow/example_dags/tutorial_taskflow_api.py took 0.036 seconds
[2026-04-26T23:14:23.231+0000] {processor.py:161} INFO - Started process (PID=785) to work on /home/airflow/.local/lib/python3.12/site-packages/airflow/example_dags/tutorial_taskflow_api.py
[2026-04-26T23:14:23.231+0000] {processor.py:830} INFO - Processing file /home/airflow/.local/lib/python3.12/site-packages/airflow/example_dags/tutorial_taskflow_api.py for tasks to queue
[2026-04-26T23:14:23.232+0000] {logging_mixin.py:188} INFO - [2026-04-26T23:14:23.232+0000] {dagbag.py:545} INFO - Filling up the DagBag from /home/airflow/.local/lib/python3.12/site-packages/airflow/example_dags/tutorial_taskflow_api.py
[2026-04-26T23:14:23.236+0000] {processor.py:840} INFO - DAG(s) 'tutorial_taskflow_api' retrieved from /home/airflow/.local/lib/python3.12/site-packages/airflow/example_dags/tutorial_taskflow_api.py
[2026-04-26T23:14:23.246+0000] {logging_mixin.py:188} INFO - [2026-04-26T23:14:23.245+0000] {dag.py:3096} INFO - Sync 1 DAGs
[2026-04-26T23:14:23.252+0000] {logging_mixin.py:188} INFO - [2026-04-26T23:14:23.252+0000] {dag.py:3954} INFO - Setting next_dagrun for tutorial_taskflow_api to None, run_after=None
[2026-04-26T23:14:23.261+0000] {processor.py:183} INFO - Processing /home/airflow/.local/lib/python3.12/site-packages/airflow/example_dags/tutorial_taskflow_api.py took 0.034 seconds
[2026-04-26T23:14:54.072+0000] {processor.py:161} INFO - Started process (PID=843) to work on /home/airflow/.local/lib/python3.12/site-packages/airflow/example_dags/tutorial_taskflow_api.py
[2026-04-26T23:14:54.073+0000] {processor.py:830} INFO - Processing file /home/airflow/.local/lib/python3.12/site-packages/airflow/example_dags/tutorial_taskflow_api.py for tasks to queue
[2026-04-26T23:14:54.074+0000] {logging_mixin.py:188} INFO - [2026-04-26T23:14:54.074+0000] {dagbag.py:545} INFO - Filling up the DagBag from /home/airflow/.local/lib/python3.12/site-packages/airflow/example_dags/tutorial_taskflow_api.py
[2026-04-26T23:14:54.078+0000] {processor.py:840} INFO - DAG(s) 'tutorial_taskflow_api' retrieved from /home/airflow/.local/lib/python3.12/site-packages/airflow/example_dags/tutorial_taskflow_api.py
[2026-04-26T23:14:54.088+0000] {logging_mixin.py:188} INFO - [2026-04-26T23:14:54.088+0000] {dag.py:3096} INFO - Sync 1 DAGs
[2026-04-26T23:14:54.096+0000] {logging_mixin.py:188} INFO - [2026-04-26T23:14:54.096+0000] {dag.py:3954} INFO - Setting next_dagrun for tutorial_taskflow_api to None, run_after=None
[2026-04-26T23:14:54.108+0000] {processor.py:183} INFO - Processing /home/airflow/.local/lib/python3.12/site-packages/airflow/example_dags/tutorial_taskflow_api.py took 0.038 seconds
[2026-04-26T23:15:24.344+0000] {processor.py:161} INFO - Started process (PID=901) to work on /home/airflow/.local/lib/python3.12/site-packages/airflow/example_dags/tutorial_taskflow_api.py
[2026-04-26T23:15:24.345+0000] {processor.py:830} INFO - Processing file /home/airflow/.local/lib/python3.12/site-packages/airflow/example_dags/tutorial_taskflow_api.py for tasks to queue
[2026-04-26T23:15:24.346+0000] {logging_mixin.py:188} INFO - [2026-04-26T23:15:24.346+0000] {dagbag.py:545} INFO - Filling up the DagBag from /home/airflow/.local/lib/python3.12/site-packages/airflow/example_dags/tutorial_taskflow_api.py
[2026-04-26T23:15:24.350+0000] {processor.py:840} INFO - DAG(s) 'tutorial_taskflow_api' retrieved from /home/airflow/.local/lib/python3.12/site-packages/airflow/example_dags/tutorial_taskflow_api.py
[2026-04-26T23:15:24.362+0000] {logging_mixin.py:188} INFO - [2026-04-26T23:15:24.361+0000] {dag.py:3096} INFO - Sync 1 DAGs
[2026-04-26T23:15:24.369+0000] {logging_mixin.py:188} INFO - [2026-04-26T23:15:24.369+0000] {dag.py:3954} INFO - Setting next_dagrun for tutorial_taskflow_api to None, run_after=None
[2026-04-26T23:15:24.378+0000] {processor.py:183} INFO - Processing /home/airflow/.local/lib/python3.12/site-packages/airflow/example_dags/tutorial_taskflow_api.py took 0.038 seconds
[2026-04-26T23:15:55.409+0000] {processor.py:161} INFO - Started process (PID=959) to work on /home/airflow/.local/lib/python3.12/site-packages/airflow/example_dags/tutorial_taskflow_api.py
[2026-04-26T23:15:55.410+0000] {processor.py:830} INFO - Processing file /home/airflow/.local/lib/python3.12/site-packages/airflow/example_dags/tutorial_taskflow_api.py for tasks to queue
[2026-04-26T23:15:55.411+0000] {logging_mixin.py:188} INFO - [2026-04-26T23:15:55.410+0000] {dagbag.py:545} INFO - Filling up the DagBag from /home/airflow/.local/lib/python3.12/site-packages/airflow/example_dags/tutorial_taskflow_api.py
[2026-04-26T23:15:55.414+0000] {processor.py:840} INFO - DAG(s) 'tutorial_taskflow_api' retrieved from /home/airflow/.local/lib/python3.12/site-packages/airflow/example_dags/tutorial_taskflow_api.py
[2026-04-26T23:15:55.426+0000] {logging_mixin.py:188} INFO - [2026-04-26T23:15:55.426+0000] {dag.py:3096} INFO - Sync 1 DAGs
[2026-04-26T23:15:55.433+0000] {logging_mixin.py:188} INFO - [2026-04-26T23:15:55.433+0000] {dag.py:3954} INFO - Setting next_dagrun for tutorial_taskflow_api to None, run_after=None
[2026-04-26T23:15:55.442+0000] {processor.py:183} INFO - Processing /home/airflow/.local/lib/python3.12/site-packages/airflow/example_dags/tutorial_taskflow_api.py took 0.037 seconds
[2026-04-26T23:16:25.663+0000] {processor.py:161} INFO - Started process (PID=1017) to work on /home/airflow/.local/lib/python3.12/site-packages/airflow/example_dags/tutorial_taskflow_api.py
[2026-04-26T23:16:25.664+0000] {processor.py:830} INFO - Processing file /home/airflow/.local/lib/python3.12/site-packages/airflow/example_dags/tutorial_taskflow_api.py for tasks to queue
[2026-04-26T23:16:25.665+0000] {logging_mixin.py:188} INFO - [2026-04-26T23:16:25.665+0000] {dagbag.py:545} INFO - Filling up the DagBag from /home/airflow/.local/lib/python3.12/site-packages/airflow/example_dags/tutorial_taskflow_api.py
[2026-04-26T23:16:25.668+0000] {processor.py:840} INFO - DAG(s) 'tutorial_taskflow_api' retrieved from /home/airflow/.local/lib/python3.12/site-packages/airflow/example_dags/tutorial_taskflow_api.py
[2026-04-26T23:16:25.679+0000] {logging_mixin.py:188} INFO - [2026-04-26T23:16:25.679+0000] {dag.py:3096} INFO - Sync 1 DAGs
[2026-04-26T23:16:25.685+0000] {logging_mixin.py:188} INFO - [2026-04-26T23:16:25.685+0000] {dag.py:3954} INFO - Setting next_dagrun for tutorial_taskflow_api to None, run_after=None
[2026-04-26T23:16:25.695+0000] {processor.py:183} INFO - Processing /home/airflow/.local/lib/python3.12/site-packages/airflow/example_dags/tutorial_taskflow_api.py took 0.035 seconds
[2026-04-26T23:16:55.848+0000] {processor.py:161} INFO - Started process (PID=1075) to work on /home/airflow/.local/lib/python3.12/site-packages/airflow/example_dags/tutorial_taskflow_api.py
[2026-04-26T23:16:55.848+0000] {processor.py:830} INFO - Processing file /home/airflow/.local/lib/python3.12/site-packages/airflow/example_dags/tutorial_taskflow_api.py for tasks to queue
[2026-04-26T23:16:55.849+0000] {logging_mixin.py:188} INFO - [2026-04-26T23:16:55.849+0000] {dagbag.py:545} INFO - Filling up the DagBag from /home/airflow/.local/lib/python3.12/site-packages/airflow/example_dags/tutorial_taskflow_api.py
[2026-04-26T23:16:55.853+0000] {processor.py:840} INFO - DAG(s) 'tutorial_taskflow_api' retrieved from /home/airflow/.local/lib/python3.12/site-packages/airflow/example_dags/tutorial_taskflow_api.py
[2026-04-26T23:16:55.863+0000] {logging_mixin.py:188} INFO - [2026-04-26T23:16:55.863+0000] {dag.py:3096} INFO - Sync 1 DAGs
[2026-04-26T23:16:55.869+0000] {logging_mixin.py:188} INFO - [2026-04-26T23:16:55.869+0000] {dag.py:3954} INFO - Setting next_dagrun for tutorial_taskflow_api to None, run_after=None
[2026-04-26T23:16:55.877+0000] {processor.py:183} INFO - Processing /home/airflow/.local/lib/python3.12/site-packages/airflow/example_dags/tutorial_taskflow_api.py took 0.033 seconds
[2026-04-26T23:17:26.143+0000] {processor.py:161} INFO - Started process (PID=1133) to work on /home/airflow/.local/lib/python3.12/site-packages/airflow/example_dags/tutorial_taskflow_api.py
[2026-04-26T23:17:26.144+0000] {processor.py:830} INFO - Processing file /home/airflow/.local/lib/python3.12/site-packages/airflow/example_dags/tutorial_taskflow_api.py for tasks to queue
[2026-04-26T23:17:26.145+0000] {logging_mixin.py:188} INFO - [2026-04-26T23:17:26.145+0000] {dagbag.py:545} INFO - Filling up the DagBag from /home/airflow/.local/lib/python3.12/site-packages/airflow/example_dags/tutorial_taskflow_api.py
[2026-04-26T23:17:26.150+0000] {processor.py:840} INFO - DAG(s) 'tutorial_taskflow_api' retrieved from /home/airflow/.local/lib/python3.12/site-packages/airflow/example_dags/tutorial_taskflow_api.py
[2026-04-26T23:17:26.162+0000] {logging_mixin.py:188} INFO - [2026-04-26T23:17:26.162+0000] {dag.py:3096} INFO - Sync 1 DAGs
[2026-04-26T23:17:26.170+0000] {logging_mixin.py:188} INFO - [2026-04-26T23:17:26.170+0000] {dag.py:3954} INFO - Setting next_dagrun for tutorial_taskflow_api to None, run_after=None
[2026-04-26T23:17:26.181+0000] {processor.py:183} INFO - Processing /home/airflow/.local/lib/python3.12/site-packages/airflow/example_dags/tutorial_taskflow_api.py took 0.041 seconds
[2026-04-26T23:17:56.469+0000] {processor.py:161} INFO - Started process (PID=1191) to work on /home/airflow/.local/lib/python3.12/site-packages/airflow/example_dags/tutorial_taskflow_api.py
[2026-04-26T23:17:56.469+0000] {processor.py:830} INFO - Processing file /home/airflow/.local/lib/python3.12/site-packages/airflow/example_dags/tutorial_taskflow_api.py for tasks to queue
[2026-04-26T23:17:56.470+0000] {logging_mixin.py:188} INFO - [2026-04-26T23:17:56.470+0000] {dagbag.py:545} INFO - Filling up the DagBag from /home/airflow/.local/lib/python3.12/site-packages/airflow/example_dags/tutorial_taskflow_api.py
[2026-04-26T23:17:56.475+0000] {processor.py:840} INFO - DAG(s) 'tutorial_taskflow_api' retrieved from /home/airflow/.local/lib/python3.12/site-packages/airflow/example_dags/tutorial_taskflow_api.py
[2026-04-26T23:17:56.486+0000] {logging_mixin.py:188} INFO - [2026-04-26T23:17:56.486+0000] {dag.py:3096} INFO - Sync 1 DAGs
[2026-04-26T23:17:56.494+0000] {logging_mixin.py:188} INFO - [2026-04-26T23:17:56.493+0000] {dag.py:3954} INFO - Setting next_dagrun for tutorial_taskflow_api to None, run_after=None
[2026-04-26T23:17:56.504+0000] {processor.py:183} INFO - Processing /home/airflow/.local/lib/python3.12/site-packages/airflow/example_dags/tutorial_taskflow_api.py took 0.039 seconds
[2026-04-26T23:18:26.548+0000] {processor.py:161} INFO - Started process (PID=1249) to work on /home/airflow/.local/lib/python3.12/site-packages/airflow/example_dags/tutorial_taskflow_api.py
[2026-04-26T23:18:26.549+0000] {processor.py:830} INFO - Processing file /home/airflow/.local/lib/python3.12/site-packages/airflow/example_dags/tutorial_taskflow_api.py for tasks to queue
[2026-04-26T23:18:26.550+0000] {logging_mixin.py:188} INFO - [2026-04-26T23:18:26.550+0000] {dagbag.py:545} INFO - Filling up the DagBag from /home/airflow/.local/lib/python3.12/site-packages/airflow/example_dags/tutorial_taskflow_api.py
[2026-04-26T23:18:26.554+0000] {processor.py:840} INFO - DAG(s) 'tutorial_taskflow_api' retrieved from /home/airflow/.local/lib/python3.12/site-packages/airflow/example_dags/tutorial_taskflow_api.py
[2026-04-26T23:18:26.564+0000] {logging_mixin.py:188} INFO - [2026-04-26T23:18:26.564+0000] {dag.py:3096} INFO - Sync 1 DAGs
[2026-04-26T23:18:26.571+0000] {logging_mixin.py:188} INFO - [2026-04-26T23:18:26.571+0000] {dag.py:3954} INFO - Setting next_dagrun for tutorial_taskflow_api to None, run_after=None
[2026-04-26T23:18:26.580+0000] {processor.py:183} INFO - Processing /home/airflow/.local/lib/python3.12/site-packages/airflow/example_dags/tutorial_taskflow_api.py took 0.036 seconds
[2026-04-26T23:18:56.881+0000] {processor.py:161} INFO - Started process (PID=1308) to work on /home/airflow/.local/lib/python3.12/site-packages/airflow/example_dags/tutorial_taskflow_api.py
[2026-04-26T23:18:56.882+0000] {processor.py:830} INFO - Processing file /home/airflow/.local/lib/python3.12/site-packages/airflow/example_dags/tutorial_taskflow_api.py for tasks to queue
[2026-04-26T23:18:56.883+0000] {logging_mixin.py:188} INFO - [2026-04-26T23:18:56.883+0000] {dagbag.py:545} INFO - Filling up the DagBag from /home/airflow/.local/lib/python3.12/site-packages/airflow/example_dags/tutorial_taskflow_api.py
[2026-04-26T23:18:56.886+0000] {processor.py:840} INFO - DAG(s) 'tutorial_taskflow_api' retrieved from /home/airflow/.local/lib/python3.12/site-packages/airflow/example_dags/tutorial_taskflow_api.py
[2026-04-26T23:18:56.897+0000] {logging_mixin.py:188} INFO - [2026-04-26T23:18:56.896+0000] {dag.py:3096} INFO - Sync 1 DAGs
[2026-04-26T23:18:56.903+0000] {logging_mixin.py:188} INFO - [2026-04-26T23:18:56.903+0000] {dag.py:3954} INFO - Setting next_dagrun for tutorial_taskflow_api to None, run_after=None
[2026-04-26T23:18:56.913+0000] {processor.py:183} INFO - Processing /home/airflow/.local/lib/python3.12/site-packages/airflow/example_dags/tutorial_taskflow_api.py took 0.034 seconds
[2026-04-26T23:19:27.133+0000] {processor.py:161} INFO - Started process (PID=1367) to work on /home/airflow/.local/lib/python3.12/site-packages/airflow/example_dags/tutorial_taskflow_api.py
[2026-04-26T23:19:27.134+0000] {processor.py:830} INFO - Processing file /home/airflow/.local/lib/python3.12/site-packages/airflow/example_dags/tutorial_taskflow_api.py for tasks to queue
[2026-04-26T23:19:27.135+0000] {logging_mixin.py:188} INFO - [2026-04-26T23:19:27.134+0000] {dagbag.py:545} INFO - Filling up the DagBag from /home/airflow/.local/lib/python3.12/site-packages/airflow/example_dags/tutorial_taskflow_api.py
[2026-04-26T23:19:27.138+0000] {processor.py:840} INFO - DAG(s) 'tutorial_taskflow_api' retrieved from /home/airflow/.local/lib/python3.12/site-packages/airflow/example_dags/tutorial_taskflow_api.py
[2026-04-26T23:19:27.148+0000] {logging_mixin.py:188} INFO - [2026-04-26T23:19:27.148+0000] {dag.py:3096} INFO - Sync 1 DAGs
[2026-04-26T23:19:27.155+0000] {logging_mixin.py:188} INFO - [2026-04-26T23:19:27.155+0000] {dag.py:3954} INFO - Setting next_dagrun for tutorial_taskflow_api to None, run_after=None
[2026-04-26T23:19:27.164+0000] {processor.py:183} INFO - Processing /home/airflow/.local/lib/python3.12/site-packages/airflow/example_dags/tutorial_taskflow_api.py took 0.033 seconds
[2026-04-26T23:19:57.520+0000] {processor.py:161} INFO - Started process (PID=1426) to work on /home/airflow/.local/lib/python3.12/site-packages/airflow/example_dags/tutorial_taskflow_api.py
[2026-04-26T23:19:57.520+0000] {processor.py:830} INFO - Processing file /home/airflow/.local/lib/python3.12/site-packages/airflow/example_dags/tutorial_taskflow_api.py for tasks to queue
[2026-04-26T23:19:57.521+0000] {logging_mixin.py:188} INFO - [2026-04-26T23:19:57.521+0000] {dagbag.py:545} INFO - Filling up the DagBag from /home/airflow/.local/lib/python3.12/site-packages/airflow/example_dags/tutorial_taskflow_api.py
[2026-04-26T23:19:57.524+0000] {processor.py:840} INFO - DAG(s) 'tutorial_taskflow_api' retrieved from /home/airflow/.local/lib/python3.12/site-packages/airflow/example_dags/tutorial_taskflow_api.py
[2026-04-26T23:19:57.535+0000] {logging_mixin.py:188} INFO - [2026-04-26T23:19:57.535+0000] {dag.py:3096} INFO - Sync 1 DAGs
[2026-04-26T23:19:57.541+0000] {logging_mixin.py:188} INFO - [2026-04-26T23:19:57.541+0000] {dag.py:3954} INFO - Setting next_dagrun for tutorial_taskflow_api to None, run_after=None
[2026-04-26T23:19:57.550+0000] {processor.py:183} INFO - Processing /home/airflow/.local/lib/python3.12/site-packages/airflow/example_dags/tutorial_taskflow_api.py took 0.034 seconds
[2026-04-26T23:20:27.739+0000] {processor.py:161} INFO - Started process (PID=1485) to work on /home/airflow/.local/lib/python3.12/site-packages/airflow/example_dags/tutorial_taskflow_api.py
[2026-04-26T23:20:27.740+0000] {processor.py:830} INFO - Processing file /home/airflow/.local/lib/python3.12/site-packages/airflow/example_dags/tutorial_taskflow_api.py for tasks to queue
[2026-04-26T23:20:27.741+0000] {logging_mixin.py:188} INFO - [2026-04-26T23:20:27.740+0000] {dagbag.py:545} INFO - Filling up the DagBag from /home/airflow/.local/lib/python3.12/site-packages/airflow/example_dags/tutorial_taskflow_api.py
[2026-04-26T23:20:27.744+0000] {processor.py:840} INFO - DAG(s) 'tutorial_taskflow_api' retrieved from /home/airflow/.local/lib/python3.12/site-packages/airflow/example_dags/tutorial_taskflow_api.py
[2026-04-26T23:20:27.754+0000] {logging_mixin.py:188} INFO - [2026-04-26T23:20:27.754+0000] {dag.py:3096} INFO - Sync 1 DAGs
[2026-04-26T23:20:27.761+0000] {logging_mixin.py:188} INFO - [2026-04-26T23:20:27.761+0000] {dag.py:3954} INFO - Setting next_dagrun for tutorial_taskflow_api to None, run_after=None
[2026-04-26T23:20:27.769+0000] {processor.py:183} INFO - Processing /home/airflow/.local/lib/python3.12/site-packages/airflow/example_dags/tutorial_taskflow_api.py took 0.033 seconds
[2026-04-26T23:20:58.011+0000] {processor.py:161} INFO - Started process (PID=1544) to work on /home/airflow/.local/lib/python3.12/site-packages/airflow/example_dags/tutorial_taskflow_api.py
[2026-04-26T23:20:58.011+0000] {processor.py:830} INFO - Processing file /home/airflow/.local/lib/python3.12/site-packages/airflow/example_dags/tutorial_taskflow_api.py for tasks to queue
[2026-04-26T23:20:58.013+0000] {logging_mixin.py:188} INFO - [2026-04-26T23:20:58.013+0000] {dagbag.py:545} INFO - Filling up the DagBag from /home/airflow/.local/lib/python3.12/site-packages/airflow/example_dags/tutorial_taskflow_api.py
[2026-04-26T23:20:58.019+0000] {processor.py:840} INFO - DAG(s) 'tutorial_taskflow_api' retrieved from /home/airflow/.local/lib/python3.12/site-packages/airflow/example_dags/tutorial_taskflow_api.py
[2026-04-26T23:20:58.034+0000] {logging_mixin.py:188} INFO - [2026-04-26T23:20:58.034+0000] {dag.py:3096} INFO - Sync 1 DAGs
[2026-04-26T23:20:58.043+0000] {logging_mixin.py:188} INFO - [2026-04-26T23:20:58.043+0000] {dag.py:3954} INFO - Setting next_dagrun for tutorial_taskflow_api to None, run_after=None
[2026-04-26T23:20:58.056+0000] {processor.py:183} INFO - Processing /home/airflow/.local/lib/python3.12/site-packages/airflow/example_dags/tutorial_taskflow_api.py took 0.049 seconds
[2026-04-26T23:21:28.169+0000] {processor.py:161} INFO - Started process (PID=1603) to work on /home/airflow/.local/lib/python3.12/site-packages/airflow/example_dags/tutorial_taskflow_api.py
[2026-04-26T23:21:28.169+0000] {processor.py:830} INFO - Processing file /home/airflow/.local/lib/python3.12/site-packages/airflow/example_dags/tutorial_taskflow_api.py for tasks to queue
[2026-04-26T23:21:28.171+0000] {logging_mixin.py:188} INFO - [2026-04-26T23:21:28.171+0000] {dagbag.py:545} INFO - Filling up the DagBag from /home/airflow/.local/lib/python3.12/site-packages/airflow/example_dags/tutorial_taskflow_api.py
[2026-04-26T23:21:28.175+0000] {processor.py:840} INFO - DAG(s) 'tutorial_taskflow_api' retrieved from /home/airflow/.local/lib/python3.12/site-packages/airflow/example_dags/tutorial_taskflow_api.py
[2026-04-26T23:21:28.187+0000] {logging_mixin.py:188} INFO - [2026-04-26T23:21:28.186+0000] {dag.py:3096} INFO - Sync 1 DAGs
[2026-04-26T23:21:28.193+0000] {logging_mixin.py:188} INFO - [2026-04-26T23:21:28.193+0000] {dag.py:3954} INFO - Setting next_dagrun for tutorial_taskflow_api to None, run_after=None
[2026-04-26T23:21:28.204+0000] {processor.py:183} INFO - Processing /home/airflow/.local/lib/python3.12/site-packages/airflow/example_dags/tutorial_taskflow_api.py took 0.040 seconds
[2026-04-26T23:21:59.269+0000] {processor.py:161} INFO - Started process (PID=1663) to work on /home/airflow/.local/lib/python3.12/site-packages/airflow/example_dags/tutorial_taskflow_api.py
[2026-04-26T23:21:59.270+0000] {processor.py:830} INFO - Processing file /home/airflow/.local/lib/python3.12/site-packages/airflow/example_dags/tutorial_taskflow_api.py for tasks to queue
[2026-04-26T23:21:59.271+0000] {logging_mixin.py:188} INFO - [2026-04-26T23:21:59.270+0000] {dagbag.py:545} INFO - Filling up the DagBag from /home/airflow/.local/lib/python3.12/site-packages/airflow/example_dags/tutorial_taskflow_api.py
[2026-04-26T23:21:59.274+0000] {processor.py:840} INFO - DAG(s) 'tutorial_taskflow_api' retrieved from /home/airflow/.local/lib/python3.12/site-packages/airflow/example_dags/tutorial_taskflow_api.py
[2026-04-26T23:21:59.284+0000] {logging_mixin.py:188} INFO - [2026-04-26T23:21:59.284+0000] {dag.py:3096} INFO - Sync 1 DAGs
[2026-04-26T23:21:59.291+0000] {logging_mixin.py:188} INFO - [2026-04-26T23:21:59.291+0000] {dag.py:3954} INFO - Setting next_dagrun for tutorial_taskflow_api to None, run_after=None
[2026-04-26T23:21:59.300+0000] {processor.py:183} INFO - Processing /home/airflow/.local/lib/python3.12/site-packages/airflow/example_dags/tutorial_taskflow_api.py took 0.034 seconds
[2026-04-26T23:22:29.646+0000] {processor.py:161} INFO - Started process (PID=1722) to work on /home/airflow/.local/lib/python3.12/site-packages/airflow/example_dags/tutorial_taskflow_api.py
[2026-04-26T23:22:29.646+0000] {processor.py:830} INFO - Processing file /home/airflow/.local/lib/python3.12/site-packages/airflow/example_dags/tutorial_taskflow_api.py for tasks to queue
[2026-04-26T23:22:29.647+0000] {logging_mixin.py:188} INFO - [2026-04-26T23:22:29.647+0000] {dagbag.py:545} INFO - Filling up the DagBag from /home/airflow/.local/lib/python3.12/site-packages/airflow/example_dags/tutorial_taskflow_api.py
[2026-04-26T23:22:29.650+0000] {processor.py:840} INFO - DAG(s) 'tutorial_taskflow_api' retrieved from /home/airflow/.local/lib/python3.12/site-packages/airflow/example_dags/tutorial_taskflow_api.py
[2026-04-26T23:22:29.661+0000] {logging_mixin.py:188} INFO - [2026-04-26T23:22:29.661+0000] {dag.py:3096} INFO - Sync 1 DAGs
[2026-04-26T23:22:29.668+0000] {logging_mixin.py:188} INFO - [2026-04-26T23:22:29.668+0000] {dag.py:3954} INFO - Setting next_dagrun for tutorial_taskflow_api to None, run_after=None
[2026-04-26T23:22:29.679+0000] {processor.py:183} INFO - Processing /home/airflow/.local/lib/python3.12/site-packages/airflow/example_dags/tutorial_taskflow_api.py took 0.037 seconds
[2026-04-26T23:22:59.869+0000] {processor.py:161} INFO - Started process (PID=1782) to work on /home/airflow/.local/lib/python3.12/site-packages/airflow/example_dags/tutorial_taskflow_api.py
[2026-04-26T23:22:59.870+0000] {processor.py:830} INFO - Processing file /home/airflow/.local/lib/python3.12/site-packages/airflow/example_dags/tutorial_taskflow_api.py for tasks to queue
[2026-04-26T23:22:59.870+0000] {logging_mixin.py:188} INFO - [2026-04-26T23:22:59.870+0000] {dagbag.py:545} INFO - Filling up the DagBag from /home/airflow/.local/lib/python3.12/site-packages/airflow/example_dags/tutorial_taskflow_api.py
[2026-04-26T23:22:59.874+0000] {processor.py:840} INFO - DAG(s) 'tutorial_taskflow_api' retrieved from /home/airflow/.local/lib/python3.12/site-packages/airflow/example_dags/tutorial_taskflow_api.py
[2026-04-26T23:22:59.884+0000] {logging_mixin.py:188} INFO - [2026-04-26T23:22:59.884+0000] {dag.py:3096} INFO - Sync 1 DAGs
[2026-04-26T23:22:59.891+0000] {logging_mixin.py:188} INFO - [2026-04-26T23:22:59.891+0000] {dag.py:3954} INFO - Setting next_dagrun for tutorial_taskflow_api to None, run_after=None
[2026-04-26T23:22:59.900+0000] {processor.py:183} INFO - Processing /home/airflow/.local/lib/python3.12/site-packages/airflow/example_dags/tutorial_taskflow_api.py took 0.035 seconds
[2026-04-26T23:23:30.622+0000] {processor.py:161} INFO - Started process (PID=1841) to work on /home/airflow/.local/lib/python3.12/site-packages/airflow/example_dags/tutorial_taskflow_api.py
[2026-04-26T23:23:30.622+0000] {processor.py:830} INFO - Processing file /home/airflow/.local/lib/python3.12/site-packages/airflow/example_dags/tutorial_taskflow_api.py for tasks to queue
[2026-04-26T23:23:30.623+0000] {logging_mixin.py:188} INFO - [2026-04-26T23:23:30.623+0000] {dagbag.py:545} INFO - Filling up the DagBag from /home/airflow/.local/lib/python3.12/site-packages/airflow/example_dags/tutorial_taskflow_api.py
[2026-04-26T23:23:30.626+0000] {processor.py:840} INFO - DAG(s) 'tutorial_taskflow_api' retrieved from /home/airflow/.local/lib/python3.12/site-packages/airflow/example_dags/tutorial_taskflow_api.py
[2026-04-26T23:23:30.637+0000] {logging_mixin.py:188} INFO - [2026-04-26T23:23:30.637+0000] {dag.py:3096} INFO - Sync 1 DAGs
[2026-04-26T23:23:30.643+0000] {logging_mixin.py:188} INFO - [2026-04-26T23:23:30.643+0000] {dag.py:3954} INFO - Setting next_dagrun for tutorial_taskflow_api to None, run_after=None
[2026-04-26T23:23:30.653+0000] {processor.py:183} INFO - Processing /home/airflow/.local/lib/python3.12/site-packages/airflow/example_dags/tutorial_taskflow_api.py took 0.035 seconds
[2026-04-26T23:24:02.124+0000] {processor.py:161} INFO - Started process (PID=1900) to work on /home/airflow/.local/lib/python3.12/site-packages/airflow/example_dags/tutorial_taskflow_api.py
[2026-04-26T23:24:02.125+0000] {processor.py:830} INFO - Processing file /home/airflow/.local/lib/python3.12/site-packages/airflow/example_dags/tutorial_taskflow_api.py for tasks to queue
[2026-04-26T23:24:02.126+0000] {logging_mixin.py:188} INFO - [2026-04-26T23:24:02.126+0000] {dagbag.py:545} INFO - Filling up the DagBag from /home/airflow/.local/lib/python3.12/site-packages/airflow/example_dags/tutorial_taskflow_api.py
[2026-04-26T23:24:02.130+0000] {processor.py:840} INFO - DAG(s) 'tutorial_taskflow_api' retrieved from /home/airflow/.local/lib/python3.12/site-packages/airflow/example_dags/tutorial_taskflow_api.py
[2026-04-26T23:24:02.143+0000] {logging_mixin.py:188} INFO - [2026-04-26T23:24:02.142+0000] {dag.py:3096} INFO - Sync 1 DAGs
[2026-04-26T23:24:02.151+0000] {logging_mixin.py:188} INFO - [2026-04-26T23:24:02.150+0000] {dag.py:3954} INFO - Setting next_dagrun for tutorial_taskflow_api to None, run_after=None
[2026-04-26T23:24:02.161+0000] {processor.py:183} INFO - Processing /home/airflow/.local/lib/python3.12/site-packages/airflow/example_dags/tutorial_taskflow_api.py took 0.041 seconds
[2026-04-26T23:24:33.928+0000] {processor.py:161} INFO - Started process (PID=1960) to work on /home/airflow/.local/lib/python3.12/site-packages/airflow/example_dags/tutorial_taskflow_api.py
[2026-04-26T23:24:33.928+0000] {processor.py:830} INFO - Processing file /home/airflow/.local/lib/python3.12/site-packages/airflow/example_dags/tutorial_taskflow_api.py for tasks to queue
[2026-04-26T23:24:33.929+0000] {logging_mixin.py:188} INFO - [2026-04-26T23:24:33.929+0000] {dagbag.py:545} INFO - Filling up the DagBag from /home/airflow/.local/lib/python3.12/site-packages/airflow/example_dags/tutorial_taskflow_api.py
[2026-04-26T23:24:33.932+0000] {processor.py:840} INFO - DAG(s) 'tutorial_taskflow_api' retrieved from /home/airflow/.local/lib/python3.12/site-packages/airflow/example_dags/tutorial_taskflow_api.py
[2026-04-26T23:24:34.049+0000] {logging_mixin.py:188} INFO - [2026-04-26T23:24:34.049+0000] {dag.py:3096} INFO - Sync 1 DAGs
[2026-04-26T23:24:34.055+0000] {logging_mixin.py:188} INFO - [2026-04-26T23:24:34.055+0000] {dag.py:3954} INFO - Setting next_dagrun for tutorial_taskflow_api to None, run_after=None
[2026-04-26T23:24:34.071+0000] {processor.py:183} INFO - Processing /home/airflow/.local/lib/python3.12/site-packages/airflow/example_dags/tutorial_taskflow_api.py took 0.147 seconds
[2026-04-26T23:25:04.455+0000] {processor.py:161} INFO - Started process (PID=2020) to work on /home/airflow/.local/lib/python3.12/site-packages/airflow/example_dags/tutorial_taskflow_api.py
[2026-04-26T23:25:04.456+0000] {processor.py:830} INFO - Processing file /home/airflow/.local/lib/python3.12/site-packages/airflow/example_dags/tutorial_taskflow_api.py for tasks to queue
[2026-04-26T23:25:04.457+0000] {logging_mixin.py:188} INFO - [2026-04-26T23:25:04.457+0000] {dagbag.py:545} INFO - Filling up the DagBag from /home/airflow/.local/lib/python3.12/site-packages/airflow/example_dags/tutorial_taskflow_api.py
[2026-04-26T23:25:04.460+0000] {processor.py:840} INFO - DAG(s) 'tutorial_taskflow_api' retrieved from /home/airflow/.local/lib/python3.12/site-packages/airflow/example_dags/tutorial_taskflow_api.py
[2026-04-26T23:25:04.471+0000] {logging_mixin.py:188} INFO - [2026-04-26T23:25:04.471+0000] {dag.py:3096} INFO - Sync 1 DAGs
[2026-04-26T23:25:04.478+0000] {logging_mixin.py:188} INFO - [2026-04-26T23:25:04.478+0000] {dag.py:3954} INFO - Setting next_dagrun for tutorial_taskflow_api to None, run_after=None
[2026-04-26T23:25:04.487+0000] {processor.py:183} INFO - Processing /home/airflow/.local/lib/python3.12/site-packages/airflow/example_dags/tutorial_taskflow_api.py took 0.035 seconds
[2026-04-26T23:25:35.128+0000] {processor.py:161} INFO - Started process (PID=2079) to work on /home/airflow/.local/lib/python3.12/site-packages/airflow/example_dags/tutorial_taskflow_api.py
[2026-04-26T23:25:35.128+0000] {processor.py:830} INFO - Processing file /home/airflow/.local/lib/python3.12/site-packages/airflow/example_dags/tutorial_taskflow_api.py for tasks to queue
[2026-04-26T23:25:35.129+0000] {logging_mixin.py:188} INFO - [2026-04-26T23:25:35.129+0000] {dagbag.py:545} INFO - Filling up the DagBag from /home/airflow/.local/lib/python3.12/site-packages/airflow/example_dags/tutorial_taskflow_api.py
[2026-04-26T23:25:35.133+0000] {processor.py:840} INFO - DAG(s) 'tutorial_taskflow_api' retrieved from /home/airflow/.local/lib/python3.12/site-packages/airflow/example_dags/tutorial_taskflow_api.py
[2026-04-26T23:25:35.144+0000] {logging_mixin.py:188} INFO - [2026-04-26T23:25:35.144+0000] {dag.py:3096} INFO - Sync 1 DAGs
[2026-04-26T23:25:35.151+0000] {logging_mixin.py:188} INFO - [2026-04-26T23:25:35.151+0000] {dag.py:3954} INFO - Setting next_dagrun for tutorial_taskflow_api to None, run_after=None
[2026-04-26T23:25:35.161+0000] {processor.py:183} INFO - Processing /home/airflow/.local/lib/python3.12/site-packages/airflow/example_dags/tutorial_taskflow_api.py took 0.036 seconds
[2026-04-26T23:26:05.870+0000] {processor.py:161} INFO - Started process (PID=2138) to work on /home/airflow/.local/lib/python3.12/site-packages/airflow/example_dags/tutorial_taskflow_api.py
[2026-04-26T23:26:05.871+0000] {processor.py:830} INFO - Processing file /home/airflow/.local/lib/python3.12/site-packages/airflow/example_dags/tutorial_taskflow_api.py for tasks to queue
[2026-04-26T23:26:05.872+0000] {logging_mixin.py:188} INFO - [2026-04-26T23:26:05.872+0000] {dagbag.py:545} INFO - Filling up the DagBag from /home/airflow/.local/lib/python3.12/site-packages/airflow/example_dags/tutorial_taskflow_api.py
[2026-04-26T23:26:05.876+0000] {processor.py:840} INFO - DAG(s) 'tutorial_taskflow_api' retrieved from /home/airflow/.local/lib/python3.12/site-packages/airflow/example_dags/tutorial_taskflow_api.py
[2026-04-26T23:26:05.887+0000] {logging_mixin.py:188} INFO - [2026-04-26T23:26:05.886+0000] {dag.py:3096} INFO - Sync 1 DAGs
[2026-04-26T23:26:05.893+0000] {logging_mixin.py:188} INFO - [2026-04-26T23:26:05.893+0000] {dag.py:3954} INFO - Setting next_dagrun for tutorial_taskflow_api to None, run_after=None
[2026-04-26T23:26:05.902+0000] {processor.py:183} INFO - Processing /home/airflow/.local/lib/python3.12/site-packages/airflow/example_dags/tutorial_taskflow_api.py took 0.036 seconds
[2026-04-26T23:26:36.691+0000] {processor.py:161} INFO - Started process (PID=2197) to work on /home/airflow/.local/lib/python3.12/site-packages/airflow/example_dags/tutorial_taskflow_api.py
[2026-04-26T23:26:36.691+0000] {processor.py:830} INFO - Processing file /home/airflow/.local/lib/python3.12/site-packages/airflow/example_dags/tutorial_taskflow_api.py for tasks to queue
[2026-04-26T23:26:36.692+0000] {logging_mixin.py:188} INFO - [2026-04-26T23:26:36.692+0000] {dagbag.py:545} INFO - Filling up the DagBag from /home/airflow/.local/lib/python3.12/site-packages/airflow/example_dags/tutorial_taskflow_api.py
[2026-04-26T23:26:36.696+0000] {processor.py:840} INFO - DAG(s) 'tutorial_taskflow_api' retrieved from /home/airflow/.local/lib/python3.12/site-packages/airflow/example_dags/tutorial_taskflow_api.py
[2026-04-26T23:26:36.709+0000] {logging_mixin.py:188} INFO - [2026-04-26T23:26:36.709+0000] {dag.py:3096} INFO - Sync 1 DAGs
[2026-04-26T23:26:36.717+0000] {logging_mixin.py:188} INFO - [2026-04-26T23:26:36.717+0000] {dag.py:3954} INFO - Setting next_dagrun for tutorial_taskflow_api to None, run_after=None
[2026-04-26T23:26:36.727+0000] {processor.py:183} INFO - Processing /home/airflow/.local/lib/python3.12/site-packages/airflow/example_dags/tutorial_taskflow_api.py took 0.040 seconds
[2026-04-26T23:27:07.441+0000] {processor.py:161} INFO - Started process (PID=2256) to work on /home/airflow/.local/lib/python3.12/site-packages/airflow/example_dags/tutorial_taskflow_api.py
[2026-04-26T23:27:07.442+0000] {processor.py:830} INFO - Processing file /home/airflow/.local/lib/python3.12/site-packages/airflow/example_dags/tutorial_taskflow_api.py for tasks to queue
[2026-04-26T23:27:07.443+0000] {logging_mixin.py:188} INFO - [2026-04-26T23:27:07.443+0000] {dagbag.py:545} INFO - Filling up the DagBag from /home/airflow/.local/lib/python3.12/site-packages/airflow/example_dags/tutorial_taskflow_api.py
[2026-04-26T23:27:07.447+0000] {processor.py:840} INFO - DAG(s) 'tutorial_taskflow_api' retrieved from /home/airflow/.local/lib/python3.12/site-packages/airflow/example_dags/tutorial_taskflow_api.py
[2026-04-26T23:27:07.458+0000] {logging_mixin.py:188} INFO - [2026-04-26T23:27:07.458+0000] {dag.py:3096} INFO - Sync 1 DAGs
[2026-04-26T23:27:07.466+0000] {logging_mixin.py:188} INFO - [2026-04-26T23:27:07.465+0000] {dag.py:3954} INFO - Setting next_dagrun for tutorial_taskflow_api to None, run_after=None
[2026-04-26T23:27:07.475+0000] {processor.py:183} INFO - Processing /home/airflow/.local/lib/python3.12/site-packages/airflow/example_dags/tutorial_taskflow_api.py took 0.038 seconds
[2026-04-26T23:27:38.163+0000] {processor.py:161} INFO - Started process (PID=2315) to work on /home/airflow/.local/lib/python3.12/site-packages/airflow/example_dags/tutorial_taskflow_api.py
[2026-04-26T23:27:38.164+0000] {processor.py:830} INFO - Processing file /home/airflow/.local/lib/python3.12/site-packages/airflow/example_dags/tutorial_taskflow_api.py for tasks to queue
[2026-04-26T23:27:38.165+0000] {logging_mixin.py:188} INFO - [2026-04-26T23:27:38.165+0000] {dagbag.py:545} INFO - Filling up the DagBag from /home/airflow/.local/lib/python3.12/site-packages/airflow/example_dags/tutorial_taskflow_api.py
[2026-04-26T23:27:38.168+0000] {processor.py:840} INFO - DAG(s) 'tutorial_taskflow_api' retrieved from /home/airflow/.local/lib/python3.12/site-packages/airflow/example_dags/tutorial_taskflow_api.py
[2026-04-26T23:27:38.179+0000] {logging_mixin.py:188} INFO - [2026-04-26T23:27:38.179+0000] {dag.py:3096} INFO - Sync 1 DAGs
[2026-04-26T23:27:38.187+0000] {logging_mixin.py:188} INFO - [2026-04-26T23:27:38.187+0000] {dag.py:3954} INFO - Setting next_dagrun for tutorial_taskflow_api to None, run_after=None
[2026-04-26T23:27:38.196+0000] {processor.py:183} INFO - Processing /home/airflow/.local/lib/python3.12/site-packages/airflow/example_dags/tutorial_taskflow_api.py took 0.036 seconds
[2026-04-26T23:28:08.908+0000] {processor.py:161} INFO - Started process (PID=2374) to work on /home/airflow/.local/lib/python3.12/site-packages/airflow/example_dags/tutorial_taskflow_api.py
[2026-04-26T23:28:08.908+0000] {processor.py:830} INFO - Processing file /home/airflow/.local/lib/python3.12/site-packages/airflow/example_dags/tutorial_taskflow_api.py for tasks to queue
[2026-04-26T23:28:08.909+0000] {logging_mixin.py:188} INFO - [2026-04-26T23:28:08.909+0000] {dagbag.py:545} INFO - Filling up the DagBag from /home/airflow/.local/lib/python3.12/site-packages/airflow/example_dags/tutorial_taskflow_api.py
[2026-04-26T23:28:08.913+0000] {processor.py:840} INFO - DAG(s) 'tutorial_taskflow_api' retrieved from /home/airflow/.local/lib/python3.12/site-packages/airflow/example_dags/tutorial_taskflow_api.py
[2026-04-26T23:28:08.925+0000] {logging_mixin.py:188} INFO - [2026-04-26T23:28:08.925+0000] {dag.py:3096} INFO - Sync 1 DAGs
[2026-04-26T23:28:08.933+0000] {logging_mixin.py:188} INFO - [2026-04-26T23:28:08.933+0000] {dag.py:3954} INFO - Setting next_dagrun for tutorial_taskflow_api to None, run_after=None
[2026-04-26T23:28:08.943+0000] {processor.py:183} INFO - Processing /home/airflow/.local/lib/python3.12/site-packages/airflow/example_dags/tutorial_taskflow_api.py took 0.038 seconds
[2026-04-26T23:28:39.707+0000] {processor.py:161} INFO - Started process (PID=2433) to work on /home/airflow/.local/lib/python3.12/site-packages/airflow/example_dags/tutorial_taskflow_api.py
[2026-04-26T23:28:39.708+0000] {processor.py:830} INFO - Processing file /home/airflow/.local/lib/python3.12/site-packages/airflow/example_dags/tutorial_taskflow_api.py for tasks to queue
[2026-04-26T23:28:39.710+0000] {logging_mixin.py:188} INFO - [2026-04-26T23:28:39.709+0000] {dagbag.py:545} INFO - Filling up the DagBag from /home/airflow/.local/lib/python3.12/site-packages/airflow/example_dags/tutorial_taskflow_api.py
[2026-04-26T23:28:39.717+0000] {processor.py:840} INFO - DAG(s) 'tutorial_taskflow_api' retrieved from /home/airflow/.local/lib/python3.12/site-packages/airflow/example_dags/tutorial_taskflow_api.py
[2026-04-26T23:28:39.737+0000] {logging_mixin.py:188} INFO - [2026-04-26T23:28:39.737+0000] {dag.py:3096} INFO - Sync 1 DAGs
[2026-04-26T23:28:39.748+0000] {logging_mixin.py:188} INFO - [2026-04-26T23:28:39.748+0000] {dag.py:3954} INFO - Setting next_dagrun for tutorial_taskflow_api to None, run_after=None
[2026-04-26T23:28:39.765+0000] {processor.py:183} INFO - Processing /home/airflow/.local/lib/python3.12/site-packages/airflow/example_dags/tutorial_taskflow_api.py took 0.064 seconds
[2026-04-26T23:29:09.893+0000] {processor.py:161} INFO - Started process (PID=2492) to work on /home/airflow/.local/lib/python3.12/site-packages/airflow/example_dags/tutorial_taskflow_api.py
[2026-04-26T23:29:09.894+0000] {processor.py:830} INFO - Processing file /home/airflow/.local/lib/python3.12/site-packages/airflow/example_dags/tutorial_taskflow_api.py for tasks to queue
[2026-04-26T23:29:09.895+0000] {logging_mixin.py:188} INFO - [2026-04-26T23:29:09.894+0000] {dagbag.py:545} INFO - Filling up the DagBag from /home/airflow/.local/lib/python3.12/site-packages/airflow/example_dags/tutorial_taskflow_api.py
[2026-04-26T23:29:09.898+0000] {processor.py:840} INFO - DAG(s) 'tutorial_taskflow_api' retrieved from /home/airflow/.local/lib/python3.12/site-packages/airflow/example_dags/tutorial_taskflow_api.py
[2026-04-26T23:29:09.910+0000] {logging_mixin.py:188} INFO - [2026-04-26T23:29:09.910+0000] {dag.py:3096} INFO - Sync 1 DAGs
[2026-04-26T23:29:09.918+0000] {logging_mixin.py:188} INFO - [2026-04-26T23:29:09.918+0000] {dag.py:3954} INFO - Setting next_dagrun for tutorial_taskflow_api to None, run_after=None
[2026-04-26T23:29:09.927+0000] {processor.py:183} INFO - Processing /home/airflow/.local/lib/python3.12/site-packages/airflow/example_dags/tutorial_taskflow_api.py took 0.038 seconds
[2026-04-26T23:29:40.710+0000] {processor.py:161} INFO - Started process (PID=2551) to work on /home/airflow/.local/lib/python3.12/site-packages/airflow/example_dags/tutorial_taskflow_api.py
[2026-04-26T23:29:40.710+0000] {processor.py:830} INFO - Processing file /home/airflow/.local/lib/python3.12/site-packages/airflow/example_dags/tutorial_taskflow_api.py for tasks to queue
[2026-04-26T23:29:40.711+0000] {logging_mixin.py:188} INFO - [2026-04-26T23:29:40.711+0000] {dagbag.py:545} INFO - Filling up the DagBag from /home/airflow/.local/lib/python3.12/site-packages/airflow/example_dags/tutorial_taskflow_api.py
[2026-04-26T23:29:40.715+0000] {processor.py:840} INFO - DAG(s) 'tutorial_taskflow_api' retrieved from /home/airflow/.local/lib/python3.12/site-packages/airflow/example_dags/tutorial_taskflow_api.py
[2026-04-26T23:29:40.725+0000] {logging_mixin.py:188} INFO - [2026-04-26T23:29:40.725+0000] {dag.py:3096} INFO - Sync 1 DAGs
[2026-04-26T23:29:40.733+0000] {logging_mixin.py:188} INFO - [2026-04-26T23:29:40.733+0000] {dag.py:3954} INFO - Setting next_dagrun for tutorial_taskflow_api to None, run_after=None
[2026-04-26T23:29:40.744+0000] {processor.py:183} INFO - Processing /home/airflow/.local/lib/python3.12/site-packages/airflow/example_dags/tutorial_taskflow_api.py took 0.038 seconds
[2026-04-26T23:30:11.495+0000] {processor.py:161} INFO - Started process (PID=2610) to work on /home/airflow/.local/lib/python3.12/site-packages/airflow/example_dags/tutorial_taskflow_api.py
[2026-04-26T23:30:11.496+0000] {processor.py:830} INFO - Processing file /home/airflow/.local/lib/python3.12/site-packages/airflow/example_dags/tutorial_taskflow_api.py for tasks to queue
[2026-04-26T23:30:11.497+0000] {logging_mixin.py:188} INFO - [2026-04-26T23:30:11.497+0000] {dagbag.py:545} INFO - Filling up the DagBag from /home/airflow/.local/lib/python3.12/site-packages/airflow/example_dags/tutorial_taskflow_api.py
[2026-04-26T23:30:11.501+0000] {processor.py:840} INFO - DAG(s) 'tutorial_taskflow_api' retrieved from /home/airflow/.local/lib/python3.12/site-packages/airflow/example_dags/tutorial_taskflow_api.py
[2026-04-26T23:30:11.512+0000] {logging_mixin.py:188} INFO - [2026-04-26T23:30:11.512+0000] {dag.py:3096} INFO - Sync 1 DAGs
[2026-04-26T23:30:11.519+0000] {logging_mixin.py:188} INFO - [2026-04-26T23:30:11.519+0000] {dag.py:3954} INFO - Setting next_dagrun for tutorial_taskflow_api to None, run_after=None
[2026-04-26T23:30:11.529+0000] {processor.py:183} INFO - Processing /home/airflow/.local/lib/python3.12/site-packages/airflow/example_dags/tutorial_taskflow_api.py took 0.038 seconds
[2026-04-26T23:30:42.264+0000] {processor.py:161} INFO - Started process (PID=2669) to work on /home/airflow/.local/lib/python3.12/site-packages/airflow/example_dags/tutorial_taskflow_api.py
[2026-04-26T23:30:42.264+0000] {processor.py:830} INFO - Processing file /home/airflow/.local/lib/python3.12/site-packages/airflow/example_dags/tutorial_taskflow_api.py for tasks to queue
[2026-04-26T23:30:42.265+0000] {logging_mixin.py:188} INFO - [2026-04-26T23:30:42.265+0000] {dagbag.py:545} INFO - Filling up the DagBag from /home/airflow/.local/lib/python3.12/site-packages/airflow/example_dags/tutorial_taskflow_api.py
[2026-04-26T23:30:42.269+0000] {processor.py:840} INFO - DAG(s) 'tutorial_taskflow_api' retrieved from /home/airflow/.local/lib/python3.12/site-packages/airflow/example_dags/tutorial_taskflow_api.py
[2026-04-26T23:30:42.281+0000] {logging_mixin.py:188} INFO - [2026-04-26T23:30:42.281+0000] {dag.py:3096} INFO - Sync 1 DAGs
[2026-04-26T23:30:42.288+0000] {logging_mixin.py:188} INFO - [2026-04-26T23:30:42.288+0000] {dag.py:3954} INFO - Setting next_dagrun for tutorial_taskflow_api to None, run_after=None
[2026-04-26T23:30:42.298+0000] {processor.py:183} INFO - Processing /home/airflow/.local/lib/python3.12/site-packages/airflow/example_dags/tutorial_taskflow_api.py took 0.038 seconds
[2026-04-26T23:31:12.971+0000] {processor.py:161} INFO - Started process (PID=2728) to work on /home/airflow/.local/lib/python3.12/site-packages/airflow/example_dags/tutorial_taskflow_api.py
[2026-04-26T23:31:12.971+0000] {processor.py:830} INFO - Processing file /home/airflow/.local/lib/python3.12/site-packages/airflow/example_dags/tutorial_taskflow_api.py for tasks to queue
[2026-04-26T23:31:12.973+0000] {logging_mixin.py:188} INFO - [2026-04-26T23:31:12.972+0000] {dagbag.py:545} INFO - Filling up the DagBag from /home/airflow/.local/lib/python3.12/site-packages/airflow/example_dags/tutorial_taskflow_api.py
[2026-04-26T23:31:12.977+0000] {processor.py:840} INFO - DAG(s) 'tutorial_taskflow_api' retrieved from /home/airflow/.local/lib/python3.12/site-packages/airflow/example_dags/tutorial_taskflow_api.py
[2026-04-26T23:31:12.987+0000] {logging_mixin.py:188} INFO - [2026-04-26T23:31:12.987+0000] {dag.py:3096} INFO - Sync 1 DAGs
[2026-04-26T23:31:12.996+0000] {logging_mixin.py:188} INFO - [2026-04-26T23:31:12.996+0000] {dag.py:3954} INFO - Setting next_dagrun for tutorial_taskflow_api to None, run_after=None
[2026-04-26T23:31:13.005+0000] {processor.py:183} INFO - Processing /home/airflow/.local/lib/python3.12/site-packages/airflow/example_dags/tutorial_taskflow_api.py took 0.038 seconds
[2026-04-26T23:31:43.710+0000] {processor.py:161} INFO - Started process (PID=2787) to work on /home/airflow/.local/lib/python3.12/site-packages/airflow/example_dags/tutorial_taskflow_api.py
[2026-04-26T23:31:43.711+0000] {processor.py:830} INFO - Processing file /home/airflow/.local/lib/python3.12/site-packages/airflow/example_dags/tutorial_taskflow_api.py for tasks to queue
[2026-04-26T23:31:43.712+0000] {logging_mixin.py:188} INFO - [2026-04-26T23:31:43.712+0000] {dagbag.py:545} INFO - Filling up the DagBag from /home/airflow/.local/lib/python3.12/site-packages/airflow/example_dags/tutorial_taskflow_api.py
[2026-04-26T23:31:43.716+0000] {processor.py:840} INFO - DAG(s) 'tutorial_taskflow_api' retrieved from /home/airflow/.local/lib/python3.12/site-packages/airflow/example_dags/tutorial_taskflow_api.py
[2026-04-26T23:31:43.727+0000] {logging_mixin.py:188} INFO - [2026-04-26T23:31:43.726+0000] {dag.py:3096} INFO - Sync 1 DAGs
[2026-04-26T23:31:43.734+0000] {logging_mixin.py:188} INFO - [2026-04-26T23:31:43.734+0000] {dag.py:3954} INFO - Setting next_dagrun for tutorial_taskflow_api to None, run_after=None
[2026-04-26T23:31:43.743+0000] {processor.py:183} INFO - Processing /home/airflow/.local/lib/python3.12/site-packages/airflow/example_dags/tutorial_taskflow_api.py took 0.037 seconds
[2026-04-26T23:32:14.651+0000] {processor.py:161} INFO - Started process (PID=2846) to work on /home/airflow/.local/lib/python3.12/site-packages/airflow/example_dags/tutorial_taskflow_api.py
[2026-04-26T23:32:14.652+0000] {processor.py:830} INFO - Processing file /home/airflow/.local/lib/python3.12/site-packages/airflow/example_dags/tutorial_taskflow_api.py for tasks to queue
[2026-04-26T23:32:14.653+0000] {logging_mixin.py:188} INFO - [2026-04-26T23:32:14.653+0000] {dagbag.py:545} INFO - Filling up the DagBag from /home/airflow/.local/lib/python3.12/site-packages/airflow/example_dags/tutorial_taskflow_api.py
[2026-04-26T23:32:14.657+0000] {processor.py:840} INFO - DAG(s) 'tutorial_taskflow_api' retrieved from /home/airflow/.local/lib/python3.12/site-packages/airflow/example_dags/tutorial_taskflow_api.py
[2026-04-26T23:32:14.667+0000] {logging_mixin.py:188} INFO - [2026-04-26T23:32:14.667+0000] {dag.py:3096} INFO - Sync 1 DAGs
[2026-04-26T23:32:14.674+0000] {logging_mixin.py:188} INFO - [2026-04-26T23:32:14.674+0000] {dag.py:3954} INFO - Setting next_dagrun for tutorial_taskflow_api to None, run_after=None
[2026-04-26T23:32:14.683+0000] {processor.py:183} INFO - Processing /home/airflow/.local/lib/python3.12/site-packages/airflow/example_dags/tutorial_taskflow_api.py took 0.036 seconds
[2026-04-26T23:32:44.949+0000] {processor.py:161} INFO - Started process (PID=2905) to work on /home/airflow/.local/lib/python3.12/site-packages/airflow/example_dags/tutorial_taskflow_api.py
[2026-04-26T23:32:44.949+0000] {processor.py:830} INFO - Processing file /home/airflow/.local/lib/python3.12/site-packages/airflow/example_dags/tutorial_taskflow_api.py for tasks to queue
[2026-04-26T23:32:44.950+0000] {logging_mixin.py:188} INFO - [2026-04-26T23:32:44.950+0000] {dagbag.py:545} INFO - Filling up the DagBag from /home/airflow/.local/lib/python3.12/site-packages/airflow/example_dags/tutorial_taskflow_api.py
[2026-04-26T23:32:44.954+0000] {processor.py:840} INFO - DAG(s) 'tutorial_taskflow_api' retrieved from /home/airflow/.local/lib/python3.12/site-packages/airflow/example_dags/tutorial_taskflow_api.py
[2026-04-26T23:32:44.964+0000] {logging_mixin.py:188} INFO - [2026-04-26T23:32:44.964+0000] {dag.py:3096} INFO - Sync 1 DAGs
[2026-04-26T23:32:44.971+0000] {logging_mixin.py:188} INFO - [2026-04-26T23:32:44.971+0000] {dag.py:3954} INFO - Setting next_dagrun for tutorial_taskflow_api to None, run_after=None
[2026-04-26T23:32:44.979+0000] {processor.py:183} INFO - Processing /home/airflow/.local/lib/python3.12/site-packages/airflow/example_dags/tutorial_taskflow_api.py took 0.034 seconds
[2026-04-26T23:33:15.962+0000] {processor.py:161} INFO - Started process (PID=2964) to work on /home/airflow/.local/lib/python3.12/site-packages/airflow/example_dags/tutorial_taskflow_api.py
[2026-04-26T23:33:15.962+0000] {processor.py:830} INFO - Processing file /home/airflow/.local/lib/python3.12/site-packages/airflow/example_dags/tutorial_taskflow_api.py for tasks to queue
[2026-04-26T23:33:15.963+0000] {logging_mixin.py:188} INFO - [2026-04-26T23:33:15.963+0000] {dagbag.py:545} INFO - Filling up the DagBag from /home/airflow/.local/lib/python3.12/site-packages/airflow/example_dags/tutorial_taskflow_api.py
[2026-04-26T23:33:15.967+0000] {processor.py:840} INFO - DAG(s) 'tutorial_taskflow_api' retrieved from /home/airflow/.local/lib/python3.12/site-packages/airflow/example_dags/tutorial_taskflow_api.py
[2026-04-26T23:33:15.980+0000] {logging_mixin.py:188} INFO - [2026-04-26T23:33:15.980+0000] {dag.py:3096} INFO - Sync 1 DAGs
[2026-04-26T23:33:15.987+0000] {logging_mixin.py:188} INFO - [2026-04-26T23:33:15.987+0000] {dag.py:3954} INFO - Setting next_dagrun for tutorial_taskflow_api to None, run_after=None
[2026-04-26T23:33:15.998+0000] {processor.py:183} INFO - Processing /home/airflow/.local/lib/python3.12/site-packages/airflow/example_dags/tutorial_taskflow_api.py took 0.041 seconds
[2026-04-26T23:33:46.961+0000] {processor.py:161} INFO - Started process (PID=3028) to work on /home/airflow/.local/lib/python3.12/site-packages/airflow/example_dags/tutorial_taskflow_api.py
[2026-04-26T23:33:46.961+0000] {processor.py:830} INFO - Processing file /home/airflow/.local/lib/python3.12/site-packages/airflow/example_dags/tutorial_taskflow_api.py for tasks to queue
[2026-04-26T23:33:46.962+0000] {logging_mixin.py:188} INFO - [2026-04-26T23:33:46.962+0000] {dagbag.py:545} INFO - Filling up the DagBag from /home/airflow/.local/lib/python3.12/site-packages/airflow/example_dags/tutorial_taskflow_api.py
[2026-04-26T23:33:46.967+0000] {processor.py:840} INFO - DAG(s) 'tutorial_taskflow_api' retrieved from /home/airflow/.local/lib/python3.12/site-packages/airflow/example_dags/tutorial_taskflow_api.py
[2026-04-26T23:33:46.979+0000] {logging_mixin.py:188} INFO - [2026-04-26T23:33:46.979+0000] {dag.py:3096} INFO - Sync 1 DAGs
[2026-04-26T23:33:46.987+0000] {logging_mixin.py:188} INFO - [2026-04-26T23:33:46.986+0000] {dag.py:3954} INFO - Setting next_dagrun for tutorial_taskflow_api to None, run_after=None
[2026-04-26T23:33:46.997+0000] {processor.py:183} INFO - Processing /home/airflow/.local/lib/python3.12/site-packages/airflow/example_dags/tutorial_taskflow_api.py took 0.041 seconds
[2026-04-26T23:34:17.141+0000] {processor.py:161} INFO - Started process (PID=3087) to work on /home/airflow/.local/lib/python3.12/site-packages/airflow/example_dags/tutorial_taskflow_api.py
[2026-04-26T23:34:17.142+0000] {processor.py:830} INFO - Processing file /home/airflow/.local/lib/python3.12/site-packages/airflow/example_dags/tutorial_taskflow_api.py for tasks to queue
[2026-04-26T23:34:17.143+0000] {logging_mixin.py:188} INFO - [2026-04-26T23:34:17.143+0000] {dagbag.py:545} INFO - Filling up the DagBag from /home/airflow/.local/lib/python3.12/site-packages/airflow/example_dags/tutorial_taskflow_api.py
[2026-04-26T23:34:17.147+0000] {processor.py:840} INFO - DAG(s) 'tutorial_taskflow_api' retrieved from /home/airflow/.local/lib/python3.12/site-packages/airflow/example_dags/tutorial_taskflow_api.py
[2026-04-26T23:34:17.158+0000] {logging_mixin.py:188} INFO - [2026-04-26T23:34:17.158+0000] {dag.py:3096} INFO - Sync 1 DAGs
[2026-04-26T23:34:17.165+0000] {logging_mixin.py:188} INFO - [2026-04-26T23:34:17.165+0000] {dag.py:3954} INFO - Setting next_dagrun for tutorial_taskflow_api to None, run_after=None
[2026-04-26T23:34:17.174+0000] {processor.py:183} INFO - Processing /home/airflow/.local/lib/python3.12/site-packages/airflow/example_dags/tutorial_taskflow_api.py took 0.037 seconds
[2026-04-26T23:34:47.299+0000] {processor.py:161} INFO - Started process (PID=3146) to work on /home/airflow/.local/lib/python3.12/site-packages/airflow/example_dags/tutorial_taskflow_api.py
[2026-04-26T23:34:47.299+0000] {processor.py:830} INFO - Processing file /home/airflow/.local/lib/python3.12/site-packages/airflow/example_dags/tutorial_taskflow_api.py for tasks to queue
[2026-04-26T23:34:47.301+0000] {logging_mixin.py:188} INFO - [2026-04-26T23:34:47.300+0000] {dagbag.py:545} INFO - Filling up the DagBag from /home/airflow/.local/lib/python3.12/site-packages/airflow/example_dags/tutorial_taskflow_api.py
[2026-04-26T23:34:47.305+0000] {processor.py:840} INFO - DAG(s) 'tutorial_taskflow_api' retrieved from /home/airflow/.local/lib/python3.12/site-packages/airflow/example_dags/tutorial_taskflow_api.py
[2026-04-26T23:34:47.317+0000] {logging_mixin.py:188} INFO - [2026-04-26T23:34:47.317+0000] {dag.py:3096} INFO - Sync 1 DAGs
[2026-04-26T23:34:47.325+0000] {logging_mixin.py:188} INFO - [2026-04-26T23:34:47.325+0000] {dag.py:3954} INFO - Setting next_dagrun for tutorial_taskflow_api to None, run_after=None
[2026-04-26T23:34:47.336+0000] {processor.py:183} INFO - Processing /home/airflow/.local/lib/python3.12/site-packages/airflow/example_dags/tutorial_taskflow_api.py took 0.041 seconds
[2026-04-26T23:35:17.899+0000] {processor.py:161} INFO - Started process (PID=3205) to work on /home/airflow/.local/lib/python3.12/site-packages/airflow/example_dags/tutorial_taskflow_api.py
[2026-04-26T23:35:17.899+0000] {processor.py:830} INFO - Processing file /home/airflow/.local/lib/python3.12/site-packages/airflow/example_dags/tutorial_taskflow_api.py for tasks to queue
[2026-04-26T23:35:17.900+0000] {logging_mixin.py:188} INFO - [2026-04-26T23:35:17.900+0000] {dagbag.py:545} INFO - Filling up the DagBag from /home/airflow/.local/lib/python3.12/site-packages/airflow/example_dags/tutorial_taskflow_api.py
[2026-04-26T23:35:17.904+0000] {processor.py:840} INFO - DAG(s) 'tutorial_taskflow_api' retrieved from /home/airflow/.local/lib/python3.12/site-packages/airflow/example_dags/tutorial_taskflow_api.py
[2026-04-26T23:35:17.915+0000] {logging_mixin.py:188} INFO - [2026-04-26T23:35:17.915+0000] {dag.py:3096} INFO - Sync 1 DAGs
[2026-04-26T23:35:17.923+0000] {logging_mixin.py:188} INFO - [2026-04-26T23:35:17.923+0000] {dag.py:3954} INFO - Setting next_dagrun for tutorial_taskflow_api to None, run_after=None
[2026-04-26T23:35:17.934+0000] {processor.py:183} INFO - Processing /home/airflow/.local/lib/python3.12/site-packages/airflow/example_dags/tutorial_taskflow_api.py took 0.040 seconds
[2026-04-26T23:35:48.655+0000] {processor.py:161} INFO - Started process (PID=3264) to work on /home/airflow/.local/lib/python3.12/site-packages/airflow/example_dags/tutorial_taskflow_api.py
[2026-04-26T23:35:48.655+0000] {processor.py:830} INFO - Processing file /home/airflow/.local/lib/python3.12/site-packages/airflow/example_dags/tutorial_taskflow_api.py for tasks to queue
[2026-04-26T23:35:48.656+0000] {logging_mixin.py:188} INFO - [2026-04-26T23:35:48.656+0000] {dagbag.py:545} INFO - Filling up the DagBag from /home/airflow/.local/lib/python3.12/site-packages/airflow/example_dags/tutorial_taskflow_api.py
[2026-04-26T23:35:48.660+0000] {processor.py:840} INFO - DAG(s) 'tutorial_taskflow_api' retrieved from /home/airflow/.local/lib/python3.12/site-packages/airflow/example_dags/tutorial_taskflow_api.py
[2026-04-26T23:35:48.672+0000] {logging_mixin.py:188} INFO - [2026-04-26T23:35:48.672+0000] {dag.py:3096} INFO - Sync 1 DAGs
[2026-04-26T23:35:48.680+0000] {logging_mixin.py:188} INFO - [2026-04-26T23:35:48.680+0000] {dag.py:3954} INFO - Setting next_dagrun for tutorial_taskflow_api to None, run_after=None
[2026-04-26T23:35:48.691+0000] {processor.py:183} INFO - Processing /home/airflow/.local/lib/python3.12/site-packages/airflow/example_dags/tutorial_taskflow_api.py took 0.040 seconds
[2026-04-26T23:36:19.398+0000] {processor.py:161} INFO - Started process (PID=3323) to work on /home/airflow/.local/lib/python3.12/site-packages/airflow/example_dags/tutorial_taskflow_api.py
[2026-04-26T23:36:19.398+0000] {processor.py:830} INFO - Processing file /home/airflow/.local/lib/python3.12/site-packages/airflow/example_dags/tutorial_taskflow_api.py for tasks to queue
[2026-04-26T23:36:19.399+0000] {logging_mixin.py:188} INFO - [2026-04-26T23:36:19.399+0000] {dagbag.py:545} INFO - Filling up the DagBag from /home/airflow/.local/lib/python3.12/site-packages/airflow/example_dags/tutorial_taskflow_api.py
[2026-04-26T23:36:19.403+0000] {processor.py:840} INFO - DAG(s) 'tutorial_taskflow_api' retrieved from /home/airflow/.local/lib/python3.12/site-packages/airflow/example_dags/tutorial_taskflow_api.py
[2026-04-26T23:36:19.414+0000] {logging_mixin.py:188} INFO - [2026-04-26T23:36:19.414+0000] {dag.py:3096} INFO - Sync 1 DAGs
[2026-04-26T23:36:19.422+0000] {logging_mixin.py:188} INFO - [2026-04-26T23:36:19.422+0000] {dag.py:3954} INFO - Setting next_dagrun for tutorial_taskflow_api to None, run_after=None
[2026-04-26T23:36:19.431+0000] {processor.py:183} INFO - Processing /home/airflow/.local/lib/python3.12/site-packages/airflow/example_dags/tutorial_taskflow_api.py took 0.037 seconds
[2026-04-26T23:36:50.034+0000] {processor.py:161} INFO - Started process (PID=3382) to work on /home/airflow/.local/lib/python3.12/site-packages/airflow/example_dags/tutorial_taskflow_api.py
[2026-04-26T23:36:50.034+0000] {processor.py:830} INFO - Processing file /home/airflow/.local/lib/python3.12/site-packages/airflow/example_dags/tutorial_taskflow_api.py for tasks to queue
[2026-04-26T23:36:50.035+0000] {logging_mixin.py:188} INFO - [2026-04-26T23:36:50.035+0000] {dagbag.py:545} INFO - Filling up the DagBag from /home/airflow/.local/lib/python3.12/site-packages/airflow/example_dags/tutorial_taskflow_api.py
[2026-04-26T23:36:50.039+0000] {processor.py:840} INFO - DAG(s) 'tutorial_taskflow_api' retrieved from /home/airflow/.local/lib/python3.12/site-packages/airflow/example_dags/tutorial_taskflow_api.py
[2026-04-26T23:36:50.050+0000] {logging_mixin.py:188} INFO - [2026-04-26T23:36:50.050+0000] {dag.py:3096} INFO - Sync 1 DAGs
[2026-04-26T23:36:50.057+0000] {logging_mixin.py:188} INFO - [2026-04-26T23:36:50.057+0000] {dag.py:3954} INFO - Setting next_dagrun for tutorial_taskflow_api to None, run_after=None
[2026-04-26T23:36:50.066+0000] {processor.py:183} INFO - Processing /home/airflow/.local/lib/python3.12/site-packages/airflow/example_dags/tutorial_taskflow_api.py took 0.036 seconds
[2026-04-26T23:37:20.824+0000] {processor.py:161} INFO - Started process (PID=3447) to work on /home/airflow/.local/lib/python3.12/site-packages/airflow/example_dags/tutorial_taskflow_api.py
[2026-04-26T23:37:20.824+0000] {processor.py:830} INFO - Processing file /home/airflow/.local/lib/python3.12/site-packages/airflow/example_dags/tutorial_taskflow_api.py for tasks to queue
[2026-04-26T23:37:20.825+0000] {logging_mixin.py:188} INFO - [2026-04-26T23:37:20.825+0000] {dagbag.py:545} INFO - Filling up the DagBag from /home/airflow/.local/lib/python3.12/site-packages/airflow/example_dags/tutorial_taskflow_api.py
[2026-04-26T23:37:20.830+0000] {processor.py:840} INFO - DAG(s) 'tutorial_taskflow_api' retrieved from /home/airflow/.local/lib/python3.12/site-packages/airflow/example_dags/tutorial_taskflow_api.py
[2026-04-26T23:37:20.842+0000] {logging_mixin.py:188} INFO - [2026-04-26T23:37:20.842+0000] {dag.py:3096} INFO - Sync 1 DAGs
[2026-04-26T23:37:20.850+0000] {logging_mixin.py:188} INFO - [2026-04-26T23:37:20.850+0000] {dag.py:3954} INFO - Setting next_dagrun for tutorial_taskflow_api to None, run_after=None
[2026-04-26T23:37:20.861+0000] {processor.py:183} INFO - Processing /home/airflow/.local/lib/python3.12/site-packages/airflow/example_dags/tutorial_taskflow_api.py took 0.041 seconds
[2026-04-26T23:37:51.537+0000] {processor.py:161} INFO - Started process (PID=3506) to work on /home/airflow/.local/lib/python3.12/site-packages/airflow/example_dags/tutorial_taskflow_api.py
[2026-04-26T23:37:51.538+0000] {processor.py:830} INFO - Processing file /home/airflow/.local/lib/python3.12/site-packages/airflow/example_dags/tutorial_taskflow_api.py for tasks to queue
[2026-04-26T23:37:51.539+0000] {logging_mixin.py:188} INFO - [2026-04-26T23:37:51.539+0000] {dagbag.py:545} INFO - Filling up the DagBag from /home/airflow/.local/lib/python3.12/site-packages/airflow/example_dags/tutorial_taskflow_api.py
[2026-04-26T23:37:51.543+0000] {processor.py:840} INFO - DAG(s) 'tutorial_taskflow_api' retrieved from /home/airflow/.local/lib/python3.12/site-packages/airflow/example_dags/tutorial_taskflow_api.py
[2026-04-26T23:37:51.554+0000] {logging_mixin.py:188} INFO - [2026-04-26T23:37:51.554+0000] {dag.py:3096} INFO - Sync 1 DAGs
[2026-04-26T23:37:51.561+0000] {logging_mixin.py:188} INFO - [2026-04-26T23:37:51.561+0000] {dag.py:3954} INFO - Setting next_dagrun for tutorial_taskflow_api to None, run_after=None
[2026-04-26T23:37:51.571+0000] {processor.py:183} INFO - Processing /home/airflow/.local/lib/python3.12/site-packages/airflow/example_dags/tutorial_taskflow_api.py took 0.038 seconds
[2026-04-26T23:38:22.264+0000] {processor.py:161} INFO - Started process (PID=3565) to work on /home/airflow/.local/lib/python3.12/site-packages/airflow/example_dags/tutorial_taskflow_api.py
[2026-04-26T23:38:22.264+0000] {processor.py:830} INFO - Processing file /home/airflow/.local/lib/python3.12/site-packages/airflow/example_dags/tutorial_taskflow_api.py for tasks to queue
[2026-04-26T23:38:22.265+0000] {logging_mixin.py:188} INFO - [2026-04-26T23:38:22.265+0000] {dagbag.py:545} INFO - Filling up the DagBag from /home/airflow/.local/lib/python3.12/site-packages/airflow/example_dags/tutorial_taskflow_api.py
[2026-04-26T23:38:22.269+0000] {processor.py:840} INFO - DAG(s) 'tutorial_taskflow_api' retrieved from /home/airflow/.local/lib/python3.12/site-packages/airflow/example_dags/tutorial_taskflow_api.py
[2026-04-26T23:38:22.282+0000] {logging_mixin.py:188} INFO - [2026-04-26T23:38:22.281+0000] {dag.py:3096} INFO - Sync 1 DAGs
[2026-04-26T23:38:22.290+0000] {logging_mixin.py:188} INFO - [2026-04-26T23:38:22.290+0000] {dag.py:3954} INFO - Setting next_dagrun for tutorial_taskflow_api to None, run_after=None
[2026-04-26T23:38:22.302+0000] {processor.py:183} INFO - Processing /home/airflow/.local/lib/python3.12/site-packages/airflow/example_dags/tutorial_taskflow_api.py took 0.042 seconds
[2026-04-26T23:38:47.234+0000] {processor.py:161} INFO - Started process (PID=107) to work on /home/airflow/.local/lib/python3.12/site-packages/airflow/example_dags/tutorial_taskflow_api.py
[2026-04-26T23:38:47.235+0000] {processor.py:830} INFO - Processing file /home/airflow/.local/lib/python3.12/site-packages/airflow/example_dags/tutorial_taskflow_api.py for tasks to queue
[2026-04-26T23:38:47.236+0000] {logging_mixin.py:188} INFO - [2026-04-26T23:38:47.235+0000] {dagbag.py:545} INFO - Filling up the DagBag from /home/airflow/.local/lib/python3.12/site-packages/airflow/example_dags/tutorial_taskflow_api.py
[2026-04-26T23:38:47.240+0000] {processor.py:840} INFO - DAG(s) 'tutorial_taskflow_api' retrieved from /home/airflow/.local/lib/python3.12/site-packages/airflow/example_dags/tutorial_taskflow_api.py
[2026-04-26T23:38:47.247+0000] {logging_mixin.py:188} INFO - [2026-04-26T23:38:47.247+0000] {dag.py:3096} INFO - Sync 1 DAGs
[2026-04-26T23:38:47.255+0000] {logging_mixin.py:188} INFO - [2026-04-26T23:38:47.255+0000] {dag.py:3954} INFO - Setting next_dagrun for tutorial_taskflow_api to None, run_after=None
[2026-04-26T23:38:47.267+0000] {processor.py:183} INFO - Processing /home/airflow/.local/lib/python3.12/site-packages/airflow/example_dags/tutorial_taskflow_api.py took 0.037 seconds
[2026-04-26T23:39:18.584+0000] {processor.py:161} INFO - Started process (PID=166) to work on /home/airflow/.local/lib/python3.12/site-packages/airflow/example_dags/tutorial_taskflow_api.py
[2026-04-26T23:39:18.584+0000] {processor.py:830} INFO - Processing file /home/airflow/.local/lib/python3.12/site-packages/airflow/example_dags/tutorial_taskflow_api.py for tasks to queue
[2026-04-26T23:39:18.585+0000] {logging_mixin.py:188} INFO - [2026-04-26T23:39:18.585+0000] {dagbag.py:545} INFO - Filling up the DagBag from /home/airflow/.local/lib/python3.12/site-packages/airflow/example_dags/tutorial_taskflow_api.py
[2026-04-26T23:39:18.588+0000] {processor.py:840} INFO - DAG(s) 'tutorial_taskflow_api' retrieved from /home/airflow/.local/lib/python3.12/site-packages/airflow/example_dags/tutorial_taskflow_api.py
[2026-04-26T23:39:18.639+0000] {logging_mixin.py:188} INFO - [2026-04-26T23:39:18.639+0000] {dag.py:3096} INFO - Sync 1 DAGs
[2026-04-26T23:39:18.645+0000] {logging_mixin.py:188} INFO - [2026-04-26T23:39:18.645+0000] {dag.py:3954} INFO - Setting next_dagrun for tutorial_taskflow_api to None, run_after=None
[2026-04-26T23:39:18.667+0000] {processor.py:183} INFO - Processing /home/airflow/.local/lib/python3.12/site-packages/airflow/example_dags/tutorial_taskflow_api.py took 0.087 seconds
[2026-04-26T23:39:49.664+0000] {processor.py:161} INFO - Started process (PID=225) to work on /home/airflow/.local/lib/python3.12/site-packages/airflow/example_dags/tutorial_taskflow_api.py
[2026-04-26T23:39:49.673+0000] {processor.py:830} INFO - Processing file /home/airflow/.local/lib/python3.12/site-packages/airflow/example_dags/tutorial_taskflow_api.py for tasks to queue
[2026-04-26T23:39:49.675+0000] {logging_mixin.py:188} INFO - [2026-04-26T23:39:49.674+0000] {dagbag.py:545} INFO - Filling up the DagBag from /home/airflow/.local/lib/python3.12/site-packages/airflow/example_dags/tutorial_taskflow_api.py
[2026-04-26T23:39:49.679+0000] {processor.py:840} INFO - DAG(s) 'tutorial_taskflow_api' retrieved from /home/airflow/.local/lib/python3.12/site-packages/airflow/example_dags/tutorial_taskflow_api.py
[2026-04-26T23:39:49.692+0000] {logging_mixin.py:188} INFO - [2026-04-26T23:39:49.692+0000] {dag.py:3096} INFO - Sync 1 DAGs
[2026-04-26T23:39:49.702+0000] {logging_mixin.py:188} INFO - [2026-04-26T23:39:49.702+0000] {dag.py:3954} INFO - Setting next_dagrun for tutorial_taskflow_api to None, run_after=None
[2026-04-26T23:39:49.714+0000] {processor.py:183} INFO - Processing /home/airflow/.local/lib/python3.12/site-packages/airflow/example_dags/tutorial_taskflow_api.py took 0.054 seconds
[2026-04-26T23:40:20.504+0000] {processor.py:161} INFO - Started process (PID=284) to work on /home/airflow/.local/lib/python3.12/site-packages/airflow/example_dags/tutorial_taskflow_api.py
[2026-04-26T23:40:20.504+0000] {processor.py:830} INFO - Processing file /home/airflow/.local/lib/python3.12/site-packages/airflow/example_dags/tutorial_taskflow_api.py for tasks to queue
[2026-04-26T23:40:20.505+0000] {logging_mixin.py:188} INFO - [2026-04-26T23:40:20.505+0000] {dagbag.py:545} INFO - Filling up the DagBag from /home/airflow/.local/lib/python3.12/site-packages/airflow/example_dags/tutorial_taskflow_api.py
[2026-04-26T23:40:20.508+0000] {processor.py:840} INFO - DAG(s) 'tutorial_taskflow_api' retrieved from /home/airflow/.local/lib/python3.12/site-packages/airflow/example_dags/tutorial_taskflow_api.py
[2026-04-26T23:40:20.518+0000] {logging_mixin.py:188} INFO - [2026-04-26T23:40:20.518+0000] {dag.py:3096} INFO - Sync 1 DAGs
[2026-04-26T23:40:20.524+0000] {logging_mixin.py:188} INFO - [2026-04-26T23:40:20.524+0000] {dag.py:3954} INFO - Setting next_dagrun for tutorial_taskflow_api to None, run_after=None
[2026-04-26T23:40:20.534+0000] {processor.py:183} INFO - Processing /home/airflow/.local/lib/python3.12/site-packages/airflow/example_dags/tutorial_taskflow_api.py took 0.034 seconds
[2026-04-26T23:40:50.558+0000] {processor.py:161} INFO - Started process (PID=342) to work on /home/airflow/.local/lib/python3.12/site-packages/airflow/example_dags/tutorial_taskflow_api.py
[2026-04-26T23:40:50.559+0000] {processor.py:830} INFO - Processing file /home/airflow/.local/lib/python3.12/site-packages/airflow/example_dags/tutorial_taskflow_api.py for tasks to queue
[2026-04-26T23:40:50.559+0000] {logging_mixin.py:188} INFO - [2026-04-26T23:40:50.559+0000] {dagbag.py:545} INFO - Filling up the DagBag from /home/airflow/.local/lib/python3.12/site-packages/airflow/example_dags/tutorial_taskflow_api.py
[2026-04-26T23:40:50.563+0000] {processor.py:840} INFO - DAG(s) 'tutorial_taskflow_api' retrieved from /home/airflow/.local/lib/python3.12/site-packages/airflow/example_dags/tutorial_taskflow_api.py
[2026-04-26T23:40:50.574+0000] {logging_mixin.py:188} INFO - [2026-04-26T23:40:50.573+0000] {dag.py:3096} INFO - Sync 1 DAGs
[2026-04-26T23:40:50.580+0000] {logging_mixin.py:188} INFO - [2026-04-26T23:40:50.580+0000] {dag.py:3954} INFO - Setting next_dagrun for tutorial_taskflow_api to None, run_after=None
[2026-04-26T23:40:50.590+0000] {processor.py:183} INFO - Processing /home/airflow/.local/lib/python3.12/site-packages/airflow/example_dags/tutorial_taskflow_api.py took 0.036 seconds
[2026-04-26T23:41:21.526+0000] {processor.py:161} INFO - Started process (PID=402) to work on /home/airflow/.local/lib/python3.12/site-packages/airflow/example_dags/tutorial_taskflow_api.py
[2026-04-26T23:41:21.527+0000] {processor.py:830} INFO - Processing file /home/airflow/.local/lib/python3.12/site-packages/airflow/example_dags/tutorial_taskflow_api.py for tasks to queue
[2026-04-26T23:41:21.528+0000] {logging_mixin.py:188} INFO - [2026-04-26T23:41:21.528+0000] {dagbag.py:545} INFO - Filling up the DagBag from /home/airflow/.local/lib/python3.12/site-packages/airflow/example_dags/tutorial_taskflow_api.py
[2026-04-26T23:41:21.532+0000] {processor.py:840} INFO - DAG(s) 'tutorial_taskflow_api' retrieved from /home/airflow/.local/lib/python3.12/site-packages/airflow/example_dags/tutorial_taskflow_api.py
[2026-04-26T23:41:21.544+0000] {logging_mixin.py:188} INFO - [2026-04-26T23:41:21.543+0000] {dag.py:3096} INFO - Sync 1 DAGs
[2026-04-26T23:41:21.551+0000] {logging_mixin.py:188} INFO - [2026-04-26T23:41:21.551+0000] {dag.py:3954} INFO - Setting next_dagrun for tutorial_taskflow_api to None, run_after=None
[2026-04-26T23:41:21.562+0000] {processor.py:183} INFO - Processing /home/airflow/.local/lib/python3.12/site-packages/airflow/example_dags/tutorial_taskflow_api.py took 0.039 seconds
[2026-04-26T23:41:51.706+0000] {processor.py:161} INFO - Started process (PID=461) to work on /home/airflow/.local/lib/python3.12/site-packages/airflow/example_dags/tutorial_taskflow_api.py
[2026-04-26T23:41:51.707+0000] {processor.py:830} INFO - Processing file /home/airflow/.local/lib/python3.12/site-packages/airflow/example_dags/tutorial_taskflow_api.py for tasks to queue
[2026-04-26T23:41:51.708+0000] {logging_mixin.py:188} INFO - [2026-04-26T23:41:51.708+0000] {dagbag.py:545} INFO - Filling up the DagBag from /home/airflow/.local/lib/python3.12/site-packages/airflow/example_dags/tutorial_taskflow_api.py
[2026-04-26T23:41:51.711+0000] {processor.py:840} INFO - DAG(s) 'tutorial_taskflow_api' retrieved from /home/airflow/.local/lib/python3.12/site-packages/airflow/example_dags/tutorial_taskflow_api.py
[2026-04-26T23:41:51.722+0000] {logging_mixin.py:188} INFO - [2026-04-26T23:41:51.722+0000] {dag.py:3096} INFO - Sync 1 DAGs
[2026-04-26T23:41:51.729+0000] {logging_mixin.py:188} INFO - [2026-04-26T23:41:51.729+0000] {dag.py:3954} INFO - Setting next_dagrun for tutorial_taskflow_api to None, run_after=None
[2026-04-26T23:41:51.739+0000] {processor.py:183} INFO - Processing /home/airflow/.local/lib/python3.12/site-packages/airflow/example_dags/tutorial_taskflow_api.py took 0.036 seconds
[2026-04-26T23:42:21.856+0000] {processor.py:161} INFO - Started process (PID=520) to work on /home/airflow/.local/lib/python3.12/site-packages/airflow/example_dags/tutorial_taskflow_api.py
[2026-04-26T23:42:21.857+0000] {processor.py:830} INFO - Processing file /home/airflow/.local/lib/python3.12/site-packages/airflow/example_dags/tutorial_taskflow_api.py for tasks to queue
[2026-04-26T23:42:21.858+0000] {logging_mixin.py:188} INFO - [2026-04-26T23:42:21.858+0000] {dagbag.py:545} INFO - Filling up the DagBag from /home/airflow/.local/lib/python3.12/site-packages/airflow/example_dags/tutorial_taskflow_api.py
[2026-04-26T23:42:21.862+0000] {processor.py:840} INFO - DAG(s) 'tutorial_taskflow_api' retrieved from /home/airflow/.local/lib/python3.12/site-packages/airflow/example_dags/tutorial_taskflow_api.py
[2026-04-26T23:42:21.874+0000] {logging_mixin.py:188} INFO - [2026-04-26T23:42:21.873+0000] {dag.py:3096} INFO - Sync 1 DAGs
[2026-04-26T23:42:21.881+0000] {logging_mixin.py:188} INFO - [2026-04-26T23:42:21.881+0000] {dag.py:3954} INFO - Setting next_dagrun for tutorial_taskflow_api to None, run_after=None
[2026-04-26T23:42:21.892+0000] {processor.py:183} INFO - Processing /home/airflow/.local/lib/python3.12/site-packages/airflow/example_dags/tutorial_taskflow_api.py took 0.040 seconds
[2026-04-26T23:43:21.827+0000] {processor.py:161} INFO - Started process (PID=107) to work on /home/airflow/.local/lib/python3.12/site-packages/airflow/example_dags/tutorial_taskflow_api.py
[2026-04-26T23:43:21.827+0000] {processor.py:830} INFO - Processing file /home/airflow/.local/lib/python3.12/site-packages/airflow/example_dags/tutorial_taskflow_api.py for tasks to queue
[2026-04-26T23:43:21.828+0000] {logging_mixin.py:188} INFO - [2026-04-26T23:43:21.828+0000] {dagbag.py:545} INFO - Filling up the DagBag from /home/airflow/.local/lib/python3.12/site-packages/airflow/example_dags/tutorial_taskflow_api.py
[2026-04-26T23:43:21.832+0000] {processor.py:840} INFO - DAG(s) 'tutorial_taskflow_api' retrieved from /home/airflow/.local/lib/python3.12/site-packages/airflow/example_dags/tutorial_taskflow_api.py
[2026-04-26T23:43:21.838+0000] {logging_mixin.py:188} INFO - [2026-04-26T23:43:21.838+0000] {dag.py:3096} INFO - Sync 1 DAGs
[2026-04-26T23:43:21.846+0000] {logging_mixin.py:188} INFO - [2026-04-26T23:43:21.846+0000] {dag.py:3954} INFO - Setting next_dagrun for tutorial_taskflow_api to None, run_after=None
[2026-04-26T23:43:21.857+0000] {processor.py:183} INFO - Processing /home/airflow/.local/lib/python3.12/site-packages/airflow/example_dags/tutorial_taskflow_api.py took 0.034 seconds
[2026-04-26T23:43:53.697+0000] {processor.py:161} INFO - Started process (PID=166) to work on /home/airflow/.local/lib/python3.12/site-packages/airflow/example_dags/tutorial_taskflow_api.py
[2026-04-26T23:43:53.697+0000] {processor.py:830} INFO - Processing file /home/airflow/.local/lib/python3.12/site-packages/airflow/example_dags/tutorial_taskflow_api.py for tasks to queue
[2026-04-26T23:43:53.698+0000] {logging_mixin.py:188} INFO - [2026-04-26T23:43:53.698+0000] {dagbag.py:545} INFO - Filling up the DagBag from /home/airflow/.local/lib/python3.12/site-packages/airflow/example_dags/tutorial_taskflow_api.py
[2026-04-26T23:43:53.702+0000] {processor.py:840} INFO - DAG(s) 'tutorial_taskflow_api' retrieved from /home/airflow/.local/lib/python3.12/site-packages/airflow/example_dags/tutorial_taskflow_api.py
[2026-04-26T23:43:53.757+0000] {logging_mixin.py:188} INFO - [2026-04-26T23:43:53.757+0000] {dag.py:3096} INFO - Sync 1 DAGs
[2026-04-26T23:43:53.762+0000] {logging_mixin.py:188} INFO - [2026-04-26T23:43:53.762+0000] {dag.py:3954} INFO - Setting next_dagrun for tutorial_taskflow_api to None, run_after=None
[2026-04-26T23:43:53.800+0000] {processor.py:183} INFO - Processing /home/airflow/.local/lib/python3.12/site-packages/airflow/example_dags/tutorial_taskflow_api.py took 0.106 seconds
[2026-04-26T23:44:23.937+0000] {processor.py:161} INFO - Started process (PID=225) to work on /home/airflow/.local/lib/python3.12/site-packages/airflow/example_dags/tutorial_taskflow_api.py
[2026-04-26T23:44:23.937+0000] {processor.py:830} INFO - Processing file /home/airflow/.local/lib/python3.12/site-packages/airflow/example_dags/tutorial_taskflow_api.py for tasks to queue
[2026-04-26T23:44:23.938+0000] {logging_mixin.py:188} INFO - [2026-04-26T23:44:23.938+0000] {dagbag.py:545} INFO - Filling up the DagBag from /home/airflow/.local/lib/python3.12/site-packages/airflow/example_dags/tutorial_taskflow_api.py
[2026-04-26T23:44:23.942+0000] {processor.py:840} INFO - DAG(s) 'tutorial_taskflow_api' retrieved from /home/airflow/.local/lib/python3.12/site-packages/airflow/example_dags/tutorial_taskflow_api.py
[2026-04-26T23:44:23.954+0000] {logging_mixin.py:188} INFO - [2026-04-26T23:44:23.953+0000] {dag.py:3096} INFO - Sync 1 DAGs
[2026-04-26T23:44:23.961+0000] {logging_mixin.py:188} INFO - [2026-04-26T23:44:23.960+0000] {dag.py:3954} INFO - Setting next_dagrun for tutorial_taskflow_api to None, run_after=None
[2026-04-26T23:44:23.971+0000] {processor.py:183} INFO - Processing /home/airflow/.local/lib/python3.12/site-packages/airflow/example_dags/tutorial_taskflow_api.py took 0.037 seconds
[2026-04-26T23:44:54.101+0000] {processor.py:161} INFO - Started process (PID=284) to work on /home/airflow/.local/lib/python3.12/site-packages/airflow/example_dags/tutorial_taskflow_api.py
[2026-04-26T23:44:54.101+0000] {processor.py:830} INFO - Processing file /home/airflow/.local/lib/python3.12/site-packages/airflow/example_dags/tutorial_taskflow_api.py for tasks to queue
[2026-04-26T23:44:54.102+0000] {logging_mixin.py:188} INFO - [2026-04-26T23:44:54.102+0000] {dagbag.py:545} INFO - Filling up the DagBag from /home/airflow/.local/lib/python3.12/site-packages/airflow/example_dags/tutorial_taskflow_api.py
[2026-04-26T23:44:54.107+0000] {processor.py:840} INFO - DAG(s) 'tutorial_taskflow_api' retrieved from /home/airflow/.local/lib/python3.12/site-packages/airflow/example_dags/tutorial_taskflow_api.py
[2026-04-26T23:44:54.120+0000] {logging_mixin.py:188} INFO - [2026-04-26T23:44:54.119+0000] {dag.py:3096} INFO - Sync 1 DAGs
[2026-04-26T23:44:54.127+0000] {logging_mixin.py:188} INFO - [2026-04-26T23:44:54.127+0000] {dag.py:3954} INFO - Setting next_dagrun for tutorial_taskflow_api to None, run_after=None
[2026-04-26T23:44:54.139+0000] {processor.py:183} INFO - Processing /home/airflow/.local/lib/python3.12/site-packages/airflow/example_dags/tutorial_taskflow_api.py took 0.042 seconds
[2026-04-26T23:45:24.981+0000] {processor.py:161} INFO - Started process (PID=343) to work on /home/airflow/.local/lib/python3.12/site-packages/airflow/example_dags/tutorial_taskflow_api.py
[2026-04-26T23:45:24.981+0000] {processor.py:830} INFO - Processing file /home/airflow/.local/lib/python3.12/site-packages/airflow/example_dags/tutorial_taskflow_api.py for tasks to queue
[2026-04-26T23:45:24.982+0000] {logging_mixin.py:188} INFO - [2026-04-26T23:45:24.982+0000] {dagbag.py:545} INFO - Filling up the DagBag from /home/airflow/.local/lib/python3.12/site-packages/airflow/example_dags/tutorial_taskflow_api.py
[2026-04-26T23:45:24.986+0000] {processor.py:840} INFO - DAG(s) 'tutorial_taskflow_api' retrieved from /home/airflow/.local/lib/python3.12/site-packages/airflow/example_dags/tutorial_taskflow_api.py
[2026-04-26T23:45:24.998+0000] {logging_mixin.py:188} INFO - [2026-04-26T23:45:24.998+0000] {dag.py:3096} INFO - Sync 1 DAGs
[2026-04-26T23:45:25.005+0000] {logging_mixin.py:188} INFO - [2026-04-26T23:45:25.005+0000] {dag.py:3954} INFO - Setting next_dagrun for tutorial_taskflow_api to None, run_after=None
[2026-04-26T23:45:25.016+0000] {processor.py:183} INFO - Processing /home/airflow/.local/lib/python3.12/site-packages/airflow/example_dags/tutorial_taskflow_api.py took 0.039 seconds
[2026-04-26T23:45:55.736+0000] {processor.py:161} INFO - Started process (PID=402) to work on /home/airflow/.local/lib/python3.12/site-packages/airflow/example_dags/tutorial_taskflow_api.py
[2026-04-26T23:45:55.737+0000] {processor.py:830} INFO - Processing file /home/airflow/.local/lib/python3.12/site-packages/airflow/example_dags/tutorial_taskflow_api.py for tasks to queue
[2026-04-26T23:45:55.738+0000] {logging_mixin.py:188} INFO - [2026-04-26T23:45:55.738+0000] {dagbag.py:545} INFO - Filling up the DagBag from /home/airflow/.local/lib/python3.12/site-packages/airflow/example_dags/tutorial_taskflow_api.py
[2026-04-26T23:45:55.742+0000] {processor.py:840} INFO - DAG(s) 'tutorial_taskflow_api' retrieved from /home/airflow/.local/lib/python3.12/site-packages/airflow/example_dags/tutorial_taskflow_api.py
[2026-04-26T23:45:55.754+0000] {logging_mixin.py:188} INFO - [2026-04-26T23:45:55.753+0000] {dag.py:3096} INFO - Sync 1 DAGs
[2026-04-26T23:45:55.761+0000] {logging_mixin.py:188} INFO - [2026-04-26T23:45:55.761+0000] {dag.py:3954} INFO - Setting next_dagrun for tutorial_taskflow_api to None, run_after=None
[2026-04-26T23:45:55.771+0000] {processor.py:183} INFO - Processing /home/airflow/.local/lib/python3.12/site-packages/airflow/example_dags/tutorial_taskflow_api.py took 0.039 seconds
[2026-04-26T23:46:26.550+0000] {processor.py:161} INFO - Started process (PID=461) to work on /home/airflow/.local/lib/python3.12/site-packages/airflow/example_dags/tutorial_taskflow_api.py
[2026-04-26T23:46:26.551+0000] {processor.py:830} INFO - Processing file /home/airflow/.local/lib/python3.12/site-packages/airflow/example_dags/tutorial_taskflow_api.py for tasks to queue
[2026-04-26T23:46:26.552+0000] {logging_mixin.py:188} INFO - [2026-04-26T23:46:26.551+0000] {dagbag.py:545} INFO - Filling up the DagBag from /home/airflow/.local/lib/python3.12/site-packages/airflow/example_dags/tutorial_taskflow_api.py
[2026-04-26T23:46:26.555+0000] {processor.py:840} INFO - DAG(s) 'tutorial_taskflow_api' retrieved from /home/airflow/.local/lib/python3.12/site-packages/airflow/example_dags/tutorial_taskflow_api.py
[2026-04-26T23:46:26.568+0000] {logging_mixin.py:188} INFO - [2026-04-26T23:46:26.568+0000] {dag.py:3096} INFO - Sync 1 DAGs
[2026-04-26T23:46:26.576+0000] {logging_mixin.py:188} INFO - [2026-04-26T23:46:26.576+0000] {dag.py:3954} INFO - Setting next_dagrun for tutorial_taskflow_api to None, run_after=None
[2026-04-26T23:46:26.586+0000] {processor.py:183} INFO - Processing /home/airflow/.local/lib/python3.12/site-packages/airflow/example_dags/tutorial_taskflow_api.py took 0.040 seconds
[2026-04-26T23:46:57.371+0000] {processor.py:161} INFO - Started process (PID=520) to work on /home/airflow/.local/lib/python3.12/site-packages/airflow/example_dags/tutorial_taskflow_api.py
[2026-04-26T23:46:57.372+0000] {processor.py:830} INFO - Processing file /home/airflow/.local/lib/python3.12/site-packages/airflow/example_dags/tutorial_taskflow_api.py for tasks to queue
[2026-04-26T23:46:57.373+0000] {logging_mixin.py:188} INFO - [2026-04-26T23:46:57.373+0000] {dagbag.py:545} INFO - Filling up the DagBag from /home/airflow/.local/lib/python3.12/site-packages/airflow/example_dags/tutorial_taskflow_api.py
[2026-04-26T23:46:57.377+0000] {processor.py:840} INFO - DAG(s) 'tutorial_taskflow_api' retrieved from /home/airflow/.local/lib/python3.12/site-packages/airflow/example_dags/tutorial_taskflow_api.py
[2026-04-26T23:46:57.390+0000] {logging_mixin.py:188} INFO - [2026-04-26T23:46:57.390+0000] {dag.py:3096} INFO - Sync 1 DAGs
[2026-04-26T23:46:57.398+0000] {logging_mixin.py:188} INFO - [2026-04-26T23:46:57.397+0000] {dag.py:3954} INFO - Setting next_dagrun for tutorial_taskflow_api to None, run_after=None
[2026-04-26T23:46:57.408+0000] {processor.py:183} INFO - Processing /home/airflow/.local/lib/python3.12/site-packages/airflow/example_dags/tutorial_taskflow_api.py took 0.040 seconds
[2026-04-26T23:47:27.769+0000] {processor.py:161} INFO - Started process (PID=579) to work on /home/airflow/.local/lib/python3.12/site-packages/airflow/example_dags/tutorial_taskflow_api.py
[2026-04-26T23:47:27.769+0000] {processor.py:830} INFO - Processing file /home/airflow/.local/lib/python3.12/site-packages/airflow/example_dags/tutorial_taskflow_api.py for tasks to queue
[2026-04-26T23:47:27.771+0000] {logging_mixin.py:188} INFO - [2026-04-26T23:47:27.770+0000] {dagbag.py:545} INFO - Filling up the DagBag from /home/airflow/.local/lib/python3.12/site-packages/airflow/example_dags/tutorial_taskflow_api.py
[2026-04-26T23:47:27.775+0000] {processor.py:840} INFO - DAG(s) 'tutorial_taskflow_api' retrieved from /home/airflow/.local/lib/python3.12/site-packages/airflow/example_dags/tutorial_taskflow_api.py
[2026-04-26T23:47:27.786+0000] {logging_mixin.py:188} INFO - [2026-04-26T23:47:27.786+0000] {dag.py:3096} INFO - Sync 1 DAGs
[2026-04-26T23:47:27.795+0000] {logging_mixin.py:188} INFO - [2026-04-26T23:47:27.795+0000] {dag.py:3954} INFO - Setting next_dagrun for tutorial_taskflow_api to None, run_after=None
[2026-04-26T23:47:27.805+0000] {processor.py:183} INFO - Processing /home/airflow/.local/lib/python3.12/site-packages/airflow/example_dags/tutorial_taskflow_api.py took 0.040 seconds
[2026-04-26T23:47:57.889+0000] {processor.py:161} INFO - Started process (PID=638) to work on /home/airflow/.local/lib/python3.12/site-packages/airflow/example_dags/tutorial_taskflow_api.py
[2026-04-26T23:47:57.889+0000] {processor.py:830} INFO - Processing file /home/airflow/.local/lib/python3.12/site-packages/airflow/example_dags/tutorial_taskflow_api.py for tasks to queue
[2026-04-26T23:47:57.890+0000] {logging_mixin.py:188} INFO - [2026-04-26T23:47:57.890+0000] {dagbag.py:545} INFO - Filling up the DagBag from /home/airflow/.local/lib/python3.12/site-packages/airflow/example_dags/tutorial_taskflow_api.py
[2026-04-26T23:47:57.894+0000] {processor.py:840} INFO - DAG(s) 'tutorial_taskflow_api' retrieved from /home/airflow/.local/lib/python3.12/site-packages/airflow/example_dags/tutorial_taskflow_api.py
[2026-04-26T23:47:57.905+0000] {logging_mixin.py:188} INFO - [2026-04-26T23:47:57.905+0000] {dag.py:3096} INFO - Sync 1 DAGs
[2026-04-26T23:47:57.911+0000] {logging_mixin.py:188} INFO - [2026-04-26T23:47:57.911+0000] {dag.py:3954} INFO - Setting next_dagrun for tutorial_taskflow_api to None, run_after=None
[2026-04-26T23:47:57.920+0000] {processor.py:183} INFO - Processing /home/airflow/.local/lib/python3.12/site-packages/airflow/example_dags/tutorial_taskflow_api.py took 0.035 seconds
[2026-04-26T23:48:27.979+0000] {processor.py:161} INFO - Started process (PID=697) to work on /home/airflow/.local/lib/python3.12/site-packages/airflow/example_dags/tutorial_taskflow_api.py
[2026-04-26T23:48:27.980+0000] {processor.py:830} INFO - Processing file /home/airflow/.local/lib/python3.12/site-packages/airflow/example_dags/tutorial_taskflow_api.py for tasks to queue
[2026-04-26T23:48:27.981+0000] {logging_mixin.py:188} INFO - [2026-04-26T23:48:27.981+0000] {dagbag.py:545} INFO - Filling up the DagBag from /home/airflow/.local/lib/python3.12/site-packages/airflow/example_dags/tutorial_taskflow_api.py
[2026-04-26T23:48:27.984+0000] {processor.py:840} INFO - DAG(s) 'tutorial_taskflow_api' retrieved from /home/airflow/.local/lib/python3.12/site-packages/airflow/example_dags/tutorial_taskflow_api.py
[2026-04-26T23:48:27.995+0000] {logging_mixin.py:188} INFO - [2026-04-26T23:48:27.995+0000] {dag.py:3096} INFO - Sync 1 DAGs
[2026-04-26T23:48:28.002+0000] {logging_mixin.py:188} INFO - [2026-04-26T23:48:28.002+0000] {dag.py:3954} INFO - Setting next_dagrun for tutorial_taskflow_api to None, run_after=None
[2026-04-26T23:48:28.011+0000] {processor.py:183} INFO - Processing /home/airflow/.local/lib/python3.12/site-packages/airflow/example_dags/tutorial_taskflow_api.py took 0.035 seconds
[2026-04-26T23:48:58.926+0000] {processor.py:161} INFO - Started process (PID=756) to work on /home/airflow/.local/lib/python3.12/site-packages/airflow/example_dags/tutorial_taskflow_api.py
[2026-04-26T23:48:58.927+0000] {processor.py:830} INFO - Processing file /home/airflow/.local/lib/python3.12/site-packages/airflow/example_dags/tutorial_taskflow_api.py for tasks to queue
[2026-04-26T23:48:58.928+0000] {logging_mixin.py:188} INFO - [2026-04-26T23:48:58.928+0000] {dagbag.py:545} INFO - Filling up the DagBag from /home/airflow/.local/lib/python3.12/site-packages/airflow/example_dags/tutorial_taskflow_api.py
[2026-04-26T23:48:58.932+0000] {processor.py:840} INFO - DAG(s) 'tutorial_taskflow_api' retrieved from /home/airflow/.local/lib/python3.12/site-packages/airflow/example_dags/tutorial_taskflow_api.py
[2026-04-26T23:48:58.943+0000] {logging_mixin.py:188} INFO - [2026-04-26T23:48:58.943+0000] {dag.py:3096} INFO - Sync 1 DAGs
[2026-04-26T23:48:58.951+0000] {logging_mixin.py:188} INFO - [2026-04-26T23:48:58.950+0000] {dag.py:3954} INFO - Setting next_dagrun for tutorial_taskflow_api to None, run_after=None
[2026-04-26T23:48:58.961+0000] {processor.py:183} INFO - Processing /home/airflow/.local/lib/python3.12/site-packages/airflow/example_dags/tutorial_taskflow_api.py took 0.039 seconds
[2026-04-26T23:49:29.232+0000] {processor.py:161} INFO - Started process (PID=815) to work on /home/airflow/.local/lib/python3.12/site-packages/airflow/example_dags/tutorial_taskflow_api.py
[2026-04-26T23:49:29.233+0000] {processor.py:830} INFO - Processing file /home/airflow/.local/lib/python3.12/site-packages/airflow/example_dags/tutorial_taskflow_api.py for tasks to queue
[2026-04-26T23:49:29.234+0000] {logging_mixin.py:188} INFO - [2026-04-26T23:49:29.233+0000] {dagbag.py:545} INFO - Filling up the DagBag from /home/airflow/.local/lib/python3.12/site-packages/airflow/example_dags/tutorial_taskflow_api.py
[2026-04-26T23:49:29.237+0000] {processor.py:840} INFO - DAG(s) 'tutorial_taskflow_api' retrieved from /home/airflow/.local/lib/python3.12/site-packages/airflow/example_dags/tutorial_taskflow_api.py
[2026-04-26T23:49:29.247+0000] {logging_mixin.py:188} INFO - [2026-04-26T23:49:29.247+0000] {dag.py:3096} INFO - Sync 1 DAGs
[2026-04-26T23:49:29.254+0000] {logging_mixin.py:188} INFO - [2026-04-26T23:49:29.254+0000] {dag.py:3954} INFO - Setting next_dagrun for tutorial_taskflow_api to None, run_after=None
[2026-04-26T23:49:29.263+0000] {processor.py:183} INFO - Processing /home/airflow/.local/lib/python3.12/site-packages/airflow/example_dags/tutorial_taskflow_api.py took 0.034 seconds
[2026-04-26T23:50:04.763+0000] {processor.py:161} INFO - Started process (PID=107) to work on /home/airflow/.local/lib/python3.12/site-packages/airflow/example_dags/tutorial_taskflow_api.py
[2026-04-26T23:50:04.764+0000] {processor.py:830} INFO - Processing file /home/airflow/.local/lib/python3.12/site-packages/airflow/example_dags/tutorial_taskflow_api.py for tasks to queue
[2026-04-26T23:50:04.765+0000] {logging_mixin.py:188} INFO - [2026-04-26T23:50:04.765+0000] {dagbag.py:545} INFO - Filling up the DagBag from /home/airflow/.local/lib/python3.12/site-packages/airflow/example_dags/tutorial_taskflow_api.py
[2026-04-26T23:50:04.769+0000] {processor.py:840} INFO - DAG(s) 'tutorial_taskflow_api' retrieved from /home/airflow/.local/lib/python3.12/site-packages/airflow/example_dags/tutorial_taskflow_api.py
[2026-04-26T23:50:04.775+0000] {logging_mixin.py:188} INFO - [2026-04-26T23:50:04.775+0000] {dag.py:3096} INFO - Sync 1 DAGs
[2026-04-26T23:50:04.783+0000] {logging_mixin.py:188} INFO - [2026-04-26T23:50:04.783+0000] {dag.py:3954} INFO - Setting next_dagrun for tutorial_taskflow_api to None, run_after=None
[2026-04-26T23:50:04.792+0000] {processor.py:183} INFO - Processing /home/airflow/.local/lib/python3.12/site-packages/airflow/example_dags/tutorial_taskflow_api.py took 0.032 seconds
[2026-04-26T23:50:36.848+0000] {processor.py:161} INFO - Started process (PID=166) to work on /home/airflow/.local/lib/python3.12/site-packages/airflow/example_dags/tutorial_taskflow_api.py
[2026-04-26T23:50:36.849+0000] {processor.py:830} INFO - Processing file /home/airflow/.local/lib/python3.12/site-packages/airflow/example_dags/tutorial_taskflow_api.py for tasks to queue
[2026-04-26T23:50:36.850+0000] {logging_mixin.py:188} INFO - [2026-04-26T23:50:36.850+0000] {dagbag.py:545} INFO - Filling up the DagBag from /home/airflow/.local/lib/python3.12/site-packages/airflow/example_dags/tutorial_taskflow_api.py
[2026-04-26T23:50:36.855+0000] {processor.py:840} INFO - DAG(s) 'tutorial_taskflow_api' retrieved from /home/airflow/.local/lib/python3.12/site-packages/airflow/example_dags/tutorial_taskflow_api.py
[2026-04-26T23:50:36.924+0000] {logging_mixin.py:188} INFO - [2026-04-26T23:50:36.923+0000] {dag.py:3096} INFO - Sync 1 DAGs
[2026-04-26T23:50:36.933+0000] {logging_mixin.py:188} INFO - [2026-04-26T23:50:36.933+0000] {dag.py:3954} INFO - Setting next_dagrun for tutorial_taskflow_api to None, run_after=None
[2026-04-26T23:50:36.958+0000] {processor.py:183} INFO - Processing /home/airflow/.local/lib/python3.12/site-packages/airflow/example_dags/tutorial_taskflow_api.py took 0.114 seconds
[2026-04-26T23:51:06.983+0000] {processor.py:161} INFO - Started process (PID=225) to work on /home/airflow/.local/lib/python3.12/site-packages/airflow/example_dags/tutorial_taskflow_api.py
[2026-04-26T23:51:06.983+0000] {processor.py:830} INFO - Processing file /home/airflow/.local/lib/python3.12/site-packages/airflow/example_dags/tutorial_taskflow_api.py for tasks to queue
[2026-04-26T23:51:06.985+0000] {logging_mixin.py:188} INFO - [2026-04-26T23:51:06.984+0000] {dagbag.py:545} INFO - Filling up the DagBag from /home/airflow/.local/lib/python3.12/site-packages/airflow/example_dags/tutorial_taskflow_api.py
[2026-04-26T23:51:06.988+0000] {processor.py:840} INFO - DAG(s) 'tutorial_taskflow_api' retrieved from /home/airflow/.local/lib/python3.12/site-packages/airflow/example_dags/tutorial_taskflow_api.py
[2026-04-26T23:51:07.000+0000] {logging_mixin.py:188} INFO - [2026-04-26T23:51:07.000+0000] {dag.py:3096} INFO - Sync 1 DAGs
[2026-04-26T23:51:07.007+0000] {logging_mixin.py:188} INFO - [2026-04-26T23:51:07.007+0000] {dag.py:3954} INFO - Setting next_dagrun for tutorial_taskflow_api to None, run_after=None
[2026-04-26T23:51:07.017+0000] {processor.py:183} INFO - Processing /home/airflow/.local/lib/python3.12/site-packages/airflow/example_dags/tutorial_taskflow_api.py took 0.038 seconds
[2026-04-26T23:51:37.337+0000] {processor.py:161} INFO - Started process (PID=284) to work on /home/airflow/.local/lib/python3.12/site-packages/airflow/example_dags/tutorial_taskflow_api.py
[2026-04-26T23:51:37.337+0000] {processor.py:830} INFO - Processing file /home/airflow/.local/lib/python3.12/site-packages/airflow/example_dags/tutorial_taskflow_api.py for tasks to queue
[2026-04-26T23:51:37.339+0000] {logging_mixin.py:188} INFO - [2026-04-26T23:51:37.338+0000] {dagbag.py:545} INFO - Filling up the DagBag from /home/airflow/.local/lib/python3.12/site-packages/airflow/example_dags/tutorial_taskflow_api.py
[2026-04-26T23:51:37.343+0000] {processor.py:840} INFO - DAG(s) 'tutorial_taskflow_api' retrieved from /home/airflow/.local/lib/python3.12/site-packages/airflow/example_dags/tutorial_taskflow_api.py
[2026-04-26T23:51:37.356+0000] {logging_mixin.py:188} INFO - [2026-04-26T23:51:37.356+0000] {dag.py:3096} INFO - Sync 1 DAGs
[2026-04-26T23:51:37.367+0000] {logging_mixin.py:188} INFO - [2026-04-26T23:51:37.367+0000] {dag.py:3954} INFO - Setting next_dagrun for tutorial_taskflow_api to None, run_after=None
[2026-04-26T23:51:37.386+0000] {processor.py:183} INFO - Processing /home/airflow/.local/lib/python3.12/site-packages/airflow/example_dags/tutorial_taskflow_api.py took 0.053 seconds
[2026-04-26T23:52:08.335+0000] {processor.py:161} INFO - Started process (PID=343) to work on /home/airflow/.local/lib/python3.12/site-packages/airflow/example_dags/tutorial_taskflow_api.py
[2026-04-26T23:52:08.335+0000] {processor.py:830} INFO - Processing file /home/airflow/.local/lib/python3.12/site-packages/airflow/example_dags/tutorial_taskflow_api.py for tasks to queue
[2026-04-26T23:52:08.336+0000] {logging_mixin.py:188} INFO - [2026-04-26T23:52:08.336+0000] {dagbag.py:545} INFO - Filling up the DagBag from /home/airflow/.local/lib/python3.12/site-packages/airflow/example_dags/tutorial_taskflow_api.py
[2026-04-26T23:52:08.339+0000] {processor.py:840} INFO - DAG(s) 'tutorial_taskflow_api' retrieved from /home/airflow/.local/lib/python3.12/site-packages/airflow/example_dags/tutorial_taskflow_api.py
[2026-04-26T23:52:08.351+0000] {logging_mixin.py:188} INFO - [2026-04-26T23:52:08.351+0000] {dag.py:3096} INFO - Sync 1 DAGs
[2026-04-26T23:52:08.358+0000] {logging_mixin.py:188} INFO - [2026-04-26T23:52:08.358+0000] {dag.py:3954} INFO - Setting next_dagrun for tutorial_taskflow_api to None, run_after=None
[2026-04-26T23:52:08.367+0000] {processor.py:183} INFO - Processing /home/airflow/.local/lib/python3.12/site-packages/airflow/example_dags/tutorial_taskflow_api.py took 0.036 seconds
[2026-04-26T23:52:38.518+0000] {processor.py:161} INFO - Started process (PID=402) to work on /home/airflow/.local/lib/python3.12/site-packages/airflow/example_dags/tutorial_taskflow_api.py
[2026-04-26T23:52:38.518+0000] {processor.py:830} INFO - Processing file /home/airflow/.local/lib/python3.12/site-packages/airflow/example_dags/tutorial_taskflow_api.py for tasks to queue
[2026-04-26T23:52:38.519+0000] {logging_mixin.py:188} INFO - [2026-04-26T23:52:38.519+0000] {dagbag.py:545} INFO - Filling up the DagBag from /home/airflow/.local/lib/python3.12/site-packages/airflow/example_dags/tutorial_taskflow_api.py
[2026-04-26T23:52:38.523+0000] {processor.py:840} INFO - DAG(s) 'tutorial_taskflow_api' retrieved from /home/airflow/.local/lib/python3.12/site-packages/airflow/example_dags/tutorial_taskflow_api.py
[2026-04-26T23:52:38.534+0000] {logging_mixin.py:188} INFO - [2026-04-26T23:52:38.534+0000] {dag.py:3096} INFO - Sync 1 DAGs
[2026-04-26T23:52:38.541+0000] {logging_mixin.py:188} INFO - [2026-04-26T23:52:38.541+0000] {dag.py:3954} INFO - Setting next_dagrun for tutorial_taskflow_api to None, run_after=None
[2026-04-26T23:52:38.551+0000] {processor.py:183} INFO - Processing /home/airflow/.local/lib/python3.12/site-packages/airflow/example_dags/tutorial_taskflow_api.py took 0.036 seconds
[2026-04-26T23:53:09.527+0000] {processor.py:161} INFO - Started process (PID=461) to work on /home/airflow/.local/lib/python3.12/site-packages/airflow/example_dags/tutorial_taskflow_api.py
[2026-04-26T23:53:09.527+0000] {processor.py:830} INFO - Processing file /home/airflow/.local/lib/python3.12/site-packages/airflow/example_dags/tutorial_taskflow_api.py for tasks to queue
[2026-04-26T23:53:09.528+0000] {logging_mixin.py:188} INFO - [2026-04-26T23:53:09.528+0000] {dagbag.py:545} INFO - Filling up the DagBag from /home/airflow/.local/lib/python3.12/site-packages/airflow/example_dags/tutorial_taskflow_api.py
[2026-04-26T23:53:09.532+0000] {processor.py:840} INFO - DAG(s) 'tutorial_taskflow_api' retrieved from /home/airflow/.local/lib/python3.12/site-packages/airflow/example_dags/tutorial_taskflow_api.py
[2026-04-26T23:53:09.543+0000] {logging_mixin.py:188} INFO - [2026-04-26T23:53:09.543+0000] {dag.py:3096} INFO - Sync 1 DAGs
[2026-04-26T23:53:09.550+0000] {logging_mixin.py:188} INFO - [2026-04-26T23:53:09.549+0000] {dag.py:3954} INFO - Setting next_dagrun for tutorial_taskflow_api to None, run_after=None
[2026-04-26T23:53:09.559+0000] {processor.py:183} INFO - Processing /home/airflow/.local/lib/python3.12/site-packages/airflow/example_dags/tutorial_taskflow_api.py took 0.036 seconds
[2026-04-26T23:53:39.735+0000] {processor.py:161} INFO - Started process (PID=520) to work on /home/airflow/.local/lib/python3.12/site-packages/airflow/example_dags/tutorial_taskflow_api.py
[2026-04-26T23:53:39.735+0000] {processor.py:830} INFO - Processing file /home/airflow/.local/lib/python3.12/site-packages/airflow/example_dags/tutorial_taskflow_api.py for tasks to queue
[2026-04-26T23:53:39.736+0000] {logging_mixin.py:188} INFO - [2026-04-26T23:53:39.736+0000] {dagbag.py:545} INFO - Filling up the DagBag from /home/airflow/.local/lib/python3.12/site-packages/airflow/example_dags/tutorial_taskflow_api.py
[2026-04-26T23:53:39.739+0000] {processor.py:840} INFO - DAG(s) 'tutorial_taskflow_api' retrieved from /home/airflow/.local/lib/python3.12/site-packages/airflow/example_dags/tutorial_taskflow_api.py
[2026-04-26T23:53:39.750+0000] {logging_mixin.py:188} INFO - [2026-04-26T23:53:39.750+0000] {dag.py:3096} INFO - Sync 1 DAGs
[2026-04-26T23:53:39.756+0000] {logging_mixin.py:188} INFO - [2026-04-26T23:53:39.756+0000] {dag.py:3954} INFO - Setting next_dagrun for tutorial_taskflow_api to None, run_after=None
[2026-04-26T23:53:39.764+0000] {processor.py:183} INFO - Processing /home/airflow/.local/lib/python3.12/site-packages/airflow/example_dags/tutorial_taskflow_api.py took 0.033 seconds
